frame,time_sec,face_detected,left_iris_center_x_px,left_iris_center_y_px,right_iris_center_x_px,right_iris_center_y_px,iris_center_x_px,iris_center_y_px,left_iris_x_norm,left_iris_y_norm,right_iris_x_norm,right_iris_y_norm,iris_x_norm,iris_y_norm
1,0.033333,0,,,,,,,,,,,,
2,0.066667,0,,,,,,,,,,,,
3,0.1,1,547.267761,420.007292,456.704597,414.261732,501.986179,417.134512,2.685424,2.612387,-2.098193,0.797668,0.293616,1.705028
4,0.133333,1,552.722673,418.070222,456.382837,414.437331,504.552755,416.253777,2.795681,1.488453,-1.943431,1.421482,0.426125,1.454968
5,0.166667,1,555.745449,419.369291,455.675364,414.634119,505.710406,417.001705,2.758147,1.807166,-2.045151,1.838172,0.356498,1.822669
6,0.2,1,554.821835,418.334345,456.238394,414.158628,505.530114,416.246486,2.748553,1.399155,-1.941363,2.057796,0.403595,1.728476
7,0.233333,1,555.660992,419.505976,456.170778,414.399437,505.915885,416.952707,2.709676,1.219563,-1.939823,1.43489,0.384926,1.327227
8,0.266667,1,554.013166,418.658774,456.447582,414.468842,505.230374,416.563808,2.68346,1.153108,-1.920765,2.252092,0.381347,1.7026
9,0.3,1,555.166025,420.150962,455.887785,414.717718,505.526905,417.43434,2.720764,1.187163,-1.953842,1.748144,0.383461,1.467654
10,0.333333,1,556.52648,420.848068,455.71825,414.599948,506.122365,417.724008,2.779552,1.533351,-1.966002,1.586698,0.406775,1.560025
11,0.366667,1,554.744463,418.506328,456.313334,414.452319,505.528898,416.479324,2.761819,1.047997,-1.902248,2.118933,0.429785,1.583465
12,0.4,1,553.877392,417.937292,456.474581,414.366306,505.175986,416.151799,2.706994,1.068485,-1.947136,2.20971,0.379929,1.639097
13,0.433333,1,555.372658,421.026156,455.087032,414.831208,505.229845,417.928682,2.832761,1.740109,-1.978578,1.880896,0.427092,1.810503
14,0.466667,1,554.467478,419.826822,455.940742,414.27539,505.20411,417.051106,2.742383,1.343782,-1.965109,2.129358,0.388637,1.73657
15,0.5,1,554.863482,420.346946,455.858192,414.606643,505.360837,417.476794,2.651929,1.463436,-1.956986,1.441774,0.347472,1.452605
16,0.533333,1,554.410582,419.857882,455.448112,414.499269,504.929347,417.178575,2.65671,1.512925,-2.011873,1.672975,0.322418,1.59295
17,0.566667,1,554.303207,418.649493,455.678883,415.739758,504.991045,417.194626,2.670535,1.283458,-1.983326,1.84212,0.343604,1.562789
18,0.6,1,552.660465,415.205215,460.233955,418.174667,506.44721,416.689941,2.55943,-65.320996,-1.909293,2.609097,0.325069,-31.355949
19,0.633333,1,553.036594,415.276734,459.153728,418.817786,506.095161,417.04726,2.758098,-64.001133,-1.833383,2.266163,0.462358,-30.867485
20,0.666667,1,552.728748,416.706308,456.306715,416.741767,504.517732,416.724038,2.846642,4.058582,-1.903479,2.059755,0.471581,3.059168
21,0.7,1,553.68845,419.949474,455.106907,416.555278,504.397678,418.252376,2.859713,2.725704,-2.018031,1.664578,0.420841,2.195141
22,0.733333,1,554.753389,422.851828,454.689779,416.205003,504.721584,419.528416,2.916038,2.509594,-1.995675,1.040975,0.460182,1.775284
23,0.766667,1,554.445248,423.379709,455.723934,415.317289,505.084591,419.348499,2.804708,3.116598,-1.980363,1.102288,0.412172,2.109443
24,0.8,1,553.470898,422.968429,455.562725,415.06868,504.516811,419.018555,2.747505,2.456309,-1.974644,1.364441,0.38643,1.910375
25,0.833333,1,553.813868,422.82565,455.009356,414.995027,504.411612,418.910338,2.816145,2.931043,-1.950698,1.838238,0.432723,2.384641
26,0.866667,1,553.893766,421.59031,454.527092,415.268569,504.210429,418.42944,2.840921,2.338202,-2.022116,1.989345,0.409403,2.163773
27,0.9,1,552.842836,422.777499,454.640989,415.025196,503.741913,418.901348,2.811206,2.418089,-1.982341,2.218138,0.414433,2.318114
28,0.933333,1,553.344469,421.264132,454.240789,415.227338,503.792629,418.245735,2.785706,2.04129,-2.024981,2.145653,0.380363,2.093472
29,0.966667,1,553.52438,422.827334,454.122095,415.104579,503.823237,418.965957,2.79847,1.946198,-2.002238,2.246168,0.398116,2.096183
30,1.0,1,553.37966,422.253277,454.312334,414.89572,503.845997,418.574499,2.784443,1.979981,-2.01016,1.995421,0.387141,1.987701
31,1.033333,1,553.89369,422.613047,454.083633,414.981594,503.988662,418.797321,2.78144,1.781438,-2.028029,2.185172,0.376706,1.983305
32,1.066667,1,552.521,422.414746,454.099693,414.789537,503.310347,418.602142,2.772658,2.100481,-1.914677,2.095326,0.42899,2.097903
33,1.1,1,553.083181,422.126881,453.59437,415.190678,503.338776,418.658779,2.774789,1.62663,-1.972409,2.448354,0.40119,2.037492
34,1.133333,1,552.320499,421.851976,453.496733,414.603564,502.908616,418.22777,2.774475,1.941286,-1.942537,2.368133,0.415969,2.154709
35,1.166667,1,553.110933,420.835462,453.326731,414.570315,503.218832,417.702888,2.826515,1.490338,-2.032207,2.220816,0.397154,1.855577
36,1.2,1,552.984676,418.884122,453.421354,413.747349,503.203015,416.315736,2.762312,1.673102,-2.013892,2.514171,0.37421,2.093636
37,1.233333,1,554.27702,417.285526,453.385868,413.463678,503.831444,415.374602,2.846686,1.498452,-2.02307,1.67556,0.411808,1.587006
38,1.266667,1,552.691698,418.037381,453.692446,412.381064,503.192072,415.209222,2.688268,1.620038,-1.999268,1.767031,0.3445,1.693534
39,1.3,1,553.352776,418.360748,453.770895,412.155511,503.561835,415.25813,2.758532,1.712522,-1.983917,2.112484,0.387308,1.912503
40,1.333333,1,553.820114,416.035638,453.358583,412.454009,503.589349,414.244823,2.818187,1.415509,-2.069193,1.735607,0.374497,1.575558
41,1.366667,1,554.506474,416.519938,452.91955,412.244797,503.713012,414.382367,2.838384,1.474128,-2.063798,1.796842,0.387293,1.635485
42,1.4,1,553.73106,416.133571,453.419409,412.195551,503.575234,414.164561,2.726169,1.35909,-1.989672,1.83579,0.368249,1.59744
43,1.433333,1,554.319201,417.584517,453.55835,412.365528,503.938775,414.975023,2.726042,1.169554,-2.038968,1.565432,0.343537,1.367493
44,1.466667,1,554.090767,417.278101,453.549023,412.509284,503.819895,414.893693,2.698756,1.036557,-2.025378,1.672438,0.336689,1.354497
45,1.5,1,554.429541,417.237804,453.596954,412.64421,504.013247,414.941007,2.701856,0.958271,-2.043181,1.854464,0.329337,1.406368
46,1.533333,1,554.999828,417.755234,453.593998,412.711458,504.296913,415.233346,2.677305,0.820682,-2.044401,1.293395,0.316452,1.057038
47,1.566667,1,555.559359,418.037843,453.676834,412.615296,504.618096,415.326569,2.744759,1.295482,-1.998128,1.270464,0.373316,1.282973
48,1.6,1,553.861065,419.505837,452.924709,413.025513,503.392887,416.265675,2.844694,1.413441,-1.959306,1.683515,0.442694,1.548478
49,1.633333,1,554.739218,419.716691,453.837271,412.3074,504.288244,416.012045,2.757939,1.791854,-1.995842,0.832421,0.381048,1.312138
50,1.666667,1,554.74412,419.733149,453.590546,412.759084,504.167333,416.246116,2.767453,2.021424,-2.004035,0.786949,0.381709,1.404186
51,1.7,1,554.545813,420.030026,453.451347,413.026907,503.99858,416.528467,2.762535,1.952692,-2.000983,0.522788,0.380776,1.23774
52,1.733333,1,556.009369,418.973322,453.460035,413.499159,504.734702,416.23624,2.838544,2.098288,-2.042749,1.69014,0.397897,1.894214
53,1.766667,1,555.774632,419.568225,453.641615,413.687525,504.708123,416.627875,2.786534,1.048887,-2.001113,1.404188,0.39271,1.226537
54,1.8,1,557.662592,418.04075,454.04705,413.282232,505.854821,415.661491,2.786466,0.869771,-2.113713,2.766841,0.336376,1.818306
55,1.833333,1,551.253262,410.962315,454.176378,412.594106,502.71482,411.77821,2.813164,1.207607,-2.292656,3.846192,0.260254,2.5269
56,1.866667,1,563.549795,410.694276,454.453564,413.78034,509.001679,412.237308,2.87002,2.674563,-2.41868,1.800955,0.22567,2.237759
57,1.9,1,556.765604,410.453521,446.7167,414.965587,501.741152,412.709554,3.113272,1.615876,-2.103419,6.571531,0.504926,4.093703
58,1.933333,1,556.708393,409.222934,454.902916,418.282385,505.805655,413.75266,3.069922,-4.930052,-1.826357,2.009222,0.621783,-1.460415
59,1.966667,1,562.686062,413.044428,455.758352,414.021814,509.222207,413.533121,3.061268,1.083664,-1.811422,2.615772,0.624923,1.849718
60,2.0,1,561.60037,413.570827,454.706469,413.494599,508.153419,413.532713,2.838664,0.729949,-1.96607,2.815939,0.436297,1.772944
61,2.033333,1,561.883602,413.210349,455.957947,413.580655,508.920774,413.395502,2.888968,0.671377,-1.941226,2.128727,0.473871,1.400052
62,2.066667,1,562.851334,413.89708,456.866121,413.726803,509.858727,413.811942,2.904473,0.562272,-1.888139,2.38974,0.508167,1.476006
63,2.1,1,562.028666,413.796605,456.474543,413.637078,509.251604,413.716841,2.844497,0.539875,-1.87844,2.350387,0.483029,1.445131
64,2.133333,1,562.123289,413.737693,456.689272,413.498011,509.406281,413.617852,2.878607,1.129061,-1.879024,2.701563,0.499792,1.915312
65,2.166667,1,562.251568,414.367068,456.301155,413.564594,509.276361,413.965831,2.891126,1.281371,-1.889129,2.656008,0.500999,1.968689
66,2.2,1,562.925043,414.131581,456.734257,413.708285,509.82965,413.919933,2.878371,1.087754,-1.881007,2.534888,0.498682,1.811321
67,2.233333,1,563.03628,413.7116,456.571074,413.614258,509.803677,413.662929,2.974226,0.733701,-1.897898,2.303433,0.538164,1.518567
68,2.266667,1,561.710587,413.889549,456.481657,413.423949,509.096122,413.656749,2.911992,1.25018,-1.872549,1.743562,0.519721,1.496871
69,2.3,1,562.253399,413.912466,456.471281,413.585966,509.36234,413.749216,2.886434,1.014136,-1.939536,1.405881,0.473449,1.210009
70,2.333333,1,563.173275,413.985926,456.745872,413.475941,509.959574,413.730934,2.943258,1.012727,-1.885777,1.504487,0.52874,1.258607
71,2.366667,1,563.500261,414.051307,457.359877,413.517151,510.430069,413.784229,2.888409,1.491291,-1.899412,1.375907,0.494499,1.433599
72,2.4,1,562.839003,413.990024,457.754412,413.584539,510.296707,413.787282,2.937737,1.163592,-1.833587,1.284142,0.552075,1.223867
73,2.433333,1,563.367205,414.068795,458.061295,413.923591,510.71425,413.996193,2.919323,0.979294,-1.76058,1.801796,0.579372,1.390545
74,2.466667,1,564.542246,414.350513,458.562565,414.119564,511.552405,414.235039,2.926833,0.787824,-1.733757,1.9355,0.596538,1.361662
75,2.5,1,564.910784,414.855337,459.639082,413.577147,512.274933,414.216242,2.830332,1.411238,-1.78568,1.697741,0.522326,1.554489
76,2.533333,1,565.807505,415.339229,459.88121,413.468474,512.844357,414.403852,2.807106,1.95442,-1.874245,1.782673,0.466431,1.868547
77,2.566667,1,566.383877,415.687315,460.247679,413.401194,513.315778,414.544255,2.853809,1.806376,-1.853376,2.068155,0.500217,1.937265
78,2.6,1,566.649971,415.780506,460.343819,413.072827,513.496895,414.426666,2.85184,1.72851,-1.889102,2.08288,0.481369,1.905695
79,2.633333,1,566.434088,415.626118,460.346231,413.023109,513.39016,414.324614,2.855854,1.657196,-1.880343,2.04231,0.487755,1.849753
80,2.666667,1,566.52235,415.557679,460.446396,413.043644,513.484373,414.300662,2.867801,1.551079,-1.850837,1.988866,0.508482,1.769973
81,2.7,1,566.460705,415.63983,460.50828,412.984861,513.484492,414.312345,2.864292,1.646221,-1.84335,1.840576,0.510471,1.743398
82,2.733333,1,565.968046,415.584072,460.878801,413.075209,513.423424,414.32964,2.884319,1.607403,-1.758334,1.781939,0.562992,1.694671
83,2.766667,1,566.714039,415.807897,460.975151,413.283799,513.844595,414.545848,2.83538,2.306637,-1.94254,1.318613,0.44642,1.812625
84,2.8,1,565.636301,416.150297,461.003504,413.207012,513.319902,414.678655,2.861927,2.320989,-1.793955,2.144742,0.533986,2.232865
85,2.833333,1,563.214512,412.784768,460.618296,413.53039,511.916404,413.157579,2.918723,1.472223,-1.946027,3.371102,0.486348,2.421663
86,2.866667,1,545.306578,404.250838,461.39534,414.494494,503.350959,409.372666,2.400733,0.392016,-1.657551,5.735071,0.371591,3.063544
87,2.9,0,,,,,,,,,,,,
88,2.933333,0,,,,,,,,,,,,
89,2.966667,0,,,,,,,,,,,,
90,3.0,0,,,,,,,,,,,,
91,3.033333,0,,,,,,,,,,,,
92,3.066667,0,,,,,,,,,,,,
93,3.1,0,,,,,,,,,,,,
94,3.133333,0,,,,,,,,,,,,
95,3.166667,0,,,,,,,,,,,,
96,3.2,0,,,,,,,,,,,,
97,3.233333,0,,,,,,,,,,,,
98,3.266667,0,,,,,,,,,,,,
99,3.3,0,,,,,,,,,,,,
100,3.333333,1,570.150261,416.172677,463.343801,411.350677,516.747031,413.761677,2.993172,1.287857,-2.174355,1.77898,0.409408,1.533418
101,3.366667,1,569.084005,416.374165,462.380371,411.456721,515.732188,413.915443,2.922119,1.256733,-1.947881,1.648507,0.487119,1.45262
102,3.4,1,567.853298,415.538925,461.161118,411.891882,514.507208,413.715404,2.91817,1.763235,-1.841731,1.964092,0.538219,1.863664
103,3.433333,1,564.76079,417.143358,460.527124,413.294259,512.643957,415.218809,2.851052,2.499129,-1.906803,3.915914,0.472124,3.207522
104,3.466667,1,558.958368,418.658752,461.977568,416.611712,510.467968,417.635232,2.726063,8.047961,-1.757165,5.276252,0.484449,6.662107
105,3.5,1,562.039013,415.873568,459.973269,414.456192,511.006141,415.16488,2.824307,14.208482,-1.854331,4.416934,0.484988,9.312708
106,3.533333,1,562.298212,412.609963,457.986832,412.862831,510.142522,412.736397,2.876307,8.05257,-1.931543,2.295442,0.472382,5.174006
107,3.566667,1,561.972256,411.450959,456.31422,412.194779,509.143238,411.822869,2.886896,2.254636,-1.983378,2.027864,0.451759,2.14125
108,3.6,1,561.354218,411.047394,455.37096,411.609896,508.362589,411.328645,2.855594,1.68803,-2.002321,1.781015,0.426636,1.734522
109,3.633333,1,561.169786,410.964417,455.171614,411.596603,508.1707,411.28051,2.885411,1.648749,-1.989407,1.755506,0.448002,1.702127
110,3.666667,1,560.884666,411.185292,454.440203,411.655011,507.662435,411.420152,2.894533,1.762411,-1.977054,1.675459,0.458739,1.718935
111,3.7,1,560.931253,411.55298,454.118538,412.6713,507.524896,412.11214,2.867811,1.394805,-1.972549,1.58528,0.447631,1.490043
112,3.733333,1,560.711651,412.339414,453.765955,414.056597,507.238803,413.198006,2.881592,1.224092,-1.93328,1.785915,0.474156,1.505003
113,3.766667,1,560.630808,412.630177,453.996563,414.816005,507.313685,413.723091,2.85643,1.298767,-1.889677,1.633154,0.483377,1.465961
114,3.8,1,560.644836,412.884665,453.659,414.784023,507.151918,413.834344,2.856654,1.168825,-1.913444,1.633509,0.471605,1.401167
115,3.833333,1,560.696278,412.819422,453.256054,414.782166,506.976166,413.800794,2.850428,1.183345,-1.921819,1.660077,0.464305,1.421711
116,3.866667,1,560.578594,412.847972,453.005762,414.670951,506.792178,413.759462,2.856518,1.051935,-1.92079,1.638312,0.467864,1.345123
117,3.9,1,560.411272,413.043183,452.685118,414.738382,506.548195,413.890783,2.853374,1.092926,-1.936865,1.75038,0.458254,1.421653
118,3.933333,1,559.908314,413.353772,452.307835,414.970951,506.108074,414.162362,2.848033,1.005002,-1.928472,1.665713,0.45978,1.335358
119,3.966667,1,559.523964,413.795564,451.942043,415.265307,505.733004,414.530436,2.850266,1.176255,-1.932539,1.744556,0.458864,1.460406
120,4.0,1,559.061508,414.288973,451.267338,415.48571,505.164423,414.887341,2.853964,1.034354,-1.929922,1.71904,0.462021,1.376697
121,4.033333,1,558.509398,414.495835,450.812569,415.928553,504.660983,415.212194,2.854094,1.134602,-1.92666,1.868639,0.463717,1.501621
122,4.066667,1,557.944365,414.896021,450.476093,416.174641,504.210229,415.535331,2.866393,1.069177,-1.922126,1.894294,0.472133,1.481736
123,4.1,1,557.62639,415.081469,450.053673,416.359584,503.840032,415.720527,2.863113,1.209985,-1.934764,2.036512,0.464175,1.623249
124,4.133333,1,557.107468,415.183414,449.712133,416.763943,503.409801,415.973679,2.846473,1.084157,-1.928222,2.067892,0.459126,1.576024
125,4.166667,1,557.302952,415.349572,449.829769,416.715685,503.56636,416.032628,2.839986,1.341961,-1.91742,1.944787,0.461283,1.643374
126,4.2,1,557.77566,415.270683,449.998684,416.777794,503.887172,416.024238,2.849992,1.372972,-1.921405,1.960478,0.464294,1.666725
127,4.233333,1,558.24255,415.131369,450.624895,416.501752,504.433722,415.81656,2.864612,1.299909,-1.919626,1.88148,0.472493,1.590694
128,4.266667,1,558.805313,414.834791,450.958138,416.347064,504.881725,415.590928,2.882507,1.16178,-1.912817,1.930411,0.484845,1.546095
129,4.3,1,559.292879,414.619421,451.776934,416.2846,505.534906,415.452011,2.864054,1.133681,-1.911804,1.795354,0.476125,1.464517
130,4.333333,1,559.61195,414.422858,452.237968,416.054885,505.924959,415.238872,2.865403,1.083679,-1.90528,1.754033,0.480061,1.418856
131,4.366667,1,559.801483,414.147288,452.209663,415.67826,506.005573,414.912774,2.860946,1.343782,-1.907228,1.72356,0.476859,1.533671
132,4.4,1,559.729366,414.063506,452.406149,415.385427,506.067758,414.724467,2.850018,1.40745,-1.901733,1.700197,0.474142,1.553824
133,4.433333,1,559.20434,413.972225,452.160702,415.13919,505.682521,414.555708,2.845492,1.457713,-1.914161,1.772172,0.465665,1.614943
134,4.466667,1,558.769999,413.75061,451.970625,414.904711,505.370312,414.327661,2.848528,1.38328,-1.914171,1.814432,0.467178,1.598856
135,4.5,1,557.89135,413.696837,451.311636,414.840167,504.601493,414.268502,2.839493,1.55093,-1.912311,1.769391,0.463591,1.66016
136,4.533333,1,556.340523,413.654652,450.672007,414.797444,503.506265,414.226048,2.82794,1.800199,-1.879119,1.798493,0.474411,1.799346
137,4.566667,1,555.522356,413.575602,449.108868,415.251532,502.315612,414.413567,2.855147,1.825294,-1.897102,1.914685,0.479022,1.86999
138,4.6,1,554.283752,413.747617,447.906885,415.44346,501.095319,414.595538,2.857181,1.715244,-1.881506,2.064489,0.487837,1.889866
139,4.633333,1,553.428936,413.991312,446.919518,415.77585,500.174227,414.883581,2.830955,1.842794,-1.854726,1.841272,0.488115,1.842033
140,4.666667,1,551.963177,413.976163,445.7267,416.285588,498.844938,415.130875,2.838598,1.669508,-1.790155,1.90339,0.524221,1.786449
141,4.7,1,551.652937,414.433705,445.378008,416.83308,498.515472,415.633392,2.823831,1.779658,-1.816239,1.777969,0.503796,1.778814
142,4.733333,1,551.346931,414.826187,444.915113,416.99427,498.131022,415.910228,2.819571,1.825923,-1.835261,1.741796,0.492155,1.783859
143,4.766667,1,551.424284,415.293868,444.996233,417.42101,498.210258,416.357439,2.828197,1.596261,-1.835178,1.790322,0.49651,1.693292
144,4.8,1,551.564226,415.793767,445.003262,417.767454,498.283744,416.780611,2.822575,1.337551,-1.838785,1.821778,0.491895,1.579664
145,4.833333,1,551.873255,416.191807,445.532608,418.405745,498.702931,417.298776,2.840493,1.241163,-1.837826,1.949105,0.501333,1.595134
146,4.866667,1,553.263874,416.454803,445.972662,418.573812,499.618268,417.514307,2.836863,1.10048,-1.830335,1.920877,0.503264,1.510678
147,4.9,1,554.809351,416.338288,447.589254,418.349515,501.199303,417.343901,2.881763,1.128779,-1.86066,1.934463,0.510552,1.531621
148,4.933333,1,556.883364,415.579394,450.141058,418.51976,503.512211,417.049577,2.892448,0.970723,-1.83137,2.071351,0.530539,1.521037
149,4.966667,1,558.608608,415.26858,451.921091,418.023713,505.26485,416.646146,2.876019,1.282134,-1.906201,1.907542,0.484909,1.594838
150,5.0,1,560.629473,414.68918,454.553633,416.607903,507.591553,415.648541,2.883244,1.296811,-1.844772,1.794193,0.519236,1.545502
151,5.033333,1,563.694763,413.499212,457.205353,416.066923,510.450058,414.783068,2.817797,1.112724,-1.840469,2.020716,0.488664,1.56672
152,5.066667,1,566.513109,412.416362,461.026974,414.224718,513.770041,413.32054,2.832733,0.864559,-1.832902,1.991023,0.499915,1.427791
153,5.1,1,569.268007,411.404858,463.924637,413.350714,516.596322,412.377786,2.854382,1.331552,-1.843483,1.712602,0.50545,1.522077
154,5.133333,1,571.43815,410.3802,465.907879,411.661985,518.673015,411.021093,2.828716,0.988177,-1.906296,1.645722,0.46121,1.31695
155,5.166667,1,572.844801,410.127193,467.41189,410.865884,520.128345,410.496538,2.816351,1.207288,-1.859055,1.584918,0.478648,1.396103
156,5.2,1,574.059763,410.450399,467.202959,410.838697,520.631361,410.644548,2.738804,1.86886,-1.907727,1.563016,0.415538,1.715938
157,5.233333,1,574.352512,411.33291,467.614355,411.174155,520.983434,411.253533,2.77093,1.756136,-1.879157,1.528208,0.445886,1.642172
158,5.266667,1,574.700537,412.833606,467.215786,412.147905,520.958161,412.490755,2.747609,2.050801,-1.918397,1.476795,0.414606,1.763798
159,5.3,1,574.402428,414.884949,466.966133,414.137224,520.68428,414.511086,2.828571,1.485143,-1.930588,1.416415,0.448992,1.450779
160,5.333333,1,573.809071,417.068181,466.113434,415.921204,519.961252,416.494693,2.851803,1.416974,-1.93191,1.488885,0.459946,1.452929
161,5.366667,1,572.940264,418.56818,465.799618,417.04564,519.369941,417.80691,2.820861,1.506884,-1.96267,1.667258,0.429095,1.587071
162,5.4,1,572.495451,419.779347,464.985533,418.286988,518.740492,419.033167,2.878122,1.488723,-1.906086,1.614685,0.486018,1.551704
163,5.433333,1,571.133442,420.683831,463.507786,419.611076,517.320614,420.147454,2.803105,1.53229,-1.925794,1.798346,0.438656,1.665318
164,5.466667,1,569.732304,421.150074,462.63669,420.1159,516.184497,420.632987,2.79778,1.772961,-1.87964,1.708827,0.45907,1.740894
165,5.5,1,568.708372,421.884366,460.949707,421.356733,514.82904,421.62055,2.813413,1.753339,-1.921158,1.642563,0.446128,1.697951
166,5.533333,1,568.121824,422.233311,460.076504,422.531594,514.099164,422.382452,2.850102,1.440077,-1.929584,1.665152,0.460259,1.552614
167,5.566667,1,567.260294,422.406356,459.642591,423.276561,513.451443,422.841459,2.861961,1.495022,-1.924029,1.700001,0.468966,1.597512
168,5.6,1,566.339207,422.297212,458.796015,423.60599,512.567611,422.951601,2.869928,1.638705,-1.938282,1.664093,0.465823,1.651399
169,5.633333,1,565.698471,422.465773,458.119593,423.694707,511.909032,423.08024,2.86478,1.68731,-1.950336,1.590079,0.457222,1.638694
170,5.666667,1,565.564194,422.415701,458.079491,423.711702,511.821842,423.063701,2.867294,1.655293,-1.927483,1.587254,0.469906,1.621273
171,5.7,1,565.689526,422.910258,457.988958,424.118829,511.839242,423.514543,2.883946,1.721449,-1.952754,1.573526,0.465596,1.647488
172,5.733333,1,566.271648,423.682562,458.379688,424.804434,512.325668,424.243498,2.907281,1.545768,-1.944766,1.678608,0.481258,1.612188
173,5.766667,1,566.900978,424.156948,459.022207,425.111783,512.961593,424.634365,2.857428,1.529734,-1.918987,1.808213,0.469221,1.668973
174,5.8,1,567.671375,424.204724,459.950571,425.087965,513.810973,424.646344,2.82753,1.517229,-1.916894,1.784906,0.455318,1.651068
175,5.833333,1,568.538113,424.108948,462.189121,426.305505,515.363617,425.207226,2.891057,0.730598,-1.921772,2.326137,0.484642,1.528368
176,5.866667,1,566.08079,423.782319,465.762482,424.95012,515.921636,424.36622,2.886575,-0.30459,-1.915899,2.4964,0.485338,1.095905
177,5.9,1,568.361731,419.673872,463.195934,420.275567,515.778832,419.974719,2.925481,1.729032,-2.048539,2.85102,0.438471,2.290026
178,5.933333,1,567.823486,414.630096,462.449436,414.631727,515.136461,414.630911,2.851565,1.419084,-1.985309,1.906467,0.433128,1.662776
179,5.966667,1,566.410255,410.369171,461.465092,410.210856,513.937674,410.290014,2.942629,1.739582,-2.005697,2.007621,0.468466,1.873601
180,6.0,1,565.046082,407.626204,459.469824,407.193521,512.257953,407.409863,2.908225,0.920839,-2.003491,1.934005,0.452367,1.427422
181,6.033333,1,564.382133,405.986356,458.863182,405.421922,511.622658,405.704139,2.977018,0.87978,-1.978296,1.987407,0.499361,1.433594
182,6.066667,1,564.003677,405.460396,458.873682,404.476733,511.43868,404.968565,2.944595,0.915291,-1.934142,1.937548,0.505226,1.42642
183,6.1,1,564.079342,405.375155,458.945761,404.966247,511.512551,405.170701,2.917608,0.90496,-1.942673,2.130403,0.487468,1.517682
184,6.133333,1,564.833937,405.78548,459.025345,405.455385,511.929641,405.620432,2.907121,1.079996,-1.943507,2.112312,0.481807,1.596154
185,6.166667,1,565.411644,406.24329,459.014206,406.249148,512.212925,406.246219,2.929867,1.000666,-1.982594,1.907175,0.473637,1.45392
186,6.2,1,565.752439,406.530211,459.213305,408.348609,512.482872,407.43941,2.938589,0.941828,-1.951127,1.935702,0.493731,1.438765
187,6.233333,1,566.913748,407.31421,459.238749,410.021535,513.076248,408.667873,2.955298,0.943876,-1.974862,1.852787,0.490218,1.398331
188,6.266667,1,566.386251,407.358928,459.009466,410.061876,512.697859,408.710402,2.939065,1.149085,-1.980787,1.863385,0.479139,1.506235
189,6.3,1,567.408581,408.196721,460.438671,411.504775,513.923626,409.850748,2.907425,1.233696,-1.960398,1.689389,0.473514,1.461542
190,6.333333,1,568.372097,408.865492,461.226397,411.597097,514.799247,410.231295,2.90144,1.216917,-1.944826,1.60128,0.478307,1.409098
191,6.366667,1,569.062023,409.462337,462.064962,411.799496,515.563493,410.630917,2.888298,1.35372,-1.957412,1.469172,0.465443,1.411446
192,6.4,1,569.557295,409.876986,462.778616,411.89097,516.167955,410.883978,2.870075,1.371073,-1.925438,1.391339,0.472318,1.381206
193,6.433333,1,570.015497,409.82906,462.769899,411.75583,516.392698,410.792445,2.856503,1.533925,-1.945692,1.491105,0.455405,1.512515
194,6.466667,1,570.017328,409.951122,462.96936,411.818186,516.493344,410.884654,2.859534,1.541174,-1.930467,1.602439,0.464533,1.571807
195,6.5,1,569.62575,410.472479,463.176107,412.75255,516.400928,411.612514,2.837424,1.390504,-1.92914,1.736211,0.454142,1.563357
196,6.533333,1,569.294968,411.207275,462.815351,413.398608,516.05516,412.302942,2.826625,1.395875,-1.913423,1.678694,0.456601,1.537285
197,6.566667,1,568.817329,411.773779,462.667894,413.845249,515.742612,412.809514,2.822789,1.669402,-1.926977,1.739558,0.447906,1.70448
198,6.6,1,568.59726,412.53455,461.937609,414.20076,515.267434,413.367655,2.824795,1.603107,-1.913873,1.636345,0.455461,1.619726
199,6.633333,1,568.114433,412.961279,461.722641,414.397688,514.918537,413.679484,2.80061,1.727025,-1.906794,1.614884,0.446908,1.670955
200,6.666667,1,568.016834,413.559498,461.110239,414.797627,514.563537,414.178562,2.808308,1.869719,-1.88772,1.552588,0.460294,1.711153
201,6.7,1,567.864456,413.75635,460.86153,414.86436,514.362993,414.310355,2.80698,1.873336,-1.896745,1.552188,0.455118,1.712762
202,6.733333,1,567.917213,413.876063,460.822916,414.974588,514.370065,414.425325,2.798098,1.884342,-1.902756,1.559995,0.447671,1.722168
203,6.766667,1,568.235464,413.809651,460.897942,414.544716,514.566703,414.177184,2.809152,1.850455,-1.906225,1.548265,0.451463,1.69936
204,6.8,1,568.597918,413.835744,461.151028,414.27789,514.874473,414.056817,2.803193,1.775214,-1.886001,1.486101,0.458596,1.630657
205,6.833333,1,569.176331,413.754634,461.599264,413.851569,515.387797,413.803101,2.814836,1.776665,-1.886003,1.465364,0.464417,1.621015
206,6.866667,1,569.651213,413.741126,461.949072,413.684446,515.800142,413.712786,2.820067,1.719715,-1.898034,1.494757,0.461016,1.607236
207,6.9,1,570.530968,413.660349,462.644968,413.29206,516.587968,413.476204,2.829589,1.781443,-1.897023,1.472466,0.466283,1.626954
208,6.933333,1,571.222,413.463217,463.308935,413.534242,517.265468,413.498729,2.84701,1.563284,-1.892179,1.376664,0.477416,1.469974
209,6.966667,1,572.23896,413.500135,463.82782,412.935015,518.03339,413.217575,2.864653,1.465252,-1.894793,1.449833,0.48493,1.457543
210,7.0,1,572.939539,413.0823,464.872866,413.0321,518.906202,413.0572,2.872545,1.362627,-1.876261,1.572918,0.498142,1.467772
211,7.033333,1,573.894758,412.724268,466.156626,412.338374,520.025692,412.531321,2.82954,1.421758,-1.886374,1.653861,0.471583,1.537809
212,7.066667,1,575.054741,412.796034,467.831392,410.872171,521.443067,411.834102,2.839867,1.714772,-1.842355,1.431363,0.498756,1.573067
213,7.1,1,576.048317,412.123582,468.471365,411.032814,522.259841,411.578198,2.806179,1.939542,-1.833564,1.439878,0.486307,1.68971
214,7.133333,1,576.788797,411.788092,470.060768,409.42395,523.424783,410.606021,2.834589,1.680635,-1.857909,1.352473,0.48834,1.516554
215,7.166667,1,577.900362,411.30464,470.559025,409.629858,524.229693,410.467249,2.806375,1.996311,-1.870252,1.379887,0.468062,1.688099
216,7.2,1,578.265686,410.949322,471.463165,408.863175,524.864426,409.906248,2.814371,1.903474,-1.886017,1.29719,0.464177,1.600332
217,7.233333,1,579.066839,410.838429,472.154665,408.505089,525.610752,409.671759,2.810569,1.942522,-1.850815,1.444988,0.479877,1.693755
218,7.266667,1,579.379683,410.797734,472.62394,408.662932,526.001811,409.730333,2.80003,1.883311,-1.85335,1.493271,0.47334,1.688291
219,7.3,1,579.723759,411.086694,472.882347,408.742229,526.303053,409.914461,2.809844,1.940268,-1.843949,1.548811,0.482948,1.74454
220,7.333333,1,579.895315,411.195431,473.009777,408.904781,526.452546,410.050106,2.800593,1.911369,-1.85413,1.59285,0.473231,1.752109
221,7.366667,1,579.884863,411.51794,473.086061,408.929908,526.485462,410.223924,2.784011,1.987477,-1.848609,1.543282,0.467701,1.765379
222,7.4,1,579.961529,411.974108,473.125134,409.278735,526.543331,410.626422,2.788315,1.957432,-1.842269,1.435181,0.473023,1.696306
223,7.433333,1,579.790468,412.420106,472.973547,409.789749,526.382008,411.104928,2.781177,2.007088,-1.864006,1.438902,0.458586,1.722995
224,7.466667,1,579.491301,412.757818,472.608604,410.232003,526.049953,411.49491,2.784378,1.972246,-1.850153,1.446947,0.467113,1.709596
225,7.5,1,579.241705,413.153797,472.312975,410.413706,525.77734,411.783752,2.793247,1.929421,-1.856563,1.39994,0.468342,1.664681
226,7.533333,1,579.053888,413.423499,471.916103,410.910226,525.484996,412.166862,2.795995,1.933705,-1.861638,1.412469,0.467178,1.673087
227,7.566667,1,578.594112,413.609215,471.201916,411.571316,524.898014,412.590265,2.787564,1.867108,-1.864932,1.364782,0.461316,1.615945
228,7.6,1,578.233109,413.871127,471.318007,411.275071,524.775558,412.573099,2.806679,1.814707,-1.881962,1.365028,0.462358,1.589867
229,7.633333,1,578.025761,413.784996,470.735588,411.725178,524.380674,412.755087,2.799505,1.935661,-1.883164,1.322766,0.458171,1.629214
230,7.666667,1,577.568607,413.966206,471.008787,411.877023,524.288697,412.921615,2.805744,1.796871,-1.888897,1.320857,0.458424,1.558864
231,7.7,1,577.275677,413.974811,469.792147,412.168525,523.533912,413.071668,2.808252,1.948061,-1.858947,1.363872,0.474653,1.655966
232,7.733333,1,576.952782,414.241573,469.496002,412.334887,523.224392,413.28823,2.827342,1.869139,-1.873183,1.341073,0.477079,1.605106
233,7.766667,1,576.278019,414.034678,468.552837,412.643598,522.415428,413.339138,2.815997,1.714817,-1.862956,1.324712,0.476521,1.519765
234,7.8,1,575.757246,413.98363,467.802572,412.902603,521.779909,413.443117,2.816077,1.623889,-1.885077,1.36989,0.4655,1.49689
235,7.833333,1,575.144625,413.685443,467.136421,412.981085,521.140523,413.333264,2.82235,1.545437,-1.872792,1.420271,0.474779,1.482854
236,7.866667,1,574.666986,413.397878,466.283445,413.091602,520.475216,413.24474,2.824167,1.526773,-1.875312,1.398719,0.474427,1.462746
237,7.9,1,574.316092,413.390186,465.91568,412.965506,520.115886,413.177846,2.828966,1.515081,-1.875674,1.519631,0.476646,1.517356
238,7.933333,1,573.880157,413.304076,465.528564,413.196466,519.704361,413.250271,2.853896,1.415167,-1.890211,1.576183,0.481842,1.495675
239,7.966667,1,573.38563,412.966611,464.967489,412.988412,519.176559,412.977512,2.82084,1.517292,-1.894139,1.560818,0.46335,1.539055
240,8.0,1,572.918682,412.770896,464.726362,413.068128,518.822522,412.919512,2.848411,1.43739,-1.901502,1.536485,0.473455,1.486937
241,8.033333,1,572.520657,412.645283,464.238672,413.215628,518.379664,412.930455,2.842324,1.456421,-1.902669,1.545824,0.469827,1.501122
242,8.066667,1,572.194881,412.577305,463.950729,413.347785,518.072805,412.962545,2.831444,1.364236,-1.900243,1.550442,0.465601,1.457339
243,8.1,1,571.799955,412.713014,463.853836,413.51419,517.826896,413.113602,2.825498,1.37885,-1.887916,1.530382,0.468791,1.454616
244,8.133333,1,571.575708,412.686385,463.518267,413.656712,517.546988,413.171548,2.804646,1.507746,-1.892924,1.55782,0.455861,1.532783
245,8.166667,1,571.230421,413.012531,463.12171,413.814436,517.176065,413.413484,2.822567,1.651533,-1.884609,1.467137,0.468979,1.559335
246,8.2,1,570.923576,413.035244,462.88394,414.036909,516.903758,413.536077,2.817532,1.637378,-1.86855,1.430085,0.474491,1.533731
247,8.233333,1,570.526943,413.156844,462.500935,414.295217,516.513939,413.726031,2.803225,1.738548,-1.896942,1.503568,0.453141,1.621058
248,8.266667,1,570.149536,413.351444,462.244778,414.606557,516.197157,413.979,2.800172,1.757728,-1.899922,1.519451,0.450125,1.638589
249,8.3,1,568.987398,413.8691,460.678797,415.033157,514.833097,414.451128,2.783643,2.184048,-1.94035,1.406474,0.421646,1.795261
250,8.333333,1,568.11018,413.89973,460.313005,415.269985,514.211593,414.584858,2.783552,2.124234,-1.934529,1.327887,0.424511,1.72606
251,8.366667,1,567.632055,414.199183,459.775295,415.381372,513.703675,414.790277,2.792699,2.189226,-1.935613,1.286297,0.428543,1.737761
252,8.4,1,567.094736,414.243976,459.498758,415.579147,513.296747,414.911562,2.758808,2.29505,-1.922206,1.378803,0.418301,1.836927
253,8.433333,1,566.589794,414.596214,458.743572,415.792834,512.666683,415.194524,2.748144,2.263723,-1.923432,1.286058,0.412356,1.77489
254,8.466667,1,566.18144,414.695102,458.244228,416.006166,512.212834,415.350634,2.736878,2.300696,-1.921742,1.255587,0.407568,1.778142
255,8.5,1,565.673609,414.703288,457.773323,416.231042,511.723466,415.467165,2.73893,2.277828,-1.923301,1.254273,0.407815,1.766051
256,8.533333,1,565.672083,415.002548,457.289677,416.267563,511.48088,415.635055,2.738175,2.344093,-1.91394,1.220988,0.412117,1.782541
257,8.566667,1,565.422344,415.030882,456.858053,416.561683,511.140199,415.796283,2.726392,2.378179,-1.891402,1.177521,0.417495,1.77785
258,8.6,1,565.280657,415.412636,456.564207,416.820141,510.922432,416.116388,2.724222,2.298155,-1.910053,1.183808,0.407084,1.740982
259,8.633333,1,565.025892,415.614477,456.439543,417.095851,510.732718,416.355164,2.732887,2.197633,-1.898446,1.155222,0.41722,1.676427
260,8.666667,1,564.382696,415.6204,456.544676,417.373685,510.463686,416.497042,2.716236,2.06549,-1.89902,1.114572,0.408608,1.590031
261,8.7,1,564.801979,415.8889,456.26564,417.752734,510.53381,416.820817,2.750302,2.071653,-1.922711,1.162835,0.413795,1.617244
262,8.733333,1,567.0961,416.573946,461.793518,417.890739,514.444809,417.232343,2.776207,1.246185,-1.862655,1.929087,0.456776,1.587636
263,8.766667,1,570.445375,418.500448,465.404816,418.566238,517.925096,418.533343,2.852516,1.396484,-1.80111,1.755239,0.525703,1.575861
264,8.8,1,572.833385,419.108151,467.58687,419.777641,520.210128,419.442896,2.918218,1.150075,-1.699987,1.776666,0.609115,1.46337
265,8.833333,1,574.404631,420.203555,468.505449,420.303365,521.45504,420.25346,2.95463,1.59085,-1.724237,1.830373,0.615196,1.710612
266,8.866667,1,573.932791,420.461283,469.138613,420.740705,521.535702,420.600994,2.947855,1.587992,-1.653976,1.821832,0.646939,1.704912
267,8.9,1,574.13558,421.132489,469.590015,420.950089,521.862798,421.041289,2.935847,1.819961,-1.629553,1.812298,0.653147,1.81613
268,8.933333,1,574.929428,421.433111,470.610285,421.349781,522.769856,421.391446,2.892012,1.645594,-1.649433,2.051238,0.621289,1.848416
269,8.966667,1,576.296129,421.991655,471.257811,421.773763,523.77697,421.882709,2.845743,1.446052,-1.696791,2.008373,0.574476,1.727213
270,9.0,1,577.609358,422.729927,472.12697,422.090145,524.868164,422.410036,2.866295,1.541319,-1.708101,2.104271,0.579097,1.822795
271,9.033333,1,580.860033,423.812252,474.883099,423.0494,527.871566,423.430826,2.971518,2.17667,-1.665077,2.370555,0.65322,2.273612
272,9.066667,1,581.130047,425.198976,477.321777,423.974397,529.225912,424.586686,2.873285,2.039467,-1.628912,2.362043,0.622186,2.200755
273,9.1,1,582.505541,426.317865,478.924932,425.036434,530.715237,425.677149,2.78652,1.898005,-1.637173,2.297172,0.574673,2.097588
274,9.133333,1,584.236307,427.156903,481.052132,425.887724,532.644219,426.522313,2.78262,1.927631,-1.731927,2.189415,0.525347,2.058523
275,9.166667,1,586.381941,427.866658,482.108603,426.290227,534.245272,427.078443,2.799271,1.998799,-1.781803,1.948365,0.508734,1.973582
276,9.2,1,587.989321,427.965213,483.674917,426.699125,535.832119,427.332169,2.811978,1.962954,-1.736405,1.996964,0.537786,1.979959
277,9.233333,1,589.431009,429.274024,485.114145,427.602128,537.272577,428.438076,2.843654,1.191982,-1.761294,2.009981,0.54118,1.600982
278,9.266667,1,590.931568,429.566116,486.616554,428.292507,538.774061,428.929312,2.831597,1.303773,-1.717022,1.959214,0.557287,1.631494
279,9.3,1,591.987572,429.855173,488.052187,428.598901,540.019879,429.227037,2.820226,1.100033,-1.677454,1.960274,0.571386,1.530153
280,9.333333,1,593.159218,429.974145,489.032259,428.169372,541.095738,429.071758,2.806356,1.208283,-1.611433,1.906856,0.597461,1.55757
281,9.366667,1,593.854151,430.127631,489.677963,427.995254,541.766057,429.061443,2.81879,1.207145,-1.629764,1.828436,0.594513,1.517791
282,9.4,1,593.888874,430.16264,489.664907,427.947167,541.776891,429.054903,2.81971,1.171488,-1.64111,1.83998,0.5893,1.505734
283,9.433333,1,593.796883,430.294787,489.681091,427.890776,541.738987,429.092782,2.828271,1.181903,-1.629884,1.756383,0.599193,1.469143
284,9.466667,1,593.520126,430.344676,489.052477,428.15079,541.286302,429.247733,2.852973,1.171366,-1.586946,1.718564,0.633013,1.444965
285,9.5,1,592.994785,430.27584,488.642845,428.712069,540.818815,429.493954,2.856916,1.258857,-1.5821,1.779097,0.637408,1.518977
286,9.533333,1,592.395935,429.977224,487.572136,428.676674,539.984035,429.326949,2.884069,1.287225,-1.635947,1.927885,0.624061,1.607555
287,9.566667,1,591.298027,429.949522,486.779785,428.294599,539.038906,429.122061,2.893353,1.355375,-1.696855,1.962177,0.598249,1.658776
288,9.6,1,588.197031,428.777611,483.262243,426.720893,535.729637,427.749252,2.965309,1.789353,-1.776753,2.144729,0.594278,1.967041
289,9.633333,1,582.207031,427.026064,477.664461,425.871116,529.935746,426.44859,2.879836,1.871382,-1.956213,2.034272,0.461812,1.952827
290,9.666667,1,579.985733,425.571288,474.757853,424.706962,527.371793,425.139125,2.793406,1.930814,-1.921649,1.56265,0.435878,1.746732
291,9.7,1,578.882847,424.914361,473.937483,424.320209,526.410165,424.617285,2.715803,1.680917,-1.934956,1.71506,0.390424,1.697988
292,9.733333,1,578.566475,424.616797,472.792244,424.03317,525.679359,424.324983,2.730719,1.811461,-1.880592,1.590148,0.425064,1.700804
293,9.766667,1,577.766962,424.048362,472.017403,423.820664,524.892182,423.934513,2.674222,1.758928,-1.906187,1.64649,0.384018,1.702709
294,9.8,1,577.153339,423.631879,471.396513,423.433589,524.274926,423.532734,2.682262,1.738313,-1.870756,1.560624,0.405753,1.649469
295,9.833333,1,576.605625,423.106381,470.828314,423.11197,523.716969,423.109176,2.697405,1.673647,-1.85636,1.611727,0.420523,1.642687
296,9.866667,1,575.6143,422.683053,469.836187,422.934129,522.725244,422.808591,2.706229,1.675992,-1.854651,1.726061,0.425789,1.701027
297,9.9,1,572.491016,422.118384,466.541805,422.465065,519.516411,422.291724,2.716679,1.992138,-1.850816,1.606603,0.432932,1.79937
298,9.933333,1,572.12986,421.765083,465.830269,422.346371,518.980064,422.055727,2.715276,2.062132,-1.861004,1.544771,0.427136,1.803452
299,9.966667,1,571.775856,421.636466,465.241632,422.437835,518.508744,422.03715,2.720112,2.007889,-1.843975,1.513807,0.438068,1.760848
300,10.0,1,571.417093,421.543436,464.961376,422.505662,518.189235,422.024549,2.704852,1.997016,-1.833481,1.615895,0.435685,1.806456
301,10.033333,1,570.956373,421.446297,463.766975,422.641135,517.361674,422.043716,2.733576,1.919267,-1.839321,1.682371,0.447127,1.800819
302,10.066667,1,566.215086,420.267831,458.952904,422.634065,512.583995,421.450948,2.679258,1.756218,-2.014424,1.722529,0.332417,1.739374
303,10.1,1,561.871624,418.029699,454.927702,421.134979,508.399663,419.582339,2.588038,1.866265,-2.085949,1.590739,0.251044,1.728502
304,10.133333,1,560.720329,417.69069,453.502436,421.273102,507.111382,419.481896,2.552286,1.783034,-2.092442,1.621669,0.229922,1.702351
305,10.166667,1,560.0072,417.438229,452.629833,421.056068,506.318517,419.247149,2.552035,1.694018,-2.031253,1.557501,0.260391,1.625759
306,10.2,1,559.725876,417.770501,452.119617,421.243662,505.922747,419.507082,2.58028,1.724548,-2.043699,1.569989,0.268291,1.647269
307,10.233333,1,559.487772,417.934985,451.836147,421.370219,505.66196,419.652602,2.57593,1.731543,-2.050481,1.544155,0.262725,1.637849
308,10.266667,1,559.228687,418.069654,451.400175,421.499609,505.314431,419.784631,2.619115,1.656312,-2.053566,1.673423,0.282774,1.664868
309,10.3,1,558.909626,418.12112,451.247721,421.650349,505.078673,419.885734,2.644287,1.602692,-2.03069,1.675349,0.306798,1.639021
310,10.333333,1,558.668222,418.072067,451.037436,421.785468,504.852829,419.928768,2.633022,1.591912,-2.03069,1.727472,0.301166,1.659692
311,10.366667,1,558.40744,418.050803,450.784378,421.857029,504.595909,419.953916,2.627632,1.638569,-2.019444,1.771477,0.304094,1.705023
312,10.4,1,557.747526,417.846526,450.030775,421.967697,503.889151,419.907112,2.6271,1.560619,-2.022594,1.732449,0.302253,1.646534
313,10.433333,1,557.601929,417.84379,449.857826,422.042391,503.729877,419.943091,2.610242,1.510983,-2.014071,1.688226,0.298086,1.599604
314,10.466667,1,556.555738,417.461672,448.695393,422.01249,502.625566,419.737081,2.632449,1.489477,-2.058003,1.974344,0.287223,1.73191
315,10.5,1,556.023817,417.074769,448.117447,421.659071,502.070632,419.36692,2.631121,1.481935,-2.063594,2.037994,0.283763,1.759964
316,10.533333,1,555.459976,416.846266,447.571802,421.754676,501.515889,419.300471,2.65164,1.622236,-2.040418,1.926614,0.305611,1.774425
317,10.566667,1,555.047836,416.813275,446.956921,421.650842,501.002378,419.232059,2.666965,1.628427,-2.036993,1.95163,0.314986,1.790028
318,10.6,1,554.555435,416.495583,447.076874,421.141341,500.816154,418.818462,2.704282,1.639264,-2.005497,2.004723,0.349392,1.821993
319,10.633333,1,553.837795,415.585016,447.102041,420.544689,500.469918,418.064852,2.730471,1.702242,-1.997486,2.063824,0.366493,1.883033
320,10.666667,1,552.097855,414.946157,445.2847,420.822802,498.691278,417.884479,2.689281,1.684441,-1.977626,2.340491,0.355828,2.012466
321,10.7,1,550.778456,413.445278,445.175266,419.491589,497.976861,416.468434,2.7197,1.702541,-1.949469,2.078092,0.385116,1.890316
322,10.733333,1,549.102268,412.91021,443.354521,419.24533,496.228395,416.07777,2.766421,1.627884,-1.924641,1.726531,0.42089,1.677207
323,10.766667,1,547.841825,412.640036,442.50947,419.485098,495.175648,416.062567,2.786721,1.638428,-1.898182,1.643409,0.444269,1.640919
324,10.8,1,547.266321,412.436929,442.396145,419.641793,494.831233,416.039361,2.736052,1.674959,-1.886378,1.736195,0.424837,1.705577
325,10.833333,1,547.051983,412.659144,441.978817,420.010672,494.5154,416.334908,2.719475,1.644011,-1.89983,1.838509,0.409823,1.74126
326,10.866667,1,547.613325,412.89005,442.556276,419.841971,495.084801,416.366011,2.70403,1.917983,-1.949515,1.85022,0.377257,1.884101
327,10.9,1,548.100548,413.022434,442.766132,419.998881,495.43334,416.510657,2.702262,1.899098,-1.964824,1.878112,0.368719,1.888605
328,10.933333,1,548.649168,412.896016,443.005352,419.842336,495.82726,416.369176,2.719903,1.986836,-1.988556,1.881674,0.365673,1.934255
329,10.966667,1,548.789034,413.139313,443.109207,419.899489,495.949121,416.519401,2.701804,1.942285,-1.969547,1.812644,0.366129,1.877464
330,11.0,1,549.180641,412.519262,443.45603,419.420521,496.318336,415.969892,2.723386,1.982471,-2.02747,1.813443,0.347958,1.897957
331,11.033333,1,549.1572,411.957672,443.634539,418.879745,496.395869,415.418708,2.725655,1.917603,-1.999173,1.794299,0.363241,1.855951
332,11.066667,1,549.580183,410.826284,443.000422,418.236862,496.290302,414.531573,2.746808,1.927902,-2.048635,1.638643,0.349087,1.783272
333,11.1,1,549.333572,410.342649,443.128529,417.73265,496.23105,414.03765,2.74162,1.713473,-1.974,1.891468,0.38381,1.802471
334,11.133333,1,549.084892,409.820799,442.842531,417.428498,495.963712,413.624648,2.749516,1.779937,-1.992711,1.727993,0.378402,1.753965
335,11.166667,1,548.725929,409.559326,442.581139,417.450868,495.653534,413.505097,2.754696,1.716642,-1.942658,1.763156,0.406019,1.739899
336,11.2,1,548.36031,409.350243,442.467871,417.46532,495.41409,413.407781,2.759009,1.607795,-1.946562,1.674023,0.406224,1.640909
337,11.233333,1,547.99201,409.206744,442.022371,417.685186,495.007191,413.445965,2.783227,1.586337,-1.936091,1.685622,0.423568,1.63598
338,11.266667,1,548.01671,409.012671,441.759329,417.760803,494.88802,413.386737,2.780218,1.537348,-1.956993,1.702259,0.411612,1.619803
339,11.3,1,548.071785,408.881081,441.837416,417.671388,494.9546,413.276235,2.798018,1.550955,-1.932748,1.689969,0.432635,1.620462
340,11.333333,1,548.251657,408.57812,441.879988,417.421106,495.065823,412.999613,2.794933,1.549818,-1.965718,1.77624,0.414608,1.663029
341,11.366667,1,548.423996,408.388928,442.036247,417.307316,495.230122,412.848122,2.801367,1.565101,-1.967416,1.78326,0.416976,1.67418
342,11.4,1,548.679533,408.390323,442.379608,417.40747,495.529571,412.898896,2.787605,1.492916,-1.959935,1.83282,0.413835,1.662868
343,11.433333,1,548.775377,408.453902,442.360535,417.574732,495.567956,413.014317,2.795696,1.525589,-1.950459,1.816489,0.422618,1.671039
344,11.466667,1,548.777609,408.577627,442.495432,417.596544,495.63652,413.087085,2.789755,1.561235,-1.950701,1.830844,0.419527,1.69604
345,11.5,1,548.725185,408.763536,442.36371,417.939309,495.544448,413.351423,2.778343,1.497065,-1.947942,1.85377,0.4152,1.675418
346,11.533333,1,548.674402,408.968618,442.314587,417.952387,495.494494,413.460503,2.780192,1.565657,-1.955094,1.861968,0.412549,1.713812
347,11.566667,1,548.566294,409.206358,442.212763,418.083183,495.389528,413.64477,2.78823,1.51517,-1.951947,1.831015,0.418141,1.673092
348,11.6,1,548.395939,409.401226,441.988726,418.217529,495.192332,413.809378,2.776232,1.556675,-1.946859,1.837473,0.414687,1.697074
349,11.633333,1,548.289671,409.608904,441.980324,418.302845,495.134997,413.955874,2.777454,1.528718,-1.95541,1.918534,0.411022,1.723626
350,11.666667,1,549.966984,411.074066,443.476124,418.439069,496.721554,414.756567,2.831717,1.428493,-1.896741,1.697714,0.467488,1.563104
351,11.7,1,553.328485,412.723711,446.39389,419.860071,499.861188,416.291891,2.872642,1.437521,-1.89685,1.848082,0.487896,1.642802
352,11.733333,1,556.62797,415.210773,451.669111,421.796937,504.14854,418.503855,2.882604,1.449743,-1.87908,2.060669,0.501762,1.755206
353,11.766667,1,556.893959,416.355894,452.399797,422.345695,504.646878,419.350795,2.864169,1.446595,-1.87442,1.682755,0.494875,1.564675
354,11.8,1,556.808319,416.658264,451.961145,422.517421,504.384732,419.587843,2.839348,1.791779,-1.870658,1.764212,0.484345,1.777995
355,11.833333,1,556.898165,417.026725,451.910725,422.722932,504.404445,419.874828,2.862278,1.817678,-1.874094,1.916459,0.494092,1.867068
356,11.866667,1,557.050076,417.187625,451.884155,423.051138,504.467115,420.119382,2.858087,1.805726,-1.894318,1.922887,0.481885,1.864307
357,11.9,1,557.403755,417.554026,451.915207,423.304574,504.659481,420.4293,2.869115,1.840782,-1.879166,2.004015,0.494974,1.922398
358,11.933333,1,557.707767,418.110938,452.030258,423.561895,504.869013,420.836416,2.841664,1.674582,-1.881425,1.8132,0.480119,1.743891
359,11.966667,1,558.068457,418.189173,452.133932,423.706101,505.101194,420.947637,2.83995,1.765001,-1.871769,1.782176,0.48409,1.773589
360,12.0,1,558.01919,418.674706,452.493639,423.671393,505.256414,421.17305,2.841488,1.687914,-1.844836,1.657565,0.498326,1.672739
361,12.033333,1,558.177652,418.947026,452.615786,423.635495,505.396719,421.29126,2.849823,1.708437,-1.841392,1.62983,0.504216,1.669134
362,12.066667,1,557.800283,418.779323,452.52964,423.536661,505.164962,421.157992,2.856836,1.661425,-1.81423,1.663512,0.521303,1.662468
363,12.1,1,557.73571,418.826562,452.358227,423.473307,505.046968,421.149935,2.850791,1.634156,-1.818735,1.702733,0.516028,1.668445
364,12.133333,1,557.798176,418.778808,452.544546,423.404052,505.171361,421.09143,2.848505,1.519193,-1.825267,1.667837,0.511619,1.593515
365,12.166667,1,557.757998,418.875926,452.540913,423.353852,505.149455,421.114889,2.849933,1.570152,-1.819588,1.681541,0.515172,1.625847
366,12.2,1,558.054619,418.975993,452.632399,423.420478,505.343509,421.198236,2.839829,1.512379,-1.829563,1.701465,0.505133,1.606922
367,12.233333,1,558.073177,419.048885,452.781992,423.43199,505.427585,421.240438,2.848522,1.552113,-1.826559,1.670956,0.510981,1.611535
368,12.266667,1,558.64543,419.36353,453.234615,423.680373,505.940022,421.521952,2.841779,1.498473,-1.835496,1.569323,0.503142,1.533898
369,12.3,1,559.127359,419.46496,453.464794,423.571315,506.296077,421.518137,2.816097,1.503009,-1.858217,1.513835,0.47894,1.508422
370,12.333333,1,559.804602,419.525449,453.836479,423.493305,506.82054,421.509377,2.807065,1.452354,-1.871249,1.504891,0.467908,1.478622
371,12.366667,1,560.140371,419.053649,454.587212,423.369559,507.363791,421.211604,2.78467,1.398347,-1.857219,1.581228,0.463726,1.489788
372,12.4,1,561.344423,419.287623,455.100794,423.075085,508.222609,421.181354,2.821762,1.43285,-1.88021,1.552421,0.470776,1.492636
373,12.433333,1,561.771164,419.066395,455.948153,423.095834,508.859658,421.081114,2.77662,1.653718,-1.874522,1.569271,0.451049,1.611494
374,12.466667,1,562.267094,419.280295,456.241865,423.134158,509.254479,421.207227,2.778373,1.54144,-1.877688,1.500565,0.450342,1.521002
375,12.5,1,562.405872,419.275832,456.722383,423.107035,509.564128,421.191434,2.77043,1.552549,-1.861479,1.527166,0.454475,1.539857
376,12.533333,1,562.479486,419.262496,456.599464,422.962646,509.539475,421.112571,2.777593,1.554974,-1.877426,1.510536,0.450084,1.532755
377,12.566667,1,562.471304,419.177985,456.542902,422.848492,509.507103,421.013238,2.774287,1.63705,-1.880053,1.499402,0.447117,1.568226
378,12.6,1,562.590179,419.204775,456.501455,422.842999,509.545817,421.023887,2.772905,1.596943,-1.883294,1.514793,0.444805,1.555868
379,12.633333,1,562.466574,418.987441,456.655664,422.877427,509.561119,420.932434,2.775736,1.533255,-1.875947,1.519624,0.449894,1.526439
380,12.666667,1,562.197056,418.903874,456.478262,422.74175,509.337659,420.822812,2.772986,1.538075,-1.866018,1.577538,0.453484,1.557807
381,12.7,1,562.021456,418.763895,456.379347,422.749057,509.200401,420.756476,2.775338,1.567626,-1.866748,1.547122,0.454295,1.557374
382,12.733333,1,561.966686,418.668859,456.254692,422.744347,509.110689,420.706603,2.770314,1.569585,-1.873336,1.52919,0.448489,1.549387
383,12.766667,1,561.994419,418.658667,456.28521,422.642466,509.139814,420.650566,2.778377,1.504968,-1.871152,1.469782,0.453612,1.487375
384,12.8,1,561.921988,418.559833,456.069851,422.585549,508.995919,420.572691,2.776654,1.508376,-1.870213,1.515258,0.453221,1.511817
385,12.833333,1,561.722317,418.431602,455.839596,422.62781,508.780956,420.529706,2.775779,1.439647,-1.882522,1.525173,0.446629,1.48241
386,12.866667,1,561.501093,418.318702,455.841579,422.632563,508.671336,420.475633,2.783006,1.392172,-1.870936,1.523355,0.456035,1.457763
387,12.9,1,561.258287,418.227035,455.588989,422.546164,508.423638,420.386599,2.770931,1.397864,-1.870173,1.534441,0.450379,1.466152
388,12.933333,1,560.897303,418.229127,455.412693,422.454411,508.154998,420.341769,2.778827,1.373245,-1.862095,1.518175,0.458366,1.44571
389,12.966667,1,560.868359,418.280894,455.230303,422.465923,508.049331,420.373408,2.787698,1.346184,-1.8735,1.49054,0.457099,1.418362
390,13.0,1,560.634022,418.362068,455.023165,422.631758,507.828593,420.496913,2.79944,1.314288,-1.876648,1.561234,0.461396,1.437761
391,13.033333,1,560.552654,418.558095,454.864292,422.72481,507.708473,420.641452,2.803067,1.315375,-1.881437,1.505485,0.460815,1.41043
392,13.066667,1,560.572586,418.636115,454.447193,422.812454,507.50989,420.724284,2.811509,1.453555,-1.890239,1.605558,0.460635,1.529556
393,13.1,1,560.095348,418.40596,453.997717,422.942498,507.046533,420.674229,2.806335,1.327145,-1.895681,1.596827,0.455327,1.461986
394,13.133333,1,559.734144,418.482435,453.877439,422.82094,506.805792,420.651687,2.793477,1.354496,-1.872639,1.57016,0.460419,1.462328
395,13.166667,1,559.549398,418.505974,453.332148,422.904303,506.440773,420.705138,2.801821,1.361076,-1.888035,1.480463,0.456893,1.42077
396,13.2,1,558.806438,418.570797,453.386679,422.881451,506.096559,420.726124,2.789425,1.511362,-1.845459,1.570884,0.471983,1.541123
397,13.233333,1,558.781109,418.499612,452.969942,422.786855,505.875525,420.643233,2.804739,1.414506,-1.874057,1.490355,0.465341,1.452431
398,13.266667,1,558.367472,418.455205,453.15753,422.775192,505.762501,420.615199,2.788403,1.533165,-1.844279,1.549814,0.472062,1.541489
399,13.3,1,558.720818,418.278877,452.853289,422.613444,505.787053,420.44616,2.822062,1.441605,-1.869526,1.450182,0.476268,1.445893
400,13.333333,1,558.430691,418.274435,453.113623,422.591718,505.772157,420.433077,2.794547,1.498473,-1.854605,1.56192,0.469971,1.530196
401,13.366667,1,558.837309,417.912734,452.97945,422.416806,505.90838,420.16477,2.806202,1.394976,-1.87717,1.60379,0.464516,1.499383
402,13.4,1,558.790016,417.941144,453.420877,421.975315,506.105447,419.958229,2.811523,1.438116,-1.861938,1.628684,0.474793,1.5334
403,13.433333,1,559.066639,417.882693,453.248482,421.990378,506.15756,419.936535,2.819858,1.438224,-1.876456,1.63299,0.471701,1.535607
404,13.466667,1,558.504648,417.873251,453.241434,422.166406,505.873041,420.019829,2.821325,1.496717,-1.849164,1.671721,0.48608,1.584219
405,13.5,1,558.372498,417.96023,453.000917,422.295281,505.686707,420.127755,2.829657,1.500975,-1.848566,1.648286,0.490546,1.574631
406,13.533333,1,558.015318,417.961271,452.738352,422.282406,505.376835,420.121838,2.832378,1.503973,-1.842434,1.680157,0.494972,1.592065
407,13.566667,1,557.996531,417.871159,452.740307,422.262225,505.368419,420.066692,2.832525,1.575975,-1.83417,1.665076,0.499177,1.620525
408,13.6,1,558.371325,417.747316,452.933178,422.146869,505.652251,419.947093,2.832994,1.549467,-1.843504,1.705133,0.494745,1.6273
409,13.633333,1,558.881178,417.73604,453.195095,422.081627,506.038136,419.908834,2.830437,1.468199,-1.858085,1.644569,0.486176,1.556384
410,13.666667,1,558.931875,417.765298,453.521042,422.068666,506.226459,419.916982,2.82383,1.522538,-1.853323,1.645999,0.485253,1.584268
411,13.7,1,559.351692,417.726599,453.702955,421.934416,506.527324,419.830508,2.83732,1.457301,-1.857988,1.624303,0.489666,1.540802
412,13.733333,1,559.471064,417.772486,453.852835,421.892724,506.661949,419.832605,2.825323,1.520074,-1.851854,1.68231,0.486734,1.601192
413,13.766667,1,559.931202,417.854626,454.250507,421.860387,507.090855,419.857507,2.830305,1.499041,-1.855356,1.687298,0.487475,1.593169
414,13.8,1,560.172358,417.651036,454.567881,421.745524,507.370119,419.69828,2.82331,1.496978,-1.862846,1.666232,0.480232,1.581605
415,13.833333,1,560.333776,417.52436,454.730272,421.518459,507.532024,419.52141,2.809071,1.572708,-1.868904,1.646394,0.470084,1.609551
416,13.866667,1,560.766449,417.563939,455.169754,421.337882,507.968102,419.450911,2.828316,1.518274,-1.875861,1.658915,0.476227,1.588594
417,13.9,1,561.17404,417.634535,455.225096,421.20963,508.199568,419.422082,2.835334,1.501547,-1.879072,1.644378,0.478131,1.572962
418,13.933333,1,561.337881,417.472068,455.310965,421.10673,508.324423,419.289399,2.823661,1.496271,-1.882843,1.650376,0.470409,1.573324
419,13.966667,1,561.400623,417.387396,455.405617,420.968038,508.40312,419.177717,2.81156,1.504501,-1.878091,1.57184,0.466734,1.53817
420,14.0,1,561.364861,417.432876,455.450993,420.982693,508.407927,419.207785,2.81295,1.502504,-1.880047,1.597821,0.466451,1.550162
421,14.033333,1,561.345854,417.383587,455.524912,420.945121,508.435383,419.164354,2.805815,1.488067,-1.874127,1.578682,0.465844,1.533375
422,14.066667,1,561.38772,417.405367,455.425959,420.965377,508.406839,419.185372,2.814165,1.553578,-1.880467,1.609803,0.466849,1.58169
423,14.1,1,561.368904,417.370133,455.462799,420.962223,508.415852,419.166178,2.817838,1.512244,-1.879959,1.6249,0.468939,1.568572
424,14.133333,1,561.033173,417.40483,455.439835,421.097685,508.236504,419.251258,2.819453,1.51532,-1.882645,1.615361,0.468404,1.565341
425,14.166667,1,560.99699,417.406708,455.42345,421.183312,508.21022,419.29501,2.823212,1.525053,-1.883431,1.600631,0.469891,1.562842
426,14.2,1,560.923939,417.451115,455.032291,421.108478,507.978115,419.279796,2.823161,1.56837,-1.893582,1.61482,0.464789,1.591595
427,14.233333,1,560.946913,417.425129,454.92177,421.261868,507.934341,419.343499,2.830624,1.529755,-1.893765,1.61461,0.468429,1.572182
428,14.266667,1,560.659847,417.284861,455.001926,421.239263,507.830887,419.262062,2.825345,1.46406,-1.887381,1.651777,0.468982,1.557918
429,14.3,1,560.598555,417.280387,454.793177,421.324257,507.695866,419.302322,2.837779,1.494855,-1.891544,1.664434,0.473117,1.579645
430,14.333333,1,557.450161,416.536589,451.781378,420.04583,504.615769,418.291209,2.826994,2.140333,-1.944984,1.723671,0.441005,1.932002
431,14.366667,1,554.486227,415.044894,447.71677,420.114505,501.101499,417.5797,2.853544,1.807202,-2.002552,2.199342,0.425496,2.003272
432,14.4,1,554.354372,414.440464,447.405224,419.480066,500.879798,416.960265,2.880818,1.764161,-1.952398,1.940209,0.46421,1.852185
433,14.433333,1,554.602003,414.394491,447.105618,418.930374,500.85381,416.662433,2.855997,1.712081,-1.951173,1.888105,0.452412,1.800093
434,14.466667,1,554.632235,414.212047,447.36146,418.841057,500.996847,416.526552,2.867023,1.706422,-1.909624,1.860041,0.478699,1.783232
435,14.5,1,554.614019,414.320537,447.037334,418.622811,500.825677,416.471674,2.844498,1.793564,-1.925728,1.848025,0.459385,1.820794
436,14.533333,1,554.458361,414.307115,446.901274,418.550799,500.679817,416.428957,2.831594,1.768257,-1.916612,1.823947,0.457491,1.796102
437,14.566667,1,551.952295,413.310224,445.708933,418.731633,498.830614,416.020929,2.80815,1.863312,-1.929048,1.933512,0.439551,1.898412
438,14.6,1,552.015886,413.086356,445.874472,418.495309,498.945179,415.790833,2.794362,1.841453,-1.95441,1.955181,0.419976,1.898317
439,14.633333,1,551.228914,413.043956,445.04714,418.460859,498.138027,415.752407,2.783162,1.784525,-1.933827,1.90592,0.424667,1.845223
440,14.666667,1,550.673561,412.23955,444.273252,418.19885,497.473407,415.2192,2.811483,1.663343,-1.899655,1.95806,0.455914,1.810702
441,14.7,1,549.246979,411.232123,441.603622,417.645907,495.425301,414.439015,2.816257,1.399893,-1.916615,1.798865,0.449821,1.599379
442,14.733333,1,547.620068,410.178605,438.986568,416.986502,493.303318,413.582554,2.792564,1.344589,-1.933951,1.499092,0.429306,1.421841
443,14.766667,1,546.111603,409.643805,437.424746,416.009063,491.768174,412.826434,2.801902,1.344547,-1.939387,1.462122,0.431258,1.403334
444,14.8,1,544.471521,408.95893,436.147823,415.540845,490.309672,412.249888,2.770024,1.370095,-1.924051,1.377979,0.422987,1.374037
445,14.833333,1,542.840738,408.353834,435.555544,415.36088,489.198141,411.857357,2.807303,1.298639,-1.877128,1.434074,0.465088,1.366356
446,14.866667,1,540.741148,408.127778,434.124279,415.108259,487.432714,411.618018,2.851321,1.24148,-1.85054,1.374481,0.500391,1.307981
447,14.9,1,539.509649,408.256137,433.544397,415.418955,486.527023,411.837546,2.907649,1.157273,-1.82605,1.456406,0.540799,1.30684
448,14.933333,1,538.485956,407.911409,432.586079,415.148095,485.536017,411.529752,2.913891,1.091275,-1.824145,1.547431,0.544873,1.319353
449,14.966667,1,537.721157,407.795795,432.529812,414.520469,485.125484,411.158132,2.922612,1.115592,-1.801639,1.526932,0.560486,1.321262
450,15.0,1,537.129583,407.693989,431.943741,414.399222,484.536662,411.046606,2.933851,1.059834,-1.810048,1.430423,0.561902,1.245129
451,15.033333,1,536.846752,407.561048,431.866932,414.034324,484.356842,410.797686,2.948096,1.105619,-1.795746,1.495804,0.576175,1.300712
452,15.066667,1,536.557913,407.737205,431.365623,414.751021,483.961768,411.244113,2.94759,1.079579,-1.799062,1.509452,0.574264,1.294516
453,15.1,1,536.559095,407.912632,431.224508,414.93958,483.891802,411.426106,2.944112,1.081773,-1.778909,1.547717,0.582602,1.314745
454,15.133333,1,536.570034,408.086729,431.211147,414.829395,483.890591,411.458062,2.926916,1.068951,-1.789557,1.540817,0.568679,1.304884
455,15.166667,1,536.714249,408.036304,431.191244,414.691669,483.952746,411.363986,2.943428,1.086167,-1.797005,1.520891,0.573212,1.303529
456,15.2,1,536.935339,408.086096,431.223984,414.598961,484.079661,411.342528,2.925337,1.07974,-1.807366,1.488138,0.558985,1.283939
457,15.233333,1,537.185488,408.013215,431.345339,414.414521,484.265413,411.213868,2.930364,1.071171,-1.815639,1.436367,0.557362,1.253769
458,15.266667,1,540.894947,408.834765,433.8484,414.305248,487.371674,411.570007,2.898212,1.143556,-1.741962,1.530269,0.578125,1.336913
459,15.3,1,542.98974,408.600415,436.069078,414.318831,489.529409,411.459623,2.931241,0.871946,-1.703332,1.442254,0.613954,1.1571
460,15.333333,1,543.868752,408.405815,437.346811,413.204019,490.607781,410.804917,2.991102,1.012876,-1.703897,1.491919,0.643603,1.252398
461,15.366667,1,545.002127,408.497075,437.931814,412.851802,491.46697,410.674438,2.954517,1.014716,-1.711852,1.406115,0.621333,1.210415
462,15.4,1,546.457405,408.443034,438.747787,412.930584,492.602596,410.686809,2.91298,1.041141,-1.763776,1.435229,0.574602,1.238185
463,15.433333,1,547.616787,408.482773,440.004797,413.069544,493.810792,410.776159,2.906879,1.028131,-1.758569,1.429157,0.574155,1.228644
464,15.466667,1,549.626417,408.272917,441.369543,412.73563,495.49798,410.504274,2.955828,1.039402,-1.702694,1.452142,0.626567,1.245772
465,15.5,1,550.897074,408.224788,442.265482,412.102908,496.581278,410.163848,2.904226,0.977551,-1.782102,1.365773,0.561062,1.171662
466,15.533333,1,552.617216,407.806996,443.56801,411.193489,498.092613,409.500242,2.986132,1.063528,-1.841184,1.492908,0.572474,1.278218
467,15.566667,1,554.163675,407.745595,444.067764,410.759314,499.11572,409.252455,2.932636,1.096523,-1.870244,1.56654,0.531196,1.331531
468,15.6,1,555.123653,407.955076,445.530281,410.941812,500.326967,409.448444,2.916321,1.04672,-1.825589,1.584739,0.545366,1.31573
469,15.633333,1,557.63175,408.101331,447.122021,410.240006,502.376885,409.170669,2.869555,0.955135,-1.842505,1.618638,0.513525,1.286886
470,15.666667,1,560.769339,408.828961,453.156052,409.547235,506.962695,409.188098,2.914604,0.842211,-1.773308,1.573993,0.570648,1.208102
471,15.7,1,562.36721,408.412521,454.874763,409.171318,508.620987,408.791919,2.964474,0.756923,-1.788755,1.651533,0.587859,1.204228
472,15.733333,1,564.540558,408.081515,456.050339,408.998036,510.295448,408.539776,2.925187,1.214974,-1.849807,1.74779,0.53769,1.481382
473,15.766667,1,567.059946,408.397318,457.890625,408.868614,512.475286,408.632966,2.916717,1.261222,-1.90068,1.532004,0.508019,1.396613
474,15.8,1,569.57531,408.721962,459.811716,408.436092,514.693513,408.579027,2.884968,1.225603,-1.912323,1.455689,0.486322,1.340646
475,15.833333,1,571.678905,409.088995,461.329794,408.599331,516.50435,408.844163,2.84455,1.280565,-1.890929,1.462069,0.476811,1.371317
476,15.866667,1,573.531942,409.334031,462.833061,408.689604,518.182502,409.011818,2.797171,1.473327,-1.868566,1.544234,0.464302,1.50878
477,15.9,1,574.880075,410.288436,465.679579,408.899964,520.279827,409.5942,2.833308,1.440268,-1.838321,1.481753,0.497493,1.461011
478,15.933333,1,576.912231,411.045581,467.781639,408.445426,522.346935,409.745504,2.848657,1.749649,-1.794115,1.533794,0.527271,1.641721
479,15.966667,1,578.734169,411.675922,470.103168,408.629694,524.418669,410.152808,2.815547,1.903313,-1.822538,1.424625,0.496504,1.663969
480,16.0,1,579.946384,412.312828,472.083864,409.319161,526.015124,410.815995,2.830905,1.828191,-1.832227,1.412787,0.499339,1.620489
481,16.033333,1,581.711826,412.91006,473.451109,410.749508,527.581468,411.829784,2.858625,1.672297,-1.867493,1.49297,0.495566,1.582633
482,16.066667,1,582.656507,413.342389,474.189377,411.543109,528.422942,412.442749,2.837384,1.495622,-1.939018,1.427863,0.449183,1.461742
483,16.1,1,583.264818,413.711944,475.193167,411.954292,529.228992,412.833118,2.749252,1.627529,-1.929597,1.476839,0.409828,1.552184
484,16.133333,1,583.40991,414.057391,475.417938,412.344564,529.413924,413.200977,2.753679,1.488259,-1.909865,1.367715,0.421907,1.427987
485,16.166667,1,583.477497,414.299691,475.232706,412.65069,529.355102,413.47519,2.750626,1.412616,-1.901587,1.338679,0.424519,1.375647
486,16.2,1,583.534575,414.722353,475.093517,412.878056,529.314046,413.800204,2.743778,1.488755,-1.938466,1.4285,0.402656,1.458627
487,16.233333,1,583.171568,414.953731,475.004683,413.190265,529.088125,414.071998,2.770148,1.472388,-1.92717,1.403558,0.421489,1.437973
488,16.266667,1,582.969675,415.196804,474.466887,413.427887,528.718281,414.312345,2.786482,1.451723,-1.879169,1.500344,0.453657,1.476033
489,16.3,1,582.637358,415.305487,474.346485,413.566557,528.491921,414.436022,2.764981,1.520085,-1.866154,1.518465,0.449414,1.519275
490,16.333333,1,582.336969,415.113151,474.04355,413.311361,528.19026,414.212256,2.795433,1.4542,-1.850968,1.508797,0.472232,1.481498
491,16.366667,1,582.084274,414.848074,473.872471,413.083974,527.978373,413.966024,2.778481,1.466242,-1.854889,1.550056,0.461796,1.508149
492,16.4,1,582.169657,414.255477,473.740883,412.672137,527.95527,413.463807,2.791124,1.440751,-1.822103,1.568722,0.484511,1.504736
493,16.433333,1,582.150364,414.029378,473.652821,412.276962,527.901592,413.15317,2.791671,1.408887,-1.839407,1.576557,0.476132,1.492722
494,16.466667,1,582.347107,413.677772,473.751011,411.797587,528.049059,412.737679,2.79011,1.43018,-1.84818,1.5284,0.470965,1.47929
495,16.5,1,582.412148,413.447821,473.811455,411.480904,528.111801,412.464362,2.774694,1.532101,-1.845206,1.502328,0.464744,1.517214
496,16.533333,1,582.532711,413.168528,473.876228,411.420854,528.20447,412.294691,2.801906,1.520801,-1.826873,1.540242,0.487516,1.530521
497,16.566667,1,582.500668,413.104638,473.745184,411.489487,528.122926,412.297062,2.827801,1.51228,-1.827572,1.537122,0.500115,1.524701
498,16.6,1,582.600937,413.13028,473.967304,411.518723,528.284121,412.324501,2.820609,1.486743,-1.820553,1.532365,0.500028,1.509554
499,16.633333,1,582.753353,413.208375,474.223175,411.66603,528.488264,412.437202,2.803538,1.514414,-1.842171,1.543156,0.480684,1.528785
500,16.666667,1,583.016825,413.47195,474.262676,411.89832,528.63975,412.685135,2.830064,1.44249,-1.829361,1.534782,0.500351,1.488636
501,16.7,1,583.392057,413.563811,474.842558,412.098327,529.117308,412.831069,2.780899,1.482206,-1.947055,1.453308,0.416922,1.467757
502,16.733333,1,583.456869,413.848017,474.924498,412.284933,529.190683,413.066475,2.805656,1.390387,-1.89036,1.423725,0.457648,1.407056
503,16.766667,1,583.480244,414.003521,475.057735,412.409956,529.26899,413.206739,2.796584,1.34979,-1.885813,1.447986,0.455386,1.398888
504,16.8,1,583.2547,414.271978,474.891682,412.526257,529.073191,413.399118,2.804699,1.373974,-1.865919,1.436709,0.46939,1.405342
505,16.833333,1,583.063469,414.299637,474.867697,412.659177,528.965583,413.479407,2.779124,1.390652,-1.872389,1.495957,0.453367,1.443304
506,16.866667,1,582.335272,414.921169,474.285631,412.695698,528.310452,413.808433,2.837743,1.446308,-1.833477,1.472097,0.502133,1.459202
507,16.9,1,581.82374,414.829148,472.982674,412.83896,527.403207,413.834054,2.891349,1.584758,-1.820968,1.383805,0.535191,1.484282
508,16.933333,1,580.868702,415.08311,472.346458,412.418475,526.60758,413.750793,2.902313,1.760055,-1.79768,1.396906,0.552316,1.578481
509,16.966667,1,579.664602,415.340034,470.844402,412.67498,525.254502,414.007507,2.884521,1.667462,-1.815776,1.384893,0.534373,1.526177
510,17.0,1,578.706636,415.32555,469.528732,412.534175,524.117684,413.929862,2.889236,1.882049,-1.820707,1.486475,0.534264,1.684262
511,17.033333,1,577.388067,415.244633,468.600454,412.486196,522.994261,413.865414,2.877112,1.747859,-1.813718,1.435177,0.531697,1.591518
512,17.066667,1,576.732645,415.210429,467.665205,412.543348,522.198925,413.876889,2.878336,1.692567,-1.816673,1.402671,0.530832,1.547619
513,17.1,1,575.756302,415.256284,467.201014,412.5818,521.478658,413.919042,2.891621,1.487821,-1.807923,1.279866,0.541849,1.383844
514,17.133333,1,575.101843,415.228819,466.276808,412.714634,520.689325,413.971726,2.867093,1.636449,-1.803195,1.269609,0.531949,1.453029
515,17.166667,1,574.375353,415.217081,465.409851,412.731693,519.892602,413.974387,2.856101,1.606223,-1.81507,1.367288,0.520516,1.486756
516,17.2,1,573.550243,415.05632,464.529247,413.028828,519.039745,414.042574,2.862439,1.540796,-1.807119,1.417933,0.52766,1.479364
517,17.233333,1,572.867622,414.961284,463.739252,413.120002,518.303437,414.040643,2.849757,1.46937,-1.828114,1.464916,0.510822,1.467143
518,17.266667,1,572.144566,414.949011,462.966518,413.319622,517.555542,414.134316,2.837171,1.459408,-1.844507,1.522605,0.496332,1.491007
519,17.3,1,571.216345,414.722611,461.838989,413.276964,516.527667,413.999788,2.800797,1.711298,-1.819454,1.488285,0.490671,1.599792
520,17.333333,1,570.156813,414.115949,460.621023,413.783752,515.388918,413.94985,2.780467,1.67993,-1.83572,1.593784,0.472373,1.636857
521,17.366667,1,568.754301,413.934535,459.733114,413.874142,514.243708,413.904338,2.810018,1.459978,-1.824653,1.557168,0.492682,1.508573
522,17.4,1,567.518387,413.674285,458.019009,414.009894,512.768698,413.84209,2.814254,1.565943,-1.849839,1.606922,0.482208,1.586433
523,17.433333,1,566.338778,413.974092,456.716757,414.043411,511.527767,414.008752,2.815313,1.704976,-1.835953,1.538399,0.48968,1.621687
524,17.466667,1,565.329428,413.79521,454.469147,414.092463,509.899287,413.943837,2.786623,1.727792,-1.905134,1.554967,0.440745,1.64138
525,17.5,1,564.311314,413.46782,453.796062,414.270648,509.053688,413.869234,2.801234,1.589208,-1.889903,1.672919,0.455665,1.631063
526,17.533333,1,562.927151,413.504984,452.712917,413.918527,507.820034,413.711756,2.815077,1.588304,-1.920234,1.556723,0.447422,1.572513
527,17.566667,1,561.930151,413.402642,452.117128,413.818728,507.02364,413.610685,2.875945,1.523905,-1.920499,1.553838,0.477723,1.538872
528,17.6,1,560.694647,413.194814,451.667814,414.146644,506.181231,413.670729,2.878549,1.471312,-1.930178,1.452711,0.474185,1.462011
529,17.633333,1,560.047255,412.964101,450.784187,413.756919,505.415721,413.36051,2.866381,1.43822,-1.937621,1.410496,0.46438,1.424358
530,17.666667,1,559.281683,412.565739,450.479813,413.651154,504.880748,413.108447,2.86669,1.457218,-1.920812,1.417466,0.472939,1.437342
531,17.7,1,558.870029,412.413701,449.565306,413.694906,504.217668,413.054304,2.871608,1.38878,-1.941659,1.461136,0.464975,1.424958
532,17.733333,1,558.165245,412.19538,448.057413,413.330834,503.111329,412.763107,2.882141,1.473333,-1.988872,1.469967,0.446635,1.47165
533,17.766667,1,557.207003,412.078521,447.337074,413.277565,502.272038,412.678043,2.858055,1.385492,-1.980705,1.463602,0.438675,1.424547
534,17.8,1,556.352444,411.716112,446.286154,412.957224,501.319299,412.336668,2.860756,1.478039,-1.979446,1.480594,0.440655,1.479317
535,17.833333,1,555.028973,411.558323,445.549021,413.01016,500.288997,412.284241,2.836947,1.484264,-1.981296,1.500228,0.427826,1.492246
536,17.866667,1,554.347315,411.165261,444.518795,412.815925,499.433055,411.990593,2.849343,1.431135,-1.964637,1.549069,0.442353,1.490102
537,17.9,1,553.401623,411.372585,443.936462,412.729418,498.669043,412.051002,2.836426,1.494453,-1.966141,1.537692,0.435143,1.516072
538,17.933333,1,551.883307,411.213681,443.547544,412.594997,497.715425,411.904339,2.831552,1.502138,-1.917175,1.532399,0.457188,1.517268
539,17.966667,1,550.706768,411.225471,443.351336,412.448022,497.029052,411.836747,2.828474,1.400794,-1.874429,1.557241,0.477022,1.479017
540,18.0,1,550.250959,411.331451,443.130436,412.426211,496.690698,411.878831,2.847781,1.493556,-1.88944,1.514506,0.47917,1.504031
541,18.033333,1,549.86311,411.297226,443.707075,412.274151,496.785092,411.785688,2.841601,1.382163,-1.83729,1.577638,0.502155,1.4799
542,18.066667,1,550.043135,411.301024,443.777523,412.090698,496.910329,411.695861,2.855154,1.453886,-1.851818,1.566022,0.501668,1.509954
543,18.1,1,550.472288,411.631708,443.881006,412.51967,497.176647,412.075689,2.844607,1.463478,-1.86273,1.640372,0.490939,1.551925
544,18.133333,1,550.841694,411.913984,445.5441,414.304454,498.192897,413.109219,2.946119,1.888189,-1.938726,2.084554,0.503696,1.986372
545,18.166667,1,551.932926,411.973797,446.162004,413.035491,499.047465,412.504644,2.943377,1.817825,-1.935465,2.155021,0.503956,1.986423
546,18.2,1,552.344999,411.767836,446.262188,412.893913,499.303594,412.330874,2.917819,1.589892,-1.903754,1.989161,0.507032,1.789526
547,18.233333,1,552.791147,411.481934,446.09251,412.313139,499.441829,411.897537,2.90987,1.304366,-1.910417,1.857742,0.499727,1.581054
548,18.266667,1,553.227921,411.497351,446.211395,411.941879,499.719658,411.719615,2.906336,1.328047,-1.911624,1.813974,0.497356,1.57101
549,18.3,1,553.688211,411.343135,446.035824,411.839225,499.862018,411.59118,2.871841,1.353272,-1.914323,1.806995,0.478759,1.580133
550,18.333333,1,553.766003,411.330174,446.211643,412.088124,499.988823,411.709149,2.881357,1.467495,-1.904041,1.843563,0.488658,1.655529
551,18.366667,1,553.701477,411.147301,446.290941,412.55368,499.996209,411.850491,2.882041,1.417021,-1.906663,1.767419,0.487689,1.59222
552,18.4,1,553.822203,411.562389,446.14028,412.282648,499.981241,411.922519,2.887412,1.528599,-1.916661,1.680977,0.485376,1.604788
553,18.433333,1,553.829117,411.024767,446.190443,412.480574,500.00978,411.75267,2.882344,1.507766,-1.923276,1.875233,0.479534,1.691499
554,18.466667,1,553.619576,410.651296,445.783901,412.001992,499.701738,411.326644,2.885107,1.460017,-1.946749,1.909148,0.469179,1.684582
555,18.5,1,553.26766,410.134821,445.87739,411.645699,499.572525,410.89026,2.873901,1.431442,-1.928535,1.91755,0.472683,1.674496
556,18.533333,1,553.306751,409.868478,445.957079,411.711456,499.631915,410.789967,2.885947,1.407062,-1.919798,2.031341,0.483074,1.719201
557,18.566667,1,553.277111,409.650865,446.005478,411.753094,499.641294,410.701979,2.880591,1.347104,-1.917642,2.024768,0.481474,1.685936
558,18.6,1,553.481035,409.601158,445.88541,411.697766,499.683223,410.649462,2.887331,1.39824,-1.921052,1.933559,0.483139,1.6659
559,18.633333,1,553.734226,409.469054,445.850821,411.649743,499.792523,410.559399,2.851736,1.266949,-1.940519,1.962831,0.455609,1.61489
560,18.666667,1,553.907003,409.271783,446.118174,411.510118,500.012589,410.39095,2.861711,1.307809,-1.931026,1.90071,0.465342,1.604259
561,18.7,1,554.197741,409.233459,446.607285,411.392219,500.402513,410.312839,2.867151,1.324841,-1.929467,1.862114,0.468842,1.593478
562,18.733333,1,554.915886,408.935895,446.696978,411.117378,500.806432,410.026637,2.88026,1.330934,-1.937401,1.861575,0.471429,1.596255
563,18.766667,1,554.800682,408.878936,446.708822,411.404557,500.754752,410.141746,2.872403,1.249444,-1.955209,1.840951,0.458597,1.545198
564,18.8,1,555.110445,409.142232,447.08271,410.980757,501.096578,410.061495,2.858713,1.264935,-1.944171,1.760762,0.457271,1.512848
565,18.833333,1,555.126247,409.180684,447.062836,411.137935,501.094542,410.15931,2.851511,1.285154,-1.960848,1.741223,0.445331,1.513189
566,18.866667,1,555.519638,409.3396,446.989527,411.102734,501.254582,410.221167,2.866914,1.294654,-1.953835,1.851391,0.456539,1.573023
567,18.9,1,552.626457,408.79892,444.986534,411.07765,498.806496,409.938285,2.828528,1.182919,-2.006685,1.915011,0.410922,1.548965
568,18.933333,1,548.314304,408.891027,439.543953,412.032108,493.929129,410.461568,2.858812,1.268842,-2.023997,2.125794,0.417408,1.697318
569,18.966667,1,546.942587,408.388671,439.228325,410.483991,493.085456,409.436331,2.854703,1.188691,-2.031394,1.861039,0.411654,1.524865
570,19.0,1,545.986738,407.799572,437.978811,410.361028,491.982775,409.0803,2.866889,1.270325,-1.96868,1.937498,0.449104,1.603912
571,19.033333,1,544.487677,408.16035,436.296749,410.265874,490.392213,409.213112,2.915778,1.106114,-1.896308,1.702356,0.509735,1.404235
572,19.066667,1,542.573738,408.32168,435.261126,410.559629,488.917432,409.440655,2.859681,1.131296,-1.876315,1.534889,0.491683,1.333093
573,19.1,1,540.652075,408.17462,434.034519,410.34398,487.343297,409.2593,2.905498,1.153769,-1.897775,1.576943,0.503862,1.365356
574,19.133333,1,538.115997,408.146263,431.929808,410.664611,485.022902,409.405437,2.853253,1.009712,-1.966876,1.377559,0.443189,1.193636
575,19.166667,1,535.859032,407.550631,431.149082,410.448253,483.504057,408.999442,2.832514,1.01961,-1.889975,1.432477,0.471269,1.226044
576,19.2,1,534.161959,407.357125,430.166187,409.91591,482.164073,408.636518,2.845761,0.90267,-1.893498,1.505964,0.476132,1.204317
577,19.233333,1,532.693644,407.068284,429.840899,409.694681,481.267271,408.381482,2.884795,0.738005,-1.780373,1.740505,0.552211,1.239255
578,19.266667,1,531.261425,407.595134,428.748751,410.272858,480.005088,408.933996,2.91667,0.737715,-1.696734,1.578311,0.609968,1.158013
579,19.3,1,529.399118,407.440435,426.68745,409.769289,478.043284,408.604862,2.90521,0.688667,-1.736233,1.403917,0.584488,1.046292
580,19.333333,1,528.120842,407.108699,425.202751,410.181835,476.661797,408.645267,2.969873,0.711882,-1.761742,1.408725,0.604065,1.060304
581,19.366667,1,526.87006,406.910344,424.227486,410.176567,475.548773,408.543456,3.029612,0.67909,-1.747444,1.396582,0.641084,1.037836
582,19.4,1,525.880718,407.211803,423.462534,410.20179,474.671626,408.706797,3.05563,0.696842,-1.789094,1.291588,0.633268,0.994215
583,19.433333,1,524.818077,407.233593,422.379141,410.412548,473.598609,408.823071,3.049558,0.768303,-1.774631,1.241484,0.637463,1.004893
584,19.466667,1,524.174843,407.415769,421.93037,411.216663,473.052607,409.316216,3.086423,0.700836,-1.765832,1.234144,0.660296,0.96749
585,19.5,1,523.566952,407.169414,421.404896,410.952015,472.485924,409.060714,3.101034,0.663908,-1.758516,1.255718,0.671259,0.959813
586,19.533333,1,522.364559,406.803099,420.44857,411.095577,471.406565,408.949338,3.053365,0.794144,-1.791036,1.181343,0.631165,0.987744
587,19.566667,1,521.333704,406.723738,419.313993,411.440896,470.323849,409.082317,3.064459,0.772544,-1.81512,1.279158,0.62467,1.025851
588,19.6,1,520.396929,406.843375,418.560553,411.921473,469.478741,409.382424,3.064177,0.735333,-1.802987,1.322198,0.630595,1.028765
589,19.633333,1,519.33897,406.894391,417.420778,412.55987,468.379874,409.727131,3.052695,0.74714,-1.822112,1.27803,0.615291,1.012585
590,19.666667,1,518.654032,407.039112,416.762495,412.68837,467.708263,409.863741,3.036663,0.867944,-1.804883,1.319131,0.61589,1.093537
591,19.7,1,517.684679,407.406671,416.061411,412.947654,466.873045,410.177162,3.030911,0.898684,-1.79406,1.234698,0.618426,1.066691
592,19.733333,1,517.151241,407.184981,415.749493,413.195704,466.450367,410.190343,3.03753,0.869691,-1.749705,1.343955,0.643913,1.106823
593,19.766667,1,516.910477,407.000681,415.425987,413.026081,466.168232,410.013381,3.04531,0.873484,-1.760619,1.332187,0.642345,1.102835
594,19.8,1,516.90259,406.936029,415.728331,413.019837,466.31546,409.977933,3.052181,0.871864,-1.737889,1.408118,0.657146,1.139991
595,19.833333,1,517.062416,407.020723,416.072798,412.71796,466.567607,409.869341,3.073414,0.82927,-1.745731,1.434022,0.663842,1.131646
596,19.866667,1,516.954823,406.976069,416.065111,412.636807,466.509967,409.806438,3.066634,0.810712,-1.727264,1.408813,0.669685,1.109763
597,19.9,1,516.996107,407.031988,415.963249,412.646967,466.479678,409.839478,3.086719,0.776055,-1.726597,1.441431,0.680061,1.108743
598,19.933333,1,516.082392,407.057308,415.598803,412.827222,465.840597,409.942265,3.038378,0.807572,-1.710789,1.429183,0.663795,1.118377
599,19.966667,1,515.063171,407.493768,415.205727,412.92802,465.134449,410.210894,3.053919,0.727293,-1.698991,1.528269,0.677464,1.127781
600,20.0,1,514.11026,407.32805,414.966927,412.826525,464.538593,410.077288,3.022531,0.773547,-1.702889,1.551984,0.659821,1.162765
601,20.033333,1,513.688107,407.267625,414.579802,412.93744,464.133954,410.102533,3.022674,0.761198,-1.680888,1.557475,0.670893,1.159336
602,20.066667,1,513.156195,407.672832,414.507961,413.536999,463.832078,410.604916,3.033174,0.741291,-1.688523,1.619076,0.672326,1.180184
603,20.1,1,513.100433,408.17624,414.530048,413.957494,463.815241,411.066867,3.049336,0.760574,-1.689293,1.591441,0.680022,1.176008
604,20.133333,1,513.975058,409.779943,414.486752,414.326996,464.230905,412.053469,3.110599,0.788734,-1.70317,1.48768,0.703715,1.138207
605,20.166667,1,519.146757,411.928768,417.711849,414.573673,468.429303,413.251221,3.249708,0.957687,-1.58189,1.42423,0.833909,1.190958
606,20.2,1,524.273729,414.149626,423.755503,415.602676,474.014616,414.876151,3.293653,1.104625,-1.542496,1.797094,0.875579,1.45086
607,20.233333,1,527.065382,415.01098,425.8675,417.041423,476.466441,416.026202,3.215194,1.005438,-1.567161,1.895889,0.824017,1.450663
608,20.266667,1,528.853588,415.863869,426.92296,418.005613,477.888274,416.934741,3.217002,1.125874,-1.605629,2.052128,0.805686,1.589001
609,20.3,1,530.935678,416.080903,427.810459,418.315934,479.373069,417.198418,3.197806,1.040825,-1.582102,2.210757,0.807852,1.625791
610,20.333333,1,533.193741,416.847929,428.539581,418.699522,480.866661,417.773725,3.122153,1.096181,-1.650604,2.427619,0.735775,1.7619
611,20.366667,1,534.556103,416.986116,429.672146,418.749733,482.114124,417.867925,3.086422,1.092981,-1.670923,2.447662,0.70775,1.770322
612,20.4,1,535.826683,417.128896,430.606337,418.705627,483.21651,417.917261,3.070931,1.086855,-1.674681,2.301773,0.698125,1.694314
613,20.433333,1,535.934391,417.048193,431.46183,418.597555,483.698111,417.822874,2.993741,0.862076,-1.665891,2.27142,0.663925,1.566748
614,20.466667,1,536.78257,417.544155,431.941881,418.829652,484.362226,418.186904,2.99513,0.986605,-1.658561,2.128641,0.668285,1.557623
615,20.5,1,537.173119,417.75458,432.786331,419.224398,484.979725,418.489489,2.980178,0.867519,-1.631855,2.106415,0.674162,1.486967
616,20.533333,1,537.38308,417.886105,432.786846,419.427184,485.084963,418.656644,2.980798,1.312904,-1.645763,2.051588,0.667517,1.682246
617,20.566667,1,537.275219,417.673727,433.079634,419.086189,485.177426,418.379958,2.972904,1.079554,-1.651614,2.107752,0.660645,1.593653
618,20.6,1,537.505827,417.528083,433.005886,419.241468,485.255857,418.384776,2.948916,1.220265,-1.670355,2.127288,0.639281,1.673777
619,20.633333,1,537.849836,417.124046,433.299141,418.940878,485.574489,418.032462,2.931326,0.951429,-1.655915,2.141123,0.637705,1.546276
620,20.666667,1,537.326269,415.855404,433.608656,417.84555,485.467463,416.850477,2.90866,1.222228,-1.698859,2.207451,0.6049,1.71484
621,20.7,1,538.18264,415.146528,433.71932,416.943394,485.95098,416.044961,2.913884,1.135569,-1.694604,2.295775,0.60964,1.715672
622,20.733333,1,539.251108,414.727621,434.072704,416.490798,486.661906,415.60921,2.954508,0.940441,-1.680957,2.172304,0.636776,1.556373
623,20.766667,1,540.673504,413.692535,434.583406,415.675664,487.628455,414.6841,2.975929,0.9909,-1.675495,2.296512,0.650217,1.643706
624,20.8,1,541.928339,412.802643,434.809141,415.472331,488.36874,414.137487,3.022813,0.90266,-1.721224,2.211937,0.650794,1.557298
625,20.833333,1,542.623787,411.944668,435.910816,414.87246,489.267302,413.408564,2.973703,0.944517,-1.721506,2.292556,0.626099,1.618537
626,20.866667,1,544.11931,411.456839,436.54954,414.333229,490.334425,412.895034,3.023851,1.030069,-1.743755,2.067864,0.640048,1.548966
627,20.9,1,544.885397,410.982099,437.006655,413.821077,490.946026,412.401588,3.010861,1.017902,-1.775231,1.878312,0.617815,1.448107
628,20.933333,1,545.186539,410.443983,437.686119,413.110238,491.436329,411.777111,3.007165,1.016953,-1.782123,2.017863,0.612521,1.517408
629,20.966667,1,545.350199,409.906822,438.266001,412.548101,491.8081,411.227462,3.015073,0.961746,-1.772213,2.028483,0.62143,1.495114
630,21.0,1,545.295019,409.400228,438.554573,412.257435,491.924796,410.828832,2.971771,0.883019,-1.794124,2.106026,0.588823,1.494523
631,21.033333,1,545.560484,409.292114,438.875027,411.835728,492.217755,410.563921,2.959207,0.914748,-1.782927,1.976827,0.58814,1.445787
632,21.066667,1,546.068859,409.399059,439.00754,411.848602,492.538199,410.623831,2.958958,0.913317,-1.794855,2.026976,0.582052,1.470146
633,21.1,1,546.372023,409.588788,439.512835,412.080077,492.942429,410.834432,2.968546,0.850812,-1.784412,1.930624,0.592067,1.390718
634,21.133333,1,547.089586,409.843308,440.774622,411.991328,493.932104,410.917318,2.942773,0.868168,-1.776888,1.866471,0.582942,1.36732
635,21.166667,1,548.210278,410.234706,442.986689,411.530739,495.598483,410.882723,2.867182,0.980942,-1.791051,1.862117,0.538066,1.421529
636,21.2,1,549.497051,410.505384,444.189587,410.812025,496.843319,410.658705,2.850784,1.211059,-1.832622,1.582158,0.509081,1.396608
637,21.233333,1,552.109127,410.46543,446.119041,410.386841,499.114084,410.426136,2.854481,1.287822,-1.833145,1.585131,0.510668,1.436477
638,21.266667,1,554.944973,410.708041,448.294554,410.17014,501.619763,410.439091,2.831996,1.152616,-1.886894,1.841697,0.472551,1.497157
639,21.3,1,558.142405,411.662318,451.111746,410.250843,504.627075,410.95658,2.924313,1.093531,-1.852541,2.00324,0.535886,1.548386
640,21.333333,1,560.36973,413.790833,454.172363,412.416104,507.271047,413.103468,2.942336,1.404149,-1.922392,2.320202,0.509972,1.862175
641,21.366667,1,562.679472,414.823601,459.483814,412.183278,511.081643,413.503439,2.941663,3.317735,-1.914948,2.653542,0.513357,2.985639
642,21.4,1,565.930958,414.834652,459.503746,411.162204,512.717352,412.998428,2.936092,1.797435,-1.899029,2.263879,0.518532,2.030657
643,21.433333,1,567.348757,414.689577,461.213951,410.577825,514.281354,412.633701,2.812418,2.253258,-1.860193,1.811994,0.476112,2.032626
644,21.466667,1,568.681164,414.55847,461.294012,410.214,514.987588,412.386235,2.839284,1.879748,-1.871847,1.907686,0.483718,1.893717
645,21.5,1,569.505835,414.577299,461.927843,410.257055,515.716839,412.417177,2.812408,1.498887,-1.875887,1.821305,0.46826,1.660096
646,21.533333,1,570.119085,414.570755,462.624855,410.207165,516.37197,412.38896,2.829073,1.272729,-1.865862,1.799414,0.481605,1.536072
647,21.566667,1,570.723476,414.658012,463.237858,410.156128,516.980667,412.40707,2.815098,1.291407,-1.864271,1.666189,0.475413,1.478798
648,21.6,1,571.110353,414.410605,463.385916,409.934825,517.248135,412.172715,2.809659,1.41952,-1.864587,1.66954,0.472536,1.54453
649,21.633333,1,571.496334,414.198668,463.705435,409.846537,517.600884,412.022603,2.795748,1.331173,-1.855443,1.704562,0.470152,1.517868
650,21.666667,1,572.043762,413.949534,464.239779,409.330673,518.14177,411.640103,2.801213,1.19566,-1.869778,1.535078,0.465718,1.365369
651,21.7,1,572.470798,413.803622,464.486208,409.310868,518.478503,411.557245,2.839564,1.144112,-1.864334,1.49084,0.487615,1.317476
652,21.733333,1,572.811384,413.783194,464.707794,409.396827,518.759589,411.590011,2.827802,1.084714,-1.863687,1.57992,0.482057,1.332317
653,21.766667,1,573.192101,413.785726,464.591808,409.395239,518.891954,411.590483,2.81515,1.167835,-1.884505,1.597476,0.465322,1.382656
654,21.8,1,573.266191,414.042563,464.510412,409.544799,518.888302,411.793681,2.806159,1.268369,-1.874934,1.578127,0.465612,1.423248
655,21.833333,1,573.224401,414.311868,464.833708,409.964072,519.029055,412.13797,2.814453,1.275561,-1.849774,1.540085,0.48234,1.407823
656,21.866667,1,573.161316,414.387689,465.120668,409.599355,519.140992,411.993522,2.789853,1.370465,-1.854415,1.616904,0.467719,1.493684
657,21.9,1,573.098679,414.226477,465.286665,409.454377,519.192672,411.840427,2.801156,1.499606,-1.878675,1.72368,0.46124,1.611643
658,21.933333,1,572.424803,414.107913,464.763613,409.734056,518.594208,411.920984,2.829723,1.493257,-1.885441,1.689984,0.472141,1.59162
659,21.966667,1,571.580734,413.858746,464.08205,409.949609,517.831392,411.904178,2.849352,1.454601,-1.883472,1.646386,0.48294,1.550494
660,22.0,1,570.970621,414.15351,462.995176,410.324357,516.982899,412.238933,2.864682,1.646997,-1.87413,1.633693,0.495276,1.640345
661,22.033333,1,570.458813,414.309958,462.82692,410.596536,516.642866,412.453247,2.8582,1.68125,-1.887374,1.561724,0.485413,1.621487
662,22.066667,1,570.232038,414.568287,462.470675,410.904218,516.351357,412.736253,2.865634,1.665696,-1.885755,1.574286,0.48994,1.619991
663,22.1,1,570.102301,414.870497,462.15579,411.272485,516.129045,413.071491,2.855589,1.715163,-1.884864,1.552913,0.485363,1.634038
664,22.133333,1,570.073414,415.077789,462.236338,411.427656,516.154876,413.252723,2.864961,1.747109,-1.868831,1.476366,0.498065,1.611738
665,22.166667,1,570.105238,415.14464,462.292261,411.518143,516.19875,413.331392,2.875608,1.76504,-1.87301,1.490002,0.501299,1.627521
666,22.2,1,570.233421,414.896375,462.411804,411.466441,516.322613,413.181408,2.876875,1.740317,-1.87991,1.521521,0.498483,1.630919
667,22.233333,1,570.575418,414.9599,462.616291,411.353863,516.595855,413.156882,2.884882,1.773201,-1.910581,1.543613,0.48715,1.658407
668,22.266667,1,570.901661,414.915622,462.87571,411.468018,516.888685,413.19182,2.897826,1.77998,-1.898244,1.466831,0.499791,1.623405
669,22.3,1,570.646849,414.748499,462.883463,411.893824,516.765156,413.321162,2.886545,1.742685,-1.888316,1.46728,0.499115,1.604983
670,22.333333,1,571.204672,414.764024,463.300791,412.128046,517.252731,413.446035,2.892274,1.604156,-1.912744,1.423706,0.489765,1.513931
671,22.366667,1,571.513081,414.560895,463.622971,411.793842,517.568026,413.177369,2.847205,1.706678,-1.902578,1.437978,0.472313,1.572328
672,22.4,1,571.474361,414.530103,463.551378,411.725188,517.51287,413.127646,2.837509,1.755867,-1.902806,1.328985,0.467351,1.542426
673,22.433333,1,571.54192,414.541497,463.466234,411.747365,517.504077,413.144431,2.837539,1.743446,-1.891987,1.41215,0.472776,1.577798
674,22.466667,1,571.449347,414.752351,463.324661,411.741121,517.387004,413.246736,2.840603,1.871824,-1.897258,1.405943,0.471673,1.638883
675,22.5,1,570.995979,414.893585,463.184271,412.018161,517.090125,413.455873,2.856087,1.852491,-1.910235,1.401208,0.472926,1.626849
676,22.533333,1,570.421791,415.407754,462.78718,413.020996,516.604486,414.214375,2.847692,1.791909,-1.919679,1.469042,0.464007,1.630476
677,22.566667,1,569.748602,415.710361,462.066078,413.770995,515.90734,414.740678,2.836294,1.745949,-1.908048,1.497931,0.464123,1.62194
678,22.6,1,569.004021,416.321701,461.348143,414.357541,515.176082,415.339621,2.833809,1.799708,-1.879878,1.329085,0.476966,1.564397
679,22.633333,1,568.73004,416.570599,460.857248,415.176129,514.793644,415.873364,2.795192,1.993821,-1.888958,1.324561,0.453117,1.659191
680,22.666667,1,568.471375,416.718711,460.693054,415.350569,514.582214,416.03464,2.828036,1.952751,-1.877997,1.271494,0.47502,1.612123
681,22.7,1,568.510971,416.714859,460.635023,415.49292,514.572997,416.103889,2.817753,2.019698,-1.874833,1.318016,0.47146,1.668857
682,22.733333,1,568.566608,416.664358,460.68553,415.403935,514.626069,416.034147,2.815906,2.116342,-1.876928,1.266879,0.469489,1.691611
683,22.766667,1,568.655548,416.595672,461.009359,415.28596,514.832454,415.940816,2.832073,2.078979,-1.88199,1.238235,0.475042,1.658607
684,22.8,1,568.963013,416.807524,461.235876,415.670289,515.099444,416.238906,2.818011,2.034347,-1.879626,1.328989,0.469193,1.681668
685,22.833333,1,569.218884,416.958178,461.262465,415.84886,515.240674,416.403519,2.825741,2.066185,-1.880552,1.450991,0.472595,1.758588
686,22.866667,1,569.418478,417.109616,461.574755,415.844847,515.496616,416.477231,2.826547,2.067195,-1.891949,1.413487,0.467299,1.740341
687,22.9,1,569.397326,417.170738,461.783323,415.70004,515.590324,416.435389,2.827767,1.99549,-1.881796,1.446259,0.472985,1.720874
688,22.933333,1,569.570932,417.244745,461.607504,415.80485,515.589218,416.524798,2.806603,1.994059,-1.878611,1.534856,0.463996,1.764458
689,22.966667,1,569.612932,417.017777,461.748724,415.723042,515.680828,416.37041,2.833818,2.103548,-1.864109,1.573692,0.484854,1.83862
690,23.0,1,569.933186,417.171253,461.780624,415.916913,515.856905,416.544083,2.818013,1.956488,-1.883544,1.592903,0.467234,1.774695
691,23.033333,1,569.728098,416.992811,461.972342,415.830653,515.85022,416.411732,2.836842,1.987049,-1.870632,1.535672,0.483105,1.761361
692,23.066667,1,570.003977,417.096602,461.914053,415.964752,515.959015,416.530677,2.815225,1.936949,-1.878385,1.606633,0.46842,1.771791
693,23.1,1,569.937582,416.938555,462.014647,416.019416,515.976114,416.478986,2.829638,1.907303,-1.862623,1.502868,0.483508,1.705085
694,23.133333,1,570.300846,417.15781,462.360153,416.011133,516.3305,416.584471,2.837482,1.710461,-1.875639,1.543,0.480921,1.626731
695,23.166667,1,570.562754,417.165846,462.726641,416.103401,516.644697,416.634623,2.85649,1.741339,-1.856359,1.610003,0.500065,1.675671
696,23.2,1,570.874968,417.305278,462.919569,416.255772,516.897268,416.780525,2.835102,1.665151,-1.861462,1.659904,0.48682,1.662527
697,23.233333,1,571.20945,417.346863,463.461752,416.162935,517.335601,416.754899,2.844384,1.6708,-1.855026,1.660999,0.494679,1.6659
698,23.266667,1,571.261082,417.359169,463.414955,416.370882,517.338018,416.865025,2.824352,1.70759,-1.849342,1.691377,0.487505,1.699483
699,23.3,1,571.397524,417.481467,463.590441,416.288892,517.493982,416.885179,2.823192,1.773104,-1.849775,1.64937,0.486709,1.711237
700,23.333333,1,571.391516,417.442542,463.539114,416.276994,517.465315,416.859768,2.823245,1.720057,-1.848459,1.665971,0.487393,1.693014
701,23.366667,1,571.200666,417.270935,463.204451,416.214209,517.202559,416.742572,2.836351,1.713093,-1.861424,1.651576,0.487464,1.682335
702,23.4,1,570.870285,417.254262,462.854939,416.180552,516.862612,416.717407,2.828949,1.719816,-1.879049,1.621551,0.47495,1.670683
703,23.433333,1,570.621338,417.291995,462.616358,416.268464,516.618848,416.78023,2.832926,1.752975,-1.872649,1.655221,0.480139,1.704098
704,23.466667,1,570.109367,417.488129,462.323217,416.405472,516.216292,416.9468,2.841186,1.769677,-1.879199,1.609827,0.480993,1.689752
705,23.5,1,569.853964,417.375401,461.99688,416.449116,515.925422,416.912259,2.837517,1.804824,-1.90268,1.603615,0.467419,1.704219
706,23.533333,1,569.528294,417.455846,461.792488,416.549335,515.660391,417.00259,2.821805,1.804556,-1.895355,1.530755,0.463225,1.667655
707,23.566667,1,569.367952,417.461468,461.604776,416.56723,515.486364,417.014349,2.823197,1.788463,-1.899649,1.441406,0.461774,1.614935
708,23.6,1,569.476614,417.652398,461.560259,416.841545,515.518436,417.246972,2.829085,1.764565,-1.910319,1.458339,0.459383,1.611452
709,23.633333,1,569.631367,417.900932,461.705513,416.940014,515.66844,417.420473,2.838458,1.708403,-1.903642,1.40703,0.467408,1.557717
710,23.666667,1,569.850159,418.039935,462.070942,417.322841,515.96055,417.681388,2.847058,1.794541,-1.901637,1.585163,0.472711,1.689852
711,23.7,1,570.217438,418.711903,462.55784,417.559251,516.387639,418.135577,2.866351,1.61385,-1.908945,1.542859,0.478703,1.578355
712,23.733333,1,570.842056,419.072682,462.800398,417.851837,516.821227,418.462259,2.870348,1.665078,-1.902434,1.545097,0.483957,1.605087
713,23.766667,1,571.056795,419.315765,463.147964,418.250713,517.10238,418.783239,2.868347,1.670023,-1.88166,1.622016,0.493343,1.64602
714,23.8,1,571.389961,419.972252,463.546753,418.797669,517.468357,419.384961,2.875017,1.610878,-1.895763,1.562948,0.489627,1.586913
715,23.833333,1,571.830397,420.418475,463.764353,419.253806,517.797375,419.83614,2.881562,1.622701,-1.917157,1.685349,0.482202,1.654025
716,23.866667,1,571.917009,420.821568,464.244108,419.015164,518.080559,419.918366,2.880791,1.643459,-1.892178,1.635781,0.494307,1.63962
717,23.9,1,572.222338,421.351862,464.355774,419.538356,518.289056,420.445109,2.877911,1.740092,-1.882927,1.732736,0.497492,1.736414
718,23.933333,1,572.48868,421.771091,464.868441,419.995801,518.67856,420.883446,2.875252,1.640283,-1.873647,1.691803,0.500802,1.666043
719,23.966667,1,572.774286,422.134101,465.181856,420.234979,518.978071,421.18454,2.875287,1.685032,-1.873438,1.537605,0.500925,1.611318
720,24.0,1,573.119574,422.090725,465.174828,420.292186,519.147201,421.191455,2.884237,1.689564,-1.894124,1.61573,0.495057,1.652647
721,24.033333,1,573.331795,422.09478,465.258198,420.330906,519.294996,421.212843,2.901275,1.577215,-1.90611,1.626337,0.497582,1.601776
722,24.066667,1,573.199615,422.048936,465.384693,420.368446,519.292154,421.208691,2.892959,1.613235,-1.886489,1.590179,0.503235,1.601707
723,24.1,1,573.244925,422.002426,465.427294,420.224422,519.336109,421.113424,2.87672,1.65394,-1.898369,1.605287,0.489176,1.629614
724,24.133333,1,573.105526,421.939191,465.350704,420.191882,519.228115,421.065536,2.883786,1.625211,-1.877684,1.569078,0.503051,1.597144
725,24.166667,1,573.081131,421.980604,465.135851,420.175456,519.108491,421.07803,2.88868,1.598948,-1.895545,1.582876,0.496568,1.590912
726,24.2,1,572.984066,422.006192,464.944992,420.279729,518.964529,421.142961,2.887943,1.623121,-1.905537,1.575126,0.491203,1.599123
727,24.233333,1,572.878027,422.014947,464.747925,420.354971,518.812976,421.184959,2.877382,1.620521,-1.917529,1.588605,0.479927,1.604563
728,24.266667,1,572.812109,422.040589,464.750452,420.448129,518.781281,421.244359,2.881763,1.631487,-1.904362,1.613513,0.488701,1.6225
729,24.3,1,572.800064,422.029817,464.788437,420.501945,518.79425,421.265881,2.872877,1.714982,-1.89802,1.640003,0.487429,1.677492
730,24.333333,1,572.744284,422.129552,464.80032,420.488394,518.772302,421.308973,2.863435,1.700624,-1.906848,1.614455,0.478294,1.657539
731,24.366667,1,572.946796,422.012501,464.978857,420.419183,518.962827,421.215842,2.862285,1.755441,-1.884852,1.67996,0.488717,1.7177
732,24.4,1,572.887115,421.977407,464.838991,420.517985,518.863053,421.247696,2.866079,1.714212,-1.894887,1.654636,0.485596,1.684424
733,24.433333,1,572.953386,422.035321,464.879456,420.481013,518.916421,421.258167,2.868334,1.697414,-1.900233,1.65426,0.48405,1.675837
734,24.466667,1,573.059072,422.0384,465.194855,420.436885,519.126964,421.237643,2.869815,1.643497,-1.891914,1.64973,0.48895,1.646613
735,24.5,1,573.178883,422.093192,465.505085,420.38646,519.341984,421.239826,2.866748,1.651432,-1.886963,1.668172,0.489893,1.659802
736,24.533333,1,573.307152,422.029581,465.462408,420.52513,519.38478,421.277356,2.8785,1.630151,-1.893229,1.682157,0.492636,1.656154
737,24.566667,1,573.344755,422.058882,465.472326,420.520678,519.408541,421.28978,2.878623,1.60867,-1.884759,1.653645,0.496932,1.631158
738,24.6,1,573.473091,422.131237,465.628481,420.589546,519.550786,421.360391,2.880008,1.5575,-1.905354,1.610811,0.487327,1.584156
739,24.633333,1,573.553581,422.224932,465.829573,420.680516,519.691577,421.452724,2.882155,1.565587,-1.902579,1.619363,0.489788,1.592475
740,24.666667,1,573.814106,422.524964,466.119576,420.788426,519.966841,421.656695,2.86682,1.67583,-1.914684,1.57616,0.476068,1.625995
741,24.7,1,573.926868,422.746847,466.368723,420.865631,520.147796,421.806239,2.848361,1.766112,-1.891286,1.518953,0.478538,1.642532
742,24.733333,1,574.311266,422.946382,466.672363,421.042002,520.491815,421.994192,2.860494,1.811365,-1.895874,1.563396,0.48231,1.687381
743,24.766667,1,574.62986,423.098388,466.922436,421.048182,520.776148,422.073285,2.863395,1.987291,-1.873879,1.480221,0.494758,1.733756
744,24.8,1,574.9508,423.289061,467.212505,421.423423,521.081653,422.356242,2.871351,1.886942,-1.888855,1.524612,0.491248,1.705777
745,24.833333,1,575.191994,423.414738,467.420044,421.406579,521.306019,422.410659,2.860197,1.937704,-1.875109,1.497051,0.492544,1.717378
746,24.866667,1,575.526409,423.4654,467.490292,421.767722,521.50835,422.616561,2.868941,1.866012,-1.896375,1.55977,0.486283,1.712891
747,24.9,1,575.557289,423.598298,467.616024,421.784824,521.586657,422.691561,2.864643,1.914104,-1.859596,1.534228,0.502524,1.724166
748,24.933333,1,575.615959,423.763736,467.638721,422.014314,521.62734,422.889025,2.850736,1.801274,-1.903675,1.640219,0.473531,1.720747
749,24.966667,1,575.307369,423.825288,467.695189,421.9174,521.501279,422.871344,2.859657,1.895675,-1.852333,1.545502,0.503662,1.720589
750,25.0,1,575.525427,423.919809,467.669964,422.090896,521.597695,423.005353,2.84965,1.854037,-1.905243,1.63558,0.472203,1.744809
751,25.033333,1,575.189285,424.062889,467.575531,422.194333,521.382408,423.128611,2.842211,1.796017,-1.868828,1.509447,0.486692,1.652732
752,25.066667,1,575.114679,424.059219,467.51914,422.246228,521.31691,423.152724,2.828535,1.726812,-1.88329,1.537785,0.472623,1.632299
753,25.1,1,575.110874,423.852464,467.682877,422.169142,521.396875,423.010803,2.848171,1.759502,-1.874802,1.527672,0.486685,1.643587
754,25.133333,1,575.11857,423.977444,467.50742,422.27289,521.312995,423.125167,2.83291,1.675078,-1.888147,1.48631,0.472381,1.580694
755,25.166667,1,575.135899,423.848623,467.59697,422.235489,521.366434,423.042056,2.844341,1.696447,-1.886014,1.544551,0.479163,1.620499
756,25.2,1,574.999695,423.884532,467.041378,422.345524,521.020536,423.115028,2.83076,1.641024,-1.898088,1.498887,0.466336,1.569955
757,25.233333,1,574.807911,423.833967,467.039289,422.292084,520.9236,423.063025,2.847361,1.647958,-1.878971,1.547999,0.484195,1.597978
758,25.266667,1,574.753389,424.055893,466.784916,422.390521,520.769153,423.223207,2.82547,1.626912,-1.897915,1.478528,0.463778,1.55272
759,25.3,1,574.560738,423.917652,466.804152,422.287492,520.682445,423.102572,2.842003,1.69989,-1.887168,1.480655,0.477418,1.590273
760,25.333333,1,574.499388,424.120642,466.524057,422.421377,520.511723,423.271009,2.837235,1.690583,-1.9028,1.480883,0.467218,1.585733
761,25.366667,1,574.270611,423.967906,466.528931,422.330589,520.399771,423.149248,2.840468,1.788417,-1.895664,1.466449,0.472402,1.627433
762,25.4,1,574.155931,424.072427,466.114779,422.426054,520.135355,423.249241,2.830108,1.655505,-1.892675,1.477677,0.468716,1.566591
763,25.433333,1,574.039459,423.993634,466.101093,422.41878,520.070276,423.206207,2.847392,1.711997,-1.885034,1.507493,0.481179,1.609745
764,25.466667,1,574.163284,424.026411,466.118822,422.447158,520.141053,423.236784,2.842766,1.603334,-1.881635,1.551427,0.480565,1.57738
765,25.5,1,574.282913,423.987025,466.20038,422.459174,520.241647,423.2231,2.836102,1.606129,-1.895524,1.591681,0.470289,1.598905
766,25.533333,1,574.240894,423.974032,466.331921,422.322081,520.286407,423.148057,2.835944,1.69085,-1.877213,1.565165,0.479366,1.628007
767,25.566667,1,574.465971,424.146885,466.542311,422.339226,520.504141,423.243055,2.824334,1.655396,-1.880016,1.530279,0.472159,1.592838
768,25.6,1,574.584932,424.101641,466.857834,422.432063,520.721383,423.266852,2.842179,1.740014,-1.883319,1.53008,0.47943,1.635047
769,25.633333,1,574.715405,424.199209,467.010422,422.387806,520.862913,423.293508,2.835355,1.674338,-1.89397,1.523024,0.470692,1.598681
770,25.666667,1,574.833393,424.191871,467.06336,422.414564,520.948377,423.303217,2.839186,1.709096,-1.896158,1.517221,0.471514,1.613158
771,25.7,1,574.965467,424.240204,467.095165,422.486297,521.030316,423.36325,2.841846,1.661338,-1.896349,1.597125,0.472749,1.629231
772,25.733333,1,574.923735,424.208297,467.024136,422.420304,520.973935,423.3143,2.848216,1.690512,-1.896719,1.576301,0.475748,1.633407
773,25.766667,1,574.939041,424.183899,466.993694,422.347198,520.966368,423.265548,2.844724,1.710722,-1.907052,1.601169,0.468836,1.655946
774,25.8,1,574.685116,424.217856,466.766653,422.292813,520.725884,423.255334,2.838381,1.837103,-1.899431,1.59311,0.469475,1.715107
775,25.833333,1,574.451942,424.199349,466.5872,422.324281,520.519571,423.261815,2.842678,1.779355,-1.901015,1.62106,0.470831,1.700207
776,25.866667,1,574.198895,424.371021,466.533279,422.24125,520.366087,423.306136,2.814001,1.865673,-1.891405,1.585543,0.461298,1.725608
777,25.9,1,573.856888,424.2185,466.046305,422.308177,519.951596,423.263338,2.809041,1.903119,-1.902772,1.872495,0.453134,1.887807
778,25.933333,1,573.196936,424.501795,466.266603,423.067414,519.73177,423.784604,2.816999,2.745962,-1.958101,2.681929,0.429449,2.713946
779,25.966667,1,573.066864,424.568582,466.349993,423.202382,519.708428,423.885482,2.833769,2.738606,-1.950758,2.675829,0.441506,2.707218
780,26.0,1,572.841301,424.223242,465.763226,422.842655,519.302263,423.532948,2.843189,2.374066,-1.945327,2.158897,0.448931,2.266482
781,26.033333,1,572.594185,423.722538,465.351858,422.511327,518.973022,423.116933,2.82098,1.985012,-1.929478,1.875005,0.445751,1.930008
782,26.066667,1,572.611704,423.349743,465.070305,422.228258,518.841004,422.789,2.819094,1.908987,-1.933206,1.907551,0.442944,1.908269
783,26.1,1,572.329893,423.087122,464.764585,421.825873,518.547239,422.456498,2.835187,1.84438,-1.909398,1.68844,0.462894,1.76641
784,26.133333,1,572.241678,422.628754,464.526701,421.683319,518.38419,422.156036,2.839494,1.875608,-1.941921,1.922691,0.448787,1.899149
785,26.166667,1,571.721535,422.418984,464.04273,421.44163,517.882133,421.930307,2.830361,1.697398,-1.893313,1.735503,0.468524,1.716451
786,26.2,1,571.996984,422.04708,464.30994,421.154816,518.153462,421.600948,2.826984,1.821098,-1.91375,1.867223,0.456617,1.844161
787,26.233333,1,571.740437,421.835732,463.81381,420.966386,517.777123,421.401059,2.839468,1.704893,-1.881341,1.754062,0.479064,1.729478
788,26.266667,1,571.775589,421.645617,463.829117,420.671589,517.802353,421.158603,2.85181,1.659251,-1.925068,1.802014,0.463371,1.730632
789,26.3,1,571.163969,421.581073,463.767748,420.728796,517.465858,421.154934,2.864401,1.427959,-1.88129,1.627419,0.491555,1.527689
790,26.333333,1,571.546402,421.376313,463.498306,420.417734,517.522354,420.897024,2.870835,1.598158,-1.943466,1.745784,0.463685,1.671971
791,26.366667,1,571.116323,421.327325,463.606005,420.36998,517.361164,420.848653,2.871909,1.453243,-1.890431,1.63628,0.490739,1.544762
792,26.4,1,571.330242,421.163442,463.567991,420.056956,517.449117,420.610199,2.877788,1.539451,-1.92004,1.699249,0.478874,1.61935
793,26.433333,1,571.298285,421.044277,463.56658,419.954141,517.432432,420.499209,2.871493,1.52112,-1.91311,1.740464,0.479191,1.630792
794,26.466667,1,571.514149,420.796291,463.822775,419.782898,517.668462,420.289595,2.879688,1.56864,-1.903077,1.784709,0.488305,1.676674
795,26.5,1,571.603527,420.618986,464.008036,419.638166,517.805781,420.128576,2.879281,1.548322,-1.891696,1.789836,0.493792,1.669079
796,26.533333,1,571.887884,420.500668,464.330797,419.255962,518.109341,419.878315,2.872915,1.621505,-1.887349,1.738454,0.492783,1.67998
797,26.566667,1,572.189207,420.583731,464.471397,419.225396,518.330302,419.904563,2.857592,1.773635,-1.900253,1.785351,0.478669,1.779493
798,26.6,1,572.55477,420.375602,465.009537,418.973011,518.782153,419.674307,2.865931,1.61535,-1.884088,1.7017,0.490922,1.658525
799,26.633333,1,573.000908,420.240891,465.045938,418.798217,519.023423,419.519554,2.874871,1.711418,-1.893638,1.731241,0.490617,1.721329
800,26.666667,1,573.299589,419.950236,465.396595,418.349483,519.348092,419.14986,2.880885,1.646755,-1.882203,1.722321,0.499341,1.684538
801,26.7,1,573.558502,419.611505,465.691433,418.018713,519.624968,418.815109,2.882428,1.669353,-1.869892,1.693222,0.506268,1.681287
802,26.733333,1,573.639393,419.4601,466.130533,417.821485,519.884963,418.640792,2.890827,1.404037,-1.849251,1.716337,0.520788,1.560187
803,26.766667,1,573.867149,419.397089,466.352682,417.679757,520.109916,418.538423,2.89811,1.487536,-1.845889,1.680031,0.526111,1.583784
804,26.8,1,574.268188,419.304768,466.706982,417.498204,520.487585,418.401486,2.904998,1.263143,-1.838644,1.680845,0.533177,1.471994
805,26.833333,1,574.43819,419.290348,466.592922,417.541591,520.515556,418.41597,2.907334,1.238898,-1.842236,1.608314,0.532549,1.423606
806,26.866667,1,574.836969,419.586475,467.814875,417.505789,521.325922,418.546132,2.887431,1.27031,-1.80623,1.602149,0.5406,1.43623
807,26.9,1,575.192881,419.632233,467.87447,417.351669,521.533675,418.491951,2.89493,1.334313,-1.804195,1.536818,0.545368,1.435565
808,26.933333,1,575.652742,419.91452,468.551388,417.60709,522.102065,418.760805,2.906123,1.362042,-1.80877,1.599086,0.548677,1.480564
809,26.966667,1,576.124392,420.064337,469.390154,418.056993,522.757273,419.060665,2.908914,1.282846,-1.799875,1.626941,0.55452,1.454893
810,27.0,1,576.616993,420.348737,469.813719,418.108449,523.215356,419.228593,2.92199,1.217634,-1.820607,1.560324,0.550691,1.388979
811,27.033333,1,577.074795,420.492021,470.239763,418.409017,523.657279,419.450519,2.919037,1.277647,-1.826967,1.511555,0.546035,1.394601
812,27.066667,1,577.518549,420.697221,470.486937,418.639666,524.002743,419.668443,2.925805,1.275563,-1.844316,1.440924,0.540744,1.358244
813,27.1,1,577.509756,420.748794,470.549908,418.581666,524.029832,419.66523,2.923675,1.307143,-1.851103,1.407999,0.536286,1.357571
814,27.133333,1,577.951155,421.246827,471.017122,418.946897,524.484138,420.096862,2.909738,1.310469,-1.853201,1.400172,0.528268,1.35532
815,27.166667,1,578.138142,421.584817,471.397257,419.442548,524.767699,420.513682,2.900186,1.390298,-1.85292,1.435478,0.523633,1.412888
816,27.2,1,578.509254,422.189344,471.386662,419.751023,524.947958,420.970184,2.889486,1.404344,-1.868265,1.453108,0.510611,1.428726
817,27.233333,1,579.094553,422.419542,471.68313,419.788692,525.388842,421.104117,2.880739,1.461285,-1.880687,1.468709,0.500026,1.464997
818,27.266667,1,579.565592,422.284327,471.893101,419.700898,525.729346,420.992612,2.883711,1.562808,-1.881085,1.561263,0.501313,1.562036
819,27.3,1,579.945717,422.271098,472.167511,419.61526,526.056614,420.943179,2.866665,1.577181,-1.86404,1.558465,0.501312,1.567823
820,27.333333,1,579.992065,422.486833,472.559185,419.359678,526.275625,420.923256,2.814684,1.747208,-1.853199,1.522097,0.480743,1.634652
821,27.366667,1,580.422106,422.787992,473.025398,419.109203,526.723752,420.948597,2.836071,1.791846,-1.85798,1.490351,0.489046,1.641098
822,27.4,1,580.724535,422.364514,473.322144,419.001292,527.023339,420.682903,2.847322,1.733779,-1.849315,1.490352,0.499003,1.612065
823,27.433333,1,581.00626,421.894687,473.782635,418.38697,527.394447,420.140828,2.844256,1.802101,-1.851586,1.457938,0.496335,1.63002
824,27.466667,1,581.481647,421.00634,474.71838,417.284989,528.100014,419.145665,2.807031,1.89876,-1.840017,1.659522,0.483507,1.779141
825,27.5,1,582.0364,420.143784,475.839787,416.452378,528.938093,418.298081,2.759706,1.789997,-1.801406,1.760076,0.47915,1.775036
826,27.533333,1,582.592621,419.705157,476.671515,415.831597,529.632068,417.768377,2.739018,2.115397,-1.846003,1.636182,0.446507,1.875789
827,27.566667,1,583.468657,418.554232,477.302895,415.247691,530.385776,416.900961,2.788609,2.033952,-1.798887,1.568805,0.494861,1.801379
828,27.6,1,584.356632,418.025676,478.378258,414.629399,531.367445,416.327537,2.809805,1.969164,-1.799538,1.612018,0.505133,1.790591
829,27.633333,1,585.161934,417.39731,479.20764,413.917884,532.184787,415.657597,2.771466,2.098624,-1.836122,1.522805,0.467672,1.810715
830,27.666667,1,586.191912,417.004033,480.175152,413.56896,533.183532,415.286497,2.736832,1.899214,-1.91695,1.323232,0.409941,1.611223
831,27.7,1,587.326984,417.032164,480.918026,413.47622,534.122505,415.254192,2.744059,1.743604,-1.957502,1.361815,0.393278,1.552709
832,27.733333,1,588.323994,417.18608,481.962795,413.198054,535.143394,415.192067,2.755342,1.868297,-1.983957,1.252873,0.385693,1.560585
833,27.766667,1,589.561672,417.48064,482.820911,412.933513,536.191292,415.207077,2.722435,1.899763,-1.998519,1.375465,0.361958,1.637614
834,27.8,1,590.181503,417.858703,483.168612,413.087751,536.675057,415.473227,2.744741,1.851884,-2.008557,1.574911,0.368092,1.713397
835,27.833333,1,590.535727,418.695638,483.838634,413.340983,537.187181,416.018311,2.744859,1.92434,-1.992085,1.482838,0.376387,1.703589
836,27.866667,1,590.805254,419.518293,483.752489,414.073269,537.278872,416.795781,2.763937,1.724215,-2.026416,1.471067,0.368761,1.597641
837,27.9,1,591.011333,420.337021,483.97459,414.672518,537.492962,417.50477,2.768406,1.738656,-2.017005,1.545273,0.3757,1.641965
838,27.933333,1,590.838327,421.083426,483.975105,415.341096,537.406716,418.212261,2.75994,1.749687,-1.989959,1.538427,0.384991,1.644057
839,27.966667,1,590.78227,421.90503,484.099684,415.647597,537.440977,418.776314,2.74635,1.910125,-1.98371,1.46419,0.38132,1.687157
840,28.0,1,590.917397,422.619141,484.131002,416.338395,537.524199,419.478768,2.761633,1.967679,-2.027464,1.55425,0.367084,1.760964
841,28.033333,1,590.801802,423.138235,484.388237,416.877111,537.595019,420.007673,2.793678,1.968646,-2.008068,1.515339,0.392805,1.741992
842,28.066667,1,590.867891,423.317846,484.668589,417.115785,537.76824,420.216815,2.778659,1.984735,-2.008684,1.518426,0.384988,1.75158
843,28.1,1,591.217012,423.729308,484.973135,417.351336,538.095074,420.540322,2.773941,1.902052,-2.013668,1.521433,0.380136,1.711743
844,28.133333,1,591.772814,423.679183,485.328426,417.77239,538.55062,420.725786,2.774956,1.768645,-2.051168,1.614462,0.361894,1.691554
845,28.166667,1,592.539272,423.641481,485.538664,417.893153,539.038968,420.767317,2.775315,1.691686,-2.087825,1.646758,0.343745,1.669222
846,28.2,1,593.171406,423.740562,486.421404,417.9199,539.796405,420.830231,2.780725,1.574126,-2.082581,1.787211,0.349072,1.680669
847,28.233333,1,594.01391,423.906097,486.85153,418.195728,540.43272,421.050913,2.75865,1.551506,-2.09395,1.886531,0.33235,1.719018
848,28.266667,1,594.793119,424.264934,487.797165,418.349762,541.295142,421.307348,2.756416,1.570046,-2.07814,1.961661,0.339138,1.765854
849,28.3,1,595.831394,424.657159,488.715744,418.262494,542.273569,421.459826,2.764371,1.456479,-2.068592,1.941618,0.34789,1.699048
850,28.333333,1,596.355515,424.886273,489.375772,417.847888,542.865644,421.367081,2.735972,1.564368,-2.062244,1.964664,0.336864,1.764516
851,28.366667,1,596.961012,425.017079,490.25219,417.45664,543.606601,421.23686,2.727532,1.543719,-2.055661,2.045206,0.335936,1.794463
852,28.4,1,597.256384,425.167819,491.696758,417.103071,544.476571,421.135445,2.750802,1.542162,-2.0046,1.830898,0.373101,1.68653
853,28.433333,1,597.609138,425.044824,491.961985,416.996523,544.785562,421.020674,2.745512,1.461506,-1.995358,1.816913,0.375077,1.63921
854,28.466667,1,597.617321,424.911153,491.562166,417.069662,544.589744,420.990407,2.736156,1.57935,-2.025448,1.82785,0.355354,1.7036
855,28.5,1,597.553101,424.958167,491.572275,417.093801,544.562688,421.025984,2.749196,1.518526,-2.012952,1.818244,0.368122,1.668385
856,28.533333,1,597.530088,424.904909,491.333389,417.214876,544.431739,421.059893,2.751974,1.647381,-2.012708,1.790529,0.369633,1.718955
857,28.566667,1,597.319355,425.153486,491.070509,417.886759,544.194932,421.520122,2.762475,1.557484,-2.018257,1.912126,0.372109,1.734805
858,28.6,1,597.12225,425.265023,491.586533,417.617058,544.354391,421.44104,2.75546,1.690005,-2.006029,1.944399,0.374716,1.817202
859,28.633333,1,597.066526,425.421438,491.461153,417.723788,544.26384,421.572613,2.768522,1.754625,-2.019083,2.072815,0.374719,1.91372
860,28.666667,1,596.244307,425.445031,490.609903,418.860637,543.427105,422.152834,2.805593,1.736978,-2.055474,2.163615,0.37506,1.950296
861,28.7,1,596.20326,425.524575,489.96419,419.121015,543.083725,422.322795,2.786171,1.556927,-2.086884,2.161497,0.349643,1.859212
862,28.733333,1,595.891829,425.362333,490.220346,418.963505,543.056087,422.162919,2.806159,1.420511,-2.037178,2.072285,0.38449,1.746398
863,28.766667,1,595.312033,425.488172,490.304117,418.693492,542.808075,422.090832,2.789536,1.469553,-2.033473,2.041481,0.378031,1.755517
864,28.8,1,593.725348,425.509039,488.390932,421.097256,541.05814,423.303148,2.851791,1.264204,-2.158341,2.321622,0.346725,1.792913
865,28.833333,1,593.797874,425.380894,487.933922,421.282017,540.865898,423.331456,2.893255,1.520737,-2.153195,2.747951,0.37003,2.134344
866,28.866667,1,593.40868,424.827029,487.923203,420.319641,540.665941,422.573335,2.881721,1.918194,-2.131159,2.589477,0.375281,2.253835
867,28.9,1,592.346792,424.80835,487.420244,420.770348,539.883518,422.789349,2.870147,1.964657,-2.124658,2.499506,0.372744,2.232081
868,28.933333,1,591.396561,425.363256,486.097012,422.165065,538.746786,423.76416,2.830741,2.987571,-2.189776,2.613861,0.320483,2.800716
869,28.966667,1,590.85022,425.212548,486.127291,421.929642,538.488755,423.571095,2.859121,3.481618,-2.150618,2.726455,0.354252,3.104036
870,29.0,1,589.783602,423.934861,484.745178,421.166639,537.26439,422.55075,2.858649,4.528514,-2.131727,2.517733,0.363461,3.523123
871,29.033333,1,589.20434,422.732792,484.344845,419.764144,536.774592,421.248468,2.849691,4.032455,-2.079815,2.798015,0.384938,3.415235
872,29.066667,1,587.818565,421.435944,482.511539,418.673118,535.165052,420.054531,2.863911,2.869325,-2.051817,2.020169,0.406047,2.444747
873,29.1,1,586.928473,420.928277,481.371794,417.023764,534.150133,418.97602,2.756501,2.271491,-2.005075,1.657881,0.375713,1.964686
874,29.133333,1,586.393242,420.387737,480.151329,416.487182,533.272285,418.437459,2.721695,2.199224,-1.924009,1.547098,0.398843,1.873161
875,29.166667,1,585.723886,419.775656,479.777327,416.366719,532.750607,418.071188,2.783908,1.997351,-1.844643,1.542113,0.469632,1.769732
876,29.2,1,585.351658,419.309843,479.415131,416.188363,532.383394,417.749103,2.818452,2.01796,-1.828383,1.563888,0.495034,1.790924
877,29.233333,1,584.8738,418.790138,479.10306,416.001488,531.98843,417.395813,2.815513,1.879899,-1.79961,1.610771,0.507952,1.745335
878,29.266667,1,584.771032,418.707858,478.838243,415.969323,531.804638,417.338591,2.844171,1.825562,-1.795949,1.586805,0.524111,1.706184
879,29.3,1,584.735899,418.335278,478.457384,415.784336,531.596642,417.059807,2.842936,1.888,-1.810023,1.536958,0.516456,1.712479
880,29.333333,1,584.319296,418.276591,478.045549,415.806266,531.182423,417.041429,2.848042,1.81906,-1.818015,1.541185,0.515014,1.680122
881,29.366667,1,583.940964,418.100735,477.690687,415.8499,530.815825,416.975318,2.847099,1.766406,-1.816979,1.549102,0.51506,1.657754
882,29.4,1,583.195133,417.987868,477.019243,415.786471,530.107188,416.887169,2.815899,1.773206,-1.826966,1.469866,0.494467,1.621536
883,29.433333,1,582.714739,417.760159,476.757898,415.859181,529.736319,416.80967,2.828515,1.74642,-1.820677,1.410306,0.503919,1.578363
884,29.466667,1,582.606554,417.542943,476.454334,415.994868,529.530444,416.768906,2.856238,1.633009,-1.805383,1.453371,0.525428,1.54319
885,29.5,1,582.461796,417.379811,476.369181,416.043481,529.415488,416.711646,2.877069,1.535153,-1.797454,1.472358,0.539807,1.503756
886,29.533333,1,582.151928,417.282532,476.17547,415.974387,529.163699,416.62846,2.884572,1.580724,-1.809912,1.510439,0.53733,1.545581
887,29.566667,1,581.909122,417.202002,476.018476,416.041614,528.963799,416.621808,2.898169,1.488865,-1.821958,1.491881,0.538105,1.490373
888,29.6,1,581.917334,417.247964,476.344624,415.998698,529.130979,416.623331,2.87794,1.54705,-1.823512,1.496114,0.527214,1.521582
889,29.633333,1,582.366886,417.400957,476.974134,416.050519,529.67051,416.725738,2.868498,1.604225,-1.83213,1.534889,0.518184,1.569557
890,29.666667,1,582.931633,417.69585,476.802549,415.89891,529.867091,416.79738,2.888184,1.716672,-1.827558,1.489308,0.530313,1.60299
891,29.7,1,583.005867,418.141783,477.619753,416.155093,530.31281,417.148438,2.842335,1.849904,-1.804898,1.513454,0.518718,1.681679
892,29.733333,1,583.562136,419.008405,477.827492,416.433785,530.694814,417.721095,2.857957,1.874826,-1.826625,1.510927,0.515666,1.692877
893,29.766667,1,584.020805,419.80279,478.191929,416.627333,531.106367,418.215061,2.838713,1.945766,-1.812113,1.486499,0.5133,1.716132
894,29.8,1,584.698448,420.285974,478.421946,416.96262,531.560197,418.624297,2.823915,2.027766,-1.805396,1.530339,0.509259,1.779053
895,29.833333,1,585.046291,420.760961,478.731098,417.2719,531.888695,419.01643,2.798289,2.049531,-1.814141,1.561425,0.492074,1.805478
896,29.866667,1,585.399551,421.337099,479.254293,417.547771,532.326922,419.442435,2.779252,2.027497,-1.841961,1.656722,0.468645,1.84211
897,29.9,1,585.790834,421.656754,479.715614,417.885268,532.753224,419.771011,2.734125,1.987642,-1.849439,1.745515,0.442343,1.866578
898,29.933333,1,586.226978,421.817966,480.105677,417.965401,533.166327,419.891683,2.704393,1.952698,-1.869244,1.772239,0.417575,1.862468
899,29.966667,1,586.578474,422.242366,480.165796,418.06504,533.372135,420.153703,2.702925,1.965888,-1.853461,1.764933,0.424732,1.865411
900,30.0,1,587.032785,422.600495,480.519457,418.110756,533.776121,420.355625,2.725162,1.936645,-1.856754,1.681982,0.434204,1.809313
901,30.033333,1,587.054071,422.642852,480.923672,418.303692,533.988872,420.473272,2.72883,1.940804,-1.878112,1.659847,0.425359,1.800325
902,30.066667,1,587.161169,422.7575,480.775242,418.194795,533.968205,420.476148,2.740705,1.992448,-1.844333,1.601946,0.448186,1.797197
903,30.1,1,587.206097,422.704575,480.824804,418.190396,534.01545,420.447485,2.740707,1.986027,-1.846244,1.573805,0.447232,1.779916
904,30.133333,1,587.066488,422.757876,480.63838,417.973298,533.852434,420.365587,2.746627,2.004471,-1.841965,1.545704,0.452331,1.775087
905,30.166667,1,587.01952,422.431183,480.366373,417.917132,533.692946,420.174158,2.762791,2.128097,-1.843502,1.496979,0.459644,1.812538
906,30.2,1,586.790972,422.003639,479.946213,417.826495,533.368592,419.915067,2.758455,2.00687,-1.857493,1.506384,0.450481,1.756627
907,30.233333,1,586.275196,421.814693,479.868574,417.7902,533.071885,419.802446,2.720413,1.958681,-1.860967,1.546925,0.429723,1.752803
908,30.266667,1,585.787411,421.644405,479.634199,417.648869,532.710805,419.646637,2.729592,1.915314,-1.848683,1.522688,0.440455,1.719001
909,30.3,1,585.445318,421.325222,478.467407,417.305149,531.956363,419.315186,2.80089,1.990354,-1.861093,1.53486,0.469899,1.762607
910,30.333333,1,584.262543,420.696813,478.114977,417.164215,531.18876,418.930514,2.785717,2.04273,-1.85919,1.462427,0.463263,1.752579
911,30.366667,1,583.820705,420.567273,477.629862,416.962749,530.725284,418.765011,2.767932,2.044884,-1.834522,1.467354,0.466705,1.756119
912,30.4,1,583.557806,420.393262,477.15991,416.971675,530.358858,418.682469,2.768102,2.102258,-1.828714,1.477096,0.469694,1.789677
913,30.433333,1,583.283472,420.153472,476.626091,416.966794,529.954782,418.560133,2.755431,2.037896,-1.837884,1.501757,0.458774,1.769826
914,30.466667,1,583.211746,420.07395,476.586466,416.952589,529.899106,418.513269,2.743106,2.054039,-1.825042,1.559164,0.459032,1.806602
915,30.5,1,583.342228,419.87227,476.535311,417.002735,529.938769,418.437502,2.739927,2.027264,-1.833752,1.559162,0.453087,1.793213
916,30.533333,1,583.371811,419.662843,476.761646,416.784532,530.066729,418.223687,2.730981,2.060772,-1.824074,1.590379,0.453453,1.825575
917,30.566667,1,583.353767,419.567646,476.762733,416.612817,530.05825,418.090231,2.737806,2.034794,-1.812996,1.550388,0.462405,1.792591
918,30.6,1,583.826666,419.679365,477.48107,416.621829,530.653868,418.150597,2.70809,2.050232,-1.83114,1.527904,0.438475,1.789068
919,30.633333,1,587.204475,421.023216,482.061291,417.128177,534.632883,419.075696,2.820639,1.752517,-1.777918,1.74644,0.521361,1.749478
920,30.666667,1,590.347395,421.4066,485.911264,417.712437,538.12933,419.559519,2.814922,2.049127,-1.649173,1.901778,0.582874,1.975453
921,30.7,1,592.441559,421.938944,488.508549,418.029485,540.475054,419.984214,2.891899,2.462965,-1.574559,1.873123,0.65867,2.168044
922,30.733333,1,593.853331,422.356489,489.416437,418.397183,541.634884,420.376836,2.893934,2.577573,-1.645012,1.81058,0.624461,2.194076
923,30.766667,1,594.952517,422.876773,490.482273,418.506693,542.717395,420.691733,2.874519,2.553672,-1.668251,1.87983,0.603134,2.216751
924,30.8,1,596.325331,423.591506,491.444635,418.967432,543.884983,421.279469,2.900807,2.365766,-1.691779,1.827867,0.604514,2.096817
925,30.833333,1,597.833357,424.534024,492.666502,419.721583,545.249929,422.127804,2.899226,2.352766,-1.727359,2.103008,0.585934,2.227887
926,30.866667,1,598.102665,424.726692,493.061075,419.892536,545.58187,422.309614,2.888937,2.268935,-1.768023,2.158594,0.560457,2.213765
927,30.9,1,598.620453,425.07332,493.021297,420.181936,545.820875,422.627628,2.86977,2.250331,-1.771454,2.138251,0.549158,2.194291
928,30.933333,1,598.721962,425.229585,493.400202,420.339285,546.061082,422.784435,2.874021,2.220066,-1.753648,2.106379,0.560186,2.163223
929,30.966667,1,598.683643,425.140697,493.341942,420.20878,546.012793,422.674738,2.874751,2.25374,-1.759848,2.151769,0.557451,2.202754
930,31.0,1,598.689213,425.142875,493.278999,420.136231,545.984106,422.639553,2.878759,2.301703,-1.75144,2.076216,0.56366,2.188959
931,31.033333,1,598.586111,425.13706,493.221207,420.062052,545.903659,422.599556,2.86836,2.333391,-1.741249,2.130085,0.563555,2.231738
932,31.066667,1,596.289835,424.674743,491.519957,419.400244,543.904896,422.037494,2.85078,2.283476,-1.778731,2.114202,0.536024,2.198839
933,31.1,1,589.701023,422.394812,484.964657,418.989104,537.33284,420.691958,2.809544,2.691144,-1.916107,2.21995,0.446719,2.455547
934,31.133333,1,585.624113,421.497377,480.237961,418.207884,532.931037,419.85263,2.707718,2.085499,-1.944375,1.650065,0.381671,1.867782
935,31.166667,1,584.529924,420.716661,478.719368,417.667708,531.624646,419.192185,2.787398,2.321189,-1.882233,1.581021,0.452582,1.951105
936,31.2,1,583.138638,419.973421,477.101593,417.722715,530.120115,418.848068,2.745926,2.586954,-1.899124,1.63294,0.423401,2.109947
937,31.233333,1,581.141233,419.19807,474.640484,418.266292,527.890859,418.732181,2.815219,1.849247,-1.865322,1.689493,0.474949,1.76937
938,31.266667,1,581.278954,419.301571,474.772978,418.122944,528.025966,418.712257,2.776164,2.044917,-1.866277,1.680204,0.454944,1.86256
939,31.3,1,579.750919,418.605119,472.78964,418.206275,526.27028,418.405697,2.821306,1.628526,-1.9137,1.945583,0.453803,1.787054
940,31.333333,1,578.383045,418.119607,470.168667,418.9256,524.275856,418.522604,2.836992,1.72531,-1.912132,2.179588,0.46243,1.952449
941,31.366667,1,576.392422,417.622658,468.598318,419.38562,522.49537,418.504139,2.837523,1.614944,-1.898355,1.877765,0.469584,1.746354
942,31.4,1,574.963055,417.867887,468.042259,418.821423,521.502657,418.344655,2.888941,1.332071,-1.870021,1.795311,0.50946,1.563691
943,31.433333,1,574.08041,417.519168,466.54563,419.169778,520.31302,418.344473,2.886248,1.569179,-1.904305,1.873811,0.490972,1.721495
944,31.466667,1,573.162689,417.7197,465.983362,419.337727,519.573026,418.528714,2.928064,1.480484,-1.864188,1.757389,0.531938,1.618937
945,31.5,1,572.30772,417.996826,464.876699,419.883889,518.59221,418.940358,2.906696,1.426811,-1.858741,1.751109,0.523977,1.58896
946,31.533333,1,571.926622,418.128265,464.545937,420.147797,518.236279,419.138031,2.895595,1.561794,-1.872211,1.664432,0.511692,1.613113
947,31.566667,1,571.686993,418.392613,464.40464,420.361955,518.045816,419.377284,2.917029,1.439255,-1.886073,1.605126,0.515478,1.522191
948,31.6,1,571.775627,418.859264,464.350424,420.599867,518.063025,419.729565,2.906724,1.486811,-1.868168,1.674228,0.519278,1.58052
949,31.633333,1,571.690149,419.119685,464.255619,420.801752,517.972884,419.960718,2.913396,1.47758,-1.871768,1.725808,0.520814,1.601694
950,31.666667,1,571.708307,419.378207,464.314194,421.08495,518.01125,420.231578,2.9054,1.492666,-1.87838,1.706944,0.51351,1.599805
951,31.7,1,571.762781,419.500215,464.454079,421.208235,518.10843,420.354225,2.895148,1.600148,-1.863752,1.69222,0.515698,1.646184
952,31.733333,1,572.027483,419.564062,464.795275,421.09893,518.411379,420.331496,2.884242,1.573685,-1.852388,1.741275,0.515927,1.65748
953,31.766667,1,572.329082,419.496213,464.765139,421.243576,518.547111,420.369895,2.87786,1.615824,-1.844607,1.822188,0.516627,1.719006
954,31.8,1,572.362852,419.468404,464.830103,421.257684,518.596478,420.363044,2.886646,1.552979,-1.855881,1.846101,0.515383,1.69954
955,31.833333,1,572.435188,419.536736,464.894953,421.283809,518.665071,420.410272,2.883443,1.475376,-1.865555,1.84317,0.508944,1.659273
956,31.866667,1,572.348528,419.440895,464.854174,421.363492,518.601351,420.402194,2.892728,1.535185,-1.867476,1.80702,0.512626,1.671103
957,31.9,1,572.247581,419.523304,464.885073,421.429067,518.566327,420.476185,2.893555,1.51984,-1.864386,1.818004,0.514584,1.668922
958,31.933333,1,572.219667,419.457375,464.822931,421.419464,518.521299,420.43842,2.902081,1.447415,-1.858017,1.817643,0.522032,1.632529
959,31.966667,1,572.221231,419.490323,464.702339,421.491294,518.461785,420.490808,2.90368,1.473487,-1.876645,1.844517,0.513517,1.659002
960,32.0,1,572.087116,419.397358,464.430008,421.372558,518.258562,420.384958,2.894428,1.500871,-1.868341,1.848844,0.513043,1.674858
961,32.033333,1,571.968164,419.332309,464.400377,421.265152,518.184271,420.29873,2.893119,1.532981,-1.875233,1.881231,0.508943,1.707106
962,32.066667,1,571.71792,419.068294,464.226446,421.160717,517.972183,420.114505,2.900485,1.475357,-1.865359,1.80068,0.517563,1.638018
963,32.1,1,571.593037,419.105812,464.082527,421.114089,517.837782,420.109951,2.897606,1.456449,-1.872199,1.744052,0.512704,1.60025
964,32.133333,1,571.454506,418.998181,463.834686,420.945046,517.644596,419.971613,2.878739,1.442126,-1.870864,1.734722,0.503937,1.588424
965,32.166667,1,570.976114,418.69935,463.211708,420.765939,517.093911,419.732645,2.870281,1.627071,-1.857722,1.711807,0.506279,1.669439
966,32.2,1,570.500078,418.464625,462.690601,420.655539,516.59534,419.560082,2.862887,1.654978,-1.863023,1.758465,0.499932,1.706721
967,32.233333,1,569.871235,418.387291,462.024803,420.497761,515.948019,419.442526,2.855537,1.659073,-1.900692,1.659124,0.477423,1.659099
968,32.266667,1,569.336157,418.040214,461.290016,420.33421,515.313087,419.187212,2.812452,1.805115,-1.89777,1.580354,0.457341,1.692735
969,32.3,1,568.712416,417.661926,460.638609,420.29623,514.675512,418.979078,2.788585,1.734547,-1.904141,1.385721,0.442222,1.560134
970,32.333333,1,567.898817,417.701172,460.033579,420.120846,513.966198,418.911009,2.795874,1.674976,-1.900629,1.294512,0.447623,1.484744
971,32.366667,1,567.553062,417.69246,459.639683,420.071633,513.596373,418.882046,2.786736,1.792364,-1.885078,1.293286,0.450829,1.542825
972,32.4,1,567.110996,417.933376,459.251575,420.161562,513.181286,419.047469,2.80208,1.81778,-1.882302,1.228619,0.459889,1.5232
973,32.433333,1,566.943665,418.046093,459.044085,420.382426,512.993875,419.214259,2.817908,1.795383,-1.882345,1.219271,0.467782,1.507327
974,32.466667,1,566.944571,417.899183,459.091082,420.409323,513.017826,419.154253,2.802475,1.769868,-1.886515,1.298117,0.45798,1.533993
975,32.5,1,566.924181,417.880461,459.068403,420.461712,512.996292,419.171087,2.81029,1.714027,-1.885791,1.334863,0.462249,1.524445
976,32.533333,1,567.054052,418.028873,459.259348,420.562305,513.1567,419.295589,2.811395,1.780456,-1.890558,1.308003,0.460419,1.54423
977,32.566667,1,567.200365,418.024936,459.480295,420.825173,513.34033,419.425054,2.800293,1.7228,-1.885297,1.329724,0.457498,1.526262
978,32.6,1,567.159328,418.024925,459.395351,420.780745,513.27734,419.402835,2.806274,1.741978,-1.88302,1.292286,0.461627,1.517132
979,32.633333,1,567.158842,418.071746,459.417477,420.820559,513.288159,419.446152,2.823573,1.713999,-1.884179,1.356297,0.469697,1.535148
980,32.666667,1,567.183952,418.290571,459.392366,420.98706,513.288159,419.638816,2.815892,1.672161,-1.885635,1.369782,0.465128,1.520972
981,32.7,1,567.079859,418.229921,459.583044,420.996652,513.331451,419.613286,2.810143,1.662424,-1.873686,1.353252,0.468228,1.507838
982,32.733333,1,567.051926,418.190535,459.555569,421.018463,513.303747,419.604499,2.816116,1.62758,-1.875753,1.380359,0.470181,1.503969
983,32.766667,1,567.09486,418.227947,459.555407,421.2139,513.325133,419.720923,2.816945,1.610852,-1.874363,1.440924,0.471291,1.525888
984,32.8,1,567.377748,418.378376,459.354181,421.110206,513.365965,419.744291,2.822359,1.807492,-1.881265,1.40386,0.470547,1.605676
985,32.833333,1,567.687731,418.40391,459.543667,421.197238,513.615699,419.800574,2.832096,1.814844,-1.874426,1.411475,0.478835,1.61316
986,32.866667,1,567.807484,418.46367,459.863138,421.119078,513.835311,419.791374,2.823419,1.771788,-1.869339,1.404246,0.47704,1.588017
987,32.9,1,567.901545,418.523805,459.929733,421.188666,513.915639,419.856235,2.823551,1.746615,-1.863708,1.408096,0.479921,1.577356
988,32.933333,1,567.946892,418.491286,459.966526,421.34536,513.956709,419.918323,2.8236,1.739905,-1.858793,1.477068,0.482403,1.608486
989,32.966667,1,567.983751,418.608477,460.111542,421.341809,514.047647,419.975143,2.822454,1.691329,-1.855992,1.454385,0.483231,1.572857
990,33.0,1,568.02412,418.568652,460.181656,421.330951,514.102888,419.949802,2.818228,1.733415,-1.856206,1.506372,0.481011,1.619893
991,33.033333,1,568.092241,418.592577,460.195608,421.373062,514.143925,419.98282,2.818217,1.703867,-1.850157,1.498518,0.48403,1.601192
992,33.066667,1,568.335171,418.533504,460.365238,421.297306,514.350204,419.915405,2.837023,1.667019,-1.864055,1.511746,0.486484,1.589383
993,33.1,1,568.600407,418.57187,460.371685,421.181456,514.486046,419.876663,2.832696,1.627782,-1.882261,1.54925,0.475218,1.588516
994,33.133333,1,568.864098,418.628712,460.406227,421.059179,514.635162,419.843946,2.831893,1.588163,-1.893539,1.616483,0.469177,1.602323
995,33.166667,1,569.084635,418.593371,460.71847,421.006758,514.901552,419.800065,2.823961,1.521011,-1.894978,1.601679,0.464491,1.561345
996,33.2,1,569.437313,418.826573,460.901737,420.82234,515.169525,419.824457,2.856865,1.533323,-1.913225,1.595031,0.47182,1.564177
997,33.233333,1,569.833031,418.874209,461.14646,420.835236,515.489745,419.854723,2.842132,1.535332,-1.908699,1.620779,0.466717,1.578055
998,33.266667,1,570.062971,418.995434,461.446781,421.062956,515.754876,420.029195,2.86919,1.588459,-1.91382,1.665987,0.477685,1.627223
999,33.3,1,570.45701,419.151313,461.723137,421.156822,516.090074,420.154068,2.856824,1.539155,-1.907361,1.647534,0.474732,1.593344
1000,33.333333,1,570.796938,419.325153,462.210407,421.297692,516.503673,420.311422,2.881308,1.545536,-1.895535,1.727765,0.492887,1.63665
1001,33.366667,1,571.484528,419.841682,463.234377,421.68761,517.359452,420.764646,2.875024,1.468646,-1.917866,1.844286,0.478579,1.656466
1002,33.4,1,572.261829,420.454416,463.902683,422.011278,518.082256,421.232847,2.877639,1.460504,-1.897402,1.714042,0.490119,1.587273
1003,33.433333,1,573.019276,421.013045,465.26371,422.185879,519.141493,421.599462,2.859702,1.613888,-1.865948,1.612834,0.496877,1.613361
1004,33.466667,1,573.313055,421.256354,465.541792,422.479302,519.427423,421.867828,2.851279,1.58758,-1.8643,1.568483,0.49349,1.578032
1005,33.5,1,573.525352,421.578659,465.908737,422.749754,519.717045,422.164207,2.83326,1.573897,-1.857123,1.572899,0.488068,1.573398
1006,33.533333,1,573.916149,421.744205,466.114388,422.981819,520.015268,422.363012,2.855715,1.616415,-1.863485,1.637495,0.496115,1.626955
1007,33.566667,1,574.178038,422.135646,466.495037,423.234301,520.336537,422.684973,2.844742,1.61282,-1.85375,1.538063,0.495496,1.575442
1008,33.6,1,574.508696,422.455666,467.015476,423.358519,520.762086,422.907093,2.838278,1.555687,-1.835015,1.579333,0.501631,1.56751
1009,33.633333,1,574.900637,422.962292,467.398977,423.685459,521.149807,423.323876,2.848097,1.591683,-1.846918,1.583892,0.50059,1.587788
1010,33.666667,1,575.162449,423.147258,467.833395,423.773124,521.497922,423.460191,2.836936,1.605975,-1.861395,1.464802,0.487771,1.535389
1011,33.7,1,575.475397,423.510547,468.317509,423.794678,521.896453,423.652613,2.830596,1.682101,-1.850578,1.403691,0.490009,1.542896
1012,33.733333,1,575.720081,423.850994,468.529568,423.879501,522.124825,423.865247,2.825357,1.638645,-1.852644,1.417765,0.486356,1.528205
1013,33.766667,1,575.934811,424.215174,468.827,424.217856,522.380905,424.216515,2.820939,1.595301,-1.846734,1.496631,0.487103,1.545966
1014,33.8,1,576.000071,424.274064,468.791656,424.405375,522.395864,424.339719,2.843727,1.566462,-1.862226,1.47629,0.490751,1.521376
1015,33.833333,1,575.810747,424.436617,468.819542,424.463289,522.315145,424.449953,2.83609,1.502596,-1.840813,1.46783,0.497638,1.485213
1016,33.866667,1,575.817709,424.581006,468.900003,424.554977,522.358856,424.567991,2.842793,1.500775,-1.856814,1.507782,0.492989,1.504278
1017,33.9,1,575.747137,424.635304,468.979168,424.588741,522.363153,424.612023,2.831159,1.480362,-1.840725,1.51886,0.495217,1.499611
1018,33.933333,1,575.611095,424.806783,469.097948,424.551705,522.354522,424.679244,2.838874,1.43521,-1.863399,1.52041,0.487738,1.47781
1019,33.966667,1,575.412397,424.983981,468.751717,424.664401,522.082057,424.824191,2.831923,1.442944,-1.873712,1.549263,0.479106,1.496103
1020,34.0,1,575.310202,425.205445,468.728104,424.866661,522.019153,425.036053,2.835893,1.328461,-1.883689,1.594637,0.476102,1.461549
1021,34.033333,1,575.127735,425.390754,468.714666,425.048815,521.921201,425.219784,2.830019,1.409908,-1.891461,1.619388,0.469279,1.514648
1022,34.066667,1,574.910269,425.78962,468.936605,425.544219,521.923437,425.666919,2.831151,1.44709,-1.890482,1.770446,0.470334,1.608768
1023,34.1,1,574.67061,426.336651,468.635168,426.193979,521.652889,426.265315,2.801356,1.663928,-1.886892,1.86393,0.457232,1.763929
1024,34.133333,1,574.770603,426.529673,468.728476,426.198238,521.749539,426.363956,2.804109,1.569007,-1.895759,1.89951,0.454175,1.734259
1025,34.166667,1,574.932919,426.587942,468.60116,426.147598,521.767039,426.36777,2.812854,1.646879,-1.899084,1.901964,0.456885,1.774422
1026,34.2,1,575.536957,426.408008,469.01927,425.454322,522.278113,425.931165,2.830169,1.680202,-1.872653,1.699776,0.478758,1.689989
1027,34.233333,1,576.028233,426.13025,469.260263,424.824303,522.644248,425.477276,2.829111,1.611817,-1.861214,1.511102,0.483949,1.56146
1028,34.266667,1,576.441107,425.591919,469.602642,424.468106,523.021874,425.030013,2.840343,1.598887,-1.84343,1.577749,0.498456,1.588318
1029,34.3,1,576.867733,425.361582,469.952898,424.135008,523.410316,424.748295,2.839526,1.584268,-1.837139,1.554325,0.501194,1.569297
1030,34.333333,1,577.572613,425.675175,471.024103,424.248991,524.298358,424.962083,2.872579,1.407013,-1.844072,1.507216,0.514253,1.457115
1031,34.366667,1,578.371792,426.071992,471.624537,424.814208,524.998164,425.4431,2.88633,1.40461,-1.854863,1.68623,0.515733,1.54542
1032,34.4,1,579.022436,426.590238,471.904325,425.612948,525.463381,426.101593,2.844291,1.084754,-1.902979,2.060449,0.470656,1.572601
1033,34.433333,1,579.197874,427.150133,472.463436,425.708907,525.830655,426.42952,2.880522,1.268257,-1.856648,1.97463,0.511937,1.621443
1034,34.466667,1,579.324703,427.636739,472.170153,426.234308,525.747428,426.935524,2.837129,1.20947,-1.939382,2.235958,0.448874,1.722714
1035,34.5,1,579.319296,428.318106,472.585917,426.333497,525.952606,427.325801,2.876469,1.256112,-1.862304,1.970282,0.507082,1.613197
1036,34.533333,1,579.270916,428.438044,472.359667,426.383697,525.815291,427.41087,2.835375,1.23862,-1.932125,2.242324,0.451625,1.740472
1037,34.566667,1,579.148884,428.509498,471.692295,426.291375,525.420589,427.400436,2.824985,1.241608,-1.902002,2.108256,0.461491,1.674932
1038,34.6,1,578.790283,428.110557,471.594877,426.25479,525.19258,427.182673,2.792694,1.269643,-1.920961,2.209165,0.435867,1.739404
1039,34.633333,1,578.023291,427.600057,470.52639,425.825604,524.27484,426.712831,2.807313,1.476253,-1.931237,2.085917,0.438038,1.781085
1040,34.666667,1,577.338066,426.158423,469.637384,424.688337,523.487725,425.42338,2.803463,1.729641,-1.932853,2.015394,0.435305,1.872517
1041,34.7,1,577.219858,426.319088,469.038363,425.027808,523.12911,425.673448,2.809808,1.639642,-1.941709,2.012144,0.43405,1.825893
1042,34.733333,1,576.790752,426.369245,468.85994,425.419046,522.825346,425.894145,2.790437,1.558858,-1.943662,1.996616,0.423387,1.777737
1043,34.766667,1,576.299658,426.597877,468.350868,425.479267,522.325263,426.038572,2.76886,1.784753,-1.931005,1.865745,0.418928,1.825249
1044,34.8,1,575.857534,426.171641,467.860956,425.471478,521.859245,425.821559,2.773138,1.731835,-1.935423,1.92319,0.418857,1.827513
1045,34.833333,1,575.230885,425.759686,467.241507,425.24217,521.236196,425.500928,2.773997,1.666284,-1.91728,1.905648,0.428359,1.785966
1046,34.866667,1,574.680214,425.343955,466.799421,425.149516,520.739818,425.246735,2.777402,1.757276,-1.921583,1.855724,0.42791,1.8065
1047,34.9,1,574.131908,425.177014,466.17425,425.068588,520.153079,425.122801,2.77359,1.662556,-1.959718,1.764781,0.406936,1.713668
1048,34.933333,1,573.545761,424.729021,465.720892,424.370291,519.633327,424.549656,2.800106,1.758283,-1.935275,1.723755,0.432415,1.741019
1049,34.966667,1,573.227739,423.950719,465.477514,423.932308,519.352627,423.941513,2.803226,1.723472,-1.938864,1.779247,0.432181,1.75136
1050,35.0,1,573.004103,423.405458,465.488663,423.710918,519.246383,423.558188,2.800153,1.675224,-1.915935,1.811839,0.442109,1.743532
1051,35.033333,1,572.787342,422.860143,465.419426,423.436271,519.103384,423.148207,2.808133,1.643706,-1.904652,1.840984,0.45174,1.742345
1052,35.066667,1,573.171797,422.783818,465.506773,423.306999,519.339285,423.045409,2.821884,1.665054,-1.896542,1.789021,0.462671,1.727038
1053,35.1,1,573.365669,422.697312,465.665302,423.294028,519.515486,422.99567,2.819123,1.68894,-1.893284,1.773851,0.462919,1.731396
1054,35.133333,1,573.815079,422.840842,466.26976,423.344443,520.042419,423.092642,2.823699,1.628966,-1.890311,1.712019,0.466694,1.670492
1055,35.166667,1,574.06249,422.887652,466.603489,423.1651,520.33299,423.026376,2.815606,1.620483,-1.882978,1.536952,0.466314,1.578718
1056,35.2,1,574.53145,422.787992,467.350712,422.871172,520.941081,422.829582,2.827634,1.590358,-1.877883,1.539382,0.474876,1.56487
1057,35.233333,1,575.129099,422.739047,468.093996,422.911813,521.611547,422.82543,2.839895,1.571918,-1.859585,1.490242,0.490155,1.53108
1058,35.266667,1,576.141615,422.74336,468.876257,422.847698,522.508936,422.795529,2.821926,1.589799,-1.872735,1.461704,0.474595,1.525751
1059,35.3,1,577.264271,423.254846,470.045099,422.491297,523.654685,422.873071,2.82386,1.68602,-1.806172,1.448389,0.508844,1.567204
1060,35.333333,1,578.11717,423.462535,471.092777,422.721806,524.604974,423.09217,2.85053,1.573051,-1.815159,1.554098,0.517685,1.563575
1061,35.366667,1,579.03059,423.565929,472.04401,423.06501,525.5373,423.31547,2.89692,1.457182,-1.819238,1.655033,0.538841,1.556107
1062,35.4,1,579.62184,423.665396,472.835445,423.103441,526.228642,423.384418,2.899271,1.363387,-1.82377,1.70487,0.537751,1.534129
1063,35.433333,1,579.729347,423.602782,472.453051,423.174198,526.091199,423.38849,2.905337,1.328227,-1.8629,1.700248,0.521218,1.514238
1064,35.466667,1,580.501528,423.750036,473.745079,422.611974,527.123303,423.181005,2.872952,1.551163,-1.820132,1.696547,0.52641,1.623855
1065,35.5,1,581.241293,423.717281,474.071131,422.400455,527.656212,423.058868,2.874212,1.488698,-1.834566,1.653813,0.519823,1.571256
1066,35.533333,1,581.553507,424.106083,474.733715,422.551764,528.143611,423.328924,2.900295,1.541968,-1.852554,1.706869,0.52387,1.624419
1067,35.566667,1,581.992874,424.31463,475.412073,422.776619,528.702474,423.545625,2.903378,1.542868,-1.863301,1.68988,0.520039,1.616374
1068,35.6,1,582.279148,425.073996,475.616169,423.574941,528.947659,424.324468,2.909463,1.598833,-1.887986,1.760552,0.510738,1.679693
1069,35.633333,1,582.806377,425.827729,475.42366,424.712391,529.115019,425.27006,2.880915,1.76954,-1.927749,2.039053,0.476583,1.904296
1070,35.666667,1,582.594366,426.711624,475.939541,425.672225,529.266953,426.191924,2.907518,1.407305,-1.972555,2.188718,0.467482,1.798011
1071,35.7,1,582.345963,426.943549,475.866079,425.969671,529.106021,426.45661,2.87637,1.580129,-1.972658,2.079835,0.451856,1.829982
1072,35.733333,1,582.373142,426.645255,475.163279,425.713906,528.76821,426.179581,2.884327,1.588111,-1.924938,1.958974,0.479695,1.773543
1073,35.766667,1,582.047615,426.450419,474.465179,425.254047,528.256397,425.852233,2.87996,1.640785,-1.915776,1.857418,0.482092,1.749101
1074,35.8,1,581.787024,426.241754,474.400949,425.181477,528.093987,425.711616,2.891683,1.6747,-1.910285,1.854914,0.490699,1.764807
1075,35.833333,1,581.610126,426.185557,474.261208,425.27794,527.935667,425.731748,2.88822,1.643051,-1.905919,1.864209,0.491151,1.75363
1076,35.866667,1,581.464787,426.078268,474.11273,425.308667,527.788758,425.693468,2.890163,1.6478,-1.910487,1.84639,0.489838,1.747095
1077,35.9,1,581.270876,426.032252,473.899984,425.29693,527.58543,425.664591,2.88808,1.628144,-1.909593,1.881493,0.489244,1.754819
1078,35.933333,1,581.158218,425.928944,473.664455,425.216786,527.411337,425.572865,2.891928,1.573134,-1.919496,1.862687,0.486216,1.71791
1079,35.966667,1,581.041431,425.846515,473.58428,424.914576,527.312856,425.380545,2.894118,1.72388,-1.906436,1.802453,0.493841,1.763167
1080,36.0,1,581.056776,425.811324,473.779459,424.869901,527.418118,425.340613,2.91046,1.679403,-1.906033,1.770811,0.502214,1.725107
1081,36.033333,1,581.080551,425.742209,473.634939,424.876778,527.357745,425.309494,2.916737,1.678757,-1.907771,1.824506,0.504483,1.751631
1082,36.066667,1,580.878439,425.768248,473.279161,424.930476,527.0788,425.349362,2.925928,1.679344,-1.926456,1.666145,0.499736,1.672744
1083,36.1,1,580.194235,425.856954,472.481718,426.615633,526.337976,426.236293,2.902665,3.638457,-2.022798,2.107351,0.439934,2.872904
1084,36.133333,1,577.815533,428.305124,476.985722,428.290833,527.400627,428.297979,2.785271,115.467846,-1.985167,11.038646,0.400052,63.253246
1085,36.166667,1,577.814293,428.224754,477.99983,428.254699,527.907062,428.239726,2.772034,88.978849,-1.910148,11.613739,0.430943,50.296294
1086,36.2,1,576.057701,427.228475,477.610216,427.926697,526.833959,427.577586,2.783128,133.140952,-1.944812,8.705087,0.419158,70.92302
1087,36.233333,1,575.489531,428.080516,478.01693,428.550385,526.75323,428.315451,2.734498,72.713359,-1.80301,37.341013,0.465744,55.027186
1088,36.266667,1,572.618027,428.91582,477.972717,429.4936,525.295372,429.20471,2.626824,20.671806,-1.74177,85.940014,0.442527,53.30591
1089,36.3,1,572.771492,427.726014,476.264009,428.802974,524.517751,428.264494,2.664516,130.019318,-1.779606,86.689498,0.442455,108.354408
1090,36.333333,1,572.992868,426.400573,474.127092,427.881829,523.55998,427.141201,2.764125,291.139962,-1.85005,56.692455,0.457038,173.916208
1091,36.366667,1,570.454702,426.725464,471.787176,428.815774,521.120939,427.770619,2.772808,115.564872,-1.871631,95.962309,0.450589,105.76359
1092,36.4,1,570.128727,426.196328,470.381784,428.694935,520.255256,427.445632,2.746995,165.65278,-1.895353,109.175054,0.425821,137.413917
1093,36.433333,1,570.993567,425.345639,466.618967,428.524872,518.806267,426.935256,2.790796,50.730742,-1.999445,45.998252,0.395676,48.364497
1094,36.466667,1,568.353205,423.904413,464.039679,427.742461,516.196442,425.823437,2.829463,9.507143,-2.095789,12.516482,0.366837,11.011812
1095,36.5,1,566.527281,422.285807,460.339241,427.683882,513.433261,424.984844,2.875812,1.802584,-2.155091,5.135553,0.360361,3.469069
1096,36.533333,1,565.00474,421.489277,459.157238,426.97963,512.080989,424.234453,2.869377,1.500905,-2.165271,2.469286,0.352053,1.985095
1097,36.566667,1,563.722086,420.343609,457.243786,425.865859,510.482936,423.104734,2.887318,1.05759,-2.131563,2.050177,0.377878,1.553884
1098,36.6,1,562.600641,420.053802,455.418816,425.874195,509.009728,422.963998,2.849392,1.114332,-2.125836,2.006645,0.361778,1.560489
1099,36.633333,1,561.412716,419.817435,454.28174,425.360026,507.847228,422.58873,2.858787,1.145109,-2.022613,1.555559,0.418087,1.350334
1100,36.666667,1,557.23959,418.280969,452.1134,423.838903,504.676495,421.059936,2.802929,1.357111,-2.026506,2.0161,0.388212,1.686606
1101,36.7,1,554.94422,416.640186,449.51623,423.16834,502.230225,419.904263,2.716625,1.126849,-2.00541,1.652531,0.355607,1.38969
1102,36.733333,1,555.027761,416.410536,449.47238,422.257043,502.250071,419.333789,2.723831,1.302693,-1.957299,1.714844,0.383266,1.508769
1103,36.766667,1,554.799671,416.210561,449.732752,421.216539,502.266212,418.71355,2.740862,1.292729,-1.943932,1.670877,0.398465,1.481803
1104,36.8,1,554.790239,416.338491,449.833345,422.155001,502.311792,419.246746,2.736395,1.242783,-1.931906,1.719452,0.402244,1.481117
1105,36.833333,1,554.966354,416.400118,449.757843,421.942667,502.362099,419.171392,2.736568,1.31581,-1.947819,1.727353,0.394375,1.521582
1106,36.866667,1,555.949287,416.445265,450.971804,422.065995,503.460546,419.25563,2.795125,1.22222,-1.940483,1.84414,0.427321,1.53318
1107,36.9,1,557.805367,416.31492,451.772976,422.488807,504.789171,419.401864,2.800777,1.197152,-1.956825,1.722606,0.421976,1.459879
1108,36.933333,1,558.251696,416.675677,452.158995,422.462651,505.205345,419.569164,2.780812,1.307545,-1.957042,1.5841,0.411885,1.445823
1109,36.966667,1,559.21279,416.585577,452.758045,422.272643,505.985417,419.42911,2.788925,1.355252,-1.964225,1.551493,0.41235,1.453372
1110,37.0,1,559.912243,416.675076,453.959455,422.338175,506.935849,419.506626,2.75359,1.341381,-1.968163,1.545296,0.392714,1.443339
1111,37.033333,1,560.861874,416.764104,454.753895,422.323165,507.807884,419.543635,2.737659,1.199782,-1.976483,1.561927,0.380588,1.380855
1112,37.066667,1,561.947184,416.725534,456.263962,421.713563,509.105573,419.219549,2.72622,1.146617,-2.026234,1.626864,0.349993,1.38674
1113,37.1,1,562.978859,416.816568,457.3314,421.555345,510.155129,419.185957,2.727117,1.171896,-2.01698,1.661595,0.355069,1.416746
1114,37.133333,1,564.094715,417.104627,457.503471,421.771724,510.799093,419.438176,2.718565,1.267335,-2.05273,1.863439,0.332917,1.565387
1115,37.166667,1,565.202694,417.385036,457.873878,421.654072,511.538286,419.519554,2.659919,1.178729,-2.042399,2.012976,0.30876,1.595853
1116,37.2,1,565.77117,417.402599,458.14106,421.603711,511.956115,419.503155,2.687016,1.089228,-2.0707,2.081895,0.308158,1.585562
1117,37.233333,1,565.689707,417.249466,458.549595,421.620244,512.119651,419.434855,2.663243,1.025708,-2.097566,2.20076,0.282839,1.613234
1118,37.266667,1,566.061659,416.982683,458.729839,421.379306,512.395749,419.180995,2.685619,1.051844,-2.104766,2.187683,0.290427,1.619763
1119,37.3,1,566.485023,416.940819,459.117088,421.357023,512.801056,419.148921,2.684695,1.051426,-2.079304,2.241709,0.302696,1.646568
1120,37.333333,1,567.05205,417.190382,459.404764,421.173871,513.228407,419.182127,2.68609,0.999789,-2.085701,2.341689,0.300195,1.670739
1121,37.366667,1,567.333822,417.4216,459.700375,421.041638,513.517098,419.231619,2.678401,1.039889,-2.082094,2.289573,0.298154,1.664731
1122,37.4,1,567.564926,417.189041,459.884987,421.042185,513.724957,419.115613,2.680209,1.043667,-2.084345,2.306205,0.297932,1.674936
1123,37.433333,1,567.843838,417.556944,460.373898,420.990847,514.108868,419.273896,2.66589,1.006254,-2.084525,2.156094,0.290683,1.581174
1124,37.466667,1,568.156128,417.982289,461.045351,421.089638,514.600739,419.535964,2.663082,1.199763,-2.104249,2.372546,0.279416,1.786155
1125,37.5,1,571.443768,419.999428,463.194065,422.122375,517.318916,421.060901,2.70053,1.748363,-2.194049,2.604109,0.253241,2.176236
1126,37.533333,1,575.721493,421.365252,467.746525,422.053356,521.734009,421.709304,2.860653,2.271466,-2.094825,2.230401,0.382914,2.250934
1127,37.566667,1,578.649721,423.627405,474.226379,423.7286,526.43805,423.678002,2.887996,4.288372,-1.953712,3.797056,0.467142,4.042714
1128,37.6,1,579.234209,424.126586,475.957708,423.900465,527.595959,424.013525,2.860212,4.492146,-1.920713,3.154295,0.469749,3.823221
1129,37.633333,1,579.532423,424.007013,476.017847,423.99416,527.775135,424.000586,2.887986,4.997362,-1.943822,3.284406,0.472082,4.140884
1130,37.666667,1,579.885597,424.135265,476.741333,423.395834,528.313465,423.76555,2.851267,4.153833,-1.947961,3.481654,0.451653,3.817743
1131,37.7,1,580.302601,423.930012,476.433325,422.93752,528.367963,423.433766,2.877365,4.540421,-1.944226,3.094055,0.466569,3.817238
1132,37.733333,1,580.770712,423.909091,476.447392,423.106295,528.609052,423.507693,2.870688,3.490839,-1.915232,2.730241,0.477728,3.11054
1133,37.766667,1,581.030293,423.628961,476.45421,422.924227,528.742251,423.276594,2.893484,3.018464,-1.922796,2.580933,0.485344,2.799699
1134,37.8,1,581.08593,423.574501,476.156807,422.895023,528.621368,423.234762,2.88289,2.329208,-1.92478,2.258842,0.479055,2.294025
1135,37.833333,1,581.254349,423.497061,476.160421,422.764882,528.707385,423.130971,2.885586,2.204873,-1.910165,2.101757,0.487711,2.153315
1136,37.866667,1,581.277962,423.468972,475.967655,422.674266,528.622808,423.071619,2.869855,2.049367,-1.887697,2.010531,0.491079,2.029949
1137,37.9,1,581.366882,423.44627,475.866137,422.54979,528.616509,422.99803,2.866742,1.947581,-1.877895,1.935655,0.494423,1.941618
1138,37.933333,1,581.28582,423.398881,476.141367,422.401217,528.713593,422.900049,2.86176,2.038164,-1.870379,1.891555,0.49569,1.96486
1139,37.966667,1,581.192894,423.499668,476.086359,422.371005,528.639627,422.935336,2.868871,1.975668,-1.857981,1.899783,0.505445,1.937726
1140,38.0,1,581.190138,423.669376,476.118584,422.756824,528.654361,423.2131,2.855265,2.092553,-1.879769,1.965125,0.487748,2.028839
1141,38.033333,1,580.91526,424.159631,475.860271,422.993728,528.387766,423.576679,2.850303,2.168061,-1.881848,1.902311,0.484228,2.035186
1142,38.066667,1,580.898523,424.01845,475.88541,423.264663,528.391967,423.641557,2.840266,2.29355,-1.903934,2.076915,0.468166,2.185233
1143,38.1,1,580.275803,424.480788,475.480976,423.520825,527.878389,424.000806,2.830626,2.271157,-1.901244,2.166492,0.464691,2.218824
1144,38.133333,1,580.422831,424.140791,475.770903,423.308662,528.096867,423.724726,2.843912,2.44708,-1.906023,2.039688,0.468944,2.243384
1145,38.166667,1,580.288038,424.074208,475.856934,423.257807,528.072486,423.666008,2.814728,2.398662,-1.904262,2.110502,0.455233,2.254582
1146,38.2,1,580.30899,423.997968,475.585403,423.150734,527.947197,423.574351,2.834197,2.30911,-1.910609,2.096452,0.461794,2.202781
1147,38.233333,1,580.481577,423.951749,475.712967,423.182287,528.097272,423.567018,2.834088,2.456835,-1.909805,2.071858,0.462142,2.264347
1148,38.266667,1,580.413704,424.047064,475.539427,423.193735,527.976565,423.620399,2.848206,2.322209,-1.896693,2.073044,0.475756,2.197626
1149,38.3,1,580.475302,424.106019,475.524387,423.243452,527.999845,423.674735,2.836518,2.282687,-1.910454,2.102416,0.463032,2.192551
1150,38.333333,1,580.437994,424.236406,475.458832,423.369173,527.948413,423.802789,2.837018,2.047678,-1.902641,2.027107,0.467189,2.037393
1151,38.366667,1,580.720797,424.222759,475.608625,423.184111,528.164711,423.703435,2.840632,2.211859,-1.908636,2.066359,0.465998,2.139109
1152,38.4,1,580.791187,424.286059,475.593538,423.157718,528.192363,423.721889,2.846641,2.161898,-1.895526,2.057468,0.475558,2.109683
1153,38.433333,1,581.035099,424.271951,475.993948,422.950566,528.514524,423.611258,2.841171,2.439562,-1.895926,1.996823,0.472623,2.218192
1154,38.466667,1,580.973587,424.405825,475.916262,422.934558,528.444924,423.670192,2.830944,2.176187,-1.893416,1.800743,0.468764,1.988465
1155,38.5,1,581.240053,424.518285,476.284561,422.791682,528.762307,423.654984,2.831189,2.421393,-1.882077,1.692011,0.474556,2.056702
1156,38.533333,1,581.312666,424.521182,476.713581,422.717106,529.013124,423.619144,2.825041,2.340278,-1.876391,1.714345,0.474325,2.027312
1157,38.566667,1,581.515846,424.562949,476.614847,422.716527,529.065347,423.639738,2.817964,2.348646,-1.868235,1.678901,0.474864,2.013774
1158,38.6,1,581.740303,424.643587,476.45277,422.758573,529.096537,423.70108,2.820709,2.397153,-1.88245,1.707595,0.469129,2.052374
1159,38.633333,1,581.947489,424.579879,476.691017,422.725432,529.319253,423.652655,2.818463,2.488256,-1.871347,1.738394,0.473558,2.113325
1160,38.666667,1,581.991978,424.580984,476.908388,422.365522,529.450183,423.473253,2.821781,2.31329,-1.85907,1.591842,0.481355,1.952566
1161,38.7,1,582.148542,424.567283,477.339668,422.084996,529.744105,423.326139,2.833372,2.116695,-1.843263,1.575196,0.495055,1.845946
1162,38.733333,1,582.206659,424.601659,477.237043,422.247226,529.721851,423.424442,2.828597,2.214009,-1.838549,1.5848,0.495024,1.899404
1163,38.766667,1,582.30155,424.766904,477.264366,422.417439,529.782958,423.592172,2.827927,2.146741,-1.84236,1.558215,0.492783,1.852478
1164,38.8,1,582.3312,424.852016,477.451239,422.285979,529.891219,423.568997,2.821488,2.110798,-1.839701,1.554617,0.490893,1.832708
1165,38.833333,1,582.462893,424.825516,477.456837,422.377796,529.959865,423.601656,2.812774,2.218217,-1.838513,1.544099,0.487131,1.881158
1166,38.866667,1,582.46624,424.851748,477.469339,422.437674,529.96779,423.644711,2.821706,2.181244,-1.846697,1.624936,0.487505,1.90309
1167,38.9,1,582.551794,424.823788,477.650356,422.351779,530.101075,423.587784,2.819571,2.17203,-1.844468,1.592815,0.487552,1.882422
1168,38.933333,1,582.663012,424.906787,477.416792,422.221187,530.039902,423.563987,2.827514,1.951837,-1.850178,1.542837,0.488668,1.747337
1169,38.966667,1,583.155632,424.527555,477.812996,421.131974,530.484314,422.829764,2.860362,1.796822,-1.831816,1.547818,0.514273,1.67232
1170,39.0,1,583.586264,424.508264,478.439894,421.007316,531.013079,422.75779,2.855069,1.611926,-1.823159,1.641305,0.515955,1.626615
1171,39.033333,1,584.247179,424.484843,478.389673,420.922462,531.318426,422.703652,2.868551,1.637242,-1.848766,1.689419,0.509892,1.663331
1172,39.066667,1,585.090981,424.139256,479.079065,420.484436,532.085023,422.311846,2.871652,1.611679,-1.844511,1.652456,0.51357,1.632067
1173,39.1,1,585.48605,424.209895,479.31489,420.450135,532.40047,422.330015,2.854435,1.674477,-1.840475,1.672782,0.50698,1.67363
1174,39.133333,1,585.856152,424.295779,479.62882,420.64907,532.742486,422.472425,2.841551,1.651245,-1.847653,1.729096,0.496949,1.690171
1175,39.166667,1,586.329231,424.292926,479.896021,420.783545,533.112626,422.538235,2.844105,1.605829,-1.838289,1.773218,0.502908,1.689524
1176,39.2,1,586.69322,424.434021,480.511055,420.722959,533.602138,422.57849,2.845624,1.592941,-1.828094,1.707632,0.508765,1.650287
1177,39.233333,1,587.012043,424.572133,480.733328,420.858872,533.872685,422.715502,2.837755,1.637965,-1.839696,1.684441,0.499029,1.661203
1178,39.266667,1,587.394314,424.600532,480.934591,420.930787,534.164453,422.76566,2.840089,1.584209,-1.833306,1.72978,0.503392,1.656994
1179,39.3,1,587.82196,424.675945,481.505442,421.087021,534.663701,422.881483,2.832234,1.547757,-1.813302,1.708346,0.509466,1.628052
1180,39.333333,1,588.164148,424.820323,482.348852,421.247792,535.2565,423.034058,2.82187,1.515524,-1.78523,1.713402,0.51832,1.614463
1181,39.366667,1,588.505068,424.87534,482.25585,421.470147,535.380459,423.172744,2.840752,1.560059,-1.789382,1.730853,0.525685,1.645456
1182,39.4,1,589.144926,425.04447,483.017559,421.411611,536.081243,423.22804,2.843957,1.540634,-1.79877,1.706018,0.522594,1.623326
1183,39.433333,1,589.645643,425.258853,483.131952,421.357151,536.388798,423.308002,2.885431,1.651524,-1.819178,1.530383,0.533126,1.590954
1184,39.466667,1,589.919519,425.290632,483.470573,421.226184,536.695046,423.258408,2.872014,1.61007,-1.802063,1.560863,0.534976,1.585466
1185,39.5,1,590.183334,425.275193,483.69626,421.233673,536.939797,423.254433,2.860838,1.636295,-1.796116,1.540292,0.532361,1.588294
1186,39.533333,1,590.432138,425.292671,484.052887,421.292746,537.242513,423.292708,2.857607,1.648812,-1.804625,1.526397,0.526491,1.587605
1187,39.566667,1,590.675859,425.285697,484.220724,421.161404,537.448292,423.22355,2.855365,1.699424,-1.798972,1.526795,0.528196,1.613109
1188,39.6,1,590.711498,425.164933,484.260187,421.303293,537.485843,423.234113,2.85084,1.678949,-1.808678,1.5431,0.521081,1.611025
1189,39.633333,1,591.004009,425.259111,484.739704,421.296694,537.871857,423.277903,2.860648,1.640427,-1.805424,1.547082,0.527612,1.593755
1190,39.666667,1,591.13656,425.352291,484.840479,421.236184,537.98852,423.294237,2.878983,1.643562,-1.821232,1.487909,0.528875,1.565735
1191,39.7,1,591.324301,425.293679,485.135994,421.178656,538.230147,423.236167,2.864072,1.655137,-1.806128,1.528327,0.528972,1.591732
1192,39.733333,1,591.518154,425.406815,485.522852,421.204094,538.520503,423.305454,2.885041,1.536814,-1.82707,1.497151,0.528986,1.516983
1193,39.766667,1,591.757469,425.304558,485.734634,421.203235,538.746052,423.253897,2.888969,1.527539,-1.830113,1.470527,0.529428,1.499033
1194,39.8,1,591.832018,425.25939,486.064301,421.270452,538.948159,423.264921,2.883112,1.484466,-1.836953,1.505175,0.52308,1.494821
1195,39.833333,1,591.984158,425.285493,486.177874,421.179782,539.081016,423.232638,2.879662,1.51186,-1.856188,1.472719,0.511737,1.49229
1196,39.866667,1,592.031307,425.264926,486.330595,421.168066,539.180951,423.216496,2.896049,1.522459,-1.846723,1.473692,0.524663,1.498075
1197,39.9,1,592.304716,425.473452,486.356306,421.138852,539.330511,423.306152,2.904591,1.621147,-1.858606,1.455955,0.522992,1.538551
1198,39.933333,1,592.510252,425.437285,486.435757,421.185404,539.473004,423.311344,2.895829,1.554811,-1.85452,1.465109,0.520655,1.50996
1199,39.966667,1,592.64327,425.531377,486.201944,421.202441,539.422607,423.366909,2.900757,1.683266,-1.882945,1.423551,0.508906,1.553408
1200,40.0,1,592.666988,425.526141,486.273165,421.182647,539.470077,423.354394,2.90747,1.646408,-1.870611,1.478749,0.51843,1.562578
1201,40.033333,1,592.709761,425.549873,486.092291,421.151158,539.401026,423.350515,2.901806,1.701915,-1.883544,1.456442,0.509131,1.579178
1202,40.066667,1,592.735271,425.520884,486.186934,421.222558,539.461102,423.371721,2.904855,1.645151,-1.873757,1.494884,0.515549,1.570017
1203,40.1,1,592.742481,425.507612,486.232691,421.185308,539.487586,423.34646,2.900189,1.696527,-1.873003,1.481497,0.513593,1.589012
1204,40.133333,1,592.596445,425.411353,486.054602,420.962137,539.325523,423.186745,2.902643,1.707624,-1.877499,1.497681,0.512572,1.602652
1205,40.166667,1,592.58872,425.272683,485.883169,420.861661,539.235945,423.067172,2.909601,1.707219,-1.870158,1.536656,0.519722,1.621938
1206,40.2,1,592.482481,425.172905,485.928087,420.779082,539.205284,422.975993,2.910742,1.735571,-1.869571,1.536285,0.520586,1.635928
1207,40.233333,1,592.422924,425.162412,486.027288,420.705568,539.225106,422.93399,2.907868,1.715882,-1.858442,1.533743,0.524713,1.624813
1208,40.266667,1,592.383356,425.188333,486.355743,420.708035,539.36955,422.948184,2.921205,1.558464,-1.843105,1.5297,0.53905,1.544082
1209,40.3,1,592.528782,425.253789,486.532583,420.683177,539.530683,422.968483,2.917028,1.499962,-1.847066,1.482044,0.534981,1.491003
1210,40.333333,1,592.603092,425.148915,487.005796,420.749127,539.804444,422.949021,2.877778,1.479054,-1.880169,1.475676,0.498804,1.477365
1211,40.366667,1,593.104525,425.430933,487.339344,420.860749,540.221934,423.145841,2.901393,1.428214,-1.869442,1.483105,0.515976,1.455659
1212,40.4,1,593.512783,425.476348,487.759514,421.1612,540.636148,423.318774,2.879921,1.424664,-1.935134,1.513784,0.472393,1.469224
1213,40.433333,1,594.239416,426.111646,488.263693,421.271857,541.251554,423.691751,2.930729,1.333887,-1.875451,1.492939,0.527639,1.413413
1214,40.466667,1,594.98127,426.419284,489.081545,421.368181,542.031407,423.893732,2.931046,1.423264,-1.87251,1.681461,0.529268,1.552362
1215,40.5,1,595.249739,426.692473,489.793682,421.301233,542.52171,423.996853,2.85449,1.507091,-1.884672,1.695624,0.484909,1.601358
1216,40.533333,1,595.719576,426.974276,490.535383,421.194974,543.12748,424.084625,2.852813,1.503558,-1.890344,1.682201,0.481235,1.592879
1217,40.566667,1,596.519899,427.446259,491.248646,420.989077,543.884273,424.217668,2.847365,1.552492,-1.878743,1.630579,0.484311,1.591536
1218,40.6,1,596.966991,427.738212,491.231518,421.319064,544.099255,424.528638,2.825679,1.724493,-1.915885,1.773383,0.454897,1.748938
1219,40.633333,1,597.194357,428.055314,491.920815,421.585515,544.557586,424.820414,2.811139,1.853932,-1.960714,1.966485,0.425212,1.910209
1220,40.666667,1,597.196083,428.55163,491.682215,422.583854,544.439149,425.567742,2.859198,2.537087,-2.041784,2.060366,0.408707,2.298727
1221,40.7,1,596.653233,429.354683,493.339882,424.008343,544.996557,426.681513,2.834142,3.980356,-2.012798,2.309154,0.410672,3.144755
1222,40.733333,1,596.252022,429.532235,493.282232,424.439621,544.767127,426.985928,2.824336,5.470286,-1.978965,2.523958,0.422686,3.997122
1223,40.766667,1,596.566916,429.69659,493.599977,424.283516,545.083447,426.990053,2.810801,4.023572,-2.010688,2.80393,0.400057,3.413751
1224,40.8,1,596.383228,429.721813,493.559008,424.336442,544.971118,427.029127,2.807183,5.509293,-1.979763,2.560972,0.41371,4.035133
1225,40.833333,1,596.271935,429.798052,493.805237,424.335637,545.038586,427.066845,2.804976,5.10625,-1.99288,2.657438,0.406048,3.881844
1226,40.866667,1,596.189289,429.644394,493.402328,424.350389,544.795809,426.997392,2.802064,5.216681,-1.989754,2.584028,0.406155,3.900355
1227,40.9,1,596.221666,429.680218,493.764782,424.218961,544.993224,426.949589,2.804255,4.496843,-1.996479,2.528857,0.403888,3.51285
1228,40.933333,1,596.009245,429.538994,493.145361,424.456691,544.577303,426.997842,2.809388,4.833424,-1.988894,2.38719,0.410247,3.610307
1229,40.966667,1,596.185579,429.463162,492.386465,424.267327,544.286022,426.865245,2.830457,3.676197,-1.99072,2.277525,0.419869,2.976861
1230,41.0,1,596.557636,429.377053,491.94149,424.134933,544.249563,426.755993,2.85185,3.667335,-1.996022,2.366931,0.427914,3.017133
1231,41.033333,1,596.620235,429.207237,491.494884,423.91777,544.05756,426.562504,2.8433,3.132494,-2.015224,2.138032,0.414038,2.635263
1232,41.066667,1,596.563721,428.912891,491.137304,423.011795,543.850513,425.962343,2.843511,1.892355,-2.00424,1.869418,0.419636,1.880886
1233,41.1,1,596.747274,428.731059,491.194391,422.166384,543.970833,425.448722,2.836796,1.714332,-1.991265,1.794492,0.422766,1.754412
1234,41.133333,1,596.9345,428.770251,490.766354,422.163842,543.850427,425.467046,2.811438,1.629229,-1.945475,1.613644,0.432981,1.621436
1235,41.166667,1,596.94828,428.424321,490.794411,421.985958,543.871346,425.20514,2.832005,1.674225,-1.939252,1.667791,0.446376,1.671008
1236,41.2,1,596.965704,428.285447,490.534601,421.821034,543.750153,425.053241,2.839735,1.656269,-1.911762,1.641078,0.463986,1.648673
1237,41.233333,1,596.859121,427.914187,490.144882,421.651314,543.502002,424.782751,2.846122,1.660319,-1.901619,1.567744,0.472252,1.614032
1238,41.266667,1,596.579485,427.24961,490.209188,421.021446,543.394337,424.135528,2.850379,1.684639,-1.881316,1.555815,0.484531,1.620227
1239,41.3,1,596.34675,427.042898,490.039577,420.767924,543.193164,423.905411,2.854593,1.603461,-1.880107,1.502177,0.487243,1.552819
1240,41.333333,1,596.182852,427.041053,489.676647,420.864751,542.929749,423.952902,2.873909,1.561842,-1.868242,1.520444,0.502833,1.541143
1241,41.366667,1,596.108942,427.011881,489.515181,421.214072,542.812061,424.112976,2.879459,1.478912,-1.863614,1.532941,0.507922,1.505926
1242,41.4,1,596.12154,427.006291,489.553394,421.405635,542.837467,424.205963,2.872112,1.417702,-1.871554,1.540648,0.500279,1.479175
1243,41.433333,1,596.043625,427.066845,489.602966,421.356325,542.823296,424.211585,2.868038,1.42795,-1.876272,1.496847,0.495883,1.462398
1244,41.466667,1,596.018982,426.982999,489.538002,421.381463,542.778492,424.182231,2.874464,1.498533,-1.883829,1.545437,0.495318,1.521985
1245,41.5,1,595.961428,426.932369,489.486723,421.46886,542.724075,424.200615,2.869921,1.524125,-1.887856,1.550026,0.491032,1.537075
1246,41.533333,1,595.876589,426.86275,489.226427,421.497881,542.551508,424.180316,2.890427,1.468897,-1.887999,1.5944,0.501214,1.531648
1247,41.566667,1,595.714693,426.775954,489.143286,421.588283,542.428989,424.182118,2.893182,1.420676,-1.887024,1.613838,0.503079,1.517257
1248,41.6,1,595.574083,426.80387,488.941545,421.615298,542.257814,424.209584,2.900294,1.413049,-1.886555,1.565769,0.50687,1.489409
1249,41.633333,1,595.32979,426.801585,488.838797,421.607444,542.084293,424.204515,2.896212,1.403201,-1.887179,1.557437,0.504517,1.480319
1250,41.666667,1,595.286083,426.806134,488.603497,421.661775,541.94479,424.233955,2.89796,1.391754,-1.892235,1.562897,0.502862,1.477326
1251,41.7,1,595.295935,426.659546,488.262253,421.781541,541.779094,424.220544,2.937071,1.415768,-1.876826,1.663451,0.530122,1.539609
1252,41.733333,1,595.188046,426.541089,488.271475,421.717232,541.72976,424.129161,2.926707,1.349248,-1.878389,1.644327,0.524159,1.496787
1253,41.766667,1,595.100641,426.534061,488.222198,421.582156,541.66142,424.058109,2.919899,1.375819,-1.879989,1.638017,0.519955,1.506918
1254,41.8,1,594.870195,426.392688,488.055477,421.56381,541.462836,423.978249,2.927313,1.332117,-1.881061,1.638422,0.523126,1.485269
1255,41.833333,1,594.863338,426.244576,488.155136,421.519006,541.509237,423.881791,2.924252,1.325424,-1.877315,1.642612,0.523469,1.484018
1256,41.866667,1,594.97591,426.381894,488.263664,421.605577,541.619787,423.993736,2.920413,1.318424,-1.876532,1.646389,0.521941,1.482407
1257,41.9,1,595.266285,426.448209,488.437195,421.590579,541.85174,424.019394,2.917321,1.365401,-1.871484,1.665399,0.522919,1.5154
1258,41.933333,1,595.561743,426.567761,489.016924,421.586705,542.289333,424.077233,2.924148,1.348254,-1.864333,1.685072,0.529907,1.516663
1259,41.966667,1,596.015606,426.46662,489.573374,421.475158,542.79449,423.970889,2.906831,1.431165,-1.863004,1.667487,0.521914,1.549326
1260,42.0,1,596.369362,426.437416,490.249844,420.674036,543.309603,423.555726,2.875139,1.484874,-1.8563,1.622779,0.50942,1.553826
1261,42.033333,1,596.484175,426.343732,490.079231,420.791312,543.281703,423.567522,2.908343,1.493992,-1.866216,1.631118,0.521064,1.562555
1262,42.066667,1,596.576319,426.18134,490.291252,420.524604,543.433785,423.352972,2.886649,1.542585,-1.860474,1.601356,0.513088,1.571971
1263,42.1,1,596.731653,426.015902,490.339756,420.431532,543.535705,423.223717,2.889985,1.433735,-1.860136,1.607119,0.514925,1.520427
1264,42.133333,1,596.713152,425.762165,490.062304,420.123861,543.387728,422.943013,2.893485,1.478705,-1.870254,1.599302,0.511616,1.539004
1265,42.166667,1,596.617661,425.70955,490.107775,420.051763,543.362718,422.880657,2.896607,1.461346,-1.870617,1.609325,0.512995,1.535336
1266,42.2,1,596.53265,425.648772,489.947929,420.067985,543.24029,422.858378,2.920052,1.46767,-1.871574,1.616135,0.524239,1.541903
1267,42.233333,1,596.370163,425.609697,489.837389,420.074422,543.103776,422.84206,2.919413,1.47334,-1.871988,1.638805,0.523713,1.556073
1268,42.266667,1,596.01511,425.578744,489.467115,420.026969,542.741113,422.802857,2.927468,1.530452,-1.882379,1.649243,0.522544,1.589847
1269,42.3,1,595.514803,425.519854,489.251165,420.107778,542.382984,422.813816,2.935057,1.516131,-1.886449,1.681542,0.524304,1.598837
1270,42.333333,1,595.308609,425.472701,488.954134,420.291853,542.131371,422.882277,2.956819,1.455298,-1.879989,1.674476,0.538415,1.564887
1271,42.366667,1,595.133572,425.262501,488.661766,420.435405,541.897669,422.848953,2.94634,1.429237,-1.886184,1.694365,0.530078,1.561801
1272,42.4,1,594.906588,425.293143,488.651705,420.555353,541.779146,422.924248,2.924969,1.349845,-1.869247,1.708283,0.527861,1.529064
1273,42.433333,1,594.808588,425.371753,488.407621,420.55266,541.608105,422.962207,2.930785,1.402605,-1.865519,1.735926,0.532633,1.569265
1274,42.466667,1,594.712315,425.256987,488.489361,420.577519,541.600838,422.917253,2.928159,1.356074,-1.871698,1.705331,0.528231,1.530703
1275,42.5,1,594.84189,425.21361,488.33005,420.534421,541.58597,422.874016,2.945326,1.326819,-1.872717,1.742782,0.536305,1.534801
1276,42.533333,1,594.715137,424.937814,488.121214,420.36806,541.418176,422.652937,2.967116,1.343283,-1.870574,1.700371,0.548271,1.521827
1277,42.566667,1,594.648838,424.625305,488.072777,420.118539,541.360807,422.371922,2.980349,1.34864,-1.867356,1.699416,0.556496,1.524028
1278,42.6,1,594.456587,424.374475,487.849998,419.744275,541.153293,422.059375,2.977368,1.333594,-1.876423,1.745903,0.550472,1.539748
1279,42.633333,1,594.328098,423.995512,487.798967,419.53164,541.063533,421.763576,2.982784,1.24943,-1.871333,1.759247,0.555726,1.504339
1280,42.666667,1,594.046869,423.700554,487.337198,419.265897,540.692034,421.483226,2.980461,1.263325,-1.883629,1.707307,0.548416,1.485316
1281,42.7,1,593.634739,423.221329,487.09857,419.071577,540.366654,421.146453,2.983824,1.236031,-1.864375,1.683636,0.559725,1.459833
1282,42.733333,1,593.584137,422.866699,486.603832,418.86481,540.093985,420.865754,2.966625,1.270783,-1.859868,1.727792,0.553378,1.499287
1283,42.766667,1,593.11717,422.432867,486.178274,418.620429,539.647722,420.526648,2.966112,1.348491,-1.866555,1.786529,0.549778,1.56751
1284,42.8,1,592.679148,422.243836,485.714626,418.553267,539.196887,420.398551,2.95494,1.545263,-1.862749,1.906057,0.546095,1.72566
1285,42.833333,1,592.450294,421.925544,485.681963,418.357401,539.066129,420.141472,2.957714,1.718249,-1.844821,1.991742,0.556447,1.854996
1286,42.866667,1,591.807108,421.794791,484.799118,418.208077,538.303113,420.001434,2.948748,1.528623,-1.856101,1.999839,0.546323,1.764231
1287,42.9,1,591.474056,421.649609,484.659004,418.090274,538.06653,419.869941,2.93445,1.499598,-1.853406,2.004457,0.540522,1.752027
1288,42.933333,1,591.125832,421.452423,484.595623,417.88545,537.860727,419.668937,2.917941,1.495808,-1.849158,2.020201,0.534391,1.758004
1289,42.966667,1,590.9445,421.245164,484.30234,417.765856,537.62342,419.50551,2.904072,1.527661,-1.844349,1.97466,0.529862,1.75116
1290,43.0,1,590.452223,421.128552,484.378653,417.940671,537.415438,419.534612,2.901951,1.511855,-1.847555,2.065306,0.527198,1.788581
1291,43.033333,1,590.095367,421.107985,483.843307,418.476856,536.969337,419.79242,2.91134,2.535344,-1.934089,2.989026,0.488625,2.762185
1292,43.066667,1,589.098043,421.079178,482.870817,418.230007,535.98443,419.654592,2.876834,3.116607,-1.920048,2.880709,0.478393,2.998658
1293,43.1,1,589.441719,419.969419,482.80323,417.545335,536.122475,418.757377,2.887877,2.069822,-1.912186,2.712624,0.487845,2.391223
1294,43.133333,1,588.962021,419.239054,482.463751,416.225549,535.712886,417.732301,2.866434,1.657632,-1.903034,2.179436,0.4817,1.918534
1295,43.166667,1,589.252539,418.670222,482.287855,414.781501,535.770197,416.725861,2.891597,1.963492,-1.936513,1.997574,0.477542,1.980533
1296,43.2,1,589.525614,417.72235,482.090464,414.128051,535.808039,415.925201,2.87664,1.915014,-1.916525,1.966867,0.480058,1.94094
1297,43.233333,1,589.501581,416.846792,482.180834,413.702556,535.841208,415.274674,2.89612,1.682925,-1.921054,2.254647,0.487533,1.968786
1298,43.266667,1,589.333439,416.136274,482.427588,413.162284,535.880513,414.649279,2.870841,1.531706,-1.896661,2.225188,0.48709,1.878447
1299,43.3,1,589.278889,415.171505,482.50576,412.204134,535.892324,413.68782,2.854387,1.559383,-1.899202,2.309875,0.477593,1.934629
1300,43.333333,1,589.161224,414.656875,481.952658,410.977764,535.556941,412.81732,2.889994,1.667371,-1.891873,1.964713,0.499061,1.816042
1301,43.366667,1,588.036242,413.637882,482.050152,410.567011,535.043197,412.102447,2.880215,1.394153,-1.899571,1.866047,0.490322,1.6301
1302,43.4,1,588.084764,412.791903,481.374083,409.450579,534.729424,411.121241,2.904762,1.756343,-1.929192,1.896469,0.487785,1.826406
1303,43.433333,1,588.035374,411.619713,481.460743,408.521011,534.748058,410.070362,2.934328,2.006608,-1.938184,1.76198,0.498072,1.884294
1304,43.466667,1,587.924309,410.960062,481.294098,407.726111,534.609203,409.343086,2.913417,1.881284,-1.937015,1.654775,0.488201,1.76803
1305,43.5,1,587.772484,409.877125,481.41552,407.01582,534.594002,408.446472,2.840985,1.703595,-1.906987,1.69282,0.466999,1.698207
1306,43.533333,1,587.624912,409.168839,481.447229,406.207112,534.536071,407.687976,2.8361,1.662018,-1.868221,1.620381,0.483939,1.641199
1307,43.566667,1,587.289791,408.255934,481.68355,405.492314,534.48667,406.874124,2.858402,1.482006,-1.832763,1.592989,0.512819,1.537497
1308,43.6,1,587.022533,407.523755,481.347065,404.763815,534.184799,406.143785,2.845555,1.436978,-1.803694,1.806089,0.52093,1.621534
1309,43.633333,1,586.868343,406.879617,481.274137,403.940914,534.07124,405.410265,2.776813,1.121409,-1.785858,1.784235,0.495478,1.452822
1310,43.666667,1,586.708717,406.544459,481.310062,403.350731,534.00939,404.947595,2.77356,1.137442,-1.788255,1.796588,0.492652,1.467015
1311,43.7,1,586.928549,406.238161,481.366453,402.866002,534.147501,404.552082,2.783673,0.979955,-1.779816,1.842973,0.501929,1.411464
1312,43.733333,1,586.899061,406.017845,481.232882,402.457749,534.065971,404.237797,2.776385,0.978659,-1.765887,1.848781,0.505249,1.41372
1313,43.766667,1,586.83054,405.94005,481.313257,402.54844,534.071898,404.244245,2.761982,0.96983,-1.760659,1.826238,0.500661,1.398034
1314,43.8,1,586.89909,405.584593,481.334934,402.060041,534.117012,403.822317,2.77283,1.037553,-1.786559,1.783144,0.493135,1.410348
1315,43.833333,1,587.011232,405.472326,481.407852,401.770459,534.209542,403.621393,2.762977,1.025885,-1.791003,1.799042,0.485987,1.412463
1316,43.866667,1,586.532373,405.629954,481.305637,401.963117,533.919005,403.796536,2.739864,1.013585,-1.746051,1.731269,0.496906,1.372427
1317,43.9,1,586.020842,405.510371,480.875969,402.274468,533.448405,403.892419,2.749994,0.840389,-1.717294,1.674651,0.51635,1.25752
1318,43.933333,1,585.681648,405.560721,480.791464,402.416099,533.236556,403.98841,2.747048,0.968312,-1.725109,1.574396,0.51097,1.271354
1319,43.966667,1,585.320015,405.886438,480.550213,402.765677,532.935114,404.326057,2.734387,1.009589,-1.713778,1.595384,0.510305,1.302486
1320,44.0,1,584.739923,406.227272,480.157146,403.389891,532.448535,404.808581,2.730498,1.102697,-1.700475,1.613259,0.515012,1.357978
1321,44.033333,1,584.402914,406.404222,479.845247,403.523079,532.124081,404.963651,2.735463,0.858919,-1.69775,1.544837,0.518857,1.201878
1322,44.066667,1,583.783541,406.456461,479.431963,403.848839,531.607752,405.15265,2.736616,0.828309,-1.7104,1.45329,0.513108,1.140799
1323,44.1,1,583.130674,406.605549,478.863707,403.985642,530.99719,405.295596,2.738272,1.075074,-1.727786,1.423331,0.505243,1.249202
1324,44.133333,1,582.405739,407.010337,477.655153,404.20877,530.030446,405.609553,2.75504,1.308756,-1.751334,1.303357,0.501853,1.306056
1325,44.166667,1,581.88879,407.287699,476.494083,404.998037,529.191437,406.142868,2.785668,1.279587,-1.7812,1.313036,0.502234,1.296311
1326,44.2,1,581.087255,407.37883,475.542316,405.663782,528.314786,406.521306,2.78723,1.181289,-1.812239,1.273808,0.487496,1.227549
1327,44.233333,1,580.652819,408.114667,475.859451,408.419688,528.256135,408.267177,2.804149,1.824241,-1.807597,2.364275,0.498276,2.094258
1328,44.266667,1,578.349829,411.566756,475.726442,413.110399,527.038136,412.338578,2.83238,3.437309,-1.961692,3.838314,0.435344,3.637812
1329,44.3,1,579.405861,411.300788,474.827805,412.986245,527.116833,412.143517,2.866569,3.525034,-1.944756,3.580421,0.460907,3.552728
1330,44.333333,1,578.951654,410.709972,475.171623,412.401803,527.061639,411.555887,2.884037,2.324541,-1.942494,3.078868,0.470771,2.701704
1331,44.366667,1,578.427696,410.301547,474.415951,411.987262,526.421824,411.144404,2.901799,1.905564,-1.927377,2.926027,0.487211,2.415796
1332,44.4,1,578.688173,410.016696,474.339409,411.392273,526.513791,410.704485,2.89787,1.941196,-1.928228,2.873948,0.484821,2.407572
1333,44.433333,1,578.500462,409.604237,474.143887,410.870551,526.322174,410.237394,2.878681,1.55259,-1.917717,2.995202,0.480482,2.273896
1334,44.466667,1,578.776417,409.54702,474.281015,410.798646,526.528716,410.172833,2.852671,1.656613,-1.920879,2.985227,0.465896,2.32092
1335,44.5,1,578.971548,409.510832,474.208584,410.645535,526.590066,410.078183,2.868714,1.800898,-1.924149,2.915282,0.472282,2.35809
1336,44.533333,1,579.77828,409.577383,474.604111,410.323563,527.191195,409.950473,2.879544,1.965825,-1.885715,2.791341,0.496915,2.378583
1337,44.566667,1,579.647217,409.441223,474.697609,410.320966,527.172413,409.881095,2.851781,1.849856,-1.859823,2.712835,0.495979,2.281346
1338,44.6,1,580.016708,409.572512,474.6488,410.045396,527.332754,409.808954,2.901716,2.037216,-1.870631,2.525624,0.515543,2.28142
1339,44.633333,1,579.538889,409.612262,474.396896,410.059794,526.967893,409.836028,2.862372,1.838922,-1.869517,2.496936,0.496428,2.167929
1340,44.666667,1,579.403753,409.666872,473.9431,409.926714,526.673427,409.796793,2.840117,2.01786,-1.865969,2.385717,0.487074,2.201788
1341,44.7,1,578.893032,409.823298,473.9256,409.87013,526.409316,409.846714,2.82314,2.041914,-1.840349,2.185547,0.491396,2.113731
1342,44.733333,1,578.859072,410.010098,473.961143,409.832236,526.410108,409.921167,2.838267,1.891603,-1.821479,2.190586,0.508394,2.041095
1343,44.766667,1,578.763227,410.090168,474.151001,410.013628,526.457114,410.051898,2.830037,1.693174,-1.819581,2.122036,0.505228,1.907605
1344,44.8,1,578.799019,409.856676,473.976526,409.811593,526.387773,409.834135,2.825294,1.589315,-1.818736,1.912458,0.503279,1.750887
1345,44.833333,1,578.806887,409.82686,473.853083,409.669619,526.329985,409.74824,2.809014,1.03329,-1.795855,1.714225,0.506579,1.373758
1346,44.866667,1,578.695917,409.548458,473.501348,409.361647,526.098633,409.455053,2.812639,0.873975,-1.799219,1.548955,0.50671,1.211465
1347,44.9,1,578.53549,409.3427,473.691902,409.379629,526.113696,409.361165,2.795469,0.795125,-1.781583,1.583632,0.506943,1.189379
1348,44.933333,1,578.551722,409.147457,473.310575,408.581082,525.931149,408.864269,2.815838,0.705649,-1.797909,1.458411,0.508965,1.08203
1349,44.966667,1,578.65428,408.911519,473.845034,409.025116,526.249657,408.968318,2.794994,0.679028,-1.771467,1.622085,0.511763,1.150557
1350,45.0,1,578.741007,408.723893,473.44347,407.91171,526.092238,408.317801,2.808049,0.819215,-1.796283,1.423527,0.505883,1.121371
1351,45.033333,1,579.015131,408.581414,474.022875,408.096406,526.519003,408.33891,2.785882,0.77979,-1.761299,1.621146,0.512291,1.200468
1352,45.066667,1,579.384718,408.230217,473.927259,407.547369,526.655989,407.888793,2.758767,0.895866,-1.789281,1.598584,0.484743,1.247225
1353,45.1,1,580.327892,407.831662,474.491234,406.999201,527.409563,407.415431,2.777259,0.99655,-1.814781,1.47631,0.481239,1.23643
1354,45.133333,1,581.009102,407.804979,474.919806,407.009554,527.964454,407.407266,2.74441,1.158484,-1.847163,1.502117,0.448624,1.3303
1355,45.166667,1,581.277266,407.504636,475.391655,406.893082,528.33446,407.198859,2.746035,1.099277,-1.852467,1.557175,0.446784,1.328226
1356,45.2,1,581.936312,407.739297,475.491505,406.736623,528.713908,407.23796,2.772347,1.228794,-1.883692,1.487913,0.444328,1.358354
1357,45.233333,1,582.235994,407.102551,476.456432,406.550757,529.346213,406.826654,2.779049,1.142275,-1.811652,1.558192,0.483699,1.350233
1358,45.266667,1,582.682943,407.268559,477.273397,406.2826,529.97817,406.775579,2.79704,1.000167,-1.818865,1.528087,0.489087,1.264127
1359,45.3,1,583.216305,406.517712,476.991587,405.872684,530.103946,406.195198,2.811903,1.443794,-1.850338,1.455172,0.480783,1.449483
1360,45.333333,1,584.204521,406.812841,478.248539,405.979811,531.22653,406.396326,2.801361,1.394456,-1.844145,1.597896,0.478608,1.496176
1361,45.366667,1,585.470467,406.798121,479.396887,405.539145,532.433677,406.168633,2.846008,1.958938,-1.845594,1.485368,0.500207,1.722153
1362,45.4,1,586.243868,406.546487,480.305271,405.755353,533.27457,406.15092,2.87826,1.551323,-1.811454,1.584796,0.533403,1.56806
1363,45.433333,1,586.974945,406.798636,480.300951,405.645801,533.637948,406.222218,2.848983,2.054805,-1.821111,1.597222,0.513936,1.826013
1364,45.466667,1,587.62557,406.810899,481.198339,406.07136,534.411955,406.441129,2.831724,1.403655,-1.797823,1.918931,0.51695,1.661293
1365,45.5,1,588.00313,406.952627,481.833448,406.232625,534.918289,406.592626,2.834202,0.983064,-1.790379,1.964424,0.521912,1.473744
1366,45.533333,1,588.449059,406.888297,482.024393,406.296279,535.236726,406.592288,2.849114,1.163516,-1.792456,2.043398,0.528329,1.603457
1367,45.566667,1,588.735981,406.907212,482.17063,406.198293,535.453305,406.552752,2.861347,1.361028,-1.80785,2.026771,0.526749,1.693899
1368,45.6,1,589.153099,407.103871,482.551956,406.373484,535.852528,406.738678,2.859843,1.29444,-1.826414,2.011622,0.516714,1.653031
1369,45.633333,1,589.217987,407.315573,482.810907,407.018824,536.014447,407.167198,2.860719,1.311186,-1.817715,2.117532,0.521502,1.714359
1370,45.666667,1,589.153528,407.530535,482.313166,407.204829,535.733347,407.367682,2.848039,1.557792,-1.830148,2.129171,0.508946,1.843481
1371,45.7,1,589.24655,407.798274,482.530127,407.44626,535.888338,407.622267,2.83073,1.704833,-1.843486,2.166344,0.493622,1.935589
1372,45.733333,1,589.236441,408.219885,482.38903,407.858677,535.812736,408.039281,2.854701,1.713039,-1.881973,2.065634,0.486364,1.889336
1373,45.766667,1,589.306173,408.501345,482.587795,408.275009,535.946984,408.388177,2.851226,1.693188,-1.900905,2.118876,0.475161,1.906032
1374,45.8,1,589.378481,408.824937,482.624178,408.517588,536.001329,408.671263,2.866251,1.486652,-1.91764,2.140697,0.474305,1.813675
1375,45.833333,1,589.752111,409.330695,482.699318,408.758215,536.225715,409.044455,2.86487,1.663156,-1.906579,2.024589,0.479145,1.843873
1376,45.866667,1,590.080585,409.735923,482.836409,408.958533,536.458497,409.347228,2.835272,1.806974,-1.8927,1.950541,0.471286,1.878757
1377,45.9,1,590.271797,409.812505,483.23,408.978649,536.750898,409.395577,2.836576,1.891884,-1.891848,1.942966,0.472364,1.917425
1378,45.933333,1,590.571346,410.172951,483.467197,409.298841,537.019272,409.735896,2.806886,1.860828,-1.914768,1.870936,0.446059,1.865882
1379,45.966667,1,590.650959,410.443951,483.481236,409.717426,537.066097,410.080689,2.815663,1.900361,-1.922832,2.013453,0.446415,1.956907
1380,46.0,1,590.78824,411.006078,483.775053,410.104169,537.281647,410.555123,2.79625,1.847433,-1.942686,1.960707,0.426782,1.90407
1381,46.033333,1,590.970583,411.559246,483.547411,410.68079,537.258997,411.120018,2.797587,1.755466,-1.956454,1.871089,0.420566,1.813277
1382,46.066667,1,591.25989,411.810172,483.85004,411.093764,537.554965,411.451968,2.801575,1.776044,-1.956092,1.854122,0.422741,1.815083
1383,46.1,1,591.501837,412.074637,483.914871,411.42844,537.708354,411.751539,2.816251,1.827911,-1.957369,1.820678,0.429441,1.824294
1384,46.133333,1,591.866522,412.558959,484.644537,411.469606,538.255529,412.014282,2.8044,1.790519,-1.955218,1.909448,0.424591,1.849983
1385,46.166667,1,592.152414,413.185072,484.939384,411.498435,538.545899,412.341753,2.845643,1.837833,-1.926995,1.812017,0.459324,1.824925
1386,46.2,1,592.361689,413.508343,485.08604,411.925431,538.723865,412.716887,2.837587,1.808995,-1.948652,1.872659,0.444468,1.840827
1387,46.233333,1,592.562275,413.662065,485.591593,412.267048,539.076934,412.964557,2.839309,1.666069,-1.92131,1.870717,0.458999,1.768393
1388,46.266667,1,592.634697,413.754441,485.293589,412.16094,538.964143,412.95769,2.844163,1.772549,-1.924351,1.730217,0.459906,1.751383
1389,46.3,1,592.563868,414.047767,485.954237,412.095162,539.259052,413.071464,2.849956,1.75564,-1.909024,1.822708,0.470466,1.789174
1390,46.333333,1,592.470779,414.452856,485.214844,413.877801,538.842812,414.165328,2.884035,1.996714,-1.931631,2.415526,0.476202,2.20612
1391,46.366667,1,592.280607,414.672078,485.471258,413.800263,538.875933,414.236171,2.850191,2.138088,-1.947037,2.223341,0.451577,2.180714
1392,46.4,1,591.234999,414.687624,484.052114,413.679188,537.643557,414.183406,2.834536,1.856375,-1.9525,1.705809,0.441018,1.781092
1393,46.433333,1,590.968113,414.105542,483.491392,413.267341,537.229753,413.686441,2.83783,1.499778,-1.927771,1.846128,0.45503,1.672953
1394,46.466667,1,590.263023,414.234835,482.881927,413.360521,536.572475,413.797678,2.813036,1.5371,-1.90749,1.664859,0.452773,1.600979
1395,46.5,1,589.67205,414.175998,482.484922,413.303787,536.078486,413.739892,2.816647,1.663788,-1.879263,1.682099,0.468692,1.672943
1396,46.533333,1,588.789625,414.255917,481.767454,413.610181,535.27854,413.933049,2.826112,1.840489,-1.873954,1.579781,0.476079,1.710135
1397,46.566667,1,587.738657,414.127117,481.023779,414.038604,534.381218,414.082861,2.792201,1.737993,-1.872062,1.52639,0.46007,1.632192
1398,46.6,1,587.217302,414.290754,480.394573,414.034377,533.805938,414.162565,2.804601,1.891632,-1.872645,1.475536,0.465978,1.683584
1399,46.633333,1,586.262693,414.315419,480.033503,414.22784,533.148098,414.271629,2.814696,1.750238,-1.878436,1.585209,0.46813,1.667724
1400,46.666667,1,585.260286,414.178133,479.157467,414.674095,532.208877,414.426114,2.792186,1.854197,-1.87036,1.418799,0.460913,1.636498
1401,46.7,1,584.113989,414.151386,477.993565,415.122077,531.053777,414.636732,2.765342,1.756948,-1.89375,1.551471,0.435796,1.654209
1402,46.733333,1,582.268105,414.098858,476.92977,415.645108,529.598937,414.871983,2.769388,1.749753,-1.873475,1.604769,0.447956,1.677261
1403,46.766667,1,581.039886,414.205545,475.261917,415.914209,528.150902,415.059877,2.810741,1.669006,-1.861968,1.619533,0.474387,1.64427
1404,46.8,1,579.685469,413.990518,473.343697,416.303322,526.514583,415.14692,2.817208,1.582117,-1.77837,1.705444,0.519419,1.643781
1405,46.833333,1,578.293734,414.247184,471.232262,416.69912,524.762998,415.473152,2.814886,1.442136,-1.717743,1.714729,0.548572,1.578432
1406,46.866667,1,576.917562,413.881062,469.736557,417.164987,523.32706,415.523025,2.851904,1.250878,-1.719197,1.906983,0.566354,1.578931
1407,46.9,1,575.488014,414.046501,468.455276,417.098501,521.971645,415.572501,2.893956,1.021021,-1.781325,2.046104,0.556315,1.533562
1408,46.933333,1,574.405394,413.737671,467.303543,416.976589,520.854468,415.35713,2.920567,1.223736,-1.750444,1.844735,0.585061,1.534236
1409,46.966667,1,573.036566,414.269307,468.014727,418.129853,520.525646,416.19958,2.939831,1.511329,-1.841677,2.648025,0.549077,2.079677
1410,47.0,1,570.658894,416.261061,466.231995,420.331346,518.445444,418.296204,2.862362,4.149117,-1.875408,6.141757,0.493477,5.145437
1411,47.033333,1,569.556942,414.646071,466.201553,419.316216,517.879248,416.981143,2.844563,2.522448,-1.866484,3.796956,0.489039,3.159702
1412,47.066667,1,569.329357,412.9794,464.700975,418.486716,517.015166,415.733058,2.829928,1.673325,-1.889553,3.556356,0.470187,2.61484
1413,47.1,1,568.933649,412.420417,464.710894,417.024386,516.822271,414.722401,2.826403,1.107558,-1.855911,2.744191,0.485246,1.925874
1414,47.133333,1,568.733377,412.176089,464.120665,416.459395,516.427021,414.317742,2.79128,1.246153,-1.850679,2.480002,0.470301,1.863078
1415,47.166667,1,568.773031,411.723289,464.089489,415.87359,516.43126,413.79844,2.773799,1.238059,-1.830742,2.375898,0.471529,1.806978
1416,47.2,1,569.051104,411.278461,464.008369,415.400147,516.529737,413.339304,2.786464,1.207577,-1.832163,2.45909,0.477151,1.833334
1417,47.233333,1,569.285736,410.998299,464.062901,414.967196,516.674318,412.982748,2.77908,1.246103,-1.840752,2.493126,0.469164,1.869614
1418,47.266667,1,569.020176,410.286076,464.127522,414.467179,516.573849,412.376627,2.791097,1.209303,-1.839428,2.213764,0.475834,1.711533
1419,47.3,1,569.148035,409.771779,464.245424,413.928967,516.69673,411.850373,2.789121,1.293126,-1.834931,2.075205,0.477095,1.684165
1420,47.333333,1,569.554043,409.515585,464.199076,413.468549,516.876559,411.492067,2.81007,1.166324,-1.846082,2.087256,0.481994,1.62679
1421,47.366667,1,569.621811,409.166726,464.376211,413.240712,516.999011,411.203719,2.815291,1.073515,-1.853593,2.058819,0.480849,1.566167
1422,47.4,1,569.757652,409.021447,464.279585,413.114616,517.018619,411.068031,2.80787,1.039705,-1.843408,2.062545,0.482231,1.551125
1423,47.433333,1,569.937201,408.7078,464.418554,412.787139,517.177877,410.74747,2.804711,1.028185,-1.831443,2.008731,0.486634,1.518458
1424,47.466667,1,569.987068,408.390645,464.410982,412.734826,517.199025,410.562735,2.81062,0.890293,-1.845632,1.950135,0.482494,1.420214
1425,47.5,1,569.859476,408.125825,464.209919,412.632097,517.034698,410.378961,2.830002,0.770391,-1.838726,1.898771,0.495638,1.334581
1426,47.533333,1,569.792347,407.818465,464.224787,412.360164,517.008567,410.089315,2.83368,0.849918,-1.825898,1.901946,0.503891,1.375932
1427,47.566667,1,569.832287,407.719374,464.084721,412.224991,516.958504,409.972183,2.816397,0.653599,-1.820411,1.724067,0.497993,1.188833
1428,47.6,1,570.256844,407.57182,464.038038,411.863644,517.147441,409.717732,2.815879,0.737301,-1.823094,1.825394,0.496393,1.281348
1429,47.633333,1,569.915257,407.412304,464.077349,411.889329,516.996303,409.650816,2.845249,0.80602,-1.825224,1.75986,0.510013,1.28294
1430,47.666667,1,570.012531,407.518562,463.998003,411.802683,517.005267,409.660622,2.833942,0.668068,-1.826797,1.765679,0.503572,1.216874
1431,47.7,1,569.661722,407.459553,463.805809,411.715672,516.733766,409.587613,2.832034,0.705728,-1.838092,1.80346,0.496971,1.254594
1432,47.733333,1,569.549942,407.544,463.81567,411.765786,516.682806,409.654893,2.844551,0.77595,-1.836849,1.732211,0.503851,1.254081
1433,47.766667,1,569.471598,407.485077,463.415833,411.668369,516.443715,409.576723,2.837215,0.880374,-1.851428,1.609743,0.492893,1.245059
1434,47.8,1,569.049549,407.546457,463.248262,411.856831,516.148906,409.701644,2.82919,0.841241,-1.877576,1.6279,0.475807,1.23457
1435,47.833333,1,568.648062,407.401468,463.028698,411.855404,515.83838,409.628436,2.826717,0.906619,-1.840536,1.659008,0.493091,1.282814
1436,47.866667,1,568.527393,407.799926,462.563848,411.885842,515.545621,409.842884,2.804703,1.207258,-1.863353,1.49579,0.470675,1.351524
1437,47.9,1,568.004208,408.237909,462.456131,412.248584,515.230169,410.243247,2.838505,1.151195,-1.834426,1.545162,0.50204,1.348178
1438,47.933333,1,568.044806,408.185027,462.002811,412.290072,515.023808,410.23755,2.821052,1.197462,-1.84393,1.565309,0.488561,1.381385
1439,47.966667,1,567.632933,407.999954,461.648493,412.440341,514.640713,410.220147,2.834128,1.265107,-1.836932,1.395672,0.498598,1.33039
1440,48.0,1,567.401047,407.930067,461.428261,412.345787,514.414654,410.137927,2.855632,1.225628,-1.833516,1.409353,0.511058,1.317491
1441,48.033333,1,567.069101,407.731165,461.327734,412.478932,514.198418,410.105048,2.881625,1.276595,-1.834437,1.276938,0.523594,1.276766
1442,48.066667,1,566.700726,407.354347,460.872383,412.282637,513.786554,409.818492,2.886747,1.160678,-1.856322,1.192191,0.515213,1.176434
1443,48.1,1,566.312437,407.234967,460.934353,412.057986,513.623395,409.646477,2.874885,0.903044,-1.857067,1.125179,0.508909,1.014112
1444,48.133333,1,565.771685,407.595413,460.846729,412.366891,513.309207,409.981152,2.87606,0.914688,-1.857541,1.076696,0.509259,0.995692
1445,48.166667,1,565.593376,407.72786,460.737267,412.617559,513.165321,410.17271,2.874201,0.882423,-1.871984,0.964796,0.501109,0.92361
1446,48.2,1,565.738029,407.602333,460.327168,412.401663,513.032598,410.001998,2.877873,0.939778,-1.87508,1.051577,0.501396,0.995677
1447,48.233333,1,565.66555,407.266949,459.948721,411.962264,512.807136,409.614606,2.862186,0.876198,-1.857394,1.041726,0.502396,0.958962
1448,48.266667,1,565.288506,406.983311,459.584913,411.923758,512.436709,409.453534,2.885414,0.873246,-1.86968,1.125499,0.507867,0.999373
1449,48.3,1,564.809256,406.519858,459.084702,411.64336,511.946979,409.081609,2.886271,0.917383,-1.873723,1.212662,0.506274,1.065022
1450,48.333333,1,564.319296,406.240479,458.274574,411.492416,511.296935,408.866447,2.905402,1.007854,-1.864939,1.326617,0.520231,1.167235
1451,48.366667,1,563.554707,406.067026,457.744074,411.164349,510.64939,408.615687,2.903934,1.003219,-1.896731,1.292804,0.503601,1.148012
1452,48.4,1,562.395477,405.620105,457.035332,410.464271,509.715405,408.042188,2.85068,1.135474,-1.905428,1.529874,0.472626,1.332674
1453,48.433333,1,562.050285,405.416354,456.769152,410.228462,509.409719,407.822408,2.846254,1.040083,-1.907903,1.490205,0.469176,1.265144
1454,48.466667,1,561.772757,405.124991,456.730967,409.835347,509.251862,407.480169,2.845741,1.062475,-1.899866,1.488968,0.472937,1.275721
1455,48.5,1,561.852722,404.981149,456.69322,409.419004,509.272971,407.200077,2.844432,1.078381,-1.901787,1.462114,0.471323,1.270248
1456,48.533333,1,561.596518,404.766133,456.700802,409.233019,509.14866,406.999576,2.861892,1.184739,-1.896975,1.327354,0.482459,1.256046
1457,48.566667,1,561.848583,404.43782,456.378469,409.112567,509.113526,406.775193,2.872094,0.962215,-1.914116,1.344451,0.478989,1.153333
1458,48.6,1,561.784544,404.177517,456.100502,408.872026,508.942523,406.524771,2.851542,0.864013,-1.899243,1.393277,0.47615,1.128645
1459,48.633333,1,561.849003,403.871691,455.985861,408.582487,508.917432,406.227089,2.863398,1.004556,-1.890247,1.508693,0.486575,1.256625
1460,48.666667,1,562.016954,403.681158,455.849829,408.426554,508.933392,406.053856,2.879413,0.985755,-1.9059,1.560861,0.486757,1.273308
1461,48.7,1,562.118807,403.722979,455.966578,408.192312,509.042692,405.957645,2.884058,1.040038,-1.888819,1.614028,0.49762,1.327033
1462,48.733333,1,562.326212,403.721563,456.239052,408.280953,509.282632,406.001258,2.902089,1.22159,-1.903522,1.568983,0.499283,1.395287
1463,48.766667,1,562.472868,403.819195,456.438017,408.764813,509.455442,406.292004,2.895538,1.215414,-1.913251,1.841275,0.491144,1.528344
1464,48.8,1,562.777405,404.059639,456.742887,409.020159,509.760146,406.539899,2.886002,1.306841,-1.940378,1.717738,0.472812,1.512289
1465,48.833333,1,563.283634,404.308881,456.910105,409.221668,510.096869,406.765274,2.89884,1.219716,-1.935064,1.79782,0.481888,1.508768
1466,48.866667,1,563.885517,404.568465,457.267675,409.978534,510.576596,407.273499,2.896541,0.911743,-1.929863,2.132874,0.483339,1.522309
1467,48.9,1,564.45075,404.861019,458.374052,410.190268,511.412401,407.525643,2.916049,1.2288,-1.908717,2.236995,0.503666,1.732897
1468,48.933333,1,565.757418,405.516164,459.11767,410.662369,512.437544,408.089266,2.916818,1.28159,-1.922581,2.287374,0.497118,1.784482
1469,48.966667,1,566.393747,405.985175,459.592772,411.192502,512.993259,408.588839,2.917581,1.219427,-1.929015,2.233881,0.494283,1.726654
1470,49.0,1,567.737608,406.744487,460.411501,411.745605,514.074554,409.245046,2.864283,1.524318,-1.947295,2.33074,0.458494,1.927529
1471,49.033333,1,568.837299,407.58124,461.192083,412.421372,515.014691,410.001306,2.88473,1.503644,-1.915951,2.310898,0.48439,1.907271
1472,49.066667,1,570.756912,408.691363,463.290653,412.581693,517.023783,410.636528,2.895561,1.665267,-1.906865,2.160301,0.494348,1.912784
1473,49.1,1,572.330866,410.369686,464.755487,413.552856,518.543177,411.961271,2.876743,1.808505,-1.930657,1.956916,0.473043,1.88271
1474,49.133333,1,573.348217,412.252876,466.112909,414.842613,519.730563,413.547744,2.849424,2.069263,-1.902033,1.906581,0.473695,1.987922
1475,49.166667,1,574.969015,413.928806,467.73447,416.511655,521.351743,415.22023,2.876735,1.975163,-1.879946,1.74801,0.498394,1.861586
1476,49.2,1,577.136698,415.834955,468.788033,418.270798,522.962365,417.052876,2.907519,2.236108,-1.908479,1.820231,0.49952,2.02817
1477,49.233333,1,578.585653,418.197069,470.505991,420.034146,524.545822,419.115608,2.893414,2.367982,-1.91408,1.835069,0.489667,2.101525
1478,49.266667,1,579.939337,420.447217,472.12553,422.28864,526.032434,421.367928,2.870008,2.287926,-1.898185,1.867963,0.485911,2.077945
1479,49.3,1,581.917744,422.652647,473.545046,424.387361,527.731395,423.520004,2.885648,2.198343,-1.871954,1.844655,0.506847,2.021499
1480,49.333333,1,582.855015,424.056129,474.62534,425.806003,528.740177,424.931066,2.895401,1.88139,-1.878422,1.977888,0.50849,1.929639
1481,49.366667,1,583.456964,424.903675,475.849333,426.389415,529.653149,425.646545,2.901561,2.076168,-1.868595,2.01179,0.516483,2.043979
1482,49.4,1,584.032297,425.550356,475.860996,426.667045,529.946647,426.108701,2.907909,2.124818,-1.892846,1.966865,0.507532,2.045842
1483,49.433333,1,584.125433,426.077968,476.235189,427.347414,530.180311,426.712691,2.924391,2.33611,-1.894229,1.97007,0.515081,2.15309
1484,49.466667,1,583.590355,426.382699,475.727005,427.590197,529.65868,426.986448,2.891815,2.198409,-1.902593,1.845795,0.494611,2.022102
1485,49.5,1,582.861595,426.390831,475.545254,427.868342,529.203424,427.129587,2.899106,2.194116,-1.889335,1.718275,0.504885,1.956196
1486,49.533333,1,582.771492,426.130743,475.4918,427.252421,529.131646,426.691582,2.879844,2.114214,-1.89139,1.719687,0.494227,1.916951
1487,49.566667,1,583.03091,425.422758,475.490341,426.312994,529.260626,425.867876,2.89966,2.423184,-1.886163,1.92505,0.506748,2.174117
1488,49.6,1,582.71101,424.856576,475.414352,425.534037,529.062681,425.195307,2.89411,2.659149,-1.878506,2.057866,0.507802,2.358508
1489,49.633333,1,582.717571,424.081181,475.301399,424.873785,529.009485,424.477483,2.845437,2.862965,-1.888148,1.932149,0.478645,2.397557
1490,49.666667,1,583.344059,423.579533,475.839434,423.842411,529.591746,423.710972,2.823548,2.991457,-1.892057,1.998134,0.465745,2.494796
1491,49.7,1,583.895292,422.759668,476.81613,423.111584,530.355711,422.935626,2.810267,2.961561,-1.874171,1.935043,0.468048,2.448302
1492,49.733333,1,583.435888,421.739098,476.397552,421.661099,529.91672,421.700099,2.762097,2.739089,-1.918888,1.853701,0.421604,2.296395
1493,49.766667,1,583.832626,420.665292,476.818657,420.455167,530.325642,420.560229,2.756848,2.753228,-1.908766,1.630837,0.424041,2.192033
1494,49.8,1,584.042149,418.740774,477.480106,418.580432,530.761127,418.660603,2.817602,2.660994,-1.871215,1.582165,0.473193,2.121579
1495,49.833333,1,584.809742,417.809919,477.852726,417.241216,531.331234,417.525567,2.842864,2.382158,-1.827326,1.51802,0.507769,1.950089
1496,49.866667,1,585.286455,417.209405,478.430338,416.676289,531.858397,416.942847,2.831639,2.264135,-1.830554,1.546452,0.500542,1.905294
1497,49.9,1,585.410805,417.322004,478.773251,416.693283,532.092028,417.007644,2.811582,2.357491,-1.856344,1.546392,0.477619,1.951941
1498,49.933333,1,585.701933,417.555667,479.370928,416.844184,532.53643,417.199926,2.806532,2.391551,-1.841716,1.521345,0.482408,1.956448
1499,49.966667,1,587.100992,418.276623,480.787678,417.151319,533.944335,417.713971,2.847212,2.664693,-1.817158,1.656416,0.515027,2.160555
1500,50.0,1,587.615509,418.546754,481.109276,417.481982,534.362392,418.014368,2.837433,2.742319,-1.805294,1.812175,0.516069,2.277247
1501,50.033333,1,588.055305,419.522531,481.773787,418.661188,534.914546,419.091859,2.799913,2.31159,-1.823351,1.760517,0.488281,2.036054
1502,50.066667,1,588.796434,420.212288,482.093325,419.326108,535.44488,419.769198,2.805631,2.166353,-1.8116,1.864161,0.497016,2.015257
1503,50.1,1,589.65354,420.662749,483.671436,420.770649,536.662488,420.716699,2.852206,2.007108,-1.838522,1.888886,0.506842,1.947997
1504,50.133333,1,591.005487,421.665874,485.604315,421.682643,538.304901,421.674258,2.801878,1.927446,-1.931139,1.624283,0.43537,1.775864
1505,50.166667,1,592.483692,422.745495,486.682663,422.616599,539.583178,422.681047,2.786842,1.978653,-1.988013,1.52877,0.399415,1.753711
1506,50.2,1,593.303757,424.087029,487.441492,423.446828,540.372624,423.766928,2.810516,1.666039,-1.966932,1.496105,0.421792,1.581072
1507,50.233333,1,594.11458,424.788684,488.503551,423.559942,541.309066,424.174313,2.72852,2.032967,-2.006171,1.479219,0.361174,1.756093
1508,50.266667,1,594.827175,426.105155,489.006014,424.02331,541.916595,425.064232,2.741085,2.179904,-1.931701,1.549403,0.404692,1.864654
1509,50.3,1,595.265093,426.534909,489.751682,424.037021,542.508388,425.285965,2.727509,2.111162,-1.88035,1.526022,0.42358,1.818592
1510,50.333333,1,594.719067,426.558609,488.533659,424.733677,541.626363,425.646143,2.799704,2.161529,-1.845608,1.73349,0.477048,1.94751
1511,50.366667,1,594.221058,426.438017,487.592335,424.572605,540.906696,425.505311,2.833946,2.250055,-1.841341,1.701207,0.496302,1.975631
1512,50.4,1,594.089546,426.292577,487.037048,424.322966,540.563297,425.307772,2.823283,2.210101,-1.849425,1.711605,0.486929,1.960853
1513,50.433333,1,593.842926,425.703306,486.672707,423.811061,540.257816,424.757184,2.830377,2.152095,-1.852375,1.690868,0.489001,1.921482
1514,50.466667,1,593.512363,425.136545,486.227045,423.804463,539.869704,424.470504,2.851406,2.024806,-1.872778,1.677976,0.489314,1.851391
1515,50.5,1,593.312616,424.788576,485.848284,423.80294,539.58045,424.295758,2.868298,1.840104,-1.88092,1.59826,0.493689,1.719182
1516,50.533333,1,592.987995,424.00211,486.013842,423.074098,539.500918,423.538104,2.892838,1.874529,-1.887311,1.478023,0.502764,1.676276
1517,50.566667,1,592.589302,423.25049,485.868311,422.453134,539.228806,422.851812,2.901564,1.802695,-1.88408,1.398349,0.508742,1.600522
1518,50.6,1,592.663145,422.495062,486.045589,421.931863,539.354367,422.213463,2.903942,1.74307,-1.924077,1.419626,0.489932,1.581348
1519,50.633333,1,592.662134,421.467444,485.780296,421.093844,539.221215,421.280644,2.941068,1.733441,-1.923717,1.532288,0.508675,1.632864
1520,50.666667,1,592.70628,420.452195,486.012831,420.369809,539.359555,420.411002,2.920981,1.615992,-1.931999,1.56274,0.494491,1.589366
1521,50.7,1,592.740526,419.427034,485.853434,419.389322,539.29698,419.408178,2.910258,1.754398,-1.918974,1.579667,0.495642,1.667033
1522,50.733333,1,592.396393,418.716667,485.182152,418.416152,538.789272,418.566409,2.928184,1.750648,-1.885948,1.606925,0.521118,1.678786
1523,50.766667,1,591.882296,418.279788,484.531965,417.672815,538.20713,417.976302,2.891887,1.847835,-1.884939,1.565281,0.503474,1.706558
1524,50.8,1,591.308022,417.502753,484.457188,417.41528,537.882605,417.459016,2.8772,1.785421,-1.866444,1.622762,0.505378,1.704092
1525,50.833333,1,590.726557,417.271535,483.790331,417.193547,537.258444,417.232541,2.841672,2.011584,-1.85915,1.550332,0.491261,1.780958
1526,50.866667,1,590.170488,416.759126,483.971844,417.17239,537.071166,416.965758,2.866655,1.989977,-1.843121,1.594231,0.511767,1.792104
1527,50.9,1,589.899654,416.901219,483.197117,417.47725,536.548386,417.189234,2.840368,1.982865,-1.837957,1.533475,0.501206,1.75817
1528,50.933333,1,589.805183,416.717713,483.653479,417.634642,536.729331,417.176178,2.864416,1.864493,-1.864172,1.580743,0.500122,1.722618
1529,50.966667,1,589.818449,416.95438,483.216619,417.866406,536.517534,417.410393,2.83767,1.874342,-1.8483,1.550546,0.494685,1.712444
1530,51.0,1,590.202188,417.144045,483.844919,418.508581,537.023554,417.826313,2.852856,1.651853,-1.884646,1.642052,0.484105,1.646953
1531,51.033333,1,590.67028,417.588025,484.108515,419.056792,537.389398,418.322409,2.867847,1.482332,-1.879279,1.668128,0.494284,1.57523
1532,51.066667,1,591.21706,418.124692,484.887581,419.487544,538.05232,418.806118,2.907037,1.309712,-1.879128,1.64613,0.513954,1.477921
1533,51.1,1,591.752234,418.775514,485.403814,419.760046,538.578024,419.26778,2.873231,1.474099,-1.881196,1.642369,0.496017,1.558234
1534,51.133333,1,592.165251,418.810608,485.667696,419.62512,538.916473,419.217864,2.889748,1.485946,-1.865383,1.659822,0.512183,1.572884
1535,51.166667,1,592.493019,418.68153,485.842066,419.490012,539.167542,419.085771,2.8954,1.496379,-1.892543,1.590012,0.501428,1.543195
1536,51.2,1,592.52099,418.558545,485.652704,418.935074,539.086847,418.746809,2.876793,1.701513,-1.86832,1.634016,0.504236,1.667764
1537,51.233333,1,592.477398,418.078569,485.78434,418.729477,539.130869,418.404023,2.893785,1.494956,-1.902059,1.630207,0.495863,1.562582
1538,51.266667,1,592.013149,418.062776,485.295267,418.331341,538.654208,418.197058,2.856263,1.743965,-1.868424,1.553282,0.493919,1.648624
1539,51.3,1,591.475248,417.860227,485.201483,417.875204,538.338366,417.867715,2.899426,1.613062,-1.884045,1.419726,0.507691,1.516394
1540,51.333333,1,591.105299,417.719207,483.606939,417.958417,537.356119,417.838812,2.86774,1.906109,-1.862835,1.522857,0.502452,1.714483
1541,51.366667,1,590.697308,417.677912,483.335762,417.907755,537.016535,417.792833,2.895113,1.822999,-1.844105,1.466816,0.525504,1.644908
1542,51.4,1,590.12392,417.671624,482.674227,417.844348,536.399074,417.757986,2.882392,1.914366,-1.849179,1.48272,0.516606,1.698543
1543,51.433333,1,589.718351,417.8092,482.456818,417.851096,536.087584,417.830148,2.869128,1.788016,-1.848485,1.394669,0.510322,1.591342
1544,51.466667,1,589.213696,417.77872,481.758137,417.764268,535.485916,417.771494,2.849961,1.878131,-1.840552,1.437928,0.504705,1.65803
1545,51.5,1,588.791609,418.014454,481.639118,417.947849,535.215364,417.981151,2.849835,1.838953,-1.850777,1.34531,0.499529,1.592131
1546,51.533333,1,588.155031,417.677321,481.117287,418.15749,534.636159,417.917406,2.825642,1.945218,-1.82936,1.403957,0.498141,1.674587
1547,51.566667,1,588.032923,417.707888,480.917797,418.052648,534.47536,417.880268,2.827481,1.990475,-1.82985,1.416012,0.498815,1.703244
1548,51.6,1,587.477579,417.504609,479.958458,418.196028,533.718019,417.850319,2.80217,2.200816,-1.850051,1.421216,0.47606,1.811016
1549,51.633333,1,586.765909,417.467262,479.280005,418.278576,533.022957,417.872919,2.800119,2.111258,-1.843357,1.428593,0.478381,1.769926
1550,51.666667,1,586.016092,416.916915,478.665915,418.291386,532.341003,417.604151,2.781236,2.244466,-1.820784,1.409322,0.480226,1.826894
1551,51.7,1,585.010757,416.639199,477.814798,418.371563,531.412778,417.505381,2.761073,2.272661,-1.849734,1.376289,0.455669,1.824475
1552,51.733333,1,584.124479,416.20496,476.670246,417.920748,530.397363,417.062854,2.738533,2.470284,-1.862754,1.430002,0.437889,1.950143
1553,51.766667,1,583.300638,416.018708,476.040277,417.805263,529.670458,416.911985,2.740126,2.454022,-1.862321,1.478575,0.438902,1.966299
1554,51.8,1,582.234993,415.849096,474.86846,418.023444,528.551726,416.93627,2.725198,2.368279,-1.870014,1.710279,0.427592,2.039279
1555,51.833333,1,580.950861,415.5443,473.622694,417.99674,527.286777,416.77052,2.742648,2.180334,-1.863359,1.723241,0.439645,1.951787
1556,51.866667,1,580.382175,415.330153,473.21764,417.687922,526.799908,416.509037,2.764614,2.141635,-1.852157,1.67386,0.456228,1.907748
1557,51.9,1,580.308743,415.273086,473.168135,417.562265,526.738439,416.417676,2.776678,2.070384,-1.835923,1.617435,0.470377,1.84391
1558,51.933333,1,580.654488,415.252261,473.530445,417.678298,527.092466,416.465279,2.753578,2.032496,-1.837162,1.678543,0.458208,1.855519
1559,51.966667,1,581.099339,415.574716,473.798676,417.328602,527.449007,416.451659,2.788098,2.084578,-1.846295,1.557514,0.470902,1.821046
1560,52.0,1,582.290792,415.439587,475.06444,416.877733,528.677616,416.15866,2.789565,2.365868,-1.870489,1.510631,0.459538,1.93825
1561,52.033333,1,583.523684,415.539011,476.392117,416.600232,529.9579,416.069621,2.760745,2.39354,-1.88915,1.515251,0.435798,1.954396
1562,52.066667,1,584.599447,415.694718,477.704029,416.507878,531.151738,416.101298,2.791525,2.266366,-1.875126,1.513591,0.4582,1.889979
1563,52.1,1,584.845772,415.626022,477.80241,416.879772,531.324091,416.252897,2.757072,2.243964,-1.899302,1.561075,0.428885,1.90252
1564,52.133333,1,585.538445,415.66824,478.743057,416.313719,532.140751,415.990979,2.818044,2.243958,-1.875197,1.511991,0.471423,1.877974
1565,52.166667,1,586.192465,415.649797,479.297571,416.08984,532.745018,415.869818,2.782406,2.06848,-1.893883,1.550753,0.444261,1.809616
1566,52.2,1,587.067795,415.64484,479.886837,415.588439,533.477316,415.616639,2.836029,2.046622,-1.918565,1.567165,0.458732,1.806893
1567,52.233333,1,587.995758,415.80927,480.722618,414.979266,534.359188,415.394268,2.859703,2.087167,-1.898991,1.487877,0.480356,1.787522
1568,52.266667,1,588.032446,415.412818,480.795345,414.707215,534.413896,415.060017,2.838738,2.115843,-1.879844,1.457297,0.479447,1.78657
1569,52.3,1,587.958155,415.09017,480.639658,414.199065,534.298906,414.644617,2.838626,2.120657,-1.881588,1.505603,0.478519,1.81313
1570,52.333333,1,587.924061,414.840156,480.550489,414.097999,534.237275,414.469078,2.835076,1.954921,-1.871989,1.43435,0.481544,1.694635
1571,52.366667,1,587.883396,414.62442,480.47368,413.843576,534.178538,414.233998,2.832569,1.926156,-1.881168,1.423882,0.4757,1.675019
1572,52.4,1,587.714405,414.447169,480.300083,413.775072,534.007244,414.111121,2.852764,1.897037,-1.88521,1.40912,0.483777,1.653078
1573,52.433333,1,587.564898,414.296515,480.118933,413.570398,533.841915,413.933457,2.85458,1.986468,-1.888508,1.461746,0.483036,1.724107
1574,52.466667,1,586.734829,413.961829,479.446545,413.43043,533.090687,413.696129,2.884431,2.013409,-1.892575,1.460843,0.495928,1.737126
1575,52.5,1,586.077414,413.777615,478.478136,413.376056,532.277775,413.576835,2.846575,2.043553,-1.888131,1.504491,0.479222,1.774022
1576,52.533333,1,584.945402,413.413124,477.458353,413.484428,531.201878,413.448776,2.88666,2.069924,-1.890461,1.3516,0.498099,1.710762
1577,52.566667,1,583.767357,413.016758,476.502724,413.112556,530.13504,413.064657,2.907107,1.915176,-1.878793,1.499137,0.514157,1.707157
1578,52.6,1,581.766319,412.39809,474.306021,413.080927,528.03617,412.739509,2.795691,2.03919,-1.906573,1.633697,0.444559,1.836444
1579,52.633333,1,580.337019,411.732913,473.103428,412.833166,526.720223,412.28304,2.76737,1.982562,-1.879253,1.693974,0.444059,1.838268
1580,52.666667,1,578.91386,411.319048,471.286011,412.714537,525.099936,412.016793,2.784788,2.096171,-1.903051,1.617879,0.440868,1.857025
1581,52.7,1,577.482347,410.990403,470.039549,412.351613,523.760948,411.671008,2.798824,1.853663,-1.903329,1.63339,0.447747,1.743527
1582,52.733333,1,575.796471,410.281709,468.613892,412.329812,522.205181,411.305761,2.765032,1.728284,-1.902053,1.600089,0.43149,1.664187
1583,52.766667,1,573.878384,410.218742,466.628647,412.311037,520.253515,411.264889,2.733949,1.76753,-1.899736,1.6606,0.417107,1.714065
1584,52.8,1,571.593189,409.99438,465.740376,412.310189,518.666782,411.152285,2.734039,1.564526,-1.894257,1.627855,0.419891,1.59619
1585,52.833333,1,569.461384,410.000228,463.645144,412.989453,516.553264,411.49484,2.812165,1.540436,-1.894713,1.542737,0.458726,1.541587
1586,52.866667,1,567.140989,410.073881,461.675367,412.790133,514.408178,411.432007,2.838129,1.463783,-1.862726,1.33414,0.487701,1.398961
1587,52.9,1,564.964275,410.344473,459.538069,413.417619,512.251172,411.881046,2.926534,1.219852,-1.800342,1.351727,0.563096,1.28579
1588,52.933333,1,563.404245,410.487328,456.793871,414.72128,510.099058,412.604304,2.983438,1.07645,-1.758209,1.648963,0.612615,1.362706
1589,52.966667,1,559.187641,410.237195,452.078905,416.126361,505.633273,413.181778,2.980845,1.168047,-1.813312,1.715538,0.583766,1.441793
1590,53.0,1,553.257961,410.045782,444.779329,416.935905,499.018645,413.490844,2.89911,1.413207,-1.957821,1.714722,0.470645,1.563965
1591,53.033333,1,548.780165,409.873542,441.527061,418.039302,495.153613,413.956422,2.868936,1.315258,-2.011159,1.75649,0.428888,1.535874
1592,53.066667,1,547.423725,410.261067,440.14617,418.446386,493.784947,414.353727,2.821663,1.325975,-2.00546,1.509485,0.408102,1.41773
1593,53.1,1,546.785479,411.097648,438.483877,419.771022,492.634678,415.434335,2.82099,1.316322,-1.973467,1.574465,0.423761,1.445394
1594,53.133333,1,544.960966,411.787426,436.954966,420.691084,490.957966,416.239255,2.786571,1.425006,-1.964033,1.67811,0.411269,1.551558
1595,53.166667,1,544.303637,412.379744,436.110392,421.336026,490.207014,416.857885,2.766624,1.453537,-1.889603,1.599571,0.438511,1.526554
1596,53.2,1,542.72109,412.372609,435.653429,421.450256,489.18726,416.911433,2.739308,1.423333,-1.971293,1.554337,0.384007,1.488835
1597,53.233333,1,542.460632,412.431189,435.303698,421.369307,488.882165,416.900248,2.734827,1.469888,-1.97536,1.60844,0.379734,1.539164
1598,53.266667,1,542.389975,412.445812,435.297871,421.332271,488.843923,416.889042,2.726283,1.531638,-1.95822,1.600935,0.384031,1.566287
1599,53.3,1,542.465582,412.493073,435.311613,421.152263,488.888597,416.822668,2.738169,1.515911,-1.944514,1.641959,0.396828,1.578935
1600,53.333333,1,542.645245,412.424258,435.355282,421.162112,489.000263,416.793185,2.738004,1.469446,-1.954572,1.664797,0.391716,1.567122
1601,53.366667,1,542.703791,412.624995,435.376711,421.221002,489.040251,416.922998,2.738423,1.461499,-1.937429,1.642988,0.400497,1.552243
1602,53.4,1,542.790003,412.869902,435.444851,421.297596,489.117427,417.083749,2.732763,1.514185,-1.937958,1.645486,0.397402,1.579836
1603,53.433333,1,543.029299,412.89151,435.754728,421.374661,489.392014,417.133085,2.743063,1.50307,-1.940384,1.601962,0.40134,1.552516
1604,53.466667,1,543.338947,413.029386,436.125784,421.154087,489.732366,417.091736,2.74197,1.452988,-1.942922,1.59542,0.399524,1.524204
1605,53.5,1,543.636808,413.070488,436.438742,421.418713,490.037775,417.244601,2.740174,1.395576,-1.94578,1.608428,0.397197,1.502002
1606,53.533333,1,544.518661,413.403811,437.475367,421.56204,490.997014,417.482926,2.785312,1.508315,-1.944019,1.636123,0.420646,1.572219
1607,53.566667,1,549.404564,414.408427,443.328791,420.998368,496.366677,417.703398,2.952678,1.375318,-1.904761,2.120277,0.523958,1.747798
1608,53.6,1,553.21537,415.615497,447.735052,420.889868,500.475211,418.252682,3.026016,1.283506,-1.827823,2.002136,0.599097,1.642821
1609,53.633333,1,554.331684,415.725188,448.762083,420.607678,501.546884,418.166433,3.017369,1.234184,-1.776482,2.068416,0.620444,1.6513
1610,53.666667,1,555.785952,415.881722,450.05023,420.718453,502.918091,418.300087,3.051526,1.417896,-1.781074,2.396628,0.635226,1.907262
1611,53.7,1,556.523285,416.229926,450.932274,420.406684,503.727779,418.318305,3.033081,1.271698,-1.790401,1.919511,0.62134,1.595605
1612,53.733333,1,557.681246,416.153537,451.754446,420.239164,504.717846,418.19635,3.027938,1.252394,-1.816712,1.886491,0.605613,1.569443
1613,53.766667,1,558.532982,416.312946,452.412271,420.138302,505.472627,418.225624,3.043937,1.215782,-1.836089,1.979572,0.603924,1.597677
1614,53.8,1,558.914795,416.558272,453.225231,420.285727,506.070013,418.421999,3.005915,1.310373,-1.852784,1.919794,0.576565,1.615083
1615,53.833333,1,559.366283,416.891445,453.984337,420.316722,506.67531,418.604084,2.983543,1.448265,-1.843858,1.798548,0.569843,1.623407
1616,53.866667,1,560.021057,417.336595,454.698267,420.843937,507.359662,419.090266,2.983878,1.381688,-1.831799,1.65101,0.57604,1.516349
1617,53.9,1,560.464182,417.503321,454.905758,421.173677,507.68497,419.338499,2.969474,1.315082,-1.833527,1.612856,0.567973,1.463969
1618,53.933333,1,561.071939,417.784063,455.286942,421.151898,508.17944,419.46798,2.967301,1.431697,-1.812594,1.549503,0.577353,1.4906
1619,53.966667,1,561.582747,417.959994,455.707722,421.122823,508.645234,419.541408,2.967842,1.425647,-1.809696,1.506871,0.579073,1.466259
1620,54.0,1,562.262602,418.009057,456.168461,421.330833,509.215531,419.669945,2.9743,1.386665,-1.817463,1.508315,0.578419,1.44749
1621,54.033333,1,562.666035,418.195653,457.018061,421.445535,509.842048,419.820594,2.954071,1.377297,-1.818579,1.488482,0.567746,1.43289
1622,54.066667,1,564.330292,419.441915,459.431515,423.123107,511.880903,421.282511,2.940373,1.046392,-1.822607,1.862474,0.558883,1.454433
1623,54.1,1,565.215559,419.788885,459.964838,423.030732,512.590199,421.409808,2.946876,1.141483,-1.827002,1.704313,0.559937,1.422898
1624,54.133333,1,566.580276,419.6422,460.814838,423.286046,513.697557,421.464123,2.920217,1.228551,-1.85097,1.907081,0.534624,1.567816
1625,54.166667,1,567.62229,419.628768,461.301928,423.263129,514.462109,421.445948,2.92059,1.195584,-1.853037,1.912296,0.533777,1.55394
1626,54.2,1,568.418913,419.532713,461.718016,423.02482,515.068464,421.278766,2.881853,1.247439,-1.873949,1.883605,0.503952,1.565522
1627,54.233333,1,568.829498,419.523336,462.147579,422.810726,515.488539,421.167031,2.868641,1.27033,-1.878106,1.879146,0.495267,1.574738
1628,54.266667,1,568.93795,419.352608,462.14179,422.718673,515.53987,421.03564,2.871457,1.196323,-1.893368,1.820312,0.489045,1.508318
1629,54.3,1,568.787174,419.294146,462.103548,422.705905,515.445361,421.000026,2.871205,1.197522,-1.892852,1.818532,0.489177,1.508027
1630,54.333333,1,568.212729,419.347082,461.754513,422.850573,514.983621,421.098828,2.893606,1.17565,-1.899635,1.748778,0.496986,1.462214
1631,54.366667,1,567.735281,419.262142,461.493435,423.052189,514.614358,421.157166,2.897766,1.155589,-1.893996,1.742367,0.501885,1.448978
1632,54.4,1,567.364035,419.455122,461.284399,423.646213,514.324217,421.550667,2.890688,1.080698,-1.901122,1.787171,0.494783,1.433934
1633,54.433333,1,566.961622,419.498273,461.110115,424.119945,514.035869,421.809109,2.880166,1.027209,-1.881653,1.735961,0.499257,1.381585
1634,54.466667,1,567.424669,419.954131,461.230497,424.492418,514.327583,422.223274,2.880068,1.079209,-1.91599,1.779271,0.482039,1.42924
1635,54.5,1,567.550478,420.068264,461.329336,424.754963,514.439907,422.411613,2.858896,1.092853,-1.908237,1.815847,0.475329,1.45435
1636,54.533333,1,568.570623,420.079476,463.216314,424.482064,515.893469,422.28077,2.875951,1.132192,-1.900415,1.888351,0.487768,1.510271
1637,54.566667,1,569.185963,419.94749,463.366117,424.535955,516.27604,422.241722,2.890517,1.244572,-1.904005,1.898959,0.493256,1.571766
1638,54.6,1,569.579449,420.232126,463.87661,424.600532,516.728029,422.416329,2.874552,1.299689,-1.942932,2.222442,0.46581,1.761065
1639,54.633333,1,569.944649,420.801022,464.673023,424.915617,517.308836,422.858319,2.853724,1.488032,-1.941473,2.430584,0.456125,1.959308
1640,54.666667,1,570.318937,420.80482,465.021915,424.900414,517.670426,422.852617,2.860159,1.424272,-1.936878,2.46995,0.46164,1.947111
1641,54.7,1,570.855694,420.734632,465.234137,424.977758,518.044915,422.856195,2.848656,1.518787,-1.944545,2.400299,0.452055,1.959543
1642,54.733333,1,572.254734,422.260036,466.888084,425.358964,519.571409,423.8095,2.88424,4.213647,-1.972332,3.724505,0.455954,3.969076
1643,54.766667,1,573.129797,422.728103,466.768923,425.587703,519.94936,424.157903,2.879475,4.521427,-2.014684,5.098316,0.432395,4.809872
1644,54.8,1,573.719769,422.548835,466.927481,425.091044,520.323625,423.819939,2.879012,4.202093,-2.015914,5.45928,0.431549,4.830687
1645,54.833333,1,573.323936,423.857378,468.979816,426.266817,521.151876,425.062097,2.876762,3.846348,-1.96462,5.648296,0.456071,4.747322
1646,54.866667,1,571.728888,424.863957,470.911255,427.395158,521.320071,426.129557,2.811148,5.274719,-1.847022,29.125638,0.482063,17.200178
1647,54.9,1,572.563,424.708121,470.395584,427.069978,521.479292,425.889049,2.836956,4.544214,-1.875926,14.905616,0.480515,9.724915
1648,54.933333,1,574.452105,424.06762,469.72702,426.278425,522.089562,425.173023,2.827131,2.949551,-1.956564,5.633968,0.435284,4.291759
1649,54.966667,1,575.323238,423.098999,469.849224,425.720644,522.586231,424.409822,2.860037,3.012403,-1.975585,4.383893,0.442226,3.698148
1650,55.0,1,575.516424,422.86849,469.890223,425.29664,522.703323,424.082565,2.84627,2.375772,-1.972109,3.346669,0.437081,2.86122
1651,55.033333,1,575.637989,422.534448,469.464912,424.651784,522.551451,423.593116,2.828501,2.435114,-1.962768,2.466483,0.432866,2.450798
1652,55.066667,1,576.179905,422.212572,469.29101,424.406362,522.735457,423.309467,2.826985,2.259712,-1.976793,2.364359,0.425096,2.312036
1653,55.1,1,576.426487,421.732993,469.411173,423.898469,522.91883,422.815731,2.84913,2.116376,-1.964552,2.246422,0.442289,2.181399
1654,55.133333,1,576.563282,421.607337,469.262476,423.611237,522.912879,422.609287,2.853613,1.963028,-1.95823,2.06822,0.447692,2.015624
1655,55.166667,1,576.871185,421.264948,469.437799,423.391199,523.154492,422.328073,2.839894,1.841668,-1.966033,2.014883,0.436931,1.928276
1656,55.2,1,577.28219,421.228716,469.82296,423.333789,523.552575,422.281253,2.839552,1.841866,-1.960833,2.090806,0.439359,1.966336
1657,55.233333,1,577.637014,421.225605,470.203972,423.102282,523.920493,422.163944,2.83932,1.869591,-1.94902,2.017684,0.44515,1.943637
1658,55.266667,1,577.89175,421.30885,470.986176,422.767768,524.438963,422.038309,2.852271,1.826101,-1.948726,1.899621,0.451772,1.862861
1659,55.3,1,578.29875,421.375337,471.096115,422.567847,524.697433,421.971592,2.832642,1.983593,-1.944311,1.856616,0.444166,1.920105
1660,55.333333,1,578.910646,421.438025,471.37187,422.410927,525.141258,421.924476,2.822208,1.964189,-1.917233,1.78541,0.452488,1.874799
1661,55.366667,1,579.046192,421.456575,471.756659,422.181963,525.401425,421.819269,2.821827,2.007155,-1.91258,1.763873,0.454623,1.885514
1662,55.4,1,579.43223,421.494502,472.684326,421.991204,526.058278,421.742853,2.824467,1.989986,-1.902597,1.691952,0.460935,1.840969
1663,55.433333,1,580.918808,421.234499,473.823919,420.971793,527.371364,421.103146,2.852223,2.060478,-1.898653,1.884505,0.476785,1.972492
1664,55.466667,1,581.425133,421.190962,474.263458,420.831481,527.844296,421.011221,2.839235,1.968536,-1.881737,1.786837,0.478749,1.877686
1665,55.5,1,581.665363,421.255077,474.74082,420.484393,528.203092,420.869735,2.848887,1.89425,-1.848672,1.727342,0.500108,1.810796
1666,55.533333,1,582.056322,421.24158,475.06772,420.576661,528.562021,420.90912,2.823134,2.005466,-1.88235,1.78478,0.470392,1.895123
1667,55.566667,1,582.242918,421.362891,475.424786,420.665935,528.833852,421.014413,2.846489,2.027637,-1.858855,1.824259,0.493817,1.925948
1668,55.6,1,582.553625,421.522268,475.476532,420.585394,529.015079,421.053831,2.824947,2.048514,-1.878368,1.772561,0.473289,1.910538
1669,55.633333,1,582.758846,421.532815,475.618582,420.712198,529.188714,421.122506,2.842654,2.012254,-1.848348,1.769809,0.497153,1.891032
1670,55.666667,1,583.112984,421.510606,476.156979,420.848057,529.634981,421.179332,2.816294,1.99025,-1.88109,1.815925,0.467602,1.903087
1671,55.7,1,583.225822,421.676141,476.435099,420.873474,529.830461,421.274807,2.825514,1.973337,-1.841834,1.774748,0.49184,1.874042
1672,55.733333,1,583.560171,421.767186,476.348486,420.636806,529.954329,421.201996,2.810522,2.071389,-1.889576,1.74148,0.460473,1.906434
1673,55.766667,1,583.585758,421.846236,477.046909,420.645357,530.316334,421.245797,2.803448,1.907718,-1.837905,1.693271,0.482772,1.800495
1674,55.8,1,583.912907,421.775522,476.814661,420.566887,530.363784,421.171204,2.798299,2.03535,-1.876868,1.688806,0.460716,1.862078
1675,55.833333,1,584.019575,421.672837,477.230864,420.287068,530.625219,420.979952,2.791742,2.13297,-1.867806,1.608334,0.461968,1.870652
1676,55.866667,1,585.467119,421.295332,478.554163,419.612288,532.010641,420.45381,2.797371,1.923957,-1.895775,1.722924,0.450798,1.823441
1677,55.9,1,585.886908,420.911529,479.098291,419.646138,532.492599,420.278834,2.82545,1.897388,-1.88472,1.774422,0.470365,1.835905
1678,55.933333,1,586.414156,420.825548,479.457283,419.816705,532.935719,420.321127,2.835681,1.693257,-1.878726,1.729432,0.478478,1.711344
1679,55.966667,1,586.630297,420.722015,479.840002,419.768178,533.235149,420.245097,2.832984,1.656574,-1.884297,1.840598,0.474344,1.748586
1680,56.0,1,587.048855,420.815345,480.09223,419.59568,533.570542,420.205513,2.830527,1.73085,-1.895559,1.852519,0.467484,1.791684
1681,56.033333,1,587.646065,420.739385,481.115332,419.418,534.380698,420.078692,2.826672,1.728305,-1.875125,1.885262,0.475774,1.806783
1682,56.066667,1,587.842331,420.732948,481.847754,419.161184,534.845042,419.947066,2.822355,1.863382,-1.866134,1.821635,0.478111,1.842509
1683,56.1,1,588.272104,420.761003,482.853489,418.964117,535.562797,419.86256,2.830863,2.033362,-1.840335,1.724809,0.495264,1.879086
1684,56.133333,1,588.952503,420.752292,483.187971,418.785396,536.070237,419.768844,2.834936,1.97621,-1.826797,1.631448,0.504069,1.803829
1685,56.166667,1,589.459963,420.661172,483.423061,418.909206,536.441512,419.785189,2.851555,1.934255,-1.832031,1.71915,0.509762,1.826703
1686,56.2,1,590.078669,420.599889,484.188194,418.650202,537.133431,419.625045,2.874534,1.979371,-1.830392,1.724269,0.522071,1.85182
1687,56.233333,1,590.879765,420.403551,485.303411,418.695263,538.091588,419.549407,2.898781,1.709374,-1.8035,1.822027,0.547641,1.765701
1688,56.266667,1,590.921068,420.353994,485.153008,418.642037,538.037038,419.498016,2.897749,1.748041,-1.813628,1.851816,0.542061,1.799929
1689,56.3,1,591.369762,420.612645,485.964203,418.72775,538.666983,419.670197,2.868302,1.767804,-1.863085,1.707377,0.502609,1.73759
1690,56.333333,1,591.59646,423.165421,487.60006,421.128938,539.59826,422.14718,2.890178,4.294809,-2.007401,2.802517,0.441389,3.548663
1691,56.366667,1,591.156092,425.411997,489.335785,422.730839,540.245938,424.071418,2.837113,6.938535,-1.979468,2.704383,0.428822,4.821459
1692,56.4,1,594.552517,424.828101,490.115061,421.775082,542.333789,423.301592,2.87696,6.643599,-2.05919,3.440905,0.408885,5.042252
1693,56.433333,1,596.057148,424.595629,490.990477,421.27337,543.523812,422.934499,2.820347,4.61267,-2.090801,3.889053,0.364773,4.250862
1694,56.466667,1,598.714008,424.482933,493.619375,421.185458,546.166692,422.834195,2.836692,2.196414,-2.062772,3.518111,0.38696,2.857263
1695,56.5,1,599.86598,424.715824,495.203896,420.745822,547.534938,422.730823,2.771857,2.511427,-2.073914,3.463901,0.348971,2.987664
1696,56.533333,1,601.350079,425.081087,497.126684,421.698532,549.238381,423.38981,2.674453,2.070484,-2.095597,2.62406,0.289428,2.347272
1697,56.566667,1,602.828588,426.696732,498.860312,422.927467,550.84445,424.812099,2.701906,1.747932,-2.080104,3.012805,0.310901,2.380368
1698,56.6,1,604.129677,426.576269,497.970886,422.896053,551.050282,424.736161,2.710901,1.213753,-2.059009,2.740497,0.325946,1.977125
1699,56.633333,1,604.485683,426.722556,497.549419,422.930996,551.017551,424.826776,2.700702,1.005921,-2.058099,2.306795,0.321302,1.656358
1700,56.666667,1,604.949236,426.304797,498.11389,422.376455,551.531563,424.340626,2.7035,1.226728,-2.057332,1.903327,0.323084,1.565027
1701,56.7,1,605.387354,426.299454,498.542862,422.375886,551.965108,424.33767,2.72532,1.245612,-2.072868,1.840982,0.326226,1.543297
1702,56.733333,1,605.429707,426.551775,498.612137,422.507175,552.020922,424.529475,2.719693,1.230215,-2.085327,1.778688,0.317183,1.504452
1703,56.766667,1,605.513906,426.703888,498.698559,422.582417,552.106233,424.643152,2.718696,1.196985,-2.092424,1.7614,0.313136,1.479193
1704,56.8,1,605.088997,426.692998,498.392086,422.339065,551.740541,424.516032,2.724665,1.210964,-2.071072,1.614994,0.326796,1.412979
1705,56.833333,1,604.350405,426.522775,497.823296,422.194988,551.08685,424.358881,2.739319,1.288211,-2.067846,1.612605,0.335736,1.450408
1706,56.866667,1,603.271456,426.365587,497.109137,421.592274,550.190296,423.97893,2.736705,1.325515,-2.044214,1.636868,0.346245,1.481191
1707,56.9,1,602.044706,425.58015,496.009903,420.795346,549.027305,423.187748,2.745541,1.378074,-1.974552,1.584349,0.385495,1.481212
1708,56.933333,1,600.307961,423.895615,494.244213,419.659667,547.276087,421.777641,2.763564,1.684866,-1.959433,1.792682,0.402066,1.738774
1709,56.966667,1,598.659248,422.210813,492.663126,419.164553,545.661187,420.687683,2.778976,1.534488,-1.941876,1.812381,0.41855,1.673435
1710,57.0,1,596.958733,420.591713,490.93832,418.476266,543.948526,419.533989,2.770893,1.462106,-1.96177,1.771585,0.404561,1.616845
1711,57.033333,1,595.707102,419.223883,489.269238,417.917948,542.48817,418.570915,2.833704,1.485084,-1.87948,1.801258,0.477112,1.643171
1712,57.066667,1,594.966307,416.804906,488.696985,417.2744,541.831646,417.039653,2.7565,1.428996,-1.954882,1.952508,0.400809,1.690752
1713,57.1,1,594.268427,415.616269,488.042822,416.319587,541.155624,415.967928,2.797462,1.430181,-1.904465,1.799031,0.446499,1.614606
1714,57.133333,1,593.800488,414.205685,487.605963,415.588288,540.703225,414.896986,2.781352,1.322353,-1.938525,1.762642,0.421414,1.542498
1715,57.166667,1,593.477316,413.547578,487.440605,415.077113,540.458961,414.312345,2.779889,1.27591,-1.917086,1.856493,0.431402,1.566201
1716,57.2,1,593.330841,413.613067,487.331057,415.120844,540.330949,414.366955,2.783477,1.318599,-1.916248,1.828878,0.433614,1.573739
1717,57.233333,1,593.215179,413.861428,486.994572,415.58876,540.104876,414.725094,2.804109,1.290963,-1.920585,1.860166,0.441762,1.575565
1718,57.266667,1,593.445225,414.754518,487.196836,416.311004,540.321031,415.532761,2.787333,1.226434,-1.936421,1.983414,0.425456,1.604924
1719,57.3,1,593.66272,415.570167,486.780815,417.248018,540.221767,416.409093,2.84386,1.301055,-1.925606,1.985026,0.459127,1.64304
1720,57.333333,1,593.580313,416.392436,486.964273,418.200427,540.272293,417.296432,2.79686,1.335383,-1.979103,1.951388,0.408879,1.643386
1721,57.366667,1,590.528011,421.653568,489.445782,423.222928,539.986897,422.438248,2.807656,1.981995,-1.987637,3.217185,0.41001,2.59959
1722,57.4,1,589.714756,424.55369,495.288248,426.57968,542.501502,425.566685,2.652002,12.531043,-1.849879,4.291748,0.401061,8.411396
1723,57.433333,1,591.548767,425.860012,495.511541,426.479495,543.530154,426.169753,2.660935,9.791963,-1.870493,3.813472,0.395221,6.802718
1724,57.466667,1,592.426815,426.528633,494.674206,426.740398,543.55051,426.634516,2.728566,4.270826,-1.935735,2.634565,0.396416,3.452695
1725,57.5,1,591.945314,428.211172,495.800037,428.448129,543.872676,428.32965,2.655371,12.287315,-1.87692,4.619953,0.389225,8.453634
1726,57.533333,1,591.166534,429.828479,498.179569,429.597316,544.673052,429.712898,2.634439,12.865176,-1.785202,23.830185,0.424619,18.347681
1727,57.566667,1,591.560736,430.814964,497.50021,430.999457,544.530473,430.90721,2.598526,9.87699,-1.806269,68.702034,0.396129,39.289512
1728,57.6,1,593.553982,429.876963,496.738787,430.544093,545.146384,430.210528,2.668053,6.225561,-1.884338,6.243761,0.391858,6.234661
1729,57.633333,1,595.687733,429.037936,494.374895,429.535593,545.031314,429.286764,2.703885,6.119193,-2.008976,4.707999,0.347455,5.413596
1730,57.666667,1,599.138327,428.231621,494.09709,428.320273,546.617708,428.275947,2.779273,2.62239,-2.061082,3.302871,0.359096,2.96263
1731,57.7,1,600.193062,427.720327,494.390154,426.744422,547.291608,427.232375,2.721958,1.759321,-1.994794,2.808681,0.363582,2.284001
1732,57.733333,1,601.395712,427.035334,495.31846,426.311502,548.357086,426.673418,2.788961,1.48211,-1.963871,2.481278,0.412545,1.981694
1733,57.766667,1,602.225704,426.829491,495.792112,425.923269,549.008908,426.37638,2.781296,1.270501,-1.987192,2.469779,0.397052,1.87014
1734,57.8,1,602.661419,426.794086,496.21851,425.448046,549.439964,426.121066,2.763447,1.204461,-1.997369,2.304889,0.383039,1.754675
1735,57.833333,1,603.146286,426.471416,496.752567,424.985161,549.949427,425.728288,2.747953,1.280792,-1.993403,2.111481,0.377275,1.696136
1736,57.866667,1,603.645344,425.692513,496.654692,424.360764,550.150018,425.026639,2.726789,1.407025,-2.002132,2.192417,0.362328,1.799721
1737,57.9,1,603.717775,424.463192,497.002583,423.205408,550.360179,423.8343,2.69453,1.498674,-2.026358,2.157208,0.334086,1.827941
1738,57.933333,1,604.01825,423.305111,496.988182,422.049837,550.503216,422.677474,2.715088,1.427412,-2.017723,2.045695,0.348682,1.736553
1739,57.966667,1,603.768349,422.378354,496.888981,421.041133,550.328665,421.709744,2.719814,1.458054,-2.01951,2.103548,0.350152,1.780801
1740,58.0,1,603.324623,420.972726,497.011442,419.692905,550.168033,420.332816,2.751933,1.451482,-2.016696,1.959002,0.367618,1.705242
1741,58.033333,1,602.936697,420.115814,496.900578,418.850563,549.918637,419.483188,2.741725,1.402457,-2.008746,2.003293,0.36649,1.702875
1742,58.066667,1,602.428751,419.312171,496.331997,418.450474,549.380374,418.881322,2.751161,1.26322,-2.044688,1.94831,0.353236,1.605765
1743,58.1,1,602.219067,417.884152,495.907316,417.960123,549.063191,417.922137,2.767341,1.171839,-2.050527,2.041508,0.358407,1.606674
1744,58.133333,1,601.485996,417.138273,495.420637,417.213117,548.453317,417.175695,2.791125,1.053189,-2.024714,2.010405,0.383206,1.531797
1745,58.166667,1,600.916147,416.190498,495.020905,416.453655,547.968526,416.322076,2.805511,1.146407,-1.998304,2.113813,0.403603,1.63011
1746,58.2,1,600.448742,415.370826,494.057503,415.765153,547.253122,415.567989,2.796943,1.166209,-1.974132,2.046152,0.411405,1.60618
1747,58.233333,1,599.598408,414.974009,493.451834,415.290295,546.525121,415.132152,2.811982,1.284792,-1.975849,1.914307,0.418067,1.599549
1748,58.266667,1,598.618622,414.436355,492.370491,414.473369,545.494556,414.454862,2.828257,1.31911,-1.995284,2.036291,0.416487,1.6777
1749,58.3,1,597.600613,413.840454,491.318502,413.599967,544.459558,413.72021,2.843302,1.460842,-1.97154,2.053088,0.435881,1.756965
1750,58.333333,1,596.572571,413.145794,490.332851,412.749192,543.452711,412.947493,2.855427,1.453178,-1.978753,1.996814,0.438337,1.724996
1751,58.366667,1,595.269651,412.628846,489.366865,411.80279,542.318258,412.215818,2.778911,1.326842,-1.98831,1.743822,0.3953,1.535332
1752,58.4,1,594.484339,412.313279,488.767023,411.381973,541.625681,411.847626,2.749668,1.362552,-1.976809,1.611611,0.38643,1.487081
1753,58.433333,1,593.702507,412.14445,487.610483,411.541404,540.656495,411.842927,2.751359,1.741753,-1.99175,1.705237,0.379805,1.723495
1754,58.466667,1,593.006029,412.135974,487.233086,411.544011,540.119557,411.839992,2.725055,1.763714,-1.938117,1.642076,0.393469,1.702895
1755,58.5,1,592.058449,412.671086,486.718369,411.773468,539.388409,412.222277,2.746709,1.632927,-1.921452,1.615321,0.412628,1.624124
1756,58.533333,1,591.300611,413.359437,485.43354,413.334943,538.367076,413.34719,2.839985,2.478643,-1.924057,1.664118,0.457964,2.07138
1757,58.566667,1,585.997248,418.218827,491.170082,417.92078,538.583665,418.069804,2.663206,5.45929,-1.84316,0.40208,0.410023,2.930685
1758,58.6,1,585.431032,418.34561,491.008844,418.184688,538.219938,418.265149,2.662292,4.803155,-1.818579,0.587966,0.421857,2.69556
1759,58.633333,1,586.33646,417.622583,485.959625,417.811925,536.148043,417.717254,2.759412,4.588514,-1.987004,1.511874,0.386204,3.050194
1760,58.666667,1,586.677341,416.175703,481.453857,416.338331,534.065599,416.257017,2.915335,3.517179,-2.066668,1.257216,0.424334,2.387197
1761,58.7,1,586.308603,415.272925,480.018034,416.014695,533.163319,415.64381,2.937681,2.351808,-2.042765,1.470973,0.447458,1.91139
1762,58.733333,1,585.357161,414.201221,478.627291,415.600626,531.992226,414.900924,2.929835,1.440845,-2.042531,1.533971,0.443652,1.487408
1763,58.766667,1,583.28124,413.646755,476.488867,415.116552,529.885054,414.381654,2.908306,1.584125,-1.969048,1.629857,0.469629,1.606991
1764,58.8,1,581.496639,413.482218,474.448767,414.70287,527.972703,414.092544,2.891263,1.746075,-1.936929,1.629816,0.477167,1.687945
1765,58.833333,1,579.19982,412.672513,471.510878,413.267738,525.355349,412.970125,2.879144,1.69312,-1.886116,1.518757,0.496514,1.605938
1766,58.866667,1,576.625452,411.778007,469.074697,412.095215,522.850075,411.936611,2.763025,1.492842,-1.866431,1.727183,0.448297,1.610012
1767,58.9,1,573.093348,411.276798,466.460686,411.066695,519.777017,411.171747,2.838838,0.959126,-1.936312,1.832204,0.451263,1.395665
1768,58.933333,1,569.811096,410.117751,464.172068,409.980111,516.991582,410.048931,2.863634,0.883375,-1.926019,2.054172,0.468808,1.468773
1769,58.966667,1,567.002907,409.48269,461.872473,409.461662,514.43769,409.472176,2.923679,0.834702,-1.893717,2.186547,0.514981,1.510624
1770,59.0,1,564.604378,409.173185,458.992376,409.624826,511.798377,409.399005,2.953537,0.826689,-1.928611,2.155767,0.512463,1.491228
1771,59.033333,1,562.252531,409.048773,456.554651,409.69584,509.403591,409.372306,2.947426,1.209656,-1.933627,2.153068,0.506899,1.681362
1772,59.066667,1,560.165586,409.122308,454.355564,410.8118,507.260575,409.967054,2.939476,1.044735,-1.873146,2.101076,0.533165,1.572906
1773,59.1,1,558.418274,409.748358,452.668514,412.439353,505.543394,411.093856,2.971417,0.76812,-1.833543,2.061685,0.568937,1.414903
1774,59.133333,1,556.763659,410.544405,451.051359,414.438951,503.907509,412.491678,2.975191,0.663671,-1.871264,2.266695,0.551963,1.465183
1775,59.166667,1,555.364771,411.340485,449.444256,415.493424,502.404513,413.416954,2.956273,0.95921,-1.936599,2.495934,0.509837,1.727572
1776,59.2,1,554.136066,412.428485,447.807064,416.560761,500.971565,414.494623,2.978097,1.086869,-1.934999,2.326784,0.521549,1.706826
1777,59.233333,1,552.802057,413.957473,447.022495,418.114876,499.912276,416.036174,2.922816,1.181575,-1.856932,1.985471,0.532942,1.583523
1778,59.266667,1,550.197821,414.44541,443.932171,419.225407,497.064996,416.835408,2.896146,1.468785,-1.829965,1.889974,0.533091,1.679379
1779,59.3,1,549.178877,415.230106,442.560043,420.510249,495.86946,417.870178,2.923653,1.32632,-1.808784,1.948998,0.557434,1.637659
1780,59.333333,1,548.003082,416.189972,441.043644,421.87912,494.523363,419.034546,2.901095,1.504176,-1.838799,1.875197,0.531148,1.689687
1781,59.366667,1,547.274303,416.780101,440.892029,422.921834,494.083166,419.850968,2.909453,1.516606,-1.794957,2.052725,0.557248,1.784665
1782,59.4,1,546.922426,417.626799,440.453434,423.929025,493.68793,420.777912,2.904335,1.513181,-1.802756,2.078237,0.55079,1.795709
1783,59.433333,1,546.811066,419.108559,440.479774,425.808427,493.64542,422.458493,2.941631,1.627011,-1.831412,2.526671,0.555109,2.076841
1784,59.466667,1,544.031096,423.237004,438.926306,430.527077,491.478701,426.882041,2.880383,3.787027,-1.920673,9.415831,0.479855,6.601429
1785,59.5,1,544.645433,423.838592,438.901386,431.136485,491.77341,427.487538,2.927416,2.946673,-1.945828,9.384355,0.490794,6.165514
1786,59.533333,1,546.790838,423.832723,439.046364,430.645384,492.918601,427.239053,2.912683,2.381751,-1.965605,3.995996,0.473539,3.188874
1787,59.566667,1,546.889734,424.286993,439.318323,431.32409,493.104029,427.805541,2.905118,2.121925,-1.862038,2.572177,0.52154,2.347051
1788,59.6,1,547.619581,424.699001,440.852947,431.443523,494.236264,428.071262,2.9127,2.08357,-1.838959,2.125819,0.53687,2.104694
1789,59.633333,1,548.007288,425.128219,441.636333,431.770152,494.821811,428.449185,2.88015,1.9212,-1.817794,1.785465,0.531178,1.853333
1790,59.666667,1,548.946238,425.110903,442.216024,431.701573,495.581131,428.406238,2.848837,1.675508,-1.805981,1.846761,0.521428,1.761134
1791,59.7,1,549.921818,424.981685,442.77113,431.579726,496.346474,428.280705,2.883647,1.716886,-1.811506,1.835976,0.536071,1.776431
1792,59.733333,1,550.856314,424.893848,443.737679,431.119823,497.296996,428.006836,2.902682,1.597818,-1.829213,1.817496,0.536734,1.707657
1793,59.766667,1,552.546902,424.111812,445.194082,429.77638,498.870492,426.944096,2.898136,1.695477,-1.823543,1.977598,0.537296,1.836538
1794,59.8,1,555.961914,423.395029,448.655252,428.653232,502.308583,426.024131,2.927305,1.402462,-1.802969,2.173618,0.562168,1.78804
1795,59.833333,1,557.438898,422.923594,450.666752,427.531618,504.052825,425.227606,2.896868,1.518617,-1.818394,2.156049,0.539237,1.837333
1796,59.866667,1,559.807034,422.321073,453.532448,426.25833,506.669741,424.289702,2.84745,1.385309,-1.79937,1.931448,0.52404,1.658378
1797,59.9,1,562.627268,421.611017,455.445852,425.537299,509.03656,423.574158,2.864878,1.090725,-1.85176,2.064214,0.506559,1.57747
1798,59.933333,1,565.08276,421.367805,457.425365,424.049445,511.254063,422.708625,2.892736,1.238534,-1.863513,1.854244,0.514611,1.546389
1799,59.966667,1,566.827374,420.095344,459.396877,422.362218,513.112125,421.228781,2.858661,1.047076,-1.853422,1.699938,0.502619,1.373507
1800,60.0,1,568.699751,419.100437,460.827112,420.339521,514.763432,419.719979,2.827037,1.311441,-1.847208,1.672402,0.489915,1.491922
1801,60.033333,1,570.258837,418.347723,462.908564,418.922102,516.5837,418.634913,2.757268,1.233828,-1.878813,1.457131,0.439228,1.345479
1802,60.066667,1,572.103453,417.610331,464.03245,417.927572,518.067951,417.768951,2.818191,1.030719,-1.855632,1.639764,0.481279,1.335241
1803,60.1,1,572.93458,417.273316,465.130644,417.658149,519.032612,417.465733,2.827078,0.992534,-1.851707,1.563115,0.487686,1.277825
1804,60.133333,1,573.908377,417.221067,466.146936,417.356046,520.027657,417.288557,2.835698,1.050344,-1.88674,1.43257,0.474479,1.241457
1805,60.166667,1,574.680891,417.296169,466.850729,417.691226,520.76581,417.493697,2.84522,0.98735,-1.887823,1.426305,0.478699,1.206828
1806,60.2,1,575.029907,417.432511,467.23465,417.653643,521.132278,417.543077,2.847268,1.002858,-1.899295,1.369831,0.473987,1.186344
1807,60.233333,1,575.401592,417.743733,467.545252,418.09315,521.473422,417.918441,2.85546,1.128736,-1.899415,1.401174,0.478022,1.264955
1808,60.266667,1,575.441456,418.006965,468.072367,418.659182,521.756911,418.333073,2.861713,1.144777,-1.880227,1.508384,0.490743,1.326581
1809,60.3,1,576.112499,418.319989,469.032097,418.954579,522.572298,418.637284,2.838591,1.271563,-1.864489,1.559024,0.487051,1.415294
1810,60.333333,1,576.986113,418.600731,470.336246,419.226308,523.66118,418.913519,2.810157,1.32703,-1.882967,1.486315,0.463595,1.406673
1811,60.366667,1,578.822393,418.953774,471.951427,419.088571,525.38691,419.021173,2.819075,1.419396,-1.859972,1.58282,0.479552,1.501108
1812,60.4,1,580.57126,419.272292,474.167356,419.169359,527.369308,419.220825,2.796998,1.535927,-1.875696,1.610614,0.460651,1.573271
1813,60.433333,1,580.647011,419.879512,473.465805,419.129995,527.056408,419.504753,2.817644,1.460487,-1.848868,1.593031,0.484388,1.526759
1814,60.466667,1,582.921705,420.452271,476.977959,418.758112,529.949832,419.605191,2.732392,1.667046,-1.872114,1.771476,0.430139,1.719261
1815,60.5,1,585.545912,421.156436,479.574795,418.354536,532.560353,419.755486,2.67985,1.934963,-1.87642,1.73063,0.401715,1.832797
1816,60.533333,1,588.598413,421.530122,482.133598,418.334677,535.366006,419.932399,2.679472,1.904509,-1.988031,1.864148,0.34572,1.884329
1817,60.566667,1,591.74325,421.923795,484.375477,419.036794,538.059363,420.480294,2.705256,1.806322,-2.009281,1.830644,0.347988,1.818483
1818,60.6,1,594.580088,422.043496,486.857185,418.951521,540.718637,420.497509,2.702629,1.619916,-2.028507,1.780143,0.337061,1.700029
1819,60.633333,1,596.909313,421.608067,489.706459,417.683158,543.307886,419.645612,2.70105,1.549703,-2.020051,1.914021,0.340499,1.731862
1820,60.666667,1,599.303913,421.023098,491.609821,416.744213,545.456867,418.883656,2.693453,1.533341,-2.023481,2.080523,0.334986,1.806932
1821,60.7,1,601.005507,420.640229,493.870659,416.53072,547.438083,418.585474,2.700065,1.427391,-2.010588,2.017446,0.344739,1.722419
1822,60.733333,1,602.511244,420.361215,495.076733,416.222781,548.793988,418.291998,2.687864,1.477466,-2.015403,1.774386,0.33623,1.625926
1823,60.766667,1,603.799257,420.12664,496.079788,416.137733,549.939523,418.132187,2.696478,1.50033,-1.998798,1.869624,0.34884,1.684977
1824,60.8,1,604.865952,420.125438,497.217751,415.47968,551.041851,417.802559,2.686582,1.601861,-2.010767,1.873169,0.337908,1.737515
1825,60.833333,1,605.542974,419.814034,498.334646,414.979599,551.93881,417.396816,2.674779,1.719658,-1.985629,2.046533,0.344575,1.883096
1826,60.866667,1,606.020479,419.270993,499.104395,414.563663,552.562437,416.917328,2.653213,1.807062,-1.99668,2.070287,0.328267,1.938675
1827,60.9,1,606.340036,418.979394,499.584236,414.182124,552.962136,416.580759,2.653489,1.796836,-2.003345,2.086781,0.325072,1.941808
1828,60.933333,1,606.279249,419.080954,499.302578,414.216886,552.790914,416.64892,2.637497,1.863536,-2.013696,2.065751,0.3119,1.964643
1829,60.966667,1,606.158924,419.014971,498.962603,414.46101,552.560763,416.73799,2.639764,1.778419,-2.017559,2.051699,0.311103,1.915059
1830,61.0,1,605.412865,419.170271,498.472204,414.776663,551.942534,416.973467,2.648748,1.752481,-2.03441,1.941288,0.307169,1.846885
1831,61.033333,1,604.673929,419.275017,497.929449,415.141668,551.301689,417.208343,2.656738,1.696685,-2.032953,1.877297,0.311893,1.786991
1832,61.066667,1,603.913555,419.400523,496.950922,415.970278,550.432239,417.6854,2.67666,1.580797,-1.999045,1.790874,0.338807,1.685836
1833,61.1,1,602.933798,419.298352,495.748491,416.627891,549.341145,417.963122,2.665369,1.569127,-2.016198,1.841274,0.324586,1.705201
1834,61.133333,1,601.854239,419.705737,495.02799,417.157692,548.441114,418.431714,2.652588,1.612977,-1.992323,1.870492,0.330132,1.741735
1835,61.166667,1,601.074915,420.076482,493.87867,417.765598,547.476792,418.92104,2.648901,1.699503,-1.964579,1.929897,0.342161,1.8147
1836,61.2,1,600.13299,420.467323,492.695656,418.209783,546.414323,419.338553,2.670114,1.446373,-1.998332,2.011264,0.335891,1.728818
1837,61.233333,1,598.895416,420.458161,491.734333,418.711023,545.314875,419.584592,2.694098,1.426196,-2.003288,2.058009,0.345405,1.742102
1838,61.266667,1,598.28928,420.244668,491.800585,418.549576,545.044932,419.397122,2.699649,1.402288,-2.015906,2.08188,0.341871,1.742084
1839,61.3,1,597.621965,420.069262,491.837788,418.631469,544.729877,419.350365,2.721676,1.386412,-2.011608,2.117359,0.355034,1.751886
1840,61.333333,1,596.58411,419.862528,490.876884,418.666638,543.730497,419.264583,2.761381,1.500523,-2.010198,2.09537,0.375592,1.797947
1841,61.366667,1,595.269737,419.612385,489.546623,418.965307,542.40818,419.288846,2.768527,1.492935,-2.009169,2.08412,0.379679,1.788527
1842,61.4,1,594.360228,419.812113,488.097591,419.391822,541.228909,419.601967,2.776768,1.544365,-2.042208,2.04022,0.36728,1.792293
1843,61.433333,1,593.410912,420.02876,486.983204,419.798015,540.197058,419.913388,2.750268,1.468701,-2.034784,2.014821,0.357742,1.741761
1844,61.466667,1,592.662649,420.191925,486.108227,420.352192,539.385438,420.272058,2.732302,1.464476,-2.035103,1.929398,0.348599,1.696937
1845,61.5,1,591.940842,420.160446,485.57847,420.457335,538.759656,420.30889,2.702715,1.512132,-2.012779,1.891875,0.344968,1.702003
1846,61.533333,1,591.452894,420.444857,485.124588,420.633245,538.288741,420.539051,2.713863,1.596378,-1.999075,1.902068,0.357394,1.749223
1847,61.566667,1,590.726061,420.520002,484.400492,420.876971,537.563276,420.698487,2.696735,1.614007,-2.019863,1.954503,0.338436,1.784255
1848,61.6,1,590.039282,420.511526,483.82082,421.23289,536.930051,420.872208,2.708526,1.64456,-2.001827,1.905726,0.35335,1.775143
1849,61.633333,1,589.365864,420.389775,483.238258,421.504705,536.302061,420.94724,2.723609,1.513317,-1.996459,1.940817,0.363575,1.727067
1850,61.666667,1,588.952208,420.275352,482.58996,421.487002,535.771084,420.881177,2.71826,1.601169,-2.007671,1.941698,0.355294,1.771434
1851,61.7,1,588.491192,420.315446,482.067413,421.771349,535.279303,421.043397,2.699306,1.628196,-1.993961,1.958625,0.352673,1.79341
1852,61.733333,1,587.35383,420.147421,481.309204,421.207838,534.331517,420.67763,2.674822,1.720728,-1.997149,1.950007,0.338837,1.835368
1853,61.766667,1,586.111813,419.032685,480.113459,420.588752,533.112636,419.810718,2.638481,1.929242,-2.046225,1.94923,0.296128,1.939236
1854,61.8,1,585.684366,418.749636,479.120102,420.210539,532.402234,419.480088,2.633437,1.942501,-2.050967,1.871769,0.291235,1.907135
1855,61.833333,1,584.914761,418.147684,478.932714,419.377788,531.923738,418.762736,2.635337,1.974926,-2.041189,1.845197,0.297074,1.910061
1856,61.866667,1,584.843016,417.728745,478.205872,419.311731,531.524444,418.520238,2.623359,2.202883,-2.023396,1.741868,0.299981,1.972375
1857,61.9,1,583.639374,417.27911,478.434229,418.873737,531.036801,418.076423,2.627934,1.865837,-1.99588,1.720378,0.316027,1.793107
1858,61.933333,1,583.891888,416.803576,477.470121,418.822314,530.681005,417.812945,2.616369,1.979776,-2.051908,1.638797,0.282231,1.809287
1859,61.966667,1,583.179922,416.662084,477.587137,418.337681,530.38353,417.499883,2.622347,1.883693,-1.993985,1.650034,0.314181,1.766863
1860,62.0,1,583.298922,416.335359,477.033978,418.095306,530.16645,417.215332,2.623794,2.027364,-2.054011,1.680737,0.284892,1.85405
1861,62.033333,1,583.083553,416.095558,477.234116,417.791766,530.158834,416.943662,2.628282,2.073696,-1.981701,1.628453,0.323291,1.851074
1862,62.066667,1,583.034458,415.683893,476.770992,417.644813,529.902725,416.664353,2.625656,2.030317,-2.01172,1.743875,0.306968,1.887096
1863,62.1,1,582.844048,415.034541,476.741161,416.964197,529.792604,415.999369,2.637081,2.018273,-1.983388,1.636047,0.326847,1.82716
1864,62.133333,1,582.804651,414.540081,476.251011,416.471711,529.527831,415.505896,2.651473,2.141425,-2.026792,1.641548,0.312341,1.891486
1865,62.166667,1,582.66696,413.805982,476.081772,415.627213,529.374366,414.716597,2.683593,2.182803,-2.000835,1.61325,0.341379,1.898027
1866,62.2,1,582.424622,413.403629,476.078892,415.405308,529.251757,414.404469,2.682801,2.094568,-1.939389,1.510046,0.371706,1.802307
1867,62.233333,1,581.162376,413.786595,476.181278,416.594857,528.671827,415.190726,2.726456,2.331183,-1.939974,1.638653,0.393241,1.984918
1868,62.266667,1,578.411436,416.731489,476.577597,419.719148,527.494516,418.225318,2.839223,12.447388,-1.957576,2.474679,0.440823,7.461034
1869,62.3,1,579.659758,416.530538,473.758631,419.614145,526.709194,418.072341,2.889268,11.619512,-2.035022,3.574494,0.427123,7.597003
1870,62.333333,1,578.916159,414.427385,472.958002,418.581172,525.93708,416.504279,2.913047,3.006313,-2.081108,2.472867,0.41597,2.73959
1871,62.366667,1,578.190947,413.726599,472.560692,417.796433,525.375819,415.761516,2.820831,2.433191,-2.044509,2.152505,0.388161,2.292848
1872,62.4,1,577.80365,414.001611,471.284657,417.468699,524.544153,415.735155,2.893503,1.720352,-1.974865,1.867484,0.459319,1.793918
1873,62.433333,1,577.703104,414.08446,470.579462,417.142403,524.141283,415.613431,2.890958,1.35603,-1.928582,1.590788,0.481188,1.473409
1874,62.466667,1,577.226315,414.547173,469.92403,417.507731,523.575172,416.027452,2.897252,1.290959,-1.935457,1.616859,0.480898,1.453909
1875,62.5,1,576.356106,414.400563,469.317474,417.205381,522.83679,415.802972,2.909465,1.088045,-1.87656,1.490355,0.516452,1.2892
1876,62.533333,1,575.97909,414.678644,468.641768,417.316854,522.310429,415.997749,2.883441,1.218557,-1.895823,1.534398,0.493809,1.376477
1877,62.566667,1,575.139227,414.851099,468.336344,417.412405,521.737785,416.131752,2.867711,1.210825,-1.839509,1.212018,0.514101,1.211421
1878,62.6,1,575.269489,415.21383,467.781973,417.58957,521.525731,416.4017,2.851256,1.325078,-1.899528,1.61647,0.475864,1.470774
1879,62.633333,1,574.917936,415.418108,467.311544,417.798096,521.11474,416.608102,2.845179,1.324435,-1.899368,1.620382,0.472906,1.472409
1880,62.666667,1,574.474144,415.224699,466.530943,417.77048,520.502543,416.497589,2.837789,1.408318,-1.933875,1.745274,0.451957,1.576796
1881,62.7,1,573.820515,415.267925,465.929489,417.811882,519.875002,416.539904,2.84503,1.440995,-1.892651,1.692703,0.47619,1.566849
1882,62.733333,1,573.294106,414.887105,465.232353,417.768281,519.263229,416.327693,2.835041,1.519094,-1.923492,1.821012,0.455775,1.670053
1883,62.766667,1,572.660828,414.663087,464.64036,417.792871,518.650594,416.227979,2.822546,1.383298,-1.927597,1.770909,0.447474,1.577104
1884,62.8,1,572.00345,414.272944,464.221315,417.591598,518.112383,415.932271,2.826485,1.565374,-1.93387,1.803969,0.446308,1.684672
1885,62.833333,1,571.351423,413.921285,463.311853,417.474504,517.331638,415.697894,2.830424,1.422273,-1.925649,1.864764,0.452388,1.643518
1886,62.866667,1,570.127974,413.050854,462.745314,416.822909,516.436644,414.936882,2.812467,1.622478,-1.928412,1.889489,0.442028,1.755983
1887,62.9,1,569.458694,412.322195,462.432146,415.948541,515.94542,414.135368,2.82931,1.573843,-1.913498,1.876856,0.457906,1.72535
1888,62.933333,1,568.750229,411.123676,462.060928,415.169327,515.405579,413.146502,2.821121,1.505553,-1.926601,1.810264,0.44726,1.657909
1889,62.966667,1,568.198051,410.091112,461.803484,414.600903,515.000768,412.346007,2.827532,1.14312,-1.917828,1.763409,0.454852,1.453264
1890,63.0,1,567.99387,409.008765,461.924,413.628066,514.958935,411.318415,2.826997,0.999448,-1.916178,1.722364,0.45541,1.360906
1891,63.033333,1,567.87878,408.176883,462.017126,412.682072,514.947953,410.429478,2.808315,1.051888,-1.925708,1.665902,0.441304,1.358895
1892,63.066667,1,568.067942,407.577538,462.275305,411.842111,515.171623,409.709825,2.852669,0.952152,-1.911067,1.779308,0.470801,1.36573
1893,63.1,1,568.095264,406.718674,463.152084,410.878372,515.623674,408.798523,2.89108,0.732915,-1.885114,1.988814,0.502983,1.360865
1894,63.133333,1,568.143339,406.586484,463.555441,410.077711,515.84939,408.332098,2.893451,0.752724,-1.870603,1.811508,0.511424,1.282116
1895,63.166667,1,568.044491,406.26258,463.46879,410.007287,515.75664,408.134934,2.922489,0.793924,-1.867291,1.885239,0.527599,1.339582
1896,63.2,1,568.213863,406.689878,463.501892,410.193518,515.857878,408.441698,2.91736,0.741225,-1.861556,1.781183,0.527902,1.261204
1897,63.233333,1,568.158484,407.012805,463.462706,410.393472,515.810595,408.703138,2.913031,0.768291,-1.873424,1.874722,0.519804,1.321507
1898,63.266667,1,568.171196,406.998396,463.527327,410.274854,515.849261,408.636625,2.918913,0.75646,-1.878233,1.969658,0.52034,1.363059
1899,63.3,1,568.372145,406.942198,463.428164,410.278705,515.900154,408.610452,2.901161,0.766993,-1.880845,1.979578,0.510158,1.373285
1900,63.333333,1,568.966894,406.794902,463.617258,409.956068,516.292076,408.375485,2.895616,0.693257,-1.899401,2.005693,0.498108,1.349475
1901,63.366667,1,569.195642,406.5143,463.970709,409.741534,516.583176,408.127917,2.859296,0.713938,-1.899998,2.051917,0.479649,1.382928
1902,63.4,1,569.120102,407.732903,464.386787,410.448339,516.753445,409.090621,2.797683,1.078766,-1.947861,2.143069,0.424911,1.610917
1903,63.433333,1,565.299234,411.856123,467.543478,414.342896,516.421356,413.099509,2.75887,-1.681896,-1.809102,9.865178,0.474884,4.091641
1904,63.466667,1,566.545563,411.213863,465.936871,413.322487,516.241217,412.268175,2.761645,4.647473,-1.861417,23.920241,0.450114,14.283857
1905,63.5,1,568.020306,409.57955,464.470253,412.014663,516.245279,410.797107,2.812039,3.045026,-1.973682,2.547733,0.419178,2.796379
1906,63.533333,1,568.855934,406.989909,464.211149,410.140668,516.533542,408.565289,2.805052,1.357984,-1.96313,1.616143,0.420961,1.487064
1907,63.566667,1,569.072351,405.846988,463.748779,409.126203,516.410565,407.486596,2.864799,1.22509,-1.947527,1.609417,0.458636,1.417253
1908,63.6,1,570.120039,405.529264,464.180355,408.227942,517.150197,406.878603,2.881013,1.894609,-1.915226,1.605488,0.482893,1.750049
1909,63.633333,1,570.889196,405.887586,464.094954,408.291521,517.492075,407.089553,2.871315,1.293136,-1.934247,1.779547,0.468534,1.536341
1910,63.666667,1,571.321955,405.789707,464.047365,408.250065,517.68466,407.019886,2.813401,0.940175,-1.943973,1.702808,0.434714,1.321491
1911,63.7,1,571.559563,404.888409,464.481363,407.200012,518.020463,406.044211,2.854109,1.429341,-1.928175,1.493925,0.462967,1.461633
1912,63.733333,1,571.540337,403.342255,463.926048,406.308221,517.733192,404.825238,2.89946,1.178522,-1.892811,1.295795,0.503324,1.237158
1913,63.766667,1,571.769695,403.013138,464.373436,405.597371,518.071566,404.305254,2.887573,2.190895,-1.857913,1.764938,0.51483,1.977916
1914,63.8,1,570.325394,402.412752,462.704906,406.220512,516.51515,404.316632,2.902533,1.840589,-1.872523,2.086199,0.515005,1.963394
1915,63.833333,1,571.553717,402.293286,461.876202,405.968181,516.714959,404.130734,2.926565,1.795043,-1.878372,1.996678,0.524096,1.895861
1916,63.866667,1,571.89518,402.731892,461.975918,405.574046,516.935549,404.152969,2.937447,1.427175,-1.901117,1.8135,0.518165,1.620337
1917,63.9,1,573.15402,403.767343,461.463957,406.109587,517.308989,404.938465,2.910757,1.819928,-1.94126,1.3149,0.484749,1.567414
1918,63.933333,1,572.869368,404.070078,462.968025,406.234127,517.918696,405.152103,2.877266,1.700113,-1.954246,1.242453,0.46151,1.471283
1919,63.966667,1,573.232212,404.436243,463.051386,406.729274,518.141799,405.582758,2.894034,1.914572,-1.997285,1.313854,0.448374,1.614213
1920,64.0,1,573.129425,404.256803,462.490139,406.506221,517.809782,405.381512,2.915252,1.404777,-1.97911,1.382862,0.468071,1.39382
1921,64.033333,1,572.779016,404.269302,462.484016,406.524943,517.631516,405.397123,2.925173,1.452241,-1.972022,1.40351,0.476575,1.427875
1922,64.066667,1,572.537241,404.545602,462.715406,406.523066,517.626324,405.534334,2.888503,1.759369,-1.978614,1.19533,0.454944,1.477349
1923,64.1,1,572.603626,404.687008,462.317286,407.01023,517.460456,405.848619,2.884063,1.343528,-2.06364,1.370142,0.410212,1.356835
1924,64.133333,1,572.773285,405.345597,461.54418,407.593503,517.158732,406.46955,2.888208,1.655724,-2.076494,1.314964,0.405857,1.485344
1925,64.166667,1,572.435989,405.750965,461.753979,408.191593,517.094984,406.971279,2.870244,1.792833,-2.031847,1.342051,0.419198,1.567442
1926,64.2,1,572.679243,406.414779,461.858978,408.921089,517.269111,407.667934,2.843083,1.73077,-2.047799,1.438055,0.397642,1.584412
1927,64.233333,1,573.432474,407.393796,462.700996,409.30898,518.066735,408.351388,2.887236,1.798909,-2.043873,1.245138,0.421681,1.522024
1928,64.266667,1,574.526548,408.355787,463.753042,410.33574,519.139795,409.345763,2.895444,2.21757,-2.042784,1.253831,0.42633,1.7357
1929,64.3,1,575.377636,409.200704,464.518003,410.923959,519.94782,410.062332,2.947205,2.117145,-2.046634,1.87556,0.450285,1.996353
1930,64.333333,1,575.065527,409.200071,464.053001,410.708728,519.559264,409.954399,2.992217,1.991934,-2.020723,1.875466,0.485747,1.9337
1931,64.366667,1,575.268917,409.181714,464.256124,410.540832,519.762521,409.861273,2.996532,2.221954,-2.018284,1.773082,0.489124,1.997518
1932,64.4,1,575.609636,409.202989,464.376278,410.256529,519.992957,409.729759,2.990558,2.436722,-2.01279,1.955727,0.488884,2.196224
1933,64.433333,1,574.802256,409.205049,464.438868,410.320194,519.620562,409.762622,2.966174,2.590221,-1.98001,1.666571,0.493082,2.128396
1934,64.466667,1,574.050417,409.26851,463.855505,411.032009,518.952961,410.15026,2.98222,2.623059,-1.984604,1.627795,0.498808,2.125427
1935,64.5,1,573.466864,409.166715,463.171368,411.727978,518.319116,410.447347,2.979835,2.34537,-2.034663,1.729143,0.472586,2.037257
1936,64.533333,1,572.601681,409.657624,462.654619,412.504413,517.62815,411.081018,2.991765,2.351644,-1.999846,1.38779,0.495959,1.869717
1937,64.566667,1,571.441269,410.670093,461.916685,413.969371,516.678977,412.319732,2.975487,2.428631,-1.998436,1.374854,0.488526,1.901742
1938,64.6,1,571.216269,410.821359,461.363001,414.129832,516.289635,412.475595,2.998588,2.458888,-2.031436,1.381198,0.483576,1.920043
1939,64.633333,1,568.882771,412.883431,461.050758,415.99563,514.966764,414.43953,2.964291,3.393443,-2.048857,1.043947,0.457717,2.218695
1940,64.666667,1,566.84576,413.688952,459.508533,417.140408,513.177147,415.41468,2.974655,3.613585,-2.027981,1.532605,0.473337,2.573095
1941,64.7,1,564.889154,412.0548,455.603647,417.612509,510.246401,414.833654,2.928697,3.119309,-2.13712,2.430018,0.395789,2.774664
1942,64.733333,1,563.454475,410.963463,452.976847,417.938933,508.215661,414.451198,2.96651,2.649373,-2.064156,1.451574,0.451177,2.050473
1943,64.766667,1,562.360649,411.093764,451.752796,418.178144,507.056723,414.635954,2.964613,2.178563,-2.091252,1.587684,0.43668,1.883123
1944,64.8,1,562.257242,410.724488,451.562958,417.65801,506.9101,414.191249,2.954111,2.029963,-2.065932,1.695629,0.444089,1.862796
1945,64.833333,1,562.3633,409.59132,452.151546,416.457238,507.257423,413.024279,2.914509,2.061481,-2.073739,1.78219,0.420385,1.921836
1946,64.866667,1,562.721233,408.755726,452.265348,415.181483,507.493291,411.968604,2.908961,1.862488,-2.089458,1.735621,0.409752,1.799054
1947,64.9,1,562.72913,408.134065,452.433004,414.028273,507.581067,411.081169,2.918259,2.033897,-2.048656,1.578872,0.434801,1.806384
1948,64.933333,1,562.980042,407.684162,452.643166,412.823339,507.811604,410.25375,2.930899,1.706164,-2.059797,1.709869,0.435551,1.708017
1949,64.966667,1,563.240423,406.679363,453.074865,411.503681,508.157644,409.091522,2.900992,1.708274,-2.072036,1.900767,0.414478,1.80452
1950,65.0,1,563.133831,406.186781,453.264799,410.542238,508.199315,408.364509,2.906242,1.63749,-2.064232,1.866942,0.421005,1.752216
1951,65.033333,1,563.063517,405.974296,452.895613,410.292878,507.979565,408.133587,2.941812,1.520718,-2.052974,2.001344,0.444419,1.761031
1952,65.066667,1,563.620043,406.467447,453.590298,410.232882,508.60517,408.350165,2.929299,1.581796,-2.056416,1.999689,0.436442,1.790743
1953,65.1,1,564.096498,406.707484,454.058161,410.380511,509.07733,408.543997,2.944665,1.529882,-2.060897,2.05856,0.441884,1.794221
1954,65.133333,1,565.222368,407.433869,455.290194,410.901793,510.256281,409.167831,2.947717,1.774588,-2.013122,1.94832,0.467298,1.861454
1955,65.166667,1,566.074963,407.869824,456.834793,410.985661,511.454878,409.427742,2.949208,1.617296,-1.966116,1.8034,0.491546,1.710348
1956,65.2,1,566.855602,408.163075,456.699858,410.803335,511.77773,409.483205,2.93809,1.808391,-2.003538,1.585773,0.467276,1.697082
1957,65.233333,1,567.047224,408.485584,457.875175,411.155756,512.4612,409.82067,2.941027,1.844349,-1.98046,1.670712,0.480283,1.757531
1958,65.266667,1,566.684179,409.330727,457.960348,411.604671,512.322264,410.467699,2.926947,2.003179,-2.033173,1.357458,0.446887,1.680319
1959,65.3,1,567.937641,410.133716,459.186049,412.460403,513.561845,411.29706,2.912177,2.210758,-2.011485,1.550144,0.450346,1.880451
1960,65.333333,1,568.541851,411.065215,459.605637,413.318399,514.073744,412.191807,2.909106,1.955019,-2.030984,1.685411,0.439061,1.820215
1961,65.366667,1,569.5327,411.866144,460.1229,414.103439,514.8278,412.984791,2.945515,1.968497,-2.029956,1.912723,0.45778,1.94061
1962,65.4,1,569.222965,413.160095,460.263615,414.810845,514.74329,413.98547,2.916841,2.325166,-2.082335,2.143307,0.417253,2.234237
1963,65.433333,1,570.384922,413.631091,460.570879,415.69018,515.477901,414.660636,2.89619,2.61575,-2.064319,2.487055,0.415935,2.551402
1964,65.466667,1,570.545397,414.82697,460.674944,416.69205,515.61017,415.75951,2.876552,2.14596,-2.071356,2.522265,0.402598,2.334112
1965,65.5,1,571.080523,416.206098,460.636644,417.541548,515.858583,416.873823,2.87913,2.506661,-2.05993,2.392868,0.4096,2.449764
1966,65.533333,1,571.278048,417.413381,460.625973,418.557633,515.95201,417.985507,2.925295,2.381821,-2.05114,2.134018,0.437078,2.257919
1967,65.566667,1,570.96097,419.128869,460.454178,420.047729,515.707574,419.588299,2.929397,2.409375,-2.066064,2.082764,0.431666,2.24607
1968,65.6,1,571.165667,420.160006,460.066662,421.51037,515.616164,420.835188,2.963189,2.838864,-2.040595,2.244436,0.461297,2.54165
1969,65.633333,1,571.039648,421.219586,458.818951,423.173254,514.929299,422.19642,2.963534,2.78401,-2.060424,2.352549,0.451555,2.56828
1970,65.666667,1,570.325174,421.817644,458.280172,424.157549,514.302673,422.987596,2.968239,3.083085,-2.089867,2.427525,0.439186,2.755305
1971,65.7,1,568.648891,422.79164,456.704369,425.571288,512.67663,424.181464,2.965399,2.959652,-2.060088,2.41022,0.452656,2.684936
1972,65.733333,1,568.219671,423.622373,455.928545,426.07565,512.074108,424.849012,2.927392,2.878322,-2.016539,2.338883,0.455426,2.608602
1973,65.766667,1,567.437048,424.534024,454.561014,426.545488,510.999031,425.539756,2.939238,2.584964,-2.031753,2.27569,0.453742,2.430327
1974,65.8,1,566.008081,425.114733,454.001579,427.545748,510.00483,426.33024,2.953191,2.366976,-2.008318,2.377158,0.472437,2.372067
1975,65.833333,1,565.330219,425.852963,453.253984,428.313235,509.292102,427.083099,2.961401,2.727012,-1.997216,2.260202,0.482092,2.493607
1976,65.866667,1,564.621439,426.747844,452.303066,429.579613,508.462253,428.163729,2.930916,3.13476,-1.961742,2.47105,0.484587,2.802905
1977,65.9,1,563.634138,427.63926,450.932999,430.97139,507.283568,429.305325,2.92944,3.607224,-1.938478,2.713624,0.495481,3.160424
1978,65.933333,1,563.100138,428.387468,449.985428,432.039821,506.542783,430.213645,2.979484,4.447598,-1.9289,2.939551,0.525292,3.693574
1979,65.966667,1,562.400532,429.752111,449.378271,433.730396,505.889401,431.741254,3.003905,4.027548,-1.9557,3.28501,0.524103,3.656279
1980,66.0,1,561.47542,431.376983,448.701963,435.611397,505.088692,433.49419,3.035601,3.685246,-1.951227,3.594833,0.542187,3.64004
1981,66.033333,1,560.621624,432.428645,447.925997,436.89006,504.27381,434.659352,3.025654,3.425711,-1.912181,3.260808,0.556736,3.34326
1982,66.066667,1,557.602797,434.054686,445.409336,439.288663,501.506066,436.671674,3.059365,3.008987,-1.91631,3.192942,0.571528,3.100964
1983,66.1,1,557.131968,435.462888,444.451141,440.532972,500.791554,437.99793,3.04005,3.253938,-1.925446,3.260265,0.557302,3.257101
1984,66.133333,1,556.745481,437.369392,442.742548,442.046231,499.744015,439.707811,3.084997,3.097402,-1.992194,3.525958,0.546402,3.31168
1985,66.166667,1,555.696001,438.770031,441.788454,443.759884,498.742228,441.264957,3.094866,3.052143,-1.941777,3.658758,0.576545,3.35545
1986,66.2,1,554.927864,439.680233,440.371075,444.88993,497.649469,442.285082,3.189422,2.34635,-1.891189,3.436921,0.649116,2.891636
1987,66.233333,1,554.814606,441.067847,439.954443,445.840988,497.384524,443.454418,3.204392,2.639095,-1.868449,3.303028,0.667971,2.971061
1988,66.266667,1,553.98344,441.610705,438.635225,446.405432,496.309333,444.008068,3.150214,3.011953,-1.825093,3.286453,0.66256,3.149203
1989,66.3,1,552.270174,442.339869,437.17474,447.570691,494.722457,444.95528,3.16595,2.954853,-1.810564,3.382927,0.677693,3.16889
1990,66.333333,1,549.634199,443.014648,435.121269,449.023118,492.377734,446.018883,3.135736,3.524431,-1.830715,3.310229,0.652511,3.41733
1991,66.366667,1,548.193121,444.006261,433.413811,450.335104,490.803466,447.170683,3.160881,3.524619,-1.799298,3.280728,0.680792,3.402673
1992,66.4,1,546.669216,444.587613,431.999817,451.395006,489.334517,447.99131,3.184534,3.309679,-1.890836,3.383847,0.646849,3.346763
1993,66.433333,1,545.124302,445.314084,430.164232,452.492405,487.644267,448.903245,3.127178,3.487456,-1.862831,3.439401,0.632173,3.463429
1994,66.466667,1,543.094368,445.754031,428.179102,453.430395,485.636735,449.592213,3.117442,3.411677,-1.783471,3.034155,0.666986,3.222916
1995,66.5,1,541.135893,446.216691,426.205282,453.916132,483.670588,450.066411,3.073577,3.645012,-1.773051,3.182544,0.650263,3.413778
1996,66.533333,1,537.93642,446.802002,423.912935,454.816872,480.924678,450.809437,3.072248,2.98722,-1.727702,3.283575,0.672273,3.135397
1997,66.566667,1,534.788208,447.708589,420.510616,456.816126,477.649412,452.262357,3.1415,2.301685,-1.752118,3.441373,0.694691,2.871529
1998,66.6,1,532.000799,449.330231,416.841869,458.804018,474.421334,454.067125,3.105589,2.204406,-1.788383,3.481273,0.658603,2.842839
1999,66.633333,1,528.5536,449.737798,413.563347,459.680039,471.058474,454.708918,3.067288,2.404428,-1.801249,3.478421,0.63302,2.941424
2000,66.666667,1,525.15233,450.256054,410.070782,461.424344,467.611556,455.840199,3.115644,2.270299,-1.816443,3.660777,0.649601,2.965538
2001,66.7,1,521.742945,451.039399,407.793198,462.095379,464.768071,456.567389,3.109174,2.900798,-1.803484,2.589572,0.652845,2.745185
2002,66.733333,1,519.161882,451.092528,403.915539,462.882575,461.538711,456.987551,3.116008,3.005721,-1.769376,2.885187,0.673316,2.945454
2003,66.766667,1,515.427313,450.573016,401.219149,463.325536,458.323231,456.949276,3.130599,3.230972,-1.72327,2.943863,0.703665,3.087418
2004,66.8,1,511.737213,450.803622,397.993517,463.742534,454.865365,457.273078,3.137529,2.554478,-1.715189,2.616432,0.71117,2.585455
2005,66.833333,1,508.66888,450.663933,395.003004,464.635731,451.835942,457.649832,3.201985,2.971774,-1.73345,2.592409,0.734268,2.782091
2006,66.866667,1,505.96736,450.686249,392.554903,465.115728,449.261131,457.900988,3.183285,2.64075,-1.70378,2.706321,0.739753,2.673535
2007,66.9,1,503.17174,450.830712,390.302877,464.841038,446.737309,457.835875,3.138481,2.387939,-1.693109,2.931391,0.722686,2.659665
2008,66.933333,1,501.261091,450.755213,388.362494,465.238166,444.811792,457.99669,3.132386,1.992089,-1.673108,3.050365,0.729639,2.521227
2009,66.966667,1,499.8347,450.828964,387.213993,465.520774,443.524346,458.174869,3.178381,2.258226,-1.710945,3.050074,0.733718,2.65415
2010,67.0,1,498.912172,451.005185,386.361103,465.932214,442.636638,458.468699,3.183789,2.213326,-1.68008,3.028763,0.751854,2.621045
2011,67.033333,1,498.092308,451.144885,385.508575,466.265763,441.800442,458.705324,3.188661,2.312992,-1.694942,2.808866,0.74686,2.560929
2012,67.066667,1,497.67746,451.450303,384.85487,467.341876,441.266165,459.396089,3.184147,2.535831,-1.720979,2.782132,0.731584,2.658981
2013,67.1,1,497.316704,451.80371,384.64323,467.760633,440.979967,459.782172,3.206838,2.747498,-1.704055,2.69667,0.751391,2.722084
2014,67.133333,1,497.12575,451.550338,384.518309,467.453306,440.822029,459.501822,3.220834,2.832431,-1.708765,2.719913,0.756034,2.776172
2015,67.166667,1,497.111893,451.020602,383.999939,467.384416,440.555916,459.202509,3.23781,2.884235,-1.694874,2.716353,0.771468,2.800294
2016,67.2,1,496.888399,450.35344,383.638945,467.011299,440.263672,458.68237,3.192776,2.933522,-1.706419,2.615706,0.743178,2.774614
2017,67.233333,1,496.997013,449.978971,383.428974,466.32166,440.212994,458.150316,3.178681,2.903691,-1.706148,2.486522,0.736266,2.695106
2018,67.266667,1,497.283525,448.243818,383.794308,464.950022,440.538917,456.59692,3.144555,2.675832,-1.723032,2.373616,0.710761,2.524724
2019,67.3,1,497.833805,446.581396,384.931364,463.08123,441.382585,454.831313,3.064572,2.501889,-1.815531,2.931437,0.624521,2.716663
2020,67.333333,1,498.906507,445.87164,386.632824,462.459998,442.769666,454.165819,3.154417,3.479089,-1.854944,6.304258,0.649737,4.891674
2021,67.366667,1,499.020443,445.509886,388.730097,461.287251,443.87527,453.398568,3.155609,6.249039,-1.754116,24.65804,0.700747,15.453539
2022,67.4,1,501.578331,442.501616,389.054174,458.448089,445.316253,450.474853,3.138859,6.141633,-1.769702,24.195495,0.684579,15.168564
2023,67.433333,1,501.522999,439.725423,390.26145,456.00347,445.892224,447.864447,3.199448,3.683753,-1.769447,19.620851,0.715001,11.652302
2024,67.466667,1,502.636395,437.416738,390.481052,453.299943,446.558723,445.358341,3.149038,3.117887,-1.809743,6.370152,0.669648,4.744019
2025,67.5,1,503.227892,434.387097,390.577211,450.572512,446.902552,442.479805,3.222475,3.300131,-1.808838,3.772479,0.706818,3.536305
2026,67.533333,1,502.971277,431.611462,390.747852,447.802863,446.859565,439.707162,3.190253,2.583304,-1.827216,3.399925,0.681518,2.991615
2027,67.566667,1,504.250078,429.414818,393.164988,445.942537,448.707533,437.678677,3.261392,2.038482,-1.777459,3.046901,0.741966,2.542692
2028,67.6,1,506.898146,427.026011,394.627113,443.168972,450.76263,435.097491,3.13758,1.849045,-1.816665,2.605651,0.660457,2.227348
2029,67.633333,1,509.278917,425.114089,397.744675,440.44551,453.511796,432.7798,3.19994,2.00313,-1.732765,2.544987,0.733588,2.274058
2030,67.666667,1,511.620741,423.570532,399.80547,437.973479,455.713105,430.772005,3.124394,2.195095,-1.786223,2.360009,0.669085,2.277552
2031,67.7,1,513.737974,422.354429,402.998133,435.9219,458.368053,429.138165,3.13127,1.805828,-1.757905,2.042322,0.686682,1.924075
2032,67.733333,1,515.959339,420.268593,406.175776,432.812212,461.067557,426.540402,3.038144,1.718599,-1.815139,2.519245,0.611502,2.118922
2033,67.766667,1,518.712883,417.284378,408.126144,429.780768,463.419514,423.532573,3.104417,1.614889,-1.800761,2.26118,0.651828,1.938035
2034,67.8,1,521.57589,415.88684,411.459131,426.371444,466.51751,421.129142,3.076415,1.252671,-1.821211,1.600539,0.627602,1.426605
2035,67.833333,1,524.307117,414.706217,414.686117,424.01404,469.496617,419.360129,3.053552,0.912082,-1.787905,1.415643,0.632824,1.163863
2036,67.866667,1,527.540369,413.143423,417.019758,423.053584,472.280064,418.098503,3.020502,0.819915,-1.80095,1.418467,0.609776,1.119191
2037,67.9,1,529.613838,412.190402,419.328737,423.051192,474.471288,417.620797,2.982919,0.597042,-1.794439,1.69694,0.59424,1.146991
2038,67.933333,1,526.625166,417.658814,425.103817,425.497323,475.864491,421.578069,2.829601,5.126743,-1.724245,61.56137,0.552678,33.344057
2039,67.966667,1,527.062645,418.286891,427.549238,426.679072,477.305942,422.482982,2.736528,6.088316,-1.658617,39.141108,0.538955,22.614712
2040,68.0,1,531.00071,418.222207,428.25036,425.879602,479.625535,422.050905,2.79087,12.747625,-1.732498,48.187496,0.529186,30.467561
2041,68.033333,1,532.519751,417.850635,430.043373,424.555331,481.281562,421.202983,2.755001,13.991011,-1.724381,49.085962,0.51531,31.538486
2042,68.066667,1,533.723021,417.619407,431.40399,423.920753,482.563505,420.77008,2.75761,13.939719,-1.749329,52.988966,0.504141,33.464343
2043,68.1,1,535.057545,417.2298,433.424616,422.943227,484.24108,420.086514,2.767716,6.799548,-1.749407,51.938712,0.509155,29.36913
2044,68.133333,1,536.571589,416.865771,435.496683,422.372303,486.034136,419.619037,2.760868,5.064178,-1.774805,38.520343,0.493032,21.79226
2045,68.166667,1,539.135523,416.249549,437.1663,421.687331,488.150911,418.96844,2.78368,3.557654,-1.804661,54.217975,0.48951,28.887814
2046,68.2,1,539.652443,416.77169,440.131826,422.221155,489.892135,419.496422,2.772852,-309.31278,-1.739494,43.182272,0.516679,-133.065254
2047,68.233333,1,540.407104,417.886974,450.152168,421.613055,495.279636,419.750015,2.744709,-88.865592,-1.540198,50.293708,0.602255,-19.285942
2048,68.266667,1,539.544153,418.66107,451.089792,422.748027,495.316973,420.704548,2.765735,-0.638895,-1.501754,26.726537,0.63199,13.043821
2049,68.3,1,539.981689,419.245051,450.20875,423.865392,495.09522,421.555222,2.780294,-26.0888,-1.497038,34.990508,0.641628,4.450854
2050,68.333333,1,538.882494,419.181483,449.429903,425.477024,494.156199,422.329254,2.816517,-274.26786,-1.462008,30.463926,0.677254,-121.901967
2051,68.366667,1,539.24859,420.501891,450.055571,427.075889,494.652081,423.78889,2.898982,-8.322664,-1.461345,52.751509,0.718819,22.214422
2052,68.4,1,540.325756,420.908182,450.488768,427.392497,495.407262,424.150339,2.982137,0.583347,-1.476919,38.706784,0.752609,19.645065
2053,68.433333,1,540.624533,421.762508,451.195669,426.834533,495.910101,424.298521,2.948374,7.609436,-1.466537,34.509429,0.740919,21.059432
2054,68.466667,1,541.187172,422.044387,451.806288,428.42415,496.49673,425.234268,2.916514,315.403839,-1.444873,50.977323,0.73582,183.190581
2055,68.5,1,540.921011,424.072781,450.102406,430.575099,495.511708,427.32394,2.801624,115.161341,-1.511083,82.314275,0.64527,98.737808
2056,68.533333,1,542.083693,425.812558,449.784813,431.202521,495.934253,428.50754,2.629747,26.616865,-1.496766,93.472242,0.566491,60.044554
2057,68.566667,1,543.58943,423.217456,445.924702,429.94802,494.757066,426.582738,2.770963,67.499259,-1.560617,71.489222,0.605173,69.49424
2058,68.6,1,547.827024,418.197091,443.176117,427.052093,495.501571,422.624592,2.837267,15.23976,-1.753371,4.012002,0.541948,9.625881
2059,68.633333,1,549.182968,416.050165,441.950874,422.94444,495.566921,419.497302,2.833592,1.229616,-1.782427,2.133925,0.525582,1.68177
2060,68.666667,1,549.754972,416.089025,443.22053,422.752265,496.487751,419.420645,2.89243,0.930876,-1.736502,1.683658,0.577964,1.307267
2061,68.7,1,551.156244,417.294999,443.506937,422.948313,497.331591,420.121656,2.868774,0.956806,-1.764407,1.456341,0.552183,1.206573
2062,68.733333,1,551.99111,418.012962,444.102392,422.88792,498.046751,420.450441,2.881497,1.171267,-1.79656,1.376123,0.542468,1.273695
2063,68.766667,1,551.550331,418.267686,444.249239,423.139393,497.899785,420.70354,2.910407,1.109904,-1.759322,1.454671,0.575543,1.282287
2064,68.8,1,551.823025,418.756782,444.249029,423.899993,498.036027,421.328387,2.915695,0.992285,-1.775728,1.318094,0.569984,1.15519
2065,68.833333,1,550.866985,419.938456,443.86446,424.437025,497.365723,422.18774,2.980281,1.368227,-1.814389,1.510854,0.582946,1.439541
2066,68.866667,1,550.78372,420.754395,443.48443,426.162983,497.134075,423.458689,3.040306,1.527826,-1.828158,1.578286,0.606074,1.553056
2067,68.9,1,550.05209,422.345492,443.104811,426.924967,496.57845,424.635229,3.019542,1.636263,-1.815021,1.258326,0.60226,1.447294
2068,68.933333,1,549.446402,423.174809,442.802029,428.3641,496.124215,425.769455,3.013056,1.605332,-1.786759,1.621182,0.613149,1.613257
2069,68.966667,1,550.149508,424.19348,443.060083,429.076238,496.604795,426.634859,3.124267,1.706338,-1.760336,1.998611,0.681966,1.852475
2070,69.0,1,549.576654,425.603474,443.026466,430.141654,496.30156,427.872564,2.948239,1.781668,-1.756339,1.728592,0.59595,1.75513
2071,69.033333,1,548.951483,426.673933,442.376871,431.127859,495.664177,428.900896,3.089182,1.842237,-1.777044,1.728856,0.656069,1.785546
2072,69.066667,1,547.422905,428.210882,440.168152,432.933115,493.795528,430.571998,3.08117,1.477024,-1.763864,1.757234,0.658653,1.617129
2073,69.1,1,545.943747,429.625243,438.717976,434.969609,492.330861,432.297426,3.067938,1.618495,-1.699147,1.445829,0.684395,1.532162
2074,69.133333,1,543.905773,432.447098,436.589346,438.112396,490.24756,435.279747,3.086447,1.373146,-1.714669,1.370112,0.685889,1.371629
2075,69.166667,1,542.129898,434.208323,435.121384,439.956543,488.625641,437.082433,3.053245,1.229759,-1.666645,1.407946,0.6933,1.318852
2076,69.2,1,539.988289,435.644388,433.582373,441.740191,486.785331,438.69229,3.017388,1.024645,-1.678029,1.514373,0.66968,1.269509
2077,69.233333,1,538.220367,435.756644,432.232141,442.555422,485.226254,439.156033,3.064058,1.024346,-1.70827,1.508906,0.677894,1.266626
2078,69.266667,1,537.094193,435.132837,431.184177,442.70938,484.139185,438.921109,2.998758,1.195167,-1.706629,1.463028,0.646065,1.329097
2079,69.3,1,536.392479,435.131754,430.239773,442.385702,483.316126,438.758728,2.937225,1.180563,-1.686059,1.379584,0.625583,1.280074
2080,69.333333,1,535.823746,434.826068,429.160662,441.974058,482.492204,438.400063,2.944947,1.287665,-1.686197,1.397474,0.629375,1.342569
2081,69.366667,1,534.395666,434.726461,428.70307,442.361358,481.549368,438.54391,2.969704,1.521112,-1.767347,2.422496,0.601179,1.971804
2082,69.4,1,526.127825,438.534361,429.261503,446.548609,477.694664,442.541485,2.764245,9.831375,-1.715513,32.447339,0.524366,21.139357
2083,69.433333,1,530.259933,435.302385,427.388773,442.957474,478.824353,439.12993,2.838816,14.041952,-1.783597,43.497875,0.52761,28.769913
2084,69.466667,1,536.355457,430.424756,432.666416,436.863034,484.510937,433.643895,2.877885,2.091002,-1.821738,3.984804,0.528074,3.037903
2085,69.5,1,539.42584,426.227281,434.028168,432.886004,486.727004,429.556643,2.972904,2.037918,-1.814685,2.765419,0.579109,2.401668
2086,69.533333,1,542.938738,424.864848,436.027288,430.982805,489.483013,427.923827,2.945873,2.042151,-1.824421,2.337803,0.560726,2.189977
2087,69.566667,1,545.067034,424.427809,438.483906,430.068462,491.77547,427.248135,2.879862,1.735809,-1.826356,1.7993,0.526753,1.767555
2088,69.6,1,547.473507,424.081546,440.678873,429.378855,494.07619,426.730201,2.855679,1.640793,-1.812956,1.82253,0.521362,1.731662
2089,69.633333,1,549.234114,423.61217,442.271729,428.32243,495.752921,425.9673,2.888404,1.639017,-1.828067,1.812608,0.530169,1.725812
2090,69.666667,1,550.72793,423.031847,443.563204,427.246778,497.145567,425.139313,2.885428,1.593835,-1.816647,1.737196,0.534391,1.665516
2091,69.7,1,551.42663,421.998746,444.723854,426.446557,498.075242,424.222652,2.839865,1.600508,-1.796797,1.670657,0.521534,1.635582
2092,69.733333,1,552.578497,421.007316,445.386381,425.337893,498.982439,423.172604,2.870725,1.678569,-1.811441,1.813069,0.529642,1.745819
2093,69.766667,1,553.404484,420.406898,446.319046,424.199059,499.861765,422.302979,2.890866,1.36782,-1.778918,1.865155,0.555974,1.616487
2094,69.8,1,554.64406,419.968379,447.168217,423.361008,500.906138,421.664693,2.925718,1.233609,-1.781304,1.912425,0.572207,1.573017
2095,69.833333,1,555.762501,419.10239,448.034973,422.459346,501.898737,420.780868,2.862509,1.417239,-1.775381,1.752408,0.543564,1.584824
2096,69.866667,1,556.535549,418.439981,448.876553,421.697373,502.706051,420.068677,2.775622,1.279013,-1.792464,1.68495,0.491579,1.481982
2097,69.9,1,557.428541,417.944469,449.843779,420.868152,503.63616,419.406311,2.799286,1.289372,-1.766825,1.666956,0.51623,1.478164
2098,69.933333,1,558.703566,417.23539,450.997171,420.403765,504.850368,418.819578,2.814264,1.220241,-1.76599,1.819854,0.524137,1.520048
2099,69.966667,1,560.024328,416.559334,452.393713,419.50912,506.209021,418.034227,2.865628,1.035404,-1.831868,1.817859,0.51688,1.426632
2100,70.0,1,560.679207,415.81206,453.445482,417.761403,507.062345,416.786731,2.875668,0.983293,-1.828079,1.605975,0.523794,1.294634
2101,70.033333,1,561.52133,414.437996,454.389877,416.175638,507.955604,415.306817,2.85703,0.830537,-1.843436,1.498699,0.506797,1.164618
2102,70.066667,1,561.601362,413.431288,455.562897,415.477803,508.582129,414.454545,2.887922,0.64706,-1.851498,1.462894,0.518212,1.054977
2103,70.1,1,562.387857,412.757142,456.335011,414.084159,509.361434,413.42065,2.832578,0.578868,-1.856689,1.480916,0.487944,1.029892
2104,70.133333,1,563.321457,412.443666,456.964369,414.431173,510.142913,413.43742,2.828363,0.719486,-1.833409,1.56588,0.497477,1.142683
2105,70.166667,1,565.181913,412.808415,459.40237,415.091897,512.292142,413.950156,2.875607,0.513124,-1.809038,1.887403,0.533285,1.200263
2106,70.2,1,566.200066,413.896126,460.089693,416.126575,513.144879,415.011351,2.843176,0.731797,-1.841355,1.773267,0.50091,1.252532
2107,70.233333,1,566.971083,414.930471,460.533895,417.535025,513.752489,416.232748,2.810326,1.052535,-1.836043,1.82795,0.487142,1.440243
2108,70.266667,1,568.214369,416.505958,461.151314,419.296689,514.682841,417.901323,2.869757,1.079526,-1.840893,1.968482,0.514432,1.524004
2109,70.3,1,569.536581,417.095207,462.309399,419.98136,515.92299,418.538284,2.864448,1.034394,-1.841332,1.889331,0.511558,1.461863
2110,70.333333,1,570.835152,417.947237,462.743158,420.504842,516.789155,419.22604,2.868117,1.47509,-1.864754,1.892689,0.501682,1.683889
2111,70.366667,1,572.175131,419.420907,463.53159,422.329913,517.85336,420.87541,2.819069,1.222921,-1.890507,1.865433,0.464281,1.544177
2112,70.4,1,572.730627,420.206505,464.534578,423.478382,518.632603,421.842443,2.787048,1.111329,-1.88818,1.834064,0.449434,1.472696
2113,70.433333,1,572.997665,421.197356,464.980974,424.517673,518.98932,422.857515,2.770335,1.15578,-1.88302,1.794077,0.443658,1.474928
2114,70.466667,1,573.115797,422.228247,465.489559,424.9641,519.302678,423.596174,2.773226,1.341628,-1.87627,1.657175,0.448478,1.499401
2115,70.5,1,573.616829,423.083292,466.019669,425.214994,519.818249,424.149143,2.773259,1.755389,-1.871492,1.653325,0.450884,1.704357
2116,70.533333,1,574.212284,423.293341,466.755371,425.195693,520.483828,424.244517,2.755255,1.700009,-1.866447,1.572854,0.444404,1.636432
2117,70.566667,1,575.069847,423.114202,467.764072,425.064039,521.41696,424.089121,2.76069,1.696562,-1.819928,1.522502,0.470381,1.609532
2118,70.6,1,575.702953,422.77855,468.806028,424.403132,522.254491,423.590841,2.742981,1.603176,-1.821505,1.524238,0.460738,1.563707
2119,70.633333,1,576.42561,422.537076,469.464226,423.873246,522.944918,423.205161,2.730806,1.522025,-1.847689,1.363147,0.441559,1.442586
2120,70.666667,1,577.551928,421.767218,470.191107,422.579788,523.871517,422.173503,2.751386,1.608181,-1.873418,1.348286,0.438984,1.478234
2121,70.7,1,578.068848,420.864633,470.742674,421.315105,524.405761,421.089869,2.758487,1.625885,-1.852701,1.354771,0.452893,1.490328
2122,70.733333,1,579.223614,420.383252,472.028494,420.789832,525.626054,420.586542,2.755743,1.853477,-1.899415,1.358374,0.428164,1.605926
2123,70.766667,1,580.341463,420.140759,472.866936,420.123829,526.604199,420.132294,2.768219,1.815376,-1.915517,1.42249,0.426351,1.618933
2124,70.8,1,580.988283,420.236363,473.597536,420.049263,527.29291,420.142813,2.760249,1.842204,-1.932572,1.365797,0.413839,1.604
2125,70.833333,1,581.70619,420.490015,474.297256,420.11163,528.001723,420.300822,2.74701,1.996224,-1.882067,1.394224,0.432472,1.695224
2126,70.866667,1,582.369766,420.928878,474.989815,420.179898,528.67979,420.554388,2.745026,2.074178,-1.918101,1.490339,0.413463,1.782258
2127,70.9,1,583.100529,421.197946,475.585299,420.373875,529.342914,420.78591,2.748664,1.964305,-1.900381,1.527967,0.424141,1.746136
2128,70.933333,1,583.491488,421.592799,475.962248,420.656354,529.726868,421.124577,2.755684,1.937704,-1.91658,1.640213,0.419552,1.788959
2129,70.966667,1,583.76689,421.797892,476.080656,420.858818,529.923773,421.328355,2.759701,1.954848,-1.91027,1.660116,0.424715,1.807482
2130,71.0,1,584.06353,422.163928,476.532507,421.330093,530.298018,421.74701,2.776626,1.864284,-1.92617,1.623328,0.425228,1.743806
2131,71.033333,1,584.535809,422.9365,477.072535,421.684499,530.804172,422.3105,2.798313,1.970911,-1.923942,1.752111,0.437185,1.861511
2132,71.066667,1,585.010042,423.53635,477.375288,422.402859,531.192665,422.969604,2.810917,2.002068,-1.953594,1.802232,0.428661,1.90215
2133,71.1,1,585.586319,423.917996,478.294239,422.823687,531.940279,423.370841,2.789914,2.007566,-1.962029,1.760811,0.413942,1.884189
2134,71.133333,1,586.024265,424.119397,479.24264,423.441528,532.633452,423.780463,2.719875,1.770242,-2.01777,1.769027,0.351052,1.769635
2135,71.166667,1,586.750011,424.416125,479.964352,423.835169,533.357182,424.125647,2.730831,1.911218,-2.039342,1.756253,0.345744,1.833736
2136,71.2,1,587.274065,424.940947,480.820856,424.520806,534.047461,424.730877,2.693561,1.781571,-2.034752,1.718781,0.329405,1.750176
2137,71.233333,1,588.017969,425.349469,481.488314,424.634317,534.753141,424.991893,2.720876,1.798246,-2.026481,1.775295,0.347197,1.786771
2138,71.266667,1,588.739986,425.307884,482.367325,424.581156,535.553656,424.94452,2.670463,1.887334,-2.016948,1.5758,0.326758,1.731567
2139,71.3,1,589.499779,425.131717,482.921209,424.35394,536.210494,424.742829,2.650709,1.779991,-2.045051,1.634755,0.302829,1.707373
2140,71.333333,1,590.342226,424.972297,483.518019,424.041034,536.930122,424.506665,2.64639,1.741708,-2.049076,1.621646,0.298657,1.681677
2141,71.366667,1,591.08531,424.679872,484.166842,423.922663,537.626076,424.301267,2.644002,1.580166,-2.044355,1.611039,0.299824,1.595603
2142,71.4,1,591.438379,424.250182,484.681387,423.434855,538.059883,423.842518,2.648371,1.519768,-2.047805,1.577088,0.300283,1.548428
2143,71.433333,1,591.715584,423.552539,484.7785,423.236468,538.247042,423.394504,2.665667,1.444488,-2.052701,1.626354,0.306483,1.535421
2144,71.466667,1,591.461735,423.080481,484.556608,422.557375,538.009171,422.818928,2.671983,1.499187,-2.036273,1.537632,0.317855,1.518409
2145,71.5,1,591.220789,422.469184,484.571772,421.974349,537.89628,422.221767,2.694862,1.576027,-2.0408,1.504223,0.327031,1.540125
2146,71.533333,1,590.689316,421.75503,483.948755,421.379542,537.319036,421.567286,2.731922,1.63453,-2.033925,1.554897,0.348998,1.594713
2147,71.566667,1,590.192261,421.309451,483.468676,420.555267,536.830468,420.932359,2.732103,1.869482,-1.99947,1.539583,0.366316,1.704533
2148,71.6,1,589.907846,420.469093,482.948351,420.14343,536.428099,420.306262,2.695413,1.744879,-2.013765,1.74158,0.340824,1.743229
2149,71.633333,1,589.212389,419.647146,482.031412,419.63218,535.621901,419.639663,2.677701,1.71642,-2.007385,1.755404,0.335158,1.735912
2150,71.666667,1,588.461456,419.005026,481.558037,418.910794,535.009747,418.95791,2.687398,1.627225,-1.999884,1.687398,0.343757,1.657311
2151,71.7,1,587.876759,418.604057,481.225243,418.75293,534.551001,418.678493,2.66283,1.458916,-1.988499,1.571563,0.337166,1.515239
2152,71.733333,1,587.546511,418.823858,480.429401,419.205505,533.987956,419.014682,2.663212,1.455785,-2.011381,1.611393,0.325915,1.533589
2153,71.766667,1,586.884203,419.553419,479.995174,419.99019,533.439689,419.771805,2.649497,1.439787,-2.001179,1.706276,0.324159,1.573031
2154,71.8,1,586.315575,420.532651,479.48555,421.212484,532.900562,420.872567,2.661445,1.476974,-2.004576,1.759702,0.328434,1.618338
2155,71.833333,1,585.635462,422.027811,478.975353,422.213109,532.305408,422.12046,2.667713,1.623393,-1.955972,1.77351,0.35587,1.698451
2156,71.866667,1,584.647522,423.557678,477.483253,424.00344,531.065388,423.780559,2.710167,1.675906,-1.977057,1.726679,0.366555,1.701292
2157,71.9,1,583.536348,424.84266,476.53513,425.601103,530.035739,425.221882,2.764232,1.592514,-1.927836,1.726224,0.418198,1.659369
2158,71.933333,1,582.525282,425.486412,475.656214,426.821412,529.090748,426.153912,2.796744,1.577177,-1.915544,1.650957,0.4406,1.614067
2159,71.966667,1,581.149874,425.927356,474.594193,427.639453,527.872033,426.783405,2.751615,1.664274,-1.894313,1.647189,0.428651,1.655731
2160,72.0,1,580.035515,426.174656,473.638687,428.616561,526.837101,427.395608,2.705404,1.519362,-1.892318,1.78349,0.406543,1.651426
2161,72.033333,1,578.911734,426.67448,472.364006,429.771595,525.63787,428.223038,2.706524,1.498359,-1.884387,1.88101,0.411068,1.689684
2162,72.066667,1,577.701483,427.252851,471.050959,429.891683,524.376221,428.572267,2.751086,1.61247,-1.877423,1.803351,0.436831,1.70791
2163,72.1,1,576.455555,427.43376,469.222622,430.498227,522.839088,428.965994,2.771297,1.569458,-1.894541,2.01101,0.438378,1.790234
2164,72.133333,1,575.152607,427.578567,468.093405,430.409639,521.623006,428.994103,2.806321,1.72401,-1.864015,1.91723,0.471153,1.82062
2165,72.166667,1,574.353056,427.443084,466.838169,430.418544,520.595613,428.930814,2.813211,1.688578,-1.885072,1.888576,0.464069,1.788577
2166,72.2,1,573.20261,427.231897,465.730801,430.264853,519.466705,428.748375,2.825097,1.734294,-1.899805,1.804671,0.462646,1.769483
2167,72.233333,1,572.134867,427.081758,464.625807,430.117772,518.380337,428.599765,2.847056,1.690785,-1.923812,1.918522,0.461622,1.804654
2168,72.266667,1,571.506462,426.777112,463.881187,430.249382,517.693825,428.513247,2.855923,1.546549,-1.9226,1.806694,0.466662,1.676621
2169,72.3,1,571.00029,426.819749,463.426809,430.266688,517.21355,428.543218,2.864352,1.503829,-1.926127,1.760857,0.469112,1.632343
2170,72.333333,1,570.987339,426.694758,463.519382,430.142641,517.253361,428.4187,2.885717,1.432241,-1.886449,1.720564,0.499634,1.576402
2171,72.366667,1,570.930576,426.431837,463.521662,429.995763,517.226119,428.2138,2.8948,1.394613,-1.901014,1.733503,0.496893,1.564058
2172,72.4,1,571.29838,426.220071,463.705292,429.777035,517.501836,427.998553,2.889926,1.366484,-1.907052,1.857943,0.491437,1.612214
2173,72.433333,1,571.399965,425.923194,464.097738,429.577832,517.748852,427.750513,2.866467,1.358657,-1.895653,1.837522,0.485407,1.598089
2174,72.466667,1,571.645947,425.669907,464.506483,429.118799,518.076215,427.394353,2.844547,1.406954,-1.903192,1.825063,0.470677,1.616008
2175,72.5,1,571.756191,425.370294,464.940586,428.629103,518.348389,426.999698,2.807477,1.448219,-1.926021,1.831401,0.440728,1.63981
2176,72.533333,1,572.409277,425.326917,465.272732,428.398046,518.841004,426.862482,2.816507,1.380996,-1.93118,1.918101,0.442663,1.649548
2177,72.566667,1,572.800236,425.379231,465.875063,428.314061,519.337649,426.846646,2.783761,1.531753,-1.916563,1.780351,0.433599,1.656052
2178,72.6,1,573.126421,425.56881,466.81345,427.996112,519.969935,426.782461,2.753357,1.622628,-1.942123,1.79049,0.405617,1.706559
2179,72.633333,1,573.661079,426.288317,467.520628,428.402295,520.590854,427.345306,2.709991,1.688297,-1.945218,1.722037,0.382387,1.705167
2180,72.666667,1,574.059401,427.170099,468.003702,429.089402,521.031551,428.12975,2.72322,1.831094,-1.957288,1.769506,0.382966,1.8003
2181,72.7,1,574.128361,428.805131,469.498396,430.898691,521.813378,429.851911,2.775108,2.478848,-2.020956,2.56679,0.377076,2.522819
2182,72.733333,1,574.666672,429.442166,469.937124,431.389353,522.301898,430.41576,2.79563,2.650484,-2.042065,3.168034,0.376783,2.909259
2183,72.766667,1,576.32618,428.781538,470.507793,430.842515,523.416986,429.812027,2.762393,2.545882,-2.070098,3.001734,0.346147,2.773808
2184,72.8,1,577.050161,428.479521,471.261988,429.706686,524.156075,429.093103,2.765345,2.417836,-2.047644,2.594645,0.358851,2.50624
2185,72.833333,1,577.732687,428.42798,471.855097,429.468623,524.793892,428.948302,2.747108,2.606547,-2.059657,2.691767,0.343726,2.649157
2186,72.866667,1,578.212538,428.289932,472.744761,429.142435,525.478649,428.716183,2.764149,2.678729,-2.062166,2.470142,0.350991,2.574436
2187,72.9,1,578.93775,428.233595,472.777014,429.18211,525.857382,428.707852,2.772867,2.42747,-2.08082,2.48671,0.346024,2.45709
2188,72.933333,1,578.956299,428.193973,472.964201,429.258124,525.96025,428.726048,2.7661,2.453477,-2.069796,2.371137,0.348152,2.412307
2189,72.966667,1,579.497175,428.28019,474.093819,429.06361,526.795497,428.6719,2.77905,2.58587,-2.062615,2.261851,0.358218,2.42386
2190,73.0,1,579.562235,428.383241,474.176626,429.206851,526.869431,428.795046,2.775587,2.504483,-2.060138,2.134584,0.357724,2.319534
2191,73.033333,1,580.037346,428.327848,474.388838,428.992982,527.213092,428.660415,2.772709,2.512024,-2.071749,2.041987,0.35048,2.277005
2192,73.066667,1,580.04055,427.970095,474.654284,428.921925,527.347417,428.44601,2.772477,2.265813,-2.037048,1.871556,0.367715,2.068684
2193,73.1,1,580.219021,427.81355,474.895668,428.548197,527.557344,428.180873,2.768085,2.165235,-1.997792,1.809291,0.385147,1.987263
2194,73.133333,1,579.983053,427.462964,474.683914,428.392049,527.333484,427.927507,2.765742,2.08003,-1.960268,1.742217,0.402737,1.911124
2195,73.166667,1,580.040731,427.3182,474.599466,428.330605,527.320099,427.824402,2.763869,2.033915,-1.963166,1.799585,0.400351,1.91675
2196,73.2,1,579.778938,427.086296,474.616594,428.205528,527.197766,427.645912,2.765162,2.050609,-1.933548,1.753872,0.415807,1.90224
2197,73.233333,1,579.536819,426.959181,474.581852,428.138387,527.059336,427.548784,2.759285,2.018499,-1.933916,1.678412,0.412685,1.848455
2198,73.266667,1,579.503298,426.718565,474.582882,428.089432,527.04309,427.403998,2.763397,1.965251,-1.92567,1.675036,0.418863,1.820144
2199,73.3,1,579.498549,426.657078,474.501762,428.323642,527.000155,427.49036,2.748454,1.857094,-1.941876,1.776238,0.403289,1.816666
2200,73.333333,1,579.804783,427.012364,474.729071,428.536545,527.266927,427.774454,2.754079,1.901237,-1.958489,1.746128,0.397795,1.823682
2201,73.366667,1,580.117168,427.343659,474.932146,428.78819,527.524657,428.065925,2.766182,1.77871,-1.94255,1.690813,0.411816,1.734761
2202,73.4,1,580.71393,427.357328,475.504704,429.058106,528.109317,428.207717,2.766309,1.953794,-1.951097,1.687142,0.407606,1.820468
2203,73.433333,1,581.361628,427.551788,475.8323,428.824539,528.596964,428.188164,2.775177,2.027555,-1.956157,1.59395,0.40951,1.810753
2204,73.466667,1,582.136574,427.55284,476.38113,428.715534,529.258852,428.134187,2.79807,1.98864,-1.929939,1.631069,0.434066,1.809854
2205,73.5,1,582.565136,427.545233,476.506071,428.345979,529.535604,427.945606,2.794194,1.926392,-1.931593,1.662262,0.431301,1.794327
2206,73.533333,1,583.016033,427.421057,476.805573,427.956415,529.910803,427.688736,2.80568,1.889965,-1.93232,1.611252,0.43668,1.750608
2207,73.566667,1,583.292942,426.971498,477.04524,427.647039,530.169091,427.309268,2.811102,1.76667,-1.953823,1.542506,0.42864,1.654588
2208,73.6,1,583.585796,426.543041,477.203541,426.825221,530.394669,426.684131,2.821398,1.683599,-1.969213,1.50584,0.426093,1.594719
2209,73.633333,1,583.961439,426.183658,477.493105,426.006986,530.727272,426.095322,2.831343,1.654808,-1.99389,1.613088,0.418726,1.633948
2210,73.666667,1,584.305639,425.943396,477.869234,425.905867,531.087437,425.924631,2.790826,1.783686,-2.049463,1.620616,0.370682,1.702151
2211,73.7,1,584.935036,426.062207,478.439407,425.924009,531.687222,425.993108,2.793398,1.634687,-2.045996,1.641424,0.373701,1.638056
2212,73.733333,1,585.564384,426.325203,478.96884,425.978737,532.266612,426.15197,2.776147,1.749075,-2.069874,1.711555,0.353137,1.730315
2213,73.766667,1,586.12854,426.465708,479.471979,426.16088,532.80026,426.313294,2.77256,1.730953,-2.061643,1.700834,0.355458,1.715894
2214,73.8,1,586.968155,426.837097,480.52392,426.158606,533.746037,426.497852,2.745161,1.757934,-2.073384,1.699662,0.335888,1.728798
2215,73.833333,1,587.219276,427.362489,481.448956,426.369106,534.334116,426.865797,2.757254,1.803383,-2.052846,1.726938,0.352204,1.765161
2216,73.866667,1,587.947159,427.421143,481.991472,426.444744,534.969316,426.932943,2.74175,1.949625,-2.077423,1.876347,0.332164,1.912986
2217,73.9,1,588.303223,427.83475,483.122206,426.717235,535.712714,427.275993,2.706448,1.886004,-2.066168,1.797995,0.32014,1.842
2218,73.933333,1,588.450937,428.072308,483.295326,427.010443,535.873132,427.541376,2.728672,1.923113,-2.05655,1.71637,0.336061,1.819742
2219,73.966667,1,588.676195,428.285898,483.488646,427.104127,536.08242,427.695013,2.709597,1.946007,-2.050682,1.702836,0.329458,1.824421
2220,74.0,1,588.671026,428.602431,483.437548,427.620571,536.054287,428.111501,2.711955,1.915254,-2.031694,1.556672,0.340131,1.735963
2221,74.033333,1,588.575315,428.904866,483.451157,428.008053,536.013236,428.45646,2.712168,1.899222,-2.047762,1.599054,0.332203,1.749138
2222,74.066667,1,588.405905,429.155953,483.230543,428.311669,535.818224,428.733811,2.702922,1.942844,-2.046772,1.670849,0.328075,1.806847
2223,74.1,1,588.175278,429.382406,483.219519,428.518993,535.697398,428.9507,2.677874,1.803633,-2.037311,1.709209,0.320282,1.756421
2224,74.133333,1,588.009148,429.287864,482.3668,428.476238,535.187974,428.882051,2.709932,1.806127,-2.044222,1.761624,0.332855,1.783875
2225,74.166667,1,587.582474,429.177411,481.836433,428.693572,534.709454,428.935491,2.712702,1.820118,-2.059419,1.767637,0.326642,1.793877
2226,74.2,1,587.077856,429.214801,481.259146,428.642085,534.168501,428.928443,2.744813,1.970817,-2.04593,1.67796,0.349442,1.824389
2227,74.233333,1,586.304989,429.216764,480.407944,428.885533,533.356466,429.051148,2.751908,1.807365,-2.025671,1.647034,0.363119,1.727199
2228,74.266667,1,585.175047,429.225594,479.345617,429.254079,532.260332,429.239836,2.778141,1.756176,-2.027825,1.593944,0.375158,1.67506
2229,74.3,1,583.921461,429.252555,478.444691,429.395549,531.183076,429.324052,2.771607,1.505692,-1.970519,1.498609,0.400544,1.502151
2230,74.333333,1,583.018541,429.257416,477.564116,429.8725,530.291328,429.564958,2.801743,1.539118,-1.96795,1.574103,0.416896,1.55661
2231,74.366667,1,582.407036,429.000556,477.070732,429.789501,529.738884,429.395029,2.778574,1.595404,-1.977653,1.542805,0.400461,1.569105
2232,74.4,1,581.85503,428.914104,476.591578,430.121763,529.223304,429.517933,2.766627,1.656725,-1.967058,1.570498,0.399785,1.613612
2233,74.433333,1,581.159372,429.016167,476.002693,430.557718,528.581033,429.786943,2.761924,1.403386,-1.952525,1.650181,0.4047,1.526784
2234,74.466667,1,581.129303,428.923942,475.734396,430.374963,528.431849,429.649453,2.717009,2.005089,-1.980617,1.581621,0.368196,1.793355
2235,74.5,1,580.618086,429.346551,475.546055,430.871558,528.08207,430.109054,2.754824,1.374317,-1.953302,1.659336,0.400761,1.516827
2236,74.533333,1,580.628033,429.089853,475.301018,430.671422,527.964525,429.880638,2.729061,1.901008,-1.966923,1.611047,0.381069,1.756027
2237,74.566667,1,580.438604,428.990686,475.171833,430.625396,527.805219,429.808041,2.718661,1.900694,-1.981535,1.505239,0.368563,1.702966
2238,74.6,1,580.069828,429.001254,474.832468,430.67359,527.451148,429.837422,2.714949,1.847521,-1.976548,1.560985,0.369201,1.704253
2239,74.633333,1,579.857121,429.181927,474.583664,430.94209,527.220392,430.062009,2.726809,1.702495,-1.966111,1.581694,0.380349,1.642094
2240,74.666667,1,579.711256,428.919264,474.492693,430.609689,527.101974,429.764476,2.741097,1.740055,-1.971603,1.570672,0.384747,1.655364
2241,74.7,1,579.44375,428.829249,474.188032,430.390348,526.815891,429.609799,2.733639,1.779641,-1.953627,1.633514,0.390006,1.706577
2242,74.733333,1,579.256887,428.628277,473.770504,430.441782,526.513696,429.53503,2.755384,1.708275,-1.925762,1.681687,0.414811,1.694981
2243,74.766667,1,579.221992,428.356504,473.671474,430.1781,526.446733,429.267302,2.749915,1.744668,-1.925528,1.690666,0.412194,1.717667
2244,74.8,1,578.84469,427.955858,473.444271,429.904343,526.144481,428.9301,2.766195,1.618851,-1.947752,1.567136,0.409221,1.592994
2245,74.833333,1,578.479023,427.604059,473.342943,429.504254,525.910983,428.554156,2.747263,1.64818,-1.950623,1.493922,0.39832,1.571051
2246,74.866667,1,578.628683,426.865357,472.979364,429.092224,525.804024,427.97879,2.744786,1.57515,-1.96645,1.456398,0.389168,1.515774
2247,74.9,1,578.709688,426.262815,472.891989,428.519411,525.800838,427.391113,2.746622,1.559574,-1.978574,1.458564,0.384024,1.509069
2248,74.933333,1,578.679237,426.135389,473.109102,428.619865,525.89417,427.377627,2.722249,1.670715,-2.012393,1.433122,0.354928,1.551918
2249,74.966667,1,578.846407,425.861921,473.032637,428.794144,525.939522,427.328033,2.713496,1.620486,-2.031418,1.504159,0.341039,1.562323
2250,75.0,1,579.411821,426.208624,473.708515,428.614705,526.560168,427.411664,2.710019,1.651824,-2.033022,1.506319,0.338499,1.579072
2251,75.033333,1,581.606979,427.204635,476.809893,429.540399,529.208436,428.372517,2.758322,1.556383,-1.915881,1.957377,0.421221,1.75688
2252,75.066667,1,584.373884,427.517488,479.83736,428.855706,532.105622,428.186597,2.812612,1.527802,-1.936875,2.092183,0.437869,1.809992
2253,75.1,1,584.384804,427.47541,479.765043,428.848636,532.074924,428.162023,2.833472,1.587048,-1.906035,2.065118,0.463719,1.826083
2254,75.133333,1,584.420652,427.624358,479.97303,428.850825,532.196841,428.237591,2.82224,1.591549,-1.887743,2.106653,0.467249,1.849101
2255,75.166667,1,584.445734,427.74245,480.139208,428.92936,532.292471,428.335905,2.836861,1.703768,-1.876126,2.123299,0.480367,1.913534
2256,75.2,1,582.665768,427.55815,478.055601,429.316725,530.360684,428.437437,2.802637,1.52749,-1.910758,2.212939,0.445939,1.870215
2257,75.233333,1,580.194721,426.443628,475.134964,429.368942,527.664843,427.906285,2.740282,1.502895,-1.966,1.751978,0.387141,1.627437
2258,75.266667,1,580.274792,426.202841,474.933863,429.263198,527.604327,427.73302,2.732241,1.681959,-1.979011,1.774618,0.376615,1.728289
2259,75.3,1,580.222082,426.026287,474.861727,429.08511,527.541904,427.555699,2.743947,1.602703,-1.962135,1.760055,0.390906,1.681379
2260,75.333333,1,580.45023,425.941744,475.019493,429.078845,527.734861,427.510294,2.743398,1.715733,-1.962823,1.779838,0.390288,1.747786
2261,75.366667,1,580.474949,426.323841,475.181313,429.036015,527.828131,427.679928,2.761227,1.792848,-1.942107,1.74658,0.40956,1.769714
2262,75.4,1,582.693834,426.493109,476.678247,429.293872,529.686041,427.893491,2.776233,1.940419,-1.991235,1.945524,0.392499,1.942971
2263,75.433333,1,587.785835,427.007943,483.088102,428.175552,535.436969,427.591748,2.851913,1.842173,-1.933425,2.470313,0.459244,2.156243
2264,75.466667,1,592.672558,427.610904,489.165163,428.184714,540.91886,427.897809,2.794443,1.316974,-1.73886,1.72966,0.527791,1.523317
2265,75.5,1,596.215525,427.617073,493.676147,426.686325,544.945836,427.151699,2.788504,1.443597,-1.73652,1.543939,0.525992,1.493768
2266,75.533333,1,600.361853,427.316558,498.061905,426.189226,549.211879,426.752892,2.831626,1.704356,-1.742881,1.527326,0.544372,1.615841
2267,75.566667,1,605.276661,427.878202,502.554865,426.407579,553.915763,427.142891,2.83545,1.322523,-1.701955,1.744665,0.566748,1.533594
2268,75.6,1,609.084568,430.098181,507.078152,426.894583,558.08136,428.496382,2.797477,1.57704,-1.754638,1.556988,0.521419,1.567014
2269,75.633333,1,612.232695,431.727912,509.915762,427.597547,561.074228,429.66273,2.809426,1.754743,-1.736735,1.693933,0.536346,1.724338
2270,75.666667,1,614.380207,432.977157,512.20336,428.592957,563.291783,430.785057,2.849211,1.756042,-1.743977,1.834315,0.552617,1.795178
2271,75.7,1,616.115036,434.126869,513.759356,429.665476,564.937196,431.896173,2.865867,1.602766,-1.739794,1.923048,0.563036,1.762907
2272,75.733333,1,617.358561,435.368571,514.367056,430.598606,565.862808,432.983589,2.887979,1.639254,-1.755063,2.153485,0.566458,1.896369
2273,75.766667,1,617.911434,436.36881,515.392609,431.533892,566.652021,433.951351,2.842318,1.86029,-1.731929,2.068225,0.555194,1.964257
2274,75.8,1,618.050613,437.435524,515.487785,432.445318,566.769199,434.940421,2.796426,2.296408,-1.704067,1.807524,0.546179,2.051966
2275,75.833333,1,617.340631,438.078225,515.009708,433.201615,566.17517,435.63992,2.818012,2.471003,-1.721718,1.961272,0.548147,2.216138
2276,75.866667,1,616.050072,438.164517,513.709803,434.447297,564.879937,436.305907,2.84503,2.140243,-1.712886,1.853031,0.566072,1.996637
2277,75.9,1,614.825449,438.437093,512.288542,435.565027,563.556995,437.00106,2.881234,2.159473,-1.697945,1.649303,0.591644,1.904388
2278,75.933333,1,612.974844,438.750322,509.741383,436.424192,561.358113,437.587257,2.901551,1.731039,-1.72718,1.593178,0.587186,1.662109
2279,75.966667,1,610.857248,438.592522,506.614952,436.753213,558.7361,437.672868,2.94219,1.434088,-1.736133,2.019855,0.603028,1.726972
2280,76.0,1,606.836309,438.144164,501.742926,436.455724,554.289618,437.299944,2.875576,1.881069,-1.819795,2.176833,0.52789,2.028951
2281,76.033333,1,600.223207,435.603168,493.503866,436.138848,546.863537,435.871008,2.725983,1.640039,-2.008593,2.252287,0.358695,1.946163
2282,76.066667,1,596.687851,434.556999,490.143127,436.108518,543.415489,435.332758,2.675521,1.775276,-1.99493,1.81902,0.340296,1.797148
2283,76.1,1,594.634409,433.423626,489.181213,435.743866,541.907811,434.583746,2.691459,1.587373,-2.06897,1.942863,0.311244,1.765118
2284,76.133333,1,592.401094,433.068298,486.263399,435.64662,539.332247,434.357459,2.737935,1.738346,-2.068654,2.108337,0.33464,1.923342
2285,76.166667,1,590.838938,432.841265,483.711596,435.393516,537.275267,434.117391,2.749279,1.59748,-2.031838,2.021138,0.35872,1.809309
2286,76.2,1,586.876802,431.611891,480.575466,435.659741,533.726134,433.635816,2.801973,1.549118,-2.017194,1.883163,0.39239,1.71614
2287,76.233333,1,584.128828,430.073247,477.417879,434.39936,530.773354,432.236304,2.724907,1.602521,-2.050973,1.867111,0.336967,1.734816
2288,76.266667,1,581.451101,429.062666,475.068674,433.530754,528.259888,431.29671,2.667658,1.869062,-2.037172,1.683695,0.315243,1.776379
2289,76.3,1,579.450941,427.851938,473.060102,432.818155,526.255522,430.335047,2.683882,1.723581,-2.044458,1.521889,0.319712,1.622735
2290,76.333333,1,576.968279,426.93459,470.318947,432.495818,523.643613,429.715204,2.79173,1.688302,-1.962148,1.73654,0.414791,1.712421
2291,76.366667,1,574.766884,426.452984,467.656412,432.393476,521.211648,429.42323,2.837535,1.536788,-1.906639,1.990478,0.465448,1.763633
2292,76.4,1,572.646971,425.964103,465.142727,432.063199,518.894849,429.013651,2.813816,1.705463,-1.907354,1.710944,0.453231,1.708203
2293,76.433333,1,571.067343,425.924846,464.051628,432.093283,517.559485,429.009064,2.826502,1.665198,-1.882325,1.505595,0.472089,1.585397
2294,76.466667,1,569.921293,426.152587,462.411366,432.229357,516.166329,429.190972,2.798436,1.741029,-1.906239,1.453447,0.446098,1.597238
2295,76.5,1,568.847628,426.120175,461.765308,432.360259,515.306468,429.240217,2.834723,1.522472,-1.900613,1.524827,0.467055,1.52365
2296,76.533333,1,567.827091,426.106206,460.623674,432.400696,514.225383,429.253451,2.816574,1.621303,-1.872054,1.617604,0.47226,1.619453
2297,76.566667,1,567.128363,426.101314,459.297819,432.649766,513.213091,429.37554,2.818215,1.721441,-1.877508,1.807269,0.470353,1.764355
2298,76.6,1,566.298447,425.880579,458.965025,432.629993,512.631736,429.255286,2.822488,1.735991,-1.869343,1.679844,0.476572,1.707917
2299,76.633333,1,565.844326,425.608571,458.262167,432.415169,512.053246,429.01187,2.855721,1.77134,-1.8565,1.77432,0.499611,1.77283
2300,76.666667,1,565.537939,425.424367,458.936386,432.052438,512.237163,428.738403,2.829762,1.804206,-1.852965,1.682231,0.488398,1.743218
2301,76.7,1,566.162977,425.257448,459.463634,431.756419,512.813306,428.506933,2.827564,1.770272,-1.870494,1.690234,0.478535,1.730253
2302,76.733333,1,566.195278,424.748815,459.19178,431.39255,512.693529,428.070683,2.844611,1.749855,-1.880473,1.855215,0.482069,1.802535
2303,76.766667,1,565.950346,424.428892,459.295387,431.124297,512.622867,427.776595,2.825041,1.725696,-1.883058,1.823842,0.470991,1.774769
2304,76.8,1,565.616121,424.245204,459.049177,430.895065,512.332649,427.570134,2.833276,1.668747,-1.881688,1.851293,0.475794,1.76002
2305,76.833333,1,565.175257,424.013654,458.982983,430.649021,512.07912,427.331337,2.816705,1.622808,-1.863907,1.692227,0.476399,1.657518
2306,76.866667,1,564.870739,423.683732,458.024292,430.430946,511.447515,427.057339,2.832363,1.665815,-1.90564,1.744999,0.463361,1.705407
2307,76.9,1,564.382572,423.498037,457.780972,429.841579,511.081772,426.669808,2.83378,1.652104,-1.883104,1.668041,0.475338,1.660072
2308,76.933333,1,564.000626,423.242261,456.363983,429.609579,510.182304,426.42592,2.83241,1.858391,-1.921441,1.645942,0.455484,1.752167
2309,76.966667,1,563.306332,423.177588,455.42984,429.497001,509.368086,426.337295,2.845693,1.893468,-1.914197,1.694591,0.465748,1.794029
2310,77.0,1,562.532272,423.015926,454.662628,429.606382,508.59745,426.311154,2.843302,1.9406,-1.922906,1.832945,0.460198,1.886773
2311,77.033333,1,561.42909,422.960254,453.66992,429.525583,507.549505,426.242918,2.849121,1.912466,-1.927694,1.808735,0.460714,1.860601
2312,77.066667,1,560.602636,423.049732,452.450962,429.494104,506.526799,426.271918,2.857775,2.138745,-1.93766,1.84665,0.460057,1.992698
2313,77.1,1,560.394754,423.186547,452.612591,429.425783,506.503673,426.306165,2.865055,2.056486,-1.927456,1.865973,0.4688,1.961229
2314,77.133333,1,559.578953,423.306227,451.561556,430.592844,505.570254,426.949536,2.862179,1.942687,-1.973296,2.03422,0.444441,1.988454
2315,77.166667,1,557.97348,424.053072,450.330505,431.801813,504.151993,427.927442,2.885044,2.245933,-1.988199,2.184354,0.448423,2.215143
2316,77.2,1,556.668339,424.802127,449.782085,432.527468,503.225212,428.664798,2.87808,2.42215,-2.016627,2.687009,0.430727,2.554579
2317,77.233333,1,555.312376,426.355619,449.809132,434.54818,502.560754,430.4519,2.916525,2.80774,-2.002734,3.159588,0.456895,2.983664
2318,77.266667,1,552.141924,428.049241,450.657797,436.819925,501.39986,432.434583,2.820505,8.95847,-1.959042,6.855337,0.430731,7.906903
2319,77.3,1,552.516432,428.559698,450.93462,437.602315,501.725526,433.081006,2.824135,9.947246,-1.908455,9.55871,0.45784,9.752978
2320,77.333333,1,552.534351,429.101472,451.282024,438.071626,501.908188,433.586549,2.806064,10.262567,-1.923171,6.991605,0.441446,8.627086
2321,77.366667,1,552.252808,430.322821,452.660646,439.52607,502.456727,434.924446,2.781492,26.175042,-1.85871,19.107537,0.461391,22.641289
2322,77.4,1,552.730684,430.371037,452.889996,439.827733,502.81034,435.099385,2.771297,23.627057,-1.868946,16.444579,0.451176,20.035818
2323,77.433333,1,553.70122,429.800305,453.032103,439.355203,503.366661,434.577754,2.797484,12.45033,-1.906678,11.820752,0.445403,12.135541
2324,77.466667,1,554.822435,429.582371,452.428293,438.770642,503.625364,434.176506,2.822462,7.856847,-1.934094,8.544788,0.444184,8.200818
2325,77.5,1,555.623379,429.713885,451.575842,438.400025,503.59961,434.056955,2.830337,5.450559,-1.95495,7.62802,0.437693,6.53929
2326,77.533333,1,555.9484,429.491036,451.236696,438.258533,503.592548,433.874785,2.842849,5.093874,-1.961241,8.771432,0.440804,6.932653
2327,77.566667,1,555.994663,429.450642,451.006041,438.120561,503.500352,433.785601,2.848149,4.613746,-1.969182,7.816306,0.439484,6.215026
2328,77.6,1,555.892687,429.558477,450.889959,437.819091,503.391323,433.688784,2.861873,4.530354,-1.963719,6.716284,0.449077,5.623319
2329,77.633333,1,555.662317,429.420934,450.923157,437.82879,503.292737,433.624862,2.867437,4.040105,-1.972306,7.073608,0.447565,5.556856
2330,77.666667,1,554.310865,429.814328,451.891308,438.651295,503.101087,434.232811,2.845941,9.914093,-1.919002,6.883723,0.46347,8.398908
2331,77.7,1,553.924875,429.875364,451.972942,438.99834,502.948909,434.436852,2.825613,9.371631,-1.890293,6.201241,0.46766,7.786436
2332,77.733333,1,553.858938,430.022961,451.520519,439.325913,502.689729,434.674437,2.844225,9.165181,-1.904491,8.025062,0.469867,8.595121
2333,77.766667,1,552.878695,431.098816,452.557602,440.035808,502.718148,435.567312,2.778972,19.475835,-1.869548,11.979018,0.454712,15.727426
2334,77.8,1,553.025169,431.138266,452.665806,440.23339,502.845488,435.685828,2.77645,17.834602,-1.873944,17.550372,0.451253,17.692487
2335,77.833333,1,553.525219,431.090555,452.465553,440.141541,502.995386,435.616048,2.792218,25.57314,-1.88826,16.03262,0.451979,20.80288
2336,77.866667,1,552.882643,431.628842,453.875637,440.732775,503.37914,436.180809,2.762185,62.274505,-1.851795,15.617978,0.455195,38.946241
2337,77.9,1,552.27375,432.025863,453.93074,441.435503,503.102245,436.730683,2.754252,51.938646,-1.83268,23.379639,0.460786,37.659143
2338,77.933333,1,551.547136,432.659401,455.25856,442.011437,503.402848,437.335419,2.723137,33.910379,-1.809236,53.129485,0.45695,43.519932
2339,77.966667,1,551.616116,433.033987,455.371885,442.390637,503.494,437.712312,2.734584,30.698235,-1.802659,94.134788,0.465962,62.416511
2340,78.0,1,551.388264,432.868946,455.108318,442.328743,503.248291,437.598844,2.724696,44.387548,-1.812812,93.248742,0.455942,68.818145
2341,78.033333,1,551.343803,432.7483,455.808859,442.37654,503.576331,437.56242,2.72081,63.519987,-1.80983,89.363959,0.45549,76.441973
2342,78.066667,1,551.790247,433.161961,456.258097,442.962592,504.024172,438.062276,2.735682,37.871585,-1.789853,96.532841,0.472914,67.202213
2343,78.1,1,552.089081,433.335714,456.27552,443.181138,504.182301,438.258426,2.744591,29.744751,-1.788921,86.181734,0.477835,57.963242
2344,78.133333,1,552.617664,433.65464,457.477636,442.961701,505.04765,438.30817,2.732022,25.45281,-1.773444,61.61687,0.479289,43.53484
2345,78.166667,1,552.986126,433.945059,458.006859,443.03735,505.496492,438.491204,2.722943,24.501897,-1.763546,136.102236,0.479699,80.302066
2346,78.2,1,553.495817,433.995731,458.305826,442.854209,505.900822,438.42497,2.70697,21.499656,-1.761407,80.573432,0.472782,51.036544
2347,78.233333,1,553.92211,434.030106,458.691835,442.888016,506.306973,438.459061,2.70745,28.326723,-1.763718,78.868402,0.471866,53.597562
2348,78.266667,1,554.341574,434.436858,458.851709,442.842772,506.596642,438.639815,2.701069,21.914764,-1.777659,152.275824,0.461705,87.095294
2349,78.3,1,554.482355,435.012631,458.481236,442.992246,506.481795,439.002439,2.695079,17.888805,-1.76365,134.935538,0.465714,76.412171
2350,78.333333,1,554.525175,435.761204,457.903643,443.685715,506.214409,439.723459,2.713249,17.077024,-1.744062,139.899428,0.484594,78.488226
2351,78.366667,1,554.372387,436.311067,457.404909,444.414461,505.888648,440.362764,2.710779,14.883497,-1.721028,127.246147,0.494875,71.064822
2352,78.4,1,554.07361,437.228769,456.471844,445.438249,505.272727,441.333509,2.700848,11.191914,-1.725735,85.49717,0.487557,48.344542
2353,78.433333,1,553.687782,438.146803,455.134459,446.540165,504.41112,442.343484,2.686017,9.05366,-1.750063,61.8311,0.467977,35.44238
2354,78.466667,1,553.513203,438.678267,455.492563,447.107044,504.502883,442.892656,2.705405,11.359502,-1.741536,71.652092,0.481935,41.505797
2355,78.5,1,553.490324,438.733091,454.764357,447.334592,504.12734,443.033842,2.696706,12.545994,-1.757096,65.527613,0.469805,39.036804
2356,78.533333,1,553.243465,439.138062,455.597477,447.881334,504.420471,443.509698,2.730523,10.980494,-1.737831,68.249513,0.496346,39.615004
2357,78.566667,1,552.202082,440.066761,457.115793,448.840277,504.658937,444.453519,2.677757,17.613431,-1.721573,66.561717,0.478092,42.087574
2358,78.6,1,552.237301,440.50468,456.609163,449.84396,504.423232,445.17432,2.695195,14.50103,-1.695414,79.902696,0.49989,47.201863
2359,78.633333,1,551.474304,440.89669,457.619829,450.293573,504.547067,445.595132,2.652076,11.546566,-1.684074,67.974267,0.484001,39.760417
2360,78.666667,1,551.194601,442.36123,458.294735,451.376563,504.744668,446.868896,2.638318,11.131211,-1.647003,65.223448,0.495658,38.177329
2361,78.7,1,550.693846,442.717652,458.484774,451.889198,504.58931,447.303425,2.632732,18.03287,-1.633188,59.009127,0.499772,38.520998
2362,78.733333,1,550.219374,443.062992,458.255167,452.189552,504.23727,447.626272,2.62864,16.162854,-1.64474,57.019292,0.49195,36.591073
2363,78.766667,1,549.7367,443.396584,457.870293,452.852862,503.803496,448.124723,2.610166,14.272312,-1.657056,54.087386,0.476555,34.179849
2364,78.8,1,549.495411,444.064797,457.059526,453.606455,503.277469,448.835626,2.619967,20.128952,-1.679199,55.984814,0.470384,38.056883
2365,78.833333,1,549.884415,445.103681,456.139297,454.661422,503.011856,449.882551,2.68506,35.605576,-1.689973,62.462186,0.497544,49.033881
2366,78.866667,1,549.83736,446.152006,455.937328,455.28982,502.887344,450.720913,2.702356,29.303889,-1.695876,63.070544,0.50324,46.187216
2367,78.9,1,549.2904,447.095897,455.570087,456.130221,502.430243,451.613059,2.695566,18.006575,-1.669417,58.313441,0.513075,38.160008
2368,78.933333,1,549.623804,448.380493,455.82962,456.805204,502.726712,452.592849,2.708344,33.05645,-1.676189,68.012361,0.516077,50.534406
2369,78.966667,1,549.283171,449.010179,455.952263,457.738538,502.617717,453.374358,2.698681,107.243823,-1.625749,53.198838,0.536466,80.221331
2370,79.0,1,549.087582,449.475349,456.384363,458.377708,502.735972,453.926529,2.696905,107.701681,-1.592053,48.270661,0.552426,77.986171
2371,79.033333,1,548.216095,450.234253,455.405254,459.853985,501.810675,455.044119,2.702117,123.379769,-1.575013,48.908721,0.563552,86.144245
2372,79.066667,1,547.913771,450.937625,454.485865,460.452729,501.199818,455.695177,2.675291,105.028065,-1.597539,44.28438,0.538876,74.656222
2373,79.1,1,545.976362,451.207756,453.59561,461.772001,499.785986,456.489878,2.658954,67.439407,-1.580948,44.204506,0.539003,55.821957
2374,79.133333,1,546.268587,452.515086,452.982798,462.662462,499.625692,457.588774,2.671348,54.274305,-1.599043,41.287916,0.536152,47.781111
2375,79.166667,1,546.28727,453.308419,452.361794,463.566152,499.324532,458.437285,2.611505,29.118131,-1.581087,42.793021,0.515209,35.955576
2376,79.2,1,546.730604,454.587522,451.66913,465.084593,499.199867,459.836057,2.64563,57.448706,-1.603883,46.364809,0.520874,51.906757
2377,79.233333,1,544.949732,455.519503,450.93605,466.44502,497.942891,460.982262,2.616339,67.046597,-1.616753,40.296586,0.499793,53.671591
2378,79.266667,1,544.68565,456.361749,451.202097,467.038143,497.943873,461.699946,2.58765,42.645509,-1.619875,36.37266,0.483887,39.509084
2379,79.3,1,544.791985,457.305007,450.586004,467.535167,497.688994,462.420087,2.58687,42.352669,-1.620208,33.615119,0.483331,37.983894
2380,79.333333,1,545.424881,457.943147,451.320744,467.512969,498.372812,462.728058,2.605484,47.77937,-1.602534,32.914432,0.501475,40.346901
2381,79.366667,1,545.271559,458.434335,451.277695,468.18453,498.274627,463.309432,2.627709,80.122935,-1.589606,32.653025,0.519051,56.38798
2382,79.4,1,545.499926,459.089556,450.844879,468.242337,498.172402,463.665946,2.633912,77.696606,-1.59923,33.037008,0.517341,55.366807
2383,79.433333,1,545.364256,459.345556,451.0847,468.863472,498.224478,464.104514,2.624843,90.710758,-1.584979,30.013394,0.519932,60.362076
2384,79.466667,1,545.109272,459.488508,451.104393,469.012324,498.106833,464.250416,2.605371,70.217833,-1.58776,26.240883,0.508805,48.229358
2385,79.5,1,545.003014,459.303875,451.099234,469.030015,498.051124,464.166945,2.595198,48.947584,-1.574315,26.496244,0.510442,37.721914
2386,79.533333,1,545.50436,459.384491,451.524229,469.036045,498.514295,464.210268,2.599218,73.95873,-1.57588,27.175369,0.511669,50.56705
2387,79.566667,1,546.381874,458.891405,452.437401,468.651384,499.409637,463.771394,2.550012,44.749919,-1.609617,34.604519,0.470197,39.677219
2388,79.6,1,547.187138,457.228703,449.849892,467.398471,498.518515,462.313587,2.553414,28.231129,-1.586065,77.391726,0.483674,52.811428
2389,79.633333,1,548.698225,454.659705,447.778149,463.836164,498.238187,459.247935,2.69932,10.868169,-1.615463,203.575019,0.541929,107.221594
2390,79.666667,1,551.952057,450.668342,444.163437,460.167117,498.057747,455.41773,2.822591,7.567957,-1.815778,5.049762,0.503407,6.30886
2391,79.7,1,553.169241,448.07647,444.39002,457.152883,498.779631,452.614676,2.738407,2.203618,-1.848986,1.977429,0.444711,2.090523
2392,79.733333,1,553.770924,446.85968,445.138607,454.868038,499.454765,450.863859,2.728827,2.0713,-1.829856,1.656964,0.449485,1.864132
2393,79.766667,1,554.488163,445.770221,445.440445,453.390516,499.964304,449.580368,2.811117,1.722824,-1.819355,1.530122,0.495881,1.626473
2394,79.8,1,554.929352,444.278183,445.627708,451.158596,500.27853,447.71839,2.850611,1.622704,-1.839239,1.457986,0.505686,1.540345
2395,79.833333,1,555.333586,442.330266,446.839676,448.821673,501.086631,445.57597,2.811958,1.606648,-1.793072,1.661135,0.509443,1.633891
2396,79.866667,1,555.358868,440.782524,447.100592,446.474741,501.22973,443.628632,2.81014,1.495988,-1.840898,1.51856,0.484621,1.507274
2397,79.9,1,555.498943,439.000894,447.61879,444.527768,501.558867,441.764331,2.849618,1.539788,-1.821404,1.489951,0.514107,1.51487
2398,79.933333,1,556.102104,437.406288,447.797585,442.936209,501.949844,440.171249,2.838126,1.345589,-1.848297,1.573959,0.494914,1.459774
2399,79.966667,1,557.226295,435.938079,448.605919,441.335392,502.916107,438.636736,2.850862,1.357601,-1.8431,1.587893,0.503881,1.472747
2400,80.0,1,558.485193,434.255047,449.700823,440.057781,504.093008,437.156414,2.888807,1.277532,-1.721154,1.356834,0.583826,1.317183
2401,80.033333,1,559.109344,432.906003,450.858507,439.071801,504.983926,435.988902,2.854432,1.328862,-1.809399,1.297384,0.522517,1.313123
2402,80.066667,1,559.473772,431.991541,451.369343,437.854099,505.421557,434.92282,2.845609,1.267646,-1.850538,1.49668,0.497536,1.382163
2403,80.1,1,560.201874,430.745108,451.861696,435.980276,506.031785,433.362692,2.865798,1.085814,-1.840173,1.448449,0.512812,1.267132
2404,80.133333,1,560.487185,428.93775,452.535467,434.261141,506.511326,431.599445,2.818168,1.21324,-1.864232,1.612471,0.476968,1.412856
2405,80.166667,1,560.795717,427.44494,452.70443,432.888858,506.750073,430.166899,2.816638,1.192759,-1.867082,1.562711,0.474778,1.377735
2406,80.2,1,560.947495,426.553309,452.541361,431.682712,506.744428,429.11801,2.815387,1.184031,-1.87828,1.544906,0.468554,1.364468
2407,80.233333,1,560.634127,425.19771,452.575016,430.717202,506.604571,427.957456,2.828412,1.061654,-1.862782,1.53568,0.482815,1.298667
2408,80.266667,1,560.485001,424.413249,452.304888,429.705151,506.394944,427.0592,2.815783,1.158375,-1.8678,1.499395,0.473991,1.328885
2409,80.3,1,560.06197,423.637544,451.955967,428.655624,506.008968,426.146584,2.821591,1.214532,-1.844898,1.482362,0.488346,1.348447
2410,80.333333,1,559.284649,423.198745,451.22304,428.206311,505.253844,425.702528,2.820554,1.146053,-1.857159,1.486302,0.481698,1.316177
2411,80.366667,1,558.506413,423.106145,450.672789,428.104774,504.589601,425.605459,2.825295,1.127053,-1.854469,1.475011,0.485413,1.301032
2412,80.4,1,556.962242,423.026236,449.441395,428.009158,503.201818,425.517697,2.822168,1.421543,-1.844941,1.482385,0.488614,1.451964
2413,80.433333,1,556.215639,422.419199,448.435354,427.421079,502.325497,424.920139,2.80933,1.300907,-1.852317,1.552258,0.478507,1.426582
2414,80.466667,1,555.579834,422.160248,447.504597,427.214334,501.542215,424.687291,2.801385,1.2178,-1.868895,1.5445,0.466245,1.38115
2415,80.5,1,554.665003,421.866084,446.34738,427.091135,500.506191,424.47861,2.80348,1.230784,-1.864591,1.580267,0.469444,1.405526
2416,80.533333,1,553.829756,421.455266,445.66926,426.841325,499.749508,424.148296,2.831015,1.313244,-1.852464,1.670978,0.489276,1.492111
2417,80.566667,1,553.231306,421.037067,445.010376,426.177167,499.120841,423.607117,2.831211,1.326829,-1.859568,1.673182,0.485821,1.500005
2418,80.6,1,552.709818,420.228767,444.349337,426.086529,498.529577,423.157648,2.824418,1.029363,-1.85406,1.703717,0.485179,1.36654
2419,80.633333,1,552.231779,419.41727,443.682384,425.967375,497.957082,422.692323,2.842508,0.921799,-1.85337,1.792568,0.494569,1.357183
2420,80.666667,1,552.051039,418.902951,443.764429,425.519382,497.907734,422.211167,2.859427,0.81208,-1.854668,1.771288,0.502379,1.291684
2421,80.7,1,552.207117,418.673054,443.915777,425.480425,498.061447,422.07674,2.857714,0.788636,-1.848319,1.708133,0.504697,1.248384
2422,80.733333,1,553.224678,418.769506,444.222488,425.448679,498.723583,422.109092,2.899892,0.750216,-1.851135,1.701489,0.524378,1.225852
2423,80.766667,1,554.149828,418.63163,445.137892,425.078309,499.64386,421.854969,2.921404,0.72095,-1.845172,1.606916,0.538116,1.163933
2424,80.8,1,555.557137,418.648442,446.544285,425.035179,501.050711,421.84181,2.900379,0.778668,-1.852143,1.515208,0.524118,1.146938
2425,80.833333,1,557.102127,418.505824,448.294344,424.310017,502.698236,421.40792,2.903395,1.013087,-1.871103,1.55685,0.516146,1.284969
2426,80.866667,1,558.75308,417.696247,450.619869,422.87011,504.686475,420.283179,2.866157,0.945974,-1.838698,1.617211,0.51373,1.281593
2427,80.9,1,560.869617,416.506602,452.269363,421.395035,506.56949,418.950818,2.915356,1.185516,-1.874672,1.678469,0.520342,1.431992
2428,80.933333,1,562.160625,416.119248,453.91634,420.758826,508.038483,418.439037,2.844216,1.0396,-1.878329,1.632102,0.482944,1.335851
2429,80.966667,1,563.553076,415.387788,455.753746,419.634272,509.653411,417.51103,2.875558,1.02025,-1.862516,1.416672,0.506521,1.218461
2430,81.0,1,564.797211,415.835127,456.678381,419.616526,510.737796,417.725827,2.827011,0.992342,-1.8947,1.351396,0.466156,1.171869
2431,81.033333,1,566.817865,416.477441,458.446026,419.595627,512.631946,418.036534,2.85601,1.232401,-1.860815,1.461357,0.497597,1.346879
2432,81.066667,1,567.839861,416.986953,459.443378,419.808261,513.64162,418.397607,2.802907,1.187181,-1.889756,1.448701,0.456576,1.317941
2433,81.1,1,569.228706,417.989906,460.194197,420.119301,514.711452,419.054604,2.787861,1.250131,-1.907913,1.527413,0.439974,1.388772
2434,81.133333,1,570.06958,418.834856,460.53854,421.11115,515.30406,419.973003,2.793159,1.197927,-1.898999,1.59981,0.44708,1.398868
2435,81.166667,1,570.566778,419.535534,461.271696,421.986516,515.919237,420.761025,2.792038,1.042982,-1.893715,1.550768,0.449162,1.296875
2436,81.2,1,570.760136,420.306391,461.755943,423.472642,516.258039,421.889516,2.768334,1.003296,-1.899895,1.717265,0.43422,1.360281
2437,81.233333,1,570.618172,421.924889,461.41284,424.885844,516.015506,423.405367,2.773004,0.820516,-1.877625,1.497009,0.447689,1.158762
2438,81.266667,1,570.828266,421.971871,461.436367,424.938415,516.132317,423.455143,2.77426,0.819065,-1.91471,1.545762,0.429775,1.182414
2439,81.3,1,570.283871,423.14199,461.05588,426.277996,515.669875,424.709993,2.789651,0.773567,-1.884978,1.507335,0.452336,1.140451
2440,81.333333,1,569.426031,424.284117,460.63447,427.15524,515.030251,425.719678,2.831332,0.785487,-1.902646,1.615222,0.464343,1.200354
2441,81.366667,1,568.58511,425.608163,459.880447,428.439234,514.232779,427.023699,2.767078,1.03326,-1.890863,1.625951,0.438107,1.329605
2442,81.4,1,567.98337,426.36755,459.142218,429.176402,513.562794,427.771976,2.76706,1.097355,-1.877504,1.588584,0.444778,1.34297
2443,81.433333,1,566.565247,426.863726,458.559504,430.38728,512.562375,428.625503,2.719973,1.283698,-1.901672,1.807602,0.409151,1.54565
2444,81.466667,1,563.60033,431.631653,458.403816,434.661691,511.002073,433.146672,2.647241,6.186594,-1.856555,15.724657,0.395343,10.955625
2445,81.5,1,561.584244,432.076685,455.848589,436.016282,508.716416,434.046484,2.667684,7.560397,-1.872117,38.065497,0.397784,22.812947
2446,81.533333,1,562.546492,429.449258,453.886843,433.869517,508.216667,431.659387,2.769575,2.474098,-1.948586,2.717832,0.410494,2.595965
2447,81.566667,1,561.543922,428.532232,453.207502,432.631731,507.375712,430.581982,2.795595,1.810154,-1.890286,1.872229,0.452655,1.841191
2448,81.6,1,559.973469,427.165185,451.015968,431.838087,505.494719,429.501636,2.799063,1.779481,-1.947181,1.798867,0.425941,1.789174
2449,81.633333,1,559.054832,427.078013,450.901041,431.318135,504.977937,429.198074,2.832794,1.57615,-1.890012,1.631456,0.471391,1.603803
2450,81.666667,1,557.857199,426.370457,449.659386,430.987161,503.758292,428.678809,2.841456,1.579591,-1.904009,1.71785,0.468723,1.648721
2451,81.7,1,556.704912,425.928108,448.800316,430.742855,502.752614,428.335481,2.844302,1.46311,-1.895215,1.704918,0.474544,1.584014
2452,81.733333,1,555.29151,425.677214,447.723637,430.517657,501.507573,428.097435,2.846229,1.453413,-1.872876,1.692022,0.486677,1.572717
2453,81.766667,1,553.66538,425.256944,446.072922,430.138607,499.869151,427.697775,2.795793,1.33307,-1.87487,1.703872,0.460461,1.518471
2454,81.8,1,551.488409,424.868549,444.274502,429.679885,497.881455,427.274217,2.799682,1.529824,-1.841126,1.752783,0.479278,1.641303
2455,81.833333,1,549.384069,424.091878,441.770525,429.267576,495.577297,426.679727,2.827321,1.680186,-1.817131,1.725586,0.505095,1.702886
2456,81.866667,1,548.065968,424.395933,439.84787,429.178612,493.956919,426.787273,2.85115,1.66022,-1.779148,1.549422,0.536001,1.604821
2457,81.9,1,545.173206,424.211526,436.872759,429.81362,491.022983,427.012573,2.929505,1.624315,-1.725443,1.389697,0.602031,1.507006
2458,81.933333,1,538.200169,423.601806,428.798122,430.923936,483.499146,427.262871,2.806258,1.505655,-1.807219,1.322516,0.499519,1.414086
2459,81.966667,1,534.03285,423.500612,425.164843,430.663623,479.598846,427.082117,2.857938,1.379671,-1.852869,1.254952,0.502535,1.317311
2460,82.0,1,531.312637,423.009682,423.801622,431.124791,477.55713,427.067236,2.822304,1.369455,-1.793395,1.133639,0.514455,1.251547
2461,82.033333,1,527.81353,423.311763,421.409445,432.401372,474.611487,427.856568,2.839576,1.186325,-1.777266,1.114306,0.531155,1.150316
2462,82.066667,1,525.424109,423.257679,419.392996,432.864772,472.408552,428.061225,2.788378,1.35663,-1.759945,1.050306,0.514217,1.203468
2463,82.1,1,523.242989,423.366823,418.065014,433.289988,470.654001,428.328406,2.822117,1.292177,-1.715111,1.201562,0.553503,1.24687
2464,82.133333,1,521.302423,423.447053,416.26668,433.714453,468.784552,428.580753,2.839472,1.322492,-1.717604,1.173997,0.560934,1.248245
2465,82.166667,1,520.456152,423.501524,414.434443,433.692631,467.445297,428.597077,2.848249,1.337191,-1.74863,1.28986,0.549809,1.313526
2466,82.2,1,523.284693,423.363304,417.789268,432.577593,470.536981,427.970449,3.024072,1.222227,-1.635962,1.222421,0.694055,1.222324
2467,82.233333,1,524.938602,423.134158,419.716682,433.413584,472.327642,428.273871,3.099286,0.97587,-1.585117,1.442439,0.757085,1.209154
2468,82.266667,1,524.6381,423.198606,419.171972,433.458946,471.905036,428.328776,3.106349,1.078529,-1.582191,1.511976,0.762079,1.295253
2469,82.3,1,524.2272,423.072091,419.026871,433.791239,471.627035,428.431665,3.090718,1.049644,-1.602531,1.57498,0.744094,1.312312
2470,82.333333,1,523.980455,423.256509,418.670931,433.995538,471.325693,428.626024,3.098451,1.072517,-1.607254,1.570362,0.745599,1.32144
2471,82.366667,1,523.534021,423.675706,418.351059,434.255015,470.94254,428.965361,3.095742,1.083216,-1.624667,1.551112,0.735537,1.317164
2472,82.4,1,523.693638,423.944206,418.52582,434.762038,471.109729,429.353122,3.096597,1.081668,-1.622186,1.512131,0.737205,1.296899
2473,82.433333,1,523.83503,424.089711,418.400307,435.236038,471.117668,429.662874,3.078218,1.08983,-1.635101,1.50004,0.721558,1.294935
2474,82.466667,1,524.301882,424.086245,419.086571,435.320495,471.694226,429.70337,3.071639,1.079088,-1.616422,1.492724,0.727608,1.285906
2475,82.5,1,525.20627,423.786503,419.410152,435.222434,472.308211,429.504468,3.076144,0.993494,-1.638033,1.531966,0.719055,1.26273
2476,82.533333,1,526.387243,423.685298,420.300827,435.275037,473.344035,429.480168,3.081583,0.966064,-1.633154,1.533001,0.724215,1.249532
2477,82.566667,1,527.316475,423.94044,421.560516,435.236778,474.438496,429.588609,3.027064,0.852636,-1.680871,1.747121,0.673096,1.299879
2478,82.6,1,522.944756,429.644984,423.093977,439.036353,473.019366,434.340668,2.762352,2.712029,-1.762047,2.978992,0.500152,2.84551
2479,82.633333,1,520.839911,432.954658,428.279915,443.75085,474.559913,438.352754,2.603726,42.15758,-1.647457,23.032542,0.478134,32.595061
2480,82.666667,1,526.682587,430.515983,426.315584,439.812101,476.499085,435.164042,2.845308,10.762137,-1.757815,7.801586,0.543747,9.281861
2481,82.7,1,532.690363,425.401332,427.294559,433.800541,479.992461,429.600937,3.005475,1.910189,-1.772719,3.220195,0.616378,2.565192
2482,82.733333,1,535.472374,423.117195,428.919277,431.133202,482.195826,427.125199,3.000043,1.970009,-1.72873,2.158739,0.635657,2.064374
2483,82.766667,1,536.903715,422.403578,430.384579,429.561267,483.644147,425.982422,3.001005,1.343989,-1.727971,1.96331,0.636517,1.653649
2484,82.8,1,539.712734,421.518835,432.107115,428.326668,485.909925,424.922751,3.014792,1.437915,-1.730886,1.804055,0.641953,1.620985
2485,82.833333,1,541.196289,421.508085,434.181604,427.70726,487.688947,424.607672,2.974369,1.458591,-1.698363,1.855604,0.638003,1.657098
2486,82.866667,1,543.676338,421.92917,436.248159,427.225846,489.962249,424.577508,2.973768,1.474005,-1.739671,1.657216,0.617049,1.565611
2487,82.9,1,545.789146,421.977922,438.201847,426.915289,491.995497,424.446605,3.012901,1.388088,-1.722003,1.783365,0.645449,1.585726
2488,82.933333,1,547.31781,421.72455,440.051069,426.380639,493.68444,424.052594,2.98581,1.484875,-1.749901,1.769173,0.617955,1.627024
2489,82.966667,1,548.528795,421.445696,441.723881,426.510748,495.126338,423.978222,2.937954,1.396269,-1.762442,1.679964,0.587756,1.538117
2490,83.0,1,549.641237,421.092331,443.004494,425.82068,496.322865,423.456506,2.935002,1.395765,-1.781255,1.738518,0.576874,1.567141
2491,83.033333,1,550.439644,420.600511,443.541489,425.500413,496.990566,423.050462,2.927061,1.414511,-1.774424,1.776174,0.576318,1.595342
2492,83.066667,1,551.1238,420.467334,444.130592,425.28,497.627196,422.873667,2.929676,1.438139,-1.797861,1.793617,0.565908,1.615878
2493,83.1,1,551.672964,420.145952,444.855108,424.820355,498.264036,422.483153,2.899395,1.509331,-1.794345,1.753405,0.552525,1.631368
2494,83.133333,1,551.953802,420.398476,444.99321,425.061647,498.473506,422.730061,2.906336,1.490722,-1.773025,1.696037,0.566655,1.593379
2495,83.166667,1,552.263393,420.499563,445.33926,425.112276,498.801327,422.80592,2.900728,1.494353,-1.781019,1.70915,0.559854,1.601752
2496,83.2,1,552.266989,420.647246,445.175219,425.003861,498.721104,422.825553,2.902528,1.49511,-1.782412,1.737123,0.560058,1.616116
2497,83.233333,1,552.214928,420.476196,445.017176,424.825451,498.616052,422.650824,2.917911,1.525284,-1.774418,1.764454,0.571746,1.644869
2498,83.266667,1,552.093248,420.301284,444.654131,424.445683,498.37369,422.373483,2.909097,1.498268,-1.782937,1.744783,0.56308,1.621526
2499,83.3,1,551.781378,419.919627,444.530659,424.246781,498.156018,422.083204,2.919851,1.440425,-1.768862,1.792801,0.575494,1.616613
2500,83.333333,1,551.374311,418.944257,444.006319,423.372896,497.690315,421.158577,2.943139,1.430419,-1.75337,1.832149,0.594884,1.631284
2501,83.366667,1,550.303831,417.730526,443.31871,422.263319,496.811271,419.996923,2.946622,1.411202,-1.737476,1.78195,0.604573,1.596576
2502,83.4,1,548.374996,416.867552,441.105261,421.940993,494.740129,419.404272,2.930229,1.262558,-1.781008,1.586659,0.574611,1.424608
2503,83.433333,1,547.25729,415.811781,439.400063,421.427704,493.328676,418.619742,2.877103,1.358632,-1.769266,1.628168,0.553919,1.4934
2504,83.466667,1,546.632643,415.602922,438.237839,421.511872,492.435241,418.557397,2.868062,1.360839,-1.788955,1.628612,0.539553,1.494726
2505,83.5,1,546.017351,415.521909,437.730207,421.681312,491.873779,418.601611,2.890697,1.267546,-1.773089,1.614913,0.558804,1.441229
2506,83.533333,1,545.636978,415.845308,437.071772,421.67981,491.354375,418.762559,2.883327,1.280365,-1.787477,1.615081,0.547925,1.447723
2507,83.566667,1,545.104055,416.441134,436.372614,421.990936,490.738335,419.216035,2.889996,1.319888,-1.792294,1.609059,0.548851,1.464474
2508,83.6,1,544.350986,416.393681,435.87594,421.790307,490.113463,419.091994,2.880107,1.280147,-1.792524,1.572774,0.543791,1.42646
2509,83.633333,1,543.540382,416.255515,435.324459,421.877811,489.432421,419.066663,2.862148,1.212898,-1.778,1.592941,0.542074,1.40292
2510,83.666667,1,543.053255,416.469426,434.581518,421.713284,488.817387,419.091355,2.888819,1.339742,-1.768093,1.685397,0.560363,1.51257
2511,83.7,1,542.335348,416.314663,433.813276,421.979113,488.074312,419.146888,2.904511,1.332246,-1.726139,1.750206,0.589186,1.541226
2512,83.733333,1,541.571312,416.351731,432.97761,422.065061,487.274461,419.208396,2.964364,1.240265,-1.722891,1.687191,0.620737,1.463728
2513,83.766667,1,540.940866,416.436006,432.321224,422.10405,486.631045,419.270028,2.959665,1.195431,-1.712378,1.83488,0.623644,1.515156
2514,83.8,1,539.608555,416.830151,431.619759,422.693192,485.614157,419.761671,2.914429,1.403771,-1.750192,1.850826,0.582118,1.627299
2515,83.833333,1,533.885546,421.113553,433.013277,427.393667,483.449411,424.25361,2.759775,2.700555,-1.915741,4.896723,0.422017,3.798639
2516,83.866667,1,532.470837,422.092785,432.557564,429.136684,482.5142,425.614734,2.818686,6.796579,-1.84855,9.228506,0.485068,8.012542
2517,83.9,1,534.064426,418.388289,427.017326,427.559577,480.540876,422.973933,2.91619,1.938971,-1.904529,3.14383,0.505831,2.541401
2518,83.933333,1,533.418245,416.973349,425.307198,426.020579,479.362721,421.496964,2.847274,1.382104,-1.873888,2.598255,0.486693,1.99018
2519,83.966667,1,531.847086,416.252564,423.675995,425.835743,477.76154,421.044154,2.846981,1.442444,-1.885565,2.262759,0.480708,1.852602
2520,84.0,1,530.254564,415.82399,422.05884,425.393511,476.156702,420.608751,2.921548,1.348827,-1.877021,2.0645,0.522263,1.706664
2521,84.033333,1,527.458973,416.321647,420.231304,426.225404,473.845139,421.273525,2.913259,1.367311,-1.803863,1.891209,0.554698,1.62926
2522,84.066667,1,525.385208,416.531138,417.964487,426.657164,471.674848,421.594151,2.872071,1.076588,-1.784112,1.904634,0.54398,1.490611
2523,84.1,1,522.880507,416.552296,415.536232,426.960779,469.208369,421.756538,2.85386,1.122299,-1.747372,1.769103,0.553244,1.445701
2524,84.133333,1,520.436621,416.531557,413.453455,427.873192,466.945038,422.202374,2.880184,1.076494,-1.728943,1.806079,0.575621,1.441287
2525,84.166667,1,518.224211,416.952717,410.952806,428.869171,464.588509,422.910944,2.873532,1.0746,-1.742831,1.785646,0.56535,1.430123
2526,84.2,1,516.449747,417.27529,409.063988,429.677439,462.756867,423.476365,2.862165,0.961394,-1.760227,1.673596,0.550969,1.317495
2527,84.233333,1,514.609365,418.047713,407.596388,430.436289,461.102877,424.242001,2.873669,0.990078,-1.696989,1.695162,0.58834,1.34262
2528,84.266667,1,513.651037,418.094845,406.776781,430.299411,460.213909,424.197128,2.915899,0.933337,-1.676784,1.876737,0.619558,1.405037
2529,84.3,1,513.45047,418.662958,406.61521,430.503023,460.03284,424.58299,2.962039,0.953314,-1.695341,1.851915,0.633349,1.402614
2530,84.333333,1,511.86039,418.810072,405.200291,430.660769,458.53034,424.73542,2.940502,0.959307,-1.684824,1.712273,0.627839,1.33579
2531,84.366667,1,510.745831,419.005347,403.867331,431.003673,457.306581,425.00451,2.921346,0.991538,-1.693533,1.638061,0.613907,1.314799
2532,84.4,1,509.727688,418.854554,402.65892,431.467695,456.193304,425.161124,2.942921,0.926867,-1.673213,1.72031,0.634854,1.323588
2533,84.433333,1,508.119602,419.163233,400.998297,431.680448,454.558949,425.421841,2.951567,0.98594,-1.666336,1.680337,0.642616,1.333139
2534,84.466667,1,506.746264,419.307525,399.01123,432.219626,452.878747,425.763575,2.978234,1.022844,-1.685077,1.612538,0.646579,1.317691
2535,84.5,1,505.19702,419.772277,397.204943,432.915466,451.200981,426.343871,2.978672,1.203353,-1.663841,1.675787,0.657416,1.43957
2536,84.533333,1,503.431349,420.046903,395.275335,433.935724,449.353342,426.991314,3.029935,1.047496,-1.665677,1.685625,0.682129,1.366561
2537,84.566667,1,501.927938,420.444717,394.123735,434.816476,448.025837,427.630597,2.968821,1.051952,-1.659802,1.615646,0.65451,1.333799
2538,84.6,1,500.589209,421.30958,393.263187,435.475688,446.926198,428.392634,2.946361,1.014886,-1.690281,1.511612,0.62804,1.263249
2539,84.633333,1,500.435381,421.626359,393.196936,435.765914,446.816158,428.696136,2.950955,1.036654,-1.687908,1.531096,0.631524,1.283875
2540,84.666667,1,500.846939,421.586448,393.611116,435.794324,447.229028,428.690386,2.94709,1.005777,-1.662073,1.576704,0.642509,1.291241
2541,84.7,1,501.249533,421.602176,394.679747,435.3924,447.96464,428.497288,2.936062,1.037134,-1.642203,1.569012,0.646929,1.303073
2542,84.733333,1,502.646399,421.197807,395.718918,435.177716,449.182658,428.187761,2.923761,1.024185,-1.654894,1.69967,0.634434,1.361927
2543,84.766667,1,504.303322,421.007724,397.666721,434.669362,450.985022,427.838543,2.914339,1.062868,-1.659606,1.724979,0.627366,1.393924
2544,84.8,1,505.767698,421.201991,398.826895,434.801273,452.297297,428.001632,2.928441,1.198844,-1.671442,1.68735,0.628499,1.443097
2545,84.833333,1,507.074566,421.159279,400.804777,434.629698,453.939672,427.894489,2.973215,1.132012,-1.672925,1.796878,0.650145,1.464445
2546,84.866667,1,508.284006,421.462551,401.772766,434.466062,455.028386,427.964306,2.955727,1.067349,-1.709215,1.727619,0.623256,1.397484
2547,84.9,1,509.882145,421.849841,403.412075,435.010228,456.64711,428.430035,2.913277,1.046845,-1.681651,1.967293,0.615813,1.507069
2548,84.933333,1,511.452627,422.791371,405.063524,435.516522,458.258076,429.153947,2.890699,1.104422,-1.693966,1.860098,0.598367,1.48226
2549,84.966667,1,513.107615,423.551112,406.239491,435.686746,459.673553,429.618929,2.933665,1.231407,-1.705943,1.743244,0.613861,1.487325
2550,85.0,1,514.536839,424.352642,407.837782,436.516492,461.18731,430.434567,2.959854,1.19088,-1.708,1.751823,0.625927,1.471352
2551,85.033333,1,515.656176,424.780422,408.448896,436.860727,462.052536,430.820575,2.987729,1.156708,-1.739088,1.799167,0.624321,1.477938
2552,85.066667,1,517.435856,425.456704,410.449476,437.091,463.942666,431.273852,2.89077,1.172014,-1.76164,1.69259,0.564565,1.432302
2553,85.1,1,519.277086,426.309893,412.715588,436.999118,465.996337,431.654506,2.952391,1.363032,-1.738813,1.71769,0.606789,1.540361
2554,85.133333,1,518.617191,425.53525,411.621561,437.123905,465.119376,431.329578,2.771747,1.171542,-1.77681,1.678632,0.497469,1.425087
2555,85.166667,1,516.563282,425.025619,409.13744,435.41624,462.850361,430.220929,2.640696,1.606394,-1.768621,1.423099,0.436038,1.514746
2556,85.2,1,517.427368,423.90466,410.405512,434.8791,463.91644,429.39188,2.641408,1.52542,-1.797704,1.421804,0.421852,1.473612
2557,85.233333,1,519.072905,423.990555,412.089567,434.688535,465.581236,429.339545,2.656987,1.597363,-1.81817,1.251273,0.419408,1.424318
2558,85.266667,1,520.34483,423.89818,413.484325,434.237473,466.914577,429.067826,2.645357,1.550811,-1.809247,1.266374,0.418055,1.408593
2559,85.3,1,521.850214,423.80059,414.813814,433.944222,468.332014,428.872406,2.623877,1.422943,-1.836192,1.33134,0.393843,1.377142
2560,85.333333,1,523.193321,423.723578,415.956116,433.338954,469.574718,428.531266,2.65688,1.534613,-1.851505,1.335572,0.402688,1.435093
2561,85.366667,1,523.862791,423.847175,417.053061,432.911003,470.457926,428.379089,2.664128,1.465698,-1.854165,1.28702,0.404981,1.376359
2562,85.4,1,524.887333,423.937039,418.332291,432.418517,471.609812,428.177778,2.688149,1.554886,-1.852606,1.229123,0.417772,1.392004
2563,85.433333,1,524.353571,423.91732,418.22648,432.329607,471.290026,428.123463,2.650604,1.528569,-1.824475,1.201236,0.413065,1.364902
2564,85.466667,1,526.451073,424.126393,418.926792,432.901636,472.688932,428.514014,2.652752,1.553597,-1.82168,1.356404,0.415536,1.455001
2565,85.5,1,531.921844,426.355984,423.86055,433.136169,477.891197,429.746076,2.795587,1.653279,-1.76371,1.642112,0.515939,1.647695
2566,85.533333,1,536.238213,428.338974,429.97263,434.394822,483.105421,431.366898,2.960792,1.337441,-1.683909,1.812003,0.638441,1.574722
2567,85.566667,1,537.706156,429.054662,430.662203,434.49106,484.184179,431.772861,2.979341,1.45647,-1.68428,1.748018,0.64753,1.602244
2568,85.6,1,539.056187,429.753689,431.764441,434.794514,485.410314,432.274101,3.00248,1.521871,-1.728965,1.849168,0.636758,1.68552
2569,85.633333,1,540.297194,430.89087,432.670193,435.690039,486.483693,433.290455,2.996142,1.575146,-1.707606,1.857109,0.644268,1.716128
2570,85.666667,1,541.533289,431.830834,434.179325,436.773663,487.856307,434.302248,2.99111,1.702268,-1.735581,1.872705,0.627764,1.787487
2571,85.7,1,542.638817,433.245463,434.807367,437.789404,488.723092,435.517434,2.998387,1.998993,-1.762282,1.827591,0.618053,1.913292
2572,85.733333,1,543.631468,434.386711,435.786943,438.610622,489.709206,436.498666,3.024061,1.959011,-1.751444,2.037283,0.636308,1.998147
2573,85.766667,1,544.693441,435.453265,436.508255,439.505879,490.600848,437.479572,3.037019,2.120957,-1.737096,2.085879,0.649962,2.103418
2574,85.8,1,545.871639,436.101351,437.112989,440.19408,491.492314,438.147715,3.040905,2.117638,-1.729799,1.990457,0.655553,2.054047
2575,85.833333,1,547.012739,437.121159,437.944918,440.851758,492.478828,438.986458,3.050353,2.267854,-1.718758,1.933005,0.665797,2.10043
2576,85.866667,1,547.856455,437.688081,438.449106,441.515787,493.152781,439.601934,3.011272,2.399125,-1.742106,1.89438,0.634583,2.146752
2577,85.9,1,548.982573,438.167285,439.831839,442.296299,494.407206,440.231792,3.025908,2.228934,-1.693404,1.881371,0.666252,2.055152
2578,85.933333,1,551.388102,438.68715,442.969809,442.135656,497.178955,440.411403,2.988437,2.483925,-1.631791,1.968998,0.678323,2.226461
2579,85.966667,1,552.59697,438.802829,444.396534,442.473013,498.496752,440.637921,3.001153,2.285141,-1.635481,2.132343,0.682836,2.208742
2580,86.0,1,552.77524,438.782669,445.436544,442.353441,499.105892,440.568055,2.987499,2.031321,-1.623547,2.197466,0.681976,2.114393
2581,86.033333,1,554.062176,439.003683,446.450529,442.218429,500.256352,440.611056,2.977327,2.011254,-1.614649,2.111215,0.681339,2.061235
2582,86.066667,1,554.883232,439.025248,447.827702,441.908934,501.355467,440.467091,2.951054,1.964671,-1.655154,2.084383,0.64795,2.024527
2583,86.1,1,556.218033,438.947196,448.903208,442.072506,502.56062,440.509851,2.905471,2.052325,-1.718752,2.209551,0.593359,2.130938
2584,86.133333,1,557.249594,439.020506,450.145531,441.933063,503.697562,440.476785,2.892281,1.979261,-1.735576,2.153738,0.578353,2.066499
2585,86.166667,1,558.282824,439.707291,450.971794,442.209771,504.627309,440.958531,2.885854,2.081221,-1.738792,2.162415,0.573531,2.121818
2586,86.2,1,559.001446,440.482256,451.834621,442.785341,505.418034,441.633798,2.871447,1.87721,-1.743651,2.289582,0.563898,2.083396
2587,86.233333,1,559.696074,441.244605,452.529011,443.338122,506.112542,442.291363,2.900646,1.993588,-1.741663,2.344737,0.579492,2.169162
2588,86.266667,1,560.031271,441.311349,452.940207,443.0927,506.485739,442.202024,2.860985,1.972863,-1.772178,2.140436,0.544403,2.05665
2589,86.3,1,560.797577,441.134323,453.632412,442.810264,507.214994,441.972293,2.871841,2.007969,-1.766297,2.111181,0.552772,2.059575
2590,86.333333,1,561.385641,440.607623,454.116468,442.080338,507.751055,441.34398,2.861935,1.854173,-1.789863,2.144521,0.536036,1.999347
2591,86.366667,1,562.197409,439.8483,454.653587,441.273261,508.425498,440.560781,2.822815,1.884597,-1.854056,1.872456,0.484379,1.878526
2592,86.4,1,562.851038,438.424122,455.008869,440.344713,508.929954,439.384418,2.825853,1.718651,-1.861405,1.858064,0.482224,1.788357
2593,86.433333,1,563.27632,437.220111,455.524054,438.940083,509.400187,438.080097,2.822674,1.578613,-1.870055,1.888999,0.47631,1.733806
2594,86.466667,1,563.427715,436.125308,455.537062,437.453849,509.482388,436.789579,2.850865,1.664068,-1.856692,1.852948,0.497087,1.758508
2595,86.5,1,563.688116,434.525199,455.987911,436.03981,509.838014,435.282505,2.851346,1.614519,-1.898725,1.892393,0.47631,1.753456
2596,86.533333,1,563.597317,434.589583,456.826515,436.304169,510.211916,435.446876,2.936379,1.684266,-1.944914,2.549962,0.495732,2.117114
2597,86.566667,1,558.461504,437.944189,459.650249,440.157709,509.055877,439.050949,2.772233,19.152421,-1.824024,38.58126,0.474104,28.866841
2598,86.6,1,558.959284,436.71607,458.611956,438.74691,508.78562,437.73149,2.796172,13.810645,-1.888487,96.766813,0.453842,55.288729
2599,86.633333,1,558.855724,435.641567,457.859039,437.64802,508.357382,436.644793,2.731814,24.591245,-1.944355,37.273765,0.39373,30.932505
2600,86.666667,1,559.902849,434.14705,458.873281,435.942253,509.388065,435.044652,2.737736,39.440348,-1.910176,30.821954,0.41378,35.131151
2601,86.7,1,563.077536,431.929775,458.598061,433.841976,510.837798,432.885876,2.804891,19.888728,-1.956808,7.880571,0.424042,13.884649
2602,86.733333,1,565.023346,430.472167,459.866037,432.459222,512.444692,431.465694,2.829777,4.743952,-1.949829,4.478699,0.439974,4.611326
2603,86.766667,1,565.617676,428.678252,459.424734,431.458812,512.521205,430.068532,2.814091,1.614821,-1.96237,2.525139,0.42586,2.06998
2604,86.8,1,566.221418,427.746592,458.672285,429.882553,512.446852,428.814572,2.796505,1.696976,-1.932377,2.105847,0.432064,1.901412
2605,86.833333,1,566.698208,427.333231,458.837776,429.067268,512.767992,428.20025,2.803977,1.597775,-1.921303,2.071326,0.441337,1.834551
2606,86.866667,1,567.120714,427.07943,459.396915,428.81101,513.258815,427.94522,2.792413,1.560585,-1.896323,1.868575,0.448045,1.71458
2607,86.9,1,567.177801,426.750419,459.472294,428.203372,513.325047,427.476895,2.78947,1.549377,-1.901767,1.717662,0.443852,1.633519
2608,86.933333,1,567.649355,426.510082,459.821405,427.657456,513.73538,427.083769,2.793241,1.531391,-1.882071,1.665761,0.455585,1.598576
2609,86.966667,1,567.514877,425.824295,459.476833,426.783164,513.495855,426.303729,2.797451,1.61322,-1.899357,1.516978,0.449047,1.565099
2610,87.0,1,567.219496,425.37421,459.522533,425.938793,513.371015,425.656502,2.810363,1.521611,-1.880331,1.426901,0.465016,1.474256
2611,87.033333,1,567.622519,424.755381,459.524927,425.510166,513.573723,425.132774,2.82874,1.425772,-1.874159,1.425906,0.477291,1.425839
2612,87.066667,1,567.822714,424.265546,459.621801,425.067108,513.722258,424.666327,2.834813,1.36277,-1.905465,1.342859,0.464674,1.352814
2613,87.1,1,567.780037,424.043105,459.715071,424.827887,513.747554,424.435496,2.832787,1.384238,-1.904376,1.349915,0.464206,1.367077
2614,87.133333,1,568.036032,423.78072,459.772797,424.570363,513.904414,424.175541,2.842123,1.366459,-1.909258,1.37179,0.466433,1.369124
2615,87.166667,1,567.625856,423.964441,459.939241,424.194574,513.782549,424.079508,2.849016,1.413981,-1.923145,1.369134,0.462935,1.391558
2616,87.2,1,568.373165,423.35912,459.913054,423.633789,514.143109,423.496454,2.838275,1.429973,-1.936197,1.313605,0.451039,1.371789
2617,87.233333,1,569.148264,422.145839,460.650902,422.158595,514.899583,422.152217,2.819233,1.624033,-1.929633,1.387039,0.4448,1.505536
2618,87.266667,1,569.776707,421.334149,461.459074,421.031016,515.61789,421.182582,2.796524,1.6794,-1.908384,1.520933,0.44407,1.600166
2619,87.3,1,570.262604,420.490873,461.655121,420.551705,515.958862,420.521289,2.817279,1.578502,-1.894961,1.552125,0.461159,1.565314
2620,87.333333,1,570.524359,420.371386,462.224874,420.108916,516.374617,420.240151,2.824684,1.573745,-1.87312,1.475012,0.475782,1.524378
2621,87.366667,1,571.078386,420.249624,462.778063,419.994278,516.928225,420.121951,2.811352,1.583421,-1.866913,1.506416,0.472219,1.544918
2622,87.4,1,571.768913,420.120342,463.569527,419.565672,517.66922,419.843007,2.814911,1.707656,-1.84446,1.468225,0.485225,1.587941
2623,87.433333,1,572.192526,420.066172,464.476728,419.41976,518.334627,419.742966,2.800902,1.757158,-1.846771,1.456311,0.477066,1.606735
2624,87.466667,1,572.865372,419.794357,465.155048,419.091307,519.01021,419.442832,2.808644,1.686026,-1.841781,1.512444,0.483431,1.599235
2625,87.5,1,573.318462,419.771687,465.698433,418.826594,519.508448,419.299141,2.798321,1.607311,-1.846682,1.461773,0.47582,1.534542
2626,87.533333,1,573.998766,419.432827,466.243553,418.324292,520.12116,418.878559,2.808448,1.586016,-1.868045,1.555808,0.470202,1.570912
2627,87.566667,1,574.909525,419.046568,467.24905,417.662022,521.079288,418.354295,2.855563,1.542132,-1.844861,1.529855,0.505351,1.535994
2628,87.6,1,575.6108,418.314958,467.942514,416.551845,521.776657,417.433401,2.857133,1.598098,-1.852163,1.558092,0.502485,1.578095
2629,87.633333,1,576.470356,418.052766,468.903732,416.165768,522.687044,417.109267,2.835967,1.674613,-1.844094,1.575718,0.495936,1.625166
2630,87.666667,1,577.143354,417.48475,469.470549,415.998387,523.306952,416.741568,2.836627,1.63899,-1.833611,1.62661,0.501508,1.6328
2631,87.7,1,577.772923,417.198247,470.422897,415.622427,524.09791,416.410337,2.846945,1.552725,-1.837199,1.523176,0.504873,1.537951
2632,87.733333,1,578.225737,417.003733,470.828962,415.341182,524.527349,416.172457,2.839818,1.640606,-1.830492,1.526746,0.504663,1.583676
2633,87.766667,1,578.453875,416.954166,471.186028,415.363787,524.819951,416.158977,2.834386,1.633731,-1.822674,1.543482,0.505856,1.588606
2634,87.8,1,578.569946,417.198837,471.274881,415.702443,524.922414,416.45064,2.839745,1.599397,-1.826273,1.519559,0.506736,1.559478
2635,87.833333,1,578.814135,417.357237,471.488476,415.883546,525.151305,416.620392,2.841813,1.589327,-1.813724,1.49435,0.514044,1.541838
2636,87.866667,1,579.05549,417.840046,471.363974,416.674894,525.209732,417.25747,2.841321,1.548615,-1.814463,1.508411,0.513429,1.528513
2637,87.9,1,578.968277,418.166814,471.48592,417.130773,525.227098,417.648793,2.82363,1.430455,-1.822006,1.450686,0.500812,1.44057
2638,87.933333,1,578.61619,418.80577,471.228466,418.019979,524.922328,418.412874,2.793153,1.310684,-1.867047,1.436644,0.463053,1.373664
2639,87.966667,1,578.272686,419.766859,471.234159,418.919892,524.753423,419.343376,2.773145,1.266621,-1.897008,1.446806,0.438069,1.356713
2640,88.0,1,578.378334,420.53219,470.868692,419.525599,524.623513,420.028895,2.76928,1.315003,-1.908085,1.440141,0.430597,1.377572
2641,88.033333,1,578.426704,421.187915,470.999575,420.270277,524.71314,420.729096,2.787773,1.426679,-1.877293,1.471941,0.45524,1.44931
2642,88.066667,1,578.552475,421.816034,471.02684,421.068181,524.789658,421.442108,2.792862,1.450607,-1.84599,1.522937,0.473436,1.486772
2643,88.1,1,578.546448,422.408566,471.220751,421.445246,524.883599,421.926906,2.800778,1.37916,-1.835625,1.565452,0.482577,1.472306
2644,88.133333,1,578.587379,423.123225,471.35499,422.125025,524.971185,422.624125,2.792379,1.498025,-1.833088,1.612153,0.479645,1.555089
2645,88.166667,1,578.589411,423.787673,471.397552,422.665823,524.993482,423.226748,2.792176,1.582758,-1.840253,1.677946,0.475961,1.630352
2646,88.2,1,578.535166,424.55413,471.101103,423.336697,524.818134,423.945413,2.783861,1.572137,-1.848104,1.639044,0.467879,1.60559
2647,88.233333,1,578.513079,425.143733,471.175747,424.033191,524.844413,424.588462,2.803853,1.607525,-1.84135,1.586587,0.481251,1.597056
2648,88.266667,1,578.511772,425.621177,471.212978,424.76831,524.862375,425.194743,2.789531,1.578469,-1.84142,1.65592,0.474055,1.617195
2649,88.3,1,578.490267,426.456889,471.622219,425.875375,525.056243,426.166132,2.775212,1.689475,-1.833911,1.72244,0.470651,1.705958
2650,88.333333,1,578.514099,427.184948,471.145477,426.77399,524.829788,426.979469,2.771954,1.532457,-1.855482,1.76028,0.458236,1.646369
2651,88.366667,1,578.413057,428.444771,470.82243,428.318793,524.617743,428.381782,2.796007,1.607453,-1.91034,1.958779,0.442833,1.783116
2652,88.4,1,574.558468,432.943414,472.892122,433.135364,523.725295,433.039389,2.743283,8.570004,-1.958259,9.750589,0.392512,9.160297
2653,88.433333,1,576.747952,431.908844,472.137356,431.901237,524.442654,431.90504,2.823824,5.602803,-1.994005,5.93126,0.414909,5.767032
2654,88.466667,1,577.67601,429.825239,471.809816,430.452983,524.742913,430.139111,2.851165,2.210331,-1.961204,2.494587,0.444981,2.352459
2655,88.5,1,577.623205,428.771732,471.587725,429.733261,524.605465,429.252496,2.81956,1.759384,-1.939219,1.846583,0.44017,1.802983
2656,88.533333,1,578.147125,427.857496,471.017513,429.127586,524.582319,428.492541,2.826112,1.877062,-1.952837,1.89238,0.436638,1.884721
2657,88.566667,1,578.438101,427.421529,471.611185,428.522351,525.024643,427.97194,2.810028,1.887187,-1.927367,1.729708,0.441331,1.808448
2658,88.6,1,578.772278,426.693417,471.865864,428.020445,525.319071,427.356931,2.805384,1.868492,-1.897516,1.753002,0.453934,1.810747
2659,88.633333,1,578.665485,425.733122,472.045393,427.341664,525.355439,426.537393,2.785945,2.00258,-1.84546,1.644674,0.470243,1.823627
2660,88.666667,1,578.864794,425.020673,471.988697,426.45102,525.426745,425.735847,2.797134,1.878096,-1.806954,1.558829,0.49509,1.718462
2661,88.7,1,578.885098,424.307206,472.073793,425.94139,525.479445,425.124298,2.775851,1.807572,-1.808702,1.616917,0.483575,1.712245
2662,88.733333,1,578.677931,424.043233,471.77515,425.451608,525.226541,424.747421,2.798767,1.665891,-1.816863,1.549313,0.490952,1.607602
2663,88.766667,1,578.549738,423.597686,471.007624,424.95571,524.778681,424.276698,2.811,1.660669,-1.818739,1.562559,0.49613,1.611614
2664,88.8,1,578.263712,422.794697,471.168661,423.910067,524.716187,423.352382,2.793824,1.760568,-1.814394,1.558925,0.489715,1.659746
2665,88.833333,1,578.206205,422.069943,470.672522,423.129297,524.439363,422.59962,2.797125,1.768128,-1.82077,1.547706,0.488178,1.657917
2666,88.866667,1,578.043957,421.284142,470.213108,422.664449,524.128532,421.974295,2.794362,1.531121,-1.848237,1.525219,0.473063,1.52817
2667,88.9,1,577.753334,420.659873,469.743872,421.700646,523.748603,421.18026,2.797846,1.45991,-1.861993,1.448682,0.467927,1.454296
2668,88.933333,1,577.37258,420.265396,469.395609,421.441061,523.384094,420.853229,2.788031,1.423059,-1.869285,1.414693,0.459373,1.418876
2669,88.966667,1,576.66419,420.385462,469.153023,421.362001,522.908607,420.873731,2.778298,1.37497,-1.867236,1.346633,0.455531,1.360802
2670,89.0,1,575.908356,420.275642,468.264437,421.609472,522.086396,420.942557,2.791765,1.514492,-1.849294,1.380475,0.471235,1.447484
2671,89.033333,1,575.147905,420.254248,467.608204,421.862544,521.378055,421.058396,2.796449,1.534097,-1.885057,1.35453,0.455696,1.444314
2672,89.066667,1,574.6875,420.519733,467.071447,422.096862,520.879474,421.308298,2.781643,1.531316,-1.870765,1.371392,0.455439,1.451354
2673,89.1,1,574.391203,420.623084,466.981926,422.447813,520.686564,421.535448,2.777312,1.548821,-1.862997,1.424842,0.457158,1.486832
2674,89.133333,1,574.582319,420.759566,467.103958,422.647251,520.843139,421.703408,2.775147,1.536226,-1.875434,1.409501,0.449856,1.472864
2675,89.166667,1,574.617529,420.837725,467.500916,422.877138,521.059222,421.857432,2.770678,1.543343,-1.861871,1.480905,0.454404,1.512124
2676,89.2,1,575.065756,421.367236,468.100538,423.173264,521.583147,422.27025,2.774932,1.482969,-1.876981,1.454159,0.448976,1.468564
2677,89.233333,1,575.431194,421.686494,468.483076,423.303201,521.957135,422.494848,2.770407,1.54414,-1.864627,1.455012,0.45289,1.499576
2678,89.266667,1,576.1588,421.866803,469.168768,423.610389,522.663784,422.738596,2.756692,1.580849,-1.851166,1.476629,0.452763,1.528739
2679,89.3,1,576.439905,422.15351,469.656696,423.665804,523.048301,422.909657,2.760387,1.674715,-1.853834,1.451558,0.453277,1.563137
2680,89.333333,1,576.580162,422.220597,469.871292,423.860704,523.225727,423.04065,2.748679,1.6179,-1.843349,1.457722,0.452665,1.537811
2681,89.366667,1,576.6045,422.300023,469.852657,423.712399,523.228579,423.006211,2.742494,1.627685,-1.852053,1.434501,0.44522,1.531093
2682,89.4,1,576.405106,422.391593,469.472494,423.783875,522.9388,423.087734,2.745153,1.684803,-1.859449,1.442731,0.442852,1.563767
2683,89.433333,1,576.3099,422.341179,468.881683,423.652189,522.595792,422.996684,2.75917,1.645576,-1.889604,1.412002,0.434783,1.528789
2684,89.466667,1,576.021442,422.351446,468.92602,423.901066,522.473731,423.126256,2.76131,1.655735,-1.872112,1.392541,0.444599,1.524138
2685,89.5,1,575.901995,422.305741,468.798876,424.025649,522.350435,423.165695,2.754682,1.643439,-1.867955,1.420858,0.443363,1.532148
2686,89.533333,1,575.714836,422.412375,468.75001,424.210314,522.232423,423.311344,2.747534,1.610865,-1.876729,1.484778,0.435403,1.547822
2687,89.566667,1,575.625877,422.586333,468.722305,424.584793,522.174091,423.585563,2.745557,1.605949,-1.877242,1.544539,0.434158,1.575244
2688,89.6,1,575.655985,422.672721,468.758059,424.566082,522.207022,423.619401,2.755281,1.630499,-1.863097,1.493484,0.446092,1.561992
2689,89.633333,1,575.705509,422.938496,468.966856,425.321993,522.336183,424.130244,2.769962,1.606307,-1.865108,1.564377,0.452427,1.585342
2690,89.666667,1,575.669546,423.145348,468.871288,425.427704,522.270417,424.286526,2.751299,1.507552,-1.87186,1.52495,0.439719,1.516251
2691,89.7,1,575.595779,423.276057,468.803787,425.410334,522.199783,424.343196,2.760697,1.529533,-1.86793,1.493314,0.446384,1.511423
2692,89.733333,1,575.7127,423.3918,468.70779,425.511249,522.210245,424.451525,2.766911,1.509422,-1.872221,1.510501,0.447345,1.509962
2693,89.766667,1,575.639992,423.468533,468.979378,425.64109,522.309685,424.554811,2.749994,1.545935,-1.847629,1.536095,0.451182,1.541015
2694,89.8,1,575.953178,423.683742,468.656073,425.658492,522.304626,424.671117,2.764374,1.579714,-1.869514,1.586796,0.44743,1.583255
2695,89.833333,1,575.712137,423.669516,469.259682,425.801432,522.485909,424.735474,2.732284,1.653158,-1.834939,1.570541,0.448672,1.611849
2696,89.866667,1,575.870323,423.755132,468.691225,425.82687,522.280774,424.791001,2.764598,1.618469,-1.891694,1.569488,0.436452,1.593978
2697,89.9,1,575.537634,423.691832,469.148664,425.938965,522.343149,424.815398,2.744223,1.666753,-1.838832,1.514539,0.452695,1.590646
2698,89.933333,1,575.626659,423.851348,468.277559,425.828758,521.952109,424.840053,2.7547,1.587032,-1.919468,1.566527,0.417616,1.576779
2699,89.966667,1,575.249739,423.748695,468.713522,425.905684,521.98163,424.827189,2.752736,1.588242,-1.853267,1.551591,0.449735,1.569916
2700,90.0,1,575.401278,423.821651,468.002281,425.889924,521.701779,424.855787,2.751475,1.540876,-1.923501,1.579972,0.413987,1.560424
2701,90.033333,1,575.118237,423.83592,468.358955,425.983951,521.738596,424.909936,2.75297,1.524984,-1.864274,1.618983,0.444348,1.571984
2702,90.066667,1,575.007286,423.822616,467.672367,425.889409,521.339827,424.856012,2.753897,1.591797,-1.925833,1.635379,0.414032,1.613588
2703,90.1,1,574.724779,423.942232,467.763243,426.021041,521.244011,424.981636,2.766306,1.552652,-1.876979,1.578919,0.444664,1.565786
2704,90.133333,1,574.461498,423.818947,467.19656,426.058935,520.829029,424.938941,2.757469,1.529856,-1.935047,1.663572,0.411211,1.596714
2705,90.166667,1,574.296942,424.064476,467.269487,426.150377,520.783215,425.107427,2.7782,1.527543,-1.899559,1.52334,0.439321,1.525442
2706,90.2,1,574.311104,424.086428,467.087231,426.202819,520.699167,425.144624,2.766182,1.618378,-1.937229,1.607424,0.414476,1.612901
2707,90.233333,1,574.572735,424.433881,467.656794,426.289133,521.114764,425.361507,2.795138,1.576306,-1.898133,1.559715,0.448503,1.568011
2708,90.266667,1,574.739189,424.43519,467.524958,426.337852,521.132073,425.386521,2.778107,1.650403,-1.93512,1.599243,0.421494,1.624823
2709,90.3,1,574.874439,424.647213,467.906313,426.390499,521.390376,425.518856,2.792143,1.552729,-1.905766,1.540755,0.443188,1.546742
2710,90.333333,1,574.908409,424.684764,467.802296,426.328454,521.355352,425.506609,2.775354,1.638111,-1.934296,1.589489,0.420529,1.6138
2711,90.366667,1,574.942999,424.913653,468.074436,426.501575,521.508718,425.707614,2.777799,1.705449,-1.923314,1.594383,0.427243,1.649916
2712,90.4,1,575.179834,425.166146,468.04244,426.865432,521.611137,426.015789,2.792454,1.717049,-1.923976,1.747352,0.434239,1.7322
2713,90.433333,1,575.097256,425.510155,468.136072,427.438588,521.616664,426.474372,2.799534,1.690457,-1.917017,1.778275,0.441259,1.734366
2714,90.466667,1,575.140467,426.325321,468.373232,427.72257,521.756849,427.023945,2.794754,1.828994,-1.922676,1.906659,0.436039,1.867826
2715,90.5,1,574.11232,428.066633,467.992001,429.575794,521.05216,428.821213,2.789495,2.316927,-2.009952,2.336939,0.389772,2.326933
2716,90.533333,1,573.815756,428.763964,469.046068,430.75,521.430912,429.756982,2.783668,2.323597,-1.988633,2.752736,0.397518,2.538166
2717,90.566667,1,573.889952,429.300588,468.603792,431.034154,521.246872,430.167371,2.808025,2.487537,-1.995598,2.628644,0.406214,2.55809
2718,90.6,1,574.134731,429.621938,468.706627,431.372423,521.420679,430.497181,2.808205,2.580071,-1.989842,3.001933,0.409181,2.791002
2719,90.633333,1,574.201241,429.799865,468.796444,431.501266,521.498842,430.650566,2.811204,2.568457,-1.981195,3.063215,0.415005,2.815836
2720,90.666667,1,574.188461,430.058613,468.812809,431.530781,521.500635,430.794697,2.811934,2.551896,-1.97598,3.013728,0.417977,2.782812
2721,90.7,1,573.680582,430.554349,468.88855,432.436348,521.284566,431.495349,2.810942,2.588956,-1.958266,3.219569,0.426338,2.904263
2722,90.733333,1,570.942726,431.577913,468.468561,433.981515,519.705644,432.779714,2.771643,9.276173,-1.954254,3.242116,0.408694,6.259145
2723,90.766667,1,570.032225,431.774604,469.558706,435.049796,519.795465,433.4122,2.740241,17.856583,-1.947047,5.01711,0.396597,11.436846
2724,90.8,1,569.717922,432.508821,469.976616,435.739295,519.847269,434.124058,2.711252,30.58623,-1.920944,8.764472,0.395154,19.675351
2725,90.833333,1,569.670858,432.629092,469.675303,435.864812,519.67308,434.246952,2.7332,40.77161,-1.929943,11.282133,0.401628,26.026871
2726,90.866667,1,570.252352,432.647738,468.217325,435.719104,519.234838,434.183421,2.778101,17.985068,-1.966114,7.552475,0.405994,12.768771
2727,90.9,1,570.76273,432.613878,468.121195,435.775087,519.441962,434.194483,2.780916,17.81326,-1.960825,5.952519,0.410045,11.88289
2728,90.933333,1,571.102629,432.585597,468.201962,435.424544,519.652295,434.00507,2.791542,10.932985,-1.942956,5.749488,0.424293,8.341237
2729,90.966667,1,571.418457,432.278731,467.540474,434.999971,519.479465,433.639351,2.81676,11.637315,-1.97566,4.470492,0.42055,8.053903
2730,91.0,1,571.921015,432.275072,468.333883,434.719831,520.127449,433.497452,2.787203,10.467875,-1.955906,5.114068,0.415648,7.790972
2731,91.033333,1,571.915388,432.262348,468.103142,434.612671,520.009265,433.43751,2.809705,8.815604,-1.948759,5.082315,0.430473,6.94896
2732,91.066667,1,571.726532,432.200443,468.207254,434.559349,519.966893,433.379896,2.807402,9.608624,-1.953291,5.163364,0.427056,7.385994
2733,91.1,1,571.345673,432.134492,468.005457,434.619902,519.675565,433.377197,2.809021,9.238094,-1.956591,4.975493,0.426215,7.106793
2734,91.133333,1,570.791092,432.426038,467.444887,435.094535,519.11799,433.760287,2.820144,7.995026,-1.968412,4.553983,0.425866,6.274505
2735,91.166667,1,570.218849,433.319986,468.062658,436.28711,519.140754,434.803548,2.788683,9.565103,-1.920791,6.25015,0.433946,7.907626
2736,91.2,1,569.748411,434.305923,469.040556,437.836965,519.394484,436.071444,2.743368,23.087957,-1.873177,10.67351,0.435095,16.880733
2737,91.233333,1,569.915314,434.583102,468.900509,438.009185,519.407911,436.296144,2.733814,16.932523,-1.879028,10.990186,0.427393,13.961355
2738,91.266667,1,570.455761,435.06929,469.336119,438.418887,519.89594,436.744089,2.742541,19.521028,-1.875337,13.048066,0.433602,16.284547
2739,91.3,1,570.798941,435.507864,469.90262,438.77443,520.35078,437.141147,2.741692,29.572236,-1.866695,12.818796,0.437498,21.195516
2740,91.333333,1,571.597862,435.939614,469.878073,438.976454,520.737967,437.458034,2.75695,26.252845,-1.857952,23.429172,0.449499,24.841008
2741,91.366667,1,571.495571,436.436316,470.461073,439.492414,520.978322,437.964365,2.728413,16.780026,-1.839394,18.161151,0.444509,17.470589
2742,91.4,1,571.772261,437.12265,470.621061,440.11724,521.196661,438.619945,2.723213,10.187372,-1.833431,15.183562,0.444891,12.685467
2743,91.433333,1,572.374945,437.786744,472.006493,440.325712,522.190719,439.056228,2.719988,14.102006,-1.81856,12.428856,0.450714,13.265431
2744,91.466667,1,572.414274,438.269938,473.983326,440.527092,523.1988,439.398515,2.692456,16.537907,-1.794899,11.714153,0.448779,14.12603
2745,91.5,1,572.628498,439.354119,474.69779,441.180006,523.663144,440.267063,2.69271,17.271619,-1.77231,11.298563,0.4602,14.285091
2746,91.533333,1,572.87241,439.806683,474.242945,441.58031,523.557677,440.693496,2.714771,15.738467,-1.771831,13.259918,0.47147,14.499192
2747,91.566667,1,572.679234,439.773048,474.264164,442.015321,523.471699,440.894185,2.728215,18.970297,-1.782966,14.456545,0.472624,16.713421
2748,91.6,1,572.620468,440.494659,474.501162,442.456652,523.560815,441.475655,2.682166,13.659086,-1.759226,19.562644,0.46147,16.610865
2749,91.633333,1,572.687874,440.368241,474.117537,442.705164,523.402705,441.536703,2.690407,14.332902,-1.777291,19.473649,0.456558,16.903276
2750,91.666667,1,572.689161,440.298826,473.92231,442.856247,523.305736,441.577536,2.702385,13.904681,-1.785506,18.64522,0.458439,16.274951
2751,91.7,1,572.343121,440.927085,473.887806,443.66533,523.115463,442.296208,2.724574,17.610044,-1.765661,37.729483,0.479457,27.669764
2752,91.733333,1,572.355995,440.959797,474.21586,443.787575,523.285928,442.373686,2.730909,21.031625,-1.746835,34.622068,0.492037,27.826847
2753,91.766667,1,572.212219,441.148206,474.464989,443.996422,523.338604,442.572314,2.727308,16.408008,-1.735552,38.463418,0.495878,27.435713
2754,91.8,1,571.8927,441.248596,474.315758,444.216353,523.104229,442.732474,2.707157,12.908682,-1.732562,49.798975,0.487298,31.353828
2755,91.833333,1,571.68087,440.878901,474.485722,443.940579,523.083296,442.40974,2.70334,12.178893,-1.729971,52.875436,0.486684,32.527165
2756,91.866667,1,572.308235,440.97132,474.430227,443.834224,523.369231,442.402772,2.726766,15.333858,-1.737465,43.162674,0.494651,29.248266
2757,91.9,1,572.34643,441.008184,474.370499,443.831928,523.358464,442.420056,2.721737,13.168487,-1.734791,39.840062,0.493473,26.504275
2758,91.933333,1,572.748318,441.262726,474.315109,443.720477,523.531713,442.491601,2.71477,9.595597,-1.739519,34.938121,0.487625,22.266859
2759,91.966667,1,572.827978,441.349844,474.663239,443.82268,523.745608,442.586262,2.700937,8.41263,-1.751736,32.392478,0.4746,20.402554
2760,92.0,1,572.456827,441.544304,475.211782,444.082575,523.834305,442.813439,2.715637,8.645839,-1.718969,44.208761,0.498334,26.4273
2761,92.033333,1,572.120314,441.604847,475.573301,444.699236,523.846807,443.152041,2.679628,7.329241,-1.72316,42.909554,0.478234,25.119398
2762,92.066667,1,572.255287,441.915833,475.704813,444.902172,523.98005,443.409002,2.696717,10.674647,-1.723025,40.713305,0.486846,25.693976
2763,92.1,1,572.162638,442.250004,476.164036,445.082213,524.163337,443.666108,2.694248,19.451512,-1.718681,40.703371,0.487784,30.077441
2764,92.133333,1,572.491198,443.111465,477.169065,445.526193,524.830132,444.318829,2.726553,37.54744,-1.720871,47.686896,0.502841,42.617168
2765,92.166667,1,573.10626,443.898135,477.341022,445.9763,525.223641,444.937218,2.733478,41.232741,-1.723913,54.498636,0.504782,47.865688
2766,92.2,1,572.930088,444.586229,478.192329,446.894839,525.561209,445.740534,2.719086,46.113843,-1.726276,57.166773,0.496405,51.640308
2767,92.233333,1,572.637091,445.448195,479.672709,447.681295,526.1549,446.564745,2.683872,113.322044,-1.687688,65.686596,0.498092,89.50432
2768,92.266667,1,571.984625,445.879344,480.464649,448.518004,526.224637,447.198674,2.676174,77.539982,-1.679928,65.416563,0.498123,71.478273
2769,92.3,1,571.760473,446.493183,480.807409,449.133357,526.283941,447.81327,2.648229,51.685942,-1.633924,57.384145,0.507152,54.535043
2770,92.333333,1,572.076492,446.853662,479.958525,449.472399,526.017509,448.16303,2.651756,35.644857,-1.659096,56.94937,0.49633,46.297114
2771,92.366667,1,572.648592,447.215567,479.090919,449.440202,525.869756,448.327884,2.660619,33.14162,-1.67611,57.673251,0.492255,45.407436
2772,92.4,1,571.71257,447.314841,478.760071,449.896392,525.23632,448.605616,2.641049,-1.13649,-1.696403,45.429323,0.472323,22.146417
2773,92.433333,1,572.256556,447.722268,478.014383,449.703809,525.135469,448.713039,2.645481,14.722902,-1.693157,48.302032,0.476162,31.512467
2774,92.466667,1,572.004185,447.858932,477.852755,449.77699,524.92847,448.817961,2.631465,0.603339,-1.702588,44.851299,0.464438,22.727319
2775,92.5,1,572.105083,448.106854,478.2827,449.928836,525.193892,449.017845,2.641174,1.948191,-1.698561,43.681532,0.471307,22.814861
2776,92.533333,1,572.062035,448.30685,478.012505,450.15663,525.03727,449.23174,2.620707,0.465119,-1.692168,41.759959,0.46427,21.112539
2777,92.566667,1,571.94788,448.57079,478.083878,450.42381,525.015879,449.4973,2.615607,1.452838,-1.68697,47.246206,0.464319,24.349522
2778,92.6,1,572.237301,449.003356,478.686514,450.599077,525.461907,449.801216,2.614207,7.05916,-1.67831,47.762828,0.467949,27.410994
2779,92.633333,1,572.856646,449.201871,478.79488,450.807195,525.825763,450.004533,2.613399,24.159842,-1.671547,49.850196,0.470926,37.005019
2780,92.666667,1,574.357672,450.365328,479.955921,451.388644,527.156796,450.876986,2.599378,62.106442,-1.672793,50.264667,0.463293,56.185555
2781,92.7,1,575.351992,451.408192,481.388187,451.926094,528.37009,451.667143,2.582454,147.787432,-1.650787,48.102665,0.465834,97.945049
2782,92.733333,1,575.824223,451.651393,481.198597,451.747245,528.51141,451.699319,2.551271,117.138887,-1.682374,51.074713,0.434449,84.1068
2783,92.766667,1,576.181936,452.029617,481.580124,451.771224,528.88103,451.90042,2.543601,133.670337,-1.683366,55.385952,0.430117,94.528144
2784,92.8,1,577.065639,452.883718,480.883598,452.724212,528.974619,452.803965,2.583312,189.431392,-1.707295,62.657819,0.438008,126.044605
2785,92.833333,1,576.93881,453.200948,480.549154,453.253026,528.743982,453.226987,2.603038,178.128891,-1.704201,60.219126,0.449419,119.174009
2786,92.866667,1,577.695551,454.165235,481.764364,453.610414,529.729958,453.887824,2.641576,127.482466,-1.712612,63.064193,0.464482,95.273329
2787,92.9,1,577.316189,454.558843,483.363285,454.912015,530.339737,454.735429,2.615676,113.638323,-1.676749,60.197611,0.469463,86.917967
2788,92.933333,1,577.871323,455.862665,483.627539,456.847122,530.749431,456.354893,2.618883,132.026152,-1.691731,52.90905,0.463576,92.467601
2789,92.966667,1,578.0229,456.011935,484.397182,457.747722,531.210041,456.879829,2.582947,178.11306,-1.668392,53.049942,0.457277,115.581501
2790,93.0,1,578.890038,456.880896,484.18807,458.462123,531.539054,457.671509,2.599942,137.612019,-1.700804,56.567998,0.449569,97.090008
2791,93.033333,1,578.873415,457.145158,484.983778,458.783848,531.928596,457.964503,2.594772,139.48525,-1.682582,50.981256,0.456095,95.233253
2792,93.066667,1,578.713198,457.238381,485.800371,459.202219,532.256784,458.2203,2.587321,94.213472,-1.673044,52.135574,0.457139,73.174523
2793,93.1,1,578.733053,457.204832,485.190506,459.394609,531.96178,458.29972,2.610455,65.948955,-1.678629,49.20745,0.465913,57.578203
2794,93.133333,1,577.463608,456.957275,484.512072,459.566163,530.98784,458.261719,2.586407,51.982805,-1.671463,46.70704,0.457472,49.344922
2795,93.166667,1,577.582674,456.345656,482.745781,458.962086,530.164227,457.653871,2.591614,66.08807,-1.713469,36.436739,0.439072,51.262404
2796,93.2,1,576.438847,454.336005,477.771549,456.92349,527.105198,455.629748,2.628921,84.022959,-1.719973,58.237751,0.454474,71.130355
2797,93.233333,1,578.921366,447.220416,471.786947,450.329354,525.354156,448.774885,2.707609,14.048407,-1.867878,2.999671,0.419866,8.524039
2798,93.266667,1,578.411169,443.440154,468.698788,446.340576,523.554978,444.890365,2.71367,1.501654,-1.898095,1.981954,0.407787,1.741804
2799,93.3,1,577.073421,441.076258,468.47436,443.591259,522.77389,442.333758,2.693288,1.273643,-1.856706,1.730656,0.418291,1.50215
2800,93.333333,1,576.605215,439.677068,467.900867,442.277491,522.253041,440.97728,2.724675,1.347103,-1.880749,1.678919,0.421963,1.513011
2801,93.366667,1,576.106863,438.622541,467.510653,441.3704,521.808758,439.996471,2.724403,1.44209,-1.859146,1.465598,0.432628,1.453844
2802,93.4,1,575.797796,437.380571,466.993856,440.48658,521.395826,438.933576,2.73571,1.450786,-1.899286,1.472916,0.418212,1.461851
2803,93.433333,1,575.793257,436.118431,466.729183,438.956369,521.26122,437.5374,2.727893,1.214778,-1.882575,1.593522,0.422659,1.40415
2804,93.466667,1,575.207281,434.661573,466.265802,437.798266,520.736542,436.22992,2.743006,1.3197,-1.905267,1.687444,0.418869,1.503572
2805,93.5,1,574.232273,432.763191,465.617018,435.707667,519.924645,434.235429,2.771286,1.04719,-1.867173,1.61694,0.452057,1.332065
2806,93.533333,1,573.254709,430.977484,464.78837,434.268533,519.02154,432.623008,2.794724,1.394737,-1.852674,1.650941,0.471025,1.522839
2807,93.566667,1,571.869411,429.078469,464.143896,433.145664,518.006654,431.112067,2.789234,1.214257,-1.84272,1.651025,0.473257,1.432641
2808,93.6,1,571.070576,427.222112,462.925777,431.679568,516.998177,429.45084,2.791041,1.18779,-1.850522,1.544853,0.470259,1.366322
2809,93.633333,1,569.759264,425.954897,461.924639,430.3892,515.841951,428.172049,2.79517,0.860366,-1.848172,1.555978,0.473499,1.208172
2810,93.666667,1,568.534107,425.218717,461.149635,430.072131,514.841871,427.645424,2.767202,0.837311,-1.780671,1.501353,0.493265,1.169332
2811,93.7,1,567.765713,424.708164,460.05558,429.687974,513.910646,427.198069,2.80457,0.946666,-1.819224,1.47083,0.492673,1.208748
2812,93.733333,1,566.719275,424.40045,459.004498,429.995635,512.861886,427.198042,2.768827,0.836709,-1.825026,1.453178,0.4719,1.144944
2813,93.766667,1,566.522417,424.186742,458.928137,429.692888,512.725277,426.939815,2.784062,0.761971,-1.825037,1.457302,0.479513,1.109637
2814,93.8,1,565.680208,424.07409,458.138561,429.627153,511.909385,426.850621,2.76795,0.851381,-1.803218,1.445775,0.482366,1.148578
2815,93.833333,1,564.878435,424.207127,457.36845,430.325139,511.123443,427.266133,2.770044,0.885911,-1.809161,1.452532,0.480442,1.169222
2816,93.866667,1,563.452768,424.850954,455.390091,430.986925,509.42143,427.91894,2.72741,1.021961,-1.843088,1.550038,0.442161,1.285999
2817,93.9,1,562.474117,425.108521,454.060736,431.264448,508.267426,428.186485,2.737135,1.094743,-1.844631,1.494291,0.446252,1.294517
2818,93.933333,1,561.029301,425.506496,452.512283,431.667842,506.770792,428.587169,2.784749,1.182403,-1.85455,1.413541,0.4651,1.297972
2819,93.966667,1,559.492912,425.415097,450.909376,432.731488,505.201144,429.073293,2.874631,1.095732,-1.814354,1.39725,0.530138,1.246491
2820,94.0,1,557.437286,425.937881,449.350967,433.664939,503.394127,429.80141,2.870619,1.178836,-1.822527,1.363685,0.524046,1.271261
2821,94.033333,1,555.031872,426.515887,447.256927,433.874495,501.1444,430.195191,2.887485,1.16026,-1.78773,1.289162,0.549878,1.224711
2822,94.066667,1,553.069992,426.923357,445.000362,435.429415,499.035177,431.176386,2.927122,1.1476,-1.771386,1.331551,0.577868,1.239575
2823,94.1,1,551.505804,427.937382,443.278751,436.68722,497.392278,432.312301,2.963467,1.066807,-1.7491,1.242439,0.607183,1.154623
2824,94.133333,1,550.155811,428.839549,441.876001,438.108544,496.015906,433.474047,2.973513,1.487584,-1.755978,1.285376,0.608768,1.38648
2825,94.166667,1,548.229761,429.629331,440.358696,439.57759,494.294229,434.60346,2.960235,1.450015,-1.738232,1.26101,0.611001,1.355512
2826,94.2,1,546.41902,430.063452,438.377428,440.425576,492.398224,435.244514,2.927107,1.406734,-1.712788,1.360729,0.60716,1.383732
2827,94.233333,1,545.113916,430.05828,437.290478,440.714772,491.202197,435.386526,2.953862,1.313312,-1.699135,1.341178,0.627364,1.327245
2828,94.266667,1,544.357815,430.103599,435.926924,440.456786,490.142369,435.280192,2.980509,1.274306,-1.714535,1.278453,0.632987,1.27638
2829,94.3,1,543.336582,429.771767,435.707045,439.449145,489.521813,434.610456,2.948653,1.281906,-1.689173,1.187424,0.62974,1.234665
2830,94.333333,1,543.466673,428.417498,435.795946,437.94818,489.63131,433.182839,2.922298,1.241413,-1.717368,1.447889,0.602465,1.344651
2831,94.366667,1,543.278894,426.296149,435.82427,435.309992,489.551582,430.803071,2.84112,1.368002,-1.703431,1.492718,0.568844,1.43036
2832,94.4,1,544.015751,423.55697,435.99762,432.391427,490.006685,427.974198,2.831343,1.638912,-1.758485,1.619507,0.536429,1.629209
2833,94.433333,1,545.584154,420.607399,438.230247,429.503256,491.907201,425.055327,2.850227,1.397666,-1.78142,1.617123,0.534403,1.507395
2834,94.466667,1,548.102627,418.632789,439.673672,427.290165,493.888149,422.961477,2.910709,0.862208,-1.821202,1.574563,0.544753,1.218385
2835,94.5,1,549.181881,417.123606,441.108932,425.482646,495.145407,421.303126,2.931231,0.713966,-1.818205,1.641281,0.556513,1.177624
2836,94.533333,1,550.986204,416.705407,442.364483,424.277369,496.675344,420.491388,2.898918,0.769046,-1.836653,1.560105,0.531133,1.164575
2837,94.566667,1,553.15361,416.976342,443.74712,423.481504,498.450365,420.228923,2.892034,0.693773,-1.843818,1.58807,0.524108,1.140922
2838,94.6,1,555.158882,416.844206,445.709381,422.32338,500.434132,419.583793,2.935913,0.900319,-1.838388,1.653546,0.548763,1.276933
2839,94.633333,1,556.278524,416.824776,447.868147,421.533276,502.073336,419.179026,2.917354,1.22034,-1.826389,1.550999,0.545483,1.38567
2840,94.666667,1,557.689409,417.165835,450.251083,421.798493,503.970246,419.482164,2.871683,0.966656,-1.843343,1.584399,0.51417,1.275528
2841,94.7,1,555.011816,422.220844,454.735813,426.478164,504.873815,424.349504,2.784487,7.611796,-1.81752,18.179614,0.483484,12.895705
2842,94.733333,1,555.952806,421.889977,458.254261,426.232173,507.103534,424.061075,2.713378,22.454363,-1.648322,45.072596,0.532528,33.763479
2843,94.766667,1,560.934944,418.172393,455.411682,421.632239,508.173313,419.902316,2.791275,2.619185,-1.892346,9.40538,0.449464,6.012283
2844,94.8,1,564.224148,415.106896,457.026005,417.222011,510.625076,416.164454,2.862673,2.431387,-1.901443,2.926427,0.480615,2.678907
2845,94.833333,1,565.957355,414.051994,459.783888,414.179442,512.870622,414.115718,2.879513,1.670534,-1.852703,1.801053,0.513405,1.735793
2846,94.866667,1,567.515774,414.079492,461.35787,412.903848,514.436822,413.49167,2.907279,1.089004,-1.86911,1.489967,0.519085,1.289485
2847,94.9,1,569.125681,414.085886,461.766338,412.880427,515.44601,413.483157,2.883035,0.7726,-1.900999,1.536607,0.491018,1.154604
2848,94.933333,1,570.740652,414.340385,463.070688,412.856244,516.90567,413.598315,2.852362,0.774902,-1.910635,1.479215,0.470864,1.127058
2849,94.966667,1,572.754755,414.876269,464.798031,412.962706,518.776393,413.919488,2.850532,1.037047,-1.894668,1.364232,0.477932,1.20064
2850,95.0,1,574.51025,415.06427,466.473932,413.078889,520.492091,414.07158,2.872713,1.169184,-1.891019,1.406425,0.490847,1.287805
2851,95.033333,1,576.332741,415.055344,468.909521,413.026167,522.621131,414.040756,2.891422,1.292532,-1.852471,1.537386,0.519475,1.414959
2852,95.066667,1,578.021231,415.228808,470.637074,413.77636,524.329152,414.502584,2.895181,1.450676,-1.838622,1.599209,0.52828,1.524942
2853,95.1,1,579.903107,414.921727,471.945753,413.937753,525.92443,414.42974,2.908083,1.465685,-1.837561,1.725076,0.535261,1.59538
2854,95.133333,1,581.038914,415.231415,473.859444,413.982267,527.449179,414.606841,2.772831,1.480304,-1.89144,1.468697,0.440696,1.474501
2855,95.166667,1,582.207308,415.371662,474.876652,414.46764,528.54198,414.919651,2.721586,1.404906,-1.9293,1.519632,0.396143,1.462269
2856,95.2,1,582.319975,415.684901,475.834503,414.187306,529.077239,414.936104,2.756412,1.437581,-1.902818,1.394851,0.426797,1.416216
2857,95.233333,1,582.52037,415.81633,475.747423,414.739648,529.133897,415.277989,2.747909,1.554401,-1.864963,1.55256,0.441473,1.55348
2858,95.266667,1,582.248182,415.794733,474.447966,415.637276,528.348074,415.716004,2.839456,1.545831,-1.839251,1.387965,0.500102,1.466898
2859,95.3,1,582.012634,415.585274,474.339418,415.906752,528.176026,415.746013,2.829849,1.585183,-1.819035,1.421926,0.505407,1.503555
2860,95.333333,1,581.300726,415.873053,472.97966,416.476572,527.140193,416.174812,2.819328,1.375696,-1.833069,1.481591,0.49313,1.428643
2861,95.366667,1,580.420208,416.072234,471.305904,416.228499,525.863056,416.150367,2.805501,1.473407,-1.844714,1.461136,0.480393,1.467271
2862,95.4,1,579.55039,416.217781,470.436544,416.474093,524.993467,416.345937,2.767101,1.407169,-1.830921,1.4817,0.46809,1.444435
2863,95.433333,1,578.502502,416.36408,469.241285,416.86826,523.871894,416.61617,2.75876,1.370119,-1.84661,1.416205,0.456075,1.393162
2864,95.466667,1,577.768888,416.739321,468.108444,417.802731,522.938666,417.271026,2.761856,1.242314,-1.861684,1.318168,0.450086,1.280241
2865,95.5,1,576.406355,417.870516,467.150669,419.056717,521.778512,418.463616,2.735852,1.125856,-1.847086,1.389322,0.444383,1.257589
2866,95.533333,1,575.31065,418.940449,465.472021,420.193523,520.391335,419.566986,2.763625,1.261651,-1.870086,1.34502,0.446769,1.303336
2867,95.566667,1,574.072323,419.7869,464.135704,421.522858,519.104013,420.654879,2.740329,1.246585,-1.854054,1.36023,0.443138,1.303408
2868,95.6,1,572.287436,420.660893,462.701511,423.078679,517.494473,421.869786,2.711008,1.112718,-1.908101,1.468581,0.401453,1.290649
2869,95.633333,1,570.741949,421.861364,460.534029,424.590393,515.637989,423.225878,2.759689,1.041384,-1.874519,1.478907,0.442585,1.260146
2870,95.666667,1,568.032293,423.40578,458.696823,425.533286,513.364558,424.469533,2.793402,1.223051,-1.880508,1.487151,0.456447,1.355101
2871,95.7,1,566.014957,424.105471,456.444006,427.513239,511.229482,425.809355,2.758398,1.117045,-1.879776,1.86529,0.439311,1.491168
2872,95.733333,1,559.396696,430.054847,456.424704,432.942191,507.9107,431.498519,2.656224,46.938195,-1.794228,106.79577,0.430998,76.866982
2873,95.766667,1,557.057943,429.192023,454.240866,433.778772,505.649405,431.485398,2.692837,44.526923,-1.758561,90.732292,0.467138,67.629608
2874,95.8,1,558.703604,426.134337,448.321533,430.639043,503.512568,428.38669,2.885258,2.37189,-2.013999,3.295937,0.435629,2.833914
2875,95.833333,1,556.312447,424.107596,446.987524,429.56278,501.649985,426.835188,2.814463,2.035996,-1.892431,2.229955,0.461016,2.132975
2876,95.866667,1,554.516773,423.093216,444.997988,428.738226,499.75738,425.915721,2.850239,1.275329,-1.861808,1.902666,0.494215,1.588997
2877,95.9,1,552.849226,422.515769,443.338194,428.469189,498.09371,425.492479,2.849664,1.178622,-1.860099,1.801312,0.494783,1.489967
2878,95.933333,1,551.731606,422.545853,442.344484,428.682146,497.038045,425.613999,2.854233,1.12513,-1.87065,1.752056,0.491791,1.438593
2879,95.966667,1,550.727053,422.324055,441.402006,428.495346,496.064529,425.409701,2.856833,1.123362,-1.845249,1.721267,0.505792,1.422315
2880,96.0,1,549.46887,422.403449,440.709791,428.227082,495.089331,425.315266,2.868708,1.190635,-1.79935,1.70672,0.534679,1.448677
2881,96.033333,1,548.545475,422.308928,440.487633,428.335798,494.516554,425.322363,2.839577,1.260048,-1.805555,1.842212,0.517011,1.55113
2882,96.066667,1,547.675886,422.06902,439.660845,427.904681,493.668365,424.986851,2.825061,1.283628,-1.824175,1.805695,0.500443,1.544662
2883,96.1,1,546.777706,421.610491,439.092894,427.382058,492.9353,424.496275,2.871808,1.290714,-1.806838,1.863027,0.532485,1.576871
2884,96.133333,1,545.227985,421.435139,437.723093,426.955694,491.475539,424.195417,2.88447,1.177412,-1.814952,1.713171,0.534759,1.445291
2885,96.166667,1,543.266878,420.710149,435.546417,426.258169,489.406648,423.484159,2.894805,1.186906,-1.789937,1.80283,0.552434,1.494868
2886,96.2,1,540.745535,420.104281,433.402853,425.769771,487.074194,422.937026,2.927667,1.132267,-1.757767,1.667906,0.58495,1.400087
2887,96.233333,1,539.093018,419.336354,431.193466,425.081484,485.143242,422.208919,2.954156,0.952934,-1.755171,1.763482,0.599492,1.358208
2888,96.266667,1,536.855516,418.741096,429.163179,424.733655,483.009348,421.737376,2.961963,0.903393,-1.742434,1.74908,0.609765,1.326236
2889,96.3,1,535.460167,417.966335,427.148972,423.637029,481.304569,420.801682,2.984273,1.045719,-1.757765,1.831824,0.613254,1.438772
2890,96.333333,1,534.002409,417.065424,425.979929,423.206695,479.991169,420.13606,2.994454,0.946189,-1.748217,1.799967,0.623118,1.373078
2891,96.366667,1,533.038197,416.64995,425.242748,422.172307,479.140472,419.411128,2.997363,0.958008,-1.73579,1.677786,0.630787,1.317897
2892,96.4,1,532.049856,416.397049,424.195213,422.453123,478.122535,419.425086,3.021762,0.949855,-1.728232,1.627111,0.646765,1.288483
2893,96.433333,1,531.039915,416.769812,423.394136,422.557225,477.217026,419.663519,2.993693,1.009901,-1.731849,1.613751,0.630922,1.311826
2894,96.466667,1,530.002546,417.038666,422.138119,423.398784,476.070333,420.218725,3.017731,0.823401,-1.743937,1.773124,0.636897,1.298262
2895,96.5,1,524.32703,421.12764,421.478767,427.941062,472.902899,424.534351,2.827667,1.272598,-1.867578,3.634405,0.480045,2.453501
2896,96.533333,1,518.946743,425.512011,418.605108,433.604525,468.775926,429.558268,2.668276,-0.977741,-1.791993,7.390042,0.438142,3.20615
2897,96.566667,1,517.490911,424.153891,417.950783,432.971556,467.720847,428.562723,2.740113,0.324322,-1.745926,16.217195,0.497094,8.270758
2898,96.6,1,519.33198,421.489545,412.92676,430.343732,466.12937,425.916638,2.832671,2.708014,-1.84557,4.465195,0.493551,3.586604
2899,96.633333,1,519.427433,420.071386,413.039598,429.008228,466.233516,424.539807,2.923726,1.846358,-1.79286,2.335906,0.565433,2.091132
2900,96.666667,1,518.920441,420.303848,411.376801,428.997327,465.148621,424.650587,2.961599,1.18734,-1.80873,2.188307,0.576434,1.687823
2901,96.7,1,518.455086,420.442657,410.019131,430.068129,464.237108,425.255393,2.994606,0.914764,-1.788113,2.077999,0.603246,1.496381
2902,96.733333,1,518.029127,420.792503,409.671736,430.218666,463.850431,425.505584,3.015697,1.137382,-1.73505,1.905709,0.640324,1.521545
2903,96.766667,1,517.656126,421.110678,409.255419,430.755687,463.455772,425.933182,3.0162,0.982048,-1.728787,1.83031,0.643707,1.406179
2904,96.8,1,517.729731,421.553704,410.105209,430.338421,463.91747,425.946062,3.005735,1.238184,-1.727453,1.776086,0.639141,1.507135
2905,96.833333,1,518.527212,422.239394,411.112375,430.632756,464.819794,426.436075,2.994567,1.341682,-1.705505,1.739429,0.644531,1.540556
2906,96.866667,1,520.040407,422.659224,412.264166,430.666949,466.152287,426.663086,2.997398,1.414709,-1.744698,1.636579,0.62635,1.525644
2907,96.9,1,522.092094,423.099976,414.123096,430.567117,468.107595,426.833546,2.973414,1.548329,-1.735641,1.584743,0.618886,1.566536
2908,96.933333,1,524.378614,423.567731,416.173611,430.965661,470.276113,427.266696,2.900472,1.616319,-1.795644,1.704752,0.552414,1.660536
2909,96.966667,1,526.718111,424.765177,419.401808,431.504688,473.059959,428.134933,2.874674,1.384119,-1.734572,1.675403,0.570051,1.529761
2910,97.0,1,529.315996,426.132181,422.069368,432.43829,475.692682,429.285235,2.8564,1.388059,-1.732628,1.57052,0.561886,1.479289
2911,97.033333,1,533.218222,428.152453,426.231031,432.963123,479.724627,430.557788,2.880067,1.242183,-1.737527,1.700153,0.57127,1.471168
2912,97.066667,1,536.166105,429.615158,428.866234,434.128844,482.51617,431.872001,2.863556,1.316853,-1.739668,1.665691,0.561944,1.491272
2913,97.1,1,538.840952,430.953645,431.104012,434.710336,484.972482,432.83199,2.818136,1.408892,-1.754402,1.80444,0.531867,1.606666
2914,97.133333,1,540.638428,432.450478,433.534555,435.404813,487.086492,433.927646,2.817006,1.560868,-1.751149,1.737817,0.532929,1.649343
2915,97.166667,1,542.239876,433.282607,435.39444,435.538012,488.817158,434.410309,2.819857,1.501102,-1.787019,1.709292,0.516419,1.605197
2916,97.2,1,543.595009,433.392395,436.504774,435.64604,490.049891,434.519218,2.853604,1.401124,-1.794691,1.592339,0.529457,1.496732
2917,97.233333,1,544.949217,432.851683,438.075562,434.867792,491.512389,433.859738,2.876285,1.386619,-1.77005,1.661489,0.553117,1.524054
2918,97.266667,1,546.327333,432.44168,439.479856,434.033636,492.903595,433.237658,2.856736,1.397997,-1.822607,1.637609,0.517064,1.517803
2919,97.3,1,547.573061,431.611998,440.586157,432.841523,494.079609,432.22676,2.869556,1.430511,-1.81118,1.60349,0.529188,1.517001
2920,97.333333,1,549.138241,430.362067,441.964455,431.551251,495.551348,430.956659,2.843705,1.501189,-1.810554,1.662343,0.516576,1.581766
2921,97.366667,1,550.20422,429.615222,443.210154,430.361263,496.707187,429.988242,2.798717,1.63305,-1.863201,2.026392,0.467758,1.829721
2922,97.4,1,546.685839,433.196787,446.270695,431.487039,496.478267,432.341913,2.777273,4.37446,-1.837664,78.2183,0.469804,41.29638
2923,97.433333,1,547.585583,434.120915,448.354397,432.716285,497.96999,433.4186,2.68268,37.13943,-1.794815,80.382283,0.443933,58.760856
2924,97.466667,1,551.553049,430.308316,447.691851,428.574332,499.62245,429.441324,2.763423,7.991215,-1.914225,51.730629,0.424599,29.860922
2925,97.5,1,556.470785,425.526645,449.792442,424.43828,503.131614,424.982463,2.788638,1.722278,-1.940663,1.917686,0.423987,1.819982
2926,97.533333,1,558.677597,424.411608,452.434711,423.336042,505.556154,423.873825,2.829045,1.555852,-1.910824,1.484312,0.45911,1.520082
2927,97.566667,1,561.215677,424.213318,453.783121,423.607192,507.499399,423.910255,2.819152,1.203328,-1.884596,1.487518,0.467278,1.345423
2928,97.6,1,562.597055,424.342793,455.555067,423.842561,509.076061,424.092677,2.787661,1.238886,-1.854102,1.402183,0.46678,1.320535
2929,97.633333,1,564.130993,424.998851,457.698727,424.159158,510.91486,424.579005,2.787158,1.155478,-1.814453,1.304527,0.486353,1.230003
2930,97.666667,1,565.87491,425.203761,458.677397,424.295415,512.276154,424.749588,2.797671,1.154897,-1.834677,1.345103,0.481497,1.25
2931,97.7,1,566.851578,425.083823,460.244532,424.87518,513.548055,424.979501,2.778996,1.169695,-1.84629,1.320926,0.466353,1.24531
2932,97.733333,1,568.662605,425.23657,461.466122,424.65688,515.064363,424.946725,2.772913,1.121222,-1.826695,1.367566,0.473109,1.244394
2933,97.766667,1,570.158386,424.656011,463.890915,423.770002,517.024651,424.213006,2.751175,1.242706,-1.806163,1.305551,0.472506,1.274129
2934,97.8,1,572.535019,424.067899,466.60059,422.343936,519.567804,423.205917,2.771895,1.614826,-1.788428,1.391929,0.491733,1.503378
2935,97.833333,1,574.752073,423.486503,468.256931,421.558381,521.504502,422.522442,2.790561,1.680307,-1.797893,1.35682,0.496334,1.518564
2936,97.866667,1,576.935635,422.748735,470.081692,420.933824,523.508663,421.841279,2.795144,1.31907,-1.811334,1.38119,0.491905,1.35013
2937,97.9,1,578.557692,422.196876,471.693525,420.234228,525.125608,421.215552,2.796091,1.378815,-1.813864,1.316227,0.491114,1.347521
2938,97.933333,1,578.964272,422.150002,471.472626,419.685545,525.218449,420.917773,2.77334,1.154671,-1.872444,1.30144,0.450448,1.228056
2939,97.966667,1,579.575357,421.92799,473.203173,419.922459,526.389265,420.925224,2.763063,1.498509,-1.776453,1.361334,0.493305,1.429921
2940,98.0,1,580.858536,421.44075,473.309717,419.090331,527.084126,420.26554,2.740179,1.393145,-1.802548,1.387041,0.468816,1.390093
2941,98.033333,1,581.138248,420.710996,473.346434,418.764271,527.242341,419.737633,2.759365,1.443376,-1.817288,1.444484,0.471038,1.44393
2942,98.066667,1,581.130133,419.507875,473.216639,418.214611,527.173386,418.861243,2.768916,1.433416,-1.812638,1.511885,0.478139,1.47265
2943,98.1,1,580.596542,418.485471,472.63175,417.604043,526.614146,418.044757,2.791335,1.284233,-1.821338,1.409628,0.484998,1.346931
2944,98.133333,1,579.922123,418.019711,472.019463,417.290064,525.970793,417.654887,2.794075,1.216196,-1.823683,1.490524,0.485196,1.35336
2945,98.166667,1,578.990736,417.686505,471.321325,417.196809,525.156031,417.441657,2.789406,1.309536,-1.830906,1.515033,0.47925,1.412284
2946,98.2,1,577.847776,417.139099,470.257511,417.254713,524.052644,417.196906,2.772132,1.276094,-1.859788,1.601292,0.456172,1.438693
2947,98.233333,1,576.463346,416.674089,469.024582,417.590836,522.743964,417.132463,2.755596,1.06723,-1.867676,1.534752,0.44396,1.300991
2948,98.266667,1,574.899006,416.038728,467.328005,417.546172,521.113505,416.79245,2.744958,0.969088,-1.875712,1.451352,0.434623,1.21022
2949,98.3,1,573.501348,415.854117,466.297379,417.338784,519.899364,416.59645,2.770965,0.822029,-1.895128,1.439855,0.437918,1.130942
2950,98.333333,1,572.425556,416.142175,465.62686,417.680261,519.026208,416.911218,2.766964,0.825526,-1.871618,1.32579,0.447673,1.075658
2951,98.366667,1,571.178055,415.502683,464.475489,417.467562,517.826772,416.485122,2.812616,0.891629,-1.830031,1.5476,0.491292,1.219615
2952,98.4,1,570.134668,416.192579,462.897635,418.125733,516.516151,417.159156,2.766388,1.032916,-1.842725,1.666071,0.461831,1.349494
2953,98.433333,1,569.207363,416.870856,461.944399,418.974609,515.575881,417.922733,2.754566,1.126542,-1.862208,1.663172,0.446179,1.394857
2954,98.466667,1,567.979403,417.347002,460.876503,419.69474,514.427953,418.520871,2.769575,1.257169,-1.878615,1.520238,0.44548,1.388704
2955,98.5,1,567.213173,418.012823,459.982395,420.58225,513.597784,419.297537,2.800143,1.153972,-1.894782,1.413839,0.452681,1.283906
2956,98.533333,1,566.790018,418.477757,459.287529,421.007563,513.038774,419.74266,2.811788,1.278826,-1.896144,1.417374,0.457822,1.3481
2957,98.566667,1,566.576118,418.79252,459.131546,421.287017,512.853832,420.039768,2.806952,1.245875,-1.892896,1.482744,0.457028,1.364309
2958,98.6,1,566.730185,418.94621,458.758526,421.539155,512.744355,420.242683,2.846725,1.42434,-1.879253,1.457147,0.483736,1.440743
2959,98.633333,1,566.685047,418.879648,458.704882,421.699229,512.694964,420.289439,2.837212,1.294105,-1.889455,1.504706,0.473879,1.399405
2960,98.666667,1,566.435623,418.907254,458.53282,421.9436,512.484221,420.425427,2.847333,1.311954,-1.889688,1.529555,0.478822,1.420755
2961,98.7,1,566.376829,418.982527,458.412256,422.209997,512.394543,420.596262,2.839885,1.291415,-1.881987,1.527618,0.478949,1.409516
2962,98.733333,1,565.689316,418.592663,457.94282,422.18016,511.816068,420.386412,2.838892,1.315337,-1.865393,1.568821,0.486749,1.442079
2963,98.766667,1,565.350571,418.302609,457.461615,422.220597,511.406093,420.261603,2.835968,1.274321,-1.853753,1.580752,0.491107,1.427537
2964,98.8,1,565.20298,418.187585,457.349014,422.196157,511.275997,420.191871,2.837172,1.248341,-1.851453,1.647105,0.492859,1.447723
2965,98.833333,1,564.969807,418.002877,457.247982,421.977439,511.108894,419.990158,2.828059,1.211594,-1.85727,1.62802,0.485394,1.419807
2966,98.866667,1,564.777851,417.977804,456.851864,421.805992,510.814857,419.891898,2.863325,1.20207,-1.858756,1.622068,0.502284,1.412069
2967,98.9,1,564.497614,418.027725,456.739569,421.64242,510.618591,419.835073,2.831203,1.215917,-1.857716,1.64791,0.486743,1.431913
2968,98.933333,1,564.197559,418.270969,455.983715,421.647699,510.090637,419.959334,2.837187,1.312794,-1.868524,1.651675,0.484331,1.482234
2969,98.966667,1,563.625278,418.551571,455.679264,421.977954,509.652271,420.264763,2.818685,1.387589,-1.878966,1.71594,0.469859,1.551765
2970,99.0,1,563.234539,418.893478,455.013838,422.522861,509.124188,420.708169,2.83409,1.4179,-1.901602,1.714052,0.466244,1.565976
2971,99.033333,1,562.343826,420.206473,454.75112,423.499013,508.547473,421.852743,2.790336,1.386473,-1.911159,1.673158,0.439589,1.529815
2972,99.066667,1,561.065159,421.708982,453.355541,425.063835,507.21035,423.386409,2.796862,1.531766,-1.914093,1.543708,0.441385,1.537737
2973,99.1,1,559.58499,422.943066,452.490187,426.855873,506.037588,424.89947,2.801316,1.490897,-1.899223,1.440675,0.451047,1.465786
2974,99.133333,1,559.41926,423.850533,451.772041,428.05673,505.595651,425.953631,2.820945,1.470947,-1.932579,1.387216,0.444183,1.429081
2975,99.166667,1,558.490086,424.612001,450.833006,428.856533,504.661546,426.734267,2.824144,1.635431,-1.925509,1.483024,0.449318,1.559227
2976,99.2,1,557.506008,425.052162,449.93103,429.582682,503.718519,427.317422,2.877063,1.4849,-1.926354,1.613735,0.475355,1.549317
2977,99.233333,1,556.623602,425.852287,449.343481,430.158348,502.983541,428.005317,2.903705,1.505789,-1.878311,1.565832,0.512697,1.535811
2978,99.266667,1,555.830679,426.091926,448.702173,430.539415,502.266426,428.31567,2.935061,1.533725,-1.869285,1.722889,0.532888,1.628307
2979,99.3,1,555.40266,426.579766,448.485136,431.330763,501.943898,428.955265,2.961365,1.43975,-1.848277,1.718829,0.556544,1.579289
2980,99.333333,1,555.140419,427.099407,448.261709,431.646169,501.701064,429.372788,2.94194,1.50844,-1.863878,1.720011,0.539031,1.614226
2981,99.366667,1,555.569315,427.264727,448.667412,431.928338,502.118363,429.596533,2.93864,1.505065,-1.872253,1.783055,0.533194,1.64406
2982,99.4,1,556.425219,427.194765,449.009695,431.916558,502.717457,429.555661,2.909818,1.576914,-1.884991,1.855372,0.512413,1.716143
2983,99.433333,1,556.827927,427.451313,449.676104,431.883738,503.252015,429.667525,2.895502,1.569111,-1.867346,1.753552,0.514078,1.661331
2984,99.466667,1,558.16226,427.222177,450.370417,431.708343,504.266338,429.46526,2.878239,1.535307,-1.861379,1.849551,0.50843,1.692429
2985,99.5,1,559.320278,427.092905,451.524782,431.244696,505.42253,429.168801,2.882213,1.47735,-1.862129,1.773179,0.510042,1.625264
2986,99.533333,1,560.305805,427.03616,452.721214,430.933099,506.51351,428.98463,2.874078,1.486951,-1.853483,1.66191,0.510298,1.57443
2987,99.566667,1,561.72205,426.917113,454.652586,430.473068,508.187318,428.69509,2.826864,1.413211,-1.82932,1.639771,0.498772,1.526491
2988,99.6,1,562.975197,425.982084,456.407204,429.165952,509.6912,427.574018,2.834097,1.291182,-1.844716,1.573295,0.494691,1.432238
2989,99.633333,1,564.31077,425.362988,456.947699,428.369583,510.629234,426.866285,2.786223,1.365645,-1.852343,1.444688,0.46694,1.405166
2990,99.666667,1,565.3304,425.149237,457.79314,427.786782,511.56177,426.468009,2.802644,1.38734,-1.860462,1.407747,0.471091,1.397544
2991,99.7,1,566.16292,424.870845,458.377666,427.36221,512.270293,426.116527,2.753991,1.424271,-1.868167,1.386086,0.442912,1.405179
2992,99.733333,1,567.003536,424.859258,459.200535,426.936618,513.102036,425.897938,2.780175,1.310346,-1.85011,1.482635,0.465033,1.39649
2993,99.766667,1,567.758255,424.539549,459.761944,426.722267,513.760099,425.630908,2.773228,1.294801,-1.864664,1.562502,0.454282,1.428651
2994,99.8,1,568.317385,424.695278,460.173073,426.301825,514.245229,425.498552,2.775194,1.253723,-1.872154,1.510579,0.45152,1.382151
2995,99.833333,1,568.847103,424.523059,460.744123,425.943342,514.795613,425.233201,2.791956,1.277427,-1.874279,1.533052,0.458839,1.40524
2996,99.866667,1,569.187851,423.973367,461.040545,425.387782,515.114198,424.680575,2.804588,1.356051,-1.861333,1.611976,0.471628,1.484013
2997,99.9,1,569.459953,423.525159,461.244698,424.940357,515.352325,424.232758,2.790399,1.380171,-1.870511,1.567095,0.459944,1.473633
2998,99.933333,1,569.680262,423.013029,461.410561,424.375774,515.545411,423.694401,2.798839,1.417562,-1.868157,1.566407,0.465341,1.491985
2999,99.966667,1,569.885979,422.613477,461.621275,423.839546,515.753627,423.226511,2.801317,1.33176,-1.86666,1.546914,0.467329,1.439337
3000,100.0,1,569.946365,422.246196,461.879911,423.435981,515.913138,422.841089,2.769121,1.332208,-1.871869,1.459162,0.448626,1.395685
3001,100.033333,1,569.882479,422.356467,461.479168,423.473693,515.680823,422.91508,2.83419,1.321831,-1.855187,1.518475,0.489501,1.420153
3002,100.066667,1,569.550056,422.772532,461.347427,424.274654,515.448742,423.523593,2.80299,1.288538,-1.900722,1.551294,0.451134,1.419916
3003,100.1,1,569.093008,423.254782,460.796299,424.572283,514.944654,423.913532,2.814107,1.375936,-1.866026,1.520232,0.474041,1.448084
3004,100.133333,1,568.600969,423.551241,460.460415,425.149891,514.530692,424.350566,2.809199,1.375379,-1.89313,1.594254,0.458035,1.484816
3005,100.166667,1,568.07024,423.874844,459.820614,425.759364,513.945427,424.817104,2.809912,1.353242,-1.902709,1.640957,0.453601,1.4971
3006,100.2,1,567.49177,424.456326,459.307127,426.59645,513.399448,425.526388,2.791715,1.3494,-1.909154,1.544151,0.44128,1.446776
3007,100.233333,1,566.682663,424.831642,458.768454,427.518754,512.725558,426.175198,2.770626,1.308688,-1.928137,1.552744,0.421244,1.430716
3008,100.266667,1,565.898838,425.311071,457.80488,428.377672,511.851859,426.844372,2.793947,1.261029,-1.927338,1.633142,0.433304,1.447086
3009,100.3,1,565.13361,425.641347,456.706085,428.611357,510.919847,427.126352,2.785288,1.398864,-1.891747,1.490076,0.44677,1.44447
3010,100.333333,1,563.814325,426.429005,456.146393,429.733089,509.980359,428.081047,2.762467,1.409951,-1.909408,1.650651,0.426529,1.530301
3011,100.366667,1,562.651377,426.457973,454.266548,430.260197,508.458962,428.359085,2.814854,1.405871,-1.906547,1.570169,0.454153,1.48802
3012,100.4,1,561.434603,426.93002,453.568554,430.333539,507.501578,428.63178,2.835295,1.441085,-1.910963,1.661625,0.462166,1.551355
3013,100.433333,1,560.442848,427.148491,452.460079,430.715207,506.451464,428.931849,2.876705,1.480408,-1.894527,1.640594,0.491089,1.560501
3014,100.466667,1,559.743786,426.903423,451.650572,430.849875,505.697179,428.876649,2.856356,1.540725,-1.917239,1.672298,0.469558,1.606512
3015,100.5,1,558.130922,426.931586,448.776588,430.620418,503.453755,428.776002,2.858216,1.903814,-1.935022,1.664013,0.461597,1.783913
3016,100.533333,1,554.688549,426.632649,446.459246,431.180098,500.573897,428.906373,2.834873,1.631166,-1.936536,1.549957,0.449169,1.590562
3017,100.566667,1,554.894094,426.159378,445.866652,431.186256,500.380373,428.672817,2.848574,1.728747,-1.968478,1.695159,0.440048,1.711953
3018,100.6,1,555.036345,426.455355,446.025915,431.464777,500.53113,428.960066,2.852395,1.685485,-1.975706,1.659682,0.438344,1.672583
3019,100.633333,1,555.359039,426.664181,446.389027,431.637425,500.874033,429.150803,2.848883,1.66446,-1.970856,1.755736,0.439013,1.710098
3020,100.666667,1,555.750217,427.038252,446.603174,431.851755,501.176696,429.445004,2.846598,1.64001,-1.978334,1.77324,0.434132,1.706625
3021,100.7,1,556.091099,427.527359,447.072134,432.24678,501.581616,429.887069,2.829818,1.69244,-1.962218,1.753108,0.4338,1.722774
3022,100.733333,1,558.587456,428.953478,449.664383,432.975451,504.125919,430.964465,2.864275,1.7541,-1.926525,1.883838,0.468875,1.818969
3023,100.766667,1,560.20977,430.446095,452.681112,433.629717,506.445441,432.037906,2.865527,1.662374,-1.881046,1.767998,0.49224,1.715186
3024,100.8,1,560.6147,431.365943,453.372507,434.37036,506.993604,432.868152,2.897466,1.471823,-1.880567,1.803176,0.508449,1.6375
3025,100.833333,1,560.913916,432.073209,453.356419,434.539865,507.135167,433.306537,2.89121,1.582378,-1.883992,1.808966,0.503609,1.695672
3026,100.866667,1,561.16724,432.888,453.566751,435.290562,507.366996,434.089281,2.885288,1.47693,-1.878979,1.674254,0.503155,1.575592
3027,100.9,1,561.327276,433.062354,453.525448,435.600057,507.426362,434.331205,2.908994,1.414477,-1.885162,1.629726,0.511916,1.522102
3028,100.933333,1,561.281767,433.239305,453.585396,435.885744,507.433581,434.562525,2.910785,1.316973,-1.874667,1.645096,0.518059,1.481035
3029,100.966667,1,561.280642,433.315791,453.561449,436.014104,507.421045,434.664947,2.90452,1.361893,-1.86703,1.719709,0.518745,1.540801
3030,101.0,1,561.133051,433.48447,453.500605,436.031238,507.316828,434.757854,2.917776,1.441817,-1.855785,1.704921,0.530995,1.573369
3031,101.033333,1,561.084356,433.176069,453.264771,435.997335,507.174563,434.586702,2.904814,1.386117,-1.858423,1.735844,0.523195,1.56098
3032,101.066667,1,561.232662,432.38161,453.748322,435.146656,507.490492,433.764133,2.907679,1.45393,-1.880102,1.795625,0.513788,1.624778
3033,101.1,1,561.816959,430.8445,454.042931,433.716363,507.929945,432.280431,2.879493,1.41508,-1.851447,1.92235,0.514023,1.668715
3034,101.133333,1,561.923523,430.163283,453.889542,432.704204,507.906532,431.433744,2.856985,1.453756,-1.857259,1.934721,0.499863,1.694238
3035,101.166667,1,562.16629,429.275472,453.516874,431.625066,507.841582,430.450269,2.864001,1.540961,-1.885818,1.937212,0.489091,1.739087
3036,101.2,1,562.057762,428.621764,453.371372,431.062317,507.714567,429.842041,2.865499,1.582012,-1.874447,1.873368,0.495526,1.72769
3037,101.233333,1,561.941452,428.107091,453.275824,430.776232,507.608638,429.441662,2.862385,1.515371,-1.88962,1.861197,0.486383,1.688284
3038,101.266667,1,561.174107,427.774433,452.581215,430.731204,506.877661,429.252818,2.851787,1.543611,-1.880751,1.811447,0.485518,1.677529
3039,101.3,1,559.689445,427.663014,451.720257,430.964642,505.704851,429.313828,2.86179,1.488263,-1.884641,1.83449,0.488575,1.661377
3040,101.333333,1,557.614088,427.086425,449.951429,430.776683,503.782759,428.931554,2.931364,1.540068,-1.828606,1.827613,0.551379,1.68384
3041,101.366667,1,555.43354,426.435646,447.884159,431.089579,501.65885,428.762612,2.898938,1.500559,-1.858164,1.828286,0.520387,1.664423
3042,101.4,1,553.173609,426.252333,445.723333,431.168329,499.448471,428.710331,2.926567,1.499099,-1.857899,1.950071,0.534334,1.724585
3043,101.433333,1,550.653992,425.85528,443.533154,431.173682,497.093573,428.514481,2.888163,1.539514,-1.845547,1.960084,0.521308,1.749799
3044,101.466667,1,547.838688,425.192571,441.170673,431.412849,494.504681,428.30271,2.898284,1.555875,-1.804663,1.956259,0.546811,1.756067
3045,101.5,1,545.79031,425.261257,438.715239,431.877033,492.252774,428.569145,2.912007,1.482933,-1.791079,1.93458,0.560464,1.708756
3046,101.533333,1,543.739891,425.405581,436.506138,432.220205,490.123014,428.812893,2.963516,1.462505,-1.780539,1.836091,0.591488,1.649298
3047,101.566667,1,541.587429,425.50258,434.405689,432.961439,487.996559,429.23201,2.873182,1.466675,-1.790533,2.010321,0.541324,1.738498
3048,101.6,1,540.15769,425.704315,432.434998,433.236537,486.296344,429.470426,2.969235,1.358559,-1.778439,1.833029,0.595398,1.595794
3049,101.633333,1,538.643637,426.150838,431.089945,433.959253,484.866791,430.055045,2.95581,1.346811,-1.784228,1.778665,0.585791,1.562738
3050,101.666667,1,537.67312,426.156589,429.855461,434.415336,483.764291,430.285962,2.995234,1.23093,-1.786327,1.821386,0.604454,1.526158
3051,101.7,1,536.858988,426.346006,428.917742,434.291267,482.888365,430.318637,2.959477,1.379205,-1.758073,1.832747,0.600702,1.605976
3052,101.733333,1,536.243916,426.505941,428.264036,434.847783,482.253976,430.676862,2.948229,1.462482,-1.758916,1.799889,0.594656,1.631186
3053,101.766667,1,535.790138,426.626415,427.835636,435.140144,481.812887,430.883279,2.924226,1.505412,-1.774687,1.814506,0.574769,1.659959
3054,101.8,1,535.32177,426.598145,427.430744,435.061458,481.376257,430.829802,2.883116,1.440725,-1.786732,1.796392,0.548192,1.618559
3055,101.833333,1,535.219889,426.573426,427.379465,434.978106,481.299677,430.775766,2.895068,1.405808,-1.787009,1.785349,0.55403,1.595578
3056,101.866667,1,535.261116,426.653366,427.388859,434.983245,481.324987,430.818306,2.886524,1.396868,-1.795167,1.7562,0.545679,1.576534
3057,101.9,1,534.922047,426.638292,427.056036,434.71334,480.989041,430.675816,2.848372,1.460639,-1.812212,1.811545,0.51808,1.636092
3058,101.933333,1,535.20381,426.319034,427.334719,434.246163,481.269264,430.282599,2.863493,1.504589,-1.809743,1.803124,0.526875,1.653856
3059,101.966667,1,535.420847,425.972461,427.750683,433.821859,481.585765,429.89716,2.849441,1.481064,-1.796357,1.856065,0.526542,1.668565
3060,102.0,1,535.862198,425.91357,428.063574,433.493772,481.962886,429.703671,2.887996,1.539755,-1.791198,1.823487,0.548399,1.681621
3061,102.033333,1,536.295729,425.721942,428.576803,433.311296,482.436266,429.516619,2.881961,1.451016,-1.803124,1.830922,0.539418,1.640969
3062,102.066667,1,536.768246,425.82569,429.244442,433.184406,483.006344,429.505048,2.890717,1.428689,-1.800741,1.784579,0.544988,1.606634
3063,102.1,1,537.134752,426.048399,429.281445,433.098929,483.208098,429.573664,2.932459,1.448213,-1.809086,1.735536,0.561686,1.591874
3064,102.133333,1,537.551765,426.137266,429.884987,433.226559,483.718376,429.681913,2.874519,1.467117,-1.816279,1.833113,0.52912,1.650115
3065,102.166667,1,538.093739,426.254951,430.264473,433.257877,484.179106,429.756414,2.903001,1.536216,-1.805649,1.842148,0.548676,1.689182
3066,102.2,1,538.63018,426.097505,431.261396,432.789949,484.945788,429.443727,2.923493,1.531612,-1.790888,1.902012,0.566302,1.716812
3067,102.233333,1,539.478474,425.917894,432.085886,432.868956,485.78218,429.393425,2.935437,1.380439,-1.774523,1.898659,0.580457,1.639549
3068,102.266667,1,540.421877,425.740149,433.073387,432.430876,486.747632,429.085513,2.901462,1.413286,-1.779881,1.83602,0.56079,1.624653
3069,102.3,1,541.413879,425.460877,433.909626,431.733631,487.661753,428.597254,2.882709,1.40778,-1.795435,1.859739,0.543637,1.63376
3070,102.333333,1,542.531347,425.375572,435.25631,431.101434,488.893828,428.238503,2.860911,1.538183,-1.79185,1.744288,0.53453,1.641236
3071,102.366667,1,543.564348,425.113864,435.906725,430.029452,489.735537,427.571658,2.851307,1.526334,-1.837761,1.691732,0.506773,1.609033
3072,102.4,1,544.718142,424.931978,437.851858,428.9248,491.285,426.928389,2.826377,1.68943,-1.810409,1.73926,0.507984,1.714345
3073,102.433333,1,545.54882,424.16786,438.783569,427.824515,492.166195,425.996187,2.832861,1.647053,-1.808443,1.974331,0.512209,1.810692
3074,102.466667,1,546.546831,423.714759,439.722338,427.276636,493.134584,425.495698,2.826514,1.692086,-1.813631,1.914971,0.506442,1.803529
3075,102.5,1,547.56897,423.216738,440.360651,427.122495,493.96481,425.169616,2.812226,1.404517,-1.862826,1.863983,0.4747,1.63425
3076,102.533333,1,548.403559,423.318994,441.126318,426.904957,494.764938,425.111976,2.814723,1.44795,-1.869002,1.775603,0.472861,1.611776
3077,102.566667,1,549.152575,423.448856,441.739864,426.988428,495.446219,425.218642,2.829031,1.417327,-1.878903,1.784553,0.475064,1.60094
3078,102.6,1,549.864664,423.837272,442.276049,427.336471,496.070356,425.586872,2.859906,1.38386,-1.904783,1.792135,0.477561,1.587997
3079,102.633333,1,550.7722,424.215474,443.076792,427.750336,496.924496,425.982905,2.899966,1.399173,-1.899299,1.796853,0.500334,1.598013
3080,102.666667,1,551.626253,424.755242,443.607597,428.27386,497.616925,426.514551,2.885532,1.464251,-1.923966,1.820499,0.480783,1.642375
3081,102.7,1,552.731075,425.61946,444.590797,428.739524,498.660936,427.179492,2.912288,1.33869,-1.910375,1.846752,0.500957,1.592721
3082,102.733333,1,556.200304,426.466995,448.011703,429.092331,502.106004,427.779663,3.001607,1.324358,-1.881147,1.924393,0.56023,1.624375
3083,102.766667,1,558.194771,426.861838,450.37405,428.890682,504.28441,427.87626,3.019294,1.418962,-1.845018,1.864688,0.587138,1.641825
3084,102.8,1,559.383154,427.186514,451.81797,429.204308,505.600562,428.195411,2.982218,1.229877,-1.849058,1.846163,0.56658,1.53802
3085,102.833333,1,560.434322,427.531189,452.232714,429.413842,506.333518,428.472515,3.007911,1.27168,-1.858869,1.985032,0.574521,1.628356
3086,102.866667,1,561.54191,427.903651,453.273935,429.744848,507.407923,428.82425,2.960973,1.264649,-1.848201,2.063135,0.556386,1.663892
3087,102.9,1,562.762775,428.159373,454.443598,429.954382,508.603187,429.056877,2.931787,1.097852,-1.819059,1.973223,0.556364,1.535538
3088,102.933333,1,563.759861,428.650206,455.171833,430.407536,509.465847,429.528871,2.913573,1.261146,-1.856236,1.831454,0.528668,1.5463
3089,102.966667,1,564.641218,429.141608,456.052427,430.689104,510.346823,429.915356,2.926542,1.324393,-1.825943,1.855782,0.550299,1.590088
3090,103.0,1,565.265102,429.886587,456.976194,431.550972,511.120648,430.71878,2.917059,1.307907,-1.836473,1.842171,0.540293,1.575039
3091,103.033333,1,565.520744,430.799149,457.973623,432.034017,511.747184,431.416583,2.916234,1.2882,-1.838967,1.910316,0.538634,1.599258
3092,103.066667,1,565.93791,431.784614,458.281145,432.656772,512.109528,432.220693,2.93995,1.28971,-1.848295,1.933417,0.545827,1.611563
3093,103.1,1,566.681929,432.919489,458.635626,433.695163,512.658777,433.307326,2.967335,1.148982,-1.863254,1.959375,0.55204,1.554179
3094,103.133333,1,567.479239,433.919309,459.015551,434.504975,513.247395,434.212142,2.958014,1.242834,-1.900012,1.934886,0.529001,1.58886
3095,103.166667,1,568.978987,435.253129,460.791664,435.151602,514.885325,435.202366,2.973252,1.15325,-1.8525,1.85657,0.560376,1.50491
3096,103.2,1,571.82456,436.295178,465.362902,436.089678,518.593731,436.192428,2.904005,1.085374,-1.758699,2.056441,0.572653,1.570908
3097,103.233333,1,573.636761,437.141361,466.597452,436.437528,520.117106,436.789445,2.873576,1.342377,-1.744426,2.117149,0.564575,1.729763
3098,103.266667,1,575.507812,437.866448,468.362856,436.349949,521.935334,437.108198,2.889914,1.443123,-1.770713,1.996785,0.5596,1.719954
3099,103.3,1,577.646694,438.764269,471.348057,436.204981,524.497375,437.484625,2.826573,0.943671,-1.795499,2.217458,0.515537,1.580564
3100,103.333333,1,580.323324,438.867931,474.173431,435.952939,527.248378,437.410435,2.805503,1.179674,-1.854829,1.945845,0.475337,1.562759
3101,103.366667,1,582.164021,439.294864,475.801334,436.016293,528.982677,437.655578,2.857511,1.043301,-1.831786,2.206954,0.512862,1.625128
3102,103.4,1,583.925724,439.603415,477.564764,436.647459,530.745244,438.125437,2.812211,1.036823,-1.86345,2.177588,0.47438,1.607205
3103,103.433333,1,584.855461,439.761525,478.256521,436.943414,531.555991,438.35247,2.844499,1.009825,-1.850136,2.245762,0.497181,1.627793
3104,103.466667,1,585.153961,439.815738,478.734465,437.019213,531.944213,438.417476,2.845245,1.010266,-1.862525,2.314959,0.49136,1.662612
3105,103.5,1,585.353947,440.029918,478.683634,437.084616,532.01879,438.557267,2.844248,1.057036,-1.866178,2.259993,0.489035,1.658515
3106,103.533333,1,585.379248,439.950943,478.690147,437.026348,532.034698,438.488646,2.852628,1.077528,-1.872673,2.322025,0.489978,1.699776
3107,103.566667,1,585.236082,440.091244,478.740864,437.030736,531.988473,438.56099,2.830906,1.049517,-1.875709,2.225317,0.477599,1.637417
3108,103.6,1,585.131741,439.678688,478.485575,436.762279,531.808658,438.220484,2.835719,1.048623,-1.870923,2.274304,0.482398,1.661463
3109,103.633333,1,584.8384,439.358604,478.305292,436.403861,531.571846,437.881233,2.826231,1.141713,-1.884446,2.151241,0.470892,1.646477
3110,103.666667,1,583.944988,438.336403,477.479162,436.011947,530.712075,437.174175,2.842398,1.051818,-1.872839,2.289128,0.48478,1.670473
3111,103.7,1,578.977585,436.7751,470.489359,434.327778,524.733472,435.551439,2.860738,1.340341,-1.948683,2.246355,0.456027,1.793348
3112,103.733333,1,573.355665,435.686005,463.04245,433.212783,518.199058,434.449394,2.77455,1.901576,-1.963116,2.37893,0.405717,2.140253
3113,103.766667,1,567.844667,433.025769,456.892347,432.568914,512.368507,432.797341,2.769869,1.991317,-2.061169,2.39129,0.35435,2.191304
3114,103.8,1,562.075243,431.080202,453.315382,431.834868,507.695312,431.457535,2.711496,1.870086,-2.046151,2.050534,0.332673,1.96031
3115,103.833333,1,559.219465,430.661058,449.391813,431.224655,504.305639,430.942857,2.676804,1.615232,-2.024858,1.659913,0.325973,1.637573
3116,103.866667,1,556.113243,429.794726,445.750418,430.998673,500.93183,430.3967,2.753654,1.373841,-2.002791,1.728484,0.375431,1.551162
3117,103.9,1,553.502207,429.364361,443.513613,430.323551,498.50791,429.843956,2.831363,1.540737,-1.963554,1.527103,0.433904,1.53392
3118,103.933333,1,551.799784,428.833315,442.162209,430.049547,496.980996,429.441431,2.856885,1.429058,-1.953828,1.486571,0.451528,1.457814
3119,103.966667,1,550.434389,428.215431,440.655308,430.264789,495.544848,429.24011,2.829886,1.438173,-1.9416,1.429983,0.444143,1.434078
3120,104.0,1,548.535566,427.405908,438.583479,429.946024,493.559523,428.675966,2.829237,1.364121,-1.97733,1.318718,0.425954,1.34142
3121,104.033333,1,545.328407,425.894226,436.529446,429.379134,490.928926,427.63668,2.771936,1.331013,-1.94237,1.408518,0.414783,1.369765
3122,104.066667,1,544.212141,424.94614,435.161295,428.712991,489.686718,426.829566,2.763162,1.414503,-1.931211,1.412215,0.415975,1.413359
3123,104.1,1,542.837582,423.63631,434.000931,427.637361,488.419256,425.636836,2.730991,1.379162,-1.930566,1.424306,0.400213,1.401734
3124,104.133333,1,541.206703,421.481005,432.571039,426.759903,486.888871,424.120454,2.722172,1.512947,-1.921104,1.558111,0.400534,1.535529
3125,104.166667,1,538.484955,419.600873,430.688057,425.533823,484.586506,422.567348,2.728487,1.531694,-1.917128,1.476091,0.40568,1.503893
3126,104.2,1,535.118008,417.453604,428.341141,424.81218,481.729574,421.132892,2.784145,1.242103,-1.913123,1.399446,0.435511,1.320774
3127,104.233333,1,531.271048,415.846789,425.64764,423.494432,478.459344,419.67061,2.754496,1.126169,-1.869615,1.284766,0.44244,1.205467
3128,104.266667,1,527.701998,415.317299,423.230877,423.618404,475.466437,419.467852,2.803253,1.036438,-1.878219,1.120847,0.462517,1.078643
3129,104.3,1,524.482613,415.604231,420.149927,424.066311,472.31627,419.835271,2.951847,1.00784,-1.807866,1.332575,0.57199,1.170208
3130,104.333333,1,522.532654,415.735906,419.098644,424.556265,470.815649,420.146086,2.960721,0.983134,-1.806056,1.527356,0.577333,1.255245
3131,104.366667,1,521.821747,416.070303,418.117561,425.248232,469.969654,420.659267,2.978296,1.050213,-1.764832,1.396282,0.606732,1.223247
3132,104.4,1,521.85997,416.841824,417.370787,425.630318,469.615378,421.236071,2.924828,1.196706,-1.767222,1.514932,0.578803,1.355819
3133,104.433333,1,522.32564,417.318646,417.579556,425.818952,469.952598,421.568799,2.861844,1.207748,-1.769942,1.54768,0.545951,1.377714
3134,104.466667,1,522.072935,417.713306,417.788658,426.253631,469.930797,421.983469,2.787026,1.301606,-1.809484,1.427403,0.488771,1.364505
3135,104.5,1,523.19932,418.712311,418.797703,426.594186,470.998511,422.653248,2.764328,1.392762,-1.834784,1.324877,0.464772,1.358819
3136,104.533333,1,524.219007,419.905111,419.801884,427.388023,472.010446,423.646567,2.720813,1.327356,-1.86043,1.405371,0.430191,1.366364
3137,104.566667,1,525.535402,420.666493,420.798006,428.28637,473.166704,424.476432,2.736912,1.413462,-1.872682,1.447164,0.432115,1.430313
3138,104.6,1,527.140865,421.733755,422.229471,429.099905,474.685168,425.41683,2.686324,1.32934,-1.859791,1.363403,0.413266,1.346372
3139,104.633333,1,529.200058,423.170035,423.942823,429.627099,476.571441,426.398567,2.692438,1.361166,-1.877729,1.450312,0.407355,1.405739
3140,104.666667,1,530.874939,423.942758,424.784851,430.479784,477.829895,427.211271,2.704941,1.322152,-1.869048,1.452567,0.417946,1.38736
3141,104.7,1,532.337093,425.256654,425.720978,430.972248,479.029036,428.114451,2.68771,1.386999,-1.846884,1.369379,0.420413,1.378189
3142,104.733333,1,533.717031,426.421827,427.098179,431.295712,480.407605,428.85877,2.730761,1.323209,-1.854905,1.334526,0.437928,1.328868
3143,104.766667,1,534.640751,426.920021,427.599325,431.981435,481.120038,429.450728,2.706695,1.331988,-1.854049,1.391342,0.426323,1.361665
3144,104.8,1,535.493917,427.759906,428.267975,432.166486,481.880946,429.963196,2.706623,1.332013,-1.823155,1.431044,0.441734,1.381529
3145,104.833333,1,536.108932,428.820001,428.544483,432.857133,482.326708,430.838567,2.70976,1.246042,-1.838595,1.266976,0.435582,1.256509
3146,104.866667,1,536.453791,429.700924,429.034042,433.465587,482.743917,431.583256,2.723584,1.263748,-1.84001,1.406532,0.441787,1.33514
3147,104.9,1,537.027378,430.607414,429.073153,433.961087,483.050265,432.284251,2.681422,1.287542,-1.86305,1.454471,0.409186,1.371006
3148,104.933333,1,537.417488,431.252249,429.091969,434.659621,483.254728,432.955935,2.716082,1.307734,-1.87667,1.488462,0.419706,1.398098
3149,104.966667,1,537.054272,431.729554,429.082384,435.14877,483.068328,433.439162,2.725577,1.407981,-1.86203,1.47564,0.431773,1.441811
3150,105.0,1,536.450615,432.325509,428.81938,435.712194,482.634997,434.018852,2.750495,1.415483,-1.879078,1.555341,0.435708,1.485412
3151,105.033333,1,536.177521,432.669593,428.333454,436.693368,482.255487,434.681481,2.785414,1.49329,-1.926754,1.806723,0.42933,1.650006
3152,105.066667,1,538.590469,433.50096,428.765249,437.985195,483.677859,435.743077,2.789307,1.469211,-1.936623,1.767398,0.426342,1.618304
3153,105.1,1,541.327229,434.919913,433.026524,438.267717,487.176876,436.593815,2.903329,1.572096,-1.805009,1.84653,0.54916,1.709313
3154,105.133333,1,539.729404,435.351448,432.100163,438.331039,485.914783,436.841244,2.918841,1.515414,-1.807433,1.655326,0.555704,1.58537
3155,105.166667,1,538.331394,435.551541,430.139017,439.268578,484.235206,437.41006,2.914783,1.568456,-1.830257,1.645604,0.542263,1.60703
3156,105.2,1,536.851969,435.535576,428.704767,439.857323,482.778368,437.69645,2.930465,1.5484,-1.814204,1.726892,0.558131,1.637646
3157,105.233333,1,534.99176,435.236049,426.639395,440.458889,480.815578,437.847469,2.919996,1.390962,-1.814283,1.74941,0.552857,1.570186
3158,105.266667,1,533.845367,435.071726,424.856329,440.740982,479.350848,437.906354,2.936393,1.454383,-1.836861,1.763363,0.549766,1.608873
3159,105.3,1,533.2868,434.79548,425.250521,440.748804,479.268661,437.772142,3.050624,1.471563,-1.761237,1.86238,0.644693,1.666971
3160,105.333333,1,533.381824,434.494879,426.360207,440.389924,479.871016,437.442402,3.022761,1.423303,-1.676204,1.762006,0.673278,1.592655
3161,105.366667,1,533.474188,433.129678,425.509157,438.750654,479.491673,435.940166,2.97294,1.326088,-1.703755,1.89213,0.634593,1.609109
3162,105.4,1,534.55451,431.43008,425.090666,437.332538,479.822588,434.381309,3.013544,1.389935,-1.718167,1.801856,0.647689,1.595896
3163,105.433333,1,534.734392,429.623473,425.517139,435.011848,480.125766,432.31766,2.986256,1.508995,-1.749811,1.890427,0.618222,1.699711
3164,105.466667,1,535.072813,428.713968,425.559788,433.319567,480.3163,431.016768,2.980933,1.478676,-1.775103,1.786541,0.602915,1.632608
3165,105.5,1,535.655289,427.65045,427.113924,432.560384,481.384606,430.105417,2.996019,1.583304,-1.746165,1.901405,0.624927,1.742355
3166,105.533333,1,536.388435,427.151506,428.181915,431.683162,482.285175,429.417334,2.956582,1.628867,-1.787741,1.924732,0.58442,1.776799
3167,105.566667,1,537.474976,427.021194,429.771891,431.610099,483.623433,429.315646,2.943911,1.549859,-1.81966,1.971731,0.562126,1.760795
3168,105.6,1,538.9083,428.030455,431.266766,432.964175,485.087533,430.497315,2.934707,1.51697,-1.844771,2.670962,0.544968,2.093966
3169,105.633333,1,540.108938,429.751929,433.264704,435.299875,486.686821,432.525902,2.927913,2.020281,-1.887038,3.498195,0.520438,2.759238
3170,105.666667,1,541.050978,430.663891,434.848661,435.955557,487.94982,433.309724,2.913415,1.984427,-1.875634,3.577831,0.51889,2.781129
3171,105.7,1,542.60581,430.05283,436.409121,435.177459,489.507465,432.615144,2.854252,1.878576,-1.84325,3.44542,0.505501,2.661998
3172,105.733333,1,543.918486,429.74517,437.448654,434.421183,490.68357,432.083176,2.913908,1.697051,-1.812843,2.900672,0.550533,2.298861
3173,105.766667,1,545.558367,429.980078,437.982121,434.185556,491.770244,432.082817,2.953548,1.234388,-1.8383,2.413237,0.557624,1.823812
3174,105.8,1,546.839542,430.17162,438.980732,434.09847,492.910137,432.135045,2.903313,1.221724,-1.851382,2.284668,0.525966,1.753196
3175,105.833333,1,548.108387,430.511831,440.459957,433.701847,494.284172,432.106839,2.909685,1.117817,-1.85245,2.061116,0.528617,1.589466
3176,105.866667,1,550.014439,430.943087,441.793909,433.041379,495.904174,431.992233,2.907925,1.260618,-1.868928,1.916386,0.519499,1.588502
3177,105.9,1,551.408358,430.906051,443.19191,432.817544,497.300134,431.861798,2.898862,1.278854,-1.883044,1.864484,0.507909,1.571669
3178,105.933333,1,553.2442,430.552011,444.643631,432.692349,498.943915,431.62218,2.897772,1.365207,-1.874119,1.774332,0.511827,1.569769
3179,105.966667,1,554.19384,430.18281,445.565405,432.524185,499.879622,431.353498,2.891834,1.258662,-1.870959,1.742844,0.510437,1.500753
3180,106.0,1,555.604916,430.180889,446.907787,432.300414,501.256351,431.240652,2.90732,1.113564,-1.877879,1.882739,0.51472,1.498151
3181,106.033333,1,556.405277,430.232871,448.096542,431.861272,502.25091,431.047071,2.900858,1.145912,-1.884833,1.846267,0.508012,1.496089
3182,106.066667,1,557.159939,430.429863,448.601761,432.081696,502.88085,431.255779,2.899229,1.252883,-1.893054,1.928451,0.503088,1.590667
3183,106.1,1,559.140472,431.868975,451.878023,432.711725,505.509248,432.29035,2.922785,1.148561,-1.918065,2.379697,0.50236,1.764129
3184,106.133333,1,563.069229,434.673643,455.978603,434.979919,509.523916,434.826781,2.989002,2.96049,-1.842589,7.197602,0.573207,5.079046
3185,106.166667,1,564.412184,435.082465,457.708645,434.793291,511.060414,434.937878,2.986472,3.50702,-1.846014,6.168728,0.570229,4.837874
3186,106.2,1,566.467466,434.544296,459.876928,433.825067,513.172197,434.184682,2.985407,1.9752,-1.789233,2.677542,0.598087,2.326371
3187,106.233333,1,568.242865,433.964574,462.277031,433.704904,515.259948,433.834739,2.941207,1.540229,-1.698599,1.970485,0.621304,1.755357
3188,106.266667,1,568.433905,434.203495,462.282114,433.647645,515.358009,433.92557,2.944792,1.624952,-1.717622,2.128083,0.613585,1.876518
3189,106.3,1,569.348621,434.205093,463.615417,433.456478,516.482019,433.830786,2.934975,1.500449,-1.66693,1.993789,0.634023,1.747119
3190,106.333333,1,569.738455,434.687462,464.531755,433.67305,517.135105,434.180256,2.891335,1.234295,-1.676141,1.798228,0.607597,1.516261
3191,106.366667,1,570.636358,434.920589,465.321035,434.21299,517.978697,434.566789,2.906031,1.152911,-1.70194,1.885449,0.602046,1.51918
3192,106.4,1,571.290178,435.189131,466.087475,434.759828,518.688827,434.97448,2.887828,1.159247,-1.718248,1.810668,0.58479,1.484957
3193,106.433333,1,569.448357,434.520264,463.125792,435.606548,516.287074,435.063406,2.892257,0.965681,-1.822947,1.921383,0.534655,1.443532
3194,106.466667,1,568.094997,434.815553,462.950993,435.956093,515.522995,435.385823,2.823465,0.97035,-1.88294,1.80288,0.470263,1.386615
3195,106.5,1,569.136448,435.206083,463.184395,436.010456,516.160421,435.60827,2.795805,0.9156,-1.912368,1.810955,0.441718,1.363278
3196,106.533333,1,569.94791,435.314101,463.576593,436.384571,516.762252,435.849336,2.814271,0.989748,-1.938749,1.867097,0.437761,1.428422
3197,106.566667,1,570.681009,435.919926,463.817406,436.544355,517.249207,436.232141,2.802756,1.111312,-1.935883,1.873702,0.433436,1.492507
3198,106.6,1,571.432419,436.522715,464.281635,437.127596,517.857027,436.825156,2.783626,1.091394,-1.949875,1.921748,0.416875,1.506571
3199,106.633333,1,572.382917,437.466842,464.544296,438.343034,518.463607,437.904938,2.747872,1.055626,-1.932843,1.998902,0.407514,1.527264
3200,106.666667,1,572.540522,438.068601,464.889908,438.795748,518.715215,438.432174,2.70914,1.105345,-1.957675,1.911105,0.375733,1.508225
3201,106.7,1,573.299427,438.767971,465.100584,439.777704,519.200006,439.272838,2.711323,1.203161,-1.96748,2.075622,0.371922,1.639392
3202,106.733333,1,573.523216,439.822551,465.169201,440.816406,519.346209,440.319479,2.692543,1.366127,-1.99755,2.114098,0.347496,1.740112
3203,106.766667,1,573.973379,441.188418,465.089445,442.426955,519.531412,441.807686,2.72309,1.271517,-1.965482,2.187426,0.378804,1.729471
3204,106.8,1,574.125309,443.637253,465.382462,445.163891,519.753885,444.400572,2.730186,1.227049,-1.998496,2.648659,0.365845,1.937854
3205,106.833333,1,571.384106,448.459468,465.712481,449.914159,518.548293,449.186813,2.686393,4.532451,-2.000948,15.526207,0.342722,10.029329
3206,106.866667,1,569.779854,451.47249,467.438021,453.143678,518.608937,452.308084,2.671219,10.684151,-1.90773,20.242319,0.381745,15.463235
3207,106.9,1,570.169497,450.755696,466.519518,452.769595,518.344507,451.762646,2.714548,5.3778,-1.925683,23.020333,0.394432,14.199067
3208,106.933333,1,572.052851,451.185161,466.321859,452.090718,519.187355,451.637939,2.688989,2.993484,-1.970701,12.943839,0.359144,7.968661
3209,106.966667,1,574.332094,451.309959,466.814833,452.180303,520.573463,451.745131,2.776856,2.382807,-1.993216,7.589892,0.39182,4.98635
3210,107.0,1,576.650562,450.382526,466.847668,451.1245,521.749115,450.753513,2.856786,1.75965,-2.020806,3.889735,0.41799,2.824693
3211,107.033333,1,577.414131,449.827309,467.311029,450.526904,522.36258,450.177106,2.859672,1.519227,-1.981277,2.755553,0.439197,2.13739
3212,107.066667,1,578.245325,449.295877,468.246546,450.342143,523.245935,449.81901,2.820945,1.418205,-1.984862,2.509477,0.418042,1.963841
3213,107.1,1,579.118948,448.822167,468.501825,449.90285,523.810387,449.362509,2.803529,1.450591,-1.979922,2.452387,0.411804,1.951489
3214,107.133333,1,579.949827,448.90229,469.246025,449.348406,524.597926,449.125348,2.758474,1.658413,-2.012298,2.324917,0.373088,1.991665
3215,107.166667,1,580.92886,448.537434,470.051498,449.317431,525.490179,448.927433,2.717397,1.585148,-2.032066,2.302645,0.342665,1.943896
3216,107.2,1,582.500744,447.954236,471.456575,447.939988,526.97866,447.947112,2.69718,1.652585,-1.992172,2.193351,0.352504,1.922968
3217,107.233333,1,583.800764,447.328455,472.753639,447.199795,528.277202,447.264125,2.712255,1.436179,-1.985667,2.143781,0.363294,1.78998
3218,107.266667,1,585.461731,446.564401,474.389133,446.214126,529.925432,446.389264,2.724535,1.203848,-2.000326,1.915575,0.362105,1.559711
3219,107.3,1,587.057438,445.309675,475.790634,444.8334,531.424036,445.071537,2.721716,1.333971,-1.99184,1.986381,0.364938,1.660176
3220,107.333333,1,588.457088,444.441755,477.562132,443.359891,533.00961,443.900823,2.665324,1.570612,-1.923176,1.953453,0.371074,1.762032
3221,107.366667,1,589.383698,443.437568,479.390974,442.322316,534.387336,442.879942,2.652417,1.356846,-1.968351,1.872262,0.342033,1.614554
3222,107.4,1,590.409698,443.178982,479.978676,441.645316,535.194187,442.412149,2.634428,1.29594,-1.926355,1.946827,0.354037,1.621383
3223,107.433333,1,590.808449,442.681925,479.97941,441.317883,535.393929,441.999904,2.642286,1.227487,-2.008721,1.967596,0.316783,1.597542
3224,107.466667,1,590.818653,442.532977,480.314789,441.082331,535.566721,441.807654,2.636496,1.163806,-2.036104,2.027262,0.300196,1.595534
3225,107.5,1,590.80204,442.174569,480.391779,440.757966,535.59691,441.466268,2.639278,1.243817,-2.008555,1.997459,0.315361,1.620638
3226,107.533333,1,590.808048,441.662503,480.388784,440.445725,535.598416,441.054114,2.631481,1.202712,-2.033068,1.963994,0.299207,1.583353
3227,107.566667,1,590.342741,441.405408,480.07515,440.269622,535.208945,440.837515,2.624541,1.166209,-1.982605,1.857417,0.320968,1.511813
3228,107.6,1,590.012417,440.841029,479.935799,439.801662,534.974108,440.321345,2.621734,1.213074,-1.979912,1.834307,0.320911,1.52369
3229,107.633333,1,589.441853,440.301647,479.597778,439.552238,534.519815,439.926943,2.607951,1.155518,-1.988908,1.829104,0.309521,1.492311
3230,107.666667,1,588.691654,440.203221,479.079523,439.342597,533.885589,439.772909,2.614092,1.221861,-1.947785,1.721157,0.333154,1.471509
3231,107.7,1,587.738094,439.771675,478.799601,439.065696,533.268847,439.418685,2.607572,1.31582,-1.944768,1.65007,0.331402,1.482945
3232,107.733333,1,587.275066,439.461386,478.461685,438.760793,532.868376,439.11109,2.623593,1.317864,-1.966528,1.644793,0.328533,1.481329
3233,107.766667,1,586.827984,438.791585,477.979307,438.383589,532.403646,438.587587,2.635407,1.241185,-1.975705,1.705873,0.329851,1.473529
3234,107.8,1,586.231794,437.536762,477.492504,437.450684,531.862149,437.493723,2.669662,1.332083,-2.006126,1.784235,0.331768,1.558159
3235,107.833333,1,586.182737,436.803092,477.104607,436.209111,531.643672,436.506101,2.678082,1.484518,-2.01047,1.811501,0.333806,1.64801
3236,107.866667,1,586.166105,436.300424,476.849394,436.002935,531.50775,436.15168,2.671034,1.48129,-2.026929,1.854104,0.322053,1.667697
3237,107.9,1,586.311445,436.450757,476.560249,435.688752,531.435847,436.069754,2.67729,1.463204,-1.999626,1.843972,0.338832,1.653588
3238,107.933333,1,586.356239,436.457623,476.84432,435.664408,531.60028,436.061016,2.674632,1.411095,-2.018199,1.785529,0.328216,1.598312
3239,107.966667,1,586.463585,436.594255,476.58618,435.661898,531.524882,436.128076,2.666983,1.442225,-2.002156,1.854128,0.332413,1.648177
3240,108.0,1,586.165905,437.104636,476.276569,436.10767,531.221237,436.606153,2.679413,1.431643,-2.051078,2.000264,0.314167,1.715954
3241,108.033333,1,586.069021,437.473934,476.195555,436.418356,531.132288,436.946145,2.681149,1.45035,-2.062621,2.021578,0.309264,1.735964
3242,108.066667,1,586.003246,437.560558,476.441822,436.631902,531.222534,437.09623,2.684915,1.414546,-2.041182,1.958548,0.321867,1.686547
3243,108.1,1,585.996094,437.552083,476.193047,436.680719,531.09457,437.116401,2.679423,1.39689,-2.034618,1.987072,0.322403,1.691981
3244,108.133333,1,585.767412,437.56294,476.109886,436.722486,530.938649,437.142713,2.685719,1.444801,-2.02144,1.958638,0.332139,1.70172
3245,108.166667,1,585.725269,437.554218,475.926952,436.76715,530.826111,437.160684,2.680136,1.422631,-2.020527,1.935752,0.329804,1.679192
3246,108.2,1,585.431519,437.357579,475.948019,436.8487,530.689769,437.10314,2.694866,1.358141,-1.997149,1.927432,0.348859,1.642787
3247,108.233333,1,585.218372,437.23084,475.616188,436.928437,530.41728,437.079638,2.690121,1.356351,-2.004163,1.94589,0.342979,1.651121
3248,108.266667,1,584.967222,437.076591,475.45639,436.734298,530.211806,436.905445,2.692229,1.327482,-2.015082,1.931442,0.338574,1.629462
3249,108.3,1,584.891376,436.993936,474.965973,436.634359,529.928675,436.814148,2.685225,1.399139,-2.034563,2.001518,0.325331,1.700329
3250,108.333333,1,584.907484,436.985589,474.879675,436.716843,529.893579,436.851216,2.683472,1.385873,-2.030767,1.990731,0.326353,1.688302
3251,108.366667,1,584.29121,436.619747,474.819651,436.614103,529.55543,436.616925,2.707151,1.300715,-2.030422,2.033298,0.338365,1.667006
3252,108.4,1,584.0557,436.543465,474.491997,436.387875,529.273849,436.46567,2.703942,1.23631,-2.03436,2.02544,0.334791,1.630875
3253,108.433333,1,584.021082,436.469328,474.210873,436.245986,529.115977,436.357657,2.707352,1.237336,-2.038876,2.0737,0.334238,1.655518
3254,108.466667,1,583.902378,436.332943,473.957958,436.118313,528.930168,436.225628,2.703849,1.285437,-2.027405,2.061372,0.338222,1.673405
3255,108.5,1,583.749294,436.188372,473.944855,436.101866,528.847075,436.145119,2.706634,1.28005,-2.027644,2.008667,0.339495,1.644359
3256,108.533333,1,583.512964,436.017601,473.700523,435.964494,528.606744,435.991048,2.707551,1.279236,-2.028042,2.027595,0.339754,1.653416
3257,108.566667,1,583.070679,435.70992,473.602524,435.803411,528.336601,435.756665,2.709507,1.26273,-2.018961,2.016148,0.345273,1.639439
3258,108.6,1,583.117762,435.556498,473.5956,435.808936,528.356681,435.682717,2.711881,1.248289,-2.041391,2.028849,0.335245,1.638569
3259,108.633333,1,583.270645,435.503808,473.375826,435.70904,528.323236,435.606424,2.695273,1.28453,-2.030392,2.023218,0.33244,1.653874
3260,108.666667,1,582.993345,435.394599,473.656311,435.591248,528.324828,435.492924,2.702214,1.248524,-2.024108,2.015188,0.339053,1.631856
3261,108.7,1,583.355284,435.445883,473.335943,435.701841,528.345613,435.573862,2.689465,1.227936,-2.043735,2.019647,0.322865,1.623792
3262,108.733333,1,583.209743,435.415295,473.593721,435.626814,528.401732,435.521055,2.705428,1.292031,-2.036334,2.029811,0.334547,1.660921
3263,108.766667,1,583.428478,435.452782,473.393126,435.678763,528.410802,435.565773,2.69194,1.327674,-2.042806,2.0525,0.324567,1.690087
3264,108.8,1,583.46137,435.28303,473.69442,435.547035,528.577895,435.415033,2.695363,1.309712,-2.037609,2.05421,0.328877,1.681961
3265,108.833333,1,583.785248,435.19411,473.794823,435.518357,528.790035,435.356233,2.679849,1.346272,-2.035505,2.077642,0.322172,1.711957
3266,108.866667,1,583.799286,434.844671,474.108725,435.33926,528.954005,435.091966,2.676767,1.318783,-2.016383,2.09004,0.330192,1.704411
3267,108.9,1,584.03944,434.755332,473.93877,435.152117,528.989105,434.953725,2.675684,1.372989,-2.043302,2.066681,0.316191,1.719835
3268,108.933333,1,584.060163,434.634118,474.074945,434.850025,529.067554,434.742072,2.663992,1.273233,-2.033706,2.074736,0.315143,1.673984
3269,108.966667,1,583.967361,434.055791,474.223757,434.496328,529.095559,434.276059,2.635859,1.285718,-2.009389,2.043914,0.313235,1.664816
3270,109.0,1,583.92602,433.648406,474.303885,434.302554,529.114952,433.97548,2.632937,1.181134,-2.031021,2.055389,0.300958,1.618262
3271,109.033333,1,583.960009,433.350681,474.102755,433.704228,529.031382,433.527455,2.636169,1.307237,-2.047066,1.961481,0.294552,1.634359
3272,109.066667,1,583.645773,432.988186,474.182119,433.479642,528.913946,433.233914,2.631719,1.238465,-2.050849,1.924653,0.290435,1.581559
3273,109.1,1,583.435249,432.823756,474.212751,433.152777,528.824,432.988266,2.630674,1.173629,-2.049341,1.804973,0.290667,1.489301
3274,109.133333,1,582.957315,432.405084,474.21423,432.804315,528.585773,432.6047,2.612333,1.172362,-2.041149,1.883787,0.285592,1.528075
3275,109.166667,1,582.534418,431.719372,473.982697,432.310005,528.258557,432.014689,2.625663,1.240997,-2.016893,1.872278,0.304385,1.556638
3276,109.2,1,582.342377,431.320624,473.628759,432.142893,527.985568,431.731759,2.631288,1.293129,-2.007094,1.866459,0.312097,1.579794
3277,109.233333,1,581.855421,431.055322,473.56101,431.965009,527.708216,431.510165,2.63527,1.234333,-1.983498,1.762479,0.325886,1.498406
3278,109.266667,1,581.795187,430.640609,473.39138,431.846005,527.593284,431.243307,2.607767,1.283795,-1.982317,1.788933,0.312725,1.536364
3279,109.3,1,581.553392,430.238256,473.149204,431.471204,527.351298,430.85473,2.60028,1.313764,-1.972841,1.657693,0.31372,1.485729
3280,109.333333,1,581.382599,429.876105,472.795362,431.239396,527.088981,430.55775,2.612099,1.334224,-1.966323,1.665067,0.322888,1.499645
3281,109.366667,1,581.176214,429.482775,473.062449,430.353173,527.119331,429.917974,2.640617,1.201902,-1.880423,1.49644,0.380097,1.349171
3282,109.4,1,580.729752,429.616692,473.019161,430.869713,526.874456,430.243202,2.614465,1.377259,-1.831406,1.528173,0.391529,1.452716
3283,109.433333,1,580.319405,431.156441,473.449116,432.169254,526.88426,431.662847,2.722701,2.795052,-1.972497,2.455366,0.375102,2.625209
3284,109.466667,1,580.172272,429.922303,471.270838,431.099889,525.721555,430.511096,2.71528,1.947656,-1.94947,2.005074,0.382905,1.976365
3285,109.5,1,579.495335,429.589055,471.329279,430.298113,525.412307,429.943584,2.698235,1.788271,-1.899246,1.771171,0.399494,1.779721
3286,109.533333,1,579.477119,428.988626,471.243763,429.360949,525.360441,429.174787,2.708436,1.611525,-1.850309,1.723185,0.429063,1.667355
3287,109.566667,1,579.445267,428.31978,470.683098,428.964701,525.064182,428.64224,2.70826,1.531944,-1.864132,1.80917,0.422064,1.670557
3288,109.6,1,579.287701,427.611988,470.292377,428.253164,524.790039,427.932576,2.741787,1.58361,-1.847406,1.864962,0.44719,1.724286
3289,109.633333,1,579.073668,426.734294,469.764214,427.704352,524.418941,427.219323,2.768834,1.521677,-1.834306,1.865521,0.467264,1.693599
3290,109.666667,1,579.242325,426.114575,469.479561,427.424448,524.360943,426.769511,2.795524,1.307693,-1.911079,2.235053,0.442223,1.771373
3291,109.7,1,578.816977,425.759364,469.378262,426.973965,524.097619,426.366665,2.803349,1.204865,-1.896159,1.98586,0.453595,1.595363
3292,109.733333,1,578.360634,425.188483,469.295874,426.047884,523.828254,425.618184,2.762839,1.336516,-1.901481,2.034243,0.430679,1.68538
3293,109.766667,1,578.02804,424.82396,468.609657,425.797656,523.318849,425.310808,2.769944,1.411252,-1.884758,2.146883,0.442593,1.779067
3294,109.8,1,577.622013,424.738537,468.336039,425.748078,522.979026,425.243307,2.779517,1.368102,-1.938599,2.373525,0.420459,1.870814
3295,109.833333,1,577.261972,424.858646,468.519144,425.39084,522.890558,425.124743,2.750524,1.431649,-1.912295,2.119574,0.419114,1.775611
3296,109.866667,1,577.109194,424.798951,468.038445,425.521581,522.573819,425.160266,2.741602,1.63022,-1.901486,1.872428,0.420058,1.751324
3297,109.9,1,576.705647,424.705664,467.876062,425.365069,522.290854,425.035366,2.741859,1.515093,-1.931948,1.824478,0.404955,1.669785
3298,109.933333,1,575.828924,424.409055,467.999477,425.10321,521.914201,424.756132,2.648841,1.829913,-1.853132,1.618837,0.397855,1.724375
3299,109.966667,1,575.489321,424.077308,467.785397,424.457045,521.637359,424.267176,2.636801,1.808705,-1.858998,1.526352,0.388901,1.667529
3300,110.0,1,575.232201,423.667563,467.690697,424.161862,521.461449,423.914713,2.643407,1.694212,-1.869348,1.53059,0.38703,1.612401
3301,110.033333,1,575.232029,423.128482,467.852364,423.477083,521.542196,423.302783,2.649884,1.815574,-1.889001,1.561148,0.380442,1.688361
3302,110.066667,1,575.370626,422.392184,468.040409,422.684051,521.705518,422.538117,2.620852,1.900373,-1.962641,1.587637,0.329106,1.744005
3303,110.1,1,575.686789,421.865237,468.306208,421.935146,521.996498,421.900191,2.622182,1.772238,-1.950598,1.517023,0.335792,1.644631
3304,110.133333,1,576.227579,421.565731,468.91696,421.012241,522.572269,421.288986,2.639633,1.785302,-1.928573,1.482109,0.35553,1.633706
3305,110.166667,1,576.891451,421.369436,469.215364,420.651848,523.053408,421.010642,2.639706,1.672508,-1.943516,1.497429,0.348095,1.584968
3306,110.2,1,577.917023,420.973456,470.336161,419.894779,524.126592,420.434117,2.638652,1.61032,-1.956329,1.660107,0.341162,1.635214
3307,110.233333,1,578.86261,420.842543,471.23455,419.307493,525.04858,420.075018,2.611816,1.728181,-1.950872,1.577544,0.330472,1.652863
3308,110.266667,1,580.547266,420.767806,472.677145,418.755151,526.612206,419.761478,2.587156,2.022295,-1.973035,1.65078,0.30706,1.836537
3309,110.3,1,582.137814,420.450093,474.363737,418.348303,528.250775,419.399198,2.587255,1.907011,-1.956512,1.728818,0.315372,1.817914
3310,110.333333,1,583.665228,420.490369,475.868807,417.838254,529.767017,419.164311,2.600451,1.716627,-1.941287,1.699801,0.329582,1.708214
3311,110.366667,1,585.135612,420.343641,477.159843,417.824285,531.147728,419.083963,2.600571,1.616282,-1.926309,1.703682,0.337131,1.659982
3312,110.4,1,586.619692,420.146874,478.283663,417.724367,532.451677,418.935621,2.616744,1.666169,-1.958869,1.81927,0.328938,1.742719
3313,110.433333,1,586.889257,420.20599,478.448458,417.724797,532.668858,418.965393,2.605154,1.822053,-1.931689,1.786473,0.336733,1.804263
3314,110.466667,1,587.672081,420.521536,479.200668,418.087957,533.436375,419.304746,2.645204,1.563896,-1.970032,2.072709,0.337586,1.818302
3315,110.5,1,588.485565,421.927614,482.409248,420.227984,535.447407,421.077799,2.69498,2.991106,-1.971909,2.354212,0.361536,2.672659
3316,110.533333,1,589.571838,421.123037,482.471704,418.981283,536.021771,420.05216,2.683284,2.210212,-1.981206,2.423919,0.351039,2.317066
3317,110.566667,1,590.264006,421.227751,483.503628,418.24286,536.883817,419.735305,2.655687,1.46351,-1.946691,2.077884,0.354498,1.770697
3318,110.6,1,591.159334,421.013807,483.613062,417.701837,537.386198,419.357822,2.657127,1.312697,-1.874949,1.937359,0.391089,1.625028
3319,110.633333,1,591.400967,420.415192,483.648157,417.336938,537.524562,418.876065,2.675036,1.270513,-1.851031,1.974959,0.412003,1.622736
3320,110.666667,1,591.424255,419.931386,483.756638,417.235132,537.590446,418.583259,2.670992,1.318352,-1.820771,2.076977,0.425111,1.697665
3321,110.7,1,591.302853,419.639679,483.578882,416.572198,537.440867,418.105938,2.654255,1.326773,-1.816302,2.002795,0.418976,1.664784
3322,110.733333,1,591.338367,419.394354,483.49494,416.086503,537.416654,417.740428,2.68402,1.336491,-1.775017,1.993384,0.454501,1.664938
3323,110.766667,1,591.263552,418.994715,482.897263,415.810289,537.080407,417.402502,2.675821,1.376938,-1.763106,1.963257,0.456357,1.670098
3324,110.8,1,590.925589,418.788099,482.303839,415.339798,536.614714,417.063949,2.671595,1.419961,-1.759292,1.894619,0.456151,1.65729
3325,110.833333,1,590.354528,418.50003,481.868629,415.237144,536.111579,416.868587,2.673867,1.411176,-1.743214,1.75837,0.465326,1.584773
3326,110.866667,1,589.948082,417.83864,481.682529,415.019284,535.815306,416.428962,2.681441,1.40824,-1.728026,1.737764,0.476707,1.573002
3327,110.9,1,589.747124,417.569818,481.279135,414.888994,535.513129,416.229406,2.681464,1.401712,-1.726952,1.68358,0.477256,1.542646
3328,110.933333,1,588.802538,416.930315,480.251207,414.944547,534.526873,415.937431,2.670541,1.349047,-1.721838,1.728053,0.474351,1.53855
3329,110.966667,1,587.191477,416.345991,479.480429,414.590743,533.335953,415.468367,2.639534,1.346339,-1.73454,1.649742,0.452497,1.498041
3330,111.0,1,587.05121,416.209027,478.943138,414.238719,532.997174,415.223873,2.65046,1.408415,-1.757332,1.559958,0.446564,1.484186
3331,111.033333,1,587.00181,415.914016,478.609524,413.869293,532.805667,414.891654,2.653669,1.444316,-1.747104,1.605568,0.453283,1.524942
3332,111.066667,1,586.776237,415.283107,478.307066,413.513889,532.541652,414.398498,2.645333,1.55737,-1.789641,1.641199,0.427846,1.599284
3333,111.1,1,586.549082,414.506339,478.00622,413.254294,532.277651,413.880317,2.659665,1.287507,-1.795926,1.577575,0.43187,1.432541
3334,111.133333,1,586.460695,413.878874,477.869778,412.640766,532.165236,413.25982,2.647826,1.300645,-1.786294,1.536796,0.430766,1.41872
3335,111.166667,1,586.312695,413.184814,477.718382,412.122273,532.015538,412.653544,2.65612,1.238542,-1.800879,1.590213,0.427621,1.414378
3336,111.2,1,586.061954,412.900629,477.236443,411.738878,531.649199,412.319754,2.671763,1.446219,-1.817134,1.575862,0.427314,1.51104
3337,111.233333,1,585.980024,412.997339,477.252283,411.796267,531.616154,412.396803,2.676592,1.451634,-1.811676,1.590634,0.432458,1.521134
3338,111.266667,1,585.367842,412.96012,476.712494,411.880467,531.040168,412.420294,2.700437,1.388646,-1.799007,1.639755,0.450715,1.514201
3339,111.3,1,584.868221,412.992586,476.16477,412.08527,530.516496,412.538928,2.712832,1.411143,-1.813201,1.736257,0.449816,1.5737
3340,111.333333,1,584.11972,412.7555,475.119982,412.260536,529.619851,412.508018,2.756933,1.322242,-1.850753,1.72832,0.45309,1.525281
3341,111.366667,1,582.944727,413.123885,474.233837,412.706866,528.589282,412.915376,2.783243,1.197187,-1.841548,1.552787,0.470847,1.374987
3342,111.4,1,581.683044,414.320022,472.590017,414.17191,527.136531,414.245966,2.808653,1.09903,-1.82416,1.468086,0.492246,1.283558
3343,111.433333,1,579.277563,415.353316,470.182781,415.026194,524.730172,415.189755,2.796446,1.218644,-1.916839,1.692528,0.439804,1.455586
3344,111.466667,1,577.085552,415.573665,468.522806,416.594685,522.804179,416.084175,2.808879,1.061708,-1.808535,1.5517,0.500172,1.306704
3345,111.5,1,575.020695,415.558108,466.073484,416.964819,520.54709,416.261464,2.77542,0.905905,-1.70808,1.635191,0.53367,1.270548
3346,111.533333,1,572.57823,415.734158,463.608351,417.76975,518.09329,416.751954,2.818101,1.062668,-1.749635,1.967147,0.534233,1.514907
3347,111.566667,1,570.824614,415.610733,461.677332,417.541248,516.250973,416.57599,2.763457,1.09319,-1.786257,1.77591,0.4886,1.43455
3348,111.6,1,568.430414,415.548559,459.601955,417.875719,514.016185,416.712139,2.814683,1.183475,-1.76081,1.752849,0.526936,1.468162
3349,111.633333,1,566.62919,415.625882,458.733292,417.950349,512.681241,416.788116,2.78339,0.994085,-1.741329,1.583303,0.52103,1.288694
3350,111.666667,1,565.236149,415.50058,456.654196,418.509482,510.945172,417.005031,2.795471,1.21698,-1.778553,1.494101,0.508459,1.355541
3351,111.7,1,564.334965,415.173115,455.553379,418.391422,509.944172,416.782268,2.774716,1.132853,-1.742422,1.605698,0.516147,1.369276
3352,111.733333,1,562.931232,414.60587,454.089527,418.82374,508.51038,416.714805,2.746261,0.838438,-1.748276,1.493598,0.498993,1.166018
3353,111.766667,1,561.353197,414.842699,453.059607,418.746718,507.206402,416.794708,2.807884,1.09004,-1.752727,1.603314,0.527578,1.346677
3354,111.8,1,560.063124,413.850528,451.66914,418.917511,505.866132,416.384019,2.778208,0.808318,-1.802269,1.835733,0.48797,1.322026
3355,111.833333,1,558.441248,412.850322,450.931129,418.16808,504.686189,415.509201,2.81736,0.923748,-1.763179,1.504593,0.52709,1.21417
3356,111.866667,1,557.229147,412.180703,450.027657,417.381742,503.628402,414.781222,2.847996,0.949505,-1.765445,1.517517,0.541276,1.233511
3357,111.9,1,557.541199,411.899639,449.272985,417.262309,503.407092,414.580974,2.808354,0.700449,-1.736461,1.831084,0.535947,1.265766
3358,111.933333,1,556.684952,412.32595,449.419069,417.28426,503.052011,414.805105,2.820817,0.926188,-1.728604,1.639268,0.546106,1.282728
3359,111.966667,1,557.139683,412.261566,448.916445,417.619493,503.028064,414.940529,2.807473,0.735223,-1.754328,1.799516,0.526573,1.267369
3360,112.0,1,556.457357,412.496452,449.350204,417.458056,502.903781,414.977254,2.821088,1.065993,-1.732802,1.625626,0.544143,1.34581
3361,112.033333,1,556.68622,413.598905,448.838673,418.701056,502.762446,416.14998,2.835871,1.043522,-1.796092,1.825055,0.519889,1.434289
3362,112.066667,1,553.320303,417.398983,449.190817,422.71495,501.25556,420.056967,2.855185,3.062276,-1.800634,10.263576,0.527275,6.662926
3363,112.1,1,553.319225,417.2348,449.34042,422.452061,501.329823,419.843431,2.857174,4.181678,-1.830657,5.266002,0.513258,4.72384
3364,112.133333,1,554.616585,415.04851,447.66428,421.245314,501.140432,418.146912,2.860482,1.572672,-1.831322,2.476556,0.51458,2.024614
3365,112.166667,1,554.428596,414.277954,446.97813,420.111276,500.703363,417.194615,2.819205,1.490019,-1.796467,1.980206,0.511369,1.735112
3366,112.2,1,554.072123,414.738629,446.115589,420.373081,500.093856,417.555855,2.836126,1.369643,-1.798326,1.976795,0.5189,1.673219
3367,112.233333,1,554.174833,415.24062,445.263767,420.696534,499.7193,417.968577,2.807179,1.42113,-1.767509,2.033395,0.519835,1.727263
3368,112.266667,1,553.771391,415.508487,444.632778,421.08628,499.202085,418.297384,2.784967,1.197263,-1.769854,2.064434,0.507556,1.630849
3369,112.3,1,553.035975,415.910379,444.492474,421.519457,498.764224,418.714918,2.806217,0.861847,-1.773921,1.807547,0.516148,1.334697
3370,112.333333,1,553.107557,416.202589,444.231186,421.813953,498.669372,419.008271,2.807904,1.017343,-1.783751,1.887524,0.512077,1.452434
3371,112.366667,1,553.15258,416.671214,443.846626,422.111903,498.499603,419.391559,2.789683,1.056974,-1.783055,1.873982,0.503314,1.465478
3372,112.4,1,552.927656,416.849506,443.713303,422.416967,498.320479,419.633237,2.819063,0.831111,-1.802127,1.974757,0.508468,1.402934
3373,112.433333,1,552.946196,417.250013,444.128971,422.23462,498.537583,419.742317,2.771783,0.743415,-1.780788,2.018073,0.495498,1.380744
3374,112.466667,1,553.031874,417.694091,443.739719,422.806027,498.385797,420.250059,2.75038,0.726234,-1.772853,1.980082,0.488763,1.353158
3375,112.5,1,553.492804,417.880204,443.703651,423.206545,498.598228,420.543374,2.755846,0.676763,-1.787849,2.189741,0.483999,1.433252
3376,112.533333,1,553.015223,418.489537,444.424448,423.36044,498.719835,420.924988,2.780321,0.962937,-1.759828,1.689324,0.510247,1.326131
3377,112.566667,1,554.438686,419.177889,444.755116,424.517802,499.596901,421.847845,2.794975,0.691576,-1.727136,1.925268,0.533919,1.308422
3378,112.6,1,554.65559,420.073779,445.276604,425.008914,499.966097,422.541347,2.817293,0.929914,-1.702292,1.751478,0.5575,1.340696
3379,112.633333,1,554.923286,420.70972,445.127277,425.285933,500.025282,422.997826,2.857843,0.920394,-1.741789,1.747099,0.558027,1.333747
3380,112.666667,1,554.71756,421.373105,444.84724,425.852469,499.7824,423.612787,2.859234,0.904874,-1.73586,1.643073,0.561687,1.273973
3381,112.7,1,554.724951,421.673266,444.492331,426.310784,499.608641,423.992025,2.847572,1.008447,-1.704814,1.656234,0.571379,1.332341
3382,112.733333,1,554.283037,422.211521,444.525423,426.575475,499.40423,424.393498,2.86845,1.09879,-1.722413,1.600444,0.573018,1.349617
3383,112.766667,1,554.264679,422.346125,444.281168,426.792905,499.272923,424.569515,2.865362,1.044933,-1.677893,1.644104,0.593734,1.344519
3384,112.8,1,553.419781,422.698921,443.736048,427.246842,498.577914,424.972882,2.919959,1.338515,-1.728442,1.50732,0.595759,1.422917
3385,112.833333,1,553.390684,423.131121,443.630209,427.643745,498.510447,425.387433,2.884805,1.167623,-1.697574,1.685116,0.593615,1.42637
3386,112.866667,1,552.909918,423.193402,443.049202,427.728685,497.97956,425.461044,2.914869,1.328905,-1.713578,1.557443,0.600645,1.443174
3387,112.9,1,552.618885,423.338617,442.67581,428.112584,497.647347,425.725601,2.923807,1.217888,-1.717888,1.542819,0.60296,1.380354
3388,112.933333,1,552.837715,423.962542,442.61384,428.657384,497.725778,426.309963,2.898984,1.242851,-1.725201,1.605647,0.586891,1.424249
3389,112.966667,1,552.759829,424.338223,442.48497,429.373448,497.622399,426.855835,2.890084,1.286843,-1.730386,1.694013,0.579849,1.490428
3390,113.0,1,553.064632,425.808803,442.437315,430.601685,497.750974,428.205244,2.846011,1.207688,-1.738441,1.782635,0.553785,1.495162
3391,113.033333,1,553.979883,426.798999,442.971287,431.285874,498.475585,429.042436,2.847424,1.246836,-1.702806,1.828389,0.572309,1.537612
3392,113.066667,1,554.13929,428.190787,442.941637,433.01828,498.540463,430.604534,2.929799,1.975973,-1.832323,2.530699,0.548738,2.253336
3393,113.1,1,552.581692,432.242543,444.656305,436.339649,498.618999,434.291096,2.888379,7.636614,-1.712581,41.881022,0.587899,24.758818
3394,113.133333,1,551.103325,434.264306,446.764116,438.574508,498.933721,436.419407,2.79033,7.929878,-1.662976,54.905977,0.563677,31.417928
3395,113.166667,1,551.284285,434.068204,446.172991,438.451062,498.728638,436.259633,2.810928,10.181548,-1.669679,111.367491,0.570624,60.77452
3396,113.2,1,553.889551,434.007779,446.080217,437.793438,499.984884,435.900609,2.917109,4.629801,-1.689348,82.453291,0.613881,43.541546
3397,113.233333,1,555.048523,432.340926,445.901594,437.066592,500.475059,434.703759,2.978147,2.640463,-1.767611,11.380937,0.605268,7.0107
3398,113.266667,1,556.273737,431.812574,445.964994,436.649144,501.119366,434.230859,2.998718,2.167722,-1.807033,5.974471,0.595843,4.071097
3399,113.3,1,556.746817,431.882622,445.866022,436.363596,501.306419,434.123109,3.009667,2.014675,-1.821083,4.201564,0.594292,3.108119
3400,113.333333,1,556.896143,431.680706,445.790615,436.16788,501.343379,433.924293,3.014705,2.143482,-1.827355,3.738965,0.593675,2.941223
3401,113.366667,1,556.942482,431.750422,445.547724,436.360871,501.245103,434.055646,3.038648,2.161888,-1.825405,3.897386,0.606621,3.029637
3402,113.4,1,556.865892,431.895025,445.354986,436.46817,501.110439,434.181597,3.025436,2.311973,-1.825778,3.7697,0.599829,3.040837
3403,113.433333,1,556.158733,432.262369,444.983997,436.754426,500.571365,434.508398,3.000794,2.056301,-1.827354,4.016746,0.58672,3.036524
3404,113.466667,1,556.070004,432.625905,444.652748,437.004172,500.361376,434.815038,3.02822,2.213465,-1.827589,3.817713,0.600316,3.015589
3405,113.5,1,555.840988,432.659057,444.602337,437.31004,500.221663,434.984549,3.022495,1.838741,-1.810519,3.2617,0.605988,2.550221
3406,113.533333,1,555.718546,433.190532,444.410267,438.170128,500.064406,435.68033,3.047058,1.505516,-1.747952,3.320813,0.649553,2.413164
3407,113.566667,1,555.838251,434.003295,444.411707,438.136836,500.124979,436.070065,3.031383,1.355734,-1.733533,2.896882,0.648925,2.126308
3408,113.6,1,555.825071,434.55657,444.530668,439.034926,500.17787,436.795748,2.987695,1.290093,-1.710741,2.556205,0.638477,1.923149
3409,113.633333,1,556.702518,435.716518,445.118303,439.838676,500.910411,437.777597,2.991294,1.227806,-1.711525,2.572169,0.639884,1.899988
3410,113.666667,1,557.491865,436.545492,445.789289,440.407026,501.640577,438.476259,2.980445,1.15655,-1.707402,2.454634,0.636521,1.805592
3411,113.7,1,557.808619,437.098639,445.715065,440.972596,501.761842,439.035618,2.934787,1.556231,-1.759933,2.497028,0.587427,2.02663
3412,113.733333,1,558.105755,437.726008,445.82653,441.683886,501.966143,439.704947,2.913202,1.558652,-1.783635,2.353157,0.564784,1.955904
3413,113.766667,1,558.485956,438.4051,445.731144,442.194343,502.10855,440.299721,2.968141,1.898409,-1.771792,2.435328,0.598174,2.166868
3414,113.8,1,558.722858,439.079525,445.926886,443.202692,502.324872,441.141109,2.995516,1.727643,-1.787552,2.413544,0.603982,2.070593
3415,113.833333,1,558.716755,439.872504,445.709896,443.745689,502.213326,441.809097,2.982096,1.625161,-1.801455,2.369199,0.590321,1.99718
3416,113.866667,1,559.035177,440.723966,445.946455,444.132893,502.490816,442.42843,3.009332,1.703108,-1.748501,2.379768,0.630415,2.041438
3417,113.9,1,559.115314,441.50436,446.190786,444.95101,502.65305,443.227685,3.032198,1.269159,-1.740775,2.065978,0.645712,1.667569
3418,113.933333,1,559.444704,441.73649,446.347504,445.059875,502.896104,443.398182,3.003987,1.492284,-1.745254,2.199351,0.629366,1.845817
3419,113.966667,1,559.909925,442.084855,446.322002,445.077438,503.115964,443.581147,2.996558,1.621154,-1.743226,2.190124,0.626666,1.905639
3420,114.0,1,560.326872,441.942,446.617985,444.945914,503.472428,443.443957,3.011614,1.403124,-1.746472,2.24602,0.632571,1.824572
3421,114.033333,1,560.918894,441.864731,447.490072,444.6123,504.204483,443.238516,3.036989,1.349244,-1.729896,2.284781,0.653546,1.817012
3422,114.066667,1,562.148447,442.087269,448.677673,444.581369,505.41306,443.334319,2.98647,1.401993,-1.728073,2.710362,0.629199,2.056178
3423,114.1,1,563.475151,442.151202,449.892263,444.639369,506.683707,443.395286,2.968676,1.455176,-1.728288,2.90316,0.620194,2.179168
3424,114.133333,1,564.330349,442.298723,451.197119,445.20362,507.763734,443.751172,2.949852,1.514726,-1.703202,2.798791,0.623325,2.156759
3425,114.166667,1,564.761457,442.887104,451.470394,445.549775,508.115926,444.218439,2.888195,1.716763,-1.720617,3.258402,0.583789,2.487583
3426,114.2,1,565.257788,444.104944,451.482153,446.940887,508.36997,445.522916,2.932099,1.868585,-1.750351,3.963894,0.590874,2.91624
3427,114.233333,1,565.665588,445.214607,451.838121,448.178029,508.751855,446.696318,2.942205,1.836102,-1.751918,4.082467,0.595144,2.959285
3428,114.266667,1,565.876207,446.422534,452.369843,449.251717,509.123025,447.837126,2.949106,1.889877,-1.76003,3.822415,0.594538,2.856146
3429,114.3,1,565.778141,447.723781,452.849731,451.004509,509.313936,449.364145,2.970371,1.718834,-1.765121,3.511201,0.602625,2.615018
3430,114.333333,1,565.817671,449.371966,453.039341,452.259686,509.428506,450.815826,2.962494,1.316022,-1.803022,3.466941,0.579736,2.391482
3431,114.366667,1,566.241922,450.921725,453.716469,453.5263,509.979196,452.224013,2.917794,1.728098,-1.804946,3.796244,0.556424,2.762171
3432,114.4,1,566.734095,453.565922,454.183149,455.266775,510.458622,454.416348,2.924916,1.952813,-1.819221,5.484202,0.552848,3.718508
3433,114.433333,1,566.64259,454.159441,454.560251,456.011002,510.60142,455.085222,2.912138,2.146392,-1.790338,5.372376,0.5609,3.759384
3434,114.466667,1,566.439781,455.447738,454.803228,457.187397,510.621505,456.317568,2.911051,3.509712,-1.728256,8.173133,0.591398,5.841422
3435,114.5,1,565.844049,455.97005,455.591717,458.213428,510.717883,457.091739,2.888957,4.150619,-1.677244,11.669283,0.605856,7.909951
3436,114.533333,1,566.005039,455.485364,455.744495,457.729011,510.874767,456.607187,2.880806,3.685399,-1.72337,7.533764,0.578718,5.609582
3437,114.566667,1,566.665535,454.65507,456.209354,457.275406,511.437445,455.965238,2.907552,2.782531,-1.738623,6.262452,0.584464,4.522492
3438,114.6,1,566.556215,455.139477,455.94882,457.317141,511.252518,456.228309,2.896912,2.964096,-1.739259,6.380655,0.578826,4.672376
3439,114.633333,1,568.196526,454.046992,455.688381,456.143954,511.942453,455.095473,2.943324,2.991523,-1.753507,5.313362,0.594908,4.152442
3440,114.666667,1,568.617687,453.706877,455.324507,455.629957,511.971097,454.668417,2.931599,2.56453,-1.740848,4.117658,0.595375,3.341094
3441,114.7,1,569.378195,453.496828,455.177975,455.292513,512.278085,454.394671,2.978839,1.83415,-1.742774,3.994953,0.618032,2.914551
3442,114.733333,1,570.2281,453.295866,455.116806,454.730977,512.672453,454.013422,2.997269,1.797224,-1.747965,4.305853,0.624652,3.051539
3443,114.766667,1,570.063753,452.839279,455.206909,454.189857,512.635331,453.514568,2.987311,1.873089,-1.755757,4.41257,0.615777,3.14283
3444,114.8,1,570.388994,452.42373,455.236301,454.028345,512.812648,453.226038,2.994341,1.680881,-1.741511,4.114401,0.626415,2.897641
3445,114.833333,1,570.236645,452.074624,455.336285,453.865288,512.786465,452.969956,2.954049,1.392112,-1.780194,3.980915,0.586928,2.686514
3446,114.866667,1,570.399504,451.92338,455.44363,453.58916,512.921567,452.75627,2.954972,1.263512,-1.789061,3.971177,0.582956,2.617345
3447,114.9,1,570.351305,451.604304,455.283279,453.325918,512.817292,452.465111,2.95343,1.339585,-1.796013,3.812064,0.578709,2.575825
3448,114.933333,1,570.359707,451.34119,455.649519,453.025768,513.004613,452.183479,2.897746,1.183232,-1.803447,3.575558,0.54715,2.379395
3449,114.966667,1,570.925417,451.605088,455.742369,452.9335,513.333893,452.269294,2.904126,1.3823,-1.811102,3.60806,0.546512,2.49518
3450,115.0,1,571.597338,451.357005,456.263905,452.688153,513.930621,452.022579,2.881178,1.300009,-1.774287,3.582951,0.553446,2.44148
3451,115.033333,1,571.855869,451.225834,456.205425,452.340066,514.030647,451.78295,2.869629,1.323439,-1.815567,3.466581,0.527031,2.39501
3452,115.066667,1,573.176174,450.741706,457.727966,451.909808,515.45207,451.325757,2.848958,1.233579,-1.81931,3.547717,0.514824,2.390648
3453,115.1,1,573.094206,450.421697,458.446112,451.158661,515.770159,450.790179,2.85028,1.367845,-1.817058,3.014823,0.516611,2.191334
3454,115.133333,1,573.24522,449.549593,458.525925,450.383438,515.885572,449.966515,2.888372,1.419292,-1.845468,3.145817,0.521452,2.282554
3455,115.166667,1,573.283367,448.981512,458.695402,449.649199,515.989385,449.315355,2.864419,1.530393,-1.858559,3.118986,0.50293,2.32469
3456,115.2,1,573.70924,448.53663,459.036331,448.806278,516.372786,448.671454,2.85981,1.774391,-1.854659,3.176071,0.502576,2.475231
3457,115.233333,1,573.860102,448.72358,459.678488,448.671008,516.769295,448.697294,2.929995,1.908491,-1.86475,2.767496,0.532622,2.337994
3458,115.266667,1,574.267893,448.167086,459.737186,448.207115,517.00254,448.1871,2.933188,1.809029,-1.880203,2.687816,0.526492,2.248423
3459,115.3,1,575.365467,448.564031,460.745916,448.464811,518.055692,448.514421,2.933864,1.815858,-1.899444,2.833788,0.51721,2.324823
3460,115.333333,1,575.505514,449.508984,461.105337,449.235334,518.305426,449.372159,2.946646,2.221921,-1.878485,2.71067,0.534081,2.466295
3461,115.366667,1,576.665373,450.319719,461.38464,450.346091,519.025006,450.332905,2.955529,2.205697,-1.88935,3.15033,0.533089,2.678014
3462,115.4,1,576.247673,451.257677,461.210318,451.172844,518.728995,451.215261,2.93965,2.035675,-1.877519,3.122791,0.531066,2.579233
3463,115.433333,1,576.478233,452.167493,460.962601,452.339391,518.720417,452.253442,2.953599,2.347771,-1.871448,3.514992,0.541076,2.931381
3464,115.466667,1,575.477648,452.558355,460.253172,452.666137,517.86541,452.612246,2.953159,1.476056,-1.856485,3.201902,0.548337,2.338979
3465,115.5,1,575.131826,453.015425,460.038052,453.06673,517.584939,453.041078,2.932924,1.399274,-1.799193,3.134094,0.566866,2.266684
3466,115.533333,1,574.518623,453.073211,459.308138,453.21879,516.913381,453.146001,2.942705,1.230211,-1.758244,3.262646,0.592231,2.246429
3467,115.566667,1,574.205542,452.815633,458.325272,453.250269,516.265407,453.032951,2.879506,1.355131,-1.709406,3.392712,0.58505,2.373922
3468,115.6,1,573.894396,451.813495,457.968512,452.72477,515.931454,452.269133,2.878388,1.180171,-1.738539,2.961066,0.569924,2.070618
3469,115.633333,1,573.173285,450.91267,457.282,451.808764,515.227642,451.360717,2.904338,1.115371,-1.730787,2.96048,0.586775,2.037926
3470,115.666667,1,573.177538,449.711941,456.891727,450.488291,515.034633,450.100116,2.927411,1.045992,-1.720941,3.028283,0.603235,2.037138
3471,115.7,1,572.73571,447.770451,456.314745,448.677145,514.525228,448.223798,2.91893,1.124007,-1.776771,2.806469,0.57108,1.965238
3472,115.733333,1,571.910324,444.961417,456.989508,446.119981,514.449916,445.540699,2.933519,1.21781,-1.800905,3.329761,0.566307,2.273786
3473,115.766667,1,570.752497,442.540283,456.459465,443.538247,513.605981,443.039265,2.889162,1.485798,-1.837589,2.867329,0.525787,2.176564
3474,115.8,1,568.88998,441.682663,457.371092,443.352392,513.130536,442.517527,2.860013,3.986707,-1.781364,6.372513,0.539324,5.17961
3475,115.833333,1,568.550739,441.038225,459.296103,442.752607,513.923421,441.895416,2.819822,10.517918,-1.712371,32.791501,0.553726,21.654709
3476,115.866667,1,569.613304,437.432896,458.564339,439.690737,514.088821,438.561816,2.812954,7.575375,-1.77516,17.689136,0.518897,12.632255
3477,115.9,1,570.16119,434.481994,456.869354,436.307076,513.515272,435.394535,2.838086,2.936872,-1.818499,6.530824,0.509793,4.733848
3478,115.933333,1,569.781599,431.928359,455.662785,433.183719,512.722192,432.556039,2.790649,1.925837,-1.899636,3.375407,0.445506,2.650622
3479,115.966667,1,569.11068,429.417812,456.377563,430.555347,512.744122,429.986579,2.797067,1.662194,-1.832801,2.531853,0.482133,2.097024
3480,116.0,1,568.530254,428.151745,456.178846,428.829045,512.35455,428.490395,2.786067,1.779947,-1.762463,2.094589,0.511802,1.937268
3481,116.033333,1,567.971191,426.404157,456.106148,427.371286,512.03867,426.887721,2.827409,1.724508,-1.72766,1.923086,0.549875,1.823797
3482,116.066667,1,567.07119,425.008003,455.654078,425.657022,511.362634,425.332512,2.792148,2.078338,-1.753208,1.950267,0.51947,2.014302
3483,116.1,1,565.931959,424.103787,455.223322,424.83882,510.577641,424.471303,2.783481,2.091416,-1.768854,2.208882,0.507313,2.150149
3484,116.133333,1,565.403881,422.511488,454.293404,423.858268,509.848642,423.184878,2.773521,2.229555,-1.830507,2.16199,0.471507,2.195773
3485,116.166667,1,564.898272,422.283007,454.399433,423.842475,509.648852,423.062741,2.765224,1.71539,-1.739091,1.791846,0.513067,1.753618
3486,116.2,1,564.22183,421.858392,454.526577,423.745272,509.374204,422.801832,2.804559,1.678007,-1.780594,1.846812,0.511982,1.76241
3487,116.233333,1,563.815203,421.90841,453.925352,423.801309,508.870277,422.854859,2.817076,1.565543,-1.807247,1.749916,0.504914,1.657729
3488,116.266667,1,562.917929,422.004776,453.654852,423.903136,508.28639,422.953956,2.844679,1.589579,-1.779359,1.849575,0.53266,1.719577
3489,116.3,1,562.413759,421.835335,453.067045,424.155511,507.740402,422.995423,2.80393,1.501108,-1.785788,1.73795,0.509071,1.619529
3490,116.333333,1,562.078552,421.518706,452.729568,423.995082,507.40406,422.756894,2.815071,1.621891,-1.768244,1.919995,0.523413,1.770943
3491,116.366667,1,562.088327,421.62593,452.65789,423.995554,507.373109,422.810742,2.822107,1.569386,-1.770005,1.949274,0.526051,1.75933
3492,116.4,1,562.253265,421.874346,452.982063,424.150779,507.617664,423.012562,2.846575,1.717964,-1.747238,1.930104,0.549668,1.824034
3493,116.433333,1,562.491398,422.481866,452.939129,424.505872,507.715263,423.493869,2.848177,1.578119,-1.775807,2.023364,0.536185,1.800742
3494,116.466667,1,562.776823,422.660147,453.354692,424.662502,508.065758,423.661324,2.865128,1.772495,-1.75132,1.841011,0.556904,1.806753
3495,116.5,1,563.101101,423.054678,453.508158,425.003743,508.304629,424.029211,2.849008,1.637069,-1.753433,2.037848,0.547787,1.837458
3496,116.533333,1,563.315582,423.378099,453.809328,425.11822,508.562455,424.24816,2.861701,1.896353,-1.769283,1.867742,0.546209,1.882047
3497,116.566667,1,563.652487,423.973786,454.188824,425.732886,508.920655,424.853336,2.847569,1.821232,-1.762238,1.922622,0.542665,1.871927
3498,116.6,1,563.575239,424.109076,453.935757,425.850109,508.755498,424.979593,2.831061,1.778039,-1.770036,1.922558,0.530513,1.850298
3499,116.633333,1,563.34403,424.154609,453.698759,425.98997,508.521395,425.07229,2.844711,1.793968,-1.77211,1.893593,0.5363,1.84378
3500,116.666667,1,563.142166,424.371214,453.46283,426.219471,508.302498,425.295342,2.856057,1.720467,-1.787939,1.804784,0.534059,1.762626
3501,116.7,1,562.639961,424.87165,452.769327,426.641639,507.704644,425.756645,2.839668,1.732447,-1.823862,1.789574,0.507903,1.761011
3502,116.733333,1,562.009172,425.19109,451.914902,427.368851,506.962037,426.27997,2.833787,1.70536,-1.799278,1.979848,0.517255,1.842604
3503,116.766667,1,561.501179,425.733916,450.754662,428.056719,506.12792,426.895317,2.819615,1.536275,-1.789031,1.857612,0.515292,1.696943
3504,116.8,1,560.653009,425.981891,449.983692,428.562713,505.318351,427.272302,2.850768,1.40438,-1.794254,1.875282,0.528257,1.639831
3505,116.833333,1,560.176449,426.248642,449.482746,429.042013,504.829597,427.645327,2.872619,1.376544,-1.806257,1.848912,0.533181,1.612728
3506,116.866667,1,560.266924,426.539265,448.751945,429.673287,504.509435,428.106276,2.912376,1.474514,-1.830773,1.892852,0.540802,1.683683
3507,116.9,1,559.802809,426.854328,448.613758,430.14101,504.208283,428.497669,2.948874,1.426374,-1.816248,1.89908,0.566313,1.662727
3508,116.933333,1,559.756041,427.14318,448.404617,430.193067,504.080329,428.668123,2.927889,1.419839,-1.811336,1.858569,0.558276,1.639204
3509,116.966667,1,559.801521,427.286464,448.315468,430.39391,504.058495,428.840187,2.941355,1.452243,-1.807636,1.943472,0.56686,1.697858
3510,117.0,1,559.778385,427.14995,448.116474,430.36373,503.94743,428.75684,2.911956,1.490039,-1.804523,1.879849,0.553716,1.684944
3511,117.033333,1,559.827681,427.270821,448.662386,430.493217,504.245033,428.882019,2.928212,1.700125,-1.802847,1.965959,0.562682,1.833042
3512,117.066667,1,559.848194,426.931425,448.395586,429.936358,504.12189,428.433892,2.9178,1.625687,-1.807569,1.920868,0.555116,1.773278
3513,117.1,1,559.846735,426.353259,447.889853,429.524016,503.868294,427.938638,2.893975,1.514198,-1.807062,1.938667,0.543457,1.726433
3514,117.133333,1,559.702082,425.530057,448.03051,428.855084,503.866296,427.192571,2.844555,1.62121,-1.819665,1.885655,0.512445,1.753432
3515,117.166667,1,559.911823,425.439194,448.392639,428.379904,504.152231,426.909549,2.855555,1.60687,-1.83855,1.881232,0.508503,1.744051
3516,117.2,1,559.505587,425.044888,448.279152,427.972852,503.892369,426.50887,2.860852,1.540836,-1.866063,1.903148,0.497394,1.721992
3517,117.233333,1,559.471045,424.449534,448.525095,427.542808,503.99807,425.996171,2.898864,1.335703,-1.87791,2.050299,0.510477,1.693001
3518,117.266667,1,559.400148,424.328181,448.628035,427.534161,504.014091,425.931171,2.905918,1.244675,-1.88085,2.22827,0.512534,1.736473
3519,117.3,1,559.812431,424.652492,448.492241,427.108569,504.152336,425.88053,2.900456,1.2191,-1.945313,2.042921,0.477571,1.63101
3520,117.333333,1,560.822744,424.450586,448.775406,426.638367,504.799075,425.544477,2.883588,1.42847,-1.946107,1.796331,0.468741,1.6124
3521,117.366667,1,561.385803,424.442432,449.338703,426.509653,505.362253,425.476043,2.879248,1.720375,-1.947739,1.789653,0.465755,1.755014
3522,117.4,1,563.030968,425.013818,450.323505,426.616223,506.677237,425.81502,2.921325,1.654081,-1.952164,1.802902,0.48458,1.728492
3523,117.433333,1,564.273605,426.03561,452.141981,427.203122,508.207793,426.619366,2.897621,1.843582,-1.913815,1.70943,0.491903,1.776506
3524,117.466667,1,565.776873,426.625428,454.375086,427.683796,510.075979,427.154612,2.887543,1.842204,-1.872739,1.867632,0.507402,1.854918
3525,117.5,1,567.517939,427.32645,456.230259,428.155124,511.874099,427.740787,2.861982,1.817253,-1.86884,1.883068,0.496571,1.85016
3526,117.533333,1,569.636497,427.688098,458.727579,429.207516,514.182038,428.447807,2.826828,2.292522,-1.88852,1.918118,0.469154,2.10532
3527,117.566667,1,572.584505,430.068108,460.721197,430.746803,516.652851,430.407456,2.854577,2.089194,-1.882704,2.186288,0.485937,2.137741
3528,117.6,1,574.97736,432.697949,463.424788,432.579589,519.201074,432.638769,2.861266,2.094924,-1.900973,2.238626,0.480146,2.166775
3529,117.633333,1,576.887255,434.953623,464.942074,434.648752,520.914664,434.801188,2.900257,2.126186,-1.924491,2.351235,0.487883,2.23871
3530,117.666667,1,578.198729,436.508446,466.090803,435.921396,522.144766,436.214921,2.860879,2.361297,-1.930156,2.411108,0.465362,2.386202
3531,117.7,1,578.916588,437.631701,467.016792,436.246812,522.96669,436.939257,2.851095,2.421326,-1.93696,2.629457,0.457068,2.525391
3532,117.733333,1,579.255219,438.228922,467.632656,436.646944,523.443937,437.437933,2.847171,2.288526,-1.928372,2.656358,0.4594,2.472442
3533,117.766667,1,579.795389,438.313111,467.323351,436.556565,523.55937,437.434838,2.83918,2.369752,-1.946024,2.868204,0.446578,2.618978
3534,117.8,1,580.167494,437.987233,467.828169,436.205013,523.997831,437.096123,2.811442,2.112933,-1.948669,2.662147,0.431387,2.38754
3535,117.833333,1,580.097742,437.164943,468.090115,435.450443,524.093928,436.307693,2.774447,2.087305,-1.964207,2.669106,0.40512,2.378206
3536,117.866667,1,579.649544,435.975931,469.0273,434.712192,524.338422,435.344061,2.777632,1.630202,-1.954354,1.92979,0.411639,1.779996
3537,117.9,1,579.115257,434.41408,468.80805,433.862447,523.961654,434.138263,2.785583,1.629621,-1.919008,1.874372,0.433288,1.751996
3538,117.933333,1,578.282251,433.370014,467.485285,432.913556,522.883768,433.141785,2.814621,1.671315,-1.955059,1.803054,0.429781,1.737184
3539,117.966667,1,577.215872,432.437249,467.153444,432.403486,522.184658,432.420368,2.813895,1.568984,-1.923137,1.676466,0.445379,1.622725
3540,118.0,1,576.486979,431.61968,466.401405,431.639078,521.444192,431.629379,2.818499,1.533903,-1.892034,1.83697,0.463233,1.685436
3541,118.033333,1,575.670137,430.669717,465.652666,430.947583,520.661402,430.80865,2.783937,1.503983,-1.855846,1.788645,0.464046,1.646314
3542,118.066667,1,574.911461,430.148392,464.735374,430.652465,519.823418,430.400428,2.783428,1.413056,-1.861967,1.702309,0.460731,1.557682
3543,118.1,1,574.487324,429.619567,464.253283,430.465912,519.370303,430.04274,2.764826,1.405999,-1.857481,1.730074,0.453673,1.568037
3544,118.133333,1,573.729086,429.980185,463.985052,430.319163,518.857069,430.149674,2.775562,1.297689,-1.874716,1.744828,0.450423,1.521259
3545,118.166667,1,573.167744,430.091282,463.555603,430.64828,518.361673,430.369781,2.761654,1.236062,-1.86712,1.882612,0.447267,1.559337
3546,118.2,1,572.890053,430.478979,463.233767,431.290144,518.06191,430.884562,2.750821,1.163405,-1.867944,1.824195,0.441439,1.4938
3547,118.233333,1,572.885733,431.096724,463.305035,431.998247,518.095384,431.547486,2.756682,1.079375,-1.858272,1.978604,0.449205,1.528989
3548,118.266667,1,572.877893,432.083091,463.648682,432.587475,518.263288,432.335283,2.752284,1.229522,-1.866698,2.12573,0.442793,1.677626
3549,118.3,1,572.743855,432.870694,463.886957,433.919084,518.315406,433.394889,2.747446,1.138025,-1.900681,2.431004,0.423382,1.784514
3550,118.333333,1,573.266468,436.292292,465.700502,436.784048,519.483485,436.53817,2.742749,3.663883,-1.868406,7.466118,0.437171,5.565001
3551,118.366667,1,572.447071,439.585819,471.372557,439.563407,521.909814,439.574613,2.695083,59.328261,-1.734936,33.763965,0.480073,46.546113
3552,118.4,1,577.604218,440.487739,472.572908,439.391692,525.088563,439.939715,2.783344,43.43302,-1.745857,66.832822,0.518744,55.132921
3553,118.433333,1,582.121782,440.500227,474.835443,439.179229,528.478613,439.839728,2.870549,10.451303,-1.823264,8.623063,0.523642,9.537183
3554,118.466667,1,583.28373,440.308557,477.079124,438.440398,530.181427,439.374477,2.823212,3.889132,-1.812482,3.236323,0.505365,3.562727
3555,118.5,1,584.600849,440.02391,478.511171,437.958083,531.55601,438.990996,2.789663,1.940839,-1.743377,2.541887,0.523143,2.241363
3556,118.533333,1,585.910521,440.026088,479.843578,437.411953,532.877049,438.71902,2.76886,1.539881,-1.783493,2.38912,0.492684,1.9645
3557,118.566667,1,587.203178,439.631824,481.05094,436.487814,534.127059,438.059819,2.717962,1.483618,-1.746462,2.115142,0.48575,1.79938
3558,118.6,1,588.148708,439.353626,481.808043,435.512831,534.978375,437.433228,2.661348,1.330831,-1.724677,1.761068,0.468336,1.545949
3559,118.633333,1,590.129128,439.129715,483.740826,434.9259,536.934977,437.027807,2.643276,1.689979,-1.67194,1.792723,0.485668,1.741351
3560,118.666667,1,591.803102,437.877638,486.007996,433.188397,538.905549,435.533018,2.723395,1.599274,-1.686846,1.682482,0.518275,1.640878
3561,118.7,1,592.498951,436.362501,488.264523,431.120102,540.381737,433.741302,2.787402,1.281997,-1.704784,1.637967,0.541309,1.459982
3562,118.733333,1,593.548326,434.72379,490.521431,429.645799,542.034879,432.184795,2.727914,1.240762,-1.723498,1.304691,0.502208,1.272726
3563,118.766667,1,593.864708,434.552729,490.542603,429.757615,542.203655,432.155172,2.666802,1.190414,-1.739652,1.120089,0.463575,1.155251
3564,118.8,1,595.191631,434.023583,491.591034,429.758463,543.391333,431.891023,2.709716,1.387197,-1.8002,1.267472,0.454758,1.327334
3565,118.833333,1,595.504971,435.038338,490.598841,430.406002,543.051906,432.72217,2.712075,1.769993,-1.89401,1.292971,0.409033,1.531482
3566,118.866667,1,594.394436,435.748168,488.113832,431.698794,541.254134,433.723481,2.704533,2.467992,-1.934515,1.573923,0.385009,2.020958
3567,118.9,1,589.130831,435.432386,481.192951,433.286952,535.161891,434.359669,2.582089,2.500255,-2.167359,2.775174,0.207365,2.637714
3568,118.933333,1,584.766016,434.932787,476.162615,434.209063,530.464315,434.570925,2.537597,1.840126,-2.176923,2.783167,0.180337,2.311647
3569,118.966667,1,583.155022,435.144403,474.98333,434.930137,529.069176,435.03727,2.559192,1.870223,-2.112566,2.727464,0.223313,2.298843
3570,119.0,1,581.6609,435.991756,473.686743,435.9955,527.673821,435.993628,2.570505,1.624404,-2.055761,2.265063,0.257372,1.944734
3571,119.033333,1,579.94009,437.371023,470.992107,437.400334,525.466099,437.385678,2.613037,1.44333,-2.025424,1.868445,0.293806,1.655888
3572,119.066667,1,577.392759,437.400023,467.342081,438.32708,522.36742,437.863551,2.650084,1.324297,-1.960034,1.761315,0.345025,1.542806
3573,119.1,1,575.622778,436.68854,465.121078,438.286793,520.371928,437.487667,2.647533,1.265653,-1.956941,1.887181,0.345296,1.576417
3574,119.133333,1,574.055128,435.49648,463.485556,437.684079,518.770342,436.59028,2.635603,1.156936,-2.02117,2.210388,0.307217,1.683662
3575,119.166667,1,571.504908,434.223032,461.472015,436.817136,516.488461,435.520084,2.648082,1.390082,-2.035628,2.035219,0.306227,1.712651
3576,119.2,1,568.481655,433.001093,459.260845,435.428245,513.87125,434.214669,2.706414,1.366947,-1.990615,1.739907,0.357899,1.553427
3577,119.233333,1,565.971813,431.540544,456.599712,434.223247,511.285763,432.881895,2.737643,1.426584,-1.9302,1.650508,0.403721,1.538546
3578,119.266667,1,563.731327,430.351006,453.909893,433.518984,508.82061,431.934995,2.759723,1.346144,-1.928348,1.470332,0.415688,1.408238
3579,119.3,1,561.677914,429.396182,451.443348,432.788168,506.560631,431.092175,2.802121,1.391212,-1.895281,1.616647,0.45342,1.503929
3580,119.333333,1,559.626989,428.217351,449.237127,432.631055,504.432058,430.424203,2.790678,1.472548,-1.897048,1.630107,0.446815,1.551328
3581,119.366667,1,557.711792,427.132838,447.109985,431.64854,502.410889,429.390689,2.809537,1.448918,-1.931712,1.516522,0.438912,1.48272
3582,119.4,1,555.808706,426.078054,445.623856,430.75765,500.716281,428.417852,2.808806,1.213143,-1.909608,1.463648,0.449599,1.338396
3583,119.433333,1,554.167099,425.09702,443.723764,429.519821,498.945432,427.308421,2.775996,1.267524,-1.882385,1.717228,0.446806,1.492376
3584,119.466667,1,551.854382,423.501288,441.380692,428.158021,496.617537,425.829654,2.74766,1.363426,-1.90604,1.799225,0.42081,1.581325
3585,119.5,1,549.094629,422.140796,438.6625,427.377316,493.878565,424.759056,2.779952,1.732547,-1.951326,1.708682,0.414313,1.720614
3586,119.533333,1,547.235651,421.327089,436.946831,426.716409,492.091241,424.021749,2.757012,1.867812,-1.897789,1.912243,0.429612,1.890027
3587,119.566667,1,545.425911,420.509444,435.470629,426.555079,490.44827,423.532262,2.774287,1.677828,-1.882073,1.863045,0.446107,1.770437
3588,119.6,1,543.807316,419.753845,434.410925,426.000988,489.10912,422.877417,2.771614,1.657997,-1.87349,1.79536,0.449062,1.726679
3589,119.633333,1,542.666216,419.044476,433.434181,425.352484,488.050199,422.19848,2.792066,1.419073,-1.827402,1.668898,0.482332,1.543985
3590,119.666667,1,541.23085,419.007064,432.664614,425.151265,486.947732,422.079164,2.805436,1.53356,-1.810099,1.76458,0.497668,1.64907
3591,119.7,1,540.958443,418.871602,432.625666,425.126148,486.792054,421.998875,2.784965,1.460539,-1.807089,1.676815,0.488938,1.568677
3592,119.733333,1,540.715342,419.046514,432.49692,425.372601,486.606131,422.209557,2.801323,1.41161,-1.803829,1.721419,0.498747,1.566515
3593,119.766667,1,541.055164,419.404997,432.181149,425.592005,486.618156,422.498501,2.797303,1.39697,-1.832609,1.614621,0.482347,1.505795
3594,119.8,1,540.883875,419.736024,432.143478,426.116098,486.513677,422.926061,2.803891,1.335082,-1.834087,1.721166,0.484902,1.528124
3595,119.833333,1,540.610514,420.582293,432.138166,426.510973,486.37434,423.546633,2.817174,1.263956,-1.84079,1.849944,0.488192,1.55695
3596,119.866667,1,540.228462,421.655037,431.74098,427.359366,485.984721,424.507202,2.821622,1.339315,-1.816324,1.899514,0.502649,1.619414
3597,119.9,1,539.845257,422.613477,431.822176,428.21247,485.833716,425.412973,2.878509,1.39487,-1.803152,1.838409,0.537678,1.616639
3598,119.933333,1,540.217552,423.58656,432.743368,428.765874,486.48046,426.176217,2.911304,1.349231,-1.808034,1.808232,0.551635,1.578732
3599,119.966667,1,540.984306,424.772902,434.164858,429.97172,487.574582,427.372311,2.928645,1.408601,-1.764829,2.036697,0.581908,1.722649
3600,120.0,1,541.302729,425.137875,434.473982,430.46765,487.888355,427.802762,2.89116,1.408429,-1.768248,1.985536,0.561456,1.696983
3601,120.033333,1,541.910677,425.795563,434.755411,430.916458,488.333044,428.356011,2.922501,1.385766,-1.765509,1.948066,0.578496,1.666916
3602,120.066667,1,542.28878,426.241786,435.427637,431.149328,488.858209,428.695557,2.883125,1.454062,-1.777856,1.771828,0.552635,1.612945
3603,120.1,1,542.678509,426.279273,435.795345,431.437773,489.236927,428.858523,2.908081,1.439573,-1.766918,1.695225,0.570582,1.567399
3604,120.133333,1,542.968807,426.207218,435.741072,431.502135,489.354939,428.854676,2.866,1.441158,-1.776473,1.732799,0.544763,1.586979
3605,120.166667,1,543.114595,426.121141,436.102057,431.007074,489.608326,428.564107,2.876783,1.424853,-1.779151,1.686062,0.548816,1.555458
3606,120.2,1,543.462238,425.483065,436.002979,430.291879,489.732609,427.887472,2.845115,1.478822,-1.802592,1.748429,0.521262,1.613626
3607,120.233333,1,543.915634,424.667362,436.285105,429.375175,490.100369,427.021269,2.842993,1.474481,-1.820285,1.851448,0.511354,1.662964
3608,120.266667,1,544.34269,423.592526,436.452446,428.272101,490.397568,425.932313,2.809626,1.391023,-1.834291,1.887888,0.487668,1.639456
3609,120.3,1,544.015741,422.263588,436.119699,427.136754,490.06772,424.700171,2.772092,1.581911,-1.872877,1.764855,0.449607,1.673383
3610,120.333333,1,544.978848,421.295922,436.298933,426.30513,490.63889,423.800526,2.753259,1.60502,-1.89933,1.763449,0.426965,1.684235
3611,120.366667,1,545.838985,420.916786,436.419764,425.479696,491.129375,423.198241,2.795325,1.640159,-1.928012,1.771508,0.433657,1.705834
3612,120.4,1,546.141577,421.07082,436.896696,425.233415,491.519136,423.152118,2.799094,1.626126,-1.932179,1.671336,0.433457,1.648731
3613,120.433333,1,546.430292,421.15473,437.326145,425.302166,491.878219,423.228448,2.795798,1.624886,-1.939151,1.650254,0.428324,1.63757
3614,120.466667,1,547.070799,421.426921,437.735662,425.299859,492.403231,423.36339,2.801395,1.658767,-1.915931,1.635756,0.442732,1.647262
3615,120.5,1,547.172594,421.421653,438.182249,425.265913,492.677422,423.343783,2.805091,1.533008,-1.918886,1.695521,0.443102,1.614264
3616,120.533333,1,548.000078,421.545507,438.745546,425.123144,493.372812,423.334326,2.820864,1.556595,-1.906071,1.686498,0.457396,1.621546
3617,120.566667,1,548.227339,421.469128,439.30336,424.628105,493.765349,423.048617,2.816816,1.548785,-1.894379,1.803355,0.461219,1.67607
3618,120.6,1,548.538713,421.290847,439.878902,424.135845,494.208808,422.713346,2.831233,1.665108,-1.872572,1.751037,0.47933,1.708073
3619,120.633333,1,548.350353,421.228169,440.332355,423.400962,494.341354,422.314566,2.828576,1.686133,-1.845828,1.728166,0.491374,1.70715
3620,120.666667,1,549.316254,421.51685,441.183958,423.122002,495.250106,422.319426,2.826574,1.615428,-1.849245,1.785206,0.488665,1.700317
3621,120.7,1,550.132761,421.671324,441.932411,422.601417,496.032586,422.136371,2.847221,1.703639,-1.834726,1.76242,0.506247,1.73303
3622,120.733333,1,550.508499,421.934963,442.368784,422.801059,496.438642,422.368011,2.846582,1.547876,-1.84613,1.770722,0.500226,1.659299
3623,120.766667,1,551.055965,422.475954,442.307625,422.716656,496.681795,422.596305,2.898513,1.711993,-1.828678,1.685757,0.534917,1.698875
3624,120.8,1,551.232891,422.648603,442.559099,423.397787,496.895995,423.023195,2.855591,1.583275,-1.85711,1.782088,0.499241,1.682682
3625,120.833333,1,551.387329,423.200129,442.155485,423.662027,496.771407,423.431078,2.896831,1.743507,-1.85053,1.672962,0.523151,1.708235
3626,120.866667,1,551.254635,423.863579,442.160215,424.495046,496.707425,424.179313,2.88905,1.635595,-1.877755,1.660859,0.505647,1.648227
3627,120.9,1,551.528654,424.769694,441.765347,425.590289,496.647,425.179991,2.910446,1.533432,-1.891011,1.51297,0.509718,1.523201
3628,120.933333,1,551.605215,425.423627,441.871824,425.883948,496.73852,425.653787,2.914534,1.59908,-1.877077,1.426302,0.518729,1.512691
3629,120.966667,1,551.721535,425.95317,441.676989,426.46014,496.699262,426.206655,2.926783,1.627958,-1.862115,1.432632,0.532334,1.530295
3630,121.0,1,551.628466,426.262633,441.770191,426.7996,496.699328,426.531116,2.92968,1.699563,-1.848701,1.359916,0.540489,1.52974
3631,121.033333,1,551.464376,426.651016,441.574135,426.953634,496.519256,426.802325,2.942428,1.703943,-1.857032,1.345137,0.542698,1.52454
3632,121.066667,1,551.442642,426.600752,441.242886,427.818925,496.342764,427.209839,2.974564,1.657345,-1.852125,1.401685,0.561219,1.529515
3633,121.1,1,550.88522,426.802776,440.646343,428.306648,495.765781,427.554712,2.966221,1.599935,-1.851678,1.340198,0.557271,1.470066
3634,121.133333,1,550.505848,426.597093,440.012465,428.644649,495.259156,427.620871,2.973489,1.675219,-1.834469,1.274337,0.56951,1.474778
3635,121.166667,1,549.80154,426.109886,439.724588,428.31183,494.763064,427.210858,2.986679,1.798951,-1.7975,1.276871,0.594589,1.537911
3636,121.2,1,549.312248,425.71014,439.419308,427.86021,494.365778,426.785175,2.981853,1.806524,-1.827136,1.39234,0.577359,1.599432
3637,121.233333,1,549.193411,424.816021,439.605713,427.122678,494.399562,425.969349,2.969376,1.826092,-1.834112,1.380076,0.567632,1.603084
3638,121.266667,1,549.484844,423.893298,441.055832,425.8382,495.270338,424.865749,2.896448,1.765127,-1.831075,1.615441,0.532686,1.690284
3639,121.3,1,550.284853,422.58321,442.287941,424.941967,496.286397,423.762589,2.886494,1.751702,-1.813349,1.755728,0.536572,1.753715
3640,121.333333,1,549.951334,420.818982,442.522955,423.575006,496.237144,422.196994,2.831451,1.698758,-1.832824,1.926827,0.499313,1.812792
3641,121.366667,1,549.334412,419.140069,442.70957,422.353978,496.021991,420.747024,2.826198,1.538116,-1.784977,1.783762,0.520611,1.660939
3642,121.4,1,549.024258,417.420108,442.697096,420.876338,495.860677,419.148223,2.838756,1.376602,-1.775469,1.871668,0.531644,1.624135
3643,121.433333,1,548.652525,416.081783,441.893129,419.640441,495.272827,417.861112,2.838986,1.260549,-1.7667,1.934658,0.536143,1.597603
3644,121.466667,1,547.79563,415.210655,441.202259,419.041922,494.498944,417.126288,2.88446,1.407691,-1.754927,1.885993,0.564766,1.646842
3645,121.5,1,546.804171,415.186912,440.349445,418.9939,493.576808,417.090406,2.926325,1.368573,-1.771866,1.783651,0.577229,1.576112
3646,121.533333,1,546.258984,415.865157,439.747114,419.56623,493.003049,417.715693,2.925754,1.501014,-1.762592,1.802541,0.581581,1.651778
3647,121.566667,1,545.660772,416.843433,438.473797,421.135129,492.067285,418.989281,2.94735,1.597249,-1.794274,1.714094,0.576538,1.655671
3648,121.6,1,544.595003,417.263027,437.47366,421.655263,491.034331,419.459145,2.968805,1.49633,-1.80873,1.907044,0.580038,1.701687
3649,121.633333,1,543.991518,417.902927,436.817818,422.291354,490.404668,420.097141,2.953807,1.457072,-1.789158,1.890331,0.582324,1.673701
3650,121.666667,1,543.387089,418.106593,436.298428,422.618465,489.842758,420.362529,2.963149,1.366198,-1.792402,1.956272,0.585374,1.661235
3651,121.7,1,543.08816,418.265079,436.214247,422.817421,489.651203,420.54125,2.964604,1.412517,-1.770836,1.922787,0.596884,1.667652
3652,121.733333,1,542.986965,418.264028,435.909252,422.682806,489.448109,420.473417,2.974248,1.446825,-1.776187,1.91619,0.599031,1.681507
3653,121.766667,1,542.201109,418.09389,435.341158,422.432095,488.771133,420.262992,2.94122,1.669225,-1.776839,1.840693,0.58219,1.754959
3654,121.8,1,541.60615,417.823899,434.546213,422.11671,488.076181,419.970304,2.936078,1.641839,-1.771987,1.829059,0.582046,1.735449
3655,121.833333,1,541.286669,417.864593,434.097204,421.835893,487.691936,419.850243,2.919001,1.645882,-1.773335,1.817637,0.572833,1.73176
3656,121.866667,1,540.790291,417.698393,433.323793,421.570934,487.057042,419.634663,2.916643,1.64454,-1.766143,1.821163,0.57525,1.732852
3657,121.9,1,540.172367,417.748947,432.749777,421.456393,486.461072,419.60267,2.92956,1.614338,-1.769474,1.808152,0.580043,1.711245
3658,121.933333,1,539.80792,417.367955,432.119493,421.312616,485.963707,419.340286,2.939341,1.667826,-1.762174,1.875641,0.588583,1.771734
3659,121.966667,1,538.901653,416.750479,431.328707,421.149108,485.11518,418.949794,2.921127,1.520388,-1.790059,1.928628,0.565534,1.724508
3660,122.0,1,537.817802,415.973625,430.366831,420.497493,484.092317,418.235559,2.888795,1.555955,-1.801604,1.952804,0.543595,1.75438
3661,122.033333,1,536.780748,415.000702,429.039402,420.150468,482.910075,417.575585,2.868826,1.488898,-1.795549,1.853886,0.536639,1.671392
3662,122.066667,1,536.016321,414.162555,428.041782,419.790183,482.029052,416.976369,2.880726,1.144254,-1.798935,1.814486,0.540895,1.47937
3663,122.1,1,534.589529,413.182057,427.489109,418.904808,481.039319,416.043432,2.828391,1.269975,-1.806059,1.71702,0.511166,1.493497
3664,122.133333,1,533.336468,412.568421,426.430006,418.543868,479.883237,415.556145,2.89204,1.27782,-1.773515,1.619802,0.559263,1.448811
3665,122.166667,1,532.297573,412.684926,425.593786,418.481641,478.94568,415.583283,2.860135,1.209597,-1.774577,1.632064,0.542779,1.42083
3666,122.2,1,531.672039,412.642,424.74453,418.480235,478.208284,415.561118,2.861664,1.040184,-1.769695,1.612451,0.545985,1.326317
3667,122.233333,1,531.312304,413.036231,424.270258,418.67786,477.791281,415.857046,2.847031,0.946093,-1.771846,1.557057,0.537592,1.251575
3668,122.266667,1,530.964804,413.628742,423.935661,419.297472,477.450233,416.463107,2.802893,1.042769,-1.795814,1.505068,0.503539,1.273918
3669,122.3,1,530.324192,413.762594,422.40612,419.842143,476.365156,416.802369,2.817915,1.119166,-1.792064,1.569852,0.512926,1.344509
3670,122.333333,1,526.57712,414.576226,416.611605,421.225133,471.594362,417.90068,2.802381,1.301686,-1.880226,1.16677,0.461077,1.234228
3671,122.366667,1,525.719414,415.051192,416.072617,421.562952,470.896015,418.307072,2.768185,1.19152,-1.88635,1.313738,0.440918,1.252629
3672,122.4,1,525.637264,416.10044,416.280279,422.362422,470.958772,419.231431,2.799903,1.085565,-1.869773,1.255262,0.465065,1.170414
3673,122.433333,1,525.315094,417.406322,415.681276,423.700136,470.498185,420.553229,2.800847,1.161664,-1.870206,1.198161,0.46532,1.179913
3674,122.466667,1,524.790592,418.337059,415.064945,424.831492,469.927769,421.584275,2.792836,1.360656,-1.853944,1.1464,0.469446,1.253528
3675,122.5,1,523.535891,419.119223,414.362059,425.630575,468.948975,422.374899,2.751435,1.504672,-1.83954,1.167583,0.455948,1.336128
3676,122.533333,1,522.566748,419.651181,413.491526,426.446836,468.029137,423.049008,2.802767,1.624794,-1.814926,1.154062,0.493921,1.389428
3677,122.566667,1,521.101065,420.058908,411.500711,427.246488,466.300888,423.652698,2.851831,1.503998,-1.839631,1.365587,0.5061,1.434793
3678,122.6,1,518.650579,420.176486,409.092493,427.667005,463.871536,423.921745,2.839885,1.405393,-1.870046,1.425718,0.48492,1.415556
3679,122.633333,1,515.729723,420.500422,407.172928,428.379389,461.451325,424.439905,2.782581,1.552142,-1.809286,1.312764,0.486647,1.432453
3680,122.666667,1,512.321539,420.054424,404.910192,429.201325,458.615866,424.627874,2.79383,1.512233,-1.784204,1.204458,0.504813,1.358345
3681,122.7,1,507.951288,419.185055,401.453161,429.376956,454.702225,424.281006,2.9172,1.492092,-1.774228,1.276149,0.571486,1.38412
3682,122.733333,1,505.199146,418.665501,398.903103,430.340738,452.051125,424.50312,2.954814,1.310294,-1.789402,1.484064,0.582706,1.397179
3683,122.766667,1,502.257643,418.995445,396.555748,430.233804,449.406695,424.614624,2.855568,1.105282,-1.794975,1.41461,0.530296,1.259946
3684,122.8,1,499.82233,418.774635,394.296923,430.754464,447.059627,424.764549,2.886327,1.052239,-1.79546,1.422747,0.545433,1.237493
3685,122.833333,1,497.663612,418.785685,392.249756,431.402485,444.956684,425.094085,2.904826,1.078372,-1.762759,1.517358,0.571034,1.297865
3686,122.866667,1,495.331411,417.720065,389.937906,431.037887,442.634659,424.378976,2.836638,1.327091,-1.780222,1.6129,0.528208,1.469995
3687,122.9,1,492.307844,417.407341,387.351694,431.240619,439.829769,424.32398,2.801545,1.413862,-1.825563,1.419215,0.487991,1.416538
3688,122.933333,1,491.776009,417.58751,387.192039,431.001484,439.484024,424.294497,2.789871,1.242108,-1.803048,1.428209,0.493411,1.335158
3689,122.966667,1,490.450525,417.633805,385.551128,431.783541,438.000827,424.708673,2.825546,1.434202,-1.812735,1.381487,0.506405,1.407845
3690,123.0,1,489.162912,417.999744,384.839087,432.180229,437.000999,425.089987,2.835453,1.323317,-1.767376,1.442472,0.534039,1.382894
3691,123.033333,1,488.787336,418.274875,383.852196,432.829496,436.319766,425.552185,2.851023,1.264213,-1.765202,1.429114,0.54291,1.346663
3692,123.066667,1,488.274488,418.789462,383.999357,433.223695,436.136923,426.006578,2.894747,1.104657,-1.767153,1.453673,0.563797,1.279165
3693,123.1,1,488.294888,419.361373,384.022293,434.27894,436.15859,426.820157,2.903113,1.182358,-1.76859,1.458792,0.567262,1.320575
3694,123.133333,1,488.279829,419.784755,384.232693,434.522721,436.256261,427.153738,2.92098,1.286367,-1.72867,1.413508,0.596155,1.349938
3695,123.166667,1,488.616619,420.162742,384.374352,434.813247,436.495485,427.487994,2.90921,1.370995,-1.732192,1.401336,0.588509,1.386165
3696,123.2,1,488.731699,420.780787,384.684486,435.061737,436.708093,427.921262,2.890011,1.293556,-1.736903,1.402126,0.576554,1.347841
3697,123.233333,1,489.055347,421.321939,385.321569,435.111294,437.188458,428.216617,2.96576,1.310254,-1.770257,1.343805,0.597752,1.32703
3698,123.266667,1,490.188551,422.172339,386.032915,435.32895,438.110733,428.750644,2.977466,1.412513,-1.76122,1.436945,0.608123,1.424729
3699,123.3,1,491.907997,422.924323,387.337179,435.804527,439.622588,429.364425,3.011865,1.332983,-1.778039,1.396032,0.616913,1.364507
3700,123.333333,1,495.150137,424.401083,389.557772,436.208146,442.353954,430.304614,2.976595,1.460621,-1.747066,1.747668,0.614764,1.604144
3701,123.366667,1,500.316401,425.398221,396.351547,436.161186,448.333974,430.779703,2.895461,1.19064,-1.678521,2.196317,0.60847,1.693478
3702,123.4,1,505.26207,425.946261,400.566521,435.349978,452.914295,430.648119,2.866573,1.223039,-1.675659,1.925196,0.595457,1.574117
3703,123.433333,1,507.706432,425.982224,402.590837,434.567063,455.148635,430.274643,2.909425,1.333217,-1.662053,1.735585,0.623686,1.534401
3704,123.466667,1,509.357615,425.483462,404.007015,434.072464,456.682315,429.777963,2.886356,1.400005,-1.644545,1.647225,0.620906,1.523615
3705,123.5,1,511.119232,425.233684,405.813475,433.204018,458.466353,429.218851,2.92324,1.283045,-1.672254,1.634206,0.625493,1.458626
3706,123.533333,1,512.927942,424.790604,407.489672,432.598847,460.208807,428.694726,2.920932,1.339221,-1.673912,1.656153,0.62351,1.497687
3707,123.566667,1,514.838495,424.615198,408.677797,431.800933,461.758146,428.208066,2.918761,1.284673,-1.68324,1.608521,0.61776,1.446597
3708,123.6,1,516.354704,424.353114,410.54986,431.260146,463.452282,427.80663,2.983874,1.199937,-1.698135,1.710805,0.642869,1.455371
3709,123.633333,1,517.875395,424.396909,411.898022,431.10491,464.886708,427.75091,3.014241,1.286456,-1.71717,1.788604,0.648535,1.53753
3710,123.666667,1,519.381542,424.336656,413.076878,431.037222,466.22921,427.686939,3.008503,1.296785,-1.726588,1.838875,0.640958,1.56783
3711,123.7,1,520.448408,424.475101,413.896055,430.681432,467.172232,427.578267,3.017357,1.352093,-1.751852,1.826603,0.632752,1.589348
3712,123.733333,1,522.133284,424.644703,415.209084,430.858608,468.671184,427.751656,3.030447,1.390784,-1.743763,1.773138,0.643342,1.581961
3713,123.766667,1,523.394327,424.820602,416.296501,430.785856,469.845414,427.803229,2.978642,1.312593,-1.748871,1.583582,0.614885,1.448088
3714,123.8,1,524.884739,424.949123,417.53685,430.989103,471.210794,427.969113,2.990459,1.308366,-1.753608,1.619374,0.618425,1.46387
3715,123.833333,1,526.211758,425.225261,418.540716,431.462309,472.376237,428.343785,2.991905,1.381822,-1.751243,1.705908,0.620331,1.543865
3716,123.866667,1,527.358255,425.678576,419.789801,432.302753,473.574028,428.990664,2.94171,1.432702,-1.744343,1.73979,0.598684,1.586246
3717,123.9,1,529.080124,426.367174,421.448545,432.300693,475.264335,429.333934,2.922197,1.537897,-1.743064,1.712022,0.589566,1.624959
3718,123.933333,1,530.33639,426.832935,422.155123,432.837478,476.245756,429.835206,2.892356,1.571514,-1.768224,1.654988,0.562066,1.613251
3719,123.966667,1,531.008806,427.1395,423.684282,432.429857,477.346544,429.784679,2.935275,1.534812,-1.757197,1.750067,0.589039,1.642439
3720,124.0,1,532.218466,427.434962,424.585524,432.312816,478.401995,429.873889,2.978979,1.39525,-1.766899,1.597125,0.60604,1.496188
3721,124.033333,1,533.382177,427.577569,425.620937,432.128774,479.501557,429.853172,3.0327,1.321751,-1.776361,1.594838,0.628169,1.458294
3722,124.066667,1,534.100285,427.468736,426.361027,431.496191,480.230656,429.482464,3.01066,1.544745,-1.777777,1.554809,0.616442,1.549777
3723,124.1,1,534.836807,427.338048,426.874533,431.549363,480.85567,429.443706,2.989275,1.577351,-1.783298,1.558492,0.602988,1.567921
3724,124.133333,1,535.220327,427.098795,426.955194,431.554298,481.087761,429.326547,2.909121,1.446168,-1.786935,1.59527,0.561093,1.520719
3725,124.166667,1,535.197783,426.94121,427.235823,431.414373,481.216803,429.177791,2.930341,1.443109,-1.785272,1.546446,0.572535,1.494777
3726,124.2,1,535.498857,426.742437,427.436352,431.193198,481.467605,428.967817,2.924179,1.440201,-1.794313,1.566845,0.564933,1.503523
3727,124.233333,1,535.54512,426.819813,427.634411,430.928743,481.589766,428.874278,2.94792,1.481691,-1.790559,1.618023,0.57868,1.549857
3728,124.266667,1,535.792313,426.622907,427.862873,430.84553,481.827593,428.734218,2.938426,1.437684,-1.795805,1.638723,0.571311,1.538203
3729,124.3,1,535.704193,426.682795,428.019686,430.497626,481.861939,428.590211,2.973549,1.446241,-1.786798,1.626897,0.593375,1.536569
3730,124.333333,1,536.033106,426.579788,428.126459,430.647969,482.079782,428.613878,2.945867,1.46536,-1.789615,1.651045,0.578126,1.558203
3731,124.366667,1,535.646095,426.629634,428.168192,430.359557,481.907144,428.494595,2.991918,1.413436,-1.783686,1.598254,0.604116,1.505845
3732,124.4,1,535.917578,426.61044,428.328028,430.75191,482.122803,428.681175,2.953976,1.540561,-1.802137,1.694923,0.575919,1.617742
3733,124.433333,1,536.550045,427.121272,428.8908,430.896567,482.720423,429.00892,2.970742,1.937904,-1.837647,1.976356,0.566548,1.95713
3734,124.466667,1,536.86347,427.503508,431.187162,431.87228,484.025316,429.687894,2.954458,2.043154,-1.824927,2.35464,0.564766,2.198897
3735,124.5,1,536.713648,427.566873,431.312056,431.831585,484.012852,429.699229,2.941853,2.160031,-1.812092,2.342091,0.564881,2.251061
3736,124.533333,1,537.153645,427.327223,431.428823,431.547089,484.291234,429.437156,2.962,2.202334,-1.821472,2.376742,0.570264,2.289538
3737,124.566667,1,537.544775,427.298834,431.843033,431.178006,484.693904,429.23842,2.955988,2.141169,-1.834693,2.161266,0.560647,2.151218
3738,124.6,1,538.154316,427.140487,432.395573,430.841904,485.274944,428.991196,2.972433,2.094847,-1.823338,2.039162,0.574548,2.067005
3739,124.633333,1,538.4762,426.945823,432.878637,430.58586,485.677419,428.765842,2.963083,2.060921,-1.816806,1.995016,0.573139,2.027969
3740,124.666667,1,539.018116,426.719424,433.086357,430.42128,486.052237,428.570352,2.958831,1.810469,-1.817351,2.015787,0.57074,1.913128
3741,124.7,1,539.467058,426.482992,434.333391,429.710258,486.900225,428.096625,2.921667,1.867152,-1.818364,1.95903,0.551651,1.913091
3742,124.733333,1,539.83469,426.302533,434.432144,429.350123,487.133417,427.826328,2.932415,2.044825,-1.817806,1.997918,0.557305,2.021372
3743,124.766667,1,540.373945,426.187928,434.725914,429.022669,487.54993,427.605298,2.903592,1.948223,-1.842721,2.030788,0.530435,1.989505
3744,124.8,1,540.912685,425.941379,435.056038,429.08893,487.984362,427.515154,2.914061,1.960303,-1.850642,2.038782,0.531709,1.999542
3745,124.833333,1,541.329432,425.694273,435.185843,428.446766,488.257637,427.070519,2.880812,2.056797,-1.883473,2.331953,0.49867,2.194375
3746,124.866667,1,541.925974,425.508642,436.13471,427.976961,489.030342,426.742802,2.8838,2.119274,-1.869934,2.248873,0.506933,2.184074
3747,124.9,1,542.621136,425.549562,436.390696,427.885154,489.505916,426.717358,2.880516,2.113716,-1.879307,2.287996,0.500605,2.200856
3748,124.933333,1,543.483877,425.429592,437.169132,427.838237,490.326505,426.633915,2.89785,2.125723,-1.868728,2.293898,0.514561,2.209811
3749,124.966667,1,544.477262,425.370047,437.925138,427.626042,491.2012,426.498045,2.885709,2.021398,-1.881229,2.289893,0.50224,2.155646
3750,125.0,1,545.180054,425.352023,438.464212,427.651159,491.822133,426.501591,2.870166,2.137134,-1.878173,2.313966,0.495996,2.22555
3751,125.033333,1,546.64278,425.247438,439.835892,427.597418,493.239336,426.422428,2.817143,1.762187,-1.894366,2.142935,0.461388,1.952561
3752,125.066667,1,547.304096,425.481724,440.895414,427.300197,494.099755,426.39096,2.846539,1.991534,-1.878471,2.07134,0.484034,2.031437
3753,125.1,1,548.458662,425.324857,441.830664,427.152203,495.144663,426.23853,2.858233,1.814015,-1.910954,1.990679,0.473639,1.902347
3754,125.133333,1,548.942614,425.581276,442.400217,427.30849,495.671415,426.444883,2.858819,1.865008,-1.918132,2.044676,0.470344,1.954842
3755,125.166667,1,549.872351,425.542299,443.196392,427.057135,496.534371,426.299717,2.843706,1.966162,-1.896254,2.057593,0.473726,2.011877
3756,125.2,1,550.64044,425.437081,443.852596,427.080556,497.246518,426.258819,2.844513,1.925403,-1.901476,2.063129,0.471518,1.994266
3757,125.233333,1,551.819124,425.098028,444.507399,427.017814,498.163261,426.057921,2.829832,1.897988,-1.91633,2.107873,0.456751,2.002931
3758,125.266667,1,553.090649,424.85811,444.930782,426.71908,499.010715,425.788595,2.85418,1.880388,-1.928636,1.959648,0.462772,1.920018
3759,125.3,1,553.97131,424.811504,445.859108,426.583833,499.915209,425.697668,2.836808,1.896186,-1.954294,1.834541,0.441257,1.865363
3760,125.333333,1,555.07906,424.818714,446.709661,426.467564,500.894361,425.643139,2.840123,1.917709,-1.946661,1.642367,0.446731,1.780038
3761,125.366667,1,556.282873,424.876059,447.561016,426.23094,501.921945,425.553499,2.851565,2.072868,-1.943042,1.570984,0.454262,1.821926
3762,125.4,1,557.176142,424.708121,448.395939,426.175289,502.78604,425.441705,2.841322,2.094685,-1.949669,1.441955,0.445826,1.76832
3763,125.433333,1,558.24666,424.756712,449.28833,425.736372,503.767495,425.246542,2.853998,2.058389,-1.955944,1.404658,0.449027,1.731524
3764,125.466667,1,558.949442,424.683788,450.033855,425.546762,504.491649,425.115275,2.816543,2.214398,-1.966582,1.383889,0.424981,1.799144
3765,125.5,1,559.739866,424.489446,450.834131,425.377064,505.286999,424.933255,2.805608,2.05767,-1.945884,1.377365,0.429862,1.717517
3766,125.533333,1,560.107431,423.976586,451.148367,424.99016,505.627899,424.483373,2.804697,2.104736,-1.968435,1.338659,0.418131,1.721698
3767,125.566667,1,560.557318,423.207178,451.637793,424.749116,506.097555,423.978147,2.792367,2.063128,-1.950214,1.440225,0.421077,1.751676
3768,125.6,1,560.471134,422.161878,451.922989,424.236009,506.197062,423.198944,2.793587,2.015626,-1.936041,1.489198,0.428773,1.752412
3769,125.633333,1,560.592413,421.49226,451.750584,423.83136,506.171498,422.66181,2.802051,2.070255,-1.936513,1.457539,0.432769,1.763897
3770,125.666667,1,560.543175,420.825698,451.388302,423.567882,505.965738,422.19679,2.802755,2.069832,-1.938141,1.404673,0.432307,1.737252
3771,125.7,1,560.082779,420.27061,451.06369,423.088689,505.573235,421.679649,2.79707,1.931163,-1.943398,1.384765,0.426836,1.657964
3772,125.733333,1,559.846144,419.923328,450.775843,422.997826,505.310993,421.460577,2.804151,1.90845,-1.954888,1.350308,0.424632,1.629379
3773,125.766667,1,559.397135,419.628553,450.451984,422.760386,504.92456,421.19447,2.797125,1.874576,-1.927134,1.434614,0.434996,1.654595
3774,125.8,1,558.878374,419.401177,450.057545,422.699339,504.467959,421.050258,2.798562,1.773646,-1.91452,1.359675,0.442021,1.56666
3775,125.833333,1,558.326855,419.205451,449.528341,422.718458,503.927598,420.961955,2.798024,1.791091,-1.918825,1.431097,0.4396,1.611094
3776,125.866667,1,557.704897,419.427345,449.017076,423.096049,503.360987,421.261697,2.792579,1.787545,-1.91687,1.505595,0.437854,1.64657
3777,125.9,1,556.523323,419.980491,448.551359,423.34322,502.537341,421.661856,2.786175,1.860389,-1.879316,1.630854,0.453429,1.745622
3778,125.933333,1,555.717115,420.685794,447.493687,424.078832,501.605401,422.382313,2.798316,1.966552,-1.894449,1.755229,0.451934,1.860891
3779,125.966667,1,554.708118,421.513191,446.740942,425.172465,500.72453,423.342828,2.796649,1.871109,-1.924521,1.805726,0.436064,1.838417
3780,126.0,1,553.720932,422.381669,445.871401,426.202573,499.796166,424.292121,2.840125,1.843538,-1.945169,1.922602,0.447478,1.88307
3781,126.033333,1,553.299446,423.244675,445.168362,427.459853,499.233904,425.352264,2.837925,1.806201,-1.954945,2.32061,0.44149,2.063405
3782,126.066667,1,552.583075,424.639939,444.238329,429.037281,498.410702,426.83861,2.865348,1.899212,-2.014798,2.097058,0.425275,1.998135
3783,126.1,1,552.304306,424.501129,444.473562,429.204115,498.388934,426.852622,2.862916,1.934967,-1.983281,2.428893,0.439817,2.18193
3784,126.133333,1,552.393627,424.491978,444.282846,429.096204,498.338237,426.794091,2.866915,1.877797,-1.967254,2.384016,0.449831,2.130906
3785,126.166667,1,552.137318,424.686588,444.203863,429.051046,498.17059,426.868817,2.872215,1.792743,-1.951912,2.404698,0.460152,2.09872
3786,126.2,1,551.78731,424.940572,444.13517,429.084059,497.96124,427.012315,2.873265,1.692489,-1.942099,2.416325,0.465583,2.054407
3787,126.233333,1,551.635561,425.260431,444.337883,429.002423,497.986722,427.131427,2.857431,1.816911,-1.931103,2.416501,0.463164,2.116706
3788,126.266667,1,551.294985,425.848821,444.292498,430.150323,497.793741,427.999572,2.875985,1.915197,-1.974141,2.780872,0.450922,2.348034
3789,126.3,1,551.000814,426.293188,443.895264,430.651928,497.448039,428.472558,2.867852,2.277065,-1.994755,3.251687,0.436548,2.764376
3790,126.333333,1,551.280289,425.768977,443.893576,430.221766,497.586932,427.995372,2.846159,2.098649,-1.96553,2.827894,0.440314,2.463271
3791,126.366667,1,551.296473,425.430901,443.924608,429.560387,497.61054,427.495644,2.839394,2.025724,-1.952373,2.638344,0.44351,2.332034
3792,126.4,1,551.156263,425.221775,443.653688,429.199448,497.404976,427.210611,2.849581,1.879622,-1.959173,2.649077,0.445204,2.264349
3793,126.433333,1,551.153116,425.06641,443.699417,429.049931,497.426267,427.05817,2.854402,1.814532,-1.957475,2.657377,0.448463,2.235954
3794,126.466667,1,550.857697,425.109036,443.847275,429.039384,497.352486,427.07421,2.835166,1.819393,-1.94887,2.686393,0.443148,2.252893
3795,126.5,1,550.980253,425.915383,443.426418,430.636404,497.203336,428.275893,2.902735,2.461404,-2.001385,4.075419,0.450675,3.268411
3796,126.533333,1,551.129427,426.768283,442.361069,431.49839,496.745248,429.133337,2.956804,6.408509,-2.05923,6.210974,0.448787,6.309741
3797,126.566667,1,549.873991,427.493906,442.904253,431.709791,496.389122,429.601849,2.939763,8.17415,-1.965158,9.531315,0.487302,8.852733
3798,126.6,1,550.631437,426.929516,443.184748,431.413,496.908092,429.171258,2.946496,5.664575,-2.013043,7.298858,0.466727,6.481717
3799,126.633333,1,550.651102,426.617693,443.148508,430.969051,496.899805,428.793372,2.927053,3.453471,-2.015203,6.21224,0.455925,4.832855
3800,126.666667,1,550.581598,426.215791,443.541908,430.673965,497.061753,428.444878,2.908087,2.972795,-1.991362,4.554283,0.458362,3.763539
3801,126.7,1,550.573206,425.914729,443.893375,430.334591,497.233291,428.12466,2.863767,2.442789,-1.972118,3.53824,0.445824,2.990515
3802,126.733333,1,550.440092,425.902916,443.784885,430.285828,497.112489,428.094372,2.860147,2.315415,-1.977081,3.241645,0.441533,2.77853
3803,126.766667,1,550.428648,425.966785,443.691549,430.120089,497.060099,428.043437,2.856296,2.270173,-1.974761,3.159793,0.440768,2.714983
3804,126.8,1,550.024004,426.106303,443.368263,430.060844,496.696134,428.083574,2.858727,2.210412,-1.956598,2.802377,0.451064,2.506395
3805,126.833333,1,549.734144,425.993897,443.065386,430.086915,496.399765,428.040406,2.848871,1.970834,-1.958735,2.773055,0.445068,2.371945
3806,126.866667,1,549.263983,425.918151,442.666397,430.281451,495.96519,428.099801,2.837852,1.972042,-1.954966,2.633476,0.441443,2.302759
3807,126.9,1,548.813133,425.89134,442.31246,430.314946,495.562797,428.103143,2.827793,1.937249,-1.958904,2.614977,0.434444,2.276113
3808,126.933333,1,548.082724,425.750631,441.850891,430.308766,494.966807,428.029699,2.863319,2.217902,-1.931984,2.453868,0.465667,2.335885
3809,126.966667,1,547.437029,425.867157,441.243238,430.561656,494.340134,428.214406,2.888134,2.250929,-1.924968,2.639586,0.481583,2.445257
3810,127.0,1,546.597986,426.112804,440.275116,431.049078,493.436551,428.580941,2.901228,2.147593,-1.909504,2.714892,0.495862,2.431243
3811,127.033333,1,545.708981,426.572621,439.70602,431.614906,492.7075,429.093763,2.893695,2.350482,-1.900353,2.664843,0.496671,2.507662
3812,127.066667,1,544.998579,426.971272,438.37594,432.55856,491.68726,429.764916,2.933313,2.322825,-1.876667,2.663227,0.528323,2.493026
3813,127.1,1,544.824848,427.05456,438.563852,432.429879,491.69435,429.742219,2.917089,2.331044,-1.888997,2.703265,0.514046,2.517155
3814,127.133333,1,544.468555,427.567248,437.687492,433.332227,491.078024,430.449738,2.95969,2.260079,-1.877519,2.604356,0.541086,2.432217
3815,127.166667,1,543.920431,427.867087,437.52223,433.840796,490.721331,430.853941,2.938394,2.121108,-1.888894,2.687727,0.52475,2.404417
3816,127.2,1,544.285908,427.921761,438.224955,433.743989,491.255431,430.832875,2.932243,2.222001,-1.876575,2.677607,0.527834,2.449804
3817,127.233333,1,544.387875,428.004009,438.31749,433.809961,491.352682,430.906985,2.929111,2.328015,-1.862047,2.467408,0.533532,2.397712
3818,127.266667,1,544.58931,428.055314,438.582087,433.84984,491.585698,430.952577,2.929337,2.08691,-1.854319,2.515682,0.537509,2.301296
3819,127.3,1,544.821777,428.06056,438.748426,433.751328,491.785102,430.905944,2.943771,1.935019,-1.848194,2.490259,0.547789,2.212639
3820,127.333333,1,545.14699,428.082865,439.207287,433.634255,492.177138,430.85856,2.90898,1.914777,-1.853393,2.521127,0.527794,2.217952
3821,127.366667,1,545.728312,427.853365,439.892693,433.26587,492.810502,430.559617,2.867718,1.971108,-1.851613,2.613699,0.508053,2.292404
3822,127.4,1,546.669989,427.742633,440.900145,432.978959,493.785067,430.360796,2.848982,2.094079,-1.852073,2.591244,0.498455,2.342662
3823,127.433333,1,547.978621,427.78587,441.652126,432.669582,494.815373,430.227726,2.825577,2.043879,-1.86325,2.611873,0.481163,2.327876
3824,127.466667,1,548.880949,427.585337,442.377281,432.415148,495.629115,430.000243,2.806537,1.892894,-1.877984,2.394128,0.464276,2.143511
3825,127.5,1,550.294199,427.772888,442.86623,432.324876,496.580215,430.048882,2.842307,1.56082,-1.904793,2.274748,0.468757,1.917784
3826,127.533333,1,550.592585,427.589189,443.980789,431.813936,497.286687,429.701563,2.804941,1.841697,-1.887083,2.302316,0.458929,2.072007
3827,127.566667,1,551.670923,427.036171,444.050522,431.472276,497.860723,429.254224,2.825385,1.656375,-1.907329,2.279366,0.459028,1.96787
3828,127.6,1,551.482687,426.342037,444.521351,430.539297,498.002019,428.440667,2.825235,1.813888,-1.894549,2.243461,0.465343,2.028675
3829,127.633333,1,552.375889,426.000988,445.068121,430.032799,498.722005,428.016894,2.86123,1.548934,-1.880275,2.008748,0.490477,1.778841
3830,127.666667,1,553.085766,425.51906,445.740681,429.707426,499.413223,427.613243,2.874655,1.451553,-1.89932,2.045796,0.487667,1.748674
3831,127.7,1,553.898916,425.329106,446.382856,429.201014,500.140886,427.26506,2.870085,1.518265,-1.890788,2.001664,0.489648,1.759964
3832,127.733333,1,555.052385,425.238833,447.239723,428.873924,501.146054,427.056379,2.859049,1.638967,-1.895517,2.016003,0.481766,1.827485
3833,127.766667,1,555.366087,424.962469,447.434673,428.607978,501.40038,426.785223,2.840217,1.635329,-1.914267,1.977714,0.462975,1.806521
3834,127.8,1,555.371265,424.974496,447.600555,428.65732,501.48591,426.815908,2.844112,1.629742,-1.915984,1.936335,0.464064,1.783039
3835,127.833333,1,555.252838,425.027347,447.596645,428.904555,501.424742,426.965951,2.848749,1.554833,-1.920786,1.920396,0.463982,1.737614
3836,127.866667,1,554.544086,424.785572,447.054176,429.204072,500.799131,426.994822,2.840911,1.648799,-1.899105,1.941584,0.470903,1.795191
3837,127.9,1,553.80908,424.632976,446.408978,429.377471,500.109029,427.005224,2.865309,1.479223,-1.894546,2.125237,0.485381,1.80223
3838,127.933333,1,553.047199,424.804895,445.963259,429.676098,499.505229,427.240496,2.868417,1.517658,-1.887927,2.094314,0.490245,1.805986
3839,127.966667,1,552.443228,424.812019,444.934998,429.672418,498.689113,427.242218,2.84893,1.57744,-1.906974,2.115985,0.470978,1.846712
3840,128.0,1,551.635303,424.985032,444.366312,429.798117,498.000808,427.391574,2.825222,1.644704,-1.893189,2.170652,0.466016,1.907678
3841,128.033333,1,551.140165,424.829818,443.876934,430.015719,497.50855,427.422768,2.824074,1.463057,-1.885187,2.13919,0.469443,1.801124
3842,128.066667,1,550.775681,424.629993,443.385296,429.847738,497.080488,427.238865,2.813834,1.593227,-1.887255,2.113368,0.463289,1.853298
3843,128.1,1,550.50025,424.373832,442.906313,429.802054,496.703281,427.087943,2.820909,1.574602,-1.886513,2.093382,0.467198,1.833992
3844,128.133333,1,549.742222,424.203372,442.438908,429.670293,496.090565,426.936833,2.819102,1.631523,-1.894774,2.17023,0.462164,1.900877
3845,128.166667,1,549.357042,424.027559,441.933994,429.430869,495.645518,426.729214,2.834789,1.632847,-1.907161,2.143028,0.463814,1.887937
3846,128.2,1,549.067583,423.865499,442.058029,429.345199,495.562806,426.605349,2.830317,1.66539,-1.881832,2.106616,0.474243,1.886003
3847,128.233333,1,548.741417,423.776321,441.796207,429.320319,495.268812,426.54832,2.834515,1.670352,-1.856425,2.000864,0.489045,1.835608
3848,128.266667,1,548.434849,423.63925,441.363316,429.415419,494.899082,426.527334,2.839617,1.701148,-1.871544,1.972257,0.484037,1.836702
3849,128.3,1,547.905645,423.566101,440.948629,429.537846,494.427137,426.551973,2.845457,1.726083,-1.892102,1.96291,0.476678,1.844496
3850,128.333333,1,547.204838,423.54843,440.419607,429.293475,493.812222,426.420953,2.852319,1.739405,-1.891488,1.995032,0.480416,1.867219
3851,128.366667,1,546.786356,423.557024,439.819098,429.465083,493.302727,426.511053,2.856082,1.679992,-1.893104,1.920155,0.481489,1.800074
3852,128.4,1,546.119318,423.614155,439.246511,429.733969,492.682915,426.674062,2.83315,1.611419,-1.901158,2.070202,0.465996,1.84081
3853,128.433333,1,545.48213,423.835684,438.537426,429.942312,492.009778,426.888998,2.837989,1.676776,-1.895025,2.043267,0.471482,1.860021
3854,128.466667,1,545.108538,423.796964,438.224115,429.890932,491.666327,426.843948,2.835918,1.65913,-1.899683,2.112718,0.468118,1.885924
3855,128.5,1,544.847775,423.774798,437.860737,430.094168,491.354256,426.934483,2.833097,1.67951,-1.90047,2.126223,0.466313,1.902867
3856,128.533333,1,544.603014,423.436389,437.761736,429.650284,491.182375,426.543337,2.851696,1.68438,-1.89729,2.269889,0.477203,1.977134
3857,128.566667,1,544.260035,423.06412,437.43681,429.509425,490.848422,426.286772,2.835049,1.601867,-1.895147,2.32193,0.469951,1.961898
3858,128.6,1,544.01885,423.120972,437.281666,429.39674,490.650258,426.258856,2.824875,1.611791,-1.891893,2.356596,0.466491,1.984193
3859,128.633333,1,543.941278,423.100845,437.29537,429.258617,490.618324,426.179731,2.833859,1.599256,-1.890086,2.32659,0.471886,1.962923
3860,128.666667,1,543.770647,423.413483,437.224541,429.499866,490.497594,426.456674,2.824395,1.681939,-1.88624,2.152123,0.469078,1.917031
3861,128.7,1,543.414831,423.577816,437.305002,429.866996,490.359917,426.722406,2.83813,1.650724,-1.873019,2.206216,0.482556,1.92847
3862,128.733333,1,543.198576,423.766108,437.044868,430.019624,490.121722,426.892866,2.857974,1.67967,-1.872506,2.012724,0.492734,1.846197
3863,128.766667,1,542.782574,423.965074,436.557436,430.547268,489.670005,427.256171,2.879632,2.165938,-1.89444,2.217385,0.492596,2.191662
3864,128.8,1,542.742844,424.990343,436.593437,431.920956,489.66814,428.45565,2.85954,2.335677,-1.939617,2.807237,0.459961,2.571457
3865,128.833333,1,542.863455,425.293443,436.879807,431.924175,489.871631,428.608809,2.853641,2.361376,-1.944373,2.806307,0.454634,2.583842
3866,128.866667,1,542.845774,425.108564,436.44701,431.375513,489.646392,428.242038,2.871602,1.872678,-1.957015,2.830751,0.457293,2.351714
3867,128.9,1,542.637968,424.945089,436.395407,431.386006,489.516687,428.165547,2.868071,1.969688,-1.944672,2.923806,0.461699,2.446747
3868,128.933333,1,542.976723,424.680666,436.588449,431.498176,489.782586,428.089421,2.862764,1.872011,-1.968784,3.17575,0.44699,2.52388
3869,128.966667,1,543.041334,424.80497,436.624069,431.391263,489.832702,428.098117,2.867961,1.847311,-1.967953,2.909215,0.450004,2.378263
3870,129.0,1,542.982798,424.726424,436.710892,431.350515,489.846845,428.03847,2.874707,1.853079,-1.962988,2.789407,0.455859,2.321243
3871,129.033333,1,543.18965,424.752249,436.795416,431.338885,489.992533,428.045567,2.87216,1.930285,-1.970467,2.888119,0.450846,2.409202
3872,129.066667,1,543.635912,424.942074,436.971235,431.39902,490.303574,428.170547,2.855198,1.87373,-1.996591,2.751778,0.429303,2.312754
3873,129.1,1,543.621292,425.033247,437.363987,431.465464,490.49264,428.249356,2.849856,1.922258,-1.982499,2.680584,0.433678,2.301421
3874,129.133333,1,544.255657,425.972621,438.02639,432.060034,491.141024,429.016328,2.869647,2.616264,-2.003842,3.218129,0.432903,2.917196
3875,129.166667,1,544.476385,426.671326,438.006554,433.105645,491.241469,429.888486,2.901468,3.037902,-2.021313,4.814695,0.440078,3.926299
3876,129.2,1,545.127144,427.063766,438.045378,433.494469,491.586261,430.279117,2.900991,7.268962,-2.022209,6.259797,0.439391,6.764379
3877,129.233333,1,544.694929,427.31967,438.45458,433.841043,491.574755,430.580356,2.860863,7.668374,-1.974829,10.702408,0.443017,9.185391
3878,129.266667,1,545.226755,427.156076,438.658772,433.490306,491.942763,430.323191,2.87695,7.905894,-1.979039,10.077659,0.448956,8.991777
3879,129.3,1,545.077553,426.946145,438.402195,433.039041,491.739874,429.992593,2.889183,7.191175,-1.997763,8.045993,0.44571,7.618584
3880,129.333333,1,544.593077,426.953441,438.115187,433.55337,491.354132,430.253406,2.885968,8.183795,-1.986217,9.585184,0.449876,8.884489
3881,129.366667,1,544.883976,426.894035,438.206263,433.339319,491.545119,430.116677,2.890447,9.70365,-1.988832,11.049499,0.450807,10.376574
3882,129.4,1,544.973984,426.545895,438.937368,432.782289,491.955676,429.664092,2.895862,6.89787,-1.998299,7.284786,0.448782,7.091328
3883,129.433333,1,544.841919,426.640019,438.849726,432.810752,491.845822,429.725386,2.891918,6.557078,-1.99958,7.190625,0.446169,6.873852
3884,129.466667,1,544.697561,426.447909,438.687134,432.87298,491.692348,429.660444,2.886663,6.953275,-2.004239,5.991595,0.441212,6.472435
3885,129.5,1,544.654608,426.382442,438.538818,432.797824,491.596713,429.590133,2.901268,6.700447,-2.003805,5.837423,0.448732,6.268935
3886,129.533333,1,544.24964,426.638989,437.965736,433.502709,491.107688,430.070849,2.89896,6.303109,-1.997597,7.037105,0.450681,6.670107
3887,129.566667,1,543.630829,426.904571,436.659069,434.413995,490.144949,430.659283,2.884818,6.924286,-2.002367,8.938319,0.441225,7.931302
3888,129.6,1,543.707628,426.888864,436.67366,434.618969,490.190644,430.753917,2.880653,8.455784,-1.996403,10.25286,0.442125,9.354322
3889,129.633333,1,542.143822,427.163576,436.421604,435.249556,489.282713,431.206566,2.833997,12.064762,-1.987775,17.78181,0.423111,14.923286
3890,129.666667,1,541.150656,427.322534,436.074085,435.939463,488.61237,431.630999,2.824212,16.242748,-1.977903,31.543335,0.423155,23.893041
3891,129.7,1,539.849596,427.278203,436.172676,436.229453,488.011136,431.753828,2.787185,20.651873,-1.961422,55.488245,0.412881,38.070059
3892,129.733333,1,538.658466,428.013257,438.576336,436.843175,488.617401,432.428216,2.7179,21.294477,-1.902529,72.311216,0.407686,46.802846
3893,129.766667,1,537.87715,428.591337,440.888128,437.658437,489.382639,433.124887,2.714742,17.19439,-1.842015,79.325623,0.436364,48.260006
3894,129.8,1,536.980495,429.030286,441.127443,438.125796,489.053969,433.578041,2.716189,17.546688,-1.804954,64.481574,0.455618,41.014131
3895,129.833333,1,535.907822,428.878967,441.053905,438.53258,488.480864,433.705773,2.693037,22.452339,-1.781402,45.32091,0.455818,33.886624
3896,129.866667,1,535.551043,429.135482,440.724506,439.107935,488.137774,434.121709,2.689787,26.271791,-1.734485,60.423164,0.477651,43.347477
3897,129.9,1,535.316143,429.575129,440.098352,439.715885,487.707248,434.645507,2.697732,42.133873,-1.722331,46.109481,0.4877,44.121677
3898,129.933333,1,534.849606,429.582424,439.099016,439.85743,486.974311,434.719927,2.713342,32.690695,-1.723898,45.928041,0.494722,39.309368
3899,129.966667,1,534.479351,429.529595,438.645601,439.877322,486.562476,434.703459,2.708365,26.286792,-1.733956,41.654572,0.487204,33.970682
3900,130.0,1,533.834887,429.83026,439.168825,439.961693,486.501856,434.895977,2.703098,39.603279,-1.705977,28.480815,0.49856,34.042047
3901,130.033333,1,533.690434,429.957,439.366455,440.264268,486.528444,435.110634,2.694739,45.346905,-1.695078,25.731056,0.499831,35.538981
3902,130.066667,1,533.787374,430.091368,439.428844,440.277014,486.608109,435.184191,2.705783,38.209583,-1.696179,24.459309,0.504802,31.334446
3903,130.1,1,533.512411,430.396496,440.35099,440.363091,486.931701,435.379794,2.701471,67.671402,-1.68563,21.853617,0.50792,44.762509
3904,130.133333,1,533.396015,430.794826,441.067324,440.698013,487.231669,435.746419,2.697211,34.690859,-1.662361,31.600247,0.517425,33.145553
3905,130.166667,1,533.644457,430.767499,441.096935,440.715673,487.370696,435.741586,2.708791,50.099675,-1.660871,30.125258,0.52396,40.112466
3906,130.2,1,533.204708,430.90868,441.410189,440.801997,487.307448,435.855339,2.715385,43.986532,-1.660258,40.706029,0.527564,42.346281
3907,130.233333,1,533.423758,431.038939,441.742277,440.771441,487.583017,435.90519,2.714098,39.030935,-1.659192,37.254172,0.527453,38.142554
3908,130.266667,1,533.768148,431.244535,441.622849,441.106911,487.695498,436.175723,2.693325,33.764729,-1.657312,31.594233,0.518006,32.679481
3909,130.3,1,533.757114,431.267828,441.848087,440.99002,487.802601,436.128924,2.698496,33.156743,-1.654378,30.889996,0.522059,32.023369
3910,130.333333,1,533.53488,431.596549,441.681261,441.503148,487.60807,436.549848,2.679695,35.273604,-1.635326,40.730565,0.522184,38.002084
3911,130.366667,1,533.332968,431.7791,441.170397,441.725482,487.251682,436.752291,2.681524,32.784458,-1.636634,42.202779,0.522445,37.493619
3912,130.4,1,533.488798,432.104441,440.591831,442.162768,487.040315,437.133604,2.685338,31.713708,-1.64871,42.926921,0.518314,37.320314
3913,130.433333,1,532.835951,432.125641,440.638514,441.917228,486.737232,437.021434,2.683428,32.648812,-1.637182,43.965379,0.523123,38.307096
3914,130.466667,1,533.137007,432.265159,440.498362,442.102225,486.817684,437.183692,2.69716,35.80122,-1.638342,45.90426,0.529409,40.85274
3915,130.5,1,532.665882,432.10251,439.906368,442.119123,486.286125,437.110816,2.682406,32.21326,-1.644821,41.396502,0.518792,36.804881
3916,130.533333,1,532.650032,432.478834,439.793348,442.234168,486.22169,437.356501,2.696002,42.406211,-1.639148,37.594344,0.528427,40.000278
3917,130.566667,1,532.839422,432.763524,439.891815,442.673943,486.365619,437.718734,2.714775,26.735293,-1.63001,38.846167,0.542383,32.79073
3918,130.6,1,532.664814,432.750735,439.609804,442.713693,486.137309,437.732214,2.696412,31.008426,-1.636555,41.008662,0.529929,36.008544
3919,130.633333,1,532.963371,432.836523,439.739103,442.895923,486.351237,437.866223,2.705678,23.506094,-1.638421,41.84112,0.533629,32.673607
3920,130.666667,1,532.999744,432.959315,439.806204,443.110253,486.402974,438.034784,2.706797,20.662022,-1.628122,39.71656,0.539338,30.189291
3921,130.7,1,533.228464,433.165888,440.001249,443.385726,486.614857,438.275807,2.720034,19.167108,-1.620112,34.605363,0.549961,26.886236
3922,130.733333,1,532.896652,433.146007,439.560871,443.390393,486.228762,438.2682,2.717926,29.270387,-1.628077,33.920653,0.544924,31.59552
3923,130.766667,1,533.081369,433.258413,439.459095,443.464819,486.270232,438.361616,2.72278,36.615246,-1.626233,37.395945,0.548273,37.005596
3924,130.8,1,532.95125,433.629062,439.667044,444.008664,486.309147,438.818863,2.701282,44.597599,-1.60748,36.959316,0.546901,40.778457
3925,130.833333,1,532.268772,433.970733,439.469929,444.539967,485.86935,439.25535,2.670694,32.762664,-1.609636,35.05596,0.530529,33.909312
3926,130.866667,1,532.17742,433.70469,439.07793,443.848751,485.627675,438.77672,2.695951,51.731108,-1.618887,27.619088,0.538532,39.675098
3927,130.9,1,533.034668,433.822707,438.216219,443.886216,485.625443,438.854461,2.725672,42.630362,-1.661223,19.92795,0.532224,31.279156
3928,130.933333,1,533.358173,434.320922,438.283892,444.330443,485.821033,439.325683,2.733499,37.663953,-1.655303,37.984952,0.539098,37.824453
3929,130.966667,1,533.138351,434.45352,437.648411,444.56916,485.393381,439.51134,2.748111,30.505157,-1.645508,36.807673,0.551302,33.656415
3930,131.0,1,533.063726,434.678332,436.919107,444.851736,484.991417,439.765034,2.760403,39.953978,-1.647426,45.205695,0.556488,42.579837
3931,131.033333,1,532.705107,435.050794,437.319736,445.343041,485.012422,440.196918,2.747086,23.055936,-1.623508,54.07016,0.561789,38.563048
3932,131.066667,1,532.949352,435.432719,436.726532,445.542254,484.837942,440.487487,2.789004,38.815033,-1.627412,57.127609,0.580796,47.971321
3933,131.1,1,532.927771,435.519665,436.548805,445.623118,484.738288,440.571392,2.770943,31.247115,-1.634898,65.811201,0.568023,48.529158
3934,131.133333,1,532.708721,435.78529,436.343145,445.826665,484.525933,440.805978,2.793821,44.751969,-1.629335,57.709714,0.582243,51.230841
3935,131.166667,1,532.489719,435.945429,436.179085,445.955722,484.334402,440.950575,2.788816,39.932374,-1.623261,49.596511,0.582778,44.764442
3936,131.2,1,532.533073,436.137174,435.366192,446.498805,483.949633,441.31799,2.79957,40.3725,-1.643609,42.528571,0.57798,41.450536
3937,131.233333,1,532.367535,436.170284,434.713478,446.690433,483.540506,441.430358,2.805656,48.912459,-1.64034,31.669095,0.582658,40.290777
3938,131.266667,1,532.637777,436.112359,434.481049,446.739753,483.559413,441.426056,2.797318,48.82925,-1.645096,32.159573,0.576111,40.494411
3939,131.3,1,531.90402,435.633638,433.922644,446.407192,482.913332,441.020415,2.816755,32.834258,-1.652769,23.330292,0.581993,28.082275
3940,131.333333,1,532.533207,434.772542,431.509838,445.729344,482.021523,440.250943,2.853733,22.605683,-1.730021,9.195637,0.561856,15.90066
3941,131.366667,1,533.513079,433.570805,429.885006,444.801461,481.699042,439.186133,2.915313,10.088402,-1.784842,5.539792,0.565235,7.814097
3942,131.4,1,533.060131,433.548789,429.181328,444.585918,481.120729,439.067354,2.903445,10.512513,-1.787131,6.747065,0.558157,8.629789
3943,131.433333,1,533.201838,432.869761,429.527607,443.884381,481.364722,438.377071,2.873162,8.197648,-1.789306,6.283017,0.541928,7.240332
3944,131.466667,1,533.911591,432.723151,428.847876,443.422741,481.379733,438.072946,2.915121,6.678587,-1.832204,4.084662,0.541458,5.381624
3945,131.5,1,534.023294,432.489853,428.320894,442.943194,481.172094,437.716523,2.91364,5.446647,-1.836749,4.013796,0.538446,4.730222
3946,131.533333,1,533.785086,432.504154,428.228788,442.911072,481.006937,437.707613,2.922676,5.304032,-1.833599,4.014795,0.544539,4.659414
3947,131.566667,1,533.769913,432.586616,428.248596,443.029894,481.009254,437.808255,2.924903,4.806256,-1.83573,4.36389,0.544587,4.585073
3948,131.6,1,533.349724,432.96043,428.378162,443.843139,480.863943,438.401785,2.934245,4.802051,-1.819684,4.146482,0.55728,4.474267
3949,131.633333,1,532.198725,433.323162,429.146433,444.379667,480.672579,438.851414,2.883683,6.997944,-1.788581,5.987951,0.547551,6.492948
3950,131.666667,1,530.611734,434.491103,429.058619,445.761724,479.835176,440.126413,2.872142,7.228108,-1.779175,6.427162,0.546484,6.827635
3951,131.7,1,528.421478,434.850025,431.042194,447.211565,479.731836,441.030795,2.786763,7.988354,-1.691466,8.878293,0.547649,8.433323
3952,131.733333,1,528.222971,435.78868,430.715342,448.197223,479.469156,441.992952,2.765051,3.602982,-1.674976,20.640989,0.545037,12.121985
3953,131.766667,1,527.363396,436.34069,431.037788,449.395216,479.200592,442.867953,2.740355,4.511974,-1.654126,18.018739,0.543114,11.265357
3954,131.8,1,527.417135,436.547306,430.602913,449.418336,479.010024,442.982821,2.748826,3.170827,-1.651426,19.657744,0.5487,11.414286
3955,131.833333,1,527.326727,436.835879,430.10438,449.912045,478.715553,443.373962,2.768742,1.604664,-1.663053,17.46879,0.552845,9.536727
3956,131.866667,1,527.020836,437.219317,429.692526,450.334139,478.356681,443.776728,2.78111,2.057261,-1.643846,26.072285,0.568632,14.064773
3957,131.9,1,526.474133,437.539347,428.893471,450.805167,477.683802,444.172257,2.779953,4.625656,-1.638785,34.519949,0.570584,19.572802
3958,131.933333,1,525.734262,437.709228,428.465328,451.378033,477.099795,444.54363,2.770038,7.311456,-1.651969,32.68814,0.559035,19.999798
3959,131.966667,1,524.514427,437.785006,428.122339,452.025315,476.318383,444.90516,2.715944,10.22199,-1.65023,22.665974,0.532857,16.443982
3960,132.0,1,524.218922,438.634011,427.345066,452.977145,475.781994,445.805578,2.713655,8.679489,-1.642688,38.254912,0.535483,23.467201
3961,132.033333,1,522.318058,438.979533,426.264849,453.739461,474.291453,446.359497,2.68904,4.671116,-1.659119,57.829715,0.514961,31.250415
3962,132.066667,1,521.61274,439.538891,425.243998,454.610846,473.428369,447.074869,2.70985,7.266814,-1.688142,51.483446,0.510854,29.37513
3963,132.1,1,520.602112,439.861808,424.541607,455.339323,472.571859,447.600566,2.693697,7.628885,-1.671484,52.396077,0.511106,30.012481
3964,132.133333,1,520.305653,440.477064,423.88463,456.024917,472.095141,448.250991,2.690421,10.037469,-1.679126,64.970918,0.505647,37.504193
3965,132.166667,1,519.528236,440.953574,423.202839,456.825492,471.365538,448.889533,2.695802,10.475713,-1.665037,53.67604,0.515383,32.075876
3966,132.2,1,518.76996,441.76078,424.339237,458.275387,471.554599,450.018083,2.681747,3.042424,-1.649225,49.393411,0.516261,26.217917
3967,132.233333,1,519.100695,443.258997,426.607904,458.795886,472.8543,451.027442,2.649255,31.698326,-1.597163,47.254566,0.526046,39.476446
3968,132.266667,1,518.910904,444.312848,426.381693,459.582953,472.646298,451.947901,2.637129,118.735428,-1.58058,36.47279,0.528275,77.604109
3969,132.3,1,518.191633,444.979334,426.31958,460.399225,472.255607,452.689279,2.633006,258.646753,-1.584413,49.460748,0.524297,154.05375
3970,132.333333,1,518.591118,445.833027,426.059971,461.093252,472.325544,453.46314,2.660522,306.995072,-1.579316,39.840144,0.540603,173.417608
3971,132.366667,1,518.07189,446.541978,425.468388,461.972984,471.770139,454.257481,2.627216,322.365114,-1.600219,37.43833,0.513499,179.901722
3972,132.4,1,519.192324,447.625269,425.48727,462.315545,472.339797,454.970407,2.69174,178.682235,-1.592275,43.027213,0.549732,110.854724
3973,132.433333,1,519.604692,448.669056,426.7344,463.305151,473.169546,455.987104,2.689626,117.37063,-1.559665,46.654095,0.56498,82.012363
3974,132.466667,1,519.993877,449.598817,426.429539,464.102722,473.211708,456.85077,2.697513,81.161785,-1.558681,48.023114,0.569416,64.592449
3975,132.5,1,519.238815,450.093158,426.105909,464.560007,472.672362,457.326583,2.692381,56.613429,-1.558757,49.892313,0.566812,53.252871
3976,132.533333,1,520.122051,451.321256,424.790745,465.430276,472.456398,458.375766,2.710458,38.052232,-1.604055,53.636414,0.553201,45.844323
3977,132.566667,1,520.465145,452.365279,424.091845,467.099597,472.278495,459.732438,2.700186,52.227486,-1.630224,47.156811,0.534981,49.692149
3978,132.6,1,520.787754,453.064499,423.685579,467.539533,472.236667,460.302016,2.72534,104.819787,-1.63954,48.150924,0.5429,76.485356
3979,132.633333,1,520.786791,453.725781,424.229431,467.817904,472.508111,460.771843,2.747763,120.710573,-1.620034,47.391441,0.563864,84.051007
3980,132.666667,1,520.621395,454.233438,423.95278,468.530792,472.287087,461.382115,2.726964,107.369984,-1.654799,47.743487,0.536082,77.556735
3981,132.7,1,520.775414,454.493462,423.532763,468.55284,472.154088,461.523151,2.765946,126.292485,-1.659102,52.643976,0.553422,89.46823
3982,132.733333,1,520.738039,454.796584,423.323898,468.938853,472.030969,461.867718,2.767784,151.588765,-1.663046,51.457305,0.552369,101.523035
3983,132.766667,1,520.76807,454.94433,423.35516,469.152013,472.061615,462.048172,2.760878,135.129387,-1.665732,51.128173,0.547573,93.12878
3984,132.8,1,520.789585,455.053657,423.236055,469.057342,472.01282,462.0555,2.770083,158.413324,-1.665971,52.719019,0.552056,105.566172
3985,132.833333,1,520.76211,455.096315,423.304214,469.141155,472.033162,462.118735,2.762415,163.713156,-1.66456,51.453172,0.548928,107.583164
3986,132.866667,1,520.56385,454.980175,423.255224,469.178009,471.909537,462.079092,2.762963,168.312183,-1.659396,53.53423,0.551784,110.923207
3987,132.9,1,520.550709,454.997631,423.153515,469.094818,471.852112,462.046224,2.762986,131.267903,-1.658648,52.968159,0.552169,92.118031
3988,132.933333,1,520.327587,455.032307,423.123579,468.990984,471.725583,462.011645,2.765176,148.109324,-1.664592,51.726541,0.550292,99.917932
3989,132.966667,1,520.165567,455.02853,423.042259,468.795419,471.603913,461.911975,2.751669,95.223337,-1.658443,51.37898,0.546613,73.301158
3990,133.0,1,520.114241,455.038455,422.707567,468.905625,471.410904,461.97204,2.751479,84.094426,-1.667498,51.785123,0.541991,67.939774
3991,133.033333,1,519.864597,455.113599,422.565956,469.234185,471.215277,462.173892,2.763209,88.460824,-1.663405,52.498989,0.549902,70.479906
3992,133.066667,1,519.615231,455.219364,422.539968,469.688594,471.0776,462.453979,2.766809,104.848323,-1.661058,51.287232,0.552875,78.067777
3993,133.1,1,518.890181,455.5252,422.392712,470.124861,470.641446,462.825031,2.746985,130.712093,-1.672863,50.824422,0.537061,90.768258
3994,133.133333,1,518.932085,455.914797,422.188978,470.317605,470.560532,463.116201,2.757083,69.810733,-1.677031,48.372685,0.540026,59.091709
3995,133.166667,1,518.519888,456.478468,422.714071,470.729688,470.61698,463.604078,2.767301,97.643466,-1.653835,40.907932,0.556733,69.275699
3996,133.2,1,518.562641,457.018193,422.494297,470.949115,470.528469,463.983654,2.766233,50.617186,-1.643479,42.026023,0.561377,46.321605
3997,133.233333,1,518.922729,457.178482,422.339849,470.801657,470.631289,463.99007,2.788345,63.117473,-1.638479,43.500911,0.574933,53.309192
3998,133.266667,1,518.539076,457.48125,422.2791,471.081347,470.409088,464.281299,2.803447,116.871729,-1.630881,41.359705,0.586283,79.115717
3999,133.3,1,518.232956,457.641453,422.225399,471.278393,470.229177,464.459923,2.798728,99.32642,-1.621582,42.001298,0.588573,70.663859
4000,133.333333,1,518.079872,457.737122,422.207928,471.212078,470.1439,464.4746,2.778641,116.965476,-1.627242,41.891802,0.5757,79.428639
4001,133.366667,1,517.881804,457.553176,422.089806,471.33635,469.985805,464.444763,2.782321,158.382894,-1.604173,40.814271,0.589074,99.598582
4002,133.4,1,517.696552,457.579139,421.890774,471.433865,469.793663,464.506502,2.774507,181.747887,-1.613054,40.870881,0.580726,111.309384
4003,133.433333,1,517.813883,457.621958,422.162895,471.342938,469.988389,464.482448,2.771731,129.510592,-1.612553,40.273847,0.579589,84.89222
4004,133.466667,1,518.023052,457.217567,421.894693,470.713477,469.958873,463.965522,2.782392,185.43518,-1.638083,44.549715,0.572154,114.992447
4005,133.5,1,518.242884,456.570661,421.241531,470.01798,469.742208,463.294321,2.79007,142.286619,-1.653069,43.56631,0.568501,92.926464
4006,133.533333,1,519.016714,456.485152,421.204128,469.660453,470.110421,463.072802,2.769267,160.729173,-1.658409,45.098933,0.555429,102.914053
4007,133.566667,1,518.408689,455.938604,421.348886,469.103154,469.878788,462.520879,2.758633,145.394388,-1.675453,44.938018,0.54159,95.166203
4008,133.6,1,519.527683,455.668452,421.287689,468.588942,470.407686,462.128697,2.767978,73.28336,-1.685191,53.527185,0.541393,63.405272
4009,133.633333,1,519.196463,455.423985,421.442518,468.577055,470.31949,462.00052,2.713603,27.705399,-1.697658,37.151667,0.507972,32.428533
4010,133.666667,1,519.021368,454.506884,421.611853,467.760665,470.31661,461.133775,2.736484,117.74448,-1.66127,56.803747,0.537607,87.274113
4011,133.7,1,519.066811,454.990679,421.788502,467.622821,470.427656,461.30675,2.731603,59.712558,-1.633077,41.62055,0.549263,50.666554
4012,133.733333,1,519.288654,454.981946,421.722918,468.130563,470.505786,461.556255,2.716112,47.745275,-1.662089,47.305681,0.527012,47.525478
4013,133.766667,1,519.265738,454.801444,421.226387,468.361427,470.246062,461.581435,2.729246,33.647013,-1.669554,46.787439,0.529846,40.217226
4014,133.8,1,519.679165,454.268349,420.27421,467.67594,469.976687,460.972145,2.745869,43.13072,-1.656718,70.742214,0.544576,56.936467
4015,133.833333,1,519.672785,453.980731,418.685169,468.237938,469.178977,461.109334,2.820855,24.630931,-1.666396,56.04585,0.577229,40.338391
4016,133.866667,1,518.628473,455.198025,418.580275,468.609874,468.604374,461.903949,2.782726,37.990557,-1.656468,47.714826,0.563129,42.852692
4017,133.9,1,516.79615,457.093134,417.250137,470.866932,467.023144,463.980033,2.839102,77.914276,-1.640136,44.743468,0.599483,61.328872
4018,133.933333,1,515.76005,458.120291,416.180029,472.693913,465.970039,465.407102,2.835898,51.919261,-1.60838,43.058577,0.613759,47.488919
4019,133.966667,1,515.173454,460.248152,415.265341,474.99704,465.219398,467.622596,2.85576,37.315206,-1.606647,36.561873,0.624556,36.93854
4020,134.0,1,514.209766,462.395582,412.044125,476.937382,463.126945,469.666482,2.864282,26.073181,-1.645961,39.427553,0.609161,32.750367
4021,134.033333,1,512.197714,463.58173,410.878038,478.587027,461.537876,471.084378,2.842899,40.657874,-1.624406,41.646602,0.609246,41.152238
4022,134.066667,1,508.298368,464.914917,407.776785,481.140382,458.037577,473.02765,2.802161,21.155792,-1.594246,30.686889,0.603958,25.92134
4023,134.1,1,506.389847,467.193797,404.297009,482.580471,455.343428,474.887134,2.872546,24.696918,-1.609765,39.787209,0.63139,32.242063
4024,134.133333,1,503.345995,467.983106,401.346292,483.632144,452.346144,475.807625,2.911773,23.695806,-1.548316,36.479914,0.681729,30.08786
4025,134.166667,1,500.780554,469.508833,398.995018,486.386762,449.887786,477.947797,3.016439,28.087479,-1.536744,38.832015,0.739848,33.459747
4026,134.2,1,497.554102,471.91353,396.628418,489.26975,447.09126,480.59164,2.999241,30.98738,-1.488756,30.643125,0.755243,30.815252
4027,134.233333,1,495.362797,472.208229,393.850574,490.321755,444.606686,481.264992,2.959911,28.369572,-1.515526,26.550681,0.722193,27.460126
4028,134.266667,1,495.223417,471.811885,390.625095,489.132582,442.924256,480.472233,3.02063,14.986736,-1.568894,33.478924,0.725868,24.23283
4029,134.3,1,495.491915,471.30352,389.525776,488.538923,442.508845,479.921222,3.017254,15.662238,-1.587022,33.761599,0.715116,24.711918
4030,134.333333,1,495.742292,469.14343,387.837658,486.51966,441.789975,477.831545,3.020164,11.888322,-1.631874,18.801257,0.694145,15.344789
4031,134.366667,1,496.511106,465.948458,388.552876,483.428811,442.531991,474.688634,2.972331,10.45802,-1.614974,3.320256,0.678678,6.889138
4032,134.4,1,497.237492,463.180193,389.923668,480.745261,443.58058,471.962727,2.967687,4.999961,-1.64634,2.193887,0.660674,3.596924
4033,134.433333,1,499.820871,458.225756,393.029041,474.836011,446.424956,466.530883,2.96025,3.02981,-1.582625,1.20368,0.688813,2.116745
4034,134.466667,1,501.431646,455.002513,394.645119,471.423554,448.038383,463.213034,3.002873,2.244261,-1.575624,1.035745,0.713625,1.640003
4035,134.5,1,502.849436,452.08987,396.319838,468.66678,449.584637,460.378325,2.971977,1.992914,-1.600784,0.94247,0.685596,1.467692
4036,134.533333,1,504.572668,449.142519,398.293867,465.831406,451.433268,457.486963,2.964741,1.745906,-1.640506,1.033147,0.662118,1.389526
4037,134.566667,1,507.511702,445.939972,399.538393,462.693114,453.525047,454.316543,2.933686,1.455351,-1.661361,1.228502,0.636163,1.341926
4038,134.6,1,509.817028,443.386102,401.157064,460.373787,455.487046,451.879944,2.884658,1.329815,-1.67746,1.344361,0.603599,1.337088
4039,134.633333,1,511.000347,440.734459,402.840195,457.806462,456.920271,449.270461,2.902921,1.151969,-1.69682,1.432576,0.60305,1.292272
4040,134.666667,1,512.115688,438.718565,403.870516,455.563159,457.993102,447.140862,2.855102,1.086854,-1.674953,1.180213,0.590074,1.133534
4041,134.7,1,513.152657,437.036862,405.52002,452.965397,459.336338,445.00113,2.800157,0.957294,-1.6615,1.166538,0.569328,1.061916
4042,134.733333,1,514.981155,435.34323,407.248201,450.678427,461.114678,443.010828,2.823445,0.912633,-1.707228,1.01713,0.558108,0.964881
4043,134.766667,1,515.946817,434.220886,408.230667,448.397595,462.088742,441.30924,2.745886,1.151816,-1.754713,0.937924,0.495587,1.04487
4044,134.8,1,516.755486,432.958843,409.171009,446.955435,462.963247,439.957139,2.794451,1.050111,-1.741037,0.967388,0.526707,1.00875
4045,134.833333,1,516.815453,431.62984,409.838476,446.230445,463.326964,438.930143,2.809306,0.99695,-1.738441,1.028476,0.535433,1.012713
4046,134.866667,1,516.224318,430.609388,409.580727,445.483514,462.902522,438.046451,2.834925,1.030804,-1.720532,1.060833,0.557196,1.045819
4047,134.9,1,515.499096,430.247891,409.309759,445.310104,462.404428,437.778997,2.815354,1.187669,-1.738483,1.083839,0.538436,1.135754
4048,134.933333,1,514.947834,430.165783,408.749352,445.578936,461.848593,437.87236,2.81535,1.115818,-1.733712,1.092398,0.540819,1.104108
4049,134.966667,1,514.575396,430.692816,408.262177,445.969176,461.418786,438.330996,2.833784,1.059296,-1.730401,1.007434,0.551692,1.033365
4050,135.0,1,516.160059,430.858812,409.58847,445.507514,462.874265,438.183163,2.851541,0.88751,-1.749403,0.992056,0.551069,0.939783
4051,135.033333,1,516.734047,430.772628,409.876795,445.175489,463.305421,437.974058,2.867352,1.068629,-1.742061,1.095223,0.562646,1.081926
4052,135.066667,1,516.454792,430.584497,410.127068,444.204572,463.29093,437.394535,2.83717,1.030025,-1.735423,1.025491,0.550874,1.027758
4053,135.1,1,516.614246,430.265872,410.63921,443.346791,463.626728,436.806332,2.860461,1.117742,-1.73995,1.120197,0.560256,1.11897
4054,135.133333,1,511.82024,433.002423,411.369009,447.434489,461.594625,440.218456,2.650409,9.887023,-1.76319,2.850607,0.443609,6.368815
4055,135.166667,1,512.62002,434.597758,413.98036,447.500407,463.30019,441.049082,2.619202,14.399943,-1.682384,16.958651,0.468409,15.679297
4056,135.2,1,516.983051,431.060075,412.317276,443.896333,464.650164,437.478204,2.73608,3.714251,-1.80078,2.331838,0.46765,3.023045
4057,135.233333,1,519.153214,429.437402,414.300232,441.007369,466.726723,435.222386,2.837968,1.422069,-1.777511,1.735839,0.530229,1.578954
4058,135.266667,1,520.945692,427.684268,415.64456,439.042393,468.295126,433.36333,2.755832,0.616896,-1.773264,1.751005,0.491284,1.183951
4059,135.3,1,523.048544,426.625128,417.428827,437.248585,470.238686,431.936857,2.738498,0.989652,-1.755214,1.49919,0.491642,1.244421
4060,135.333333,1,525.896492,425.778279,419.523907,436.143183,472.710199,430.960731,2.775064,0.886725,-1.800605,1.245722,0.487229,1.066224
4061,135.366667,1,528.685589,425.457197,422.352695,435.064194,475.519142,430.260696,2.795377,0.756761,-1.756864,1.356811,0.519257,1.056786
4062,135.4,1,531.57011,425.32343,424.900017,434.052572,478.235064,429.688001,2.784079,0.892517,-1.758152,1.43371,0.512964,1.163114
4063,135.433333,1,530.612555,425.327454,424.680862,433.788847,477.646708,429.55815,2.702763,0.610591,-1.786007,1.410109,0.458378,1.01035
4064,135.466667,1,534.613266,425.430815,427.883663,432.725104,481.248465,429.07796,2.807973,1.046154,-1.781691,1.271746,0.513141,1.15895
4065,135.5,1,536.891546,425.347785,430.033731,431.747632,483.462639,428.547708,2.840693,0.884579,-1.802612,1.349269,0.519041,1.116924
4066,135.533333,1,538.57193,424.685901,431.349096,430.745119,484.960513,427.71551,2.832058,0.889576,-1.820506,1.283023,0.505776,1.086299
4067,135.566667,1,539.502039,424.180037,432.219763,429.499265,485.860901,426.839651,2.806073,0.686235,-1.811701,1.18592,0.497186,0.936077
4068,135.6,1,540.114231,423.438792,432.801275,427.771568,486.457753,425.60518,2.841876,0.51825,-1.806733,0.968799,0.517571,0.743525
4069,135.633333,1,540.771523,422.757554,432.960892,426.131204,486.866207,424.444379,2.792254,0.395092,-1.807523,1.036243,0.492365,0.715667
4070,135.666667,1,541.283216,422.484183,433.49967,425.449655,487.391443,423.966919,2.808689,0.464571,-1.804324,1.133595,0.502182,0.799083
4071,135.7,1,542.074852,422.721688,434.153357,425.312197,488.114104,424.016942,2.805508,0.542701,-1.811703,1.183212,0.496902,0.862956
4072,135.733333,1,542.81661,423.029391,435.134821,425.560055,488.975716,424.294723,2.806478,0.648168,-1.811176,1.157926,0.497651,0.903047
4073,135.766667,1,544.000902,423.075149,436.294041,425.418123,490.147471,424.246636,2.813866,0.711214,-1.819807,1.123639,0.497029,0.917426
4074,135.8,1,544.504623,422.580732,436.929169,425.021349,490.716896,423.801041,2.782589,0.768372,-1.843829,1.305213,0.46938,1.036793
4075,135.833333,1,545.360756,422.408298,437.602577,424.76464,491.481667,423.586469,2.791039,0.872872,-1.839333,1.225759,0.475853,1.049315
4076,135.866667,1,545.224991,422.391862,437.476082,425.30296,491.350536,423.847411,2.769523,0.860035,-1.863122,1.31871,0.453201,1.089372
4077,135.9,1,545.40266,423.075063,437.563515,425.920104,491.483088,424.497584,2.791939,0.853634,-1.846053,1.312921,0.472943,1.083278
4078,135.933333,1,545.102253,423.349754,437.210608,426.208109,491.15643,424.778931,2.764077,0.82918,-1.857839,1.368057,0.453119,1.098619
4079,135.966667,1,544.908533,423.470432,437.193871,426.321341,491.051202,424.895886,2.760776,0.788991,-1.862296,1.340022,0.44924,1.064506
4080,136.0,1,544.593649,423.346374,437.029409,426.558899,490.811529,424.952636,2.752498,0.804559,-1.874525,1.422541,0.438987,1.11355
4081,136.033333,1,544.569874,423.348595,436.850195,426.572814,490.710034,424.960704,2.756784,0.7753,-1.860653,1.375177,0.448065,1.075238
4082,136.066667,1,544.30481,423.403301,436.444035,426.502894,490.374422,424.953098,2.75391,0.84413,-1.864788,1.302272,0.444561,1.073201
4083,136.1,1,543.256321,423.262721,435.697365,426.89175,489.476843,425.077236,2.746716,0.9298,-1.880236,1.473911,0.43324,1.201855
4084,136.133333,1,543.015461,422.65504,435.19392,426.176319,489.104691,424.41568,2.758539,0.836936,-1.864537,1.341936,0.447001,1.089436
4085,136.166667,1,542.470932,421.868627,434.939432,425.494158,488.705182,423.681393,2.778273,0.743733,-1.857076,1.446687,0.460598,1.09521
4086,136.2,1,542.138176,421.054448,434.323883,423.884715,488.23103,422.469581,2.764728,0.694409,-1.844574,1.369866,0.460077,1.032137
4087,136.233333,1,541.015663,419.846059,434.284229,422.915912,487.649946,421.380985,2.801081,0.656883,-1.829389,1.426353,0.485846,1.041618
4088,136.266667,1,540.534811,418.48193,433.515015,421.571288,487.024913,420.026609,2.850892,0.505633,-1.79376,1.399845,0.528566,0.952739
4089,136.3,1,539.683695,417.651229,433.285809,420.775745,486.484752,419.213487,2.841367,0.510734,-1.794385,1.21075,0.523491,0.860742
4090,136.333333,1,539.559221,417.324536,432.993536,420.530816,486.276379,418.927676,2.860802,0.603523,-1.796101,1.190656,0.532351,0.89709
4091,136.366667,1,539.139242,417.594205,432.494459,420.908911,485.816851,419.251558,2.824407,0.57114,-1.803185,1.145441,0.510611,0.85829
4092,136.4,1,538.753834,417.721921,431.731176,421.625576,485.242505,419.673749,2.804839,0.51088,-1.801559,1.160431,0.50164,0.835655
4093,136.433333,1,537.709732,418.502347,431.015177,422.495728,484.362454,420.499038,2.77325,0.419935,-1.81567,1.211258,0.47879,0.815597
4094,136.466667,1,536.940956,419.195741,430.307674,424.055078,483.624315,421.62541,2.794302,0.633665,-1.798481,1.518434,0.49791,1.076049
4095,136.5,1,536.075239,420.107017,429.086666,425.74488,482.580953,422.925949,2.80402,0.587456,-1.778301,1.458163,0.51286,1.02281
4096,136.533333,1,534.707699,420.683734,427.784519,426.681379,481.246109,423.682557,2.783915,0.515645,-1.776277,1.420587,0.503819,0.968116
4097,136.566667,1,533.620119,421.141384,427.012672,427.636718,480.316396,424.389051,2.765261,0.542036,-1.769134,1.383918,0.498064,0.962977
4098,136.6,1,532.738819,421.560431,425.887032,428.199928,479.312925,424.880179,2.795306,0.5714,-1.774474,1.409153,0.510416,0.990277
4099,136.633333,1,531.896133,422.436569,424.771051,429.295514,478.333592,425.866041,2.815896,0.682398,-1.765583,1.47618,0.525157,1.079289
4100,136.666667,1,530.9624,422.553084,424.133835,430.008724,477.548118,426.280904,2.805784,0.719069,-1.784662,1.479241,0.510561,1.099155
4101,136.7,1,530.452595,422.261184,423.437672,429.490703,476.945133,425.875944,2.787477,0.915044,-1.816853,1.427638,0.485312,1.171341
4102,136.733333,1,531.400023,421.984155,424.222307,429.589334,477.811165,425.786744,2.805845,0.873023,-1.806157,1.454715,0.499844,1.163869
4103,136.766667,1,532.889442,421.627411,425.419731,429.169128,479.154587,425.398269,2.802205,0.762479,-1.821602,1.408188,0.490301,1.085334
4104,136.8,1,535.231819,421.522697,426.800804,428.605778,481.016312,425.064238,2.826592,0.780761,-1.836771,1.374037,0.494911,1.077399
4105,136.833333,1,537.190189,421.392031,428.897514,428.368285,483.043852,424.880158,2.843107,0.66538,-1.829301,1.393234,0.506903,1.029307
4106,136.866667,1,539.618616,421.449709,431.111717,428.122144,485.365167,424.785926,2.846353,0.6981,-1.826259,1.36197,0.510047,1.030035
4107,136.9,1,542.482367,421.670026,433.659382,426.746578,488.070874,424.208302,2.846566,1.00866,-1.826445,1.271835,0.510061,1.140248
4108,136.933333,1,545.768547,421.007853,436.402025,425.253865,491.085286,423.130859,2.835153,1.091322,-1.873462,1.265651,0.480846,1.178486
4109,136.966667,1,548.306532,420.837425,439.282713,424.654305,493.794622,422.745865,2.842607,0.960858,-1.878757,1.361181,0.481925,1.16102
4110,137.0,1,550.502872,420.784328,441.383839,423.267442,495.943356,422.025885,2.832341,0.965543,-1.841158,1.248851,0.495591,1.107197
4111,137.033333,1,552.718325,420.041238,443.463631,422.309078,498.090978,421.175158,2.836572,1.107423,-1.85936,1.292908,0.488606,1.200165
4112,137.066667,1,554.414062,419.585938,445.083017,421.337389,499.74854,420.461664,2.827968,1.096219,-1.874351,1.266147,0.476809,1.181183
4113,137.1,1,555.845537,419.312621,446.480837,420.444213,501.163187,419.878417,2.809681,1.027785,-1.874663,1.336706,0.467509,1.182246
4114,137.133333,1,556.831436,419.370675,447.359266,420.530924,502.095351,419.950799,2.796522,0.778267,-1.876086,1.27015,0.460218,1.024209
4115,137.166667,1,557.535753,419.641128,447.72131,421.212194,502.628531,420.426661,2.824636,0.844139,-1.904186,1.305074,0.460225,1.074606
4116,137.2,1,557.540789,420.674626,448.159657,422.156718,502.850223,421.415672,2.829489,0.823402,-1.913027,1.351251,0.458231,1.087326
4117,137.233333,1,557.486925,421.79727,448.254395,423.193424,502.87066,422.495347,2.801969,0.907331,-1.911795,1.462196,0.445087,1.184764
4118,137.266667,1,557.080641,423.597976,447.716341,423.951942,502.398491,423.774959,2.780606,1.060528,-1.931441,1.481243,0.424583,1.270885
4119,137.3,1,556.264524,425.235261,446.493626,425.030855,501.379075,425.133058,2.806065,1.160579,-1.941381,1.412716,0.432342,1.286647
4120,137.333333,1,555.747986,426.664116,445.718088,425.850989,500.733037,426.257553,2.807743,1.233215,-1.901728,1.310363,0.453008,1.271789
4121,137.366667,1,554.35297,427.671554,445.74275,426.524856,500.04786,427.098205,2.791862,1.061885,-1.876149,1.458058,0.457857,1.259971
4122,137.4,1,553.933706,427.640247,444.215107,426.621029,499.074407,427.130638,2.80505,0.994101,-1.885675,1.489996,0.459687,1.242049
4123,137.433333,1,553.637953,427.375063,443.550625,426.880614,498.594289,427.127838,2.799221,1.002073,-1.88763,1.566904,0.455795,1.284488
4124,137.466667,1,551.127214,430.3181,444.220047,429.577446,497.673631,429.947773,2.703254,8.27757,-1.877135,5.5916,0.413059,6.934585
4125,137.5,1,551.580572,429.384069,444.077749,429.939383,497.829161,429.661726,2.756377,24.493336,-1.934747,8.330944,0.410815,16.41214
4126,137.533333,1,552.268553,427.320678,441.585732,427.620249,496.927142,427.470464,2.838165,2.265438,-1.986,2.761541,0.426083,2.513489
4127,137.566667,1,551.228218,425.756843,440.9834,426.701345,496.105809,426.229094,2.852981,1.236461,-1.923206,2.337869,0.464887,1.787165
4128,137.6,1,549.936733,424.268904,440.121717,425.683297,495.029225,424.9761,2.821642,0.764687,-1.919707,1.975239,0.450968,1.369963
4129,137.633333,1,548.925037,422.859542,439.202719,424.524068,494.063878,423.691805,2.784695,0.9472,-1.906223,1.83751,0.439236,1.392355
4130,137.666667,1,548.205175,422.196908,438.134136,424.437894,493.169656,423.317401,2.766758,0.889748,-1.918144,1.813649,0.424307,1.351698
4131,137.7,1,547.347889,421.992556,437.179289,424.397146,492.263589,423.194851,2.763421,1.005643,-1.910628,1.770747,0.426396,1.388195
4132,137.733333,1,546.1798,421.817075,436.489382,424.107177,491.334591,422.962126,2.776685,0.986479,-1.912967,1.690628,0.431859,1.338554
4133,137.766667,1,545.068493,422.125347,435.678387,424.216847,490.37344,423.171097,2.764243,1.015172,-1.900816,1.603128,0.431714,1.30915
4134,137.8,1,543.628111,422.197788,434.593172,424.666021,489.110641,423.431904,2.795649,1.144273,-1.874785,1.703709,0.460432,1.423991
4135,137.833333,1,542.037506,422.499976,432.682581,425.093082,487.360044,423.796529,2.757571,1.074619,-1.870496,1.637603,0.443537,1.356111
4136,137.866667,1,540.515299,422.363613,431.288033,425.594248,485.901666,423.97893,2.755993,0.879553,-1.853605,1.813727,0.451194,1.34664
4137,137.9,1,538.710604,422.241797,429.256763,425.922303,483.983684,424.08205,2.781358,0.960321,-1.850989,1.838514,0.465185,1.399418
4138,137.933333,1,536.507406,422.312415,427.025747,426.249812,481.766577,424.281113,2.766284,1.097082,-1.850409,1.818925,0.457938,1.458004
4139,137.966667,1,534.129353,422.685274,424.050131,426.922724,479.089742,424.803999,2.8132,0.996497,-1.849755,1.665512,0.481723,1.331005
4140,138.0,1,531.263485,422.891783,421.889334,427.438878,476.576409,425.16533,2.796301,1.049296,-1.817619,1.662233,0.489341,1.355764
4141,138.033333,1,528.688335,422.919688,419.008284,427.788219,473.84831,425.353954,2.839834,1.212719,-1.832132,1.58331,0.503851,1.398014
4142,138.066667,1,526.230793,422.857676,416.725578,428.062416,471.478186,425.460046,2.843839,1.375225,-1.82119,1.588756,0.511324,1.48199
4143,138.1,1,523.853626,422.454121,414.505224,428.825666,469.179425,425.639893,2.823545,1.250673,-1.840561,1.601553,0.491492,1.426113
4144,138.133333,1,521.689568,422.145946,412.441664,429.116321,467.065616,425.631133,2.774785,1.26318,-1.852411,1.538012,0.461187,1.400596
4145,138.166667,1,520.0313,421.946551,411.251488,428.899426,465.641394,425.422989,2.775124,1.217433,-1.87442,1.484833,0.450352,1.351133
4146,138.2,1,518.897324,422.024721,410.275221,429.351304,464.586272,425.688012,2.813951,1.074298,-1.868771,1.509812,0.47259,1.292055
4147,138.233333,1,518.381348,421.779664,409.953308,429.095206,464.167328,425.437435,2.784857,1.089307,-1.842234,1.455875,0.471311,1.272591
4148,138.266667,1,518.214779,421.973104,409.954567,429.27588,464.084673,425.624492,2.796476,1.170493,-1.845758,1.471971,0.475359,1.321232
4149,138.3,1,518.1003,422.271012,410.083313,429.640864,464.091806,425.955938,2.800634,1.197067,-1.832028,1.343494,0.484303,1.27028
4150,138.333333,1,518.739958,422.916459,410.533485,430.279101,464.636722,426.59778,2.823717,1.328068,-1.873901,1.370075,0.474908,1.349072
4151,138.366667,1,519.412651,423.74495,411.507797,430.487219,465.460224,427.116085,2.795167,1.254311,-1.858203,1.351472,0.468482,1.302892
4152,138.4,1,521.518593,423.79102,412.728958,431.309627,467.123775,427.550324,2.839569,1.349582,-1.858514,1.594045,0.490528,1.471814
4153,138.433333,1,523.290567,424.540064,413.922901,431.251252,468.606734,427.895658,2.847659,1.332764,-1.866298,1.556208,0.49068,1.444486
4154,138.466667,1,524.834843,425.392106,415.503225,431.872655,470.169034,428.63238,2.883295,1.289155,-1.809528,1.569668,0.536883,1.429412
4155,138.5,1,526.428909,425.627968,417.073069,431.812584,471.750989,428.720276,2.84853,1.431392,-1.804053,1.798279,0.522238,1.614835
4156,138.533333,1,528.249731,426.195288,418.90481,431.92204,473.577271,429.058664,2.831906,1.263064,-1.822279,1.772857,0.504813,1.51796
4157,138.566667,1,530.247164,426.794708,420.668507,431.549256,475.457835,429.171982,2.827503,1.272684,-1.833299,1.64708,0.497102,1.459882
4158,138.6,1,532.096958,427.225084,422.270327,431.586195,477.183642,429.40564,2.81815,1.262193,-1.869831,1.64419,0.474159,1.453192
4159,138.633333,1,533.834114,427.444478,423.884087,431.0818,478.8591,429.263139,2.79459,1.301546,-1.895734,1.565846,0.449428,1.433696
4160,138.666667,1,535.556078,427.526897,425.409269,430.530531,480.482674,429.028714,2.7896,1.383648,-1.902232,1.432064,0.443684,1.407856
4161,138.7,1,537.389822,427.278889,427.450218,429.995055,482.42002,428.636972,2.842468,1.119831,-1.889785,1.434309,0.476341,1.27707
4162,138.733333,1,539.060392,426.988095,429.389343,429.415966,484.224868,428.202031,2.861321,1.082407,-1.879438,1.336363,0.490941,1.209385
4163,138.766667,1,541.309576,427.11668,431.861925,429.601983,486.585751,428.359331,2.857139,0.878887,-1.844187,1.438428,0.506476,1.158657
4164,138.8,1,543.660316,427.625742,434.674501,429.738421,489.167409,428.682082,2.878911,0.796726,-1.811714,1.391981,0.533598,1.094354
4165,138.833333,1,545.192051,427.668904,436.073055,429.458163,490.632553,428.563533,2.881018,0.780818,-1.856329,1.375125,0.512344,1.077972
4166,138.866667,1,546.965342,427.562377,438.467836,428.872969,492.716589,428.217673,2.876999,0.724726,-1.822481,1.305338,0.527259,1.015032
4167,138.9,1,548.994694,427.353508,440.704784,427.808422,494.849739,427.580965,2.815312,1.076563,-1.822832,1.327023,0.49624,1.201793
4168,138.933333,1,551.092663,427.226704,442.610807,427.143137,496.851735,427.184921,2.812705,1.062364,-1.857054,1.475402,0.477825,1.268883
4169,138.966667,1,552.712488,427.243484,444.165611,426.737652,498.43905,426.990568,2.862996,1.028577,-1.868646,1.29511,0.497175,1.161844
4170,139.0,1,553.949337,427.365911,445.625496,426.595473,499.787416,426.980692,2.828748,0.991983,-1.871957,1.143217,0.478395,1.0676
4171,139.033333,1,555.316715,427.255436,446.74099,426.586354,501.028852,426.920895,2.840498,1.108233,-1.872281,1.115639,0.484108,1.111936
4172,139.066667,1,556.660337,427.245029,447.778301,426.458015,502.219319,426.851522,2.820364,1.161631,-1.886401,1.239402,0.466982,1.200517
4173,139.1,1,557.800541,427.294296,448.745632,426.405369,503.273087,426.849833,2.83744,1.058493,-1.890174,1.297662,0.473633,1.178078
4174,139.133333,1,558.503895,427.357124,449.340057,426.523687,503.921976,426.940405,2.828248,1.056361,-1.896754,1.200884,0.465747,1.128622
4175,139.166667,1,557.441597,426.411538,448.197088,426.062819,502.819343,426.237178,2.798471,1.393559,-1.931103,1.265052,0.433684,1.329305
4176,139.2,1,554.151726,425.151286,443.071442,425.138465,498.611584,425.144876,2.740873,1.931686,-2.016317,1.246955,0.362278,1.589321
4177,139.233333,1,547.974319,422.959718,437.381954,425.410634,492.678137,424.185176,2.660024,1.657479,-2.074384,1.419688,0.29282,1.538584
4178,139.266667,1,544.212599,421.47549,434.978428,423.526758,489.595513,422.501124,2.646292,1.608105,-2.054704,1.424552,0.295794,1.516328
4179,139.3,1,540.398045,420.552853,432.242098,424.035412,486.320071,422.294133,2.67357,1.525511,-1.990558,1.30915,0.341506,1.41733
4180,139.333333,1,536.685648,419.487877,428.151436,424.207846,482.418542,421.847861,2.684818,1.671989,-1.942335,1.075952,0.371242,1.373971
4181,139.366667,1,533.434191,418.648957,424.821405,424.807717,479.127798,421.728337,2.709332,1.545955,-1.882264,1.16322,0.413534,1.354587
4182,139.4,1,529.724693,417.728992,421.860828,424.886574,475.792761,421.307783,2.727735,1.360151,-1.915919,1.270315,0.405908,1.315233
4183,139.433333,1,526.07482,417.714465,419.431734,425.021532,472.753277,421.367998,2.721971,1.299143,-1.909985,1.209612,0.405993,1.254377
4184,139.466667,1,522.632704,417.648525,416.741419,424.729267,469.687061,421.188896,2.730143,1.346764,-1.863453,1.10715,0.433345,1.226957
4185,139.5,1,519.712687,416.788931,414.606009,424.493169,467.159348,420.64105,2.806505,1.289735,-1.839035,1.143857,0.483735,1.216796
4186,139.533333,1,516.728411,417.06066,412.520819,425.421031,464.624615,421.240845,2.825757,1.134255,-1.824828,1.203504,0.500465,1.16888
4187,139.566667,1,515.038128,417.812988,410.839739,426.427449,462.938933,422.120218,2.841259,1.196869,-1.786555,1.241717,0.527352,1.219293
4188,139.6,1,514.906464,418.007373,410.416565,426.689093,462.661514,422.348233,2.840093,1.312011,-1.795083,1.254478,0.522505,1.283244
4189,139.633333,1,513.881683,418.722332,410.068035,427.37341,461.974859,423.047871,2.820049,1.219869,-1.771405,1.393967,0.524322,1.306918
4190,139.666667,1,513.353958,419.422603,409.771919,428.287861,461.562939,423.855232,2.790484,1.182223,-1.772875,1.367561,0.508805,1.274892
4191,139.7,1,513.023157,419.95265,409.52302,429.132446,461.273088,424.542548,2.79699,1.168506,-1.774618,1.373964,0.511186,1.271235
4192,139.733333,1,512.839012,420.550708,409.450188,429.910941,461.1446,425.230824,2.770295,1.149088,-1.790167,1.343893,0.490064,1.24649
4193,139.766667,1,513.05377,421.613324,409.609251,430.344472,461.331511,425.978898,2.760994,1.190281,-1.768278,1.365201,0.496358,1.277741
4194,139.8,1,513.36482,422.188003,409.949226,430.923003,461.657023,426.555503,2.773926,1.141541,-1.782368,1.307777,0.495779,1.224659
4195,139.833333,1,514.127111,422.930245,410.353441,431.424093,462.240276,427.177169,2.790615,1.13444,-1.781031,1.255243,0.504792,1.194842
4196,139.866667,1,514.728088,423.558741,410.399351,431.589328,462.56372,427.574034,2.791945,1.217026,-1.798001,1.308854,0.496972,1.26294
4197,139.9,1,515.517664,424.024898,410.510836,431.708976,463.01425,427.866937,2.778282,1.256465,-1.835827,1.28186,0.471228,1.269162
4198,139.933333,1,516.047812,424.570438,410.762138,431.931653,463.404975,428.251045,2.772729,1.268798,-1.817035,1.266227,0.477847,1.267513
4199,139.966667,1,516.445284,424.754008,411.220303,432.210045,463.832793,428.482026,2.77632,1.197657,-1.826411,1.244861,0.474954,1.221259
4200,140.0,1,517.178736,425.332571,411.819677,432.559601,464.499207,428.946086,2.769628,1.275811,-1.834021,1.165446,0.467804,1.220628
4201,140.033333,1,517.706709,425.789727,412.390671,432.837038,465.04869,429.313383,2.753472,1.281807,-1.85903,1.230897,0.447221,1.256352
4202,140.066667,1,519.109125,426.403749,412.922812,433.038193,466.015968,429.720971,2.722445,1.375362,-1.877586,1.331819,0.422429,1.353591
4203,140.1,1,523.055382,427.234923,414.74329,433.99425,468.899336,430.614586,2.773236,1.425176,-1.849589,1.38936,0.461823,1.407268
4204,140.133333,1,528.422308,428.691126,420.563755,434.294722,474.493032,431.492924,2.862972,1.732464,-1.882349,1.749558,0.490312,1.741011
4205,140.166667,1,530.223265,429.133948,422.371359,434.416902,476.297312,431.775425,2.916799,1.622158,-1.852998,1.5587,0.531901,1.590429
4206,140.2,1,530.771561,428.722165,422.49321,433.747777,476.632385,431.234971,2.887937,1.680725,-1.836016,1.483742,0.52596,1.582234
4207,140.233333,1,531.482162,427.897257,423.042393,432.902173,477.262278,430.399715,2.941968,1.819171,-1.830944,1.566576,0.555512,1.692873
4208,140.266667,1,533.64872,428.468717,426.850796,432.320284,480.249758,430.3945,2.960323,1.677911,-1.81338,1.750753,0.573472,1.714332
4209,140.3,1,534.38014,427.973903,427.4368,431.799291,480.90847,429.886597,2.949093,1.736456,-1.809864,1.673522,0.569615,1.704989
4210,140.333333,1,534.610004,427.576218,427.679996,431.651523,481.145,429.61387,2.948301,1.773282,-1.784338,1.476745,0.581981,1.625014
4211,140.366667,1,534.763508,427.243055,427.620382,431.433406,481.191945,429.33823,2.963236,1.681391,-1.773393,1.442189,0.594922,1.56179
4212,140.4,1,535.291328,427.042876,428.010063,431.033767,481.650696,429.038322,2.975774,1.724835,-1.773136,1.454121,0.601319,1.589478
4213,140.433333,1,535.844641,426.438339,428.494558,430.370672,482.1696,428.404505,2.975547,1.676273,-1.790926,1.545947,0.592311,1.61111
4214,140.466667,1,536.656246,426.124885,428.951378,429.854239,482.803812,427.989562,2.966021,1.692121,-1.813783,1.528259,0.576119,1.61019
4215,140.5,1,536.90382,425.9464,429.869375,429.654619,483.386598,427.800509,2.968735,1.534264,-1.800463,1.521693,0.584136,1.527979
4216,140.533333,1,537.791262,426.075178,430.8461,430.022607,484.318681,428.048893,2.945621,1.525773,-1.810406,1.572147,0.567607,1.54896
4217,140.566667,1,538.907366,426.258245,431.577339,430.290034,485.242352,428.274139,2.950436,1.698181,-1.805913,1.518874,0.572261,1.608528
4218,140.6,1,539.70706,426.910375,432.067337,430.706742,485.887198,428.808559,2.905559,1.567814,-1.822658,1.701685,0.541451,1.63475
4219,140.633333,1,540.564823,427.484862,432.620192,430.714756,486.592507,429.099809,2.908015,1.65535,-1.829119,1.675505,0.539448,1.665428
4220,140.666667,1,541.081247,427.972219,433.08672,430.708802,487.083983,429.34051,2.879297,1.486729,-1.853315,1.758972,0.512991,1.62285
4221,140.7,1,541.875372,428.306379,433.673811,430.410733,487.774591,429.358556,2.86412,1.57026,-1.840199,1.612627,0.51196,1.591444
4222,140.733333,1,542.480593,428.424128,434.424162,430.352819,488.452377,429.388474,2.869852,1.529098,-1.842242,1.626608,0.513805,1.577853
4223,140.766667,1,543.29608,428.511354,435.086021,430.03472,489.191051,429.273037,2.841216,1.598688,-1.860985,1.635716,0.490116,1.617202
4224,140.8,1,544.310484,428.261662,435.949497,429.807247,490.129991,429.034454,2.838268,1.549812,-1.885183,1.607089,0.476542,1.57845
4225,140.833333,1,545.317326,427.943916,436.702957,429.151951,491.010141,428.547934,2.822624,1.576895,-1.870169,1.581907,0.476228,1.579401
4226,140.866667,1,546.536341,427.039669,437.561607,428.448236,492.048974,427.743952,2.788161,1.54457,-1.899175,1.758145,0.444493,1.651357
4227,140.9,1,547.940769,425.564657,438.639059,427.218347,493.289914,426.391502,2.780082,1.582215,-1.870697,1.674207,0.454693,1.628211
4228,140.933333,1,549.004641,424.578356,439.431448,426.097677,494.218044,425.338016,2.822265,1.699448,-1.891275,1.596487,0.465495,1.647968
4229,140.966667,1,550.458622,423.999234,440.751982,425.111289,495.605302,424.555262,2.834009,1.638489,-1.88609,1.572733,0.47396,1.605611
4230,141.0,1,552.86108,423.798273,443.135548,425.055424,497.998314,424.426848,2.844284,1.218755,-1.892042,1.58309,0.476121,1.400923
4231,141.033333,1,554.214211,423.41168,444.309759,424.416919,499.261985,423.9143,2.838709,1.140462,-1.882527,1.601739,0.478091,1.371101
4232,141.066667,1,555.551186,423.129083,445.702791,423.957167,500.626988,423.543125,2.865744,1.180042,-1.873994,1.447165,0.495875,1.313603
4233,141.1,1,557.008343,423.011162,447.230434,423.369741,502.119389,423.190452,2.82514,1.513947,-1.873512,1.283531,0.475814,1.398739
4234,141.133333,1,558.392859,423.242208,448.552246,423.433589,503.472552,423.337898,2.804362,1.562252,-1.877429,1.343575,0.463466,1.452914
4235,141.166667,1,559.643965,423.729919,449.510069,423.83828,504.577017,423.7841,2.842763,1.583183,-1.879741,1.356543,0.481511,1.469863
4236,141.2,1,560.951872,424.156798,451.152925,423.936621,506.052399,424.04671,2.815573,1.557714,-1.886184,1.28381,0.464694,1.420762
4237,141.233333,1,562.058811,424.216729,452.065506,424.334564,507.062159,424.275647,2.800374,1.567159,-1.893211,1.244528,0.453582,1.405843
4238,141.266667,1,562.435141,424.112424,452.596579,424.27886,507.51586,424.195642,2.794716,1.469629,-1.916287,1.178468,0.439215,1.324049
4239,141.3,1,562.86129,424.35703,452.9109,424.427916,507.886095,424.392473,2.787319,1.435611,-1.896268,1.299146,0.445525,1.367379
4240,141.333333,1,563.007345,424.486527,453.09392,424.441638,508.050632,424.464083,2.793304,1.357306,-1.889554,1.356551,0.451875,1.356928
4241,141.366667,1,563.235788,424.544281,452.893677,424.435769,508.064733,424.490025,2.795456,1.391725,-1.906496,1.426968,0.44448,1.409347
4242,141.4,1,563.472614,424.521503,453.208799,424.537296,508.340707,424.5294,2.788202,1.317497,-1.894782,1.400393,0.44671,1.358945
4243,141.433333,1,563.993807,425.502945,455.009918,426.269799,509.501863,425.886372,2.803425,1.454439,-1.948465,1.851574,0.42748,1.653006
4244,141.466667,1,564.328394,426.233515,454.417124,427.575316,509.372759,426.904415,2.824301,2.574571,-2.052903,3.097951,0.385699,2.836261
4245,141.5,1,564.705448,424.556769,456.319885,425.635146,510.512667,425.095958,2.814927,1.93992,-1.953231,1.955918,0.430848,1.947919
4246,141.533333,1,566.888714,423.184057,458.203707,424.152292,512.54621,423.668175,2.808558,1.758072,-1.941647,1.622087,0.433456,1.69008
4247,141.566667,1,568.942623,422.020665,460.030375,423.035152,514.486499,422.527909,2.795575,1.72029,-1.93071,1.721704,0.432432,1.720997
4248,141.6,1,570.379038,421.671195,461.524496,421.967483,515.951767,421.819339,2.781326,1.655133,-1.918391,1.581595,0.431468,1.618364
4249,141.633333,1,572.096767,421.309451,463.936462,421.188505,518.016615,421.248978,2.734217,1.680247,-1.918243,1.485709,0.407987,1.582978
4250,141.666667,1,573.268766,421.055671,465.287209,420.799305,519.277987,420.927488,2.72573,1.716446,-1.926467,1.456429,0.399631,1.586438
4251,141.7,1,574.465351,421.045511,466.720333,420.330852,520.592842,420.688182,2.73675,1.747424,-1.904999,1.369653,0.415875,1.558539
4252,141.733333,1,575.565929,421.221968,467.78533,420.474426,521.67563,420.848197,2.732054,1.750341,-1.929382,1.307494,0.401336,1.528917
4253,141.766667,1,575.931444,421.391451,468.481197,420.24897,522.206321,420.820211,2.710246,1.773473,-1.930389,1.221651,0.389928,1.497562
4254,141.8,1,576.716194,421.340296,468.935375,420.325466,522.825785,420.832881,2.735518,1.72222,-1.894951,1.124184,0.420284,1.423202
4255,141.833333,1,577.208242,421.511132,469.205141,420.503265,523.206692,421.007198,2.751602,1.53085,-1.907431,1.139577,0.422085,1.335214
4256,141.866667,1,577.787237,421.811024,469.407415,420.923277,523.597326,421.367151,2.735606,1.573224,-1.949768,1.148354,0.392919,1.360789
4257,141.9,1,578.33128,422.126087,469.750366,421.264594,524.040823,421.69534,2.714806,1.538108,-1.966589,1.151865,0.374108,1.344986
4258,141.933333,1,578.839607,422.345985,470.137205,421.589527,524.488406,421.967756,2.716194,1.66351,-1.966313,1.23917,0.374941,1.45134
4259,141.966667,1,579.187393,422.576827,470.44631,422.05429,524.816852,422.315558,2.719468,1.58071,-1.93128,1.243005,0.394094,1.411857
4260,142.0,1,579.685383,423.04263,470.814333,422.380532,525.249858,422.711581,2.721609,1.510789,-1.952643,1.267174,0.384483,1.388982
4261,142.033333,1,580.169907,423.381801,471.579762,422.726698,525.874834,423.054249,2.724245,1.500949,-1.926721,1.334529,0.398762,1.417739
4262,142.066667,1,580.502319,423.929164,471.45442,423.486246,525.97837,423.707705,2.728323,1.474096,-1.934237,1.342862,0.397043,1.408479
4263,142.1,1,580.314217,424.198458,471.327257,423.912696,525.820737,424.055577,2.730839,1.383444,-1.930232,1.39217,0.400304,1.387807
4264,142.133333,1,580.187817,424.534636,471.098394,424.539775,525.643106,424.537205,2.745455,1.319572,-1.943852,1.319958,0.400801,1.319765
4265,142.166667,1,579.943228,424.855996,470.769701,424.985569,525.356464,424.920782,2.76796,1.30317,-1.930367,1.317664,0.418796,1.310417
4266,142.2,1,579.784012,425.130472,470.753641,425.3748,525.268826,425.252636,2.741207,1.478449,-1.907215,1.343128,0.416996,1.410789
4267,142.233333,1,579.792318,425.177025,470.84733,425.523491,525.319824,425.350258,2.737627,1.451307,-1.90029,1.363983,0.418669,1.407645
4268,142.266667,1,579.498978,424.986084,470.505886,425.525454,525.002432,425.255769,2.742087,1.466213,-1.887468,1.394228,0.427309,1.430221
4269,142.3,1,578.970203,424.608289,470.295067,425.159365,524.632635,424.883827,2.733342,1.495887,-1.889516,1.280584,0.421913,1.388235
4270,142.333333,1,578.718357,424.158912,470.035124,424.779875,524.37674,424.469393,2.739914,1.577849,-1.899314,1.205395,0.4203,1.391622
4271,142.366667,1,578.323631,423.562056,469.989166,424.133463,524.156399,423.847759,2.741668,1.680723,-1.883289,1.146197,0.429189,1.41346
4272,142.4,1,578.524485,422.874284,469.960709,423.863086,524.242597,423.368685,2.742429,1.570747,-1.914679,1.239884,0.413875,1.405316
4273,142.433333,1,578.908672,422.595162,470.209541,423.584833,524.559107,423.089998,2.733951,1.645493,-1.971014,1.213627,0.381469,1.42956
4274,142.466667,1,578.088846,424.376836,472.415895,424.981052,525.252371,424.678944,2.724027,9.703262,-2.048638,2.217022,0.337694,5.960142
4275,142.5,1,579.84066,424.049349,474.037266,424.5347,526.938963,424.292024,2.713161,13.649327,-2.06089,2.637192,0.326136,8.14326
4276,142.533333,1,582.364216,422.218494,474.071379,422.511896,528.217797,422.365195,2.740268,3.771672,-2.089264,2.421704,0.325502,3.096688
4277,142.566667,1,583.334122,420.619608,475.704098,420.982586,529.51911,420.801097,2.645635,2.390009,-2.035126,1.760727,0.305254,2.075368
4278,142.6,1,584.28792,419.913458,476.873798,419.496331,530.580859,419.704894,2.635523,1.979792,-2.007558,1.655272,0.313983,1.817532
4279,142.633333,1,585.131207,419.639368,477.517338,419.033521,531.324272,419.336445,2.628846,2.122694,-2.022485,1.500358,0.30318,1.811526
4280,142.666667,1,585.686884,419.615743,478.262634,418.754851,531.974759,419.185297,2.664629,2.071888,-2.026994,1.536863,0.318818,1.804376
4281,142.7,1,586.226025,419.366738,478.900337,418.450817,532.563181,418.908777,2.679777,1.822882,-2.027245,1.589601,0.326266,1.706242
4282,142.733333,1,586.465216,419.53223,479.018955,418.595678,532.742085,419.063954,2.671598,1.694345,-2.02347,1.574501,0.324064,1.634423
4283,142.766667,1,586.69776,419.843559,479.016514,418.885592,532.857137,419.364576,2.65054,1.772954,-2.00993,1.554124,0.320305,1.663539
4284,142.8,1,587.054605,420.655378,479.402304,419.667081,533.228455,420.161229,2.660589,1.837881,-2.006789,1.536071,0.3269,1.686976
4285,142.833333,1,587.764645,421.238147,479.756947,420.242715,533.760796,420.740431,2.667615,1.614606,-2.006976,1.44011,0.330319,1.527358
4286,142.866667,1,588.468943,421.739581,480.206099,420.859011,534.337521,421.299296,2.690839,1.792062,-2.022558,1.397391,0.33414,1.594726
4287,142.9,1,589.791594,421.99085,481.456118,421.231635,535.623856,421.611242,2.685549,1.742222,-2.027456,1.509227,0.329047,1.625725
4288,142.933333,1,591.163387,422.411377,482.459383,422.343453,536.811385,422.377415,2.68042,1.807509,-2.057791,1.542814,0.311315,1.675161
4289,142.966667,1,592.821331,422.833815,483.392868,422.929044,538.1071,422.881429,2.6761,1.670015,-2.072942,1.487898,0.301579,1.578956
4290,143.0,1,594.185905,423.820986,484.507523,423.616773,539.346714,423.718879,2.672561,1.756693,-2.057039,1.549698,0.307761,1.653196
4291,143.033333,1,595.386648,424.95997,485.41522,424.416833,540.400934,424.688401,2.664179,1.724947,-2.051152,1.485844,0.306514,1.605395
4292,143.066667,1,596.247787,426.317779,486.223516,425.486659,541.235652,425.902219,2.657219,1.724709,-2.069052,1.626873,0.294084,1.675791
4293,143.1,1,596.785059,427.117538,486.772537,426.449003,541.778798,426.783271,2.660161,1.758185,-2.050973,1.662402,0.304594,1.710294
4294,143.133333,1,597.140512,428.058275,487.447586,427.010669,542.294049,427.534472,2.678493,1.763574,-2.04335,1.607599,0.317571,1.685587
4295,143.166667,1,597.357273,428.992124,487.680883,427.664709,542.519078,428.328416,2.709097,1.872885,-2.039483,1.645852,0.334807,1.759368
4296,143.2,1,596.979227,429.86087,487.966957,428.162988,542.473092,429.011929,2.741803,1.872423,-2.021731,1.44785,0.360036,1.660137
4297,143.233333,1,595.4568,430.753187,486.510057,429.189652,540.983429,429.97142,2.706378,2.192855,-2.006428,1.328956,0.349975,1.760905
4298,143.266667,1,593.398781,432.283945,484.870415,430.984672,539.134598,431.634309,2.703717,1.862078,-2.006694,1.343289,0.348511,1.602684
4299,143.3,1,591.86861,432.451272,483.581219,431.359248,537.724915,431.90526,2.725041,1.724643,-1.920709,1.378,0.402166,1.551322
4300,143.333333,1,590.235376,432.689956,481.794014,431.399996,536.014695,432.044976,2.778302,1.640503,-1.902732,1.45574,0.437785,1.548121
4301,143.366667,1,588.725853,432.750746,480.323668,431.569941,534.52476,432.160344,2.758019,1.68712,-1.929891,1.415941,0.414064,1.55153
4302,143.4,1,586.803312,433.056239,478.23101,431.747793,532.517161,432.402016,2.757604,1.497685,-1.935657,1.423922,0.410974,1.460803
4303,143.433333,1,585.42532,432.966524,476.79409,431.854073,531.109705,432.410299,2.763457,1.419366,-1.909332,1.562178,0.427063,1.490772
4304,143.466667,1,583.961601,432.732089,475.463047,431.747578,529.712324,432.239833,2.730401,1.437769,-1.900227,1.505095,0.415087,1.471432
4305,143.5,1,582.790718,431.833763,474.290257,431.589253,528.540487,431.711508,2.675573,1.480509,-1.91284,1.386565,0.381367,1.433537
4306,143.533333,1,581.657009,431.538237,473.531027,431.541585,527.594018,431.539911,2.674214,1.500181,-1.927056,1.520633,0.373579,1.510407
4307,143.566667,1,580.843554,431.382498,472.702236,431.792972,526.772895,431.587735,2.683459,1.43542,-1.922463,1.52211,0.380498,1.478765
4308,143.6,1,579.998007,431.113783,472.287483,431.738738,526.142745,431.42626,2.697271,1.421581,-1.917698,1.463914,0.389786,1.442747
4309,143.633333,1,579.580126,430.19753,471.944704,431.635054,525.762415,430.916292,2.733219,1.422519,-1.886797,1.548608,0.423211,1.485564
4310,143.666667,1,579.088278,429.85587,471.229334,431.021762,525.158806,430.438816,2.715744,1.584318,-1.895412,1.518641,0.410166,1.551479
4311,143.7,1,578.796968,429.526978,470.883369,430.728983,524.840169,430.12798,2.731171,1.604621,-1.884774,1.456201,0.423198,1.530411
4312,143.733333,1,578.271275,429.132478,470.795059,430.636489,524.533167,429.884484,2.741919,1.540896,-1.865312,1.384259,0.438303,1.462578
4313,143.766667,1,578.271885,429.158678,470.665627,430.830617,524.468756,429.994648,2.758939,1.486902,-1.870369,1.410361,0.444285,1.448632
4314,143.8,1,578.121758,428.732218,470.257349,430.250058,524.189553,429.491138,2.748635,1.485081,-1.86967,1.369104,0.439482,1.427093
4315,143.833333,1,578.010044,428.203683,470.087185,430.102794,524.048615,429.153239,2.758044,1.422062,-1.861638,1.405187,0.448203,1.413624
4316,143.866667,1,577.648983,428.160253,470.069809,429.958642,523.859396,429.059447,2.772977,1.396424,-1.868706,1.315312,0.452135,1.355868
4317,143.9,1,577.620344,427.894253,470.060339,429.657676,523.840342,428.775964,2.76644,1.439003,-1.860919,1.321746,0.452761,1.380375
4318,143.933333,1,577.514439,427.724297,470.119286,429.559314,523.816862,428.641806,2.77205,1.52466,-1.853441,1.303524,0.459304,1.414092
4319,143.966667,1,577.536612,427.515106,470.067663,429.505777,523.802137,428.510442,2.768627,1.433949,-1.862272,1.294978,0.453178,1.364463
4320,144.0,1,577.5175,427.536414,470.059948,429.365691,523.788724,428.451052,2.782412,1.419644,-1.840863,1.289084,0.470775,1.354364
4321,144.033333,1,577.625875,427.617996,469.976454,429.249315,523.801165,428.433656,2.774838,1.400537,-1.860945,1.276796,0.456947,1.338666
4322,144.066667,1,577.523375,427.465185,469.891386,429.347581,523.70738,428.406383,2.780651,1.464102,-1.853675,1.37579,0.463488,1.419946
4323,144.1,1,577.435465,428.123002,470.348473,429.088222,523.891969,428.605612,2.809058,2.106743,-1.959336,1.98379,0.424861,2.045267
4324,144.133333,1,573.590002,430.774183,472.587786,432.304029,523.088894,431.539106,2.644308,22.239903,-1.877312,65.216301,0.383498,43.728102
4325,144.166667,1,576.273098,429.107759,469.943695,430.758176,523.108397,429.932967,2.733243,14.090774,-1.958473,10.274651,0.387385,12.182713
4326,144.2,1,576.978302,427.385116,468.610277,428.397135,522.79429,427.891125,2.800047,2.838277,-2.005116,2.377342,0.397466,2.607809
4327,144.233333,1,576.395512,425.985442,468.708496,426.601331,522.552004,426.293387,2.780542,1.900994,-1.92193,1.465991,0.429306,1.683492
4328,144.266667,1,576.3099,425.174825,468.312941,425.770984,522.31142,425.472904,2.776772,1.664179,-1.902928,1.335342,0.436922,1.499761
4329,144.3,1,576.079588,424.510635,467.669306,425.462369,521.874447,424.986502,2.748009,1.737974,-1.920481,1.304164,0.413764,1.521069
4330,144.333333,1,575.713282,423.930806,467.213507,425.118188,521.463394,424.524497,2.734514,1.638397,-1.897631,1.404931,0.418442,1.521664
4331,144.366667,1,574.811144,423.782405,466.062994,424.693669,520.437069,424.238037,2.726937,1.668967,-1.906127,1.485805,0.410405,1.577386
4332,144.4,1,573.904591,423.717141,464.561338,424.634382,519.232965,424.175761,2.715394,1.75823,-1.908738,1.459172,0.403328,1.608701
4333,144.433333,1,573.182764,423.40299,463.495026,424.508092,518.338895,423.955541,2.718437,1.644693,-1.906474,1.609474,0.405981,1.627084
4334,144.466667,1,571.956453,422.757275,461.735296,424.346409,516.845875,423.551842,2.768533,1.622815,-1.917804,1.624664,0.425365,1.623739
4335,144.5,1,570.291443,421.840196,459.876747,423.665804,515.084095,422.753,2.792632,1.54999,-1.947378,1.804531,0.422627,1.67726
4336,144.533333,1,567.981262,421.113285,457.982635,423.127195,512.981949,422.12024,2.790028,1.655821,-1.94766,1.920597,0.421184,1.788209
4337,144.566667,1,565.293446,419.666094,455.725079,423.022825,510.509262,421.344459,2.78013,1.610218,-1.946669,1.865299,0.41673,1.737759
4338,144.6,1,562.772379,418.68154,453.540602,422.445849,508.15649,420.563695,2.758607,1.585365,-1.945569,1.850776,0.406519,1.71807
4339,144.633333,1,560.36644,417.963009,451.227226,421.800113,505.796833,419.881561,2.747692,1.66779,-1.959523,1.89046,0.394084,1.779125
4340,144.666667,1,557.832212,417.495832,448.540306,421.802473,503.186259,419.649153,2.702327,1.50915,-1.942612,1.766415,0.379857,1.637782
4341,144.7,1,555.364542,417.500714,446.180115,421.319879,500.772328,419.410297,2.74566,1.195592,-1.950134,1.789577,0.397763,1.492585
4342,144.733333,1,553.802252,417.026178,444.352407,421.395689,499.07733,419.210933,2.750112,1.112315,-1.933717,1.682755,0.408198,1.397535
4343,144.766667,1,552.995214,417.223824,443.255329,421.384692,498.125272,419.304258,2.876362,1.377218,-1.898941,1.614309,0.488711,1.495763
4344,144.8,1,552.417278,417.202957,442.749796,421.625254,497.583537,419.414105,2.839042,1.34286,-1.911096,1.738137,0.463973,1.540499
4345,144.833333,1,552.360334,417.460814,442.785234,422.061403,497.572784,419.761108,2.84424,1.341172,-1.893294,1.742591,0.475473,1.541882
4346,144.866667,1,553.074331,417.992803,442.906923,422.087978,497.990627,420.04039,2.867363,1.32136,-1.873277,1.714671,0.497043,1.518016
4347,144.9,1,553.680382,418.246121,443.24008,422.360662,498.460231,420.303392,2.860485,1.23284,-1.879065,1.805445,0.49071,1.519143
4348,144.933333,1,554.733973,419.012246,443.694935,422.730592,499.214454,420.871419,2.845832,1.317528,-1.885577,1.797709,0.480128,1.557619
4349,144.966667,1,555.986433,419.631933,445.543365,422.7678,500.764899,421.199867,2.812906,1.236428,-1.934046,1.884534,0.43943,1.560481
4350,145.0,1,557.238503,419.927083,446.966124,423.069302,502.102313,421.498193,2.810158,1.344363,-1.938878,1.780471,0.43564,1.562417
4351,145.033333,1,558.283072,420.23852,448.015823,423.005658,503.149447,421.622089,2.783599,1.360478,-1.958042,1.689911,0.412779,1.525194
4352,145.066667,1,558.626261,420.530366,448.557119,422.83198,503.59169,421.681173,2.77137,1.309317,-1.926736,1.754765,0.422317,1.532041
4353,145.1,1,559.094095,420.689893,448.921747,422.774345,504.007921,421.732119,2.79724,1.363289,-1.920438,1.80301,0.438401,1.583149
4354,145.133333,1,559.311199,420.47022,449.243822,423.095158,504.277511,421.782689,2.79876,1.205618,-1.914475,1.849318,0.442142,1.527468
4355,145.166667,1,560.186577,420.496774,449.938593,422.942176,505.062585,421.719475,2.799765,1.335917,-1.923035,1.882803,0.438365,1.60936
4356,145.2,1,560.507669,420.494735,451.120234,422.175021,505.813951,421.334878,2.800359,1.261081,-1.903817,1.651276,0.448271,1.456179
4357,145.233333,1,561.504116,420.435416,451.799812,421.571985,506.651964,421.0037,2.754373,1.412354,-1.888046,1.541416,0.433164,1.476885
4358,145.266667,1,562.735519,419.718633,452.931747,420.571522,507.833633,420.145077,2.787212,1.402041,-1.887548,1.54024,0.449832,1.47114
4359,145.3,1,563.731298,419.547755,454.252586,420.49039,508.991942,420.019072,2.730395,1.311019,-1.885935,1.500721,0.42223,1.40587
4360,145.333333,1,564.627237,419.437548,455.796127,419.511534,510.211682,419.474541,2.738492,1.340193,-1.866601,1.458634,0.435946,1.399414
4361,145.366667,1,565.778522,418.954257,456.924381,419.170046,511.351452,419.062151,2.760196,1.016936,-1.838212,1.599017,0.460992,1.307977
4362,145.4,1,566.792059,418.700048,457.654009,418.657765,512.223034,418.678907,2.774213,1.006512,-1.913877,1.434685,0.430168,1.220598
4363,145.433333,1,567.972546,418.300463,458.493681,418.16911,513.233113,418.234786,2.778736,0.981426,-1.903593,1.611847,0.437572,1.296637
4364,145.466667,1,568.950291,418.692087,458.989429,418.752555,513.96986,418.722321,2.765666,1.04673,-1.880987,1.623761,0.44234,1.335246
4365,145.5,1,569.716864,419.14803,459.940376,418.720883,514.82862,418.934457,2.759194,1.020034,-1.899636,1.779063,0.429779,1.399549
4366,145.533333,1,569.906902,419.866776,460.23448,419.680535,515.070691,419.773656,2.725758,1.571827,-1.939786,2.065039,0.392986,1.818433
4367,145.566667,1,568.702316,422.789108,460.957241,422.82506,514.829779,422.807084,2.651241,4.347507,-1.924903,7.429768,0.363169,5.888638
4368,145.6,1,568.852015,422.472188,461.683903,422.227077,515.267959,422.349633,2.637763,3.449896,-1.913497,15.239278,0.362133,9.344587
4369,145.633333,1,572.028456,420.969261,460.272636,420.227566,516.150546,420.598413,2.703159,4.178805,-2.011459,3.254668,0.34585,3.716737
4370,145.666667,1,572.600708,419.523926,461.974516,419.072789,517.287612,419.298357,2.704672,2.072542,-1.942145,1.957189,0.381264,2.014866
4371,145.7,1,572.703543,418.652701,462.193375,417.887532,517.448459,418.270116,2.720337,1.820395,-1.945288,2.135998,0.387525,1.978196
4372,145.733333,1,572.443514,417.517709,462.027159,416.856426,517.235336,417.187067,2.700324,1.886818,-1.972309,1.849253,0.364007,1.868035
4373,145.766667,1,572.307491,416.743602,461.868334,415.802586,517.087913,416.273094,2.694448,1.546828,-1.972847,1.836309,0.360801,1.691569
4374,145.8,1,572.256737,415.489089,461.478519,414.731537,516.867628,415.110313,2.667497,1.379783,-1.983793,1.99432,0.341852,1.687051
4375,145.833333,1,572.15066,414.844222,461.383286,413.966732,516.766973,414.405477,2.668596,1.492607,-1.948229,2.058369,0.360183,1.775488
4376,145.866667,1,571.820631,414.647273,460.86812,413.415774,516.344376,414.031523,2.649132,1.318995,-1.900447,1.816299,0.374343,1.567647
4377,145.9,1,571.732244,414.405134,460.472326,413.276771,516.102285,413.840953,2.640265,1.366575,-1.885465,1.857423,0.3774,1.611999
4378,145.933333,1,572.043667,414.431258,460.626678,413.263983,516.335173,413.84762,2.663073,1.280988,-1.873456,1.760173,0.394809,1.520581
4379,145.966667,1,572.304487,414.503732,460.899153,413.237075,516.60182,413.870403,2.663624,1.149778,-1.876948,1.681028,0.393338,1.415403
4380,146.0,1,572.980766,415.281883,461.548386,413.601791,517.264576,414.441837,2.6511,1.31753,-1.874372,1.673879,0.388364,1.495705
4381,146.033333,1,573.327074,416.097157,462.244387,413.916425,517.78573,415.006791,2.669716,1.43619,-1.847435,1.796025,0.41114,1.616108
4382,146.066667,1,573.686352,416.538101,462.630959,414.1831,518.158655,415.360601,2.66766,1.453471,-1.843051,1.946152,0.412305,1.699811
4383,146.1,1,573.859673,416.398154,462.380438,414.123319,518.120055,415.260737,2.674523,1.561908,-1.850417,2.022358,0.412053,1.792133
4384,146.133333,1,573.506994,416.201109,461.926041,413.370702,517.716517,414.785905,2.675997,1.553372,-1.868672,1.880627,0.403663,1.717
4385,146.166667,1,573.279972,415.857829,462.252274,412.777333,517.766123,414.317581,2.670728,1.613172,-1.829577,1.907316,0.420575,1.760244
4386,146.2,1,573.452959,415.333908,462.733126,411.823272,518.093042,413.57859,2.694093,1.307567,-1.836326,1.838878,0.428883,1.573223
4387,146.233333,1,573.479853,414.45851,462.870827,410.655169,518.17534,412.55684,2.703228,1.182868,-1.833818,1.673857,0.434705,1.428362
4388,146.266667,1,573.620005,413.269422,463.276062,409.691967,518.448033,411.480694,2.666118,1.150711,-1.866748,1.53492,0.399685,1.342816
4389,146.3,1,573.905668,412.159975,463.515549,409.128703,518.710608,410.644339,2.66884,0.880351,-1.883529,1.379195,0.392655,1.129773
4390,146.333333,1,574.299212,411.128504,463.559017,408.189543,518.929114,409.659024,2.666505,1.502961,-1.899496,1.303519,0.383504,1.40324
4391,146.366667,1,574.504023,409.992127,464.304018,407.009822,519.40402,408.500975,2.670264,1.464499,-1.88414,1.458919,0.393062,1.461709
4392,146.4,1,575.164299,408.820528,465.714693,405.660338,520.439496,407.240433,2.68568,1.938922,-1.876354,1.523676,0.404663,1.731299
4393,146.433333,1,575.928564,407.480507,466.701059,404.940391,521.314812,406.210449,2.70281,1.576956,-1.843166,1.582481,0.429822,1.579718
4394,146.466667,1,576.980114,406.942821,467.405081,404.454353,522.192597,405.698587,2.734754,1.781245,-1.837377,1.569109,0.448688,1.675177
4395,146.5,1,578.476133,406.69109,468.478479,404.170833,523.477306,405.430961,2.769766,1.84906,-1.801475,1.574581,0.484146,1.71182
4396,146.533333,1,579.828568,406.689631,470.044937,403.80307,524.936752,405.24635,2.750959,1.736494,-1.738714,1.483667,0.506123,1.610081
4397,146.566667,1,580.191755,406.761171,470.835943,403.590542,525.513849,405.175856,2.75453,1.883646,-1.783529,1.599215,0.485501,1.741431
4398,146.6,1,580.04283,406.714575,471.395655,403.551199,525.719242,405.132887,2.767958,1.648705,-1.747315,1.578598,0.510322,1.613652
4399,146.633333,1,580.005112,406.789184,471.30332,403.725876,525.654216,405.25753,2.751371,1.775016,-1.752389,1.573191,0.499491,1.674104
4400,146.666667,1,579.627209,406.778927,470.970697,404.107211,525.298953,405.443069,2.750353,1.633053,-1.781288,1.595995,0.484533,1.614524
4401,146.7,1,579.183388,406.837099,470.942478,404.330564,525.062933,405.583831,2.726382,1.647795,-1.773144,1.608152,0.476619,1.627973
4402,146.733333,1,578.897696,406.679009,470.194092,404.521655,524.545894,405.600332,2.736348,1.724816,-1.774362,1.500938,0.480993,1.612877
4403,146.766667,1,578.508596,406.74129,469.617004,404.67467,524.0628,405.70798,2.694233,1.561856,-1.800935,1.605835,0.446649,1.583845
4404,146.8,1,578.175707,406.842345,469.018841,404.602143,523.597274,405.722244,2.69167,1.685122,-1.804234,1.735561,0.443718,1.710341
4405,146.833333,1,577.731428,406.824074,468.369484,404.857414,523.050456,405.840744,2.674664,1.678384,-1.797439,1.724275,0.438613,1.701329
4406,146.866667,1,577.090073,406.48412,467.352867,404.906584,522.22147,405.695352,2.675027,1.788487,-1.811274,1.722457,0.431876,1.755472
4407,146.9,1,576.365271,406.429553,466.802511,405.043162,521.583891,405.736358,2.683806,1.667932,-1.834407,1.709708,0.424699,1.68882
4408,146.933333,1,575.829906,405.908958,465.316849,404.873689,520.573378,405.391324,2.707277,1.560811,-1.850984,1.662057,0.428146,1.611434
4409,146.966667,1,574.622784,404.998466,464.319925,404.57031,519.471354,404.784388,2.754861,1.524804,-1.876406,1.560605,0.439228,1.542704
4410,147.0,1,573.912001,404.834894,463.556061,404.638717,518.734031,404.736806,2.758356,1.324449,-1.882732,1.803349,0.437812,1.563899
4411,147.033333,1,572.888336,404.753526,462.626705,404.893119,517.757521,404.823323,2.737215,1.203869,-1.872168,1.872836,0.432524,1.538353
4412,147.066667,1,571.969147,404.995762,462.051935,405.426675,517.010541,405.211219,2.735503,1.133932,-1.861019,1.862107,0.437242,1.49802
4413,147.1,1,571.282063,405.618335,460.449514,406.174475,515.865788,405.896405,2.685591,1.095664,-1.87625,1.777139,0.40467,1.436401
4414,147.133333,1,571.099997,406.281838,459.845724,406.702548,515.47286,406.492193,2.681076,1.196187,-1.88458,1.646375,0.398248,1.421281
4415,147.166667,1,570.674295,406.757115,459.489012,407.451496,515.081654,407.104306,2.682234,1.414428,-1.906056,1.659799,0.388089,1.537113
4416,147.2,1,570.894909,407.124857,459.916058,407.6201,515.405483,407.372478,2.676003,1.350481,-1.871612,1.520408,0.402196,1.435445
4417,147.233333,1,570.863571,407.603781,460.028601,408.103681,515.446086,407.853731,2.646044,1.378131,-1.875646,1.432921,0.385199,1.405526
4418,147.266667,1,571.846714,408.049221,460.167637,408.758397,516.007175,408.403809,2.691526,1.256448,-1.882576,1.356882,0.404475,1.306665
4419,147.3,1,572.541428,408.59769,461.591539,409.053708,517.066483,408.825699,2.681243,1.136048,-1.851198,1.376193,0.415022,1.256121
4420,147.333333,1,574.227161,409.466672,462.59325,410.177951,518.410206,409.822311,2.709956,1.128627,-1.852017,1.539831,0.42897,1.334229
4421,147.366667,1,575.958862,410.918198,464.096699,410.679631,520.027781,410.798914,2.692574,1.580341,-1.829822,1.490775,0.431376,1.535558
4422,147.4,1,577.065544,411.950376,465.34111,411.369313,521.203327,411.659845,2.681296,1.447795,-1.858263,1.335447,0.411517,1.391621
4423,147.433333,1,578.232765,413.200296,466.134939,412.076526,522.183852,412.638411,2.656179,1.460801,-1.818008,1.268786,0.419086,1.364794
4424,147.466667,1,579.144268,414.457083,467.157593,412.801355,523.15093,413.629219,2.651213,1.647547,-1.849877,1.517103,0.400668,1.582325
4425,147.5,1,580.335855,415.238271,467.420902,413.380551,523.878379,414.309411,2.65491,1.43948,-1.825497,1.683973,0.414707,1.561726
4426,147.533333,1,580.796604,415.990437,466.684351,414.597298,523.740478,415.293868,2.665636,1.108795,-1.820654,1.706642,0.422491,1.407719
4427,147.566667,1,580.794353,416.611819,467.627439,414.49002,524.210896,415.55092,2.69996,0.95451,-1.804923,1.643022,0.447518,1.298766
4428,147.6,1,580.712166,416.965206,467.899828,414.806274,524.305997,415.88574,2.725477,0.789626,-1.804653,1.582957,0.460412,1.186292
4429,147.633333,1,580.122576,417.47534,467.197342,414.839727,523.659959,416.157534,2.724117,0.636077,-1.769658,1.631307,0.47723,1.133692
4430,147.666667,1,579.501314,417.354555,465.503464,414.78796,522.502389,416.071258,2.708092,1.219729,-1.886422,1.3251,0.410835,1.272415
4431,147.7,1,577.950964,416.785283,464.842024,414.407827,521.396494,415.596555,2.755108,1.243289,-1.963224,1.265059,0.395942,1.254174
4432,147.733333,1,577.980862,416.41605,464.170504,414.353807,521.075683,415.384929,2.782172,1.219759,-1.921811,1.37126,0.43018,1.295509
4433,147.766667,1,577.537212,416.161401,463.89575,413.382,520.716481,414.771701,2.817171,1.226035,-1.839325,1.232315,0.488923,1.229175
4434,147.8,1,576.625147,415.875016,464.376726,412.937096,520.500937,414.406056,2.759692,1.36836,-1.883002,1.175923,0.438345,1.272141
4435,147.833333,1,576.948252,414.889745,463.837633,412.301724,520.392942,413.595734,2.892982,1.56272,-1.800674,1.141547,0.546154,1.352133
4436,147.866667,1,576.676302,413.374897,465.198298,411.377038,520.9373,412.375968,2.808659,1.651918,-1.823947,0.951564,0.492356,1.301741
4437,147.9,1,576.801825,412.575513,464.570761,411.01083,520.686293,411.793172,2.792151,1.259859,-1.825209,1.095108,0.483471,1.177484
4438,147.933333,1,576.608467,412.753977,464.619131,410.916202,520.613799,411.835089,2.784335,1.319261,-1.884945,1.145297,0.449695,1.232279
4439,147.966667,1,576.282034,412.627741,464.60557,410.762018,520.443802,411.69488,2.89415,1.576136,-1.857805,0.944168,0.518173,1.260152
4440,148.0,1,577.455826,412.583431,465.521708,410.979685,521.488767,411.781558,2.79436,1.388997,-1.927756,1.190036,0.433302,1.289516
4441,148.033333,1,577.194738,413.348193,465.201797,411.492416,521.198268,412.420304,2.85466,1.641949,-1.922216,1.065275,0.466222,1.353612
4442,148.066667,1,577.030582,413.526871,465.10766,411.701703,521.069121,412.614287,2.86349,1.695591,-1.927336,1.119892,0.468077,1.407742
4443,148.1,1,576.651001,413.73883,465.146914,411.895466,520.898957,412.817148,2.846005,1.728865,-1.910804,1.09853,0.467601,1.413698
4444,148.133333,1,575.594988,413.778977,464.125261,412.462453,519.860125,413.120715,2.827087,1.841392,-1.919474,1.023278,0.453807,1.432335
4445,148.166667,1,574.118719,414.384534,462.523022,413.060113,518.32087,413.722324,2.83481,1.82068,-1.904026,0.866747,0.465392,1.343714
4446,148.2,1,572.856283,414.906567,461.039896,414.369375,516.94809,414.637971,2.889043,1.833119,-1.911283,1.080906,0.48888,1.457012
4447,148.233333,1,571.492233,415.225943,459.65518,414.86569,515.573707,415.045817,2.843275,1.909826,-1.898677,1.081216,0.472299,1.495521
4448,148.266667,1,570.912943,415.539268,459.110537,415.32835,515.01174,415.433809,2.895334,2.210519,-1.880834,0.953966,0.50725,1.582242
4449,148.3,1,570.043926,415.753824,458.315744,416.129708,514.179835,415.941766,2.881556,2.390601,-1.890201,0.972342,0.495678,1.681472
4450,148.333333,1,569.573126,416.398734,456.87809,417.19638,513.225608,416.797557,2.859445,2.464981,-1.908224,0.902518,0.47561,1.68375
4451,148.366667,1,568.950462,416.585641,456.557789,417.084543,512.754126,416.835092,2.855682,2.320216,-1.889206,0.859276,0.483238,1.589746
4452,148.4,1,568.603659,416.597646,455.740595,417.275215,512.172127,416.936431,2.828292,2.354471,-1.894213,0.657492,0.467039,1.505982
4453,148.433333,1,568.760271,415.314875,456.126738,416.652439,512.443504,415.983657,2.858301,2.167341,-1.901863,0.690075,0.478219,1.428708
4454,148.466667,1,569.291811,414.067454,456.819611,415.793585,513.055711,414.930519,2.904714,2.257417,-1.921161,1.033211,0.491777,1.645314
4455,148.5,1,570.507135,412.475928,458.82513,414.098965,514.666133,413.287446,2.963344,2.242958,-1.893922,0.974688,0.534711,1.608823
4456,148.533333,1,571.525507,411.371684,461.040468,412.134805,516.282988,411.753244,2.891776,2.654548,-1.915965,0.826172,0.487905,1.74036
4457,148.566667,1,573.579931,409.642496,465.329409,410.339731,519.45467,409.991114,2.860808,4.441101,-2.006404,1.111277,0.427202,2.776189
4458,148.6,1,574.663916,408.744256,469.813013,408.422692,522.238464,408.583474,2.862692,3.108146,-1.898147,2.023898,0.482272,2.566022
4459,148.633333,1,577.541952,405.813696,471.116304,405.316029,524.329128,405.564862,2.908893,4.28126,-1.959239,1.557924,0.474827,2.919592
4460,148.666667,1,579.132977,403.012837,472.110767,403.151797,525.621872,403.082317,2.916028,2.135966,-2.004118,0.9368,0.455955,1.536383
4461,148.7,1,578.757315,400.285889,472.176399,401.368364,525.466857,400.827127,2.918662,1.282832,-2.032586,1.323171,0.443038,1.303001
4462,148.733333,1,578.657379,398.934731,471.729212,399.944884,525.193295,399.439808,2.942372,1.250775,-2.021246,1.618545,0.460563,1.43466
4463,148.766667,1,578.253298,398.173006,471.191397,398.951597,524.722347,398.562301,2.929467,1.218096,-2.041286,1.992995,0.444091,1.605546
4464,148.8,1,577.857876,397.263179,471.174355,398.253837,524.516115,397.758508,2.946439,1.200124,-2.034563,1.97562,0.455938,1.587872
4465,148.833333,1,577.843771,397.232226,471.268778,397.567019,524.556274,397.399623,2.954659,1.438228,-2.012922,2.132407,0.470869,1.785318
4466,148.866667,1,577.937174,397.109177,471.203127,397.690519,524.57015,397.399848,2.967923,1.417929,-2.02315,2.055795,0.472386,1.736862
4467,148.9,1,577.938108,397.63194,471.463079,397.654921,524.700594,397.64343,2.926541,1.5655,-2.013693,1.994394,0.456424,1.779947
4468,148.933333,1,578.217583,398.088559,471.736374,397.782766,524.976978,397.935662,2.956722,1.371507,-2.025623,1.855899,0.465549,1.613703
4469,148.966667,1,578.761091,398.364794,471.707354,398.062971,525.234222,398.213882,2.969964,1.237601,-2.035256,1.99842,0.467354,1.618011
4470,149.0,1,579.163885,399.912354,471.953497,398.705274,525.558691,399.308814,2.945696,1.330424,-2.023552,1.816256,0.461072,1.57334
4471,149.033333,1,580.00885,401.435119,471.989021,400.055777,525.998936,400.745448,2.904361,1.604898,-2.070312,1.456416,0.417024,1.530657
4472,149.066667,1,581.41963,403.735371,474.337626,401.545197,527.878628,402.640284,2.921121,3.5322,-2.003463,1.416401,0.458829,2.474301
4473,149.1,1,583.551989,406.006225,475.686407,403.000724,529.619198,404.503475,2.851708,3.767229,-2.006253,0.854107,0.422728,2.310668
4474,149.133333,1,584.332762,407.599597,475.48521,404.636314,529.908986,406.117955,2.874163,3.538704,-1.978423,1.147901,0.44787,2.343302
4475,149.166667,1,584.171228,409.467047,475.367432,406.633734,529.76933,408.05039,2.871559,2.614618,-1.962031,1.147548,0.454764,1.881083
4476,149.2,1,584.345541,411.280231,475.201807,409.077344,529.773674,410.178788,2.873502,2.112869,-1.953365,1.346763,0.460068,1.729816
4477,149.233333,1,583.73415,413.051305,474.986773,410.868984,529.360461,411.960145,2.872081,1.604541,-1.981929,1.2347,0.445076,1.41962
4478,149.266667,1,584.201212,414.162641,474.68276,412.001789,529.441986,413.082215,2.882572,1.437598,-1.982129,1.201499,0.450221,1.319549
4479,149.3,1,584.721737,415.492405,474.811344,412.964047,529.766541,414.228226,2.825564,1.6358,-2.034063,1.126139,0.395751,1.380969
4480,149.333333,1,585.881519,416.949284,474.547729,413.729947,530.214624,415.339615,2.840824,1.760668,-2.01158,0.816748,0.414622,1.288708
4481,149.366667,1,586.198349,417.716825,474.934111,414.383236,530.56623,416.050031,2.795772,2.010932,-2.021862,0.924562,0.386955,1.467747
4482,149.4,1,588.164701,419.090642,475.598612,415.074506,531.881657,417.082574,2.853002,2.014393,-2.009926,0.86801,0.421538,1.441201
4483,149.433333,1,588.539553,419.869877,476.600189,415.732205,532.569871,417.801041,2.825626,1.879948,-1.994142,1.038274,0.415742,1.459111
4484,149.466667,1,588.566055,420.641549,476.33482,416.366869,532.450438,418.504209,2.821442,2.097438,-1.997153,1.012941,0.412144,1.55519
4485,149.5,1,588.400602,421.285515,475.912123,416.872648,532.156363,419.079081,2.807385,2.089858,-2.005786,1.111957,0.400799,1.600908
4486,149.533333,1,588.06694,421.784835,476.34697,417.237589,532.206955,419.511212,2.775214,2.079386,-2.005466,1.161497,0.384874,1.620442
4487,149.566667,1,588.178596,422.145452,476.12175,417.618688,532.150173,419.88207,2.787146,2.052085,-2.002521,1.285496,0.392313,1.66879
4488,149.6,1,587.544012,422.859542,475.925455,418.402398,531.734734,420.63097,2.750218,2.184065,-2.010456,1.446025,0.369881,1.815045
4489,149.633333,1,587.353945,423.339797,475.665607,419.224205,531.509776,421.282001,2.754216,2.377201,-2.016583,1.636315,0.368817,2.006758
4490,149.666667,1,587.53233,423.796009,475.251389,419.981682,531.391859,421.888846,2.76836,2.505319,-1.988791,1.586945,0.389784,2.046132
4491,149.7,1,586.435766,424.731295,475.03089,420.863367,530.733328,422.797331,2.760573,3.210745,-2.062244,1.725524,0.349164,2.468135
4492,149.733333,1,585.885143,425.474889,473.533173,421.783762,529.709158,423.629326,2.792827,3.173167,-2.053698,1.706589,0.369564,2.439878
4493,149.766667,1,584.899836,426.013412,473.118086,422.50724,529.008961,424.260326,2.79059,2.967049,-2.046684,1.721624,0.371953,2.344337
4494,149.8,1,584.635801,426.785856,472.772083,423.563794,528.703942,425.174825,2.803011,2.56184,-2.042877,1.653216,0.380067,2.107528
4495,149.833333,1,584.854813,427.524709,471.73667,424.840922,528.295741,426.182815,2.840056,2.205513,-2.031668,1.432144,0.404194,1.818829
4496,149.866667,1,584.869547,428.526202,470.988064,426.14336,527.928805,427.334781,2.863735,1.795821,-2.033515,1.556357,0.41511,1.676089
4497,149.9,1,583.749714,429.832621,470.173893,427.779164,526.961803,428.805892,2.899408,1.970386,-2.090308,1.565017,0.40455,1.767702
4498,149.933333,1,581.813021,432.683358,470.042725,430.749872,525.927873,431.716615,2.905697,2.759879,-2.099599,2.130834,0.403049,2.445356
4499,149.966667,1,579.463644,435.15525,472.290955,433.863112,525.877299,434.509181,2.781085,17.823805,-1.966884,33.644039,0.4071,25.733922
4500,150.0,1,579.831581,436.070827,472.619925,434.663311,526.225753,435.367069,2.736216,25.490822,-1.965141,33.188499,0.385537,29.33966
4501,150.033333,1,583.876534,436.22411,471.299744,434.210823,527.588139,435.217466,2.846234,6.283009,-2.112836,6.139369,0.366699,6.211189
4502,150.066667,1,584.232044,437.017647,471.595774,435.285906,527.913909,436.151776,2.852391,5.529529,-2.153732,9.544849,0.34933,7.537189
4503,150.1,1,584.155588,438.786124,471.50074,437.040424,527.828164,437.913274,2.834208,5.375398,-2.103084,19.348923,0.365562,12.362161
4504,150.133333,1,581.915054,442.960457,475.546579,440.45949,528.730817,441.709973,2.690516,63.964676,-1.87308,35.007305,0.408718,49.48599
4505,150.166667,1,581.749125,444.939948,477.629204,442.927165,529.689164,443.933557,2.613088,143.450447,-1.783634,35.159568,0.414727,89.305008
4506,150.2,1,581.147728,446.327176,478.343325,444.978969,529.745526,445.653073,2.582274,130.504567,-1.706798,43.545585,0.437738,87.025076
4507,150.233333,1,581.044741,446.805028,478.210516,446.16398,529.627628,446.484504,2.568524,46.833557,-1.70284,51.035575,0.432842,48.934566
4508,150.266667,1,580.854321,447.486566,478.859091,446.339021,529.856706,446.912794,2.588681,134.583102,-1.697233,49.574029,0.445724,92.078566
4509,150.3,1,578.983831,447.756901,478.813,447.549866,528.898416,447.653384,2.530019,73.506634,-1.687747,46.4204,0.421136,59.963517
4510,150.333333,1,579.174557,448.308256,478.769302,447.634367,528.97193,447.971311,2.567274,43.652182,-1.679038,51.515304,0.444118,47.583743
4511,150.366667,1,578.840961,448.815655,478.197956,448.10267,528.519459,448.459162,2.540269,58.743411,-1.648833,48.681546,0.445718,53.712478
4512,150.4,1,577.643375,448.65822,477.682981,448.672521,527.663178,448.66537,2.567652,18.937971,-1.640091,39.176559,0.463781,29.057265
4513,150.433333,1,577.483444,449.091954,477.570658,448.552165,527.527051,448.82206,2.542683,24.47241,-1.638711,30.473055,0.451986,27.472733
4514,150.466667,1,577.120476,449.740394,476.640635,448.709772,526.880555,449.225083,2.542973,41.270362,-1.653025,37.34226,0.444974,39.306311
4515,150.5,1,576.444006,449.589236,476.022749,448.284277,526.233377,448.936756,2.549703,36.386567,-1.65748,42.108008,0.446112,39.247288
4516,150.533333,1,575.723963,449.254078,475.57086,448.491772,525.647411,448.872925,2.568326,34.238868,-1.642063,48.312155,0.463132,41.275512
4517,150.566667,1,575.423317,450.469097,474.942284,448.662146,525.1828,449.565622,2.579729,37.355392,-1.618357,48.963506,0.480686,43.159449
4518,150.6,1,574.368114,449.110848,475.343838,449.181057,524.855976,449.145952,2.584009,19.672597,-1.622465,61.287258,0.480772,40.479928
4519,150.633333,1,574.167442,449.767839,474.14073,448.053188,524.154086,448.910514,2.599396,26.602322,-1.623594,47.538948,0.487901,37.070635
4520,150.666667,1,573.084736,449.505261,474.75481,448.78379,523.919773,449.144526,2.564241,16.048732,-1.589362,58.187798,0.48744,37.118265
4521,150.7,1,573.741665,450.112363,474.511929,448.94778,524.126797,449.530072,2.537341,21.382301,-1.591899,50.179184,0.472721,35.780742
4522,150.733333,1,574.111795,450.812109,473.91242,449.449149,524.012108,450.130629,2.569515,19.771582,-1.606916,50.748676,0.4813,35.260129
4523,150.766667,1,573.862915,451.266013,473.509083,449.619727,523.685999,450.44287,2.57046,27.386818,-1.63004,55.312385,0.47021,41.349602
4524,150.8,1,574.906569,451.754304,473.489265,449.46506,524.197917,450.609682,2.56968,48.46414,-1.663104,69.319544,0.453288,58.891842
4525,150.833333,1,573.851128,451.548654,473.873377,449.405161,523.862252,450.476907,2.528114,80.760057,-1.704869,60.882775,0.411623,70.821416
4526,150.866667,1,574.616289,451.435121,474.403496,450.670016,524.509892,451.052569,2.569867,65.673574,-1.718068,63.418755,0.425899,64.546165
4527,150.9,1,575.215778,449.749374,474.948635,451.127847,525.082207,450.438611,2.627322,34.653595,-1.737255,51.300437,0.445034,42.977016
4528,150.933333,1,576.222134,450.41055,476.728134,450.972462,526.475134,450.691506,2.619395,41.72813,-1.69036,50.798568,0.464518,46.263349
4529,150.966667,1,576.286745,449.781679,477.278519,450.458111,526.782632,450.119895,2.548369,543.3388,-1.701704,52.634258,0.423332,297.986529
4530,151.0,1,577.190657,448.569084,477.830029,449.369831,527.510343,448.969458,2.556751,134.002935,-1.726467,41.144247,0.415142,87.573591
4531,151.033333,1,577.163095,447.602105,478.714561,448.339123,527.938828,447.970614,2.561052,-1089.190932,-1.705918,40.046296,0.427567,-524.572318
4532,151.066667,1,577.591143,446.775137,479.128294,447.705306,528.359718,447.240222,2.575345,-737.587024,-1.734133,35.576684,0.420606,-351.00517
4533,151.1,1,576.786566,445.844647,478.965912,447.083956,527.876239,446.464301,2.569386,-39.11645,-1.73699,31.362992,0.416198,-3.876729
4534,151.133333,1,576.986675,445.550827,479.10306,447.148823,528.044868,446.349825,2.554256,-401.327455,-1.725755,32.607919,0.41425,-184.359768
4535,151.166667,1,576.773834,445.368748,478.764067,445.049855,527.76895,445.209301,2.5643,72.226336,-1.690645,42.022276,0.436828,57.124306
4536,151.2,1,576.135006,444.306357,479.828873,445.195091,527.981939,444.750724,2.517784,90.210041,-1.69653,35.737252,0.410627,62.973647
4537,151.233333,1,574.938993,443.633004,478.312769,443.793336,526.625881,443.71317,2.518666,112.38852,-1.705142,39.800739,0.406762,76.094629
4538,151.266667,1,576.544056,443.717644,479.161386,442.942153,527.852721,443.329899,2.508445,333.11038,-1.661738,56.578929,0.423354,194.844654
4539,151.3,1,575.457773,442.135956,479.035416,440.927707,527.246594,441.531832,2.562595,95.450581,-1.619499,47.604835,0.471548,71.527708
4540,151.333333,1,574.928036,441.460083,478.089428,440.447849,526.508732,440.953966,2.519299,328.064273,-1.57889,57.42672,0.470204,192.745496
4541,151.366667,1,574.617376,441.168602,476.527882,441.405387,525.572629,441.286994,2.46969,31.729485,-1.558226,89.271293,0.455732,60.500389
4542,151.4,1,574.248676,439.300443,475.079298,441.569012,524.663987,440.434728,2.543127,75.899178,-1.544275,170.958838,0.499426,123.429008
4543,151.433333,1,573.665428,441.10499,474.78632,441.750308,524.225874,441.427649,2.484768,-5.365285,-1.559413,69.940694,0.462678,32.287704
4544,151.466667,1,572.403688,441.124291,474.153633,442.157682,523.278661,441.640987,2.505088,0.072995,-1.55561,151.098383,0.474739,75.585689
4545,151.5,1,571.802206,441.297369,473.741913,442.149013,522.772059,441.723191,2.509947,18.953321,-1.531443,134.792608,0.489252,76.872964
4546,151.533333,1,571.959848,441.753945,472.836027,442.569348,522.397938,442.161646,2.521621,36.457095,-1.539232,46.053502,0.491194,41.255299
4547,151.566667,1,571.94356,440.894984,469.483185,441.284902,520.713372,441.089943,2.714633,197.329323,-1.617933,64.33929,0.54835,130.834306
4548,151.6,1,571.819382,437.921101,468.584118,437.898645,520.20175,437.909873,2.721421,58.19059,-1.625609,32.994758,0.547906,45.592674
4549,151.633333,1,571.779747,436.186055,465.618649,435.092293,518.699198,435.639174,2.738702,13.881168,-1.763266,50.135086,0.487718,32.008127
4550,151.666667,1,575.205746,433.275311,463.482046,431.920871,519.343896,432.598091,2.77314,1.816691,-1.994542,13.619642,0.389299,7.718167
4551,151.7,1,575.928087,431.603758,464.020357,429.986494,519.974222,430.795126,2.815702,2.045549,-1.921795,2.366809,0.446954,2.206179
4552,151.733333,1,576.917152,430.070565,464.960089,428.545643,520.938621,429.308104,2.752378,2.159222,-1.907718,1.757032,0.42233,1.958127
4553,151.766667,1,576.696873,428.926195,464.509373,426.975006,520.603123,427.9506,2.7301,1.747539,-1.969622,1.514084,0.380239,1.630812
4554,151.8,1,577.520075,426.964406,465.717793,425.256246,521.618934,426.110326,2.744048,1.678233,-1.936193,1.491396,0.403928,1.584814
4555,151.833333,1,578.750105,424.577991,466.551895,422.94135,522.651,423.75967,2.72084,1.436025,-1.925077,1.506379,0.397881,1.471202
4556,151.866667,1,578.536949,422.219138,467.276363,420.28887,522.906656,421.254004,2.801303,1.581756,-1.906813,1.510251,0.447245,1.546004
4557,151.9,1,579.713697,419.919562,467.523546,418.394018,523.618622,419.15679,2.683523,1.388535,-1.878391,1.607896,0.402566,1.498215
4558,151.933333,1,580.04405,417.599527,468.014231,416.869816,524.02914,417.234671,2.832156,1.175263,-1.9162,1.644424,0.457978,1.409843
4559,151.966667,1,579.632187,416.460736,468.84057,414.646683,524.236379,415.553709,2.779691,1.717112,-1.848541,1.597546,0.465575,1.657329
4560,152.0,1,580.218401,414.937016,470.215387,412.939993,525.216894,413.938504,2.793238,1.749325,-1.808648,1.548721,0.492295,1.649023
4561,152.033333,1,580.485725,413.531324,470.139952,411.612461,525.312839,412.571892,2.761936,1.739866,-1.878447,1.5297,0.441744,1.634783
4562,152.066667,1,580.257177,412.71634,470.393524,410.488282,525.325351,411.602311,2.763879,1.752107,-1.870136,1.74275,0.446872,1.747428
4563,152.1,1,580.195198,412.952653,470.301313,410.564286,525.248256,411.758469,2.775295,1.837502,-1.852527,1.886224,0.461384,1.861863
4564,152.133333,1,579.85652,411.777223,470.643511,409.83922,525.250015,410.808222,2.766326,1.686769,-1.848075,1.776171,0.459125,1.73147
4565,152.166667,1,580.25507,410.654075,470.189381,409.170417,525.222225,409.912246,2.793449,1.632273,-1.892057,1.778105,0.450696,1.705189
4566,152.2,1,579.966335,410.121614,470.039911,408.76757,525.003123,409.444592,2.809339,1.574505,-1.886574,1.566014,0.461382,1.570259
4567,152.233333,1,579.456816,410.309958,469.92713,408.956237,524.691973,409.633098,2.851551,1.495524,-1.886903,1.531449,0.482324,1.513486
4568,152.266667,1,579.540739,410.546701,470.021629,409.192175,524.781184,409.869438,2.855855,1.416584,-1.889529,1.597048,0.483163,1.506816
4569,152.3,1,579.106188,411.285199,470.057135,410.032479,524.581661,410.658839,2.831668,1.224945,-1.836752,1.36386,0.497458,1.294403
4570,152.333333,1,578.654747,411.459832,470.048523,409.936509,524.351635,410.698171,2.824334,1.458487,-1.827288,1.492548,0.498523,1.475518
4571,152.366667,1,578.869743,411.486096,469.971237,410.064086,524.42049,410.775091,2.780923,1.501112,-1.853335,1.650104,0.463794,1.575608
4572,152.4,1,578.881311,411.622986,469.268398,410.652648,524.074855,411.137817,2.806342,1.855853,-1.86047,1.659092,0.472936,1.757473
4573,152.433333,1,579.029427,412.000533,469.618044,411.278569,524.323735,411.639551,2.771473,1.538599,-1.86651,1.484664,0.452482,1.511632
4574,152.466667,1,578.945122,412.749782,468.87167,411.67487,523.908396,412.212326,2.787099,1.812484,-1.870514,1.313389,0.458292,1.562937
4575,152.5,1,578.590183,413.022605,469.246874,411.974505,523.918529,412.498555,2.821005,1.768102,-1.835219,1.518964,0.492893,1.643533
4576,152.533333,1,577.430916,413.702524,467.97349,412.41281,522.702203,413.057667,2.839253,1.272026,-1.827544,1.399736,0.505854,1.335881
4577,152.566667,1,576.3764,414.470054,468.098888,413.408157,522.237644,413.939105,2.71449,1.325231,-1.849504,1.588379,0.432493,1.456805
4578,152.6,1,577.405691,414.616631,467.489681,413.931574,522.447686,414.274102,2.887468,1.218943,-1.883219,1.765004,0.502124,1.491974
4579,152.633333,1,577.748356,414.935106,467.391577,414.385446,522.569966,414.660276,2.878114,1.08343,-1.901701,1.76603,0.488207,1.42473
4580,152.666667,1,578.076277,415.179541,467.610455,414.613187,522.843366,414.896364,2.871779,1.055589,-1.908923,1.788765,0.481428,1.422177
4581,152.7,1,578.111725,415.516727,467.955818,414.605666,523.033772,415.061197,2.831521,1.168746,-1.884118,1.673736,0.473702,1.421241
4582,152.733333,1,578.592196,415.703731,468.179293,415.124867,523.385744,415.414299,2.821756,1.376383,-1.903869,1.765559,0.458944,1.570971
4583,152.766667,1,579.108496,416.318686,468.603935,415.856681,523.856215,416.087683,2.860819,1.548849,-1.862885,1.731624,0.498967,1.640236
4584,152.8,1,579.83737,417.765588,469.568911,417.765974,524.70314,417.765781,2.851466,1.698747,-1.860866,1.59116,0.4953,1.644954
4585,152.833333,1,579.407063,420.436209,471.329165,419.498466,525.368114,419.967338,2.873391,3.670241,-1.909492,2.050174,0.481949,2.860207
4586,152.866667,1,579.600639,421.084102,471.412058,420.192654,525.506349,420.638378,2.924656,4.26958,-1.902441,2.42824,0.511108,3.34891
4587,152.9,1,579.778376,419.873289,471.48447,419.775259,525.631423,419.824274,2.881496,3.170216,-1.919824,1.983566,0.480836,2.576891
4588,152.933333,1,581.022501,418.765097,472.148809,418.472478,526.585655,418.618788,2.870098,2.742494,-1.858169,1.673023,0.505965,2.207758
4589,152.966667,1,581.893997,418.349236,472.826319,417.567458,527.360158,417.958347,2.810204,2.866354,-1.861118,1.531984,0.474543,2.199169
4590,153.0,1,582.452049,417.160116,473.845692,416.305071,528.14887,416.732594,2.80261,2.590577,-1.861022,1.340802,0.470794,1.965689
4591,153.033333,1,583.217688,416.188256,474.91724,415.074592,529.067464,415.631424,2.785914,2.315145,-1.918087,1.350546,0.433914,1.832846
4592,153.066667,1,583.724155,414.87716,475.655184,413.862931,529.68967,414.370045,2.833399,2.222486,-1.892534,1.36617,0.470432,1.794328
4593,153.1,1,584.206247,413.466382,475.989265,412.880287,530.097756,413.173335,2.773541,2.125297,-1.913239,1.433567,0.430151,1.779432
4594,153.133333,1,584.740696,412.095054,476.067924,411.305283,530.40431,411.700169,2.794419,2.047466,-1.887882,1.306103,0.453268,1.676785
4595,153.166667,1,585.067806,410.413331,476.531601,409.141781,530.799704,409.777556,2.803717,2.047997,-1.886072,1.256927,0.458822,1.652462
4596,153.2,1,585.114183,409.557749,476.788311,408.332044,530.951247,408.944896,2.806451,1.908901,-1.851624,1.362677,0.477413,1.635789
4597,153.233333,1,585.514097,409.779707,476.949377,408.681868,531.231737,409.230788,2.799492,1.677291,-1.859977,1.564647,0.469757,1.620969
4598,153.266667,1,585.835037,410.056243,477.049055,408.876565,531.442046,409.466404,2.816964,1.738414,-1.852187,1.765868,0.482388,1.752141
4599,153.3,1,586.409616,410.356436,477.495413,409.075295,531.952515,409.715865,2.812731,1.77282,-1.852608,1.70246,0.480062,1.73764
4600,153.333333,1,587.082472,410.714082,478.682871,409.383856,532.882671,410.048969,2.825416,1.847887,-1.813012,1.687365,0.506202,1.767626
4601,153.366667,1,588.05336,411.08811,479.131365,410.043132,533.592362,410.565621,2.836706,1.772681,-1.84297,1.698095,0.496868,1.735388
4602,153.4,1,588.750353,411.61805,480.860596,410.12554,534.805474,410.871795,2.874683,1.602682,-1.868812,1.592037,0.502936,1.597359
4603,153.433333,1,589.620171,411.696768,481.848555,410.096862,535.734363,410.896815,2.887128,1.581114,-1.8775,1.444558,0.504814,1.512836
4604,153.466667,1,590.432129,411.84916,482.076225,410.14688,536.254177,410.99802,2.864946,1.851116,-1.858256,1.556589,0.503345,1.703852
4605,153.5,1,591.153717,412.317002,482.878962,410.477189,537.016339,411.397095,2.835815,1.742742,-1.879051,1.444915,0.478382,1.593828
4606,153.533333,1,592.122936,412.693648,483.829679,410.477736,537.976308,411.585692,2.838526,1.766676,-1.840252,1.702145,0.499137,1.73441
4607,153.566667,1,592.805967,413.537793,484.304152,410.780268,538.555059,412.15903,2.802362,1.915014,-1.871276,1.494481,0.465543,1.704747
4608,153.6,1,594.711819,414.280336,486.172504,412.403272,540.442162,413.341804,2.813907,1.502625,-1.870708,1.572722,0.4716,1.537674
4609,153.633333,1,595.347767,415.178404,486.599817,413.493944,540.973792,414.336174,2.823462,1.223551,-1.941964,1.45496,0.440749,1.339256
4610,153.666667,1,595.384312,415.836028,486.680059,414.232839,541.032186,415.034434,2.862989,1.379888,-1.973346,1.332758,0.444821,1.356323
4611,153.7,1,595.157843,416.965109,486.321917,415.264331,540.73988,416.11472,2.819401,1.565254,-1.989663,1.344361,0.414869,1.454808
4612,153.733333,1,594.412928,418.164378,485.926886,417.052077,540.169907,417.608228,2.835328,2.050698,-1.958844,1.228843,0.438242,1.63977
4613,153.766667,1,593.001595,420.767473,486.726637,420.319963,539.864116,420.543718,2.801859,7.729798,-1.934953,1.002542,0.433453,4.36617
4614,153.8,1,589.457722,424.685247,486.971178,424.903589,538.21445,424.794418,2.663623,133.881724,-1.922877,-51.20188,0.370373,41.339922
4615,153.833333,1,589.636183,423.984203,484.051657,425.759515,536.84392,424.871859,2.692502,120.952905,-1.92246,-106.953322,0.385021,6.999792
4616,153.866667,1,590.149984,423.415446,482.163782,424.566908,536.156883,423.991177,2.711365,20.037902,-1.978667,1.7667,0.366349,10.902301
4617,153.9,1,588.810692,422.878125,479.670229,423.165035,534.24046,423.02158,2.843831,3.176715,-1.974187,1.922937,0.434822,2.549826
4618,153.933333,1,588.18799,422.933099,479.088736,423.515289,533.638363,423.224194,2.830152,2.085928,-1.895739,1.765078,0.467207,1.925503
4619,153.966667,1,587.612467,423.124115,478.172121,423.958819,532.892294,423.541467,2.800831,1.70584,-1.913908,2.014912,0.443461,1.860376
4620,154.0,1,586.661921,423.599972,476.888075,425.01768,531.774998,424.308826,2.807905,1.512212,-1.901422,2.14122,0.453242,1.826716
4621,154.033333,1,585.952873,424.257563,475.575037,426.028765,530.763955,425.143164,2.806645,1.339769,-1.94403,2.109691,0.431307,1.72473
4622,154.066667,1,585.14534,424.752184,475.418425,426.618304,530.281882,425.685244,2.791395,1.18911,-1.921579,1.944794,0.434908,1.566952
4623,154.1,1,584.846087,425.161521,475.100088,427.138546,529.973087,426.150033,2.808185,1.23228,-1.915747,1.764985,0.446219,1.498632
4624,154.133333,1,584.525633,425.235025,475.18858,427.011205,529.857106,426.123115,2.83541,1.452134,-1.899969,1.625311,0.46772,1.538722
4625,154.166667,1,584.418364,424.699924,475.330238,426.186297,529.874301,425.44311,2.816551,1.689443,-1.892182,1.463398,0.462184,1.576421
4626,154.2,1,584.7435,423.482126,475.743141,424.872926,530.24332,424.177526,2.857286,1.693335,-1.899874,1.236377,0.478706,1.464856
4627,154.233333,1,585.228281,422.330493,476.061392,423.53121,530.644836,422.930852,2.822816,1.480667,-1.898901,1.456207,0.461958,1.468437
4628,154.266667,1,584.967737,420.939896,475.972099,421.861503,530.469918,421.4007,2.817534,1.667781,-1.90589,1.607378,0.455822,1.63758
4629,154.3,1,584.118204,419.359002,475.718622,420.226332,529.918413,419.792667,2.776876,1.667009,-1.919875,1.571218,0.4285,1.619113
4630,154.333333,1,582.895756,418.104833,474.347353,418.604829,528.621554,418.354831,2.786877,2.099166,-1.908882,1.447767,0.438997,1.773466
4631,154.366667,1,581.777458,416.838562,473.340816,417.770652,527.559137,417.304607,2.75799,1.978609,-1.890919,1.466218,0.433536,1.722413
4632,154.4,1,580.863676,416.004599,472.324715,417.07597,526.594195,416.540285,2.796902,1.663589,-1.874376,1.38159,0.461263,1.52259
4633,154.433333,1,580.106401,415.451603,471.636887,416.692575,525.871644,416.072089,2.784425,1.742793,-1.885551,1.373489,0.449437,1.558141
4634,154.466667,1,579.528875,414.914378,470.87018,416.36026,525.199528,415.637319,2.742644,1.687738,-1.910363,1.351951,0.41614,1.519844
4635,154.5,1,577.928619,414.724209,470.050468,415.985845,523.989544,415.355027,2.725951,1.803945,-1.893113,1.089552,0.416419,1.446749
4636,154.533333,1,578.125191,414.583436,470.194654,415.506374,524.159923,415.044905,2.72073,1.859879,-1.887895,1.081419,0.416417,1.470649
4637,154.566667,1,578.686199,414.383601,471.20142,415.300004,524.94381,414.841803,2.737474,1.696157,-1.894584,1.251679,0.421445,1.473918
4638,154.6,1,579.618635,414.211339,472.170506,415.030164,525.89457,414.620751,2.748805,1.721978,-1.888553,1.29745,0.430126,1.509714
4639,154.633333,1,580.90477,413.949373,473.82205,415.006807,527.36341,414.47809,2.754976,1.739061,-1.901958,1.383593,0.426509,1.561327
4640,154.666667,1,582.554922,414.050707,475.30941,415.262411,528.932166,414.656559,2.7392,1.812897,-1.94267,1.446451,0.398265,1.629674
4641,154.7,1,584.208832,414.581119,476.695032,414.891279,530.451932,414.736199,2.722195,1.62398,-2.006541,1.481295,0.357827,1.552638
4642,154.733333,1,586.041269,415.374055,478.371038,416.003237,532.206154,415.688646,2.745532,1.580178,-2.005794,1.509875,0.369869,1.545027
4643,154.766667,1,587.714014,416.672738,480.250301,416.294096,533.982158,416.483417,2.73853,1.691808,-1.982929,1.445584,0.3778,1.568696
4644,154.8,1,589.905434,417.014376,482.131929,416.390612,536.018682,416.702494,2.738448,1.654392,-1.975674,1.528775,0.381387,1.591583
4645,154.833333,1,591.709709,418.00498,484.51314,417.326081,538.111424,417.66553,2.690342,1.453112,-2.014326,1.721692,0.338008,1.587402
4646,154.866667,1,593.985271,418.909367,486.407452,417.872297,540.196362,418.390832,2.675535,1.610807,-2.042795,1.739857,0.31637,1.675332
4647,154.9,1,596.280451,419.62526,488.548832,417.815037,542.414641,418.720148,2.651335,1.598525,-2.041448,1.695268,0.304944,1.646897
4648,154.933333,1,598.211422,420.307399,490.675602,418.364557,544.443512,419.335978,2.660572,1.648376,-2.01672,1.699809,0.321926,1.674092
4649,154.966667,1,598.856421,422.110487,492.157078,419.60157,545.506749,420.856029,2.6351,1.752332,-2.051469,1.642858,0.291816,1.697595
4650,155.0,1,599.712257,423.335624,493.487978,420.575094,546.600118,421.955359,2.611319,1.490969,-2.020541,1.775521,0.295389,1.633245
4651,155.033333,1,601.223669,424.928352,494.61257,421.842256,547.918119,423.385304,2.666084,1.517806,-1.983958,1.9827,0.341063,1.750253
4652,155.066667,1,601.264925,426.733221,495.385561,422.933786,548.325243,424.833503,2.701303,1.622076,-1.944516,1.787786,0.378393,1.704931
4653,155.1,1,600.724087,428.491945,495.113173,424.754115,547.91863,426.62303,2.684477,1.589857,-1.921165,1.362141,0.381656,1.475999
4654,155.133333,1,601.023674,429.724249,494.85013,426.387473,547.936902,428.055861,2.759079,1.536271,-1.985685,1.347263,0.386697,1.441767
4655,155.166667,1,599.994307,430.928442,494.356871,427.657671,547.175589,429.293057,2.776908,1.523009,-1.92509,1.270992,0.425909,1.397
4656,155.2,1,599.521866,431.553708,493.487806,428.330219,546.504836,429.941964,2.781515,1.340876,-1.915613,1.324036,0.432951,1.332456
4657,155.233333,1,598.802147,432.205335,492.410593,428.946751,545.60637,430.576043,2.783743,1.423705,-1.897416,1.540969,0.443164,1.482337
4658,155.266667,1,597.977247,432.870308,491.222572,429.527611,544.59991,431.198959,2.786405,1.586924,-1.889834,1.548824,0.448285,1.567874
4659,155.3,1,596.693249,433.658041,490.338717,431.513776,543.515983,432.585908,2.765412,1.521373,-1.947021,1.953199,0.409196,1.737286
4660,155.333333,1,592.157192,439.203529,495.440292,436.499755,543.798742,437.851642,2.635473,20.789879,-1.776182,16.620257,0.429646,18.705068
4661,155.366667,1,591.29281,440.434567,493.486967,438.007801,542.389889,439.221184,2.621361,18.018057,-1.783431,22.479755,0.418965,20.248906
4662,155.4,1,592.413845,438.246603,488.717718,435.489228,540.565782,436.867915,2.717727,8.426927,-1.955677,23.447134,0.381025,15.937031
4663,155.433333,1,591.610556,435.881217,485.636673,434.194129,538.623614,435.037673,2.774065,2.318216,-1.999611,3.414665,0.387227,2.866441
4664,155.466667,1,590.636444,434.573961,484.156799,433.366978,537.396622,433.97047,2.803444,2.156181,-1.985955,2.439686,0.408745,2.297933
4665,155.5,1,588.974562,434.104049,482.178755,432.92436,535.576658,433.514205,2.779342,2.291434,-1.954808,2.325926,0.412267,2.30868
4666,155.533333,1,588.097057,433.497376,481.364813,432.124375,534.730935,432.810876,2.788443,1.971951,-1.920128,2.455589,0.434158,2.21377
4667,155.566667,1,586.599054,432.508843,480.367956,431.698258,533.483505,432.10355,2.762147,1.799421,-1.958311,2.130698,0.401918,1.96506
4668,155.6,1,585.89963,431.077627,479.16791,430.101131,532.53377,430.589379,2.752866,2.112033,-1.963024,2.053054,0.394921,2.082543
4669,155.633333,1,584.970541,429.698735,477.907772,429.246987,531.439157,429.472861,2.783188,1.80513,-1.940352,1.729121,0.421418,1.767125
4670,155.666667,1,584.189816,428.191291,476.638165,428.608192,530.41399,428.399742,2.806284,1.663661,-1.941793,1.815336,0.432245,1.739499
4671,155.7,1,583.456354,427.126679,475.611868,428.109012,529.534111,427.617846,2.824346,1.529877,-1.93758,1.73298,0.443383,1.631429
4672,155.733333,1,582.951021,426.642112,475.557137,427.808647,529.254079,427.225379,2.819845,1.56971,-1.915153,1.63973,0.452346,1.60472
4673,155.766667,1,582.523479,426.107022,475.218096,427.66369,528.870788,426.885356,2.824586,1.648143,-1.942547,1.611092,0.441019,1.629618
4674,155.8,1,582.075233,425.30458,474.579391,427.201771,528.327312,426.253175,2.828165,1.700829,-1.908987,1.602226,0.459589,1.651527
4675,155.833333,1,581.81983,424.774554,474.309921,427.012986,528.064876,425.89377,2.826252,1.591076,-1.889179,1.559159,0.468537,1.575117
4676,155.866667,1,581.710491,424.330219,474.227562,426.674416,527.969027,425.502318,2.829679,1.569483,-1.877725,1.552099,0.475977,1.560791
4677,155.9,1,581.774588,424.282089,473.91221,426.681561,527.843399,425.481825,2.831048,1.640492,-1.897029,1.527662,0.46701,1.584077
4678,155.933333,1,581.506262,424.33156,473.624182,426.689039,527.565222,425.5103,2.837561,1.699497,-1.892754,1.556328,0.472403,1.627913
4679,155.966667,1,581.357632,424.403443,473.455772,426.540703,527.406702,425.472073,2.842645,1.673458,-1.88467,1.549543,0.478988,1.611501
4680,156.0,1,581.187,424.326904,473.105955,426.531873,527.146478,425.429388,2.83915,1.673365,-1.908111,1.5597,0.46552,1.616533
4681,156.033333,1,580.672159,424.019845,472.348137,426.539286,526.510148,425.279565,2.846855,1.726538,-1.896705,1.530113,0.475075,1.628326
4682,156.066667,1,580.054016,423.770356,471.6996,426.32677,525.876808,425.048563,2.829574,1.797026,-1.880004,1.520516,0.474785,1.658771
4683,156.1,1,579.024715,423.565596,470.828733,426.315933,524.926724,424.940765,2.804155,1.815513,-1.922192,1.480731,0.440981,1.648122
4684,156.133333,1,577.975235,423.638778,469.762793,426.577899,523.869014,425.108339,2.796795,1.78487,-1.915252,1.575364,0.440771,1.680117
4685,156.166667,1,576.80809,423.635902,468.976583,427.036632,522.892337,425.336267,2.800092,1.626794,-1.93004,1.623679,0.435026,1.625236
4686,156.2,1,575.681524,423.655987,468.006096,427.080277,521.84381,425.368132,2.798207,1.584002,-1.965504,1.769785,0.416352,1.676894
4687,156.233333,1,575.117359,423.617073,467.238474,426.829126,521.177917,425.2231,2.787062,1.656498,-1.971679,1.699285,0.407692,1.677891
4688,156.266667,1,575.224476,423.791739,467.122087,426.822807,521.173282,425.307273,2.816476,1.64565,-1.904207,1.552301,0.456135,1.598975
4689,156.3,1,574.358387,423.094815,466.510839,426.512529,520.434613,424.803672,2.79878,1.649634,-1.98345,1.747105,0.407665,1.69837
4690,156.333333,1,573.688288,423.145176,465.570545,426.50666,519.629416,424.825918,2.779341,1.64663,-1.915339,1.559698,0.432001,1.603164
4691,156.366667,1,573.067923,423.033875,464.891443,426.73762,518.979683,424.885747,2.784436,1.61924,-1.935937,1.555737,0.42425,1.587489
4692,156.4,1,572.333326,422.95666,464.278326,426.682506,518.305826,424.819583,2.781287,1.564812,-1.927354,1.557682,0.426966,1.561247
4693,156.433333,1,571.515398,423.053337,463.430548,427.173983,517.472973,425.11366,2.806267,1.554701,-1.920282,1.666383,0.442993,1.610542
4694,156.466667,1,570.88995,423.515643,462.549543,427.507843,516.719747,425.511743,2.855956,1.70511,-1.931103,1.778377,0.462427,1.741744
4695,156.5,1,570.186815,423.885777,462.120771,428.052857,516.153793,425.969317,2.840631,1.628161,-1.958595,1.893442,0.441018,1.760801
4696,156.533333,1,569.655857,424.269816,461.667624,428.545407,515.66174,426.407611,2.830928,1.740701,-1.964313,1.950255,0.433307,1.845478
4697,156.566667,1,569.173365,425.341648,461.608219,429.234992,515.390792,427.28832,2.838464,1.839349,-1.975753,1.903602,0.431355,1.871476
4698,156.6,1,569.311476,425.341272,461.681538,429.696558,515.496507,427.518915,2.835229,1.694518,-1.952574,2.059449,0.441327,1.876983
4699,156.633333,1,569.579048,425.432242,461.797047,429.762937,515.688047,427.597589,2.843384,1.678269,-1.945456,1.992074,0.448964,1.835171
4700,156.666667,1,569.841661,425.234188,462.011995,429.513288,515.926828,427.373738,2.849908,1.684254,-1.93654,1.95065,0.456684,1.817452
4701,156.7,1,570.338945,425.171156,462.306309,429.09997,516.322627,427.135563,2.861853,1.651035,-1.937856,1.733444,0.461999,1.692239
4702,156.733333,1,570.78311,424.950314,462.815571,428.869257,516.79934,426.909785,2.841931,1.66998,-1.935859,1.720322,0.453036,1.695151
4703,156.766667,1,571.404972,425.085969,463.358402,428.532264,517.381687,426.809117,2.86751,1.694311,-1.917522,1.751197,0.474994,1.722754
4704,156.8,1,572.112694,424.971117,463.740292,428.250772,517.926493,426.610944,2.84984,1.801023,-1.922185,1.761754,0.463827,1.781389
4705,156.833333,1,572.774887,425.179192,464.482393,428.004159,518.62864,426.591675,2.840184,1.963348,-1.928943,1.797195,0.45562,1.880271
4706,156.866667,1,573.490915,425.453475,465.725727,427.746785,519.608321,426.60013,2.837792,1.969446,-1.920243,1.781363,0.458775,1.875404
4707,156.9,1,573.965511,425.656668,466.661129,427.660214,520.31332,426.658441,2.835815,1.951303,-1.927009,1.895379,0.454403,1.923341
4708,156.933333,1,574.835844,425.872393,467.27562,427.739832,521.055732,426.806113,2.829448,2.038176,-1.941122,2.005817,0.444163,2.021996
4709,156.966667,1,575.417528,426.331437,468.178806,428.108078,521.798167,427.219757,2.834125,1.958487,-1.943362,1.957123,0.445381,1.957805
4710,157.0,1,576.172161,426.883843,468.899364,428.532704,522.535763,427.708274,2.830123,2.055506,-1.935939,2.004165,0.447092,2.029836
4711,157.033333,1,576.763353,427.425917,469.544792,428.763825,523.154073,428.094871,2.842082,2.083266,-1.950452,1.890056,0.445815,1.986661
4712,157.066667,1,577.536526,427.895283,470.579205,429.014837,524.057865,428.45506,2.825964,2.164557,-1.940263,1.962966,0.442851,2.063762
4713,157.1,1,578.246193,428.253003,471.624146,429.315598,524.935169,428.784301,2.84754,2.165989,-1.921133,1.95223,0.463203,2.05911
4714,157.133333,1,579.161377,428.827887,472.290201,429.443099,525.725789,429.135493,2.862045,2.147209,-1.929458,2.016505,0.466294,2.081857
4715,157.166667,1,580.260277,429.707952,473.104162,430.063473,526.68222,429.885712,2.85663,2.114406,-1.917122,2.063353,0.469754,2.08888
4716,157.2,1,581.073542,430.675178,474.359627,430.758702,527.716584,430.71694,2.826073,2.427841,-1.913352,2.193823,0.456361,2.310832
4717,157.233333,1,581.800184,431.658669,474.547901,431.556712,528.174043,431.60769,2.806914,2.751415,-1.933178,2.148661,0.436868,2.450038
4718,157.266667,1,581.82148,433.09792,475.328684,432.843229,528.575082,432.970574,2.852276,3.604251,-1.963375,2.822373,0.44445,3.213312
4719,157.3,1,580.784168,435.024036,476.215801,434.13527,528.499985,434.579653,2.817389,4.964667,-1.96081,3.654403,0.42829,4.309535
4720,157.333333,1,582.099209,434.645555,476.099653,434.073665,529.099431,434.35961,2.841596,4.679375,-1.958717,4.400148,0.44144,4.539762
4721,157.366667,1,582.285404,434.33782,475.404139,433.634019,528.844771,433.985919,2.83274,3.562809,-2.006164,3.399355,0.413288,3.481082
4722,157.4,1,581.56168,433.733808,474.99568,433.219864,528.27868,433.476836,2.814849,3.008336,-1.982208,2.960283,0.41632,2.984309
4723,157.433333,1,581.562462,433.083608,474.519453,433.142413,528.040957,433.113011,2.810086,2.742546,-1.995159,2.70875,0.407463,2.725648
4724,157.466667,1,581.356144,432.485958,474.42956,432.3376,527.892852,432.411779,2.819034,2.550656,-1.968512,2.359659,0.425261,2.455157
4725,157.5,1,580.64949,432.020391,473.787336,432.018524,527.218413,432.019458,2.80894,2.505596,-1.958931,2.179979,0.425005,2.342787
4726,157.533333,1,580.007381,431.313994,473.057766,431.822305,526.532574,431.568149,2.771526,2.403522,-1.966404,2.317699,0.402561,2.36061
4727,157.566667,1,579.478254,431.09386,472.626953,431.789603,526.052604,431.441731,2.798892,2.461365,-1.947456,2.390386,0.425718,2.425876
4728,157.6,1,578.710232,430.866773,471.955013,431.879125,525.332623,431.372949,2.781793,2.257047,-1.94514,2.312601,0.418326,2.284824
4729,157.633333,1,577.999229,430.903273,471.210384,431.820427,524.604807,431.36185,2.791517,2.238964,-1.949127,2.319063,0.421195,2.279014
4730,157.666667,1,577.346859,430.694253,470.223103,431.977519,523.784981,431.335886,2.805832,2.154324,-1.940678,2.336611,0.432577,2.245467
4731,157.7,1,576.594467,430.445838,469.476881,431.912481,523.035674,431.179159,2.807152,2.318067,-1.932641,2.282826,0.437256,2.300446
4732,157.733333,1,575.901499,430.296611,468.754826,431.961941,522.328162,431.129276,2.810849,2.251464,-1.936963,2.056147,0.436943,2.153805
4733,157.766667,1,575.241003,430.273554,467.621632,432.05173,521.431317,431.162642,2.820013,2.112311,-1.973249,2.122049,0.423382,2.11718
4734,157.8,1,574.625788,430.247483,466.911316,432.087929,520.768552,431.167706,2.853209,2.135431,-1.97585,2.159791,0.43868,2.147611
4735,157.833333,1,574.204674,430.336382,466.717739,432.280598,520.461206,431.30849,2.853575,2.056898,-1.97878,2.187669,0.437397,2.122284
4736,157.866667,1,573.908024,430.436311,466.389618,432.39545,520.148821,431.41588,2.86368,2.05978,-1.965919,2.1789,0.448881,2.11934
4737,157.9,1,573.778524,430.887437,466.334,432.668713,520.056262,431.778075,2.862032,2.119365,-1.969679,2.153517,0.446177,2.136441
4738,157.933333,1,573.750525,431.117538,466.292391,432.958295,520.021458,432.037917,2.87456,2.111864,-1.972426,2.294662,0.451067,2.203263
4739,157.966667,1,573.851471,431.376393,466.21068,433.327292,520.031075,432.351843,2.869919,2.062389,-1.964191,2.341081,0.452864,2.201735
4740,158.0,1,573.848572,431.667048,466.279869,433.586587,520.06422,432.626817,2.866897,2.073013,-1.966347,2.27638,0.450275,2.174696
4741,158.033333,1,574.208574,431.65163,466.743898,433.560762,520.476236,432.606196,2.861039,2.052972,-1.96614,2.296064,0.447449,2.174518
4742,158.066667,1,574.419212,431.812402,466.901007,433.486025,520.66011,432.649214,2.875126,2.070296,-1.944403,2.25038,0.465362,2.160338
4743,158.1,1,574.548473,431.72332,466.887035,433.483676,520.717754,432.603498,2.863239,2.124849,-1.963265,2.257391,0.449987,2.19112
4744,158.133333,1,574.538965,431.780044,467.039347,433.432757,520.789156,432.6064,2.869482,2.13644,-1.944336,2.268627,0.462573,2.202534
4745,158.166667,1,574.64673,431.584661,466.985006,433.448153,520.815868,432.516407,2.867258,2.023428,-1.982527,2.313314,0.442366,2.168371
4746,158.2,1,574.519005,431.666973,467.042847,433.385121,520.780926,432.526047,2.874014,2.06257,-1.935868,2.332952,0.469073,2.197761
4747,158.233333,1,574.453678,431.558955,466.955061,433.479856,520.70437,432.519405,2.864644,2.019612,-1.956676,2.288567,0.453984,2.154089
4748,158.266667,1,574.270182,431.543548,467.047129,433.307573,520.658655,432.42556,2.86357,2.036612,-1.944768,2.329992,0.459401,2.183302
4749,158.3,1,574.086933,431.47468,466.847076,433.374821,520.467005,432.42475,2.866388,1.992616,-1.964801,2.324472,0.450793,2.158544
4750,158.333333,1,574.030476,431.448898,466.750383,433.20096,520.390429,432.324929,2.87431,2.053129,-1.946781,2.281876,0.463764,2.167503
4751,158.366667,1,574.055862,431.361351,466.415339,433.134634,520.2356,432.247993,2.880028,1.842942,-1.953528,2.353461,0.46325,2.098201
4752,158.4,1,574.237642,431.229311,466.393509,432.915069,520.315576,432.07219,2.882265,1.943915,-1.961492,2.423374,0.460386,2.183645
4753,158.433333,1,574.46907,430.869262,466.560421,432.74565,520.514746,431.807456,2.872936,1.897182,-1.956322,2.335607,0.458307,2.116394
4754,158.466667,1,574.387245,430.822806,466.427822,432.592667,520.407534,431.707737,2.877782,2.010847,-1.957972,2.294298,0.459905,2.152573
4755,158.5,1,574.384232,430.549972,466.375914,432.400922,520.380073,431.475447,2.863106,1.994762,-1.959921,2.255419,0.451593,2.12509
4756,158.533333,1,574.484806,430.353699,466.427498,432.197428,520.456152,431.275563,2.866109,2.061413,-1.979617,2.336977,0.443246,2.199195
4757,158.566667,1,574.568872,430.039891,466.47953,431.980383,520.524201,431.010137,2.879886,2.080197,-1.989754,2.212464,0.445066,2.14633
4758,158.6,1,574.665861,429.942559,466.613722,431.74009,520.639791,430.841324,2.876622,2.075365,-1.972928,2.215899,0.451847,2.145632
4759,158.633333,1,574.717493,429.943986,466.79224,431.612481,520.754867,430.778233,2.874659,2.032172,-1.975783,2.166301,0.449438,2.099237
4760,158.666667,1,575.158644,430.000559,467.709856,431.68475,521.43425,430.842655,2.877575,2.172022,-1.93621,2.240546,0.470682,2.206284
4761,158.7,1,575.304737,430.004561,467.907991,431.682776,521.606364,430.843669,2.857913,2.252686,-1.95825,2.136841,0.449832,2.194764
4762,158.733333,1,575.662508,430.207486,468.553143,431.569018,522.107825,430.888252,2.866817,2.254027,-1.922058,2.11689,0.472379,2.185458
4763,158.766667,1,576.351223,430.179366,468.855886,431.6372,522.603555,430.908283,2.863517,2.324895,-1.931975,2.116166,0.465771,2.22053
4764,158.8,1,576.886473,430.430346,469.636688,431.650708,523.26158,431.040527,2.850294,2.273544,-1.905087,2.10773,0.472603,2.190637
4765,158.833333,1,577.548294,430.408491,470.180302,431.490269,523.864298,430.94938,2.861451,2.082599,-1.892462,2.075094,0.484495,2.078847
4766,158.866667,1,577.837696,430.410626,470.270748,431.496202,524.054222,430.953414,2.837993,2.216889,-1.916804,2.226374,0.460594,2.221631
4767,158.9,1,577.934723,430.31765,470.321074,431.51208,524.127898,430.914865,2.827074,2.227513,-1.907758,2.211931,0.459658,2.219722
4768,158.933333,1,577.851372,430.118469,470.341539,431.520717,524.096456,430.819593,2.822074,2.220118,-1.921868,2.29131,0.450103,2.255714
4769,158.966667,1,577.884464,430.134584,470.296774,431.482168,524.090619,430.808376,2.833496,2.172263,-1.926741,2.262346,0.453378,2.217305
4770,159.0,1,577.914248,429.93389,470.372486,431.311065,524.143367,430.622478,2.822339,2.192069,-1.934197,2.245567,0.444071,2.218818
4771,159.033333,1,577.9,429.865569,470.291901,431.19971,524.09595,430.53264,2.827291,2.176965,-1.92943,2.17514,0.44893,2.176052
4772,159.066667,1,578.084183,429.84085,470.610104,431.060965,524.347143,430.450907,2.842382,2.096137,-1.922153,2.111812,0.460115,2.103975
4773,159.1,1,578.477697,429.785113,470.84466,431.072595,524.661179,430.428854,2.842615,2.143881,-1.922652,2.106735,0.459982,2.125308
4774,159.133333,1,578.625393,429.854357,471.245794,430.978932,524.935594,430.416645,2.832476,2.135028,-1.911216,1.957966,0.46063,2.046497
4775,159.166667,1,578.937969,429.799769,471.537876,430.898402,525.237923,430.349085,2.819349,2.159666,-1.925793,2.057683,0.446778,2.108674
4776,159.2,1,579.200935,429.854786,472.075777,430.790792,525.638356,430.322789,2.829141,2.082544,-1.860935,1.806605,0.484103,1.944574
4777,159.233333,1,579.92466,429.928536,472.54221,431.151592,526.233435,430.540064,2.795373,2.171354,-1.928484,1.870316,0.433444,2.020835
4778,159.266667,1,579.938402,430.355716,473.311348,431.210428,526.624875,430.783072,2.820509,2.20178,-1.864344,1.638212,0.478083,1.919996
4779,159.3,1,580.851736,430.519234,473.767672,431.268568,527.309704,430.893901,2.801301,2.360038,-1.910581,1.871945,0.44536,2.115991
4780,159.333333,1,581.277094,430.885077,474.510708,431.532261,527.893901,431.208669,2.782297,2.374497,-1.871229,1.779093,0.455534,2.076795
4781,159.366667,1,581.96023,430.90367,474.759054,431.873503,528.359642,431.388586,2.788852,2.301674,-1.925797,1.9179,0.431528,2.109787
4782,159.4,1,582.267828,431.509774,475.131845,431.981907,528.699837,431.74584,2.799863,2.362417,-1.90128,1.7442,0.449291,2.053308
4783,159.433333,1,582.710161,431.590562,475.143213,432.259558,528.926687,431.92506,2.805551,2.433098,-1.915253,1.829884,0.445149,2.131491
4784,159.466667,1,582.594023,431.392003,475.388336,432.448139,528.991179,431.920071,2.789994,2.397351,-1.93433,1.952199,0.427832,2.174775
4785,159.5,1,582.776661,431.509473,475.666714,432.546909,529.221687,432.028191,2.797843,2.447067,-1.919056,1.95792,0.439394,2.202494
4786,159.533333,1,582.790985,431.484658,475.643244,432.494338,529.217114,431.989498,2.785338,2.376172,-1.940503,1.944545,0.422417,2.160358
4787,159.566667,1,582.780905,431.547228,475.764551,432.427926,529.272728,431.987577,2.794396,2.376435,-1.914707,1.955301,0.439845,2.165868
4788,159.6,1,582.685099,431.445476,475.730982,432.547585,529.20804,431.99653,2.786125,2.283951,-1.929464,1.929091,0.42833,2.106521
4789,159.633333,1,582.595062,431.43936,475.688553,432.613471,529.141808,432.026415,2.790427,2.289084,-1.926765,2.034338,0.431831,2.161711
4790,159.666667,1,582.115011,431.247303,475.114155,432.53529,528.614583,431.891297,2.789444,2.358782,-1.921374,1.98661,0.434035,2.172696
4791,159.7,1,581.662798,431.152815,474.642086,432.681051,528.152442,431.916933,2.772176,2.258844,-1.921441,2.043028,0.425368,2.150936
4792,159.733333,1,581.179018,431.06104,474.1113,432.790829,527.645159,431.925935,2.784634,2.283308,-1.929754,2.155726,0.42744,2.219517
4793,159.766667,1,580.715437,431.04441,473.884087,432.858002,527.299762,431.951206,2.785753,2.27676,-1.923984,2.073537,0.430885,2.175148
4794,159.8,1,580.262957,431.06427,473.284788,432.486377,526.773872,431.775323,2.796427,2.353868,-1.899627,1.803615,0.4484,2.078742
4795,159.833333,1,579.718647,430.962936,473.07971,432.619865,526.399179,431.7914,2.7911,2.315417,-1.916311,1.87138,0.437394,2.093398
4796,159.866667,1,579.162369,430.961305,472.78656,432.785883,525.974464,431.873594,2.789864,2.241115,-1.934599,2.061571,0.427633,2.151343
4797,159.9,1,578.927946,430.861291,472.081575,432.755713,525.504761,431.808502,2.795611,2.238722,-1.927807,2.120748,0.433902,2.179735
4798,159.933333,1,578.099041,430.856924,471.8468,432.712262,524.97292,431.784593,2.803599,2.382803,-1.896867,1.922389,0.453366,2.152596
4799,159.966667,1,577.813349,430.651982,471.434469,432.989398,524.623909,431.82069,2.790437,2.016559,-1.926605,2.31652,0.431916,2.166539
4800,160.0,1,577.474909,430.790663,470.872936,432.867358,524.173923,431.82901,2.816478,2.162714,-1.920122,2.085809,0.448178,2.124261
4801,160.033333,1,577.132998,430.59455,471.105146,433.08098,524.119072,431.837765,2.814909,1.967454,-1.932957,2.168779,0.440976,2.068117
4802,160.066667,1,577.01211,431.024466,471.064358,433.093886,524.038234,432.059176,2.815378,2.181549,-1.933403,1.963256,0.440987,2.072403
4803,160.1,1,577.312298,431.746677,471.191473,433.897605,524.251885,432.822141,2.839807,2.881588,-1.920193,2.589957,0.459807,2.735772
4804,160.133333,1,576.924496,431.994513,471.063623,434.164946,523.99406,433.07973,2.83731,3.118929,-1.935961,2.976092,0.450675,3.047511
4805,160.166667,1,577.214165,431.876796,470.920677,434.158487,524.067421,433.017642,2.828429,2.927361,-1.943374,2.861903,0.442527,2.894632
4806,160.2,1,577.217016,431.424758,471.285343,434.024624,524.25118,432.724691,2.833931,2.931218,-1.947643,2.863622,0.443144,2.89742
4807,160.233333,1,577.076569,432.0532,471.267958,433.980056,524.172263,433.016628,2.835891,3.270719,-1.945473,2.889276,0.445209,3.079997
4808,160.266667,1,577.523727,432.546329,472.154922,434.366026,524.839325,433.456178,2.833586,3.755556,-1.922056,3.881768,0.455765,3.818662
4809,160.3,1,577.381821,433.164986,473.139505,434.495909,525.260663,433.830448,2.855605,5.141424,-1.894472,7.613671,0.480567,6.377547
4810,160.333333,1,577.134962,433.24792,473.14703,434.856291,525.140996,434.052106,2.823736,4.144141,-1.890309,7.906952,0.466713,6.025546
4811,160.366667,1,577.262859,433.314385,473.325844,434.688835,525.294352,434.00161,2.830399,4.947444,-1.889195,6.860757,0.470602,5.904101
4812,160.4,1,577.913046,433.293561,473.144722,434.587115,525.528884,433.940338,2.850436,4.199923,-1.900934,7.068055,0.474751,5.633989
4813,160.433333,1,577.816439,433.294065,473.335295,434.571183,525.575867,433.932624,2.844344,4.081513,-1.89657,6.212375,0.473887,5.146944
4814,160.466667,1,578.276234,433.331348,473.107357,434.600258,525.691795,433.965803,2.844269,3.955811,-1.909886,6.861126,0.467191,5.408468
4815,160.5,1,578.410721,433.277038,473.270006,434.653805,525.840364,433.965422,2.855554,4.353803,-1.890849,6.571213,0.482352,5.462508
4816,160.533333,1,578.561087,433.195789,473.379145,434.390348,525.970116,433.793069,2.852741,4.074204,-1.925851,5.256879,0.463445,4.665542
4817,160.566667,1,578.79611,433.161231,473.664017,434.268705,526.230063,433.714968,2.84861,4.724566,-1.913913,5.027827,0.467349,4.876196
4818,160.6,1,578.923769,432.946011,473.819389,434.265668,526.371579,433.60584,2.850317,3.879506,-1.932958,4.643515,0.458679,4.261511
4819,160.633333,1,578.910275,433.055037,473.869209,434.184741,526.389742,433.619889,2.84647,4.482817,-1.908364,4.502085,0.469053,4.492451
4820,160.666667,1,579.386263,432.904512,474.06497,434.10244,526.725616,433.503476,2.845461,4.095024,-1.940314,4.178347,0.452573,4.136685
4821,160.7,1,579.366646,432.897624,474.408798,433.928021,526.887722,433.412822,2.84981,4.252671,-1.916974,3.746337,0.466418,3.999504
4822,160.733333,1,579.911156,432.936655,474.511309,434.149625,527.211232,433.54314,2.860952,3.630604,-1.944238,4.029754,0.458357,3.830179
4823,160.766667,1,580.263567,433.050885,474.75111,434.137266,527.507339,433.594075,2.862998,3.838436,-1.930158,4.049915,0.46642,3.944176
4824,160.8,1,580.536165,433.279485,475.078821,434.133425,527.807493,433.706455,2.837559,3.620595,-1.946277,4.009038,0.445641,3.814816
4825,160.833333,1,581.037722,433.582038,476.099358,434.165654,528.56854,433.873846,2.824884,4.124886,-1.938061,4.214302,0.443412,4.169594
4826,160.866667,1,581.760263,433.961978,477.081947,434.233096,529.421105,434.097537,2.836009,4.589839,-1.943531,4.373943,0.446239,4.481891
4827,160.9,1,582.234564,434.180793,477.326403,434.26393,529.780483,434.222361,2.840484,5.205803,-1.936168,4.268226,0.452158,4.737014
4828,160.933333,1,582.435646,434.094071,478.03792,433.805584,530.236783,433.949828,2.825869,4.603381,-1.939073,3.847198,0.443398,4.225289
4829,160.966667,1,583.091516,434.118136,478.385763,433.767357,530.73864,433.942747,2.833722,3.994328,-1.947799,3.763426,0.442961,3.878877
4830,161.0,1,583.648844,434.163551,479.146595,433.768837,531.397719,433.966194,2.829857,3.90627,-1.961316,3.952265,0.43427,3.929268
4831,161.033333,1,584.361935,434.364878,479.556532,433.74989,531.959233,434.057384,2.821927,3.448745,-1.95182,4.068951,0.435053,3.758848
4832,161.066667,1,584.628305,434.62826,480.667133,433.719807,532.647719,434.174033,2.808315,3.971442,-1.951014,4.928854,0.42865,4.450148
4833,161.1,1,584.91066,434.983674,482.124395,433.943578,533.517528,434.463626,2.806447,5.295295,-1.9077,6.993382,0.449373,6.144338
4834,161.133333,1,584.616365,434.903873,482.766628,433.904364,533.691497,434.404119,2.792099,6.148391,-1.919295,6.821463,0.436402,6.484927
4835,161.166667,1,585.159035,435.100479,483.259029,434.039773,534.209032,434.570126,2.799927,5.746822,-1.896616,8.23711,0.451655,6.991966
4836,161.2,1,584.797201,435.30908,483.969402,434.201478,534.383302,434.755279,2.774233,7.321482,-1.874686,7.767101,0.449774,7.544292
4837,161.233333,1,584.806805,435.697035,485.454149,434.274616,535.130477,434.985825,2.741545,6.532582,-1.850303,6.959851,0.445621,6.746216
4838,161.266667,1,585.289278,435.422505,485.639801,433.8151,535.46454,434.618803,2.730659,7.986537,-1.857316,8.663119,0.436672,8.324828
4839,161.3,1,585.72855,435.294231,486.761026,433.532288,536.244788,434.41326,2.720273,7.480468,-1.836668,9.754939,0.441803,8.617704
4840,161.333333,1,586.765938,435.287815,487.034645,433.361582,536.900291,434.324698,2.737964,8.025111,-1.871252,14.922409,0.433356,11.47376
4841,161.366667,1,587.649841,435.337007,487.052488,433.480189,537.351165,434.408598,2.752207,8.620417,-1.889241,17.996889,0.431483,13.308653
4842,161.4,1,588.898869,435.896559,488.637505,433.472518,538.768187,434.684538,2.739734,13.73672,-1.899049,20.88086,0.420343,17.30879
4843,161.433333,1,589.651241,435.859083,489.38858,433.58546,539.519911,434.722272,2.735068,10.03389,-1.903248,22.776984,0.41591,16.405437
4844,161.466667,1,590.690069,436.09634,489.983978,433.686376,540.337024,434.891358,2.746152,11.857697,-1.917082,25.200673,0.414535,18.529185
4845,161.5,1,591.634474,436.373949,490.40308,433.623462,541.018777,434.998705,2.799843,15.628977,-1.918844,30.200881,0.440499,22.914929
4846,161.533333,1,592.343349,436.673884,490.627441,433.82039,541.485395,435.247137,2.800585,17.599111,-1.937953,33.311595,0.431316,25.455353
4847,161.566667,1,593.235207,436.904672,490.801735,433.826355,542.018471,435.365514,2.818166,16.575203,-1.964774,25.822708,0.426696,21.198956
4848,161.6,1,593.66663,437.499533,491.747026,434.358526,542.706828,435.92903,2.791324,20.837552,-1.963791,23.922627,0.413767,22.380089
4849,161.633333,1,594.317226,438.076025,492.673616,434.71585,543.495421,436.395938,2.775259,27.16622,-1.965183,23.62647,0.405038,25.396345
4850,161.666667,1,594.905424,438.562288,493.632069,434.966133,544.268746,436.76421,2.776232,26.449124,-1.971054,42.098201,0.402589,34.273663
4851,161.7,1,595.301514,438.322284,493.730631,434.521036,544.516072,436.42166,2.789701,16.04384,-2.01244,20.874622,0.38863,18.459231
4852,161.733333,1,596.371593,438.508462,493.314915,434.391357,544.843254,436.449909,2.848948,16.036502,-2.01442,17.423424,0.417264,16.729963
4853,161.766667,1,596.360636,438.398459,493.111124,434.457157,544.73588,436.427808,2.849248,11.368633,-2.030757,20.126593,0.409245,15.747613
4854,161.8,1,596.637201,438.430581,493.138475,434.480492,544.887838,436.455536,2.853476,11.735205,-2.046827,18.389706,0.403325,15.062456
4855,161.833333,1,596.614103,438.423135,493.289509,434.392408,544.951806,436.407772,2.851794,12.394685,-2.03422,20.247849,0.408787,16.321267
4856,161.866667,1,595.96139,438.920192,494.566669,434.960243,545.26403,436.940217,2.786265,21.936076,-1.985585,24.757888,0.40034,23.346982
4857,161.9,1,595.577345,439.318607,496.798038,435.755013,546.187692,437.53681,2.750904,28.001546,-1.909364,47.372224,0.42077,37.686885
4858,161.933333,1,595.572691,439.213775,496.663094,435.733373,546.117892,437.473574,2.753856,29.332299,-1.912822,36.429785,0.420517,32.881042
4859,161.966667,1,596.605825,439.162374,497.454147,435.385233,547.029986,437.273803,2.768365,22.800315,-1.92762,24.842569,0.420373,23.821442
4860,162.0,1,597.222385,439.142032,497.90494,435.293877,547.563663,437.217954,2.770388,23.105192,-1.942475,19.09834,0.413957,21.101766
4861,162.033333,1,597.574272,439.092325,498.268585,435.119265,547.921429,437.105795,2.758907,18.57493,-1.944485,18.569814,0.407211,18.572372
4862,162.066667,1,597.80817,439.237486,498.914576,434.843652,548.361373,437.040569,2.759538,18.806648,-1.945541,18.651116,0.406998,18.728882
4863,162.1,1,598.452797,439.160979,499.06496,434.814727,548.758879,436.987853,2.754693,17.089324,-1.967371,15.58977,0.393661,16.339547
4864,162.133333,1,598.505144,439.095254,499.173899,434.824287,548.839521,436.95977,2.741758,11.400077,-1.932057,19.210237,0.404851,15.305157
4865,162.166667,1,599.106274,439.175634,500.39711,435.006548,549.751692,437.091091,2.707876,12.05789,-1.905991,19.550053,0.400942,15.803972
4866,162.2,1,599.416313,439.436045,500.80183,435.262635,550.109072,437.34934,2.687513,12.072491,-1.914609,22.107694,0.386452,17.090093
4867,162.233333,1,599.842854,439.838398,501.535168,435.307717,550.689011,437.573057,2.661168,13.431752,-1.904355,27.625891,0.378407,20.528822
4868,162.266667,1,600.6709,440.394441,502.577438,435.757331,551.624169,438.075886,2.632476,8.737677,-1.893281,36.520914,0.369597,22.629295
4869,162.3,1,600.627155,440.250782,502.702131,435.586109,551.664643,437.918445,2.619717,10.709113,-1.896442,38.89101,0.361637,24.800062
4870,162.333333,1,601.089048,440.23088,503.011017,435.482651,552.050033,437.856765,2.618811,10.692821,-1.904547,29.716438,0.357132,20.204629
4871,162.366667,1,601.388779,440.166206,503.243923,435.499785,552.316351,437.832996,2.613008,9.90808,-1.912961,23.222047,0.350023,16.565064
4872,162.4,1,601.475172,440.439523,503.545513,435.535276,552.510343,437.9874,2.6201,11.82529,-1.928153,24.580032,0.345974,18.202661
4873,162.433333,1,602.620287,441.108037,503.713799,435.813711,553.167043,438.460874,2.625897,13.208286,-1.92566,19.962869,0.350119,16.585578
4874,162.466667,1,602.919636,441.375947,504.098129,436.048801,553.508883,438.712374,2.625067,18.26174,-1.923999,20.877762,0.350534,19.569751
4875,162.5,1,603.373423,442.039386,504.285898,436.114354,553.82966,439.07687,2.629618,20.780197,-1.925159,31.025818,0.352229,25.903007
4876,162.533333,1,604.379816,442.02722,504.80649,435.968463,554.593153,438.997841,2.635289,22.355083,-1.916664,21.43937,0.359313,21.897226
4877,162.566667,1,604.601974,442.166662,505.45517,436.065291,555.028572,439.115977,2.588904,28.491067,-1.920903,12.425215,0.334001,20.458141
4878,162.6,1,605.245962,442.465965,505.556431,436.023695,555.401196,439.24483,2.553513,26.959195,-1.932178,12.534425,0.310668,19.74681
4879,162.633333,1,605.864172,442.614655,506.204758,435.907223,556.034465,439.260939,2.568493,32.994619,-1.932072,13.658034,0.31821,23.326326
4880,162.666667,1,606.346521,442.507721,507.32789,435.974257,556.837206,439.240989,2.601321,30.839724,-1.915538,14.400642,0.342891,22.620183
4881,162.7,1,607.153196,442.906662,508.16205,435.986896,557.657623,439.446779,2.584851,43.845059,-1.929622,17.399245,0.327614,30.622152
4882,162.733333,1,607.741232,442.98465,508.67238,436.026903,558.206806,439.505777,2.578195,38.31474,-1.929112,19.452953,0.324542,28.883846
4883,162.766667,1,608.287382,443.061898,509.19158,436.134793,558.739481,439.598345,2.569735,31.445456,-1.933981,22.655132,0.317877,27.050294
4884,162.8,1,608.478203,443.211436,509.747601,436.012548,559.112902,439.611992,2.575006,29.531375,-1.948132,29.825373,0.313437,29.678374
4885,162.833333,1,608.664961,443.316064,510.2384,435.968893,559.45168,439.642478,2.575559,31.469889,-1.936777,68.465688,0.319391,49.967789
4886,162.866667,1,609.200611,443.929904,510.690584,436.334403,559.945598,440.132153,2.577392,40.560476,-1.921724,54.487986,0.327834,47.524231
4887,162.9,1,609.093781,444.024457,510.738192,436.650206,559.915986,440.337331,2.569476,39.832765,-1.928092,55.522183,0.320692,47.677474
4888,162.933333,1,609.279814,444.019886,510.388479,436.541694,559.834146,440.28079,2.57953,38.104535,-1.961122,67.936255,0.309204,53.020395
4889,162.966667,1,609.816027,444.049358,511.653662,436.361428,560.734844,440.205393,2.583869,44.459771,-1.922756,31.487469,0.330557,37.97362
4890,163.0,1,609.979696,444.082028,511.708784,436.157666,560.84424,440.119847,2.579754,44.348826,-1.925192,66.299472,0.327281,55.324149
4891,163.033333,1,610.738535,444.023942,512.130289,435.988269,561.434412,440.006105,2.587219,39.732057,-1.949512,32.542256,0.318853,36.137156
4892,163.066667,1,611.268425,444.06646,512.648468,436.04113,561.958447,440.053795,2.594821,39.708019,-1.955626,20.552552,0.319598,30.130286
4893,163.1,1,611.29118,444.304276,513.630409,436.054455,562.460794,440.179365,2.575241,33.896215,-1.929232,24.061265,0.323005,28.97874
4894,163.133333,1,611.848679,444.514357,514.166174,436.163138,563.007426,440.338748,2.580074,31.193061,-1.907686,29.124622,0.336194,30.158842
4895,163.166667,1,612.511883,444.804218,514.893188,436.134943,563.702536,440.46958,2.581658,25.228282,-1.89431,15.9686,0.343674,20.598441
4896,163.2,1,612.825832,444.966094,515.505152,435.945718,564.165492,440.455906,2.587893,20.142801,-1.857279,18.56013,0.365307,19.351465
4897,163.233333,1,613.247328,445.249808,516.579943,435.80988,564.913635,440.529844,2.59188,16.300448,-1.829422,14.988633,0.381229,15.64454
4898,163.266667,1,613.535719,445.271169,516.546526,435.631642,565.041122,440.451406,2.591945,19.154591,-1.84494,54.695597,0.373503,36.925094
4899,163.3,1,614.101038,445.250419,517.399454,435.71566,565.750246,440.48304,2.587235,21.522089,-1.812033,27.039747,0.387601,24.280918
4900,163.333333,1,614.834576,445.406653,518.048162,435.776567,566.441369,440.59161,2.583485,28.179592,-1.809224,57.202603,0.38713,42.691098
4901,163.366667,1,614.688663,445.408198,518.33662,435.913242,566.512642,440.66072,2.567808,30.636316,-1.812722,41.881647,0.377543,36.258981
4902,163.4,1,614.727125,445.573443,519.00938,435.986445,566.868253,440.779944,2.554179,29.510523,-1.787847,37.604412,0.383166,33.557467
4903,163.433333,1,614.65704,445.662589,519.072638,436.14992,566.864839,440.906255,2.548483,33.072034,-1.781133,43.737248,0.383675,38.404641
4904,163.466667,1,614.538021,446.339278,519.453287,437.03963,566.995654,441.689454,2.538729,33.930347,-1.769723,69.266753,0.384503,51.59855
4905,163.5,1,614.271183,447.168328,519.330912,438.088825,566.801047,442.628576,2.502787,38.13793,-1.774236,94.930833,0.364276,66.534381
4906,163.533333,1,614.041414,447.022254,518.867502,438.133038,566.454458,442.577646,2.506491,31.05865,-1.782872,52.664849,0.361809,41.86175
4907,163.566667,1,613.932981,447.172533,518.728838,438.441782,566.33091,442.807158,2.495494,27.640912,-1.776578,63.284078,0.359458,45.462495
4908,163.6,1,612.703772,447.683837,518.841085,439.497982,565.772429,443.59091,2.471554,40.220593,-1.773023,69.047553,0.349266,54.634073
4909,163.633333,1,612.279377,447.782339,518.684759,439.67136,565.482068,443.72685,2.462977,37.484649,-1.779719,44.248172,0.341629,40.866411
4910,163.666667,1,612.362051,448.235536,518.748608,440.097606,565.555329,444.166571,2.454757,33.462279,-1.790896,38.794138,0.33193,36.128208
4911,163.7,1,612.406406,448.473705,518.229961,440.415287,565.318184,444.444496,2.450424,32.264063,-1.797555,38.29725,0.326434,35.280657
4912,163.733333,1,613.328495,449.269602,518.782053,441.111653,566.055274,445.190628,2.481263,37.081166,-1.778748,55.62965,0.351257,46.355408
4913,163.766667,1,613.208904,449.860107,518.849506,441.938632,566.029205,445.899369,2.493183,38.914545,-1.784806,69.578018,0.354188,54.246282
4914,163.8,1,613.420773,450.352002,518.251095,442.562106,565.835934,446.457054,2.469062,39.530097,-1.820763,52.919425,0.324149,46.224761
4915,163.833333,1,613.554325,450.841913,518.338528,443.138673,565.946426,446.990293,2.461734,41.184808,-1.818415,68.058872,0.32166,54.62184
4916,163.866667,1,613.735571,452.282592,519.482784,444.396651,566.609178,448.339621,2.500314,57.352117,-1.799186,61.94743,0.350564,59.649773
4917,163.9,1,613.534708,453.180285,520.38228,446.304034,566.958494,449.742159,2.470916,84.251386,-1.758422,70.452493,0.356247,77.35194
4918,163.933333,1,613.686419,453.83292,520.661411,447.423695,567.173915,450.628307,2.493296,76.774076,-1.756979,80.81508,0.368158,78.794578
4919,163.966667,1,613.975611,454.282984,520.329847,448.025776,567.152729,451.15438,2.516404,68.364706,-1.738373,81.661846,0.389015,75.013276
4920,164.0,1,613.537893,454.895557,520.094767,448.706231,566.81633,451.800894,2.509905,75.641001,-1.742105,79.54039,0.3839,77.590696
4921,164.033333,1,613.036423,455.199301,520.18857,449.226226,566.612496,452.212763,2.50957,79.550693,-1.728968,71.801871,0.390301,75.676282
4922,164.066667,1,612.86314,455.223516,519.068193,450.141256,565.965667,452.682386,2.513808,70.549072,-1.733639,63.798367,0.390084,67.173719
4923,164.1,1,612.7246,455.90336,518.98859,450.825273,565.856595,453.364316,2.511715,73.506458,-1.680933,71.788196,0.415391,72.647327
4924,164.133333,1,613.893948,455.844705,519.5784,450.914172,566.736174,453.379439,2.526495,73.355997,-1.672256,87.836719,0.42712,80.596358
4925,164.166667,1,615.286064,455.024571,518.980913,449.981332,567.133489,452.502952,2.565915,71.818269,-1.656543,77.070107,0.454686,74.444188
4926,164.2,1,615.053711,455.043905,520.025787,448.324445,567.539749,451.684175,2.584467,66.425093,-1.593721,57.012037,0.495373,61.718565
4927,164.233333,1,615.875273,454.026618,517.467623,445.371923,566.671448,449.699271,2.502016,59.29371,-1.671056,120.17131,0.41548,89.73251
4928,164.266667,1,617.72892,450.185577,511.405525,441.020329,564.567223,445.602953,2.613603,4.683017,-1.949832,3.970452,0.331886,4.326735
4929,164.3,1,617.869015,448.66102,510.085526,439.253751,563.97727,443.957385,2.616385,1.858375,-1.973872,2.056238,0.321256,1.957307
4930,164.333333,1,617.723541,448.046097,509.672279,438.84391,563.69791,443.445003,2.616131,1.550674,-1.967229,1.716395,0.324451,1.633535
4931,164.366667,1,617.670612,447.995145,509.761562,438.559928,563.716087,443.277537,2.624418,1.583843,-1.961005,1.554159,0.331707,1.569001
4932,164.4,1,617.448387,447.77838,509.742661,438.38743,563.595524,443.082905,2.6314,1.61327,-1.968094,1.344684,0.331653,1.478977
4933,164.433333,1,617.273674,447.837957,509.635134,438.510339,563.454404,443.174148,2.638746,1.601442,-1.983737,1.33586,0.327504,1.468651
4934,164.466667,1,616.933212,447.820984,509.474678,438.479998,563.203945,443.150491,2.641435,1.582056,-1.973159,1.416125,0.334138,1.49909
4935,164.5,1,616.838865,447.727987,509.275379,438.571966,563.057122,443.149976,2.636262,1.523678,-1.967479,1.540496,0.334391,1.532087
4936,164.533333,1,616.586256,447.376553,509.286404,438.667141,562.93633,443.021847,2.63889,1.54448,-1.970759,1.525817,0.334065,1.535148
4937,164.566667,1,616.337891,447.19206,509.023685,438.590977,562.680788,442.891518,2.636633,1.454305,-1.976592,1.474108,0.330021,1.464207
4938,164.6,1,616.414185,447.200342,508.606997,438.674372,562.510591,442.937357,2.622608,1.546997,-2.000654,1.543157,0.310977,1.545077
4939,164.633333,1,615.74276,446.845765,508.320732,438.714112,562.031746,442.779939,2.620365,1.66594,-2.001892,1.499378,0.309236,1.582659
4940,164.666667,1,615.091066,446.692954,507.831993,438.605579,561.46153,442.649267,2.63284,1.758675,-1.984128,1.67461,0.324356,1.716642
4941,164.7,1,614.355669,446.507045,507.384186,438.592136,560.869927,442.54959,2.632159,1.801469,-1.9745,1.686236,0.328829,1.743852
4942,164.733333,1,613.659668,446.272792,506.828699,438.51771,560.244184,442.395251,2.625234,1.805652,-1.994019,1.66573,0.315608,1.735691
4943,164.766667,1,613.050394,446.179354,506.354733,438.607424,559.702563,442.393389,2.62164,1.876041,-1.980483,1.601896,0.320578,1.738969
4944,164.8,1,612.025175,445.955186,505.460567,438.633957,558.742871,442.294571,2.628398,1.941091,-1.979545,1.619177,0.324426,1.780134
4945,164.833333,1,611.228952,445.862263,504.810104,438.617992,558.019528,442.240128,2.641516,1.954576,-1.997107,1.666392,0.322204,1.810484
4946,164.866667,1,610.715532,445.705537,504.466505,438.541335,557.591019,442.123436,2.649605,1.932766,-2.004558,1.543725,0.322523,1.738245
4947,164.9,1,610.053606,445.750791,503.94619,438.588917,556.999898,442.169854,2.64972,1.885176,-2.002503,1.619755,0.323609,1.752465
4948,164.933333,1,609.373188,445.639522,503.348055,438.726236,556.360621,442.182879,2.660169,1.927478,-2.028507,1.723089,0.315831,1.825284
4949,164.966667,1,608.798485,445.505712,502.604942,438.864284,555.701714,442.184998,2.638915,1.98121,-2.04331,1.746231,0.297802,1.863721
4950,165.0,1,607.736702,445.49832,501.891174,439.088495,554.813938,442.293407,2.670646,1.903239,-1.975708,1.775976,0.347469,1.839607
4951,165.033333,1,607.01189,445.523318,500.890656,439.34058,553.951273,442.431949,2.6971,1.901676,-1.973044,1.780281,0.362028,1.840979
4952,165.066667,1,606.089497,445.064145,499.804192,439.444896,552.946844,442.254521,2.667562,1.986531,-2.006175,1.998758,0.330693,1.992645
4953,165.1,1,604.862423,444.863935,498.582363,439.934206,551.722393,442.39907,2.704467,1.963553,-1.955318,2.139862,0.374575,2.051708
4954,165.133333,1,604.450855,444.678744,497.975931,440.030197,551.213393,442.35447,2.679585,2.16722,-1.982247,2.062515,0.348669,2.114867
4955,165.166667,1,603.724022,444.614457,497.023001,440.449255,550.373511,442.531856,2.704112,1.989372,-1.972783,2.090892,0.365664,2.040132
4956,165.2,1,604.067106,444.527274,496.950788,440.353779,550.508947,442.440526,2.713699,2.153676,-2.001644,2.163288,0.356027,2.158482
4957,165.233333,1,604.385977,445.328171,497.941284,441.059918,551.16363,443.194045,2.689553,2.258505,-1.969783,2.620257,0.359885,2.439381
4958,165.266667,1,605.959873,445.918472,499.549618,441.121706,552.754745,443.520089,2.677238,2.684674,-2.084448,3.302347,0.296395,2.99351
4959,165.3,1,607.450609,446.440204,501.329708,441.022797,554.390159,443.731501,2.654815,2.839607,-2.089204,3.48021,0.282805,3.159908
4960,165.333333,1,609.367104,446.65433,503.480911,440.280415,556.424007,443.467373,2.649704,2.717472,-2.104241,3.203595,0.272731,2.960533
4961,165.366667,1,610.551872,447.553697,504.59074,440.016539,557.571306,443.785118,2.644726,2.785365,-2.068168,2.971738,0.288279,2.878551
4962,165.4,1,611.418533,449.10573,507.035208,441.392298,559.226871,445.249014,2.645915,6.130155,-2.058751,4.218584,0.293582,5.174369
4963,165.433333,1,613.187923,450.841752,510.266008,443.015002,561.726966,446.928377,2.66774,11.373709,-1.922252,61.858656,0.372744,36.616182
4964,165.466667,1,614.685297,451.24315,511.278353,443.3322,562.981825,447.287675,2.663015,11.621464,-1.995169,23.08781,0.333923,17.354637
4965,165.5,1,616.176596,452.145799,510.456753,443.272859,563.316674,447.709329,2.639088,7.520305,-2.120473,7.657917,0.259307,7.589111
4966,165.533333,1,616.626959,452.319027,510.637798,442.979758,563.632379,447.649392,2.62975,8.744175,-2.126806,7.8211,0.251472,8.282637
4967,165.566667,1,617.540359,452.464703,510.632992,442.750976,564.086676,447.60784,2.664457,9.431519,-2.12179,6.691547,0.271333,8.061533
4968,165.6,1,617.915382,452.496321,510.869379,442.625459,564.392381,447.56089,2.678593,6.870353,-2.097873,8.486454,0.29036,7.678404
4969,165.633333,1,618.834734,451.525651,512.268677,441.934479,565.551705,446.730065,2.698523,3.618993,-2.089727,4.929512,0.304398,4.274253
4970,165.666667,1,618.801193,450.054803,512.69989,440.936311,565.750542,445.495557,2.668827,2.539977,-2.012503,2.678701,0.328162,2.609339
4971,165.7,1,618.818293,449.502815,512.535658,440.572293,565.676975,445.037554,2.649186,2.484928,-1.967325,2.53985,0.34093,2.512389
4972,165.733333,1,618.730717,449.163612,512.647305,440.341215,565.689011,444.752414,2.654442,2.376792,-1.965787,2.226862,0.344328,2.301827
4973,165.766667,1,618.821325,448.968819,512.893953,439.984492,565.857639,444.476656,2.682714,2.299202,-1.96749,2.147044,0.357612,2.223123
4974,165.8,1,618.896055,448.726519,512.946959,439.506158,565.921507,444.116338,2.691001,2.312913,-1.973238,2.264569,0.358881,2.288741
4975,165.833333,1,618.929987,448.274192,512.664728,439.358722,565.797358,443.816457,2.691941,2.204148,-1.981155,2.182194,0.355393,2.193171
4976,165.866667,1,618.577719,448.473662,512.607775,439.359398,565.592747,443.91653,2.703827,2.308165,-2.013708,2.21842,0.345059,2.263293
4977,165.9,1,618.516979,448.511395,512.393913,439.368378,565.455446,443.939887,2.731764,2.369782,-2.00645,2.288989,0.362657,2.329386
4978,165.933333,1,618.483906,448.492974,511.944475,439.478005,565.21419,443.98549,2.7443,2.343761,-2.019885,2.22989,0.362207,2.286825
4979,165.966667,1,618.347626,448.275039,511.859894,439.262055,565.10376,443.768547,2.76305,2.460858,-1.988148,2.13204,0.387451,2.296449
4980,166.0,1,618.407822,448.18835,511.891537,439.305078,565.149679,443.746714,2.75105,2.437178,-2.003325,2.189668,0.373862,2.313423
4981,166.033333,1,618.545008,447.740947,512.403393,438.656509,565.4742,443.198728,2.754245,2.486446,-1.975763,2.170735,0.389241,2.328591
4982,166.066667,1,618.836279,446.826432,512.468882,437.962664,565.65258,442.394548,2.717762,2.312504,-1.962765,1.980467,0.377499,2.146485
4983,166.1,1,618.665428,445.951023,512.356939,437.120547,565.511184,441.535785,2.736424,2.241967,-1.942589,1.982383,0.396917,2.112175
4984,166.133333,1,618.257961,444.697434,512.359743,436.161346,565.308852,440.42939,2.762039,2.049086,-1.882951,1.76463,0.439544,1.906858
4985,166.166667,1,616.729927,443.199656,509.925442,435.208454,563.327684,439.204055,2.730796,1.662929,-1.921277,1.810441,0.40476,1.736685
4986,166.2,1,616.128359,441.602991,509.206467,434.489043,562.667413,438.046017,2.761601,1.56456,-1.897844,1.897533,0.431878,1.731047
4987,166.233333,1,614.969187,439.570466,508.025684,433.98468,561.497436,436.777573,2.763023,1.400388,-1.942252,2.131893,0.410386,1.76614
4988,166.266667,1,613.609095,437.997319,507.037029,433.328075,560.323062,435.662697,2.750215,1.476256,-1.923089,2.356684,0.413563,1.91647
4989,166.3,1,612.340803,437.163484,505.265379,433.413241,558.803091,435.288363,2.7514,1.356824,-1.988691,2.123749,0.381355,1.740287
4990,166.333333,1,610.261211,436.943736,503.132219,433.628794,556.696715,435.286265,2.763072,1.462181,-1.888032,2.263836,0.43752,1.863009
4991,166.366667,1,608.846331,436.579825,501.290398,433.610759,555.068364,435.095292,2.755403,1.545378,-1.902791,2.262965,0.426306,1.904171
4992,166.4,1,607.700367,436.156293,499.762602,433.096161,553.731484,434.626227,2.778749,1.754896,-1.906963,2.199635,0.435893,1.977265
4993,166.433333,1,606.602821,436.395557,498.817291,432.760842,552.710056,434.578199,2.744941,2.020862,-1.912538,2.146219,0.416202,2.08354
4994,166.466667,1,605.5161,435.735401,497.416353,432.710609,551.466227,434.223005,2.753417,1.88806,-1.926968,2.149961,0.413225,2.019011
4995,166.5,1,604.532452,434.884905,496.359711,432.437925,550.446081,433.661415,2.747373,1.86405,-1.946728,2.206273,0.400323,2.035162
4996,166.533333,1,603.64851,433.935059,495.294228,431.420134,549.471369,432.677597,2.740211,1.881233,-1.936296,2.036275,0.401957,1.958754
4997,166.566667,1,603.145046,432.829421,494.156132,430.690327,548.650589,431.759874,2.741176,1.699249,-1.93554,1.929602,0.402818,1.814425
4998,166.6,1,602.421894,431.783456,494.016047,429.855173,548.21897,430.819314,2.752248,1.823451,-1.943025,1.825212,0.404611,1.824332
4999,166.633333,1,602.283726,430.603176,494.11665,429.150116,548.200188,429.876646,2.768029,1.738943,-1.939844,1.861422,0.414093,1.800182
5000,166.666667,1,601.965666,429.519478,494.102135,428.44255,548.0339,428.981014,2.762207,1.6718,-1.947854,1.717926,0.407176,1.694863
5001,166.7,1,602.864122,428.7324,495.551653,427.684075,549.207888,428.208237,2.813033,1.662177,-1.898843,1.623284,0.457095,1.642731
5002,166.733333,1,603.490057,428.098669,495.826054,427.202382,549.658055,427.650526,2.823033,1.595464,-1.888415,1.642598,0.467309,1.619031
5003,166.766667,1,603.487139,427.811093,495.514021,427.262893,549.50058,427.536993,2.83197,1.537721,-1.893763,1.748467,0.469104,1.643094
5004,166.8,1,603.082457,427.884758,495.100288,427.486793,549.091372,427.685775,2.827917,1.310826,-1.877346,1.779525,0.475285,1.545176
5005,166.833333,1,602.092886,427.891324,493.959579,428.022805,548.026233,427.957065,2.821374,1.525952,-1.887501,1.800281,0.466936,1.663116
5006,166.866667,1,600.860424,427.736088,492.800083,428.36291,546.830254,428.049499,2.796505,1.682186,-1.905044,1.734028,0.44573,1.708107
5007,166.9,1,599.407825,427.603641,491.483746,428.890243,545.445786,428.246942,2.776491,1.230704,-1.886328,1.601706,0.445082,1.416205
5008,166.933333,1,597.960672,427.345762,490.033131,429.375143,543.996902,428.360453,2.80854,1.241487,-1.868114,1.757715,0.470213,1.499601
5009,166.966667,1,596.49889,427.395136,488.622923,429.545013,542.560906,428.470075,2.814741,1.09291,-1.88817,1.75775,0.463286,1.42533
5010,167.0,1,594.824133,427.594221,486.754808,429.338204,540.789471,428.466212,2.790889,1.601389,-1.85487,1.669343,0.468009,1.635366
5011,167.033333,1,593.088894,428.006594,485.020151,429.270859,539.054523,428.638726,2.760057,1.722612,-1.906313,1.859673,0.426872,1.791143
5012,167.066667,1,590.757389,428.813338,482.932396,430.068966,536.844893,429.441152,2.751534,1.928888,-1.890966,1.66006,0.430284,1.794474
5013,167.1,1,587.694731,429.702984,480.574923,431.138277,534.134827,430.420631,2.757839,1.877153,-1.8674,1.895618,0.445219,1.886386
5014,167.133333,1,584.220915,429.962718,477.507038,432.075913,530.863976,431.019316,2.756007,1.859456,-1.832576,1.732494,0.461715,1.795975
5015,167.166667,1,581.208744,430.373107,474.652033,432.682028,527.930388,431.527568,2.754749,1.614821,-1.792114,1.619755,0.481318,1.617288
5016,167.2,1,579.017696,429.870429,471.201525,432.962523,525.109611,431.416476,2.777634,1.506533,-1.861652,1.788441,0.457991,1.647487
5017,167.233333,1,577.044077,429.515444,469.499102,433.279141,523.271589,431.397293,2.787293,1.313218,-1.844581,1.827265,0.471356,1.570242
5018,167.266667,1,575.246735,429.241655,467.814569,433.199823,521.530652,431.220739,2.803409,1.470104,-1.874257,1.855284,0.464576,1.662694
5019,167.3,1,574.199228,429.154236,466.531811,433.068277,520.36552,431.111256,2.803926,1.164868,-1.878627,1.810961,0.462649,1.487915
5020,167.333333,1,573.483171,428.895725,465.710192,433.497934,519.596682,431.19683,2.826967,1.236394,-1.873906,1.783116,0.47653,1.509755
5021,167.366667,1,572.628899,428.770777,464.820137,433.105334,518.724518,430.938056,2.819182,1.236753,-1.865738,1.676491,0.476722,1.456622
5022,167.4,1,572.061872,428.419172,464.309416,432.785722,518.185644,430.602447,2.820052,1.289414,-1.855428,1.668581,0.482312,1.478997
5023,167.433333,1,571.347418,428.160896,463.474255,432.107552,517.410836,430.134224,2.817291,1.359487,-1.845725,1.583299,0.485783,1.471393
5024,167.466667,1,571.31031,427.474498,463.368235,431.542153,517.339272,429.508325,2.817837,1.348055,-1.861021,1.640416,0.478408,1.494236
5025,167.5,1,570.612478,427.409556,462.669106,431.144757,516.640792,429.277157,2.811296,1.483199,-1.85253,1.515378,0.479383,1.499288
5026,167.533333,1,570.963945,426.713147,462.930574,430.766609,516.94726,428.739878,2.8461,1.140022,-1.864879,1.58741,0.49061,1.363716
5027,167.566667,1,570.347967,426.749539,462.281723,430.523558,516.314845,428.636549,2.810173,1.346962,-1.860466,1.548174,0.474854,1.447568
5028,167.6,1,570.36644,426.590055,462.289448,430.454839,516.327944,428.522447,2.806448,1.281212,-1.858912,1.569161,0.473768,1.425187
5029,167.633333,1,570.135012,426.572095,462.111511,430.540853,516.123261,428.556474,2.798148,1.286714,-1.860459,1.63106,0.468845,1.458887
5030,167.666667,1,569.907255,427.128063,462.131872,431.069484,516.019564,429.098774,2.808957,1.414664,-1.87452,1.755183,0.467219,1.584923
5031,167.7,1,569.84005,427.38607,462.139931,431.317663,515.98999,429.351867,2.805179,1.383537,-1.859978,1.76486,0.4726,1.574199
5032,167.733333,1,570.005894,427.452836,462.473402,431.548977,516.239648,429.500906,2.801757,1.417932,-1.870717,1.698051,0.46552,1.557992
5033,167.766667,1,569.935341,427.523646,462.415924,431.674182,516.175632,429.598914,2.806935,1.371148,-1.85716,1.691923,0.474887,1.531536
5034,167.8,1,569.844627,427.63793,461.903677,431.630398,515.874152,429.634164,2.792529,1.373447,-1.874892,1.787876,0.458819,1.580662
5035,167.833333,1,569.459677,427.937061,461.541395,431.86448,515.500536,429.90077,2.784573,1.370265,-1.852768,1.67693,0.465903,1.523598
5036,167.866667,1,568.769312,428.291026,461.025181,432.36896,514.897246,430.329993,2.819656,1.436832,-1.858128,1.643581,0.480764,1.540207
5037,167.9,1,567.877197,428.805914,459.86825,433.111235,513.872724,430.958574,2.776911,1.444272,-1.865612,1.697382,0.455649,1.570827
5038,167.933333,1,566.924438,428.807158,459.052582,433.820754,512.98851,431.313956,2.750437,1.33973,-1.864518,1.703058,0.44296,1.521394
5039,167.966667,1,565.758018,429.411621,457.899141,434.282523,511.82858,431.847072,2.731365,1.428672,-1.846427,1.664369,0.442469,1.546521
5040,168.0,1,564.707193,429.88987,456.5308,434.56055,510.618997,432.22521,2.758122,1.65927,-1.811618,1.665258,0.473252,1.662264
5041,168.033333,1,563.705149,430.489987,455.223179,434.90206,509.464164,432.696024,2.778682,1.717723,-1.792073,1.594216,0.493304,1.655969
5042,168.066667,1,562.844925,430.591793,454.109907,435.641009,508.477416,433.116401,2.797485,1.55335,-1.798039,1.702981,0.499723,1.628165
5043,168.1,1,561.878357,431.777072,453.004065,437.109475,507.441211,434.443274,2.801627,1.585109,-1.797555,1.645615,0.502036,1.615362
5044,168.133333,1,561.322165,432.475455,452.085619,438.38007,506.703892,435.427762,2.795833,1.769023,-1.780915,1.619512,0.507459,1.694267
5045,168.166667,1,560.746317,432.910702,451.522837,439.373732,506.134577,436.142217,2.826649,1.770541,-1.784728,1.734252,0.520961,1.752396
5046,168.2,1,559.910383,433.346347,451.035089,439.666028,505.472736,436.506187,2.764502,1.724246,-1.804769,1.740077,0.479867,1.732161
5047,168.233333,1,559.043474,433.849883,450.140438,440.107734,504.591956,436.978809,2.754331,1.688578,-1.780578,1.551539,0.486877,1.620058
5048,168.266667,1,558.621197,433.908924,449.453058,440.507877,504.037127,437.2084,2.773438,1.610741,-1.782163,1.602976,0.495638,1.606859
5049,168.3,1,557.934647,434.218086,448.656473,440.73462,503.29556,437.476353,2.781425,1.60756,-1.806181,1.638209,0.487622,1.622885
5050,168.333333,1,557.368288,434.409896,448.090115,441.070583,502.729201,437.74024,2.804347,1.537645,-1.781205,1.575298,0.511571,1.556471
5051,168.366667,1,556.867418,434.426816,447.477837,441.503202,502.172627,437.965009,2.827046,1.505545,-1.764596,1.597107,0.531225,1.551326
5052,168.4,1,556.597719,434.638023,447.244062,441.794651,501.920891,438.216337,2.834286,1.456125,-1.770588,1.623423,0.531849,1.539774
5053,168.433333,1,556.358089,434.760815,446.685133,441.834326,501.521611,438.29757,2.827986,1.450865,-1.783112,1.660742,0.522437,1.555804
5054,168.466667,1,556.091547,435.075159,446.303473,442.108823,501.19751,438.591991,2.839392,1.609611,-1.770303,1.671322,0.534544,1.640466
5055,168.5,1,555.810242,435.090297,445.919018,442.134594,500.86463,438.612446,2.836746,1.608891,-1.792115,1.599528,0.522316,1.604209
5056,168.533333,1,555.629578,435.063765,445.987101,442.086582,500.808339,438.575174,2.82607,1.497577,-1.802737,1.551052,0.511667,1.524314
5057,168.566667,1,555.639677,434.978535,445.970068,442.058387,500.804873,438.518461,2.833022,1.484927,-1.802874,1.579999,0.515074,1.532463
5058,168.6,1,555.645714,435.12095,445.574875,441.921272,500.610294,438.521111,2.839274,1.559917,-1.800549,1.491727,0.519363,1.525822
5059,168.633333,1,555.5373,435.47719,445.215416,442.853351,500.376358,439.16527,2.82581,2.161719,-1.832883,2.112498,0.496464,2.137109
5060,168.666667,1,554.630461,436.911024,445.68018,444.088036,500.15532,440.49953,2.781433,4.77993,-1.865074,3.121007,0.45818,3.950468
5061,168.7,1,555.573072,435.220052,444.97427,442.524405,500.273671,438.872228,2.787277,2.905169,-1.865876,2.637566,0.460701,2.771368
5062,168.733333,1,556.041832,434.349214,446.03632,441.170018,501.039076,437.759616,2.851651,2.591044,-1.837015,2.022249,0.507318,2.306646
5063,168.766667,1,555.788593,434.433317,445.634003,441.291468,500.711298,437.862393,2.831577,2.221797,-1.806927,1.905931,0.512325,2.063864
5064,168.8,1,555.901423,433.72943,445.790577,440.570308,500.846,437.149869,2.826678,1.836822,-1.810468,1.780394,0.508105,1.808608
5065,168.833333,1,556.224012,433.340049,445.891342,439.806501,501.057677,436.573275,2.818318,1.857875,-1.795223,1.756086,0.511548,1.806981
5066,168.866667,1,556.415491,433.106868,446.211548,439.531993,501.313519,436.31943,2.824409,1.622414,-1.793553,1.692023,0.515428,1.657219
5067,168.9,1,556.528406,433.065358,446.506701,439.214441,501.517553,436.139899,2.824443,1.647354,-1.783786,1.651069,0.520328,1.649211
5068,168.933333,1,556.496239,432.986212,446.911869,439.120317,501.704054,436.053264,2.805207,1.52958,-1.773801,1.672883,0.515703,1.601232
5069,168.966667,1,556.6957,433.050081,447.027378,438.939557,501.861539,435.994819,2.81552,1.518757,-1.766387,1.706784,0.524566,1.61277
5070,169.0,1,556.684513,433.01518,447.338867,438.71335,502.01169,435.864265,2.800671,1.585005,-1.767117,1.694984,0.516777,1.639995
5071,169.033333,1,556.754532,432.774843,447.634382,438.417288,502.194457,435.596066,2.803192,1.545904,-1.78036,1.67477,0.511416,1.610337
5072,169.066667,1,556.972122,432.438869,447.828817,438.118136,502.40047,435.278503,2.822221,1.535189,-1.786064,1.870613,0.518078,1.702901
5073,169.1,1,557.109594,431.936663,448.304396,437.352966,502.706995,434.644815,2.786107,1.589381,-1.795623,1.79099,0.495242,1.690186
5074,169.133333,1,557.63155,430.965135,448.388071,436.620562,503.00981,433.792849,2.793125,1.478561,-1.832606,1.945002,0.48026,1.711781
5075,169.166667,1,557.745199,430.351971,448.680849,435.861379,503.213024,433.106675,2.798132,1.469251,-1.835928,1.935275,0.481102,1.702263
5076,169.2,1,557.923956,429.579206,449.232388,434.933152,503.578172,432.256179,2.805064,1.37737,-1.83093,1.829521,0.487067,1.603446
5077,169.233333,1,558.099489,428.827854,449.622831,434.351403,503.86116,431.589628,2.781778,1.476314,-1.815866,1.792662,0.482956,1.634488
5078,169.266667,1,557.822018,428.304405,449.841175,433.838307,503.831596,431.071356,2.807983,1.564747,-1.811621,1.812724,0.498181,1.688736
5079,169.3,1,557.823868,427.716454,450.145235,433.61872,503.984551,430.667587,2.814443,1.372355,-1.827513,1.90486,0.493465,1.638608
5080,169.333333,1,557.943277,427.666823,450.157499,433.406965,504.050388,430.536894,2.82426,1.314755,-1.835356,1.981013,0.494452,1.647884
5081,169.366667,1,557.636948,427.646706,450.131254,433.534691,503.884101,430.590699,2.827761,1.51173,-1.837728,1.971402,0.495016,1.741566
5082,169.4,1,558.507042,427.77204,450.354404,433.748174,504.430723,430.760107,2.82445,1.457774,-1.837896,1.97052,0.493277,1.714147
5083,169.433333,1,558.375883,428.433988,450.409145,433.826709,504.392514,431.130348,2.811618,1.494712,-1.862337,1.827295,0.474641,1.661003
5084,169.466667,1,559.265432,429.073491,451.111546,434.484987,505.188489,431.779239,2.842625,1.283496,-1.83897,1.852791,0.501827,1.568143
5085,169.5,1,559.08864,429.95626,451.479254,434.705164,505.283947,432.330712,2.800202,1.432834,-1.876824,1.790752,0.461689,1.611793
5086,169.533333,1,559.902115,430.407236,452.03124,435.265006,505.966678,432.836121,2.783284,1.503131,-1.88191,1.747474,0.450687,1.625302
5087,169.566667,1,560.600452,431.27537,452.467461,435.781986,506.533957,433.528678,2.795997,1.272852,-1.857785,1.825088,0.469106,1.54897
5088,169.6,1,560.444012,432.052181,452.622051,435.974579,506.533031,434.01338,2.773744,1.518653,-1.864478,1.785105,0.454633,1.651879
5089,169.633333,1,561.090727,432.744834,452.630224,436.172901,506.860476,434.458868,2.77703,1.510478,-1.856263,1.776149,0.460383,1.643314
5090,169.666667,1,561.26194,433.915501,452.516222,436.88668,506.889081,435.40109,2.764692,1.511039,-1.896632,1.816036,0.43403,1.663538
5091,169.7,1,561.31711,434.760225,452.693748,437.477914,507.005429,436.119069,2.755736,1.619756,-1.904791,1.848312,0.425473,1.734034
5092,169.733333,1,561.18288,435.483863,452.73737,438.408448,506.960125,436.946155,2.770659,1.572474,-1.892882,1.881187,0.438889,1.726831
5093,169.766667,1,561.040134,436.073488,452.716026,438.916458,506.87808,437.494973,2.754493,1.616528,-1.873916,1.823088,0.440288,1.719808
5094,169.8,1,560.961456,436.518584,452.854939,439.608618,506.908197,438.063601,2.758899,1.69178,-1.878786,1.845721,0.440056,1.76875
5095,169.833333,1,560.983047,436.827993,452.708569,440.148332,506.845808,438.488163,2.7575,1.682691,-1.874754,2.014382,0.441373,1.848537
5096,169.866667,1,560.810909,437.342119,452.630005,440.420308,506.720457,438.881214,2.77065,1.638345,-1.870455,2.113625,0.450098,1.875985
5097,169.9,1,560.576954,437.734902,452.37401,440.666707,506.475482,439.200804,2.785912,1.756994,-1.868836,2.053739,0.458538,1.905367
5098,169.933333,1,560.251799,437.620436,452.269611,440.982875,506.260705,439.301655,2.776774,1.795813,-1.866566,1.999144,0.455104,1.897478
5099,169.966667,1,560.323896,437.714496,452.261534,441.063673,506.292715,439.389085,2.767916,1.652791,-1.869132,2.015493,0.449392,1.834142
5100,170.0,1,560.251064,437.472775,452.468166,440.934048,506.359615,439.203411,2.763758,1.718823,-1.864418,1.920626,0.44967,1.819725
5101,170.033333,1,560.434542,437.102898,452.422504,440.663413,506.428523,438.883156,2.772708,1.649511,-1.87347,1.974699,0.449619,1.812105
5102,170.066667,1,560.991945,436.499187,452.92532,440.01802,506.958632,438.258603,2.782635,1.51076,-1.888091,1.987002,0.447272,1.748881
5103,170.1,1,561.422167,436.007538,453.38315,439.462792,507.402658,437.735165,2.76213,1.540175,-1.889576,1.97737,0.436277,1.758773
5104,170.133333,1,562.287998,434.837623,453.808985,438.29513,508.048491,436.566376,2.775827,1.63377,-1.904016,1.978369,0.435905,1.80607
5105,170.166667,1,563.162575,433.866706,454.709282,437.127682,508.935928,435.497194,2.781209,1.627656,-1.907876,1.996424,0.436667,1.81204
5106,170.2,1,564.145012,433.090786,455.755987,436.103389,509.9505,434.597088,2.799364,1.512629,-1.905539,1.847952,0.446912,1.68029
5107,170.233333,1,565.042477,432.04481,456.694632,434.936264,510.868554,433.490537,2.760307,1.481438,-1.881273,1.810484,0.439517,1.645961
5108,170.266667,1,565.821877,431.007128,457.548389,433.418026,511.685133,432.212577,2.718696,1.554141,-1.853357,1.718772,0.43267,1.636457
5109,170.3,1,566.497622,429.916584,458.493414,432.561865,512.495518,431.239225,2.748791,1.307189,-1.843383,1.710499,0.452704,1.508844
5110,170.333333,1,567.02877,428.805345,459.035378,431.175721,513.032074,429.990533,2.784709,1.058003,-1.869681,1.786246,0.457514,1.422125
5111,170.366667,1,567.664595,427.835094,459.424276,430.310043,513.544436,429.072568,2.787284,0.934638,-1.888749,1.713323,0.449267,1.323981
5112,170.4,1,568.335247,427.493445,459.804525,429.734462,514.069886,428.613954,2.791001,1.083142,-1.88325,1.61577,0.453876,1.349456
5113,170.433333,1,568.621397,427.406563,460.199747,429.600266,514.410572,428.503414,2.779714,1.148838,-1.884025,1.589351,0.447844,1.369095
5114,170.466667,1,568.998499,427.321408,460.291767,429.557093,514.645133,428.439251,2.778678,1.197247,-1.892416,1.660894,0.443131,1.429071
5115,170.5,1,569.179039,427.473489,460.266447,429.39467,514.722743,428.434079,2.776544,1.392781,-1.911243,1.612024,0.432651,1.502403
5116,170.533333,1,569.130793,427.372059,460.428162,429.163796,514.779477,428.267927,2.769101,1.427729,-1.909431,1.572461,0.429835,1.500095
5117,170.566667,1,569.148827,427.124147,460.455351,429.158206,514.802089,428.141177,2.773325,1.375182,-1.904761,1.628948,0.434282,1.502065
5118,170.6,1,569.134703,426.848427,460.131979,428.830805,514.633341,427.839616,2.776206,1.385056,-1.903907,1.641864,0.43615,1.51346
5119,170.633333,1,568.938761,426.639472,460.144444,428.722208,514.541602,427.68084,2.773788,1.331069,-1.885919,1.624858,0.443935,1.477963
5120,170.666667,1,568.845282,426.416774,460.180054,428.603214,514.512668,427.509994,2.771599,1.314866,-1.8904,1.624326,0.440599,1.469596
5121,170.7,1,568.794727,426.331351,459.925957,428.49142,514.360342,427.411385,2.768948,1.3649,-1.895736,1.657147,0.436606,1.511024
5122,170.733333,1,568.507557,426.395981,459.735441,428.637975,514.121499,427.516978,2.783276,1.460577,-1.899069,1.646251,0.442103,1.553414
5123,170.766667,1,568.262529,426.442866,459.66198,428.863721,513.962255,427.653294,2.766537,1.42326,-1.896868,1.660784,0.434835,1.542022
5124,170.8,1,568.077993,426.553416,459.300251,428.725941,513.689122,427.639679,2.76787,1.435838,-1.906026,1.658317,0.430922,1.547077
5125,170.833333,1,567.734985,426.804117,459.328556,429.113553,513.531771,427.958835,2.762934,1.481551,-1.902531,1.683023,0.430202,1.582287
5126,170.866667,1,567.592592,427.709266,459.081459,430.378933,513.337026,429.044099,2.778082,1.675877,-1.943017,1.868891,0.417532,1.772384
5127,170.9,1,567.67334,428.788866,459.672852,431.514258,513.673096,430.151562,2.807179,1.919159,-1.975047,2.400696,0.416066,2.159928
5128,170.933333,1,567.118425,429.930156,459.720488,432.825483,513.419456,431.37782,2.833938,2.635821,-2.017455,3.429501,0.408242,3.032661
5129,170.966667,1,567.219362,430.632938,460.580769,433.11882,513.900065,431.875879,2.825809,2.972934,-1.988599,3.691347,0.418605,3.33214
5130,171.0,1,567.635422,430.651102,460.32342,433.352119,513.979421,432.00161,2.853616,2.829929,-1.988824,3.778106,0.432396,3.304017
5131,171.033333,1,568.020916,430.63017,460.479927,433.488514,514.250422,432.059342,2.844652,2.637677,-1.989909,3.792673,0.427371,3.215175
5132,171.066667,1,568.618708,430.735077,460.922041,433.400645,514.770374,432.067861,2.840717,2.619836,-1.985179,3.65762,0.427769,3.138728
5133,171.1,1,568.954573,430.864574,461.149349,433.592187,515.051961,432.22838,2.845829,2.667001,-1.988363,3.361536,0.428733,3.014268
5134,171.133333,1,569.487772,430.974888,462.548866,433.367729,516.018319,432.171308,2.835667,2.152876,-1.976194,3.420729,0.429737,2.786803
5135,171.166667,1,569.909878,431.001163,462.948751,433.178279,516.429315,432.089721,2.839238,2.390013,-1.979214,3.293795,0.430012,2.841904
5136,171.2,1,570.508518,431.15275,463.583508,432.763674,517.046013,431.958212,2.85732,2.413133,-1.973573,3.176826,0.441873,2.79498
5137,171.233333,1,570.762672,431.176708,462.916422,432.970473,516.839547,432.07359,2.846339,2.40524,-2.001,3.253016,0.42267,2.829128
5138,171.266667,1,570.904455,431.382326,463.537827,432.758031,517.221141,432.070178,2.845298,2.403999,-1.985872,3.04662,0.429713,2.725309
5139,171.3,1,571.07933,431.428964,463.743277,432.852176,517.411304,432.14057,2.842742,2.397805,-1.984203,3.019442,0.42927,2.708623
5140,171.333333,1,571.457205,431.605271,464.338102,432.759887,517.897654,432.182579,2.84781,2.542115,-1.977538,3.019472,0.435136,2.780793
5141,171.366667,1,571.714201,431.953518,464.41493,433.112158,518.064566,432.532838,2.838407,2.604618,-1.989225,3.1105,0.424591,2.857559
5142,171.4,1,571.99111,432.495614,464.96747,432.739266,518.47929,432.61744,2.833582,2.748003,-1.988847,3.05361,0.422368,2.900806
5143,171.433333,1,572.101002,432.871917,465.122242,433.618977,518.611622,433.245447,2.822555,3.040079,-1.998914,3.727913,0.41182,3.383996
5144,171.466667,1,571.04538,433.457476,463.428688,435.082176,517.237034,434.269826,2.828215,3.912393,-2.0245,3.792845,0.401858,3.852619
5145,171.5,1,570.696669,434.152029,463.864012,435.921385,517.28034,435.036707,2.804714,4.162989,-1.996504,4.165488,0.404105,4.164239
5146,171.533333,1,570.227261,435.328799,463.408737,438.059567,516.817999,436.694183,2.773958,5.290978,-1.963776,8.003896,0.405091,6.647437
5147,171.566667,1,569.378414,436.254205,463.450747,439.034872,516.41458,437.644538,2.787891,5.825683,-1.922135,8.040502,0.432878,6.933092
5148,171.6,1,569.314709,437.062773,463.666754,439.61306,516.490731,438.337916,2.804983,6.297579,-1.902503,8.913179,0.45124,7.605379
5149,171.633333,1,568.604717,437.661313,463.270311,440.466528,515.937514,439.06392,2.764088,7.277559,-1.898441,9.927744,0.432824,8.602652
5150,171.666667,1,567.850885,438.040931,462.010479,441.473633,514.930682,439.757282,2.765065,9.367126,-1.895447,16.878705,0.434809,13.122915
5151,171.7,1,566.815615,438.427577,460.566959,442.571783,513.691287,440.49968,2.767675,6.593194,-1.912341,16.16011,0.427667,11.376652
5152,171.733333,1,566.156635,439.202392,460.094128,443.123224,513.125381,441.162808,2.743916,5.610157,-1.887233,17.90695,0.428341,11.758553
5153,171.766667,1,565.171957,439.491684,459.480352,443.718385,512.326155,441.605034,2.736862,5.742474,-1.877231,21.277949,0.429816,13.510211
5154,171.8,1,564.241343,439.704051,459.016361,443.933723,511.628852,441.818887,2.747287,7.369968,-1.891783,16.09424,0.427752,11.732104
5155,171.833333,1,564.114704,440.842831,458.274488,445.179352,511.194596,443.011091,2.775387,6.102212,-1.888773,21.308382,0.443307,13.705297
5156,171.866667,1,563.482819,442.15323,459.131012,446.219684,511.306915,444.186457,2.725533,6.325597,-1.848126,54.520422,0.438703,30.42301
5157,171.9,1,563.01589,441.838295,459.566231,446.330695,511.29106,444.084495,2.710882,6.776047,-1.796534,44.033157,0.457174,25.404602
5158,171.933333,1,562.619715,442.167445,459.558449,446.570045,511.089082,444.368745,2.736473,8.390272,-1.798594,56.749699,0.46894,32.569985
5159,171.966667,1,562.336378,442.527409,458.916292,446.72219,510.626335,444.624799,2.730006,11.377138,-1.806236,49.501312,0.461885,30.439225
5160,172.0,1,562.188034,442.575613,458.662987,447.322576,510.42551,444.949095,2.740681,11.794339,-1.788152,53.515818,0.476264,32.655079
5161,172.033333,1,561.930742,442.726214,458.123159,447.466149,510.026951,445.096182,2.718304,8.688018,-1.796342,57.119657,0.460981,32.903838
5162,172.066667,1,561.495705,442.944245,458.460941,447.88452,509.978323,445.414383,2.707015,12.282988,-1.782877,61.235392,0.462069,36.75919
5163,172.1,1,561.113214,443.384793,458.920221,448.387874,510.016718,445.886334,2.692085,12.415459,-1.756465,46.90727,0.46781,29.661365
5164,172.133333,1,561.3311,443.893769,458.978138,448.842927,510.154619,446.368348,2.713819,12.662665,-1.738851,47.735815,0.487484,30.19924
5165,172.166667,1,560.605402,444.056096,458.507967,449.396857,509.556684,446.726477,2.697358,7.241471,-1.73895,48.207099,0.479204,27.724285
5166,172.2,1,559.96479,444.14668,458.118191,449.891607,509.041491,447.019143,2.698284,6.209731,-1.714868,55.652384,0.491708,30.931058
5167,172.233333,1,559.447899,444.41901,456.430569,450.767584,507.939234,447.593297,2.693141,6.961246,-1.739905,60.445909,0.476618,33.703577
5168,172.266667,1,559.276199,444.792523,456.126499,450.898411,507.701349,447.845467,2.702724,10.608897,-1.736146,65.119081,0.483289,37.863989
5169,172.3,1,558.45295,444.773136,454.736176,451.321975,506.594563,448.047556,2.691769,7.256893,-1.749501,65.590975,0.471134,36.423934
5170,172.333333,1,557.757015,444.526051,454.224653,451.217798,505.990834,447.871925,2.69215,8.266731,-1.753606,73.564806,0.469272,40.915769
5171,172.366667,1,556.622448,444.23,453.284559,451.391895,504.953504,447.810947,2.690228,6.7342,-1.774391,73.05801,0.457919,39.896105
5172,172.4,1,556.25248,444.255942,453.317404,451.187875,504.784942,447.721909,2.701581,7.631769,-1.770622,66.645421,0.46548,37.138595
5173,172.433333,1,555.711432,444.222264,452.925129,451.217026,504.31828,447.719645,2.692659,7.999381,-1.767924,65.294473,0.462367,36.646927
5174,172.466667,1,554.841232,444.185711,452.096577,451.432128,503.468904,447.80892,2.699606,7.163996,-1.790675,41.29298,0.454466,24.228488
5175,172.5,1,554.248857,444.054637,451.927013,451.631609,503.087935,447.843123,2.704119,5.657326,-1.778913,38.552392,0.462603,22.104859
5176,172.533333,1,553.511696,443.95149,451.578856,451.721892,502.545276,447.836691,2.704391,6.873747,-1.790421,35.203361,0.456985,21.038554
5177,172.566667,1,552.977285,443.709823,450.99947,451.810008,501.988378,447.759916,2.713875,8.585405,-1.782729,50.05053,0.465573,29.317967
5178,172.6,1,551.765471,443.755871,450.89756,452.215269,501.331515,447.98557,2.68578,8.375673,-1.77198,41.230698,0.4569,24.803186
5179,172.633333,1,550.718412,443.701937,450.26207,452.682477,500.490241,448.192207,2.682782,6.406959,-1.732868,49.408028,0.474957,27.907493
5180,172.666667,1,549.323568,443.902341,449.004049,453.30137,499.163809,448.601856,2.700778,5.069664,-1.718211,37.816923,0.491284,21.443293
5181,172.7,1,548.298168,444.156421,447.622042,454.000107,497.960105,449.078264,2.724308,4.033916,-1.676367,43.746684,0.523971,23.8903
5182,172.733333,1,547.152414,444.940742,446.648293,454.983941,496.900353,449.962342,2.733648,3.724454,-1.658708,33.059512,0.53747,18.391983
5183,172.766667,1,545.10396,444.986157,445.55336,455.697634,495.32866,450.341896,2.741699,5.915961,-1.644353,52.898903,0.548673,29.407432
5184,172.8,1,544.857693,445.80156,444.839172,456.201332,494.848433,451.001446,2.767332,6.245661,-1.659361,62.357701,0.553986,34.301681
5185,172.833333,1,543.65016,446.089951,443.656597,457.032398,493.653378,451.561174,2.758984,4.787131,-1.676325,54.877026,0.54133,29.832078
5186,172.866667,1,543.652887,447.091842,443.306475,457.742035,493.479681,452.416939,2.755797,6.568742,-1.68323,41.496386,0.536283,24.032564
5187,172.9,1,542.678289,447.695167,443.094349,458.297821,492.886319,452.996494,2.74551,8.692709,-1.688336,49.027643,0.528587,28.860176
5188,172.933333,1,542.453804,447.578309,442.757959,458.378963,492.605882,452.978636,2.779839,7.891664,-1.687821,47.434021,0.546009,27.662843
5189,172.966667,1,542.33427,448.023791,442.86479,458.650017,492.59953,453.336904,2.739509,8.31734,-1.688325,43.15847,0.525592,25.737905
5190,173.0,1,542.065172,448.273462,442.18298,459.030526,492.124076,453.651994,2.741861,8.984805,-1.693521,46.893032,0.52417,27.938918
5191,173.033333,1,542.402868,448.456432,442.422867,459.098214,492.412868,453.777323,2.736354,9.753327,-1.697824,39.311362,0.519265,24.532344
5192,173.066667,1,542.612267,448.423945,442.667847,459.013757,492.640057,453.718851,2.752642,9.065595,-1.706569,45.763315,0.523036,27.414455
5193,173.1,1,543.345156,448.570662,443.475065,458.687568,493.41011,453.629115,2.76359,7.056431,-1.687042,45.225389,0.538274,26.14091
5194,173.133333,1,543.971262,448.466806,444.213371,458.480673,494.092317,453.47374,2.765311,7.638214,-1.687348,50.251047,0.538982,28.94463
5195,173.166667,1,544.061699,448.397841,444.326296,458.686066,494.193997,453.541954,2.764481,7.216473,-1.677458,67.784489,0.543512,37.500481
5196,173.2,1,544.348574,448.499132,444.859762,458.777626,494.604168,453.638379,2.76476,4.368247,-1.67188,65.697709,0.54644,35.032978
5197,173.233333,1,544.984732,448.595241,445.289106,458.558629,495.136919,453.576935,2.752341,5.522031,-1.662245,55.487272,0.545048,30.504652
5198,173.266667,1,545.628843,448.917235,446.136684,458.449119,495.882764,453.683177,2.745202,4.305384,-1.652917,63.795658,0.546142,34.050521
5199,173.3,1,545.640841,448.924241,446.081123,458.465449,495.860982,453.694845,2.736054,4.387347,-1.656443,66.678574,0.539806,35.532961
5200,173.333333,1,546.556902,448.844601,446.131334,458.209137,496.344118,453.526869,2.742011,5.126434,-1.662875,64.230221,0.539568,34.678327
5201,173.366667,1,546.357851,448.837531,446.106377,458.189235,496.232114,453.513383,2.729292,4.713987,-1.654351,60.525352,0.53747,32.61967
5202,173.4,1,546.483974,448.916173,446.091032,458.243587,496.287503,453.57988,2.727675,4.443818,-1.655912,58.406264,0.535882,31.425041
5203,173.433333,1,546.600552,449.183643,446.093769,458.162241,496.34716,453.672942,2.738813,4.758862,-1.654946,61.906331,0.541934,33.332597
5204,173.466667,1,546.837826,449.944693,446.248074,458.536581,496.54295,454.240637,2.762965,7.517621,-1.643005,50.882176,0.55998,29.199898
5205,173.5,1,546.28355,450.338849,446.219587,458.79786,496.251569,454.568354,2.774125,11.603018,-1.663479,31.360649,0.555323,21.481834
5206,173.533333,1,546.047258,450.832869,446.17321,459.169872,496.110234,455.00137,2.781565,12.69913,-1.671388,35.226755,0.555088,23.962942
5207,173.566667,1,546.329565,451.379213,445.993624,459.299144,496.161594,455.339178,2.797839,15.257555,-1.6597,31.511156,0.569069,23.384355
5208,173.6,1,544.472704,451.339624,445.802917,459.894969,495.137811,455.617297,2.779271,14.700043,-1.690201,13.066764,0.544535,13.883403
5209,173.633333,1,544.873114,451.589305,445.014553,460.007601,494.943833,455.798453,2.790121,12.2804,-1.661124,22.693946,0.564499,17.487173
5210,173.666667,1,544.08823,451.944301,445.153179,460.501696,494.620705,456.222998,2.782911,12.442134,-1.695359,13.448948,0.543776,12.945541
5211,173.7,1,544.077911,452.475389,444.495764,460.983388,494.286838,456.729389,2.755097,14.740044,-1.67392,17.786732,0.540588,16.263388
5212,173.733333,1,544.03038,453.386407,444.097176,461.356688,494.063778,457.371547,2.749149,15.568348,-1.658897,17.492877,0.545126,16.530613
5213,173.766667,1,543.171101,454.042711,444.073267,461.983058,493.622184,458.012885,2.776507,15.704109,-1.647382,13.656595,0.564562,14.680352
5214,173.8,1,542.568521,454.310106,444.019976,462.411536,493.294249,458.360821,2.775064,12.109526,-1.649624,18.09753,0.56272,15.103528
5215,173.833333,1,542.41272,455.167147,443.83153,463.076112,493.122125,459.12163,2.773092,22.089054,-1.622195,15.60095,0.575449,18.845002
5216,173.866667,1,542.345304,455.734252,443.843393,463.884712,493.094349,459.809482,2.787527,24.230271,-1.628687,18.280761,0.57942,21.255516
5217,173.9,1,542.206221,455.639409,443.196812,464.097379,492.701516,459.868394,2.814844,37.63988,-1.612837,20.645335,0.601004,29.142608
5218,173.933333,1,541.950464,455.764346,442.881594,464.501063,492.416029,460.132704,2.81301,50.070342,-1.604692,21.382358,0.604159,35.72635
5219,173.966667,1,541.482868,456.059271,442.65111,464.518476,492.066989,460.288873,2.797197,47.785404,-1.593387,21.0701,0.601905,34.427752
5220,174.0,1,541.213732,456.153524,442.472486,464.707346,491.843109,460.430435,2.813774,57.575841,-1.617462,24.231345,0.598156,40.903593
5221,174.033333,1,540.787897,456.249944,441.702147,464.667016,491.245022,460.45848,2.794403,51.792225,-1.600013,28.262561,0.597195,40.027393
5222,174.066667,1,540.172062,455.9699,441.405029,465.002893,490.788546,460.486397,2.819822,48.196522,-1.623137,24.356563,0.598342,36.276542
5223,174.1,1,539.775963,455.882299,440.954742,465.039961,490.365353,460.46113,2.80179,46.653469,-1.610755,24.133937,0.595518,35.393703
5224,174.133333,1,539.751005,456.4152,441.005516,465.329189,490.378261,460.872195,2.806929,40.096038,-1.608367,27.792538,0.599281,33.944288
5225,174.166667,1,539.717655,456.410555,441.341438,465.51645,490.529547,460.963503,2.820696,46.686602,-1.601459,29.915331,0.609619,38.300966
5226,174.2,1,539.780025,456.093711,440.964069,465.18847,490.372047,460.64109,2.81414,42.617891,-1.611583,32.814679,0.601279,37.716285
5227,174.233333,1,539.960079,455.780847,441.100368,464.99873,490.530224,460.389789,2.803394,40.13069,-1.600637,26.179364,0.601378,33.155027
5228,174.266667,1,539.972095,455.560938,441.423597,464.953905,490.697846,460.257422,2.814835,43.32079,-1.611903,28.825587,0.601466,36.073188
5229,174.3,1,539.928608,455.452459,441.531992,464.849911,490.7303,460.151185,2.831896,44.766664,-1.589064,29.25155,0.621416,37.009107
5230,174.333333,1,539.814081,455.83904,441.708012,465.073017,490.761046,460.456029,2.823165,50.166999,-1.603094,28.21125,0.610036,39.189124
5231,174.366667,1,539.435387,456.03703,441.495533,465.351977,490.46546,460.694504,2.798824,48.272103,-1.58319,30.281926,0.607817,39.277015
5232,174.4,1,538.22505,456.501031,440.245867,465.762506,489.235458,461.131768,2.836258,41.793032,-1.613977,31.285397,0.61114,36.539215
5233,174.433333,1,536.408939,456.531351,439.372406,466.595632,487.890673,461.563491,2.78978,29.634281,-1.614278,29.882177,0.587751,29.758229
5234,174.466667,1,535.495453,457.275953,438.507357,467.243074,487.001405,462.259514,2.773954,38.162299,-1.620634,21.929504,0.57666,30.045902
5235,174.5,1,534.811211,457.830087,438.049088,467.868812,486.430149,462.84945,2.787816,53.928126,-1.613173,24.384909,0.587321,39.156518
5236,174.533333,1,534.293985,458.323967,437.527428,468.666683,485.910707,463.495325,2.76667,47.034085,-1.604764,22.298908,0.580953,34.666497
5237,174.566667,1,533.69525,458.753915,436.868801,469.488673,485.282025,464.121294,2.763103,41.021255,-1.60572,16.434955,0.578691,28.728105
5238,174.6,1,533.963671,459.266753,437.024708,469.980344,485.494189,464.623548,2.781554,45.10012,-1.590869,17.342224,0.595343,31.221172
5239,174.633333,1,533.677511,460.070879,436.944809,470.807333,485.31116,465.439106,2.775284,61.679463,-1.598156,18.372377,0.588564,40.02592
5240,174.666667,1,534.034672,460.832552,437.359982,471.534512,485.697327,466.183532,2.753435,62.349705,-1.59118,19.615482,0.581128,40.982593
5241,174.7,1,534.467974,461.247554,437.325087,472.01849,485.89653,466.633022,2.723161,57.542469,-1.582562,24.204105,0.570299,40.873287
5242,174.733333,1,534.564409,461.607313,436.822233,472.618221,485.693321,467.112767,2.715216,52.267669,-1.612179,24.117553,0.551519,38.192611
5243,174.766667,1,534.884844,461.973349,436.527271,473.001519,485.706058,467.487434,2.742966,66.004,-1.5997,24.766457,0.571633,45.385229
5244,174.8,1,534.695158,462.223824,436.287336,473.22087,485.491247,467.722347,2.733271,64.97357,-1.624774,26.918661,0.554248,45.946116
5245,174.833333,1,534.731474,462.243565,436.008224,473.338201,485.369849,467.790883,2.731257,59.150586,-1.616333,26.661797,0.557462,42.906191
5246,174.866667,1,534.836502,462.684402,436.207132,473.416736,485.521817,468.050569,2.728751,60.102394,-1.623014,28.632508,0.552868,44.367451
5247,174.9,1,534.690018,462.280805,436.130676,473.244946,485.410347,467.762876,2.721653,63.992476,-1.611635,27.916629,0.555009,45.954552
5248,174.933333,1,535.148649,461.565503,435.524435,472.247701,485.336542,466.906602,2.706444,54.465858,-1.61139,21.435234,0.547527,37.950546
5249,174.966667,1,535.532408,461.507267,435.634918,471.94371,485.583663,466.725488,2.690992,59.350539,-1.625643,31.826357,0.532675,45.588448
5250,175.0,1,536.660156,461.831439,436.122637,470.83158,486.391397,466.331509,2.720877,53.907084,-1.618835,45.160839,0.551021,49.533962
5251,175.033333,1,535.826797,460.325078,436.790686,469.507781,486.308742,464.91643,2.709281,44.625856,-1.568836,34.716338,0.570222,39.671097
5252,175.066667,1,536.381836,458.193258,435.537453,467.434723,485.959644,462.813991,2.716583,28.866237,-1.609547,66.968011,0.553518,47.917124
5253,175.1,1,537.949095,456.213037,433.853884,465.500153,485.901489,460.856595,2.7941,24.743001,-1.611306,76.825054,0.591397,50.784028
5254,175.133333,1,538.322754,454.863178,433.618145,463.903574,485.970449,459.383376,2.759263,27.546677,-1.651825,74.681079,0.553719,51.113878
5255,175.166667,1,537.89691,452.928189,433.641634,461.82366,485.769272,457.375925,2.731744,13.989724,-1.68801,76.648108,0.521867,45.318916
5256,175.2,1,538.132114,451.384342,432.443829,460.553999,485.287971,455.96917,2.787057,16.85615,-1.678171,89.655554,0.554443,53.255852
5257,175.233333,1,538.468857,449.339072,432.32995,458.61885,485.399404,453.978961,2.840787,10.197687,-1.687968,61.512387,0.57641,35.855037
5258,175.266667,1,538.352757,447.160431,430.156231,456.872292,484.254494,452.016361,2.826101,8.983431,-1.774429,46.147709,0.525836,27.56557
5259,175.3,1,538.004532,444.224474,429.404974,454.200683,483.704753,449.212579,2.856538,4.549213,-1.743032,53.516279,0.556753,29.032746
5260,175.333333,1,539.633331,441.383039,429.669828,451.751815,484.65158,446.567427,2.910179,3.287116,-1.763283,10.442883,0.573448,6.864999
5261,175.366667,1,540.389843,438.731643,431.079426,447.391734,485.734634,443.061689,2.923485,2.849273,-1.775832,4.18767,0.573826,3.518471
5262,175.4,1,540.648146,435.795815,430.941973,445.217857,485.795059,440.506836,2.911532,1.85855,-1.800158,2.589217,0.555687,2.223883
5263,175.433333,1,540.851679,433.992898,430.922728,442.269198,485.887203,438.131048,2.845262,1.621891,-1.827935,1.976889,0.508663,1.79939
5264,175.466667,1,541.136141,431.947564,431.772985,440.081556,486.454563,436.01456,2.829571,1.418274,-1.808875,2.009582,0.510348,1.713928
5265,175.5,1,541.382942,428.718206,432.767172,437.142606,487.075057,432.930406,2.865233,1.446582,-1.793625,1.733594,0.535804,1.590088
5266,175.533333,1,541.343641,425.918162,432.437296,434.183153,486.890469,430.050657,2.93398,1.680682,-1.786415,1.651479,0.573782,1.66608
5267,175.566667,1,540.680637,423.361276,432.573404,432.062523,486.627021,427.7119,2.955248,1.904663,-1.776058,1.594727,0.589595,1.749695
5268,175.6,1,540.486736,421.120827,430.656443,429.680818,485.571589,425.400823,2.942844,1.946942,-1.78577,1.653147,0.578537,1.800045
5269,175.633333,1,540.042009,418.649279,429.953108,427.377466,484.997559,423.013372,2.980954,1.400091,-1.824148,1.522949,0.578403,1.46152
5270,175.666667,1,538.912897,415.718923,430.10602,423.922094,484.509459,419.820508,3.036978,1.350944,-1.793098,1.786689,0.62194,1.568816
5271,175.7,1,538.022575,412.328696,430.075102,420.444331,484.048839,416.386514,3.104028,1.737653,-1.772454,1.720458,0.665787,1.729055
5272,175.733333,1,537.303753,408.638556,430.201006,416.028214,483.752379,412.333385,3.083792,1.675464,-1.734708,1.555772,0.674542,1.615618
5273,175.766667,1,536.08408,403.802243,428.564453,411.740413,482.324266,407.771328,3.101946,1.193723,-1.785456,1.578343,0.658245,1.386033
5274,175.8,1,535.412207,400.370336,428.927631,408.291553,482.169919,404.330944,3.097112,0.940324,-1.731657,1.599639,0.682728,1.269981
5275,175.833333,1,534.735117,397.431375,427.850065,405.524973,481.292591,401.478174,3.109124,0.770711,-1.707638,1.499863,0.700743,1.135287
5276,175.866667,1,534.495926,396.098403,427.609453,403.83104,481.05269,399.964721,3.127675,0.671221,-1.713915,1.535497,0.70688,1.103359
5277,175.9,1,533.380222,395.458471,426.032877,403.806278,479.70655,399.632374,3.110521,0.699722,-1.711374,1.606536,0.699573,1.153129
5278,175.933333,1,532.127323,395.331709,424.960155,403.798939,478.543739,399.565324,3.080714,0.675107,-1.730618,1.661862,0.675048,1.168484
5279,175.966667,1,530.933704,395.181291,423.166552,404.170361,477.050128,399.675826,3.116626,0.699319,-1.734761,1.659334,0.690933,1.179327
5280,176.0,1,529.305611,396.015061,421.405907,405.720903,475.355759,400.867982,3.120854,0.525188,-1.740482,1.692982,0.690186,1.109085
5281,176.033333,1,528.004246,397.808751,420.721436,406.851239,474.362841,402.329995,3.067743,0.813395,-1.717991,1.428454,0.674876,1.120925
5282,176.066667,1,528.006992,399.075204,420.746975,408.521719,474.376984,403.798462,3.058481,0.839568,-1.708995,1.451975,0.674743,1.145772
5283,176.1,1,528.144875,400.319738,421.020651,409.771457,474.582763,405.045598,3.096655,0.67452,-1.707144,1.607478,0.694756,1.140999
5284,176.133333,1,529.179182,401.457081,422.099771,409.621081,475.639477,405.539081,3.066845,0.882515,-1.711363,1.415401,0.677741,1.148958
5285,176.166667,1,530.350208,403.022064,423.00581,411.060011,476.678009,407.041038,3.105484,0.73473,-1.757533,1.303478,0.673976,1.019104
5286,176.2,1,532.512541,404.567714,425.351572,411.472718,478.932056,408.020216,3.067875,0.927947,-1.753592,1.347638,0.657141,1.137792
5287,176.233333,1,535.322313,405.558114,427.60232,411.596603,481.462317,408.577359,3.091456,0.940181,-1.74692,1.446023,0.672268,1.193102
5288,176.266667,1,538.187838,406.746794,430.294275,412.233027,484.241056,409.489911,3.005003,0.754684,-1.778956,1.592449,0.613024,1.173567
5289,176.3,1,540.895414,408.12193,433.576832,412.836235,487.236123,410.479082,2.975602,0.641372,-1.777376,1.559584,0.599113,1.100478
5290,176.333333,1,543.089418,409.958224,436.007109,413.411525,489.548264,411.684875,2.906311,0.826014,-1.826583,1.4825,0.539864,1.154257
5291,176.366667,1,544.752169,411.609392,437.13418,414.991153,490.943174,413.300273,2.842712,0.754985,-1.845331,1.591739,0.498691,1.173362
5292,176.4,1,546.92647,412.829014,439.465008,415.386136,493.195739,414.107575,2.808147,1.005452,-1.834795,1.474862,0.486676,1.240157
5293,176.433333,1,548.766689,413.953514,440.840273,416.477505,494.803481,415.21551,2.765613,0.893332,-1.851428,1.548355,0.457092,1.220844
5294,176.466667,1,550.326948,415.672671,441.954556,417.702599,496.140752,416.687635,2.765048,1.332911,-1.883263,1.850853,0.440893,1.591882
5295,176.5,1,550.833578,417.780061,442.775335,419.68871,496.804457,418.734385,2.74685,1.533972,-1.84111,1.770573,0.45287,1.652272
5296,176.533333,1,551.326361,419.562807,443.211136,421.599773,497.268748,420.58129,2.777273,1.618521,-1.842369,1.893742,0.467452,1.756132
5297,176.566667,1,551.882792,420.883301,442.715034,422.922338,497.298913,421.90282,2.795265,1.658636,-1.831565,1.908917,0.48185,1.783776
5298,176.6,1,551.738558,421.858746,442.32935,423.870971,497.033954,422.864859,2.813883,1.770053,-1.824268,1.805408,0.494807,1.78773
5299,176.633333,1,551.050119,422.452115,442.21736,424.503962,496.633739,423.478038,2.79524,1.770608,-1.809892,1.701911,0.492674,1.736259
5300,176.666667,1,550.62685,422.797058,441.592236,425.314107,496.109543,424.055582,2.813183,1.724659,-1.820182,1.71951,0.496501,1.722085
5301,176.7,1,549.771376,423.016248,440.631618,425.793149,495.201497,424.404699,2.849662,1.64035,-1.829515,1.695248,0.510073,1.667799
5302,176.733333,1,548.979006,423.020657,439.919281,425.926627,494.449143,424.473642,2.860079,1.667101,-1.808107,1.596524,0.525986,1.631812
5303,176.766667,1,548.047705,423.052393,439.229736,426.2121,493.638721,424.632246,2.863854,1.674181,-1.790095,1.609491,0.53688,1.641836
5304,176.8,1,547.507639,422.528118,438.188543,425.919653,492.848091,424.223886,2.850426,1.79577,-1.789721,1.627492,0.530353,1.711631
5305,176.833333,1,546.311626,421.740739,437.132311,425.267061,491.721969,423.5039,2.851394,1.539193,-1.807948,1.860257,0.521723,1.699725
5306,176.866667,1,545.039377,420.663586,436.136522,424.187418,490.58795,422.425502,2.846816,1.491808,-1.80014,1.808787,0.523338,1.650297
5307,176.9,1,543.898392,419.15627,434.94031,423.266809,489.419351,421.21154,2.870387,1.470921,-1.792441,1.763266,0.538973,1.617093
5308,176.933333,1,543.344841,417.703661,434.324865,422.110788,488.834853,419.907224,2.913244,1.469714,-1.802846,1.858775,0.555199,1.664245
5309,176.966667,1,542.517357,415.865468,432.92594,420.815742,487.721648,418.340605,2.898617,1.182599,-1.783392,1.736061,0.557613,1.45933
5310,177.0,1,540.776272,414.922296,431.591034,419.435059,486.183653,417.178677,2.881972,1.248123,-1.778946,1.684432,0.551513,1.466278
5311,177.033333,1,539.873543,413.372548,431.076689,418.33678,485.475116,415.854664,2.897005,1.19626,-1.763532,1.64345,0.566736,1.419855
5312,177.066667,1,538.442793,412.023847,429.621983,417.043483,484.032388,414.533665,2.901523,1.346279,-1.745668,1.555007,0.577928,1.450643
5313,177.1,1,538.122492,411.890917,429.765196,417.163346,483.943844,414.527131,2.902747,1.133625,-1.75737,1.667994,0.572688,1.400809
5314,177.133333,1,537.691975,411.199669,428.591452,416.457227,483.141713,413.828448,2.938507,1.29312,-1.764665,1.605709,0.586921,1.449414
5315,177.166667,1,536.837244,410.905913,428.597393,416.458633,482.717319,413.682273,2.921868,1.074845,-1.750285,1.653748,0.585791,1.364296
5316,177.2,1,536.339226,411.100599,428.105698,416.757506,482.222462,413.929052,2.883799,1.040412,-1.762378,1.631429,0.56071,1.33592
5317,177.233333,1,536.404657,411.843742,428.303757,417.497098,482.354207,414.67042,2.873954,0.996861,-1.762514,1.648102,0.55572,1.322482
5318,177.266667,1,537.15271,412.553122,428.983269,417.803493,483.067989,415.178307,2.8717,1.095135,-1.757053,1.617799,0.557324,1.356467
5319,177.3,1,538.488245,413.631799,429.990644,418.567708,484.239445,416.099753,2.867606,1.206419,-1.798142,1.611213,0.534732,1.408816
5320,177.333333,1,540.023651,414.777027,431.723566,419.785033,485.873609,417.28103,2.858687,1.27861,-1.80921,1.671105,0.524738,1.474858
5321,177.366667,1,541.463861,415.853806,433.087368,420.055969,487.275615,417.954887,2.763779,1.273987,-1.833863,1.739682,0.464958,1.506835
5322,177.4,1,543.344059,417.326499,434.970798,421.043644,489.157429,419.185072,2.744298,1.309032,-1.864079,1.678451,0.44011,1.493742
5323,177.433333,1,545.555954,419.260629,436.792755,423.051814,491.174355,421.156222,2.775246,1.873276,-1.943913,2.656097,0.415667,2.264686
5324,177.466667,1,547.918653,421.263971,439.678507,425.383265,493.79858,423.323618,2.855741,2.269219,-1.96558,3.119138,0.44508,2.694178
5325,177.5,1,550.43807,422.33928,440.934858,426.130142,495.686464,424.234711,2.829212,2.262014,-1.946008,2.584026,0.441602,2.42302
5326,177.533333,1,552.192965,423.677198,442.30669,426.646425,497.249827,425.161811,2.821498,1.789167,-1.88146,2.074358,0.470019,1.931763
5327,177.566667,1,552.963352,424.799402,443.721437,426.978235,498.342395,425.888819,2.816591,1.553461,-1.879411,2.041349,0.46859,1.797405
5328,177.6,1,553.799477,425.659972,444.16728,427.543334,498.983378,426.601653,2.801142,1.679936,-1.899988,1.891254,0.450577,1.785595
5329,177.633333,1,554.531155,426.393578,444.806633,428.079175,499.668894,427.236376,2.774418,1.529453,-1.90876,1.777317,0.432829,1.653385
5330,177.666667,1,555.252495,427.449929,445.698032,428.603911,500.475264,428.02692,2.758431,1.576122,-1.912768,1.724793,0.422832,1.650458
5331,177.7,1,555.918264,428.533187,446.013813,429.452101,500.966039,428.992644,2.771648,1.659682,-1.881344,1.756832,0.445152,1.708257
5332,177.733333,1,556.267223,429.079478,446.608391,429.778676,501.437807,429.429077,2.815588,1.597065,-1.849488,1.819472,0.48305,1.708269
5333,177.766667,1,556.588526,429.5011,447.035322,430.071434,501.811924,429.786267,2.800172,1.314003,-1.832983,1.687614,0.483595,1.500808
5334,177.8,1,556.820841,429.670755,447.377596,430.534834,502.099218,430.102794,2.822756,1.501295,-1.822587,1.767335,0.500085,1.634315
5335,177.833333,1,557.20088,429.768827,447.593002,430.897136,502.396941,430.332981,2.825095,1.479254,-1.823,1.908162,0.501048,1.693708
5336,177.866667,1,557.681522,429.555881,448.234282,430.75573,502.957902,430.155805,2.836505,1.454402,-1.815823,1.763573,0.510341,1.608987
5337,177.9,1,558.276777,429.218491,448.72612,430.203645,503.501449,429.711068,2.787686,1.302768,-1.82669,1.653019,0.480498,1.477894
5338,177.933333,1,558.853312,428.198501,449.538088,429.350445,504.1957,428.774473,2.765357,1.378679,-1.838758,1.635205,0.463299,1.506942
5339,177.966667,1,559.333143,426.918454,450.227757,428.199703,504.78045,427.559078,2.743119,1.312703,-1.829036,1.553207,0.457042,1.432955
5340,178.0,1,559.863272,425.531849,450.983267,426.312951,505.423269,425.9224,2.755165,1.359594,-1.844975,1.685547,0.455095,1.52257
5341,178.033333,1,560.476122,423.629358,451.549921,424.42607,506.013021,424.027714,2.732702,1.17673,-1.813947,1.702899,0.459377,1.439814
5342,178.066667,1,561.018715,421.589495,452.115517,422.966498,506.567116,422.277997,2.773024,1.000951,-1.806198,1.582498,0.483413,1.291724
5343,178.1,1,561.728697,419.386404,452.948961,421.278262,507.338829,420.332333,2.758689,0.984386,-1.82196,1.648968,0.468364,1.316677
5344,178.133333,1,562.268744,417.268671,453.586483,418.928347,507.927613,418.098509,2.767701,0.891705,-1.849158,1.558916,0.459272,1.225311
5345,178.166667,1,562.918787,415.974859,454.061174,417.00663,508.489981,416.490744,2.74156,0.75068,-1.828393,1.426906,0.456584,1.088793
5346,178.2,1,563.090582,414.040675,454.097347,415.794733,508.593965,414.917704,2.821854,0.610489,-1.853014,1.526772,0.48442,1.068631
5347,178.233333,1,562.879496,413.420184,453.8622,414.939601,508.370848,414.179893,2.800521,0.512522,-1.8651,1.547614,0.467711,1.030068
5348,178.266667,1,562.572556,412.205572,453.615122,414.670211,508.093839,413.437892,2.831237,0.505583,-1.897233,1.548379,0.467002,1.026981
5349,178.3,1,562.086182,412.224026,453.455477,414.38668,507.770829,413.305353,2.823804,0.484113,-1.872891,1.567636,0.475456,1.025874
5350,178.333333,1,562.034187,412.130245,453.708029,414.46852,507.871108,413.299382,2.842506,0.504808,-1.889732,1.58823,0.476387,1.046519
5351,178.366667,1,561.718807,412.357997,453.30615,414.542892,507.512479,413.450444,2.82451,0.393855,-1.906497,1.529897,0.459007,0.961876
5352,178.4,1,561.815147,412.895662,453.220482,415.405372,507.517815,414.150517,2.852902,0.371945,-1.905373,1.547484,0.473765,0.959715
5353,178.433333,1,562.504425,413.788333,453.242035,416.40118,507.87323,415.094756,2.850006,0.41218,-1.906402,1.559715,0.471802,0.985947
5354,178.466667,1,563.214283,414.882417,453.427095,417.500145,508.320689,416.191281,2.826679,0.448674,-1.938133,1.495955,0.444273,0.972314
5355,178.5,1,563.86651,416.475574,454.95204,419.981489,509.409275,418.228531,2.806087,0.597444,-1.934679,1.645594,0.435704,1.121519
5356,178.533333,1,564.073572,419.476697,454.980421,422.630203,509.526997,421.05345,2.835603,1.706976,-1.949332,2.246836,0.443135,1.976906
5357,178.566667,1,565.239286,420.524787,455.404243,422.932531,510.321765,421.728659,2.838217,1.782634,-1.939279,2.38795,0.449469,2.085292
5358,178.6,1,566.167078,420.668725,455.587263,423.547518,510.877171,422.108122,2.818963,1.286558,-1.972258,2.135193,0.423352,1.710875
5359,178.633333,1,566.386662,421.104895,455.986633,423.738256,511.186647,422.421575,2.843599,1.003471,-1.90733,1.803882,0.468134,1.403676
5360,178.666667,1,567.080755,421.461672,456.769333,424.230119,511.925044,422.845895,2.833411,1.133593,-1.956424,2.007694,0.438494,1.570644
5361,178.7,1,567.646294,421.859218,457.567043,424.668542,512.606668,423.26388,2.83008,0.875024,-1.914339,1.829255,0.457871,1.352139
5362,178.733333,1,567.877827,421.998746,457.632656,424.583731,512.755241,423.291239,2.838285,0.973981,-1.910491,1.835297,0.463897,1.404639
5363,178.766667,1,568.165035,422.122911,457.867498,424.669261,513.016267,423.396086,2.832283,0.936855,-1.914207,1.812049,0.459038,1.374452
5364,178.8,1,568.451147,421.596447,457.931433,424.233767,513.19129,422.915107,2.827073,1.013594,-1.923701,1.858209,0.451686,1.435901
5365,178.833333,1,568.719559,421.235701,458.205671,423.990834,513.462615,422.613267,2.830794,0.912564,-1.918194,1.86278,0.4563,1.387672
5366,178.866667,1,568.66538,420.962201,458.124161,423.68886,513.394771,422.325531,2.824833,0.897463,-1.932743,1.84096,0.446045,1.369212
5367,178.9,1,568.627815,420.72077,458.525925,423.470861,513.57687,422.095816,2.834128,0.80036,-1.92756,1.778049,0.453284,1.289204
5368,178.933333,1,568.946705,420.352728,458.575668,423.200709,513.761187,421.776718,2.836623,0.835232,-1.932027,1.803395,0.452298,1.319313
5369,178.966667,1,569.080448,420.095569,458.953896,422.688847,514.017172,421.392208,2.818206,0.673823,-1.948511,1.708434,0.434847,1.191129
5370,179.0,1,569.631748,420.094721,459.122171,422.607683,514.37696,421.351202,2.834483,0.848146,-1.930542,1.755648,0.451971,1.301897
5371,179.033333,1,569.834642,420.133249,459.868698,422.59528,514.85167,421.364264,2.841559,0.763734,-1.928161,1.717306,0.456699,1.24052
5372,179.066667,1,570.305319,420.472527,460.2106,422.788367,515.257959,421.630447,2.830595,0.84347,-1.944724,1.762573,0.442936,1.303021
5373,179.1,1,570.719576,421.107266,460.955524,422.807068,515.83755,421.957167,2.810899,0.998476,-1.94308,1.596103,0.43391,1.29729
5374,179.133333,1,571.082907,421.743025,461.538877,423.370911,516.310892,422.556968,2.822897,1.088971,-1.953067,1.585344,0.434915,1.337157
5375,179.166667,1,569.080591,421.820669,458.819685,424.359015,513.950138,423.089842,2.781444,1.234864,-1.987644,1.630787,0.3969,1.432825
5376,179.2,1,563.977995,420.780251,454.200821,423.760604,509.089408,422.270427,2.744902,1.456225,-2.081305,1.919171,0.331798,1.687698
5377,179.233333,1,562.313089,419.664323,453.463507,421.856911,507.888298,420.760617,2.737358,1.456741,-2.069034,1.689218,0.334162,1.572979
5378,179.266667,1,560.313988,419.404181,451.78545,422.219127,506.049719,420.811654,2.719463,1.363011,-2.038891,1.635354,0.340286,1.499182
5379,179.3,1,558.039818,419.897858,450.212374,422.492563,504.126096,421.19521,2.712591,1.399264,-1.992168,1.491671,0.360211,1.445468
5380,179.333333,1,555.719328,420.975709,447.472763,423.820653,501.596045,422.398181,2.778906,1.441872,-1.937266,1.247874,0.42082,1.344873
5381,179.366667,1,553.593397,421.624224,444.495039,424.79172,499.044218,423.207972,2.786374,1.444449,-1.917945,1.220141,0.434214,1.332295
5382,179.4,1,550.712786,422.06961,442.155752,425.622003,496.434269,423.845807,2.787937,1.394544,-1.909256,1.219966,0.439341,1.307255
5383,179.433333,1,546.417074,422.599497,439.326544,426.080714,492.871809,424.340106,2.804818,1.431988,-1.968774,1.33628,0.418022,1.384134
5384,179.466667,1,543.043509,422.583007,436.35808,426.964041,489.700794,424.773524,2.845682,1.472917,-1.889623,1.30863,0.47803,1.390774
5385,179.5,1,540.029697,423.229516,433.34403,428.441659,486.686864,425.835587,2.859892,1.386427,-1.883618,1.232369,0.488137,1.309398
5386,179.533333,1,536.297607,424.394109,431.08777,429.48845,483.692689,426.94128,2.854755,1.371658,-1.792013,1.096371,0.531371,1.234014
5387,179.566667,1,533.779535,425.190028,428.467627,430.958194,481.123581,428.074111,2.831222,1.219389,-1.818508,1.174733,0.506357,1.197061
5388,179.6,1,530.843897,426.182102,425.503244,432.286413,478.173571,429.234257,2.85564,1.265667,-1.814888,1.085218,0.520376,1.175443
5389,179.633333,1,528.653946,425.809715,423.473377,433.411449,476.063662,429.610582,2.895743,1.088911,-1.857865,1.094103,0.518939,1.091507
5390,179.666667,1,526.698952,425.596426,421.535625,434.027714,474.117289,429.81207,2.867608,1.225751,-1.857725,1.124397,0.504942,1.175074
5391,179.7,1,524.871254,425.181198,420.375347,434.200716,472.623301,429.690957,2.830618,1.177142,-1.865334,1.215683,0.482642,1.196413
5392,179.733333,1,524.214554,425.320501,419.720364,434.340448,471.967459,429.830475,2.802393,1.220001,-1.87255,1.061726,0.464921,1.140864
5393,179.766667,1,523.956747,425.141062,419.103251,434.553609,471.529999,429.847335,2.788536,1.306018,-1.8733,1.16785,0.457618,1.236934
5394,179.8,1,523.557682,426.033787,419.436035,435.407871,471.496859,430.720829,2.771358,1.452014,-1.873937,1.168999,0.448711,1.310506
5395,179.833333,1,523.771181,426.572524,419.427032,435.775816,471.599107,431.17417,2.771246,1.478434,-1.857079,1.08641,0.457084,1.282422
5396,179.866667,1,524.289017,427.455604,419.684706,436.329424,471.986861,431.892514,2.771179,1.58024,-1.86649,1.205481,0.452344,1.392861
5397,179.9,1,525.059004,428.268968,420.498409,436.576327,472.778707,432.422647,2.772676,1.507611,-1.826148,1.192274,0.473264,1.349943
5398,179.933333,1,525.633278,428.705599,421.074448,436.246641,473.353863,432.47612,2.779701,1.467675,-1.811889,1.097931,0.483906,1.282803
5399,179.966667,1,526.121922,428.705513,421.287565,436.362019,473.704743,432.533766,2.792773,1.496106,-1.779226,1.146173,0.506773,1.321139
5400,180.0,1,526.130476,428.663242,421.018486,436.450789,473.574481,432.557015,2.806052,1.511043,-1.781927,1.163231,0.512062,1.337137
5401,180.033333,1,524.249716,428.800474,419.960194,436.223595,472.104955,432.512035,2.822433,1.471721,-1.835103,1.16817,0.493665,1.319946
5402,180.066667,1,522.431326,429.908463,418.35144,437.282349,470.391383,433.595406,2.795172,1.297532,-1.788157,1.000346,0.503508,1.148939
5403,180.1,1,519.777508,430.652808,415.703459,439.360085,467.740483,435.006446,2.867406,1.373948,-1.834642,1.210169,0.516382,1.292059
5404,180.133333,1,515.893888,432.727776,412.109184,442.276043,464.001536,437.501909,2.837543,1.345003,-1.836716,1.116386,0.500413,1.230694
5405,180.166667,1,511.853695,435.567591,407.332573,445.386794,459.593134,440.477192,2.827992,1.41189,-1.784545,1.323507,0.521724,1.367698
5406,180.2,1,507.679205,437.76947,402.962503,449.505304,455.320854,443.637387,2.854237,1.410654,-1.748883,1.462733,0.552677,1.436693
5407,180.233333,1,503.945408,440.291423,398.915501,452.236844,451.430454,446.264133,2.797837,1.639595,-1.719376,1.412158,0.539231,1.525877
5408,180.266667,1,499.861813,442.037305,395.193005,454.090369,447.527409,448.063837,2.749525,1.830292,-1.738491,1.44446,0.505517,1.637376
5409,180.3,1,497.564764,442.91796,392.758894,454.817934,445.161829,448.867947,2.705661,1.640689,-1.716758,1.625724,0.494451,1.633206
5410,180.333333,1,495.793533,443.996143,391.079464,455.877246,443.436499,449.936695,2.68322,1.712734,-1.720073,1.489544,0.481573,1.601139
5411,180.366667,1,495.595131,444.427421,390.315971,456.833367,442.955551,450.630394,2.688417,1.696745,-1.71925,1.482849,0.484584,1.589797
5412,180.4,1,495.921907,444.871702,390.416861,457.908171,443.169384,451.389937,2.747679,1.562845,-1.72138,1.505478,0.51315,1.534161
5413,180.433333,1,497.527103,445.051196,391.480179,457.402403,444.503641,451.226799,2.738577,1.635991,-1.725591,1.419204,0.506493,1.527597
5414,180.466667,1,499.311352,444.755133,392.734394,456.903931,446.022873,450.829532,2.759978,1.640923,-1.778314,1.39251,0.490832,1.516717
5415,180.5,1,500.665979,444.316968,394.607468,456.673003,447.636724,450.494986,2.745588,1.626986,-1.775223,1.432353,0.485182,1.529669
5416,180.533333,1,502.392225,443.314905,396.21069,455.415863,449.301457,449.365384,2.755644,1.559412,-1.772572,1.570236,0.491536,1.564824
5417,180.566667,1,504.221363,442.311126,397.623844,453.791721,450.922604,448.051423,2.745362,1.557266,-1.785135,1.497307,0.480113,1.527287
5418,180.6,1,506.355143,441.059951,398.924379,452.465894,452.639761,446.762922,2.783123,1.534131,-1.830984,1.403033,0.476069,1.468582
5419,180.633333,1,508.846369,439.892246,401.562872,450.884947,455.20462,445.388596,2.792797,1.753097,-1.805137,1.452109,0.49383,1.602603
5420,180.666667,1,511.405487,438.786939,403.850031,448.951288,457.627759,443.869114,2.729381,1.584283,-1.778108,1.419128,0.475637,1.501705
5421,180.7,1,515.492773,437.61372,406.405735,446.9031,460.949254,442.25841,2.7478,1.431857,-1.781343,1.370324,0.483229,1.40109
5422,180.733333,1,521.599836,437.579656,412.947216,445.168333,467.273526,441.373994,2.861077,1.733057,-1.778,1.670225,0.541539,1.701641
5423,180.766667,1,526.235046,436.582335,417.73387,444.510194,471.984458,440.546265,2.995947,1.588973,-1.724465,2.123652,0.635741,1.856313
5424,180.8,1,529.141083,435.374494,420.563536,442.827773,474.852309,439.101133,2.938578,1.213542,-1.686784,1.653932,0.625897,1.433737
5425,180.833333,1,530.262766,433.903259,422.548075,441.689368,476.40542,437.796314,2.966402,1.133611,-1.668605,1.412064,0.648899,1.272837
5426,180.866667,1,531.587172,432.371696,423.413486,439.777093,477.500329,436.074395,3.004168,1.050681,-1.657557,1.31567,0.673306,1.183175
5427,180.9,1,532.51935,431.195108,424.274349,439.229751,478.39685,435.212429,3.080564,1.027327,-1.703787,1.393236,0.688389,1.210281
5428,180.933333,1,533.406296,430.377431,425.337543,438.021458,479.37192,434.199445,3.045757,1.048688,-1.695591,1.286357,0.675083,1.167523
5429,180.966667,1,534.508867,429.513416,426.563597,436.746926,480.536232,433.130171,3.039085,1.093308,-1.688664,1.266286,0.675211,1.179797
5430,181.0,1,535.428772,428.245472,427.634134,435.521328,481.531453,431.8834,3.028455,0.963716,-1.66575,1.441879,0.681353,1.202798
5431,181.033333,1,536.63641,427.041364,428.788977,434.102215,482.712693,430.571789,3.005645,1.088716,-1.701284,1.49599,0.652181,1.292353
5432,181.066667,1,538.312616,426.023798,430.20937,433.11337,484.260993,429.568584,2.966932,1.145544,-1.70896,1.487723,0.628986,1.316633
5433,181.1,1,540.797005,424.790572,432.027369,431.660664,486.412187,428.225618,3.005791,1.072181,-1.68369,1.557188,0.66105,1.314684
5434,181.133333,1,542.520666,424.307345,433.477736,431.237133,487.999201,427.772239,3.008007,1.16952,-1.711036,1.552776,0.648486,1.361148
5435,181.166667,1,543.958855,424.013397,434.791346,430.702225,489.3751,427.357811,2.972917,1.253762,-1.724711,1.477325,0.624103,1.365543
5436,181.2,1,545.537376,424.211011,436.582432,430.410014,491.059904,427.310513,2.944921,1.416783,-1.752409,1.442975,0.596256,1.429879
5437,181.233333,1,546.708078,425.24968,439.265099,430.778979,492.986588,428.01433,2.980063,1.767723,-1.800342,1.982755,0.589861,1.875239
5438,181.266667,1,546.794348,424.953961,439.260273,430.831915,493.02731,427.892938,2.959357,1.642906,-1.810214,1.939373,0.574571,1.791139
5439,181.3,1,547.965298,425.974821,441.746597,431.344517,494.855947,428.659669,2.909272,1.922128,-1.801998,2.461493,0.553637,2.191811
5440,181.333333,1,550.028639,425.57014,443.332415,430.753455,496.680527,428.161798,2.867092,2.074193,-1.815668,2.409445,0.525712,2.241819
5441,181.366667,1,551.447372,425.525047,445.077467,430.757478,498.26242,428.141263,2.837968,1.836494,-1.840653,2.517799,0.498658,2.177147
5442,181.4,1,553.382826,425.815444,446.358671,430.695605,499.870749,428.255525,2.846355,1.701304,-1.877295,2.382447,0.48453,2.041875
5443,181.433333,1,554.983644,426.483722,447.530832,430.912789,501.257238,428.698255,2.836266,1.708464,-1.855312,2.167733,0.490477,1.938099
5444,181.466667,1,556.962185,427.114878,449.587355,431.051738,503.27477,429.083308,2.818021,1.618737,-1.860441,2.108223,0.47879,1.86348
5445,181.5,1,558.642616,427.597675,451.252365,431.203122,504.947491,429.400399,2.831213,1.4444,-1.873974,2.093857,0.47862,1.769129
5446,181.533333,1,561.055984,427.633595,452.999077,430.620933,507.027531,429.127264,2.8339,1.59922,-1.901907,2.026375,0.465997,1.812797
5447,181.566667,1,562.517014,427.547228,454.587889,430.051543,508.552451,428.799385,2.811508,1.538493,-1.904976,1.835882,0.453266,1.687188
5448,181.6,1,564.175215,427.146292,455.783615,429.151715,509.979415,428.149003,2.803104,1.648206,-1.9251,1.781829,0.439002,1.715018
5449,181.633333,1,565.314703,426.532495,456.865358,427.815095,511.090031,427.173795,2.784916,1.541249,-1.88715,1.708778,0.448883,1.625014
5450,181.666667,1,566.722097,425.926466,458.087959,426.435217,512.405028,426.180841,2.818002,1.405573,-1.887315,1.621021,0.465343,1.513297
5451,181.7,1,567.946596,424.963156,459.274263,425.504651,513.61043,425.233904,2.808648,1.441538,-1.886262,1.677568,0.461193,1.559553
5452,181.733333,1,569.02009,424.50614,460.400114,425.03196,514.710102,424.76905,2.824065,1.542654,-1.900523,1.535321,0.461771,1.538988
5453,181.766667,1,569.991627,425.426234,461.714325,425.512762,515.852976,425.469498,2.846595,1.597366,-1.923266,1.794713,0.461664,1.69604
5454,181.8,1,569.107275,428.75948,465.516682,429.189169,517.311978,428.974324,2.744739,11.592534,-1.910253,4.564781,0.417243,8.078658
5455,181.833333,1,567.942038,430.698309,468.924055,431.547196,518.433046,431.122752,2.705626,55.594539,-1.747725,27.886959,0.47895,41.740749
5456,181.866667,1,567.889481,433.234059,471.366129,434.759431,519.627805,433.996745,2.67459,9.227098,-1.684364,68.460155,0.495113,38.843627
5457,181.9,1,567.720757,434.404457,471.821737,436.843228,519.771247,435.623842,2.653788,13.284167,-1.61848,120.571417,0.517654,66.927792
5458,181.933333,1,567.585125,434.079319,472.44359,436.114011,520.014358,435.096665,2.654082,95.558436,-1.636927,133.460339,0.508577,114.509387
5459,181.966667,1,569.963007,431.256734,470.491295,433.268348,520.227151,432.262541,2.673251,28.503173,-1.742347,25.294605,0.465452,26.898889
5460,182.0,1,572.061682,429.138132,468.447628,430.766909,520.254655,429.952521,2.763217,16.929632,-1.848813,9.566611,0.457202,13.248122
