frame,time_sec,face_detected,left_iris_center_x_px,left_iris_center_y_px,right_iris_center_x_px,right_iris_center_y_px,iris_center_x_px,iris_center_y_px,left_iris_x_norm,left_iris_y_norm,right_iris_x_norm,right_iris_y_norm,iris_x_norm,iris_y_norm
1,0.033333,0,,,,,,,,,,,,
2,0.066667,0,,,,,,,,,,,,
3,0.1,0,,,,,,,,,,,,
4,0.133333,0,,,,,,,,,,,,
5,0.166667,0,,,,,,,,,,,,
6,0.2,0,,,,,,,,,,,,
7,0.233333,1,512.424955,369.291934,398.337898,378.683614,455.381427,373.987774,3.114799,1.402689,-1.678191,1.899161,0.718304,1.650925
8,0.266667,1,511.497774,369.54183,398.571835,379.221461,455.034804,374.381645,3.102404,1.27488,-1.702537,1.652454,0.699934,1.463667
9,0.3,1,512.497177,369.459872,398.14127,379.200411,455.319223,374.330142,3.034479,1.129908,-1.712084,1.519965,0.661198,1.324936
10,0.333333,1,512.184229,369.677142,398.328581,379.109838,455.256405,374.39349,2.997256,1.164734,-1.705092,1.654255,0.646082,1.409494
11,0.366667,1,511.505032,369.531991,398.423386,378.833946,454.964209,374.182969,3.017453,1.134986,-1.69575,1.661438,0.660851,1.398212
12,0.4,1,511.798811,369.783111,398.579607,378.570768,455.189209,374.176939,3.037667,1.122548,-1.688495,1.634672,0.674586,1.37861
13,0.433333,1,511.840677,369.658152,398.6481,378.350633,455.244389,374.004393,3.00471,1.14374,-1.692651,1.556264,0.656029,1.350002
14,0.466667,1,512.138176,369.638411,398.552341,378.335795,455.345259,373.987103,3.024967,1.119404,-1.686877,1.594278,0.669045,1.356841
15,0.5,1,511.966763,369.459883,398.742046,377.968483,455.354404,373.714183,3.025688,1.251333,-1.697046,1.639813,0.664321,1.445573
16,0.533333,1,511.965446,369.48162,398.776293,377.951639,455.37087,373.716629,3.0264,1.266967,-1.705078,1.539877,0.660661,1.403422
17,0.566667,1,511.931572,369.404533,398.833981,377.964867,455.382776,373.6847,3.031101,1.27078,-1.706558,1.477902,0.662272,1.374341
18,0.6,1,511.878843,369.434016,398.868103,377.914066,455.373473,373.674041,3.036078,1.303813,-1.711352,1.457411,0.662363,1.380612
19,0.633333,1,512.078667,369.552795,398.792677,377.979287,455.435672,373.766041,3.059158,1.341941,-1.696648,1.455621,0.681255,1.398781
20,0.666667,1,512.003441,369.461482,398.795471,377.977828,455.399456,373.719655,3.049045,1.314505,-1.689912,1.434393,0.679566,1.374449
21,0.7,1,511.951847,369.585282,398.783798,377.992955,455.367823,373.789119,3.061468,1.287754,-1.690006,1.479293,0.685731,1.383523
22,0.733333,1,511.799622,369.558878,398.776312,378.139307,455.287967,373.849093,3.053023,1.291214,-1.697876,1.498767,0.677573,1.394991
23,0.766667,1,512.07407,369.67447,398.656759,378.070804,455.365415,373.872637,3.043423,1.355256,-1.688983,1.502013,0.67722,1.428634
24,0.8,1,511.820698,369.409103,398.696823,378.131036,455.25876,373.770069,3.052123,1.331251,-1.698102,1.513371,0.67701,1.422311
25,0.833333,1,511.699648,369.434069,398.749752,378.215075,455.2247,373.824572,3.056274,1.322928,-1.695315,1.543098,0.680479,1.433013
26,0.866667,1,511.672306,369.365469,398.722677,378.167042,455.197492,373.766255,3.044529,1.343089,-1.697313,1.572124,0.673608,1.457607
27,0.9,1,511.588516,369.419457,398.825827,378.211588,455.207171,373.815522,3.069108,1.378731,-1.689114,1.508085,0.689997,1.443408
28,0.933333,1,511.665316,369.290614,398.923531,378.240169,455.294423,373.765392,3.063235,1.253824,-1.691425,1.531146,0.685905,1.392485
29,0.966667,1,511.530819,369.275814,399.137163,378.28095,455.333991,373.778382,3.056967,1.249872,-1.690153,1.564009,0.683407,1.406941
30,1.0,1,511.681633,369.170998,399.074621,378.147601,455.378127,373.6593,3.058447,1.257717,-1.690975,1.609002,0.683736,1.43336
31,1.033333,1,511.557474,369.109731,399.179525,378.463286,455.3685,373.786509,3.030199,1.17599,-1.697852,1.614958,0.666174,1.395474
32,1.066667,1,511.703415,368.928967,399.139576,378.42742,455.421495,373.678193,3.041692,1.199369,-1.70204,1.623802,0.669826,1.411585
33,1.1,1,511.740322,368.808315,399.059925,378.331386,455.400124,373.569851,3.045121,1.248043,-1.711811,1.574753,0.666655,1.411398
34,1.133333,1,511.904154,368.916044,398.945227,378.450615,455.42469,373.68333,3.04441,1.200041,-1.706739,1.626095,0.668836,1.413068
35,1.166667,1,511.907406,368.834977,398.872318,378.393173,455.389862,373.614075,3.043542,1.217443,-1.711027,1.628495,0.666257,1.422969
36,1.2,1,512.071419,368.885874,399.040728,378.201706,455.556073,373.54379,3.063528,1.204628,-1.724687,1.552294,0.669421,1.378461
37,1.233333,1,512.290115,368.896469,399.377117,377.956209,455.833616,373.426339,3.052591,1.240273,-1.722728,1.497209,0.664932,1.368741
38,1.266667,1,512.352514,368.936638,399.40053,377.954997,455.876522,373.445817,3.044662,1.204551,-1.719487,1.527257,0.662587,1.365904
39,1.3,1,512.323704,368.838243,399.439383,377.956842,455.881543,373.397543,3.03564,1.191749,-1.73084,1.51144,0.6524,1.351594
40,1.333333,1,512.33057,368.786407,399.448233,377.868866,455.889401,373.327636,3.025285,1.201904,-1.725502,1.511585,0.649891,1.356745
41,1.366667,1,512.291603,368.902456,399.417887,377.752168,455.854745,373.327312,3.037581,1.234952,-1.726096,1.509002,0.655742,1.371977
42,1.4,1,512.359285,368.904194,399.382334,377.711999,455.87081,373.308097,3.023783,1.222249,-1.725422,1.513158,0.64918,1.367703
43,1.433333,1,512.411804,368.902488,399.429369,377.694072,455.920587,373.29828,3.041108,1.224159,-1.719581,1.487519,0.660763,1.355839
44,1.466667,1,512.306528,369.01131,399.41721,377.730045,455.861869,373.370678,3.039565,1.224942,-1.713719,1.468079,0.662923,1.346511
45,1.5,1,512.476616,368.960364,399.340458,377.759786,455.908537,373.360075,3.028559,1.233917,-1.714935,1.497472,0.656812,1.365694
46,1.533333,1,512.649641,368.948949,399.417696,377.556335,456.033669,373.252642,3.056413,1.292288,-1.70447,1.556215,0.675971,1.424251
47,1.566667,1,512.76927,368.883514,399.279556,377.466062,456.024413,373.174788,3.076428,1.288134,-1.707033,1.569202,0.684697,1.428668
48,1.6,1,512.710724,368.847524,399.064875,377.349751,455.887799,373.098637,3.057497,1.30585,-1.713442,1.516854,0.672028,1.411352
49,1.633333,1,512.893763,368.871932,398.99828,377.313305,455.946021,373.092619,3.055434,1.30336,-1.723724,1.520387,0.665855,1.411873
50,1.666667,1,512.881508,368.840078,398.969555,377.334495,455.925531,373.087286,3.04247,1.303348,-1.730983,1.528565,0.655743,1.415956
51,1.7,1,512.881079,368.874362,398.972635,377.257622,455.926857,373.065992,3.048823,1.328937,-1.733021,1.551603,0.657901,1.44027
52,1.733333,1,512.806444,368.826646,399.118137,377.461202,455.962291,373.143924,3.031104,1.276025,-1.724598,1.563365,0.653253,1.419695
53,1.766667,1,512.770681,368.899076,399.224434,377.394544,455.997558,373.14681,3.038371,1.262098,-1.721805,1.56087,0.658283,1.411484
54,1.8,1,512.862644,369.034506,399.194965,377.530907,456.028805,373.282707,3.02927,1.26992,-1.717538,1.5777,0.655866,1.42381
55,1.833333,1,512.746782,368.914987,399.361773,377.50798,456.054277,373.211483,3.046948,1.279527,-1.714097,1.545044,0.666426,1.412286
56,1.866667,1,512.914028,368.876213,399.159603,377.48369,456.036816,373.179951,3.029325,1.255843,-1.725525,1.628083,0.6519,1.441963
57,1.9,1,512.596121,368.85718,399.240856,377.42201,455.918489,373.139595,3.024282,1.23853,-1.720358,1.589274,0.651962,1.413902
58,1.933333,1,512.65379,368.741764,399.445057,377.282277,456.049423,373.012021,3.032843,1.286232,-1.715534,1.625769,0.658655,1.456
59,1.966667,1,513.069944,368.652323,399.0903,377.208817,456.080122,372.93057,3.051328,1.295548,-1.721259,1.593211,0.665034,1.444379
60,2.0,1,513.571291,367.997296,398.331871,378.288009,455.951581,373.142653,3.075101,1.324286,-1.743884,1.71362,0.665609,1.518953
61,2.033333,1,513.60033,377.115304,397.90534,387.794648,455.752835,382.454976,3.061391,0.506917,-1.736339,38.112628,0.662526,19.309772
62,2.066667,1,513.940058,376.569035,398.54002,387.157602,456.240039,381.863319,3.065628,0.77684,-1.713723,46.046996,0.675953,23.411918
63,2.1,1,515.112762,376.316017,396.670094,387.640647,455.891428,381.978332,3.09461,1.121331,-1.74799,52.155132,0.67331,26.638232
64,2.133333,1,516.700115,371.469533,398.764296,383.391105,457.732205,377.430319,3.224238,2.053953,-1.861157,4.844,0.681541,3.448976
65,2.166667,1,515.897388,369.169743,402.885456,378.907127,459.391422,374.038435,3.217782,1.958977,-1.780377,2.610887,0.718702,2.284932
66,2.2,1,515.267162,368.844928,403.736973,378.423654,459.502068,373.634291,3.222984,1.737329,-1.759049,1.990568,0.731967,1.863949
67,2.233333,1,517.862635,369.103053,407.920008,378.422313,462.891321,373.762683,3.182582,1.421615,-1.661462,2.22305,0.76056,1.822333
68,2.266667,1,519.714632,368.491589,409.25086,377.774184,464.482746,373.132887,3.170693,1.416389,-1.689939,2.298635,0.740377,1.857512
69,2.3,1,521.225967,367.598913,409.88615,376.446565,465.556059,372.022739,3.17583,1.622914,-1.67939,2.151043,0.74822,1.886979
70,2.333333,1,522.886648,367.178267,411.210842,375.462677,467.048745,371.320472,3.156358,1.386495,-1.707224,2.159688,0.724567,1.773092
71,2.366667,1,524.383745,367.649826,412.912331,374.882387,468.648038,371.266107,3.08949,1.381063,-1.69739,2.355083,0.69605,1.868073
72,2.4,1,525.944023,368.719223,414.724169,375.379164,470.334096,372.049194,3.083952,1.405278,-1.762736,2.067621,0.660608,1.73645
73,2.433333,1,527.735167,370.721905,416.31362,376.396558,472.024393,373.559232,2.959242,1.211614,-1.739491,1.975169,0.609875,1.593392
74,2.466667,1,529.722338,372.216614,418.277826,377.164207,474.000082,374.69041,2.998109,1.248399,-1.753225,2.032398,0.622442,1.640398
75,2.5,1,530.840197,373.396883,419.43944,377.740141,475.139818,375.568512,2.969473,1.221016,-1.749345,2.173401,0.610064,1.697209
76,2.533333,1,532.088318,374.200784,420.837927,378.128568,476.463122,376.164676,2.990505,1.28298,-1.73897,2.136968,0.625767,1.709974
77,2.566667,1,532.923746,374.233174,421.573668,377.995219,477.248707,376.114197,3.012671,1.421336,-1.727123,2.29701,0.642774,1.859173
78,2.6,1,533.241348,374.149725,422.226782,377.705101,477.734065,375.927413,3.026401,1.49979,-1.719349,2.168124,0.653526,1.833957
79,2.633333,1,533.476553,373.496629,423.495359,377.146794,478.485956,375.321711,3.025219,1.515252,-1.700144,2.124104,0.662538,1.819678
80,2.666667,1,533.729391,373.181845,423.636103,376.282328,478.682747,374.732087,3.050137,1.586581,-1.717155,2.00723,0.666491,1.796906
81,2.7,1,534.082632,372.72293,423.739347,376.201787,478.91099,374.462358,3.059207,1.610854,-1.723183,2.119831,0.668012,1.865342
82,2.733333,1,533.787937,372.783194,423.655233,375.775391,478.721585,374.279292,3.0882,1.548142,-1.743107,1.917449,0.672547,1.732796
83,2.766667,1,534.083796,372.353643,423.960037,375.838476,479.021916,374.09606,3.074472,1.61291,-1.729276,2.06845,0.672598,1.84068
84,2.8,1,533.832865,372.223084,423.834715,375.761154,478.83379,373.992119,3.078063,1.634022,-1.735505,2.026617,0.671279,1.830319
85,2.833333,1,534.493256,371.231149,424.382114,375.605886,479.437685,373.418518,3.134979,1.700308,-1.694567,3.653496,0.720206,2.676902
86,2.866667,1,535.150948,371.801913,443.453465,369.311353,489.302206,370.556633,2.858313,9.853983,-1.97542,0.59614,0.441446,5.225061
87,2.9,1,533.89657,370.590305,441.949377,373.547505,487.922974,372.068905,3.148171,3.692742,-1.317377,2.350824,0.915397,3.021783
88,2.933333,1,534.962883,369.176534,425.226669,366.033436,480.094776,367.604985,3.372794,3.163289,-1.672654,2.180604,0.85007,2.671946
89,2.966667,1,534.153118,370.236479,422.410383,378.89436,478.281751,374.56542,3.475113,0.578848,-1.795691,4.693774,0.839711,2.636311
90,3.0,1,532.634001,373.26539,421.588926,379.823231,477.111464,376.54431,3.19295,2.057789,-1.763952,12.32047,0.714499,7.18913
91,3.033333,1,531.973906,374.823668,424.692163,379.476142,478.333035,377.149905,3.078582,-96.816339,-1.707044,22.526793,0.685769,-37.144773
92,3.066667,1,531.167688,371.129,424.511709,376.25262,477.839699,373.69081,3.035359,-14.260571,-1.720507,16.434963,0.657426,1.087196
93,3.1,1,531.663666,366.310465,421.485062,372.088233,476.574364,369.199349,3.120347,0.243915,-1.843242,3.845641,0.638552,2.044778
94,3.133333,1,530.848074,364.390937,421.792393,368.819479,476.320233,366.605208,3.203272,1.492516,-1.826738,3.144525,0.688267,2.31852
95,3.166667,1,530.257292,363.656698,421.122923,367.914056,475.690107,365.785377,3.100231,1.058456,-1.832815,2.228314,0.633708,1.643385
96,3.2,1,530.246811,363.208716,421.014738,367.405654,475.630774,365.307185,3.111644,0.822469,-1.830173,2.296676,0.640736,1.559573
97,3.233333,1,530.559998,363.028262,420.855637,366.825868,475.707817,364.927065,3.071019,1.231123,-1.83906,2.32229,0.615979,1.776706
98,3.266667,1,530.41316,362.574813,420.883265,366.494771,475.648212,364.534792,3.052807,1.170133,-1.834824,2.075826,0.608992,1.622979
99,3.3,1,530.324593,362.795044,420.10355,366.536168,475.214071,364.665606,2.9922,1.183633,-1.863073,1.91225,0.564563,1.547941
100,3.333333,1,530.17149,362.575017,419.583082,366.485876,474.877286,364.530447,3.002147,1.003929,-1.870505,1.679125,0.565821,1.341527
101,3.366667,1,530.148592,362.888095,419.775028,366.829151,474.96181,364.858623,2.994661,0.976064,-1.861336,1.694505,0.566662,1.335285
102,3.4,1,530.182257,363.075035,419.507236,367.23645,474.844747,365.155742,2.997853,0.949509,-1.867061,1.627403,0.565396,1.288456
103,3.433333,1,531.416912,364.699917,421.211681,368.385953,476.314297,366.542935,3.048578,1.158363,-1.823872,1.756237,0.612353,1.4573
104,3.466667,1,533.009291,366.488977,424.795465,370.552121,478.902378,368.520549,3.140666,1.440396,-1.753537,1.988951,0.693564,1.714673
105,3.5,1,533.496714,367.041732,425.242586,370.569867,479.36965,368.805799,3.133048,1.451949,-1.742438,1.953073,0.695305,1.702511
106,3.533333,1,534.154596,367.42238,425.759954,370.8206,479.957275,369.12149,3.139773,1.725908,-1.742494,1.987351,0.698639,1.85663
107,3.566667,1,534.793129,367.368447,426.310978,371.044704,480.552053,369.206575,3.136904,1.710063,-1.735324,2.153274,0.70079,1.931669
108,3.6,1,535.199976,367.6972,426.588736,371.253948,480.894356,369.475574,3.112642,1.704175,-1.739352,2.123981,0.686645,1.914078
109,3.633333,1,536.549692,367.74166,428.113365,371.447808,482.331529,369.594734,3.1316,1.622515,-1.685209,2.110045,0.723196,1.86628
110,3.666667,1,536.952276,367.804949,427.875128,371.164266,482.413702,369.484608,3.157398,1.47745,-1.705062,2.051295,0.726168,1.764372
111,3.7,1,536.830282,367.847312,427.873526,371.277852,482.351904,369.562582,3.132974,1.457058,-1.717181,1.990607,0.707896,1.723832
112,3.733333,1,536.578512,368.512602,427.631245,371.540118,482.104878,370.02636,3.109016,1.501142,-1.718868,1.989726,0.695074,1.745434
113,3.766667,1,535.27997,369.096261,427.028179,372.465148,481.154075,370.780705,3.113987,1.499393,-1.722747,1.93841,0.69562,1.718902
114,3.8,1,535.507593,369.324249,426.48078,372.665927,480.994186,370.995088,3.09996,1.518496,-1.726308,2.006311,0.686826,1.762404
115,3.833333,1,534.980354,369.280529,425.894985,372.834874,480.43767,371.057702,3.093857,1.381867,-1.731779,2.094214,0.681039,1.738041
116,3.866667,1,534.503479,369.081241,425.269423,372.940296,479.886451,371.010768,3.045046,1.352156,-1.727563,2.085258,0.658741,1.718707
117,3.9,1,533.821974,369.667175,424.651394,373.366038,479.236684,371.516606,3.013713,1.226829,-1.723206,2.075461,0.645254,1.651145
118,3.933333,1,533.47208,369.900237,424.515533,373.621019,478.993807,371.760628,2.998392,1.262125,-1.688742,2.072693,0.654825,1.667409
119,3.966667,1,533.297768,369.8885,424.019432,374.194411,478.6586,372.041456,3.012257,1.34715,-1.710618,2.066393,0.650819,1.706772
120,4.0,1,533.239069,370.081748,424.209118,374.228776,478.724093,372.155262,2.952655,1.303114,-1.707833,2.151036,0.622411,1.727075
121,4.033333,1,533.330145,370.015894,424.059172,374.111477,478.694658,372.063686,2.973235,1.288364,-1.712991,2.081834,0.630122,1.685099
122,4.066667,1,533.896599,369.884208,424.470911,373.798528,479.183755,371.841368,2.983548,1.377664,-1.712506,1.973935,0.635521,1.6758
123,4.1,1,534.067183,369.569049,425.264549,374.04248,479.665866,371.805764,2.979068,1.398631,-1.721226,1.83092,0.628921,1.614776
124,4.133333,1,534.914064,369.208421,425.778704,373.539609,480.346384,371.374015,2.962405,1.355784,-1.71589,1.907201,0.623257,1.631493
125,4.166667,1,535.574541,369.389287,425.910063,373.596632,480.742302,371.49296,2.946401,1.303879,-1.765003,1.966672,0.590699,1.635276
126,4.2,1,536.138172,369.193475,427.606869,372.768066,481.87252,370.980771,2.92109,1.170233,-1.76552,2.093573,0.577785,1.631903
127,4.233333,1,538.914909,369.747115,427.489204,374.502715,483.202057,372.124915,3.006066,1.198413,-1.814753,3.735289,0.595657,2.466851
128,4.266667,1,538.499689,374.270307,428.429022,377.392752,483.464355,375.831529,3.004992,1.468124,-1.770886,10.890649,0.617053,6.179386
129,4.3,1,541.120281,371.642236,427.491865,375.259151,484.306073,373.450693,3.052656,1.908821,-1.852645,3.917536,0.600005,2.913178
130,4.333333,1,541.58886,368.977826,431.125927,370.963229,486.357393,369.970527,3.047859,2.237466,-1.812754,3.336102,0.617552,2.786784
131,4.366667,1,543.103609,366.62562,432.913294,370.009264,488.008451,368.317442,2.974961,1.936817,-1.805485,2.657122,0.584738,2.296969
132,4.4,1,545.491133,365.614657,433.96122,368.565291,489.726176,367.089974,2.951213,2.024096,-1.805944,2.659816,0.572635,2.341956
133,4.433333,1,547.346048,364.7283,435.964336,367.481089,491.655192,366.104694,2.942243,1.924198,-1.796803,2.300674,0.57272,2.112436
134,4.466667,1,550.195904,364.684628,439.022741,366.3031,494.609323,365.493864,2.95883,2.140091,-1.769757,2.053106,0.594537,2.096598
135,4.5,1,552.512989,364.606732,441.386967,365.226703,496.949978,364.916717,2.940715,2.274253,-1.801528,1.843218,0.569594,2.058736
136,4.533333,1,554.284992,364.515783,443.746986,365.002781,499.015989,364.759282,2.932737,2.069335,-1.803665,2.219817,0.564536,2.144576
137,4.566667,1,556.311722,364.713049,445.646238,365.164658,500.97898,364.938853,2.927852,2.036855,-1.823522,2.183773,0.552165,2.110314
138,4.6,1,556.974936,366.03269,446.846046,365.940626,501.910491,365.986658,2.966046,2.066897,-1.798926,1.898989,0.58356,1.982943
139,4.633333,1,557.538738,366.48232,447.816229,365.56604,502.677484,366.02418,2.961475,2.038931,-1.811429,1.867616,0.575023,1.953274
140,4.666667,1,558.601332,366.733385,447.824678,365.56862,503.213005,366.151003,2.970706,2.424319,-1.836379,1.893718,0.567164,2.159018
141,4.7,1,558.997316,367.256513,448.231974,365.716431,503.614645,366.486472,2.968794,2.504954,-1.841046,1.893929,0.563874,2.199441
142,4.733333,1,558.992987,367.805191,448.800592,366.252873,503.89679,367.029032,2.982423,2.417471,-1.83538,1.866135,0.573521,2.141803
143,4.766667,1,559.273005,369.539148,447.793493,369.137996,503.533249,369.338572,3.054835,3.822445,-1.896667,2.664099,0.579084,3.243272
144,4.8,1,557.323151,375.03037,449.448347,375.377641,503.385749,375.204005,2.869363,1.105753,-1.749925,6.127498,0.559719,3.616626
145,4.833333,1,558.481197,372.835765,449.743795,373.821166,504.112496,373.328465,2.890929,17.301875,-1.735245,10.059188,0.577842,13.680532
146,4.866667,1,559.149027,370.869008,449.363489,371.394185,504.256258,371.131597,3.047888,4.844926,-1.887645,5.246726,0.580122,5.045826
147,4.9,1,560.091333,368.763217,449.808388,369.609926,504.949861,369.186571,3.049839,3.154116,-1.883012,3.217834,0.583414,3.185975
148,4.933333,1,559.965467,367.221386,450.165319,367.738752,505.065393,367.480069,3.000146,2.75805,-1.860133,2.572051,0.570006,2.66505
149,4.966667,1,559.201498,366.402637,450.840759,367.047284,505.021129,366.724961,2.95689,2.507279,-1.79448,1.976564,0.581205,2.241922
150,5.0,1,558.81402,366.162161,450.932178,366.626596,504.873099,366.394378,2.973249,2.351717,-1.791244,1.801273,0.591003,2.076495
151,5.033333,1,558.23184,366.240664,450.995178,366.672987,504.613509,366.456825,2.988394,2.246016,-1.783388,1.648371,0.602503,1.947193
152,5.066667,1,557.637377,366.317654,450.846958,366.964104,504.242167,366.640879,2.977472,2.089213,-1.78854,1.647436,0.594466,1.868324
153,5.1,1,556.530819,366.021522,449.986448,366.407808,503.258634,366.214665,2.965716,2.146538,-1.797165,1.629753,0.584275,1.888145
154,5.133333,1,555.431423,364.932142,449.036646,365.771872,502.234035,365.352007,2.938465,2.107413,-1.810079,1.669501,0.564193,1.888457
155,5.166667,1,554.049473,364.14412,447.150364,364.342909,500.599918,364.243515,3.013485,2.166871,-1.791579,1.675404,0.610953,1.921138
156,5.2,1,552.943945,363.584837,445.271206,363.151445,499.107575,363.368141,3.019245,2.28327,-1.79381,1.736629,0.612718,2.009949
157,5.233333,1,552.127886,363.176122,443.875074,362.937056,498.00148,363.056589,3.060744,2.023977,-1.776899,1.912055,0.641923,1.968016
158,5.266667,1,551.232491,363.100092,442.40736,362.065065,496.819925,362.582578,3.067662,1.813364,-1.788223,1.930285,0.63972,1.871825
159,5.3,1,550.995064,363.86885,442.318974,362.15818,496.657019,363.013515,2.990695,1.829247,-1.787039,1.666197,0.601828,1.747722
160,5.333333,1,551.005602,363.715981,442.091246,362.074345,496.548424,362.895163,2.996775,1.869931,-1.796739,1.762014,0.600018,1.815973
161,5.366667,1,551.067591,363.410987,442.062674,361.823677,496.565132,362.617332,2.988311,1.844449,-1.809634,1.751483,0.589339,1.797966
162,5.4,1,551.004725,363.188573,442.093267,361.610543,496.548996,362.399558,2.988217,1.87444,-1.808448,1.68263,0.589884,1.778535
163,5.433333,1,551.05896,363.123459,442.038908,361.851298,496.548934,362.487379,2.982708,1.844035,-1.814378,1.723442,0.584165,1.783739
164,5.466667,1,551.17938,363.257205,442.087002,362.135725,496.633191,362.696465,2.976907,1.869652,-1.816154,1.749993,0.580377,1.809822
165,5.5,1,550.937738,363.277262,441.95715,362.155745,496.447444,362.716504,2.961687,1.857254,-1.816176,1.732994,0.572755,1.795124
166,5.533333,1,550.764236,363.389271,442.13563,362.623302,496.449933,363.006287,2.954135,1.812585,-1.810824,1.65891,0.571656,1.735747
167,5.566667,1,550.607595,363.341507,441.755028,362.608947,496.181312,362.975227,2.943604,1.937657,-1.81777,1.741182,0.562917,1.839419
168,5.6,1,550.185728,362.945216,441.736088,362.561354,495.960908,362.753285,2.953364,1.995943,-1.819378,1.725157,0.566993,1.86055
169,5.633333,1,549.279623,367.618375,441.914959,367.600222,495.597291,367.609298,3.012185,3.019126,-1.85516,3.018617,0.578513,3.018871
170,5.666667,1,548.058262,370.925817,443.814249,371.963843,495.936255,371.44483,2.890675,0.082075,-1.697129,15.222952,0.596773,7.652514
171,5.7,1,551.161308,369.665136,442.499542,368.46194,496.830425,369.063538,3.039215,7.678301,-1.817441,6.002746,0.610887,6.840523
172,5.733333,1,551.280355,365.934484,442.31039,367.21357,496.795373,366.574027,3.08095,4.096195,-1.91222,5.033601,0.584365,4.564898
173,5.766667,1,552.521896,364.834049,443.229961,366.227542,497.875929,365.530795,3.029148,3.174207,-1.900436,3.480313,0.564356,3.32726
174,5.8,1,552.664318,364.334895,443.01281,364.685036,497.838564,364.509965,2.976372,2.900262,-1.901357,2.675228,0.537507,2.787745
175,5.833333,1,552.926569,363.834566,443.509989,364.12454,498.218279,363.979553,2.957091,2.670636,-1.878065,2.517432,0.539513,2.594034
176,5.866667,1,552.729864,363.206624,443.786707,363.555917,498.258286,363.38127,2.93623,2.422752,-1.870945,2.479587,0.532643,2.451169
177,5.9,1,552.496672,363.242726,443.722401,363.471251,498.109536,363.356988,2.935851,2.39158,-1.869343,2.254901,0.533254,2.323241
178,5.933333,1,552.450924,362.826775,443.52109,363.243263,497.986007,363.035019,2.94097,2.383077,-1.864177,2.274694,0.538396,2.328885
179,5.966667,1,552.557468,362.553694,443.455696,363.034335,498.006582,362.794014,2.941655,2.375154,-1.868084,2.148437,0.536786,2.261796
180,6.0,1,552.437353,362.208177,443.529921,363.034533,497.983637,362.621355,2.947946,2.354335,-1.850206,2.190512,0.54887,2.272424
181,6.033333,1,552.540226,362.023324,443.616438,362.889463,498.078332,362.456394,2.940879,2.268822,-1.845019,2.171791,0.54793,2.220306
182,6.066667,1,553.040876,361.89107,443.897543,362.817966,498.46921,362.354518,2.909854,2.333439,-1.865804,2.137894,0.522025,2.235667
183,6.1,1,554.408379,361.458569,444.414854,362.687214,499.411616,362.072892,2.93953,2.48183,-1.887628,2.098762,0.525951,2.290296
184,6.133333,1,555.344934,361.438764,445.132542,362.825804,500.238738,362.132284,2.953571,2.295243,-1.872393,2.127857,0.540589,2.21155
185,6.166667,1,556.13492,361.799746,446.172981,362.646246,501.153951,362.222996,2.909318,2.507921,-1.896773,1.802447,0.506273,2.155184
186,6.2,1,556.797123,361.361639,446.766195,362.510832,501.781659,361.936236,2.91919,2.420505,-1.901886,1.693922,0.508652,2.057213
187,6.233333,1,558.047523,361.037672,447.614651,362.116236,502.831087,361.576954,2.931779,2.294901,-1.908201,1.803383,0.511789,2.049142
188,6.266667,1,557.663012,360.932717,447.576246,362.093952,502.619629,361.513335,2.91894,2.614647,-1.893769,1.665343,0.512585,2.139995
189,6.3,1,558.679924,360.833534,448.414402,361.650267,503.547163,361.2419,2.929118,2.556529,-1.874387,1.710202,0.527366,2.133366
190,6.333333,1,559.081545,360.733697,449.260559,361.099228,504.171052,360.916463,2.945332,2.556958,-1.85231,1.765529,0.546511,2.161243
191,6.366667,1,559.314556,360.857282,449.332561,361.15195,504.323559,361.004616,2.941865,2.530132,-1.858632,1.69023,0.541617,2.110181
192,6.4,1,559.273071,361.110772,449.136648,361.334163,504.20486,361.222468,2.924894,2.63391,-1.869057,1.655465,0.527919,2.144688
193,6.433333,1,559.338188,361.156864,449.085398,361.224643,504.211793,361.190753,2.92074,2.646602,-1.872084,1.7446,0.524328,2.195601
194,6.466667,1,558.888302,361.191791,448.92746,361.37387,503.907881,361.282831,2.912098,2.617101,-1.859169,1.774108,0.526465,2.195604
195,6.5,1,558.425074,361.281624,448.668137,361.709501,503.546605,361.495562,2.914501,2.528869,-1.84875,1.768545,0.532876,2.148707
196,6.533333,1,557.771358,360.944159,448.195896,361.565439,502.983627,361.254799,2.915377,2.565431,-1.848552,1.669966,0.533412,2.117698
197,6.566667,1,557.187986,360.642051,447.782202,361.496319,502.485094,361.069185,2.910665,2.465345,-1.844837,1.585681,0.532914,2.025513
198,6.6,1,556.913376,360.497909,447.592525,361.648818,502.252951,361.073364,2.931021,2.472262,-1.848851,1.575123,0.541085,2.023692
199,6.633333,1,556.996498,360.423124,447.660246,361.628793,502.328372,361.025958,2.929698,2.410029,-1.85481,1.658426,0.537444,2.034227
200,6.666667,1,556.870747,359.923852,447.575731,361.42678,502.223239,360.675316,2.928038,2.360445,-1.858687,1.816377,0.534675,2.088411
201,6.7,1,556.728153,359.457271,447.461071,361.257779,502.094612,360.357525,2.935916,2.345136,-1.853173,1.795137,0.541372,2.070137
202,6.733333,1,556.451225,359.062074,447.463541,360.961465,501.957383,360.01177,2.915108,2.257219,-1.858343,1.748659,0.528382,2.002939
203,6.766667,1,556.116753,358.767525,447.367716,360.282796,501.742234,359.52516,2.910022,2.176956,-1.849327,1.698968,0.530347,1.937962
204,6.8,1,555.694895,358.476897,446.843338,360.098711,501.269116,359.287804,2.935114,2.220263,-1.83791,1.661824,0.548602,1.941043
205,6.833333,1,555.545368,358.283536,446.773043,359.877976,501.159205,359.080756,2.923532,2.100592,-1.83871,1.630219,0.542411,1.865406
206,6.866667,1,555.466356,358.274401,446.572971,359.73525,501.019664,359.004825,2.909833,2.201808,-1.836831,1.622597,0.536501,1.912202
207,6.9,1,555.280008,358.032369,446.597862,359.360352,500.938935,358.696361,2.894908,2.241426,-1.822443,1.627115,0.536232,1.934271
208,6.933333,1,555.685749,358.097906,446.692648,359.108804,501.189198,358.603355,2.90351,2.180939,-1.831072,1.704971,0.536219,1.942955
209,6.966667,1,555.948515,358.276273,446.72842,359.083607,501.338468,358.67994,2.90712,2.170732,-1.833774,1.664633,0.536673,1.917682
210,7.0,1,556.739359,358.332996,447.062302,358.852401,501.90083,358.592699,2.921116,2.061245,-1.84037,1.76827,0.540373,1.914757
211,7.033333,1,556.679497,358.340507,447.202311,358.810591,501.940904,358.575549,2.922474,2.068309,-1.850869,1.678673,0.535802,1.873491
212,7.066667,1,556.647968,358.613722,447.268095,358.827783,501.958032,358.720753,2.921112,2.121606,-1.853329,1.667821,0.533891,1.894714
213,7.1,1,556.50836,358.539725,447.417336,358.9586,501.962848,358.749163,2.919335,2.303251,-1.840872,1.728122,0.539232,2.015687
214,7.133333,1,556.409044,358.742924,447.317085,359.040633,501.863065,358.891778,2.923932,2.264165,-1.840606,1.706265,0.541663,1.985215
215,7.166667,1,556.335926,359.107956,447.135649,359.184458,501.735787,359.146207,2.908971,2.341166,-1.833894,1.679577,0.537538,2.010372
216,7.2,1,556.368103,359.117682,447.134628,359.601542,501.751366,359.359612,2.917178,2.205896,-1.846456,1.740023,0.535361,1.97296
217,7.233333,1,556.454592,359.341958,447.19676,359.496801,501.825676,359.41938,2.915158,2.254172,-1.860896,1.6849,0.527131,1.969536
218,7.266667,1,556.421366,359.298436,447.102375,359.536541,501.76187,359.417489,2.912539,2.255593,-1.85343,1.716244,0.529554,1.985919
219,7.3,1,556.415482,359.374611,447.106495,359.416727,501.760988,359.395669,2.912164,2.344636,-1.847867,1.67484,0.532148,2.009738
220,7.333333,1,556.088114,359.466117,446.834202,359.691047,501.461158,359.578582,2.901764,2.292845,-1.853621,1.658833,0.524072,1.975839
221,7.366667,1,555.533895,359.860804,446.434441,360.002779,500.984168,359.931791,2.908614,2.353558,-1.846127,1.607954,0.531243,1.980756
222,7.4,1,555.093937,359.93699,446.134911,360.466892,500.614424,360.201941,2.904628,2.246339,-1.856894,1.614569,0.523867,1.930454
223,7.433333,1,554.639359,359.939446,445.601473,360.636027,500.120416,360.287737,2.899281,2.142784,-1.85908,1.583822,0.5201,1.863303
224,7.466667,1,554.058323,360.05645,445.183105,360.881508,499.620714,360.468979,2.908952,2.222894,-1.832926,1.581139,0.538013,1.902016
225,7.5,1,553.807793,360.129637,444.831009,361.098552,499.319401,360.614094,2.907151,2.245417,-1.8288,1.647061,0.539175,1.946239
226,7.533333,1,553.798923,360.628527,444.800224,361.544834,499.299574,361.086681,2.907382,2.187149,-1.823017,1.643335,0.542182,1.915242
227,7.566667,1,553.789721,361.201211,444.724913,362.050758,499.257317,361.625985,2.91022,2.240884,-1.826894,1.645843,0.541663,1.943364
228,7.6,1,553.768311,361.443216,444.445343,362.318362,499.106827,361.880789,2.908398,2.144364,-1.832798,1.684739,0.5378,1.914551
229,7.633333,1,553.42947,361.233677,444.204683,362.355516,498.817077,361.794596,2.890573,2.201001,-1.834005,1.757563,0.528284,1.979282
230,7.666667,1,553.316927,361.291988,443.988199,362.398431,498.652563,361.84521,2.894801,2.035402,-1.85251,1.731768,0.521145,1.883585
231,7.7,1,553.275681,361.287053,443.919382,362.604607,498.597531,361.94583,2.905987,2.185829,-1.844626,1.739607,0.530681,1.962718
232,7.733333,1,553.298388,361.323976,443.997002,362.539129,498.647695,361.931553,2.907513,2.164047,-1.842624,1.779336,0.532445,1.971691
233,7.766667,1,553.376102,361.35517,444.259758,362.578923,498.81793,361.967046,2.909577,2.116171,-1.841281,1.828259,0.534148,1.972215
234,7.8,1,553.659592,361.569183,444.359922,362.822274,499.009757,362.195729,2.926375,2.139271,-1.844615,1.881694,0.54088,2.010482
235,7.833333,1,553.789673,361.695725,444.615192,362.994477,499.202433,362.345101,2.913783,2.250028,-1.849181,1.798439,0.532301,2.024233
236,7.866667,1,554.284649,361.845676,445.243158,363.060497,499.763904,362.453087,2.897068,2.273035,-1.842762,1.791557,0.527153,2.032296
237,7.9,1,554.661226,361.84625,445.235415,362.937539,499.94832,362.391895,2.898534,2.414695,-1.840898,1.801511,0.528818,2.108103
238,7.933333,1,554.930916,361.890469,445.303392,363.049511,500.117154,362.46999,2.895169,2.456765,-1.853609,1.806159,0.52078,2.131462
239,7.966667,1,554.959297,362.001716,445.383692,362.926049,500.171494,362.463883,2.902301,2.48266,-1.861087,1.808989,0.520607,2.145825
240,8.0,1,555.130367,361.999785,445.742874,363.03772,500.436621,362.518753,2.90649,2.422395,-1.849009,1.787129,0.52874,2.104762
241,8.033333,1,555.374832,362.062828,445.80658,363.007384,500.590706,362.535106,2.909316,2.404245,-1.842576,1.809764,0.53337,2.107004
242,8.066667,1,555.546684,362.235922,446.053247,363.097866,500.799966,362.666894,2.91094,2.309977,-1.840758,1.836709,0.535091,2.073343
243,8.1,1,555.60317,362.239913,446.321192,363.157132,500.962181,362.698522,2.905216,2.280115,-1.843261,1.857797,0.530978,2.068956
244,8.133333,1,555.419216,362.288622,446.289377,363.270267,500.854297,362.779444,2.90058,2.24163,-1.853436,1.867016,0.523572,2.054323
245,8.166667,1,555.162106,362.344846,446.24485,363.330821,500.703478,362.837833,2.890795,2.232571,-1.854361,1.79135,0.518217,2.01196
246,8.2,1,554.739275,362.341059,445.98177,363.393692,500.360522,362.867375,2.882046,2.283103,-1.852127,1.788989,0.514959,2.036046
247,8.233333,1,554.451628,362.327637,445.814075,363.432632,500.132852,362.880135,2.889841,2.230336,-1.846759,1.746237,0.521541,1.988286
248,8.266667,1,554.073257,362.264627,445.559464,363.593624,499.81636,362.929125,2.883936,2.20942,-1.848135,1.714519,0.5179,1.961969
249,8.3,1,553.863478,362.479418,445.262785,363.79929,499.563131,363.139354,2.873113,2.209392,-1.847453,1.772168,0.51283,1.99078
250,8.333333,1,553.416767,362.336381,444.959297,363.762812,499.188032,363.049597,2.871901,2.262617,-1.853434,1.770075,0.509233,2.016346
251,8.366667,1,553.277617,362.596663,444.220495,363.721672,498.749056,363.159167,2.894586,2.243884,-1.829308,1.70132,0.532639,1.972602
252,8.4,1,552.770081,362.604629,443.844347,363.789414,498.307214,363.197021,2.90193,2.191659,-1.832958,1.693057,0.534486,1.942358
253,8.433333,1,552.592354,362.539033,443.660631,363.985505,498.126493,363.262269,2.905122,2.1214,-1.827477,1.696207,0.538822,1.908803
254,8.466667,1,552.430248,362.576787,443.60652,363.990934,498.018384,363.283861,2.900001,2.126497,-1.836122,1.698066,0.53194,1.912282
255,8.5,1,552.437105,362.516341,443.498535,363.914405,497.96782,363.215373,2.906098,2.169661,-1.836322,1.688444,0.534888,1.929052
256,8.533333,1,552.726917,362.526904,443.595514,363.897207,498.161216,363.212055,2.894928,2.19256,-1.829333,1.691671,0.532798,1.942115
257,8.566667,1,552.921762,362.573065,443.82925,363.845773,498.375506,363.209419,2.903018,2.153166,-1.828937,1.710439,0.537041,1.931803
258,8.6,1,553.185511,362.548023,443.924437,363.775064,498.554974,363.161544,2.897663,2.206469,-1.833538,1.717052,0.532062,1.961761
259,8.633333,1,553.340921,362.546693,444.059715,363.805931,498.700318,363.176312,2.903715,2.149442,-1.840537,1.802244,0.531589,1.975843
260,8.666667,1,553.324699,362.537241,444.139252,363.854989,498.731976,363.196115,2.899031,2.145352,-1.838385,1.781455,0.530323,1.963404
261,8.7,1,553.347921,362.511873,444.134007,363.851362,498.740964,363.181618,2.900397,2.159087,-1.844425,1.724526,0.527986,1.941806
262,8.733333,1,553.371439,362.506562,444.110804,363.879397,498.741121,363.192979,2.89925,2.182557,-1.845855,1.753741,0.526697,1.968149
263,8.766667,1,553.309946,362.458819,444.228277,363.928331,498.769112,363.193575,2.903021,2.114763,-1.841079,1.759922,0.530971,1.937342
264,8.8,1,553.301983,362.474874,444.123125,363.909137,498.712554,363.192006,2.901664,2.133919,-1.842621,1.736516,0.529521,1.935217
265,8.833333,1,553.352184,362.532703,444.120331,363.857076,498.736258,363.194889,2.892572,2.163494,-1.851213,1.730128,0.52068,1.946811
266,8.866667,1,553.234015,362.461705,444.162617,363.889246,498.698316,363.175475,2.904465,2.135118,-1.839986,1.749488,0.532239,1.942303
267,8.9,1,553.291512,362.493843,444.151831,363.794419,498.721671,363.144131,2.897432,2.122106,-1.842853,1.724219,0.52729,1.923162
268,8.933333,1,553.226271,362.515107,443.963356,363.775198,498.594813,363.145153,2.908988,2.139492,-1.845152,1.680968,0.531918,1.91023
269,8.966667,1,553.21537,362.547546,444.055395,363.872144,498.635383,363.209845,2.90193,2.093418,-1.843845,1.738629,0.529042,1.916023
270,9.0,1,553.224955,362.521319,444.060879,363.858873,498.642917,363.190096,2.89927,2.10926,-1.849724,1.734993,0.524773,1.922126
271,9.033333,1,553.203182,362.482138,444.01495,363.825603,498.609066,363.15387,2.902085,2.133081,-1.848408,1.725037,0.526838,1.929059
272,9.066667,1,553.251324,362.569106,444.015417,363.947128,498.63337,363.258117,2.905693,2.089546,-1.852612,1.700976,0.526541,1.895261
273,9.1,1,553.525257,362.582839,444.232683,363.922892,498.87897,363.252865,2.90641,2.090909,-1.849953,1.709064,0.528229,1.899986
274,9.133333,1,553.729439,362.619655,444.416819,363.959069,499.073129,363.289362,2.903646,2.116088,-1.8493,1.658486,0.527173,1.887287
275,9.166667,1,553.792639,362.707416,444.567165,364.070145,499.179902,363.388781,2.906204,2.09317,-1.846461,1.681678,0.529872,1.887424
276,9.2,1,554.119806,362.766661,444.741888,364.028345,499.430847,363.397503,2.895725,2.106212,-1.844132,1.739277,0.525796,1.922744
277,9.233333,1,554.317484,362.808434,445.008202,363.926228,499.662843,363.367331,2.888144,2.115237,-1.836929,1.637702,0.525607,1.87647
278,9.266667,1,554.301786,362.869851,445.252151,363.858781,499.776969,363.364316,2.88542,2.180542,-1.838262,1.662208,0.523579,1.921375
279,9.3,1,554.217787,362.832021,445.327473,363.809917,499.77263,363.320969,2.880197,2.17101,-1.836691,1.726461,0.521753,1.948736
280,9.333333,1,554.147139,362.757633,445.273266,363.823516,499.710202,363.290574,2.882899,2.230243,-1.832558,1.741926,0.525171,1.986084
281,9.366667,1,554.130344,362.663584,445.261831,363.82431,499.696088,363.243947,2.882441,2.239081,-1.835947,1.764495,0.523247,2.001788
282,9.4,1,554.178944,362.640259,445.249577,363.848042,499.71426,363.244151,2.885788,2.200616,-1.836364,1.754711,0.524712,1.977664
283,9.433333,1,554.192171,362.605176,445.221729,363.860439,499.70695,363.232808,2.88369,2.253536,-1.83233,1.765772,0.52568,2.009654
284,9.466667,1,554.385691,362.715141,445.26968,363.88519,499.827685,363.300166,2.890953,2.275032,-1.830604,1.742934,0.530174,2.008983
285,9.5,1,554.513226,362.82376,445.217915,363.804107,499.86557,363.313934,2.891999,2.320694,-1.821066,1.700299,0.535466,2.010497
286,9.533333,1,554.520531,362.813616,445.188951,363.761219,499.854741,363.287417,2.895971,2.322993,-1.819648,1.69792,0.538162,2.010457
287,9.566667,1,554.539843,362.780163,445.272694,363.807417,499.906268,363.29379,2.892021,2.269233,-1.822045,1.766533,0.534988,2.017883
288,9.6,1,554.313784,362.799003,444.923811,364.103984,499.618797,363.451493,2.893399,2.290435,-1.832548,1.763557,0.530425,2.026996
289,9.633333,1,554.127531,362.841892,444.890718,363.991047,499.509125,363.416469,2.890149,2.282561,-1.835295,1.769373,0.527427,2.025967
290,9.666667,1,554.062386,362.859954,444.895868,364.076818,499.479127,363.468386,2.88772,2.254042,-1.833583,1.756527,0.527069,2.005285
291,9.7,1,553.949738,362.815311,444.884272,364.010391,499.417005,363.412851,2.887935,2.326085,-1.825729,1.765663,0.531103,2.045874
292,9.733333,1,554.208708,362.76547,444.940557,363.947332,499.574633,363.356401,2.894184,2.353661,-1.826406,1.779732,0.533889,2.066696
293,9.766667,1,554.328089,362.743616,444.998713,364.07214,499.663401,363.407878,2.891969,2.310177,-1.819168,1.769275,0.5364,2.039726
294,9.8,1,554.404116,362.783082,445.028524,364.013405,499.71632,363.398243,2.898975,2.343003,-1.822405,1.784735,0.538285,2.063869
295,9.833333,1,554.33794,362.774445,445.144272,363.858862,499.741106,363.316653,2.889124,2.340703,-1.828808,1.804377,0.530158,2.07254
296,9.866667,1,554.197865,362.633779,445.026484,363.831278,499.612174,363.232529,2.895196,2.352654,-1.828821,1.794698,0.533188,2.073676
297,9.9,1,554.25951,362.601078,444.926405,363.778653,499.592957,363.189865,2.901677,2.289541,-1.817178,1.74822,0.542249,2.018881
298,9.933333,1,554.32663,362.604833,445.079002,363.680822,499.702816,363.142827,2.908332,2.31518,-1.825515,1.727302,0.541408,2.021241
299,9.966667,1,554.424772,362.570082,445.124607,363.543992,499.77469,363.057037,2.905835,2.355546,-1.829018,1.771937,0.538409,2.063741
300,10.0,1,554.731026,362.418618,445.330591,363.443205,500.030808,362.930911,2.895243,2.382789,-1.825761,1.784149,0.534741,2.083469
301,10.033333,1,554.792366,362.390996,445.330925,363.327742,500.061646,362.859369,2.891805,2.310328,-1.81813,1.718303,0.536838,2.014316
302,10.066667,1,554.811859,362.40548,445.355539,363.344591,500.083699,362.875036,2.889382,2.261403,-1.812459,1.710063,0.538461,1.985733
303,10.1,1,554.708138,362.384967,445.301113,363.343234,500.004625,362.8641,2.883788,2.281585,-1.820949,1.704925,0.53142,1.993255
304,10.133333,1,554.81225,362.239918,445.267572,363.361859,500.039911,362.800889,2.891316,2.348216,-1.824323,1.71757,0.533496,2.032893
305,10.166667,1,554.892015,362.242788,445.405025,363.345112,500.14852,362.79395,2.887373,2.398487,-1.831103,1.742755,0.528135,2.070621
306,10.2,1,554.937449,362.246763,445.422764,363.328428,500.180106,362.787596,2.885994,2.393653,-1.830174,1.750809,0.52791,2.072231
307,10.233333,1,554.962521,362.120436,445.468349,363.344007,500.215435,362.732221,2.886137,2.380016,-1.832693,1.769882,0.526722,2.074949
308,10.266667,1,555.031471,362.165245,445.453548,363.30748,500.24251,362.736363,2.882708,2.437305,-1.835399,1.790034,0.523654,2.113669
309,10.3,1,554.905729,362.168534,445.403166,363.335863,500.154448,362.752199,2.885155,2.450586,-1.830955,1.779961,0.5271,2.115274
310,10.333333,1,554.876413,362.184976,445.499363,363.359724,500.187888,362.77235,2.879762,2.402913,-1.825484,1.757627,0.527139,2.08027
311,10.366667,1,554.738197,362.09141,445.437136,363.309814,500.087667,362.700612,2.881043,2.370978,-1.832563,1.766076,0.52424,2.068527
312,10.4,1,554.544239,361.963463,445.374241,363.30321,499.95924,362.633336,2.876981,2.326206,-1.826788,1.755974,0.525097,2.04109
313,10.433333,1,554.614792,361.963323,445.172338,363.337955,499.893565,362.650639,2.886218,2.336466,-1.832947,1.767505,0.526636,2.051985
314,10.466667,1,554.61729,361.932419,445.311823,363.33603,499.964557,362.634224,2.880856,2.305852,-1.832526,1.748136,0.524165,2.026994
315,10.5,1,554.499321,361.902126,445.27669,363.375426,499.888005,362.638776,2.896846,2.309934,-1.829175,1.776549,0.533836,2.043242
316,10.533333,1,554.577904,361.93942,445.28553,363.338031,499.931717,362.638725,2.892807,2.338765,-1.833322,1.75392,0.529743,2.046342
317,10.566667,1,554.698257,362.048065,445.338955,363.274312,500.018606,362.661189,2.892296,2.432509,-1.831771,1.742887,0.530263,2.087698
318,10.6,1,554.86187,362.001904,445.273142,363.244046,500.067506,362.622975,2.896044,2.419977,-1.828216,1.768705,0.533914,2.094341
319,10.633333,1,554.883327,362.079152,445.355816,363.340369,500.119572,362.709761,2.896292,2.404553,-1.820309,1.765524,0.537992,2.085038
320,10.666667,1,554.81246,362.143648,445.350208,363.270814,500.081334,362.707231,2.890391,2.397292,-1.821478,1.732631,0.534456,2.064962
321,10.7,1,554.858036,362.157735,445.326118,363.352981,500.092077,362.755358,2.897101,2.378192,-1.816122,1.736151,0.54049,2.057172
322,10.733333,1,554.714832,362.136288,445.308952,363.331422,500.011892,362.733855,2.889607,2.358221,-1.817846,1.742701,0.53588,2.050461
323,10.766667,1,554.561176,362.202753,445.238008,363.401159,499.899592,362.801956,2.896058,2.317658,-1.819254,1.772632,0.538402,2.045145
324,10.8,1,554.25066,362.026607,445.098543,363.364654,499.674602,362.695631,2.887781,2.333549,-1.823286,1.788744,0.532247,2.061147
325,10.833333,1,553.99169,361.951157,445.031071,363.437213,499.51138,362.694185,2.894731,2.352806,-1.826474,1.740002,0.534129,2.046404
326,10.866667,1,554.020452,361.985806,444.905062,363.430073,499.462757,362.707939,2.90057,2.312857,-1.832284,1.772329,0.534143,2.042593
327,10.9,1,554.100933,361.960765,444.861107,363.413642,499.48102,362.687203,2.91126,2.264246,-1.828072,1.774519,0.541594,2.019382
328,10.933333,1,554.091387,361.995462,444.827576,363.37144,499.459481,362.683451,2.906267,2.253194,-1.829071,1.766176,0.538598,2.009685
329,10.966667,1,554.25313,362.02458,444.899302,363.306788,499.576216,362.665684,2.905946,2.304213,-1.829919,1.790023,0.538013,2.047118
330,11.0,1,554.637842,362.124878,445.139256,363.409029,499.888549,362.766953,2.898219,2.31561,-1.830681,1.794133,0.533769,2.054871
331,11.033333,1,554.979668,362.193999,445.416079,363.413857,500.197873,362.803928,2.894804,2.311239,-1.828098,1.784089,0.533353,2.047664
332,11.066667,1,555.320024,362.177702,445.558014,363.26022,500.439019,362.718961,2.905907,2.370985,-1.829413,1.779202,0.538247,2.075094
333,11.1,1,555.39094,362.186902,445.890532,363.065529,500.640736,362.626215,2.886817,2.343677,-1.831841,1.732459,0.527488,2.038068
334,11.133333,1,555.406466,362.281337,445.854378,363.041357,500.630422,362.661347,2.89587,2.319533,-1.831619,1.72673,0.532125,2.023131
335,11.166667,1,555.410128,362.194605,445.905228,363.073586,500.657678,362.634096,2.897441,2.277206,-1.834074,1.707583,0.531684,1.992395
336,11.2,1,555.242224,362.295821,445.81378,363.285502,500.528002,362.790661,2.890827,2.28582,-1.83033,1.712706,0.530249,1.999263
337,11.233333,1,555.067844,362.249504,445.587778,363.363227,500.327811,362.806366,2.897594,2.293105,-1.831019,1.750417,0.533288,2.021761
338,11.266667,1,554.861403,362.229173,445.416012,363.350095,500.138707,362.789634,2.887952,2.289995,-1.850443,1.787049,0.518755,2.038522
339,11.3,1,554.832916,362.234044,445.413952,363.390688,500.123434,362.812366,2.897676,2.328476,-1.847624,1.745671,0.525026,2.037074
340,11.333333,1,554.828835,362.225043,445.502729,363.432959,500.165782,362.829001,2.896234,2.325762,-1.843509,1.733107,0.526362,2.029434
341,11.366667,1,554.911718,362.232167,445.659323,363.422611,500.285521,362.827389,2.898715,2.377882,-1.839396,1.764859,0.529659,2.071371
342,11.4,1,555.238123,362.2819,445.817986,363.354183,500.528054,362.818041,2.899898,2.343562,-1.843914,1.759993,0.527992,2.051777
343,11.433333,1,555.344801,362.37412,445.977497,363.297025,500.661149,362.835572,2.897133,2.277041,-1.83156,1.741964,0.532787,2.009502
344,11.466667,1,555.378933,362.176886,446.146259,363.147116,500.762596,362.662001,2.896387,2.290346,-1.826706,1.704546,0.534841,1.997446
345,11.5,1,555.642166,362.054626,446.365194,363.012035,501.00368,362.53333,2.886741,2.268905,-1.828368,1.693625,0.529187,1.981265
346,11.533333,1,555.655041,362.094612,446.409855,363.064987,501.032448,362.5798,2.890428,2.300871,-1.822935,1.655173,0.533747,1.978022
347,11.566667,1,555.757513,362.047695,446.406441,362.940828,501.081977,362.494261,2.896239,2.266689,-1.829665,1.663689,0.533287,1.965189
348,11.6,1,555.30427,362.059363,446.501141,362.921516,500.902705,362.490439,2.884347,2.153277,-1.81771,1.584612,0.533318,1.868944
349,11.633333,1,555.086355,362.004393,446.045609,362.891046,500.565982,362.44772,2.895528,2.125229,-1.811016,1.522498,0.542256,1.823863
350,11.666667,1,554.752369,361.864554,445.973492,363.009943,500.36293,362.437248,2.893113,2.150194,-1.814737,1.544717,0.539188,1.847456
351,11.7,1,554.460268,361.970946,445.469465,362.931295,499.964867,362.451121,2.896868,2.175123,-1.831375,1.527979,0.532746,1.851551
352,11.733333,1,554.207439,361.864774,445.397797,363.010125,499.802618,362.437449,2.891599,2.090019,-1.813091,1.549414,0.539254,1.819716
353,11.766667,1,554.057341,361.584907,445.182152,362.890397,499.619746,362.237652,2.900784,2.10758,-1.82372,1.584077,0.538532,1.845828
354,11.8,1,553.634596,361.055374,444.939356,362.686978,499.286976,361.871176,2.876596,2.191727,-1.850174,1.816186,0.513211,2.003956
355,11.833333,1,553.185539,360.326044,444.766531,362.613373,498.976035,361.469708,2.890083,2.121556,-1.905857,2.567331,0.492113,2.344444
356,11.866667,1,552.334394,360.111918,444.557219,362.576246,498.445807,361.344082,2.89737,2.257249,-2.004002,3.903661,0.446684,3.080455
357,11.9,1,550.686493,359.922945,444.392843,362.425157,497.539668,361.174051,2.86979,2.274935,-2.013645,4.791181,0.428073,3.533058
358,11.933333,1,550.863733,360.149952,444.484777,362.42314,497.674255,361.286546,2.871861,2.338753,-1.993494,5.116247,0.439184,3.7275
359,11.966667,1,550.510921,359.80554,444.560432,362.259573,497.535677,361.032557,2.85761,2.249094,-1.989359,5.253532,0.434125,3.751313
360,12.0,1,551.659527,359.547238,444.6982,362.271482,498.178864,360.90936,2.889316,2.213975,-1.973968,4.984285,0.457674,3.59913
361,12.033333,1,552.531166,359.231831,444.139404,362.578188,498.335285,360.90501,2.920155,2.223479,-1.986718,4.535098,0.466719,3.379288
362,12.066667,1,551.954832,360.112723,443.524961,362.826737,497.739897,361.46973,2.912293,2.271374,-1.920104,2.851769,0.496095,2.561572
363,12.1,1,552.106085,361.160715,443.367481,362.740965,497.736783,361.95084,2.915422,2.284241,-1.862551,1.975467,0.526436,2.129854
364,12.133333,1,551.844044,361.513281,442.99448,363.182403,497.419262,362.347842,2.895172,2.28345,-1.844989,1.721618,0.525092,2.002534
365,12.166667,1,551.715527,361.872767,442.788677,363.234015,497.252102,362.553391,2.888974,2.253665,-1.838055,1.577879,0.525459,1.915772
366,12.2,1,551.61624,361.947477,442.536573,363.598639,497.076406,362.773058,2.901579,2.154816,-1.830383,1.606214,0.535598,1.880515
367,12.233333,1,551.553259,362.073863,442.574768,363.822191,497.064013,362.948027,2.906299,2.082587,-1.830851,1.520834,0.537724,1.801711
368,12.266667,1,551.436234,362.089301,442.565012,363.825458,497.000623,362.95738,2.910854,2.124673,-1.832348,1.526825,0.539253,1.825749
369,12.3,1,551.526423,362.010997,442.636051,363.930268,497.081237,362.970632,2.904223,2.153965,-1.827696,1.578506,0.538263,1.866235
370,12.333333,1,551.215019,362.131804,442.294493,363.85765,496.754756,362.994727,2.920955,2.134765,-1.826764,1.514614,0.547096,1.82469
371,12.366667,1,550.831394,362.259278,442.042513,363.652257,496.436954,362.955768,2.89306,2.141907,-1.825347,1.49319,0.533856,1.817548
372,12.4,1,550.192165,362.209947,441.606083,363.598607,495.899124,362.904277,2.92649,1.957341,-1.809014,1.472034,0.558738,1.714687
373,12.433333,1,549.653749,362.23906,440.883961,363.825753,495.268855,363.032406,2.927028,1.849124,-1.81037,1.464146,0.558329,1.656635
374,12.466667,1,549.183388,362.123183,440.537386,364.068632,494.860387,363.095908,2.96439,1.858315,-1.803813,1.506064,0.580288,1.682189
375,12.5,1,549.043856,362.197824,440.328789,363.952471,494.686322,363.075147,2.954729,1.869065,-1.804983,1.509173,0.574873,1.689119
376,12.533333,1,549.176044,362.110255,440.190125,364.09517,494.683084,363.102712,2.934464,1.931522,-1.824501,1.525943,0.554982,1.728733
377,12.566667,1,549.946032,362.233454,440.213404,364.067602,495.079718,363.150528,2.927332,2.071097,-1.837534,1.563297,0.544899,1.817197
378,12.6,1,551.174803,362.588696,441.106024,363.950003,496.140413,363.26935,2.92475,2.178512,-1.825022,1.569321,0.549864,1.873917
379,12.633333,1,552.634687,362.661631,442.542906,363.81269,497.588797,363.237161,2.900918,2.234334,-1.837856,1.726339,0.531531,1.980336
380,12.666667,1,554.080944,363.117065,444.163666,363.499162,499.122305,363.308113,2.928622,2.200905,-1.851315,1.62602,0.538654,1.913462
381,12.7,1,556.07933,364.218096,446.721478,364.227553,501.400404,364.222824,2.931908,2.205509,-1.842794,1.727641,0.544557,1.966575
382,12.733333,1,558.302851,364.718446,448.890066,363.721946,503.596458,364.220196,2.905299,1.976747,-1.816637,1.620839,0.544331,1.798793
383,12.766667,1,560.534916,365.660727,450.635214,363.965308,505.585065,364.813018,2.964188,1.946725,-1.825583,1.729327,0.569303,1.838026
384,12.8,1,562.847033,366.357055,452.725124,364.281197,507.786078,365.319126,2.989819,1.920255,-1.820374,1.610725,0.584722,1.76549
385,12.833333,1,564.38942,366.647356,453.727217,364.472766,509.058318,365.560061,2.961685,1.854494,-1.831192,1.783547,0.565247,1.819021
386,12.866667,1,565.533304,367.221681,455.067234,364.145241,510.300269,365.683461,2.94342,1.964951,-1.829265,1.706092,0.557078,1.835522
387,12.9,1,566.344442,367.417198,456.095657,364.536715,511.22005,365.976957,2.954281,1.85758,-1.814217,1.758693,0.570032,1.808136
388,12.933333,1,566.745129,367.471476,456.657534,364.531678,511.701331,366.001577,2.948801,1.863097,-1.814494,1.767662,0.567153,1.815379
389,12.966667,1,567.268429,367.572252,457.277231,364.431551,512.27283,366.001901,2.973705,1.814035,-1.803456,1.697008,0.585125,1.755521
390,13.0,1,567.352648,367.613525,457.392435,364.591046,512.372541,366.102286,2.982663,1.86414,-1.793237,1.752681,0.594713,1.80841
391,13.033333,1,567.425222,367.543568,457.346983,364.511116,512.386103,366.027342,2.979085,1.836244,-1.800991,1.756007,0.589047,1.796126
392,13.066667,1,567.095175,367.60851,457.326288,364.742564,512.210732,366.175537,2.971309,1.802948,-1.782775,1.756339,0.594267,1.779644
393,13.1,1,566.895447,367.608536,457.012615,364.870044,511.954031,366.23929,2.969859,1.914036,-1.790025,1.774213,0.589917,1.844125
394,13.133333,1,566.521749,367.853969,456.733503,364.782336,511.627626,366.318153,2.952294,1.864785,-1.786935,1.767733,0.58268,1.816259
395,13.166667,1,566.184473,367.929377,456.41593,364.651691,511.300201,366.290534,2.959657,1.937442,-1.786384,1.700968,0.586637,1.819205
396,13.2,1,565.505934,367.78899,456.14275,364.785544,510.824342,366.287267,2.96589,1.884884,-1.786662,1.709642,0.589614,1.797263
397,13.233333,1,564.863729,367.876516,455.179796,365.191029,510.021763,366.533773,2.950716,1.922989,-1.796718,1.728031,0.576999,1.82551
398,13.266667,1,564.266138,367.960217,454.672279,365.179952,509.469209,366.570084,2.953611,2.071739,-1.771541,1.67227,0.591035,1.872004
399,13.3,1,563.724661,367.910682,454.09893,365.227835,508.911796,366.569258,2.958085,1.999221,-1.779256,1.667969,0.589415,1.833595
400,13.333333,1,563.346758,367.865031,453.60899,365.426044,508.477874,366.645538,2.953203,2.002822,-1.764838,1.687577,0.594183,1.845199
401,13.366667,1,562.943077,367.85899,453.057299,365.687635,508.000188,366.773313,2.968748,2.019489,-1.768418,1.673782,0.600165,1.846636
402,13.4,1,562.794733,367.535189,452.733097,365.556512,507.763915,366.545851,2.960665,1.976322,-1.771537,1.674435,0.594564,1.825378
403,13.433333,1,562.691212,367.298006,452.627373,365.535055,507.659292,366.416531,2.974621,1.992399,-1.768802,1.704692,0.60291,1.848546
404,13.466667,1,562.662172,367.332355,452.468462,365.52394,507.565317,366.428147,2.978888,1.956828,-1.77842,1.652354,0.600234,1.804591
405,13.5,1,562.664013,367.339205,452.363186,365.703068,507.513599,366.521137,2.974799,1.945928,-1.786444,1.668417,0.594178,1.807172
406,13.533333,1,562.650909,367.427627,452.066956,365.7516,507.358932,366.589614,2.95729,1.973897,-1.785279,1.72869,0.586006,1.851294
407,13.566667,1,562.658768,367.410316,451.712017,365.891236,507.185392,366.650776,2.934947,1.948708,-1.794033,1.74231,0.570457,1.845509
408,13.6,1,562.311373,367.558562,451.646509,365.650363,506.978941,366.604462,2.942606,2.052539,-1.78743,1.709469,0.577588,1.881004
409,13.633333,1,562.036772,367.688515,451.379328,365.776561,506.70805,366.732538,2.966311,2.000051,-1.779249,1.719523,0.593531,1.859787
410,13.666667,1,561.912861,367.872654,451.171093,365.71362,506.541977,366.793137,2.954764,1.991446,-1.780885,1.697018,0.58694,1.844232
411,13.7,1,561.968584,367.931947,450.836296,365.910172,506.40244,366.921059,2.930845,2.011901,-1.789684,1.736087,0.57058,1.873994
412,13.733333,1,561.731796,367.976348,450.84259,365.860047,506.287193,366.918198,2.936362,2.010141,-1.779753,1.727895,0.578305,1.869018
413,13.766667,1,561.631975,368.039567,450.909281,365.882535,506.270628,366.961051,2.947688,1.984584,-1.776858,1.726223,0.585415,1.855403
414,13.8,1,561.483536,367.980237,450.902414,365.93008,506.192975,366.955158,2.944056,1.993332,-1.773327,1.713753,0.585364,1.853542
415,13.833333,1,561.342545,367.958645,450.799179,366.120431,506.070862,367.039538,2.945784,2.000281,-1.771801,1.723168,0.586992,1.861724
416,13.866667,1,561.173973,368.02179,450.541019,366.0276,505.857496,367.024695,2.944999,2.009953,-1.775475,1.602262,0.584762,1.806108
417,13.9,1,560.832224,367.974679,450.594578,365.989383,505.713401,366.982031,2.962951,1.983196,-1.764436,1.561177,0.599258,1.772187
418,13.933333,1,560.776911,367.99007,450.498238,366.016152,505.637574,367.003111,2.955082,1.968035,-1.762396,1.582736,0.596343,1.775386
419,13.966667,1,560.715933,367.942649,450.490446,366.036885,505.603189,366.989767,2.954107,1.97829,-1.764657,1.576136,0.594725,1.777213
420,14.0,1,561.008406,367.996534,450.584574,365.92854,505.79649,366.962537,2.958999,1.983293,-1.772891,1.604951,0.593054,1.794122
421,14.033333,1,561.131821,367.933341,450.687876,365.713422,505.909848,366.823381,2.949407,2.040492,-1.76971,1.612882,0.589849,1.826687
422,14.066667,1,561.333618,368.038559,450.787468,365.936742,506.060543,366.987651,2.97194,1.964369,-1.766261,1.571872,0.602839,1.768121
423,14.1,1,561.308117,367.964171,450.751429,365.770682,506.029773,366.867426,2.953783,2.025081,-1.767659,1.585569,0.593062,1.805325
424,14.133333,1,561.1341,367.98528,450.807495,365.8854,505.970798,366.93534,2.964403,1.997785,-1.766752,1.616252,0.598826,1.807019
425,14.166667,1,560.959539,367.942836,450.695114,365.962368,505.827327,366.952602,2.94977,1.977333,-1.77271,1.613185,0.58853,1.795259
426,14.2,1,560.718346,367.923895,450.76335,366.060521,505.740848,366.992208,2.956607,1.973896,-1.768017,1.618995,0.594295,1.796446
427,14.233333,1,560.679111,368.026848,450.555305,366.060312,505.617208,367.04358,2.947353,1.964911,-1.773631,1.594799,0.586861,1.779855
428,14.266667,1,560.521917,367.915199,450.698299,366.328924,505.610108,367.122062,2.972994,1.986153,-1.750831,1.599984,0.611082,1.793069
429,14.3,1,560.113382,367.942761,450.204754,366.286701,505.159068,367.114731,2.961744,1.93129,-1.7645,1.631071,0.598622,1.781181
430,14.333333,1,559.847994,367.829357,450.032091,366.30163,504.940042,367.065494,2.970886,1.913666,-1.755772,1.612728,0.607557,1.763197
431,14.366667,1,559.697752,367.856094,449.926414,366.547578,504.812083,367.201836,2.96965,1.907552,-1.761495,1.619673,0.604078,1.763613
432,14.4,1,559.714708,367.905827,449.910526,366.551982,504.812617,367.228905,2.970386,1.914645,-1.760057,1.611775,0.605164,1.76321
433,14.433333,1,559.688549,367.797466,449.879751,366.673411,504.78415,367.235439,2.965501,1.911821,-1.768501,1.642994,0.5985,1.777407
434,14.466667,1,559.788914,367.808055,449.81266,366.684279,504.800787,367.246167,2.948983,1.92797,-1.779443,1.655927,0.58477,1.791948
435,14.5,1,559.8172,367.93855,450.047283,366.663562,504.932241,367.301056,2.960491,1.918564,-1.772221,1.602892,0.594135,1.760728
436,14.533333,1,559.986315,368.059974,450.077238,367.06879,505.031776,367.564382,2.947611,1.892963,-1.790294,1.676107,0.578658,1.784535
437,14.566667,1,560.006905,368.155884,450.284033,366.98864,505.145469,367.572262,2.970518,1.925645,-1.772126,1.598451,0.599196,1.762048
438,14.6,1,560.007133,368.233899,450.472975,366.965622,505.240054,367.59976,2.972395,1.904121,-1.755312,1.520605,0.608542,1.712363
439,14.633333,1,559.983597,368.187572,450.333214,366.964806,505.158405,367.576189,2.95664,1.922464,-1.769102,1.553089,0.593769,1.737777
440,14.666667,1,559.958105,368.209389,450.251942,366.988292,505.105023,367.59884,2.959418,1.905433,-1.771215,1.519161,0.594101,1.712297
441,14.7,1,559.752665,368.05698,450.080614,366.944089,504.916639,367.500535,2.968626,1.909005,-1.762761,1.495657,0.602933,1.702331
442,14.733333,1,559.50531,367.995316,449.997368,366.906302,504.751339,367.450809,2.966477,1.897727,-1.758536,1.545231,0.60397,1.721479
443,14.766667,1,559.208307,368.011179,449.818172,367.18199,504.51324,367.596585,2.966115,1.892549,-1.746735,1.549243,0.60969,1.720896
444,14.8,1,559.193077,367.913809,449.611578,367.099813,504.402328,367.506811,2.970745,1.93104,-1.755625,1.549635,0.60756,1.740338
445,14.833333,1,559.135427,367.913976,449.412451,367.148929,504.273939,367.531452,2.974439,1.960401,-1.766975,1.561234,0.603732,1.760817
446,14.866667,1,559.291258,367.812325,449.370499,367.214547,504.330878,367.513436,2.94241,1.936927,-1.782999,1.649997,0.579705,1.793462
447,14.9,1,559.411392,368.04204,449.43819,367.194318,504.424791,367.618179,2.935018,1.99055,-1.782311,1.595285,0.576353,1.792917
448,14.933333,1,559.542294,368.117695,449.791584,367.26546,504.666939,367.691578,2.929035,1.942638,-1.769143,1.579424,0.579946,1.761031
449,14.966667,1,559.606733,368.073342,449.873228,367.343481,504.739981,367.708411,2.947307,1.877709,-1.762277,1.574889,0.592515,1.726299
450,15.0,1,559.509077,368.017123,449.727936,367.298548,504.618506,367.657835,2.940705,1.8934,-1.763698,1.552354,0.588504,1.722877
451,15.033333,1,559.505005,368.060784,449.631548,367.452244,504.568276,367.756514,2.944501,1.890245,-1.763219,1.596193,0.590641,1.743219
452,15.066667,1,559.500446,368.045345,449.478369,367.393879,504.489408,367.719612,2.932284,1.928082,-1.770437,1.571271,0.580923,1.749677
453,15.1,1,559.533415,368.06655,449.427223,367.289938,504.480319,367.678244,2.935527,1.946541,-1.764884,1.585812,0.585322,1.766176
454,15.133333,1,559.540482,368.11174,449.494705,367.272048,504.517593,367.691894,2.921231,1.943251,-1.770852,1.570288,0.575189,1.75677
455,15.166667,1,559.486742,368.203649,449.504566,367.192901,504.495654,367.698275,2.924694,1.942228,-1.763812,1.538444,0.580441,1.740336
456,15.2,1,559.579678,368.313046,449.967632,367.226166,504.773655,367.769606,2.924371,1.904228,-1.750569,1.489691,0.586901,1.696959
457,15.233333,1,559.680424,368.271493,450.037699,367.185788,504.859061,367.72864,2.917624,1.969481,-1.750912,1.469844,0.583356,1.719662
458,15.266667,1,560.220404,368.035957,450.501642,367.10898,505.361023,367.572469,2.927729,1.949639,-1.766085,1.528403,0.580822,1.739021
459,15.3,1,560.918713,367.820297,450.700235,366.869438,505.809474,367.344867,2.943208,2.006814,-1.772022,1.590238,0.585593,1.798526
460,15.333333,1,561.369572,367.949966,450.898905,366.500688,506.134238,367.225327,2.943629,2.029517,-1.774625,1.550625,0.584502,1.790071
461,15.366667,1,561.378241,367.70552,451.375065,366.34225,506.376653,367.023885,2.937348,2.035555,-1.769118,1.581918,0.584115,1.808736
462,15.4,1,561.451464,367.683805,451.437559,366.266364,506.444511,366.975085,2.943693,1.994393,-1.769868,1.602918,0.586913,1.798656
463,15.433333,1,561.459837,367.496286,451.384068,365.994222,506.421952,366.745254,2.939923,2.009363,-1.775143,1.561781,0.58239,1.785572
464,15.466667,1,561.340437,367.536396,451.326609,365.959568,506.333523,366.747982,2.935071,1.95476,-1.768132,1.584176,0.58347,1.769468
465,15.5,1,561.302319,367.438694,451.321754,366.140794,506.312037,366.789744,2.942048,1.908796,-1.769962,1.582246,0.586043,1.745521
466,15.533333,1,561.150169,367.419516,451.047783,366.011361,506.098976,366.715439,2.938544,1.941681,-1.767809,1.60324,0.585367,1.772461
467,15.566667,1,560.842972,367.474598,450.883522,365.980527,505.863247,366.727562,2.943622,1.921942,-1.755815,1.549378,0.593904,1.73566
468,15.6,1,560.866652,367.443334,450.763817,365.905994,505.815234,366.674664,2.946638,1.981711,-1.763494,1.557848,0.591572,1.769779
469,15.633333,1,560.82489,367.458183,450.758715,365.937955,505.791802,366.698069,2.941646,1.984741,-1.758299,1.544616,0.591674,1.764678
470,15.666667,1,560.98814,367.523564,450.792265,366.010283,505.890203,366.766924,2.938344,2.001047,-1.76936,1.516704,0.584492,1.758876
471,15.7,1,561.136303,367.544298,450.843916,366.076008,505.990109,366.810153,2.932627,1.994206,-1.767956,1.564042,0.582336,1.779124
472,15.733333,1,561.270456,367.592754,450.846901,366.064877,506.058679,366.828816,2.947576,1.99446,-1.771048,1.565007,0.588264,1.779734
473,15.766667,1,561.400414,367.68123,450.906858,366.115013,506.153636,366.898121,2.9416,1.953444,-1.779462,1.569622,0.581069,1.761533
474,15.8,1,561.489868,367.55169,450.988483,366.039053,506.239176,366.795371,2.944003,1.917056,-1.78261,1.586207,0.580696,1.751631
475,15.833333,1,561.433325,367.598913,450.964069,366.032213,506.198697,366.815563,2.941658,1.936269,-1.782631,1.577955,0.579514,1.757112
476,15.866667,1,561.464396,367.600881,451.069775,366.136363,506.267085,366.868622,2.945674,1.920592,-1.777664,1.597278,0.584005,1.758935
477,15.9,1,561.410723,367.592277,450.929861,366.02819,506.170292,366.810233,2.940778,1.964655,-1.7784,1.602002,0.581189,1.783329
478,15.933333,1,561.403008,367.621577,450.969057,365.978655,506.186032,366.800116,2.954678,1.998031,-1.780615,1.612795,0.587031,1.805413
479,15.966667,1,561.250944,367.501924,450.708523,366.115571,505.979733,366.808747,2.947719,1.972986,-1.777548,1.636026,0.585085,1.804506
480,16.0,1,561.071291,367.397768,450.613327,366.013008,505.842309,366.705388,2.953628,1.98276,-1.767765,1.649347,0.592931,1.816054
481,16.033333,1,560.981722,367.300442,450.604467,366.160626,505.793095,366.730534,2.957947,1.967652,-1.772778,1.639412,0.592585,1.803532
482,16.066667,1,560.849848,367.376735,450.473194,366.178313,505.661521,366.777524,2.955909,2.036054,-1.770552,1.653558,0.592679,1.844806
483,16.1,1,560.731678,367.425991,450.351982,366.219978,505.54183,366.822985,2.931141,1.992577,-1.780447,1.64062,0.575347,1.816598
484,16.133333,1,560.7302,367.454562,450.269737,366.270044,505.499969,366.862303,2.93441,1.999838,-1.775303,1.647699,0.579553,1.823769
485,16.166667,1,560.633755,367.513205,450.219879,366.318775,505.426817,366.91599,2.928254,1.993406,-1.778782,1.640528,0.574736,1.816967
486,16.2,1,560.558577,367.620472,450.20792,366.423284,505.383248,367.021878,2.936473,2.0148,-1.77698,1.623282,0.579747,1.819041
487,16.233333,1,560.262527,367.674862,449.998541,366.357291,505.130534,367.016077,2.948718,2.01667,-1.772204,1.55772,0.588257,1.787195
488,16.266667,1,559.993401,367.588377,450.059643,366.314092,505.026522,366.951234,2.966427,1.956647,-1.764835,1.535498,0.600796,1.746072
489,16.3,1,559.895859,367.624056,449.845638,366.341718,504.870749,366.982887,2.952885,1.985066,-1.768917,1.562255,0.591984,1.77366
490,16.333333,1,559.864006,367.470038,449.920731,366.334616,504.892368,366.902327,2.960662,1.977529,-1.766305,1.581587,0.597178,1.779558
491,16.366667,1,559.909143,367.437476,449.876213,366.413532,504.892678,366.925504,2.96101,1.973109,-1.766652,1.597618,0.597179,1.785364
492,16.4,1,560.080814,367.565374,449.893665,366.400008,504.98724,366.982691,2.957154,1.983736,-1.772855,1.595417,0.59215,1.789576
493,16.433333,1,560.264034,367.764314,449.946404,366.338264,505.105219,367.051289,2.957767,1.986954,-1.776603,1.603438,0.590582,1.795196
494,16.466667,1,560.544939,367.946913,450.005112,366.336215,505.275025,367.141564,2.959821,2.039895,-1.779332,1.651456,0.590245,1.845675
495,16.5,1,560.832148,368.124615,450.236387,366.252578,505.534267,367.188596,2.964531,2.05239,-1.773452,1.593531,0.595539,1.82296
496,16.533333,1,560.828962,368.092836,450.288105,366.268816,505.558534,367.180826,2.963808,2.0959,-1.766292,1.598454,0.598758,1.847177
497,16.566667,1,560.910749,368.07883,450.219965,366.240664,505.565357,367.159747,2.962665,2.053063,-1.767781,1.584185,0.597442,1.818624
498,16.6,1,560.691586,368.071958,450.179224,366.291808,505.435405,367.181883,2.946864,2.122096,-1.765777,1.586677,0.590544,1.854386
499,16.633333,1,560.530291,368.00516,450.154762,366.308679,505.342526,367.15692,2.934206,2.041198,-1.767036,1.562775,0.583585,1.801987
500,16.666667,1,560.247583,367.972861,450.126657,366.397873,505.18712,367.185367,2.940116,1.980768,-1.773056,1.631755,0.58353,1.806261
501,16.7,1,559.546394,367.648287,449.720049,366.071073,504.633222,366.85968,2.94156,1.963795,-1.759639,1.665723,0.59096,1.814759
502,16.733333,1,556.112633,374.388077,451.173544,373.307405,503.643088,373.847741,2.912539,30.044196,-1.728013,13.488013,0.592263,21.766105
503,16.766667,1,557.291079,376.322368,450.413828,375.904233,503.852453,376.113301,2.827477,2.825131,-1.681754,1.72399,0.572862,2.274561
504,16.8,1,557.163677,372.906296,448.261118,373.166331,502.712398,373.036314,2.95193,24.233243,-1.796773,6.576857,0.577579,15.40505
505,16.833333,1,559.062271,370.477728,449.328098,370.191675,504.195185,370.334702,3.067448,3.236223,-1.86094,3.497511,0.603254,3.366867
506,16.866667,1,560.206232,368.013695,449.249544,367.816885,504.727888,367.91529,3.028673,2.675626,-1.834301,2.305246,0.597186,2.490436
507,16.9,1,559.902287,367.845086,449.743948,367.143221,504.823117,367.494154,2.957773,2.229649,-1.79895,1.776474,0.579411,2.003061
508,16.933333,1,560.129261,367.85648,449.9755,367.036566,505.052381,367.446523,2.947625,2.050275,-1.799606,1.621509,0.574009,1.835892
509,16.966667,1,559.988718,367.650341,450.132236,366.749597,505.060477,367.199969,2.923648,1.890306,-1.783474,1.564858,0.570087,1.727582
510,17.0,1,560.244589,367.504199,450.295887,366.720436,505.270238,367.112317,2.941311,1.939974,-1.792151,1.606682,0.57458,1.773328
511,17.033333,1,560.363359,367.515914,450.349913,366.734887,505.356636,367.125401,2.939339,1.88475,-1.802121,1.680122,0.568609,1.782436
512,17.066667,1,560.251598,367.310312,450.363388,366.524264,505.307493,366.917288,2.951052,1.83951,-1.801896,1.709755,0.574578,1.774632
513,17.1,1,560.503778,367.134579,450.255203,366.11357,505.379491,366.624075,2.973179,1.853859,-1.816417,1.689172,0.578381,1.771516
514,17.133333,1,560.105066,366.896512,450.27236,365.924957,505.188713,366.410734,2.984122,1.933702,-1.820149,1.697082,0.581987,1.815392
515,17.166667,1,559.668274,366.821426,449.997244,366.283461,504.832759,366.552444,2.969827,1.871542,-1.801494,1.642002,0.584167,1.756772
516,17.2,1,559.690027,366.717281,449.764004,365.95746,504.727015,366.337371,2.978855,1.83775,-1.784047,1.660209,0.597404,1.74898
517,17.233333,1,559.81699,366.718,449.301729,366.280156,504.55936,366.499078,3.000395,1.979438,-1.78303,1.717998,0.608683,1.848718
518,17.266667,1,559.725084,366.71689,449.748783,366.054454,504.736934,366.385672,2.984217,1.92733,-1.799355,1.720895,0.592431,1.824112
519,17.3,1,559.946737,366.779171,449.923315,366.071733,504.935026,366.425452,3.003592,1.892783,-1.788651,1.681398,0.607471,1.78709
520,17.333333,1,560.239296,366.974156,450.079269,365.892094,505.159283,366.433125,3.039398,1.942351,-1.777559,1.616836,0.630919,1.779593
521,17.366667,1,560.296822,366.883578,450.069056,366.146067,505.182939,366.514823,3.067259,1.908792,-1.774277,1.651221,0.646491,1.780006
522,17.4,1,560.31086,366.983142,449.834051,366.537418,505.072455,366.76028,3.094876,1.878188,-1.771252,1.708919,0.661812,1.793554
523,17.433333,1,560.442762,366.998688,450.022421,366.463147,505.232592,366.730918,3.077683,1.963217,-1.778366,1.686793,0.649659,1.825005
524,17.466667,1,560.405798,366.850909,450.09161,366.15133,505.248704,366.501119,3.065434,2.0678,-1.805828,1.864144,0.629803,1.965972
525,17.5,1,560.3444,367.053233,450.411539,365.91706,505.37797,366.485147,3.018996,2.272397,-1.813034,1.840943,0.602981,2.05667
526,17.533333,1,560.062342,367.895318,450.642366,369.32559,505.352354,368.610454,3.081372,2.485735,-1.81484,3.234169,0.633266,2.859952
527,17.566667,1,555.973358,371.192837,450.768757,373.114693,503.371058,372.153765,2.913006,8.919678,-1.777844,11.823575,0.567581,10.371627
528,17.6,1,558.442736,370.169853,449.47238,371.439171,503.957558,370.804512,3.067934,6.335302,-1.827972,12.565051,0.619981,9.450177
529,17.633333,1,559.316273,368.831356,450.382576,370.703398,504.849424,369.767377,3.087034,2.836761,-1.828024,3.1318,0.629505,2.984281
530,17.666667,1,559.665604,368.511722,449.727583,369.542313,504.696593,369.027017,3.048763,2.617425,-1.848063,2.64178,0.60035,2.629603
531,17.7,1,559.702587,368.65007,450.194092,369.354612,504.948339,369.002341,3.003505,2.122088,-1.829329,2.34678,0.587088,2.234434
532,17.733333,1,560.204458,368.951057,449.764023,368.825659,504.984241,368.888358,3.023829,2.431705,-1.820062,2.404589,0.601884,2.418147
533,17.766667,1,560.126371,369.061114,449.58477,368.872833,504.855571,368.966973,3.019373,2.699381,-1.830266,2.287117,0.594553,2.493249
534,17.8,1,560.465517,369.237753,449.860229,368.650339,505.162873,368.944046,2.986772,2.717322,-1.821793,2.206451,0.582489,2.461886
535,17.833333,1,561.040907,369.62956,450.155668,368.857437,505.598288,369.243498,2.933133,2.558043,-1.835822,2.232035,0.548656,2.395039
536,17.866667,1,561.345806,369.926287,450.414696,369.194977,505.880251,369.560632,2.932106,2.53614,-1.85054,2.273647,0.540783,2.404893
537,17.9,1,561.971169,370.520139,450.493946,369.424789,506.232557,369.972464,2.934589,2.534727,-1.838522,2.294664,0.548034,2.414696
538,17.933333,1,562.19059,371.07909,451.391687,369.952487,506.791139,370.515788,2.922244,2.373205,-1.818072,2.149136,0.552086,2.261171
539,17.966667,1,562.981052,371.775059,451.574183,370.270897,507.277617,371.022978,2.920665,2.396278,-1.826399,2.106075,0.547133,2.251177
540,18.0,1,563.358469,372.522161,451.673126,370.740219,507.515798,371.63119,2.929533,2.303462,-1.811019,2.171218,0.559257,2.23734
541,18.033333,1,563.701277,373.369696,451.706495,371.428539,507.703886,372.399117,2.927732,2.433352,-1.792764,2.248295,0.567484,2.340824
542,18.066667,1,564.067974,374.150476,451.959,371.682951,508.013487,372.916714,2.916064,2.354747,-1.808076,2.210611,0.553994,2.282679
543,18.1,1,564.41308,374.715586,452.146902,371.883355,508.279991,373.299471,2.916035,2.218388,-1.797998,2.191115,0.559019,2.204752
544,18.133333,1,564.515829,375.218232,452.077284,372.527997,508.296556,373.873115,2.890427,2.358674,-1.81651,2.187062,0.536959,2.272868
545,18.166667,1,565.205431,376.048687,452.007008,373.176835,508.606219,374.612761,2.933535,2.470233,-1.817079,2.226492,0.558228,2.348363
546,18.2,1,565.242567,376.521356,452.449989,373.583522,508.846278,375.052439,2.895043,2.564967,-1.809697,2.169313,0.542673,2.36714
547,18.233333,1,566.179895,377.082646,452.650356,374.140767,509.415126,375.611706,2.914768,2.812336,-1.824936,2.246674,0.544916,2.529505
548,18.266667,1,566.899052,380.018077,453.908482,378.752664,510.403767,379.385371,2.995648,4.147105,-1.892346,3.781168,0.551651,3.964136
549,18.3,1,565.838013,387.355292,450.922651,386.34676,508.380332,386.851026,2.80463,32.874666,-1.792325,66.712621,0.506153,49.793643
550,18.333333,1,564.91538,385.760654,450.877733,384.121116,507.896557,384.940885,2.752632,30.443784,-1.802188,33.685104,0.475222,32.064444
551,18.366667,1,569.157543,383.637418,456.854563,380.755459,513.006053,382.196438,2.900493,9.140783,-1.885401,4.53209,0.507546,6.836436
552,18.4,1,572.61076,382.526575,457.1,379.556866,514.85538,381.041721,2.961662,4.085474,-1.894096,3.569266,0.533783,3.82737
553,18.433333,1,575.09387,382.706712,458.945761,378.269073,517.019815,380.487893,3.04677,3.501209,-1.843758,2.953959,0.601506,3.227584
554,18.466667,1,576.437483,382.919283,460.713549,378.084644,518.575516,380.501963,3.004595,2.940207,-1.8053,2.405525,0.599647,2.672866
555,18.5,1,577.770777,383.707681,461.725779,378.031772,519.748278,380.869727,2.974679,3.211206,-1.829249,2.325722,0.572715,2.768464
556,18.533333,1,578.725109,383.936033,462.668552,377.54317,520.696831,380.739602,2.974152,3.210387,-1.830735,2.159488,0.571709,2.684937
557,18.566667,1,579.313717,383.757226,463.658257,377.12952,521.485987,380.443373,2.956603,3.028685,-1.831852,2.026179,0.562375,2.527432
558,18.6,1,579.587097,383.532683,463.884068,376.60797,521.735582,380.070326,2.957824,3.136381,-1.820393,2.021395,0.568715,2.578888
559,18.633333,1,579.253922,383.146552,464.302664,376.076678,521.778293,379.611615,2.939254,3.035835,-1.810815,1.975344,0.564219,2.50559
560,18.666667,1,578.582783,382.678152,464.201365,375.412166,521.392074,379.045159,2.950141,2.926987,-1.780611,1.93075,0.584765,2.428868
561,18.7,1,578.242311,381.447394,463.806162,374.679558,521.024237,378.063476,2.933232,2.817266,-1.781647,2.009329,0.575793,2.413297
562,18.733333,1,577.476702,380.284013,463.454494,373.408953,520.465598,376.846483,2.898112,2.614684,-1.799099,1.934215,0.549507,2.27445
563,18.766667,1,577.509785,380.427049,463.671436,373.360963,520.590611,376.894006,2.929909,2.505617,-1.765428,2.012169,0.58224,2.258893
564,18.8,1,576.189251,379.226396,463.541422,372.302574,519.865336,375.764485,2.891428,2.262188,-1.752933,1.774267,0.569247,2.018227
565,18.833333,1,575.26969,378.290155,462.630644,371.247886,518.950167,374.769021,2.891255,2.328189,-1.776516,1.714987,0.557369,2.021588
566,18.866667,1,573.952761,376.937399,461.956892,370.599371,517.954826,373.768385,2.927791,2.232484,-1.781348,1.676668,0.573221,1.954576
567,18.9,1,572.4156,374.967842,460.938911,370.07575,516.677256,372.521796,2.885539,1.976613,-1.813543,1.718968,0.535998,1.847791
568,18.933333,1,571.192265,374.32409,459.447727,369.116389,515.319996,371.72024,2.924654,2.007355,-1.798731,1.791737,0.562961,1.899546
569,18.966667,1,569.539595,373.116324,457.604589,368.291384,513.572092,370.703854,2.974918,1.984921,-1.774188,1.933971,0.600365,1.959446
570,19.0,1,567.903624,371.119055,456.211557,367.821987,512.05759,369.470521,2.928967,2.282635,-1.831992,1.995868,0.548488,2.139252
571,19.033333,1,565.859823,370.75569,454.990969,368.42749,510.425396,369.59159,2.915105,2.150242,-1.826898,1.998375,0.544103,2.074309
572,19.066667,1,564.499092,370.309285,453.84779,367.709082,509.173441,369.009183,2.947537,2.26296,-1.797729,1.771744,0.574904,2.017352
573,19.1,1,563.258066,369.499236,452.521248,368.078052,507.889657,368.788644,2.931344,2.00615,-1.793659,1.82798,0.568843,1.917065
574,19.133333,1,562.21591,369.19163,451.320333,368.054084,506.768122,368.622857,2.915406,2.271201,-1.811922,1.773297,0.551742,2.022249
575,19.166667,1,560.782566,368.451791,450.240564,367.776491,505.511565,368.114141,2.907787,2.167252,-1.795003,1.861181,0.556392,2.014216
576,19.2,1,559.697952,367.850166,449.002438,367.259302,504.350195,367.554734,2.931725,2.185836,-1.819345,1.875308,0.55619,2.030572
577,19.233333,1,558.930922,367.190777,448.226156,367.50246,503.578539,367.346619,2.943333,2.082177,-1.82765,1.975929,0.557842,2.029053
578,19.266667,1,558.370247,366.075976,447.875385,366.920856,503.122816,366.498416,2.966319,2.221908,-1.864005,2.201146,0.551157,2.211527
579,19.3,1,557.522411,365.97608,447.527122,366.838426,502.524767,366.407253,2.986044,2.900524,-1.923696,3.203789,0.531174,3.052156
580,19.333333,1,557.267122,365.597974,446.143513,367.341217,501.705317,366.469595,3.03265,4.387959,-1.967412,3.708029,0.532619,4.047994
581,19.366667,1,556.026144,365.785578,446.328526,367.389191,501.177335,366.587385,3.02867,4.681441,-1.987058,4.072443,0.520806,4.376942
582,19.4,1,554.558573,364.793987,446.407471,367.150007,500.483022,365.971997,3.023443,4.940891,-1.973795,3.788473,0.524824,4.364682
583,19.433333,1,554.122152,363.958619,446.023884,366.604355,500.073018,365.281487,3.057805,4.785693,-1.961408,3.662602,0.548199,4.224147
584,19.466667,1,554.688282,363.526949,444.327545,366.441658,499.507914,364.984303,3.118125,6.5962,-1.991907,4.291872,0.563109,5.444036
585,19.5,1,554.723825,362.855823,443.366594,366.353585,499.04521,364.604704,3.154088,5.249438,-1.984363,5.193945,0.584862,5.221692
586,19.533333,1,554.456186,363.049291,442.855062,366.569915,498.655624,364.809603,3.161338,4.781799,-1.977313,4.470464,0.592013,4.626132
587,19.566667,1,554.219398,363.236536,442.6443,366.861219,498.431849,365.048878,3.179112,4.860631,-1.966693,4.135581,0.606209,4.498106
588,19.6,1,551.324472,366.162504,447.923508,370.949678,499.62399,368.556091,2.95971,10.350084,-1.758122,7.827297,0.600794,9.08869
589,19.633333,1,550.122194,368.245422,446.761589,372.083845,498.441892,370.164633,2.929717,-8.584062,-1.735616,13.614492,0.597051,2.515215
590,19.666667,1,550.538177,365.724966,442.32666,370.47629,496.432419,368.100628,2.990464,14.108177,-1.898491,5.240945,0.545986,9.674561
591,19.7,1,552.945499,364.836752,444.486399,367.998229,498.715949,366.417491,3.110791,4.412547,-1.836896,4.101574,0.636948,4.25706
592,19.733333,1,552.206573,364.050216,444.054108,367.369273,498.130341,365.709744,3.076434,3.732761,-1.828512,2.782004,0.623961,3.257382
593,19.766667,1,552.176447,363.054644,443.905935,366.982981,498.041191,365.018813,3.046282,3.162936,-1.804555,2.47008,0.620863,2.816508
594,19.8,1,552.255201,362.952983,443.613806,367.067063,497.934504,365.010023,3.044716,2.953159,-1.813328,2.37174,0.615694,2.66245
595,19.833333,1,552.335749,362.776821,443.408785,366.950183,497.872267,364.863502,3.039207,2.814525,-1.810534,2.297086,0.614336,2.555806
596,19.866667,1,552.401218,362.865871,443.334827,366.951755,497.868023,364.908813,3.023257,2.798627,-1.810401,2.407457,0.606428,2.603042
597,19.9,1,552.349443,363.028911,443.354187,366.954743,497.851815,364.991827,3.013462,2.763144,-1.807935,2.26995,0.602763,2.516547
598,19.933333,1,552.641344,363.541036,443.669081,367.133008,498.155212,365.337022,2.994496,2.807699,-1.816765,2.238021,0.588865,2.52286
599,19.966667,1,553.148565,363.887358,443.901463,367.385108,498.525014,365.636233,2.971055,2.5594,-1.829493,2.215694,0.570781,2.387547
600,20.0,1,553.457489,364.496289,443.979578,367.495991,498.718534,365.99614,2.983854,2.765282,-1.837908,2.191348,0.572973,2.478315
601,20.033333,1,553.877563,364.762938,444.072523,367.683783,498.975043,366.223361,2.968732,2.618608,-1.838447,2.268671,0.565143,2.443639
602,20.066667,1,554.44521,365.0757,444.487152,367.507428,499.466181,366.291564,2.976891,2.79906,-1.834656,2.37589,0.571118,2.587475
603,20.1,1,555.113916,365.88335,445.256824,367.580733,500.18537,366.732042,2.997415,2.666008,-1.816314,2.295579,0.59055,2.480794
604,20.133333,1,555.684528,366.157789,445.890617,367.65636,500.787573,366.907074,2.97702,2.377846,-1.804811,2.143281,0.586104,2.260564
605,20.166667,1,556.035442,366.088963,445.979748,367.855209,501.007595,366.972086,2.980477,2.269494,-1.808682,2.11784,0.585898,2.193667
606,20.2,1,556.371574,366.40659,446.453848,368.149061,501.412711,367.277825,2.989621,2.260784,-1.807766,1.970262,0.590927,2.115523
607,20.233333,1,556.84679,366.60487,446.803188,368.433605,501.824989,367.519238,2.998357,2.157111,-1.797069,2.076733,0.600644,2.116922
608,20.266667,1,557.39954,366.730156,447.037897,368.379371,502.218719,367.554764,3.024078,2.146229,-1.802049,1.977856,0.611015,2.062042
609,20.3,1,557.644682,366.939352,447.225132,368.481869,502.434907,367.710611,3.040735,2.158378,-1.803525,1.996371,0.618605,2.077375
610,20.333333,1,558.185902,367.266737,447.069483,368.434045,502.627692,367.850391,3.014981,2.298567,-1.829297,2.176177,0.592842,2.237372
611,20.366667,1,558.525867,367.449138,447.624874,368.58478,503.075371,368.016959,3.01214,2.450978,-1.82433,2.350907,0.593905,2.400943
612,20.4,1,559.89213,367.782767,447.905722,369.142202,503.898926,368.462485,3.02363,2.345937,-1.841807,2.489664,0.590911,2.4178
613,20.433333,1,560.927343,368.060349,448.513594,369.371842,504.720469,368.716096,3.040694,2.363853,-1.836009,2.596799,0.602343,2.480326
614,20.466667,1,562.287598,369.008585,449.520826,369.804912,505.904212,369.406748,2.996148,2.466251,-1.866209,2.557864,0.564969,2.512058
615,20.5,1,563.915291,370.268762,450.723133,370.082327,507.319212,370.175545,2.989846,2.831723,-1.849642,2.2976,0.570102,2.564662
616,20.533333,1,564.874134,371.255579,451.286993,370.267206,508.080564,370.761393,2.989597,2.925601,-1.848476,2.339616,0.57056,2.632608
617,20.566667,1,565.899773,372.153271,452.05617,370.664699,508.977971,371.408985,3.003643,2.788593,-1.850756,2.227609,0.576444,2.508101
618,20.6,1,567.559118,372.625995,452.934866,370.946953,510.246992,371.786474,3.016069,2.930241,-1.86772,2.479333,0.574174,2.704787
619,20.633333,1,568.422842,373.074245,453.780832,371.421844,511.101837,372.248045,3.054481,2.854726,-1.876991,2.482851,0.588745,2.668788
620,20.666667,1,570.049534,373.772081,455.50045,372.478838,512.774992,373.12546,3.062029,2.991493,-1.898364,2.368112,0.581832,2.679802
621,20.7,1,570.588827,374.313984,456.687126,372.011147,513.637977,373.162565,3.068828,3.859534,-1.852962,2.305868,0.607933,3.082701
622,20.733333,1,571.213264,374.904639,457.447462,372.644073,514.330363,373.774356,3.03797,4.169877,-1.852587,2.164123,0.592692,3.167
623,20.766667,1,572.611866,375.361708,458.408384,373.022929,515.510125,374.192319,3.024286,3.760369,-1.871499,2.338977,0.576393,3.049673
624,20.8,1,573.126268,376.223824,458.87557,373.465773,516.000919,374.844798,3.011498,3.925976,-1.870764,2.373394,0.570367,3.149685
625,20.833333,1,573.609104,376.679628,459.383564,373.834448,516.496334,375.257038,2.959843,3.677133,-1.871339,2.35492,0.544252,3.016026
626,20.866667,1,573.767662,377.324603,460.274563,373.511006,517.021112,375.417804,2.975874,3.155857,-1.85067,2.278231,0.562602,2.717044
627,20.9,1,573.717089,378.003212,460.298471,373.745173,517.00778,375.874193,2.951301,3.135687,-1.828815,2.107838,0.561243,2.621763
628,20.933333,1,574.135704,378.166999,460.888557,373.478036,517.512131,375.822517,2.937912,3.145563,-1.810015,2.140967,0.563949,2.643265
629,20.966667,1,574.453697,378.377434,461.029825,373.606557,517.741761,375.991995,2.933228,3.141519,-1.803268,2.140503,0.56498,2.641011
630,21.0,1,574.767227,378.709674,461.315145,373.943067,518.041186,376.32637,2.921209,3.016634,-1.797203,2.050787,0.562003,2.53371
631,21.033333,1,575.307579,378.923349,461.398296,374.114964,518.352938,376.519157,2.905011,3.055425,-1.833587,2.055218,0.535712,2.555321
632,21.066667,1,575.91835,379.285727,461.92749,373.929151,518.92292,376.607439,2.92529,3.269564,-1.849939,2.282398,0.537675,2.775981
633,21.1,1,576.547832,380.908774,463.586073,375.619909,520.066953,378.264341,2.963154,5.177242,-1.917673,4.759631,0.522741,4.968436
634,21.133333,1,572.681684,385.416033,462.121868,378.825717,517.401776,382.120875,2.806947,25.88836,-1.78177,76.756495,0.512588,51.322428
635,21.166667,1,574.301729,387.353961,463.057899,380.289699,518.679814,383.82183,2.849627,51.846051,-1.798646,100.213032,0.52549,76.029542
636,21.2,1,574.454527,387.243744,462.412004,381.06784,518.433266,384.155792,2.833124,56.490516,-1.794206,87.47424,0.519459,71.982378
637,21.233333,1,575.778522,386.180431,465.477791,379.468342,520.628157,382.824386,2.810551,41.106062,-1.800453,49.091836,0.505049,45.098949
638,21.266667,1,578.282022,383.304373,466.96312,377.546014,522.622571,380.425193,2.922705,8.669348,-1.890031,11.887778,0.516337,10.278563
639,21.3,1,580.070562,382.085642,466.035519,375.634114,523.053041,378.859878,3.018306,4.223267,-1.889374,4.156337,0.564466,4.189802
640,21.333333,1,578.981266,381.571645,466.037464,374.899167,522.509365,378.235406,2.911049,3.596076,-1.832182,2.602134,0.539434,3.099105
641,21.366667,1,579.039974,380.869743,465.694389,374.560114,522.367182,377.714928,2.92049,3.421174,-1.83458,2.668093,0.542955,3.044633
642,21.4,1,579.117107,380.511303,465.618668,374.07281,522.367887,377.292057,2.92543,3.626994,-1.826933,2.518336,0.549249,3.072665
643,21.433333,1,579.284134,380.408735,465.340757,373.859907,522.312446,377.134321,2.929789,3.702978,-1.839753,2.546444,0.545018,3.124711
644,21.466667,1,579.419298,380.443239,465.158625,373.712096,522.288961,377.077668,2.923984,3.86457,-1.855177,2.563344,0.534404,3.213957
645,21.5,1,579.746771,380.726019,465.001364,374.054528,522.374067,377.390274,2.925048,4.813853,-1.890603,2.945401,0.517222,3.879627
646,21.533333,1,580.75654,380.935886,465.93483,373.9415,523.345685,377.438693,2.947626,4.563864,-1.909038,2.693427,0.519294,3.628645
647,21.566667,1,581.682634,381.589283,466.669445,374.07501,524.17604,377.832146,2.952404,4.273927,-1.868661,2.420759,0.541871,3.347343
648,21.6,1,582.498646,382.10049,467.577248,374.39518,525.037947,378.247835,2.965261,4.074824,-1.857943,2.323016,0.553659,3.19892
649,21.633333,1,583.141565,382.893555,467.962456,374.33821,525.552011,378.615882,2.957669,4.085571,-1.835265,2.189591,0.561202,3.137581
650,21.666667,1,584.207621,384.012154,468.604727,374.861541,526.406174,379.436848,2.959451,3.814864,-1.831267,2.125369,0.564092,2.970117
651,21.7,1,584.950666,384.6358,469.39867,375.268346,527.174668,379.952073,2.970767,3.568059,-1.806327,2.123846,0.58222,2.845953
652,21.733333,1,585.692663,385.475031,470.137911,375.841105,527.915287,380.658068,2.930519,3.534974,-1.810885,2.232019,0.559817,2.883497
653,21.766667,1,587.001448,386.049657,470.629292,376.096537,528.81537,381.073097,2.950998,3.622094,-1.800818,2.244797,0.57509,2.933445
654,21.8,1,588.032188,387.229142,472.038603,376.857694,530.035396,382.043418,2.952821,3.487279,-1.819122,2.337078,0.56685,2.912178
655,21.833333,1,588.423872,387.990289,472.936583,377.793485,530.680227,382.891887,2.931037,4.727097,-1.875273,3.15616,0.527882,3.941628
656,21.866667,1,587.505579,391.894158,472.993755,381.438242,530.249667,386.6662,2.867532,10.965525,-1.856492,21.714639,0.50552,16.340082
657,21.9,1,585.984354,395.09795,471.38875,383.979775,528.686552,389.538862,2.706275,18.39705,-1.820788,46.664621,0.442743,32.530836
658,21.933333,1,587.326088,397.054836,473.839903,385.274134,530.582995,391.164485,2.723763,30.818778,-1.7709,81.121636,0.476432,55.970207
659,21.966667,1,587.637453,397.557106,475.643768,385.400991,531.640611,391.479049,2.744347,31.963437,-1.755353,72.091258,0.494497,52.027348
660,22.0,1,588.854074,396.548574,477.639685,382.716798,533.24688,389.632686,2.793262,36.954056,-1.77017,75.456164,0.511546,56.20511
661,22.033333,1,593.107023,395.08957,479.161291,380.234231,536.134157,387.661901,2.883342,26.98021,-1.801605,34.807129,0.540869,30.893669
662,22.066667,1,595.196753,392.698359,480.675812,377.773036,537.936282,385.235698,2.92325,8.746094,-1.900309,6.935112,0.51147,7.840603
663,22.1,1,597.41581,391.074969,482.407217,375.422981,539.911513,383.248975,2.950058,4.513041,-1.940623,3.046575,0.504718,3.779808
664,22.133333,1,597.693796,390.448458,483.401814,374.465035,540.547805,382.456747,2.860861,3.601828,-1.85219,2.516385,0.504336,3.059107
665,22.166667,1,598.038111,390.337951,483.977919,373.703502,541.008015,382.020727,2.873908,3.375308,-1.818096,2.753545,0.527906,3.064426
666,22.2,1,598.445883,390.27463,484.555082,372.801744,541.500483,381.538187,2.858723,3.367688,-1.822589,2.622067,0.518067,2.994878
667,22.233333,1,598.388605,389.562449,484.973526,371.980129,541.681066,380.771289,2.885767,3.392517,-1.798016,2.670799,0.543875,3.031658
668,22.266667,1,598.248892,389.414638,485.402479,371.527276,541.825686,380.470957,2.868936,3.229705,-1.75422,2.456676,0.557358,2.843191
669,22.3,1,598.147526,389.137019,484.887571,371.290963,541.517549,380.213991,2.867856,3.053444,-1.774988,2.641823,0.546434,2.847633
670,22.333333,1,596.949787,388.577725,484.674816,371.154009,540.812302,379.865867,2.848959,3.074319,-1.755178,2.544498,0.546891,2.809408
671,22.366667,1,596.266308,387.681245,484.239225,371.649671,540.252767,379.665458,2.86453,3.291487,-1.762494,3.315443,0.551018,3.303465
672,22.4,1,594.330454,389.292727,480.336561,374.463812,537.333508,381.878269,2.947974,10.256882,-1.878457,11.153796,0.534758,10.705339
673,22.433333,1,592.100296,390.731968,480.449047,377.068613,536.274672,383.90029,2.868231,24.389976,-1.77987,48.783258,0.544181,36.586617
674,22.466667,1,592.146168,389.218129,480.74214,376.011854,536.444154,382.614992,2.880769,23.645418,-1.831092,41.023495,0.524838,32.334457
675,22.5,1,594.766989,388.112833,479.758863,374.178972,537.262926,381.145903,3.011707,9.801184,-1.93272,6.968418,0.539494,8.384801
676,22.533333,1,594.404564,386.789002,481.409912,373.052294,537.907238,379.920648,2.970481,5.10277,-1.854075,4.199194,0.558203,4.650982
677,22.566667,1,594.232254,386.476493,481.065931,372.526238,537.649093,379.501365,2.980583,4.919733,-1.857306,4.01446,0.561639,4.467097
678,22.6,1,593.820667,387.097971,479.869766,373.439648,536.845217,380.26881,3.001829,5.195508,-1.883073,4.806193,0.559378,5.000851
679,22.633333,1,590.79895,392.307315,478.641901,378.655601,534.720426,385.481458,2.846471,50.411548,-1.764166,60.361709,0.541153,55.386628
680,22.666667,1,593.30945,395.667855,475.399055,381.469624,534.354253,388.568739,2.894809,18.047266,-1.809489,65.710998,0.54266,41.879132
681,22.7,1,591.496916,395.606164,478.434782,382.102218,534.965849,388.854191,2.829988,38.927008,-1.755558,74.810721,0.537215,56.868865
682,22.733333,1,590.884933,396.251868,480.788717,382.897117,535.836825,389.574493,2.790331,67.734407,-1.67323,82.212322,0.55855,74.973365
683,22.766667,1,590.874252,397.061595,481.334953,383.726746,536.104603,390.39417,2.766497,33.567171,-1.645099,96.503723,0.560699,65.035447
684,22.8,1,587.822695,397.273425,481.050959,384.782356,534.436827,391.02789,2.690027,16.275004,-1.665899,131.962281,0.512064,74.118642
685,22.833333,1,587.480621,397.283124,478.392992,385.693073,532.936807,391.488099,2.6758,13.21842,-1.716906,109.298983,0.479447,61.258702
686,22.866667,1,589.062805,396.688038,479.773817,385.389737,534.418311,391.038888,2.734582,19.407932,-1.67453,59.152473,0.530026,39.280202
687,22.9,1,589.191751,396.515207,480.068226,385.17663,534.629989,390.845919,2.753375,31.634676,-1.652788,62.440883,0.550293,47.03778
688,22.933333,1,588.808994,396.414517,481.067839,384.907926,534.938416,390.661222,2.765317,31.50803,-1.643048,67.692003,0.561135,49.600016
689,22.966667,1,588.728418,393.917423,478.904915,383.656096,533.816667,388.78676,2.766891,51.916707,-1.667077,52.4266,0.549907,52.171653
690,23.0,1,589.393263,389.386894,475.50231,379.623728,532.447786,384.505311,2.883953,13.513642,-1.835801,13.196099,0.524076,13.35487
691,23.033333,1,589.211893,385.319796,477.387981,375.123646,533.299937,380.221721,2.963143,4.504235,-1.820802,3.128321,0.571171,3.816278
692,23.066667,1,588.373346,383.921936,476.165619,373.593553,532.269483,378.757744,2.920711,3.129057,-1.781958,2.63644,0.569376,2.882748
693,23.1,1,587.464418,383.14063,475.351019,373.07166,531.407719,378.106145,2.928156,3.162469,-1.767531,2.543461,0.580313,2.852965
694,23.133333,1,586.815186,381.815865,474.207163,372.452896,530.511174,377.13438,2.902414,3.174717,-1.792795,2.597162,0.55481,2.885939
695,23.166667,1,586.177845,381.045288,473.006763,371.684657,529.592304,376.364973,2.902259,3.114902,-1.817521,2.422434,0.542369,2.768668
696,23.2,1,585.360365,380.836741,472.036104,371.480305,528.698235,376.158523,2.914021,3.077195,-1.818254,2.405183,0.547884,2.741189
697,23.233333,1,585.042095,380.49565,471.369028,371.098369,528.205562,375.797009,2.922254,3.023922,-1.835404,2.298281,0.543425,2.661101
698,23.266667,1,584.594498,379.907033,470.890923,370.737548,527.74271,375.322291,2.908291,2.98398,-1.862321,2.218178,0.522985,2.601079
699,23.3,1,584.019918,379.561683,470.47513,370.602633,527.247524,375.082158,2.874691,2.997301,-1.853077,2.116119,0.510807,2.55671
700,23.333333,1,583.846951,379.38735,469.770889,370.507243,526.80892,374.947296,2.897782,3.299533,-1.899411,2.310819,0.499185,2.805176
701,23.366667,1,583.226109,379.055979,469.655294,370.5733,526.440701,374.81464,2.904882,3.413858,-1.906912,2.559768,0.498985,2.986813
702,23.4,1,582.590551,378.000412,469.003706,371.169963,525.797129,374.585187,2.984215,4.342182,-1.965057,4.894632,0.509579,4.618407
703,23.433333,1,578.467712,380.86396,472.149916,373.777456,525.308814,377.320708,2.863159,15.518849,-1.816495,28.373659,0.523332,21.946254
704,23.466667,1,580.135231,386.604499,468.550787,377.485857,524.343009,382.045178,2.829272,15.576948,-1.746657,93.991009,0.541307,54.783979
705,23.5,1,580.653343,386.322867,469.737053,378.048617,525.195198,382.185742,2.836613,22.818421,-1.6941,113.744352,0.571257,68.281387
706,23.533333,1,581.060381,385.759495,468.445797,377.693471,524.753089,381.726483,2.82622,20.152734,-1.727807,116.33049,0.549207,68.241612
707,23.566667,1,578.169451,382.691306,468.40004,374.987358,523.284745,378.839332,2.828087,25.263264,-1.775793,100.741502,0.526147,63.002383
708,23.6,1,581.834469,380.757852,469.122524,372.482314,525.478497,376.620083,2.937678,5.001306,-1.906173,5.06659,0.515753,5.033948
709,23.633333,1,581.979074,377.846947,468.356247,371.420985,525.167661,374.633966,2.95875,3.524224,-1.918588,3.078113,0.520081,3.301169
710,23.666667,1,581.697826,376.739677,468.257856,370.177814,524.977841,373.458745,2.916654,2.669504,-1.948107,2.53473,0.484273,2.602117
711,23.7,1,581.483812,376.1428,468.049583,369.356779,524.766698,372.749789,2.900261,2.610854,-1.938767,2.38411,0.480747,2.497482
712,23.733333,1,581.182251,375.345476,467.768002,368.948858,524.475126,372.147167,2.920888,2.901545,-1.93597,2.563374,0.492459,2.732459
713,23.766667,1,580.484343,374.558376,467.145309,368.656733,523.814826,371.607555,2.948361,3.219475,-1.94896,3.24986,0.499701,3.234668
714,23.8,1,580.710974,374.921601,466.833,369.066306,523.771987,371.993954,2.978495,3.948572,-2.006057,3.520305,0.486219,3.734438
715,23.833333,1,581.048985,374.120157,466.621294,368.944952,523.835139,371.532555,2.944316,2.828905,-1.99239,2.779474,0.475963,2.80419
716,23.866667,1,580.993414,374.482008,466.935148,368.313233,523.964281,371.397621,2.972041,2.439536,-1.996055,2.234978,0.487993,2.337257
717,23.9,1,580.877428,373.814836,467.046738,367.482483,523.962083,370.648659,2.934385,2.460676,-1.958418,2.104998,0.487983,2.282837
718,23.933333,1,580.476055,373.395821,466.790667,367.031202,523.633361,370.213511,2.934007,2.514159,-1.973981,2.08111,0.480013,2.297635
719,23.966667,1,580.513725,373.271238,466.713648,366.69423,523.613687,369.982734,2.952583,2.335977,-1.961119,1.934898,0.495732,2.135438
720,24.0,1,580.606575,373.201575,466.639442,366.554664,523.623009,369.87812,2.957819,2.323829,-1.954324,1.91539,0.501747,2.11961
721,24.033333,1,580.74111,372.964693,466.621141,366.411359,523.681126,369.688026,2.954742,2.257253,-1.945968,1.828588,0.504387,2.04292
722,24.066667,1,580.460186,373.071274,466.619854,366.512275,523.54002,369.791774,2.954944,2.220722,-1.932042,1.835544,0.511451,2.028133
723,24.1,1,580.691051,372.935833,466.770248,366.357855,523.73065,369.646844,2.958498,2.172652,-1.932254,1.789458,0.513122,1.981055
724,24.133333,1,580.660763,372.821699,466.794319,366.328801,523.727541,369.57525,2.95285,2.140124,-1.930272,1.774877,0.511289,1.9575
725,24.166667,1,580.613251,372.735204,466.789532,366.238169,523.701391,369.486686,2.951813,2.152771,-1.92054,1.764932,0.515636,1.958852
726,24.2,1,580.691795,372.885718,466.874485,366.246886,523.78314,369.566302,2.958168,2.128557,-1.924747,1.725072,0.51671,1.926815
727,24.233333,1,581.171474,373.099136,467.032623,365.920456,524.102049,369.509796,2.974059,2.484745,-1.930626,1.793974,0.521716,2.13936
728,24.266667,1,580.951538,372.591609,466.406326,366.201589,523.678932,369.396599,3.016274,3.185105,-1.988971,2.468066,0.513651,2.826585
729,24.3,1,580.551357,372.041574,466.490088,366.904639,523.520722,369.473106,2.996224,3.064901,-2.029251,3.336171,0.483487,3.200536
730,24.333333,1,580.960188,372.452123,466.715508,367.186528,523.837848,369.819326,2.997606,3.269121,-2.082905,4.474413,0.457351,3.871767
731,24.366667,1,581.191616,372.777936,467.139912,367.318783,524.165764,370.04836,2.99024,3.691893,-2.073457,4.947796,0.458392,4.319845
732,24.4,1,581.280603,372.932893,467.088242,367.299643,524.184422,370.116268,2.991863,3.470565,-2.078868,4.823685,0.456498,4.147125
733,24.433333,1,581.424465,373.173616,467.310152,367.491989,524.367309,370.332803,2.982701,3.559423,-2.067829,4.581048,0.457436,4.070235
734,24.466667,1,581.364546,373.226702,467.372828,367.675034,524.368687,370.450868,2.97626,3.588576,-2.069875,4.54844,0.453193,4.068508
735,24.5,1,579.80093,376.436019,470.402584,369.362562,525.101757,372.89929,2.926657,8.639314,-1.925397,13.432144,0.50063,11.035729
736,24.533333,1,579.090204,381.99126,466.126518,375.694538,522.608361,378.842899,2.8905,8.540188,-1.824606,56.455513,0.532947,32.49785
737,24.566667,1,579.739866,383.375752,471.768599,377.049805,525.754232,380.212778,2.821655,4.09162,-1.721642,83.777839,0.550006,43.93473
738,24.6,1,579.695644,384.424163,470.724201,377.748553,525.209923,381.086358,2.76841,3.819444,-1.73798,92.12851,0.515215,47.973977
739,24.633333,1,578.508902,384.940381,469.972992,378.563933,524.240947,381.752157,2.752275,2.713072,-1.720286,133.960936,0.515995,68.337004
740,24.666667,1,575.260296,385.33885,470.996742,378.953036,523.128519,382.145943,2.666222,2.883732,-1.698369,110.996456,0.483926,56.940094
741,24.7,1,575.637312,385.78782,469.080381,379.507524,522.358847,382.647672,2.677777,3.403304,-1.723483,79.553727,0.477147,41.478516
742,24.733333,1,575.129023,386.291302,470.219584,379.394495,522.674303,382.842899,2.676398,5.70327,-1.703299,72.205566,0.486549,38.954418
743,24.766667,1,575.444384,386.598136,469.936895,379.444588,522.690639,383.021362,2.698657,8.172167,-1.723649,94.965176,0.487504,51.568672
744,24.8,1,576.127024,383.283902,471.334591,378.166194,523.730807,380.725048,2.761043,8.391457,-1.717638,47.90859,0.521702,28.150023
745,24.833333,1,577.694645,380.271943,466.108608,376.602134,521.901627,378.437038,2.830851,16.737882,-1.841643,22.302729,0.494604,19.520306
746,24.866667,1,577.519617,379.466615,464.246626,376.058729,520.883121,377.762672,2.84747,23.372857,-1.937328,18.728508,0.455071,21.050682
747,24.9,1,577.076263,380.050145,467.506847,376.847277,522.291555,378.448711,2.824781,19.623191,-1.839419,34.802315,0.492681,27.212753
748,24.933333,1,575.248337,383.45036,469.912682,379.055883,522.580509,381.253121,2.748322,17.746946,-1.733937,61.271494,0.507193,39.50922
749,24.966667,1,577.39995,380.728068,466.413383,376.609021,521.906667,378.668545,2.812475,20.960161,-1.852115,40.852782,0.48018,30.906472
750,25.0,1,579.35812,378.738374,467.654572,372.865881,523.506346,375.802127,2.89292,5.280957,-1.950241,5.397492,0.471339,5.339224
751,25.033333,1,581.129055,377.445098,468.218031,371.070249,524.673543,374.257674,2.936242,3.244879,-1.922682,2.564707,0.50678,2.904793
752,25.066667,1,582.15003,376.79153,467.969904,369.75602,525.059967,373.273775,2.939244,2.845975,-1.946527,2.116678,0.496359,2.481326
753,25.1,1,582.873898,377.279423,468.676395,368.822622,525.775146,373.051023,2.958392,2.590916,-1.919233,1.682549,0.519579,2.136732
754,25.133333,1,583.32015,377.134649,468.852711,368.765202,526.086431,372.949925,2.960867,2.559787,-1.910818,1.736865,0.525024,2.148326
755,25.166667,1,583.539362,376.940349,469.022226,368.556129,526.280794,372.748239,2.948915,2.492241,-1.903829,1.701699,0.522543,2.09697
756,25.2,1,583.964272,376.914589,469.261475,368.113189,526.612873,372.513889,2.960111,2.456145,-1.882034,1.6994,0.539039,2.077773
757,25.233333,1,583.855896,376.696,469.371901,368.082086,526.613898,372.389043,2.957739,2.378014,-1.879697,1.738506,0.539021,2.05826
758,25.266667,1,583.778439,376.364597,469.388103,367.825999,526.583271,372.095298,2.924741,2.398373,-1.88092,1.757476,0.521911,2.077925
759,25.3,1,583.87929,376.275365,469.291096,367.71943,526.585193,371.997398,2.921685,2.401059,-1.877285,1.718126,0.5222,2.059592
760,25.333333,1,583.602762,376.0511,469.119406,367.63611,526.361084,371.843605,2.913836,2.303747,-1.883051,1.773436,0.515393,2.038592
761,25.366667,1,583.445034,375.869794,468.988943,367.684116,526.216989,371.776955,2.903273,2.243385,-1.888729,1.790579,0.507272,2.016982
762,25.4,1,583.370323,375.951473,468.853035,367.495589,526.111679,371.723531,2.894928,2.287128,-1.887978,1.773428,0.503475,2.030278
763,25.433333,1,583.341389,375.948426,468.763638,367.449235,526.052513,371.69883,2.892206,2.244895,-1.886447,1.75352,0.502879,1.999207
764,25.466667,1,583.059015,375.626678,468.730268,366.958546,525.894642,371.292612,2.884713,2.272861,-1.880109,1.701736,0.502302,1.987299
765,25.5,1,583.128405,375.702049,468.779488,366.89553,525.953946,371.298789,2.897675,2.357036,-1.876017,1.704836,0.510829,2.030936
766,25.533333,1,583.050795,375.523435,468.870935,366.763785,525.960865,371.14361,2.888137,2.312461,-1.876543,1.725645,0.505797,2.019053
767,25.566667,1,583.031874,375.346516,468.831615,366.744897,525.931745,371.045707,2.881794,2.282354,-1.868474,1.739601,0.50666,2.010978
768,25.6,1,583.169098,375.051259,469.061995,366.51618,526.115546,370.783719,2.90079,2.460583,-1.876176,1.756534,0.512307,2.108558
769,25.633333,1,583.181705,374.34543,469.274635,366.763807,526.22817,370.554619,2.907593,2.659794,-1.900868,2.027892,0.503363,2.343843
770,25.666667,1,583.257904,374.095405,469.396477,366.383507,526.32719,370.239456,2.911039,2.567721,-1.912778,1.897485,0.49913,2.232603
771,25.7,1,583.22485,373.782713,469.449558,366.23354,526.337204,370.008126,2.902906,2.505388,-1.90619,1.922414,0.498358,2.213901
772,25.733333,1,583.167162,373.254855,469.38633,365.967438,526.276746,369.611146,2.905323,2.484013,-1.945331,2.10748,0.479996,2.295747
773,25.766667,1,582.784157,372.93093,469.429054,366.003942,526.106606,369.467436,2.900679,2.390783,-1.987211,2.593821,0.456734,2.492302
774,25.8,1,581.999941,373.850391,468.256836,366.559621,525.128388,370.205006,2.96723,4.167982,-2.072111,7.03341,0.44756,5.600696
775,25.833333,1,576.870127,378.750014,473.411655,371.82145,525.140891,375.285732,2.834052,10.456353,-1.781905,39.978915,0.526074,25.217634
776,25.866667,1,579.614725,382.230642,471.907454,375.057707,525.761089,378.644174,2.802937,5.35496,-1.758047,56.744444,0.522445,31.049702
777,25.9,1,576.813669,383.325198,471.70537,376.587907,524.25952,379.956552,2.670807,6.092924,-1.76763,52.309877,0.451589,29.2014
778,25.933333,1,577.240553,383.760295,471.863689,377.206446,524.552121,380.48337,2.676316,6.854851,-1.75521,60.173521,0.460553,33.514186
779,25.966667,1,577.486191,384.432178,470.987883,377.582513,524.237037,381.007345,2.656188,4.917627,-1.757878,50.25953,0.449155,27.588578
780,26.0,1,577.505817,384.787602,471.280546,377.889647,524.393182,381.338625,2.659966,5.057093,-1.748835,57.298965,0.455566,31.178029
781,26.033333,1,577.89094,385.688363,471.206713,378.37046,524.548826,382.029412,2.664945,4.296507,-1.732759,63.334283,0.466093,33.815395
782,26.066667,1,577.864418,385.671026,471.386328,378.64161,524.625373,382.156318,2.669479,4.488891,-1.724427,55.404403,0.472526,29.946647
783,26.1,1,578.083239,385.741096,471.24053,378.782802,524.661884,382.261949,2.673072,3.744088,-1.733078,69.426956,0.469997,36.585522
784,26.133333,1,578.060474,385.133854,471.231365,378.630549,524.64592,381.882201,2.685961,4.387161,-1.74937,65.386993,0.468295,34.887077
785,26.166667,1,578.929663,383.131338,469.507208,377.63458,524.218435,380.382959,2.746517,5.51805,-1.790655,64.723761,0.477931,35.120906
786,26.2,1,578.385143,382.95796,471.877251,376.901511,525.131197,379.929736,2.745186,8.360354,-1.75809,51.689643,0.493548,30.024999
787,26.233333,1,579.693031,381.054279,466.852303,376.020674,523.272667,378.537476,2.809076,5.262657,-1.886694,32.953846,0.461191,19.108252
788,26.266667,1,582.298393,378.630602,470.895929,371.873667,526.597161,375.252135,2.991178,4.907507,-1.892628,4.193379,0.549275,4.550443
789,26.3,1,584.222507,376.192389,471.359644,369.453156,527.791076,372.822772,3.017785,3.577798,-1.938528,2.238877,0.539629,2.908337
790,26.333333,1,584.732838,375.921121,471.420202,368.644384,528.07652,372.282752,3.015389,3.603798,-1.936851,1.973596,0.539269,2.788697
791,26.366667,1,585.041447,375.90904,471.404657,368.895836,528.223052,372.402438,3.002709,3.795119,-1.932472,2.057974,0.535118,2.926546
792,26.4,1,585.217009,377.330461,471.822977,370.651213,528.519993,373.990837,3.042004,3.231679,-1.952723,2.964157,0.544641,3.097918
793,26.433333,1,581.776686,383.84075,472.107649,378.328242,526.942167,381.084496,2.765252,1.978161,-1.776459,36.630873,0.494397,19.304517
794,26.466667,1,581.99975,381.782155,474.087658,375.552725,528.043704,378.66744,2.802078,0.938983,-1.78528,10.922717,0.508399,5.93085
795,26.5,1,589.378471,380.480554,471.32658,372.531549,530.352526,376.506051,3.028467,6.724723,-2.013027,5.789279,0.50772,6.257001
796,26.533333,1,590.886621,379.309834,477.964115,369.174582,534.425368,374.242208,3.007968,3.438236,-1.893575,2.689418,0.557197,3.063827
797,26.566667,1,593.338699,379.115009,481.778231,367.374948,537.558465,373.244979,2.986946,3.239954,-1.842687,2.101242,0.572129,2.670598
798,26.6,1,595.424442,379.056516,483.833075,367.255107,539.628758,373.155811,2.883925,2.863588,-1.822838,2.033047,0.530543,2.448317
799,26.633333,1,597.422838,379.753236,485.468998,366.828486,541.445918,373.290861,2.899307,2.725686,-1.823288,1.832197,0.53801,2.278941
800,26.666667,1,599.127779,380.201561,486.80624,366.074919,542.96701,373.13824,2.921686,2.654521,-1.83604,2.00654,0.542823,2.330531
801,26.7,1,600.635452,380.195221,488.365278,366.314467,544.500365,373.254844,2.865872,2.574852,-1.843628,2.183545,0.511122,2.379199
802,26.733333,1,601.422892,380.588486,488.280048,366.414894,544.85147,373.50169,2.883816,2.53049,-1.862141,2.251671,0.510837,2.391081
803,26.766667,1,602.120218,380.743099,488.642254,366.444431,545.381236,373.593765,2.872139,2.476982,-1.875439,2.226519,0.49835,2.35175
804,26.8,1,602.42074,381.117858,488.740749,366.618919,545.580745,373.868389,2.881956,2.387665,-1.893622,2.067707,0.494167,2.227686
805,26.833333,1,602.633486,381.597404,488.578129,366.900825,545.605807,374.249115,2.885044,2.416292,-1.89265,2.056323,0.496197,2.236307
806,26.866667,1,602.387819,381.852654,488.337231,367.070072,545.362525,374.461363,2.88881,2.41636,-1.906432,2.138147,0.491189,2.277253
807,26.9,1,602.091551,382.09372,488.098736,367.325258,545.095143,374.709489,2.895167,2.449269,-1.895402,2.174877,0.499883,2.312073
808,26.933333,1,601.540022,382.601473,487.59057,367.484533,544.565296,375.043003,2.887893,2.466499,-1.919044,2.082721,0.484425,2.27461
809,26.966667,1,600.865335,382.664012,487.036943,367.826734,543.951139,375.245373,2.894862,2.396404,-1.904783,2.124974,0.495039,2.260689
810,27.0,1,600.571356,382.822423,486.468143,368.275495,543.51975,375.548959,2.916118,2.375745,-1.876687,2.199715,0.519716,2.28773
811,27.033333,1,599.984446,382.927405,485.968418,368.496315,542.976432,375.71186,2.897067,2.334281,-1.90438,2.284193,0.496343,2.309237
812,27.066667,1,599.451122,383.161304,485.784769,368.846789,542.617946,376.004046,2.879068,2.32865,-1.841029,2.013511,0.51902,2.17108
813,27.1,1,599.566631,383.029178,485.525913,369.044521,542.546272,376.03685,2.909071,2.308785,-1.854081,2.078309,0.527495,2.193547
814,27.133333,1,598.529348,383.166325,485.520096,369.150072,542.024722,376.158198,2.833436,2.292238,-1.83109,2.134858,0.501173,2.213548
815,27.166667,1,598.730288,383.475155,484.636116,369.828354,541.683202,376.651754,2.88539,2.435885,-1.850348,2.17974,0.517521,2.307813
816,27.2,1,597.778234,383.537124,484.432278,369.988782,541.105256,376.762953,2.835543,2.348824,-1.836085,2.201913,0.499729,2.275369
817,27.233333,1,597.381001,383.537843,483.318529,370.350301,540.349765,376.944072,2.850221,2.386794,-1.837764,2.100843,0.506228,2.243818
818,27.266667,1,596.536541,383.448086,482.752705,370.416477,539.644623,376.932281,2.835185,2.330976,-1.848743,2.174526,0.493221,2.252751
819,27.3,1,595.974264,383.077329,482.012472,370.443728,538.993368,376.760529,2.83629,2.413148,-1.847335,2.077416,0.494478,2.245282
820,27.333333,1,595.379057,382.571658,481.5483,370.152912,538.463678,376.362285,2.8299,2.394708,-1.876129,2.124654,0.476885,2.259681
821,27.366667,1,594.471102,381.645663,480.398912,369.766513,537.435007,375.706088,2.832431,2.383271,-1.866988,2.2075,0.482721,2.295385
822,27.4,1,593.168955,380.679617,479.546957,369.319872,536.357956,374.999744,2.813274,2.275998,-1.858272,2.143574,0.477501,2.209786
823,27.433333,1,592.187958,380.134131,478.840456,368.885627,535.514207,374.509879,2.811047,2.264099,-1.855419,2.014497,0.477814,2.139298
824,27.466667,1,591.20924,379.182912,477.344933,368.421321,534.277086,373.802117,2.812116,2.443674,-1.891617,1.955139,0.46025,2.199407
825,27.5,1,590.015316,379.03803,476.430836,368.027916,533.223076,373.532973,2.806837,2.402235,-1.891924,1.937259,0.457457,2.169747
826,27.533333,1,588.789692,377.965479,475.28266,367.504628,532.036176,372.735053,2.794645,2.413828,-1.90155,2.059122,0.446548,2.236475
827,27.566667,1,587.157927,377.299808,473.856239,367.518436,530.507083,372.409122,2.831477,2.408436,-1.901921,1.957317,0.464778,2.182877
828,27.6,1,585.844612,376.42794,472.307911,366.698484,529.076262,371.563212,2.845351,2.323921,-1.93155,1.862085,0.4569,2.093003
829,27.633333,1,584.464369,375.439503,471.157694,366.680127,527.811031,371.059815,2.839847,2.230183,-1.952721,2.017649,0.443563,2.123916
830,27.666667,1,582.664576,374.520739,469.890137,366.973894,526.277356,370.747316,2.864756,2.169098,-1.890973,1.832331,0.486892,2.000715
831,27.7,1,581.067543,373.889959,467.915277,366.981661,524.49141,370.43581,2.864156,2.410251,-1.920384,1.880019,0.471886,2.145135
832,27.733333,1,579.36594,373.178358,466.423454,366.224592,522.894697,369.701475,2.869734,2.508856,-1.942145,1.836804,0.463795,2.17283
833,27.766667,1,577.359018,372.129089,464.865971,365.677582,521.112494,368.903335,2.869127,2.79551,-1.899748,1.884014,0.48469,2.339762
834,27.8,1,575.425749,371.773084,463.318758,365.963162,519.372253,368.868123,2.891555,2.691137,-1.867966,1.808872,0.511794,2.250005
835,27.833333,1,574.204435,371.911916,463.108921,366.32643,518.656678,369.119173,2.903621,2.675951,-1.820271,1.73859,0.541675,2.20727
836,27.866667,1,572.928314,371.402231,462.262468,366.753893,517.595391,369.078062,2.938407,2.537612,-1.81338,1.733013,0.562513,2.135312
837,27.9,1,570.969028,373.887867,461.671314,371.349607,516.320171,372.618737,2.971842,10.388622,-1.80671,3.987417,0.582566,7.18802
838,27.933333,1,569.718142,376.204652,462.180882,374.760164,515.949512,375.482408,2.904779,27.103071,-1.785825,6.048466,0.559477,16.575769
839,27.966667,1,571.640911,373.749433,457.572126,372.167069,514.606519,372.958251,3.058875,7.567723,-1.952559,4.564016,0.553158,6.06587
840,28.0,1,570.302,372.041616,457.59963,370.720725,513.950815,371.381171,3.014831,3.259008,-1.924634,2.857757,0.545098,3.058382
841,28.033333,1,569.962053,371.509241,456.657867,369.612565,513.30996,370.560903,3.043549,2.830586,-1.889562,2.179426,0.576993,2.505006
842,28.066667,1,568.939724,370.843077,456.237717,368.535234,512.58872,369.689156,2.9558,2.31343,-1.872543,1.965941,0.541628,2.139685
843,28.1,1,568.99457,370.093431,456.244354,367.921137,512.619462,369.007284,2.946864,2.389314,-1.851495,1.915483,0.547684,2.152399
844,28.133333,1,569.258947,369.999661,456.387033,367.707059,512.82299,368.85336,2.961005,2.36075,-1.851602,1.858625,0.554702,2.109687
845,28.166667,1,569.570932,369.987677,456.544275,367.609245,513.057604,368.798461,2.955691,2.425267,-1.849778,1.792705,0.552957,2.108986
846,28.2,1,570.084333,370.150509,456.930714,367.266077,513.507524,368.708293,2.985057,2.592615,-1.824986,1.731087,0.580036,2.161851
847,28.233333,1,570.485258,369.677957,457.158003,367.001874,513.82163,368.339916,2.995632,2.496379,-1.831307,1.858775,0.582162,2.177577
848,28.266667,1,570.840502,369.332457,457.407637,366.746721,514.124069,368.039589,2.992478,2.401985,-1.838624,1.867146,0.576927,2.134566
849,28.3,1,570.931969,369.334946,457.767353,366.484745,514.349661,367.909845,3.006345,2.3641,-1.842813,1.848459,0.581766,2.10628
850,28.333333,1,570.930796,368.911232,457.765703,366.128054,514.348249,367.519643,2.980306,2.31825,-1.830269,1.747224,0.575018,2.032737
851,28.366667,1,570.963459,368.563966,458.032227,365.754797,514.497843,367.159382,2.962247,2.253619,-1.830978,1.683915,0.565634,1.968767
852,28.4,1,571.263552,368.767219,458.406286,365.6431,514.834919,367.205159,2.95744,2.305107,-1.824967,1.829974,0.566237,2.067541
853,28.433333,1,571.579075,368.916564,458.621035,365.666177,515.100055,367.291371,2.966478,2.33785,-1.850684,1.933611,0.557897,2.13573
854,28.466667,1,572.024765,368.729517,458.571424,365.689529,515.298095,367.209523,2.969326,2.562996,-1.854111,2.078692,0.557607,2.320844
855,28.5,1,572.011814,368.210553,458.622618,365.27127,515.317216,366.740912,2.970496,2.539743,-1.860648,2.235392,0.554924,2.387568
856,28.533333,1,572.33634,367.980028,458.968983,364.509233,515.652661,366.244631,2.955733,2.290193,-1.888944,2.231513,0.533395,2.260853
857,28.566667,1,572.172785,367.98896,459.806271,364.283724,515.989528,366.136342,2.940136,2.32108,-1.853294,2.104306,0.543421,2.212693
858,28.6,1,572.602711,367.493142,460.071259,364.111301,516.336985,365.802222,2.953365,2.285485,-1.875938,2.177455,0.538713,2.23147
859,28.633333,1,573.238668,367.393638,460.280457,363.874365,516.759562,365.634001,2.966901,2.222423,-1.899327,2.287497,0.533787,2.25496
860,28.666667,1,573.583755,367.420342,460.556812,363.858165,517.070284,365.639253,2.95511,2.259464,-1.897947,2.100429,0.528581,2.179946
861,28.7,1,573.72426,367.492633,460.34584,363.737004,517.03505,365.614818,2.944805,2.345731,-1.877954,2.066714,0.533425,2.206222
862,28.733333,1,573.578606,367.487859,460.328407,363.760414,516.953506,365.624136,2.92567,2.574813,-1.856865,2.142268,0.534402,2.358541
863,28.766667,1,573.599415,367.618021,460.376558,364.024472,516.987987,365.821247,2.928089,2.656133,-1.856174,2.194638,0.535957,2.425385
864,28.8,1,573.46117,367.945046,460.325899,364.357265,516.893535,366.151156,2.899557,2.577381,-1.856247,2.225341,0.521655,2.401361
865,28.833333,1,573.212032,368.280301,460.332098,364.781671,516.772065,366.530986,2.899981,2.672653,-1.857952,2.296315,0.521015,2.484484
866,28.866667,1,573.093529,368.949265,460.39279,365.53638,516.743159,367.242823,2.923997,2.709675,-1.834204,2.258655,0.544896,2.484165
867,28.9,1,572.792749,369.41789,460.157623,365.929152,516.475186,367.673521,2.939946,2.495432,-1.839275,1.936641,0.550336,2.216037
868,28.933333,1,572.874269,369.644462,459.96623,366.379462,516.42025,368.011962,2.943928,2.528507,-1.844007,1.843422,0.549961,2.185965
869,28.966667,1,573.21166,369.961349,459.717798,366.548699,516.464729,368.255024,2.944059,2.64463,-1.863098,1.814025,0.540481,2.229328
870,29.0,1,573.169355,369.96107,459.431076,366.815606,516.300216,368.388338,2.953647,2.68187,-1.87644,1.92051,0.538604,2.30119
871,29.033333,1,573.050165,370.146453,459.49192,367.01565,516.271043,368.581052,2.955251,2.701859,-1.873565,1.982653,0.540843,2.342256
872,29.066667,1,573.326015,370.647522,459.784269,367.228028,516.555142,368.937775,2.963887,2.852872,-1.848398,1.866249,0.557744,2.359561
873,29.1,1,573.754835,370.926751,460.215683,367.403755,516.985259,369.165253,2.981101,2.989377,-1.847378,1.771599,0.566861,2.380488
874,29.133333,1,574.760418,371.562209,461.07769,367.271758,517.919054,369.416984,2.979479,3.134606,-1.844493,1.648145,0.567493,2.391376
875,29.166667,1,576.056232,372.076002,462.021513,367.136264,519.038873,369.606133,2.967909,3.368208,-1.851223,1.88072,0.558343,2.624464
876,29.2,1,577.41292,372.577854,463.160782,367.354236,520.286851,369.966045,2.963051,3.542287,-1.84848,1.888897,0.557286,2.715592
877,29.233333,1,579.830761,372.494792,464.578047,366.681554,522.204404,369.588173,2.991687,3.370611,-1.895393,2.035763,0.548147,2.703187
878,29.266667,1,580.674334,372.74207,465.35924,366.612954,523.016787,369.677512,2.9882,3.552946,-1.894106,1.917301,0.547047,2.735123
879,29.3,1,581.571627,373.124843,466.218662,366.759617,523.895144,369.94223,2.979772,3.498289,-1.899718,1.703032,0.540027,2.60066
880,29.333333,1,581.912498,373.057938,466.461344,366.939009,524.186921,369.998473,3.004862,3.120469,-1.914,1.776792,0.545431,2.448631
881,29.366667,1,582.25709,372.92637,466.61788,366.961073,524.437485,369.943721,3.018789,3.070943,-1.925085,1.761428,0.546852,2.416186
882,29.4,1,582.307663,372.939459,466.37742,367.005769,524.342542,369.972614,2.995499,2.915944,-1.936926,1.926275,0.529286,2.421109
883,29.433333,1,582.172356,372.878551,466.358404,367.079846,524.26538,369.979199,2.976736,2.804613,-1.938112,1.980047,0.519312,2.39233
884,29.466667,1,581.363106,373.028594,465.974216,367.367631,523.668661,370.198113,2.955236,2.716324,-1.932511,2.106842,0.511362,2.411583
885,29.5,1,581.004791,373.486072,465.459852,367.747089,523.232322,370.61658,2.92628,2.779538,-1.933843,1.999004,0.496219,2.389271
886,29.533333,1,580.274162,374.010487,465.179405,368.346766,522.726784,371.178626,2.922702,2.473343,-1.92543,1.894199,0.498636,2.183771
887,29.566667,1,579.750423,374.399761,464.717293,368.483838,522.233858,371.441799,2.913356,2.553779,-1.918538,1.871834,0.497409,2.212807
888,29.6,1,579.048042,374.441882,464.225645,368.689703,521.636844,371.565793,2.90023,2.669102,-1.884636,1.878257,0.507797,2.273679
889,29.633333,1,578.721609,374.525911,463.866062,369.013472,521.293836,371.769691,2.900983,2.472268,-1.88913,1.90805,0.505927,2.190159
890,29.666667,1,578.399734,374.752107,463.71089,369.41965,521.055312,372.085878,2.908182,2.559922,-1.869892,1.931861,0.519145,2.245892
891,29.7,1,578.129044,374.803734,463.50256,369.550531,520.815802,372.177132,2.902518,2.497723,-1.875413,1.94821,0.513553,2.222966
892,29.733333,1,578.343039,374.992851,463.36545,369.514321,520.854244,372.253586,2.882651,2.607114,-1.879283,1.936292,0.501684,2.271703
893,29.766667,1,578.479366,375.08086,463.37595,369.623809,520.927658,372.352334,2.883396,2.611355,-1.877607,1.964922,0.502895,2.288138
894,29.8,1,578.798962,375.255246,463.420515,369.590217,521.109738,372.422732,2.890765,2.757685,-1.894826,2.048261,0.497969,2.402973
895,29.833333,1,578.807621,375.464877,463.502111,369.563094,521.154866,372.513986,2.897228,2.699186,-1.878986,2.081207,0.509121,2.390197
896,29.866667,1,578.887329,375.530816,464.193335,369.627982,521.540332,372.579399,2.864292,2.683316,-1.843407,2.111913,0.510442,2.397614
897,29.9,1,579.607658,375.575427,464.629011,369.612039,522.118335,372.593733,2.883634,2.660543,-1.863438,2.273813,0.510098,2.467178
898,29.933333,1,580.31621,375.718946,465.195141,369.512862,522.755675,372.615904,2.885814,2.646354,-1.839642,2.236721,0.523086,2.441537
899,29.966667,1,580.931864,375.915467,465.693045,369.631383,523.312454,372.773425,2.887203,2.557344,-1.832666,2.222005,0.527268,2.389674
900,30.0,1,581.343231,375.621593,466.183987,369.491597,523.763609,372.556595,2.900986,2.598027,-1.873098,2.503274,0.513944,2.550651
901,30.033333,1,581.753645,375.419987,466.77228,369.55817,524.262962,372.489079,2.944444,2.677203,-1.896826,2.829445,0.523809,2.753324
902,30.066667,1,581.937056,375.284429,466.831169,369.576355,524.384112,372.430392,2.931398,2.662514,-1.899424,2.878484,0.515987,2.770499
903,30.1,1,581.98163,375.298204,466.831636,369.467447,524.406633,372.382826,2.93042,2.727279,-1.888085,2.769094,0.521167,2.748187
904,30.133333,1,581.919918,375.21188,466.658602,369.387184,524.28926,372.299532,2.921356,2.646998,-1.894985,2.730579,0.513186,2.688788
905,30.166667,1,581.625776,375.088509,466.427851,369.199344,524.026814,372.143927,2.908665,2.619371,-1.921737,2.611152,0.493464,2.615261
906,30.2,1,581.286325,374.869169,466.155005,369.20039,523.720665,372.034779,2.909166,2.559824,-1.926629,2.746294,0.491268,2.653059
907,30.233333,1,581.025066,374.8817,465.996914,369.231166,523.51099,372.056433,2.904195,2.531133,-1.932388,2.730694,0.485903,2.630913
908,30.266667,1,580.652685,374.808937,465.917892,369.228312,523.285289,372.018625,2.903185,2.501853,-1.922738,2.708194,0.490223,2.605023
909,30.3,1,580.506315,374.93278,465.665312,369.330804,523.085814,372.131792,2.912937,2.598465,-1.924293,2.624486,0.494322,2.611475
910,30.333333,1,580.521698,374.647737,465.625916,369.233601,523.073807,371.940669,2.92109,2.624525,-1.926907,2.763598,0.497091,2.694062
911,30.366667,1,580.319071,374.713472,465.59514,369.492424,522.957106,372.102948,2.936015,2.665167,-1.927056,2.746011,0.50448,2.705589
912,30.4,1,580.792856,374.756849,465.997362,369.866506,523.395109,372.311677,2.969377,3.061977,-1.962259,3.347271,0.503559,3.204624
913,30.433333,1,580.655107,374.915239,466.461334,370.287495,523.558221,372.601367,2.975787,3.605336,-1.941725,3.431964,0.517031,3.51865
914,30.466667,1,581.225128,375.148065,466.788645,370.378518,524.006886,372.763292,2.991119,3.785701,-1.970851,3.729893,0.510134,3.757797
915,30.5,1,581.740198,375.70031,466.839609,370.624273,524.289904,373.162292,2.988003,3.415766,-1.933552,3.556474,0.527225,3.48612
916,30.533333,1,582.429495,376.406107,467.567616,370.627202,524.998555,373.516654,3.002079,3.499155,-1.934081,3.279926,0.533999,3.389541
917,30.566667,1,582.958851,376.788965,468.126497,370.442966,525.542674,373.615966,3.007499,3.597216,-1.91671,2.946452,0.545394,3.271834
918,30.6,1,583.041792,377.169539,468.524675,370.557743,525.783234,373.863641,2.970343,3.438351,-1.923669,2.888041,0.523337,3.163196
919,30.633333,1,583.716469,377.610333,468.935184,370.648338,526.325827,374.129335,2.993505,3.636118,-1.920939,2.80135,0.536283,3.218734
920,30.666667,1,583.558168,377.95004,468.934546,371.186335,526.246357,374.568188,2.941501,3.33286,-1.892471,2.855193,0.524515,3.094027
921,30.7,1,583.991776,378.309424,468.951063,371.561662,526.471419,374.935543,2.952273,3.399996,-1.918176,2.881891,0.517049,3.140944
922,30.733333,1,583.847618,378.602353,468.819046,371.531568,526.333332,375.06696,2.9401,3.616194,-1.905435,2.870458,0.517333,3.243326
923,30.766667,1,583.679495,380.911231,469.265232,373.645459,526.472363,377.278345,3.001613,4.956285,-1.90779,4.256994,0.546911,4.60664
924,30.8,1,583.689861,382.356577,469.477739,375.711672,526.5838,379.034125,3.014099,6.336412,-1.865185,4.625891,0.574457,5.481152
925,30.833333,1,584.118977,381.84376,469.156246,374.269073,526.637611,378.056417,3.042447,6.151045,-1.915403,4.765661,0.563522,5.458353
926,30.866667,1,582.711563,383.266758,469.971981,377.135936,526.341772,380.201347,2.939081,31.26998,-1.846099,10.003011,0.546491,20.636495
927,30.9,1,580.799532,384.612529,472.760677,379.447861,526.780105,382.030195,2.830284,79.729276,-1.709955,35.397141,0.560164,57.563208
928,30.933333,1,583.197365,383.366525,469.201002,376.99806,526.199183,380.182292,2.944227,33.247761,-1.889727,5.976943,0.52725,19.612352
929,30.966667,1,584.668026,382.014767,467.854433,375.591456,526.26123,378.803111,2.985602,6.995329,-1.952683,4.331553,0.51646,5.663441
930,31.0,1,585.451479,380.385572,468.68576,373.589616,527.06862,376.987594,3.04206,5.208907,-1.951346,3.794332,0.545357,4.501619
931,31.033333,1,585.335808,379.498973,468.518763,372.856643,526.927285,376.177808,3.04124,4.353741,-1.951389,3.087452,0.544925,3.720596
932,31.066667,1,585.034637,379.232823,469.088774,372.542439,527.061706,375.887631,2.999565,3.795139,-1.943905,2.715033,0.52783,3.255086
933,31.1,1,585.05188,379.294546,469.27578,372.435472,527.16383,375.865009,2.993267,3.636973,-1.940145,2.607367,0.526561,3.12217
934,31.133333,1,585.097761,379.269429,469.163361,372.43324,527.130561,375.851335,2.978108,3.717113,-1.92106,2.585589,0.528524,3.151351
935,31.166667,1,585.182076,379.549119,469.362669,372.419894,527.272372,375.984507,2.996015,3.655971,-1.921375,2.58455,0.53732,3.12026
936,31.2,1,585.504065,379.581628,469.690342,372.416611,527.597203,375.999119,2.958336,3.722311,-1.909314,2.724941,0.524511,3.223626
937,31.233333,1,586.082792,379.711801,469.840431,372.522107,527.961612,376.116954,2.948085,3.536995,-1.913185,2.706256,0.51745,3.121626
938,31.266667,1,585.993357,379.887475,469.931688,372.505242,527.962523,376.196358,2.942424,3.650111,-1.89664,2.690537,0.522892,3.170324
939,31.3,1,586.506557,380.035361,470.501108,372.536591,528.503833,376.285976,2.950989,3.490668,-1.902901,2.759493,0.524044,3.12508
940,31.333333,1,587.001591,380.513964,470.648413,372.673395,528.825002,376.593679,2.982363,3.593564,-1.91602,2.577778,0.533172,3.085671
941,31.366667,1,587.562571,381.10567,471.264696,373.015988,529.413633,377.060829,2.966337,3.405291,-1.906546,2.661673,0.529895,3.033482
942,31.4,1,588.698111,381.771598,473.425722,372.569411,531.061916,377.170504,2.997473,3.900512,-1.870601,2.435995,0.563436,3.168253
943,31.433333,1,590.024099,382.352189,474.52837,372.733455,532.276235,377.542822,3.026439,4.205901,-1.843969,2.281171,0.591235,3.243536
944,31.466667,1,591.723738,382.98887,477.106352,372.404712,534.415045,377.696791,2.963728,3.585697,-1.819129,2.328797,0.5723,2.957247
945,31.5,1,593.499174,383.73358,478.571901,372.706901,536.035538,378.22024,2.952618,3.461634,-1.802945,2.436175,0.574836,2.948904
946,31.533333,1,594.829416,384.425601,480.188322,372.779331,537.508869,378.602466,2.968832,3.285652,-1.796772,2.589293,0.58603,2.937473
947,31.566667,1,596.391621,384.84247,481.900396,372.853371,539.146008,378.84792,2.942022,3.38719,-1.817889,2.743829,0.562066,3.065509
948,31.6,1,597.259588,385.391582,482.728682,373.160462,539.994135,379.276022,2.949946,3.569656,-1.882755,2.938144,0.533595,3.2539
949,31.633333,1,598.441954,385.771673,484.523687,373.077003,541.482821,379.424338,2.987228,3.912592,-1.880528,3.392906,0.55335,3.652749
950,31.666667,1,599.082232,385.428951,484.130621,372.977976,541.606426,379.203463,2.951311,4.278368,-1.874801,3.423431,0.538255,3.8509
951,31.7,1,599.004517,385.480449,484.166822,372.8934,541.58567,379.186925,2.947618,4.155018,-1.889773,3.275195,0.528923,3.715107
952,31.733333,1,598.259516,385.263244,484.191275,372.779428,541.225395,379.021336,2.928423,4.062861,-1.860992,3.232723,0.533715,3.647792
953,31.766667,1,597.631025,385.205705,484.056826,372.675744,540.843925,378.940725,2.903332,4.01619,-1.856875,3.379007,0.523229,3.697599
954,31.8,1,592.440767,389.432083,483.311806,375.270234,537.876287,382.351159,2.829944,12.438283,-1.746383,67.410981,0.541781,39.924632
955,31.833333,1,596.353359,394.427236,484.514694,381.417514,540.434027,387.922375,2.861109,64.416967,-1.676452,56.322567,0.592328,60.369767
956,31.866667,1,596.016321,394.291377,481.331177,382.044818,538.673749,388.168098,2.912889,39.188327,-1.760779,58.738896,0.576055,48.963612
957,31.9,1,595.698185,394.549395,483.069916,382.491878,539.38405,388.520637,2.856075,23.895887,-1.725581,46.942537,0.565247,35.419212
958,31.933333,1,593.9816,393.931661,483.198709,382.721808,538.590155,388.326734,2.832865,25.107374,-1.709945,56.535618,0.56146,40.821496
959,31.966667,1,591.646223,393.104875,479.581738,383.567326,535.61398,388.336101,2.784044,13.203208,-1.736332,68.104244,0.523856,40.653726
960,32.0,1,587.028389,391.352009,478.056259,382.353187,532.542324,386.852598,2.766304,34.879088,-1.790465,78.323056,0.487919,56.601072
961,32.033333,1,587.713413,389.120003,475.654221,380.263478,531.683817,384.69174,2.80187,18.692443,-1.822659,70.779594,0.489606,44.736018
962,32.066667,1,587.577057,386.385813,474.920254,377.684587,531.248655,382.0352,2.823709,16.218983,-1.880899,43.628025,0.471405,29.923504
963,32.1,1,589.664402,383.338169,474.174776,374.888535,531.919589,379.113352,2.896263,15.74379,-2.017838,9.781869,0.439213,12.762829
964,32.133333,1,590.345879,380.877113,475.168791,372.044696,532.757335,376.460904,2.970113,4.082893,-1.966309,3.706016,0.501902,3.894454
965,32.166667,1,589.633627,379.921281,475.445042,370.287666,532.539334,375.104474,2.923594,3.380219,-1.923537,2.342361,0.500028,2.86129
966,32.2,1,589.648829,379.5531,475.197926,369.575701,532.423377,374.5644,2.947839,3.338121,-1.862818,2.164085,0.542511,2.751103
967,32.233333,1,589.47937,378.886013,474.832945,369.089803,532.156157,373.987908,2.914086,3.204354,-1.878789,2.227304,0.517648,2.715829
968,32.266667,1,589.531088,378.636332,474.973507,368.789985,532.252297,373.713158,2.923939,3.059226,-1.876277,2.099294,0.523831,2.57926
969,32.3,1,589.488087,378.406155,474.684029,368.649732,532.086058,373.527944,2.88242,3.135153,-1.881178,2.128284,0.500621,2.631718
970,32.333333,1,589.510574,378.311023,474.887047,368.594645,532.198811,373.452834,2.890072,2.909589,-1.880365,2.056659,0.504854,2.483124
971,32.366667,1,589.444427,378.083078,474.797249,368.367666,532.120838,373.225372,2.89763,2.87013,-1.88312,2.041307,0.507255,2.455718
972,32.4,1,589.128513,377.839565,474.481773,368.354614,531.805143,373.09709,2.878381,2.737534,-1.888276,2.017632,0.495052,2.377583
973,32.433333,1,588.699389,377.469131,474.378948,368.181757,531.539168,372.825444,2.887302,2.526668,-1.868366,1.872807,0.509468,2.199738
974,32.466667,1,587.963963,376.947634,473.354292,367.66408,530.659127,372.305857,2.859204,2.56915,-1.894607,1.909725,0.482299,2.239438
975,32.5,1,587.118244,376.223041,472.733517,367.323461,529.92588,371.773251,2.867738,2.517232,-1.886553,1.940655,0.490592,2.228944
976,32.533333,1,586.416502,375.474973,472.776289,366.720414,529.596395,371.097693,2.847871,2.390872,-1.870823,1.869831,0.488524,2.130351
977,32.566667,1,585.647488,375.276629,471.654119,366.310589,528.650804,370.793609,2.860183,2.364968,-1.899069,1.911379,0.480557,2.138174
978,32.6,1,585.097752,374.605122,470.932951,365.919018,528.015351,370.26207,2.900711,2.344646,-1.918406,1.917227,0.491152,2.130937
979,32.633333,1,584.684105,374.530449,470.564613,365.991985,527.624359,370.261217,2.898005,2.501173,-1.917922,1.995613,0.490042,2.248393
980,32.666667,1,584.256582,373.958505,470.155449,365.812588,527.206016,369.885547,2.91006,2.315888,-1.925542,2.11704,0.492259,2.216464
981,32.7,1,583.832312,373.403202,469.639683,365.934446,526.735997,369.668824,2.900556,2.19917,-1.924144,2.220006,0.488206,2.209588
982,32.733333,1,583.28042,373.500931,469.300089,365.817486,526.290255,369.659209,2.908499,2.261706,-1.932235,2.212658,0.488132,2.237182
983,32.766667,1,582.97967,373.590785,469.250603,365.925847,526.115136,369.758316,2.895687,2.303618,-1.926284,2.271622,0.484701,2.28762
984,32.8,1,582.922144,373.583554,469.280624,366.419309,526.101384,370.001432,2.918074,2.299609,-1.932,2.266801,0.493037,2.283205
985,32.833333,1,578.43854,377.040846,471.368618,371.587819,524.903579,374.314333,2.896564,10.256973,-1.815653,14.514327,0.540455,12.38565
986,32.866667,1,577.094622,379.390837,469.138632,374.106767,523.116627,376.748802,2.861801,8.820193,-1.79986,27.788064,0.530971,18.304128
987,32.9,1,578.265257,377.59939,470.751314,372.24172,524.508286,374.920555,2.841916,23.661958,-1.825764,11.360173,0.508076,17.511066
988,32.933333,1,579.86867,377.039173,470.509548,371.298172,525.189109,374.168673,2.918983,13.442828,-1.86604,5.698544,0.526472,9.570686
989,32.966667,1,582.390175,376.231817,468.416519,369.577653,525.403347,372.904735,2.999326,4.164683,-2.003367,3.43946,0.49798,3.802072
990,33.0,1,582.834377,375.19995,468.016281,368.772583,525.425329,371.986266,2.983983,3.532325,-1.989609,3.006365,0.497187,3.269345
991,33.033333,1,582.45718,373.913133,467.643957,368.478141,525.050569,371.195637,2.985651,3.235987,-1.985145,2.620693,0.500253,2.92834
992,33.066667,1,582.035198,373.63501,466.965685,368.085337,524.500442,370.860173,2.98221,3.14151,-2.003778,2.307422,0.489216,2.724466
993,33.1,1,581.796494,373.748488,467.099333,368.056895,524.447913,370.902691,2.945203,2.623977,-1.990609,2.112157,0.477297,2.368067
994,33.133333,1,581.551962,373.580679,466.554832,368.04468,524.053397,370.812679,2.94511,2.752624,-1.993108,2.15807,0.476001,2.455347
995,33.166667,1,581.255417,373.528322,466.343031,368.032658,523.799224,370.78049,2.927161,2.709188,-1.979623,2.169974,0.473769,2.439581
996,33.2,1,580.841408,373.328916,466.175938,367.907259,523.508673,370.618088,2.938141,2.868312,-1.979055,2.146297,0.479543,2.507304
997,33.233333,1,580.607862,373.362025,465.832167,367.814353,523.220015,370.588189,2.949305,2.872346,-1.976488,2.154875,0.486409,2.51361
998,33.266667,1,580.379648,373.381498,465.679798,367.851963,523.029723,370.61673,2.957958,2.964242,-1.979482,2.203959,0.489238,2.5841
999,33.3,1,579.820852,373.427535,465.426493,367.871114,522.623672,370.649325,2.93969,3.220191,-1.977143,2.218505,0.481273,2.719348
1000,33.333333,1,579.079647,373.303435,465.392809,367.781705,522.236228,370.54257,2.935622,3.335325,-1.948753,2.226378,0.493434,2.780852
1001,33.366667,1,577.584524,373.041941,462.698631,368.399091,520.141578,370.720516,2.923895,3.481994,-1.981623,2.484767,0.471136,2.98338
1002,33.4,1,576.424561,373.303725,462.61198,368.536001,519.51827,370.919863,2.924855,3.325508,-1.976949,2.732587,0.473953,3.029047
1003,33.433333,1,575.444813,373.459282,461.996918,368.816593,518.720865,371.137937,2.920831,3.307365,-1.926124,2.516988,0.497353,2.912176
1004,33.466667,1,574.526653,374.026859,461.320906,369.464518,517.923779,371.745688,2.926609,3.442999,-1.896958,2.604527,0.514826,3.023763
1005,33.5,1,573.837576,374.397583,460.867939,369.918895,517.352757,372.158239,2.920145,3.399153,-1.883027,2.490948,0.518559,2.945051
1006,33.533333,1,573.437119,374.469101,460.379248,370.26638,516.908183,372.367741,2.953498,3.320922,-1.855149,2.197665,0.549175,2.759293
1007,33.566667,1,572.893667,374.949753,459.854193,371.13915,516.37393,373.044451,2.969359,3.276746,-1.838779,2.36886,0.56529,2.822803
1008,33.6,1,572.331018,375.290018,459.00301,372.000149,515.667014,373.645084,2.96777,3.190911,-1.833643,2.312793,0.567063,2.751852
1009,33.633333,1,571.932783,375.551072,458.123045,372.373052,515.027914,373.962062,2.963727,3.420624,-1.833039,2.301837,0.565344,2.861231
1010,33.666667,1,571.327085,375.56649,457.818565,372.953814,514.572825,374.260152,2.942928,3.254161,-1.816956,2.319999,0.562986,2.78708
1011,33.7,1,570.831327,375.839463,456.522779,372.862501,513.677053,374.350982,2.963217,3.603835,-1.829985,2.324067,0.566616,2.963951
1012,33.733333,1,570.164804,375.905811,456.057615,373.476351,513.11121,374.691081,2.950107,3.536047,-1.812485,2.314938,0.568811,2.925492
1013,33.766667,1,569.65497,375.983841,455.67461,374.047533,512.66479,375.015687,2.956659,3.379564,-1.825652,2.360178,0.565504,2.869871
1014,33.8,1,569.171114,376.237482,455.052977,374.27742,512.112045,375.257451,2.961899,3.441542,-1.821549,2.329755,0.570175,2.885649
1015,33.833333,1,568.916845,376.123488,454.705238,374.384161,511.811042,375.253825,2.935735,3.19824,-1.807261,2.388521,0.564237,2.793381
1016,33.866667,1,568.609228,376.407083,454.386997,374.536221,511.498113,375.471652,2.948732,3.153443,-1.812351,2.368513,0.568191,2.760978
1017,33.9,1,568.215971,376.71175,454.088554,374.707174,511.152263,375.709462,2.946015,3.228437,-1.810065,2.341139,0.567975,2.784788
1018,33.933333,1,568.129683,376.894773,453.77986,374.848312,510.954771,375.871543,2.942006,3.14646,-1.813325,2.311679,0.564341,2.729069
1019,33.966667,1,568.06138,376.831387,453.565187,374.880542,510.813284,375.855964,2.946149,3.083232,-1.813038,2.306596,0.566556,2.694914
1020,34.0,1,568.074694,376.874571,453.579664,375.005414,510.827179,375.939993,2.951425,3.208434,-1.812629,2.335581,0.569398,2.772007
1021,34.033333,1,568.167562,376.942281,453.427219,375.087769,510.797391,376.015025,2.952833,3.207761,-1.841431,2.350362,0.555701,2.779061
1022,34.066667,1,568.389778,376.756135,453.542547,375.036281,510.966163,375.896208,2.959344,3.232561,-1.860106,2.420177,0.549619,2.826369
1023,34.1,1,569.00362,376.676162,454.097042,374.862206,511.550331,375.769184,2.969737,3.222481,-1.850273,2.357559,0.559732,2.79002
1024,34.133333,1,569.183874,376.728873,454.588099,374.702593,511.885986,375.715733,2.968945,3.247729,-1.842459,2.289158,0.563243,2.768443
1025,34.166667,1,569.61277,376.469729,454.827156,374.301699,512.219963,375.385714,2.967627,3.229953,-1.839127,2.288533,0.56425,2.759243
1026,34.2,1,569.707613,375.854409,455.206308,373.523548,512.456961,374.688978,2.974283,3.376876,-1.868585,2.258967,0.552849,2.817922
1027,34.233333,1,569.906387,375.21261,455.215578,372.715409,512.560983,373.964009,2.988467,3.706312,-1.858333,2.238449,0.565067,2.97238
1028,34.266667,1,570.059052,374.883149,456.146479,372.038172,513.102765,373.460661,2.989458,3.302533,-1.843841,2.158673,0.572808,2.730603
1029,34.3,1,570.517702,374.482952,456.518888,371.225013,513.518295,372.853982,3.016889,3.494444,-1.836776,2.152837,0.590057,2.823641
1030,34.333333,1,570.957565,374.328833,457.417736,370.595326,514.187651,372.46208,2.996224,3.360236,-1.841226,2.148164,0.577499,2.7542
1031,34.366667,1,571.624041,374.229462,457.877426,370.406306,514.750733,372.317884,2.99918,3.363756,-1.844526,2.191865,0.577327,2.777811
1032,34.4,1,572.215509,374.338295,458.244085,370.261638,515.229797,372.299967,2.998079,3.461391,-1.857042,2.242106,0.570519,2.851748
1033,34.433333,1,572.397575,374.463469,458.599949,370.149876,515.498762,372.306672,2.979162,3.493629,-1.852991,2.1827,0.563085,2.838165
1034,34.466667,1,572.880564,374.61746,459.250612,370.300756,516.065588,372.459108,2.980726,3.359541,-1.860751,2.14807,0.559987,2.753806
1035,34.5,1,573.428602,375.050873,459.743357,371.085012,516.585979,373.067942,2.957849,3.270016,-1.864174,2.17637,0.546838,2.723193
1036,34.533333,1,573.835154,375.461572,460.112057,371.434375,516.973605,373.447974,2.960358,3.297593,-1.879793,2.195218,0.540283,2.746406
1037,34.566667,1,574.582825,376.089016,460.250311,371.735877,517.416568,373.912446,2.984887,3.389563,-1.86758,2.204525,0.558654,2.797044
1038,34.6,1,574.822435,376.585708,460.615406,372.153046,517.718921,374.369377,2.96605,3.085108,-1.869643,2.194112,0.548204,2.63961
1039,34.633333,1,575.390949,377.045578,460.783463,372.75826,518.087206,374.901919,2.936806,2.970384,-1.873864,2.224592,0.531471,2.597488
1040,34.666667,1,576.122913,377.595656,461.139803,373.04045,518.631358,375.318053,2.943884,2.809755,-1.876294,2.294804,0.533795,2.552279
1041,34.7,1,576.448488,377.894604,461.28418,373.21268,518.866334,375.553642,2.956072,2.94154,-1.872728,2.219666,0.541672,2.580603
1042,34.733333,1,576.807413,378.105962,461.571236,373.146461,519.189324,375.626212,2.960982,2.691523,-1.871634,2.189457,0.544674,2.44049
1043,34.766667,1,577.195683,378.279018,461.562281,373.113685,519.378982,375.696352,2.965431,2.716365,-1.869693,2.178547,0.547869,2.447456
1044,34.8,1,577.305717,378.550351,461.830082,373.06887,519.5679,375.80961,2.953044,2.734757,-1.856941,2.102482,0.548052,2.41862
1045,34.833333,1,577.443323,378.841499,461.876068,373.220115,519.659696,376.030807,2.952363,2.592759,-1.855202,2.15487,0.54858,2.373815
1046,34.866667,1,577.439518,378.914069,461.9238,373.098396,519.681659,376.006233,2.931107,2.568337,-1.871102,2.177707,0.530002,2.373022
1047,34.9,1,577.53294,378.888298,462.065735,372.972676,519.799337,375.930487,2.931166,2.607235,-1.868933,2.145689,0.531117,2.376462
1048,34.933333,1,577.643452,378.771944,462.190647,372.810445,519.917049,375.791194,2.930884,2.676454,-1.875151,2.202969,0.527867,2.439712
1049,34.966667,1,577.665377,378.742021,462.656469,372.505692,520.160923,375.623857,2.940095,2.654213,-1.869787,2.217677,0.535154,2.435945
1050,35.0,1,577.176418,378.69784,463.017063,372.384692,520.096741,375.541266,2.928588,2.678009,-1.858729,2.388399,0.53493,2.533204
1051,35.033333,1,577.058525,378.477287,463.259392,372.18358,520.158958,375.330434,2.917605,2.709358,-1.86539,2.510865,0.526108,2.610112
1052,35.066667,1,576.916389,378.220664,463.273382,372.13514,520.094886,375.177902,2.914207,2.633866,-1.868571,2.53419,0.522818,2.584028
1053,35.1,1,576.804352,377.79945,463.271275,371.908482,520.037813,374.853966,2.901023,2.54439,-1.874464,2.604093,0.51328,2.574242
1054,35.133333,1,576.619616,377.522796,463.101959,371.649327,519.860787,374.586062,2.917155,2.553222,-1.878305,2.646096,0.519425,2.599659
1055,35.166667,1,576.847715,376.869121,462.948151,371.491978,519.897933,374.180549,2.918459,2.489587,-1.910695,2.731093,0.503882,2.61034
1056,35.2,1,576.656361,376.869045,462.915382,371.486442,519.785872,374.177744,2.912251,2.551477,-1.916948,2.707872,0.497651,2.629674
1057,35.233333,1,576.778526,376.87411,462.960863,371.387544,519.869695,374.130827,2.922573,2.480899,-1.918412,2.656076,0.502081,2.568488
1058,35.266667,1,575.950813,376.801357,462.809019,371.722541,519.379916,374.261949,2.887584,2.741419,-1.959968,3.996205,0.463808,3.368812
1059,35.3,1,574.045477,380.169343,465.440235,374.837433,519.742856,377.503388,2.853509,11.249318,-1.836678,10.564223,0.508415,10.90677
1060,35.333333,1,572.989368,383.136091,462.26038,376.62799,517.624874,379.882041,2.797957,65.512655,-1.784488,122.074212,0.506735,93.793433
1061,35.366667,1,572.168789,384.565258,459.358597,379.736477,515.763693,382.150868,2.806329,22.119995,-1.795301,99.972933,0.505514,61.046464
1062,35.4,1,571.889544,384.923054,460.086479,380.439388,515.988011,382.681221,2.773379,21.576516,-1.790212,105.298304,0.491583,63.43741
1063,35.433333,1,571.923733,384.789673,460.018883,380.515981,515.971308,382.652827,2.763598,21.74651,-1.800825,107.055447,0.481386,64.400979
1064,35.466667,1,573.473043,384.139785,459.598322,379.698111,516.535683,381.918948,2.811414,23.373497,-1.834489,108.089306,0.488462,65.731402
1065,35.5,1,572.962599,381.955093,461.382227,376.787957,517.172413,379.371525,2.771657,33.000604,-1.841331,89.950063,0.465163,61.475334
1066,35.533333,1,573.721895,380.450224,461.133518,374.909831,517.427707,377.680027,2.831868,10.709297,-1.957412,12.144313,0.437228,11.426805
1067,35.566667,1,577.390642,378.739264,461.530838,372.615416,519.46074,375.67734,2.958165,4.73679,-2.00813,4.931187,0.475017,4.833989
1068,35.6,1,576.831903,377.080457,462.166424,371.72356,519.499164,374.402009,2.908834,3.186463,-1.908868,3.301897,0.499983,3.24418
1069,35.633333,1,576.674271,376.454279,462.302799,370.449876,519.488535,373.452078,2.90983,2.999431,-1.896928,2.29094,0.506451,2.645185
1070,35.666667,1,576.403151,376.474943,462.376232,370.649314,519.389691,373.562129,2.885933,2.940438,-1.900093,2.606189,0.49292,2.773314
1071,35.7,1,576.051311,376.137607,462.011089,371.138442,519.0312,373.638024,2.880734,3.189556,-1.928144,3.222997,0.476295,3.206277
1072,35.733333,1,574.847775,377.742609,463.750515,373.260627,519.299145,375.501618,2.909741,6.715539,-1.933859,9.210054,0.487941,7.962797
1073,35.766667,1,571.723433,383.779296,461.032362,378.501878,516.377897,381.140587,2.820975,38.113891,-1.74747,78.596323,0.536752,58.355107
1074,35.8,1,573.291521,384.27942,459.10265,379.758021,516.197085,382.018721,2.851884,11.428588,-1.789356,85.52619,0.531264,48.477389
1075,35.833333,1,572.959986,384.279656,458.645802,380.505649,515.802894,382.392653,2.80731,9.558472,-1.811262,71.195646,0.498024,40.377059
1076,35.866667,1,571.743002,383.953403,459.227057,380.934631,515.485029,382.444017,2.760821,6.156357,-1.806024,70.470234,0.477399,38.313296
1077,35.9,1,571.867962,383.933619,457.73325,381.26937,514.800606,382.601495,2.789369,6.09436,-1.841507,78.405932,0.473931,42.250146
1078,35.933333,1,571.257572,382.593158,459.207411,379.579804,515.232491,381.086481,2.794602,9.156877,-1.813922,79.236435,0.49034,44.196656
1079,35.966667,1,571.648979,380.619814,460.638838,377.321159,516.143909,378.970487,2.777555,12.311445,-1.866198,56.572888,0.455679,34.442166
1080,36.0,1,573.071613,379.07424,460.057611,376.186488,516.564612,377.630364,2.85578,19.680311,-1.928818,35.040008,0.463481,27.360159
1081,36.033333,1,571.072559,382.240942,462.202921,381.480428,516.63774,381.860685,2.841972,4.90703,-1.752703,54.221087,0.544634,29.564058
1082,36.066667,1,570.495996,382.146903,457.545691,381.810973,514.020844,381.978938,2.794101,2.375138,-1.822785,54.804292,0.485658,28.589715
1083,36.1,1,571.356335,378.480613,460.657883,376.806893,516.007109,377.643753,2.787803,21.174471,-1.927427,13.190031,0.430188,17.182251
1084,36.133333,1,572.990351,375.131629,458.865204,373.321921,515.927777,374.226775,2.941209,5.117763,-2.063454,4.324365,0.438877,4.721064
1085,36.166667,1,574.025764,374.134458,458.873367,371.612753,516.449566,372.873605,3.003707,3.923278,-2.018769,3.565521,0.492469,3.744399
1086,36.2,1,574.117355,374.056996,459.604063,370.861917,516.860709,372.459456,2.985353,3.443569,-1.975276,3.11616,0.505038,3.279865
1087,36.233333,1,574.003563,373.901128,459.877815,370.426905,516.940689,372.164016,2.985428,3.518581,-1.931989,3.072308,0.526719,3.295445
1088,36.266667,1,573.708305,373.91957,459.992943,370.742269,516.850624,372.33092,2.987152,3.542134,-1.909147,3.177104,0.539003,3.359619
1089,36.3,1,573.845034,373.970382,459.833584,370.55666,516.839309,372.263521,2.960348,3.947785,-1.94803,3.152363,0.506159,3.550074
1090,36.333333,1,573.921051,373.936243,459.758863,370.543259,516.839957,372.239751,2.955057,3.917508,-1.952449,2.976968,0.501304,3.447238
1091,36.366667,1,573.8416,373.992816,459.874964,370.393485,516.858282,372.193151,2.947722,3.874876,-1.948925,2.873197,0.499399,3.374036
1092,36.4,1,573.985519,373.840016,460.038147,370.159392,517.011833,371.999704,2.950016,3.977558,-1.941727,2.680519,0.504145,3.329039
1093,36.433333,1,574.13681,373.660587,459.99403,369.962046,517.06542,371.811317,2.959242,4.022635,-1.943853,2.650741,0.507695,3.336688
1094,36.466667,1,573.8941,373.731151,460.098753,369.926115,516.996427,371.828633,2.961869,4.190134,-1.92605,2.587566,0.51791,3.38885
1095,36.5,1,573.655386,373.702644,460.037556,369.869274,516.846471,371.785959,2.971756,4.140309,-1.919248,2.673943,0.526254,3.407126
1096,36.533333,1,573.587046,373.692849,459.949417,369.733157,516.768231,371.713003,2.97831,4.431655,-1.911901,2.673107,0.533205,3.552381
1097,36.566667,1,573.55628,373.45277,459.991045,369.794344,516.773663,371.623557,2.976827,4.424008,-1.913748,2.644996,0.53154,3.534502
1098,36.6,1,573.544483,373.448339,460.076189,369.867976,516.810336,371.658157,2.991495,4.918166,-1.927582,2.987909,0.531956,3.953038
1099,36.633333,1,573.577185,373.355877,459.784994,369.753885,516.681089,371.554881,2.976165,4.927967,-1.973286,3.691974,0.501439,4.30997
1100,36.666667,1,573.326101,373.350502,459.55658,369.835639,516.44134,371.593071,2.98067,5.699358,-2.005511,4.17283,0.48758,4.936094
1101,36.7,1,573.0054,373.471781,459.063225,369.936662,516.034312,371.704221,2.983893,5.908229,-2.048629,5.237057,0.467632,5.572643
1102,36.733333,1,571.823378,373.772972,459.243221,370.359174,515.533299,372.066073,2.968225,6.084441,-2.051371,7.723353,0.458427,6.903897
1103,36.766667,1,570.533047,374.08517,458.97028,370.978067,514.751663,372.531618,2.952062,6.222416,-2.018652,14.197424,0.466705,10.20992
1104,36.8,1,570.555534,373.974835,458.148689,371.123486,514.352112,372.54916,2.937787,6.521464,-2.045803,14.78641,0.445992,10.653937
1105,36.833333,1,570.197601,374.001828,458.29319,371.207074,514.245396,372.604451,2.931484,6.105349,-2.020849,14.043808,0.455318,10.074579
1106,36.866667,1,570.463486,374.090084,458.002958,371.163762,514.233222,372.626923,2.937321,6.198154,-2.032178,14.440463,0.452571,10.319308
1107,36.9,1,571.760788,374.129158,457.895794,371.082737,514.828291,372.605948,2.965505,6.261203,-2.058691,10.738091,0.453407,8.499647
1108,36.933333,1,571.681595,374.057683,458.424654,371.171186,515.053124,372.614434,2.973939,6.213887,-2.041293,11.705002,0.466323,8.959444
1109,36.966667,1,571.831703,373.837591,457.460661,371.114227,514.646182,372.475909,2.97349,6.065679,-2.085311,9.907833,0.44409,7.986756
1110,37.0,1,572.756872,373.815565,457.747345,370.947136,515.252109,372.38135,3.00153,6.17114,-2.09053,9.16101,0.4555,7.666075
1111,37.033333,1,572.62804,373.75632,457.606764,370.892537,515.117402,372.324429,2.995285,6.080569,-2.091337,9.248854,0.451974,7.664711
1112,37.066667,1,572.379894,373.677506,457.609367,370.709074,514.994631,372.19329,2.987337,5.885491,-2.080213,10.025854,0.453562,7.955673
1113,37.1,1,572.194214,378.059871,460.263958,376.582146,516.229086,377.321008,2.876983,18.796758,-1.868273,19.421395,0.504355,19.109076
1114,37.133333,1,570.958567,378.936406,460.664101,377.212905,515.811334,378.074656,2.785979,4.471961,-1.849773,34.005156,0.468103,19.238558
1115,37.166667,1,572.574444,377.720786,462.438307,374.987776,517.506375,376.354281,2.851634,22.225179,-1.924317,14.844324,0.463659,18.534751
1116,37.2,1,573.125038,376.085122,461.101046,372.415559,517.113042,374.25034,2.90635,10.679648,-2.008849,5.768245,0.448751,8.223947
1117,37.233333,1,574.550486,374.790484,458.546753,371.376418,516.548619,373.083451,3.029982,5.586696,-2.080848,5.054817,0.474567,5.320757
1118,37.266667,1,574.026327,374.245652,459.292631,370.556284,516.659479,372.400968,3.001877,4.931656,-2.022235,4.184626,0.489821,4.558141
1119,37.3,1,574.177532,373.845896,459.047966,370.123601,516.612749,371.984748,2.983272,4.435891,-2.02678,4.04997,0.478246,4.24293
1120,37.333333,1,573.973894,373.680736,459.597979,369.838171,516.785936,371.759453,2.98464,4.539843,-1.994717,3.528425,0.494961,4.034134
1121,37.366667,1,574.180193,373.606203,459.633465,369.709436,516.906829,371.657819,2.986599,4.440398,-1.979532,3.267982,0.503533,3.85419
1122,37.4,1,574.188585,373.493968,459.54442,369.757522,516.866503,371.625745,2.985683,4.282074,-1.989259,3.325995,0.498212,3.804035
1123,37.433333,1,574.263248,373.393686,459.636917,369.6144,516.950083,371.504043,2.97206,4.291557,-1.987154,3.16687,0.492453,3.729213
1124,37.466667,1,574.397793,373.325129,459.799118,369.407419,517.098455,371.366274,2.983172,4.308933,-1.983533,3.238221,0.499819,3.773577
1125,37.5,1,574.507256,373.339419,459.750929,369.315387,517.129092,371.327403,2.980938,4.232462,-1.980388,3.086264,0.500275,3.659363
1126,37.533333,1,574.644089,373.422686,460.318394,369.430357,517.481241,371.426522,2.966931,4.119908,-1.963964,3.091896,0.501484,3.605902
1127,37.566667,1,574.612837,373.469721,460.636778,369.395016,517.624807,371.432369,2.963278,3.756248,-1.96328,3.052466,0.499999,3.404357
1128,37.6,1,574.742241,373.523569,460.557041,369.349687,517.649641,371.436628,2.973472,3.813628,-1.955565,2.84945,0.508954,3.331539
1129,37.633333,1,574.769897,373.599443,460.62336,369.350406,517.696629,371.474925,2.968271,3.889562,-1.957449,2.887351,0.505411,3.388456
1130,37.666667,1,574.804049,373.548567,460.633373,369.471438,517.718711,371.510003,2.959999,3.930447,-1.948397,2.793715,0.505801,3.362081
1131,37.7,1,574.629354,373.376005,460.480299,369.715455,517.554827,371.54573,2.948423,3.839719,-1.986072,3.289056,0.481176,3.564388
1132,37.733333,1,574.792271,373.516735,460.246391,369.795803,517.519331,371.656269,2.961977,3.986211,-1.997799,3.432133,0.482089,3.709172
1133,37.766667,1,574.666214,373.549147,460.370846,370.081651,517.51853,371.815399,2.957105,3.959125,-2.014092,3.862593,0.471507,3.910859
1134,37.8,1,574.641724,373.853084,459.900761,370.517263,517.271242,372.185174,2.946621,4.332405,-2.093579,5.325929,0.426521,4.829167
1135,37.833333,1,574.674454,373.710669,459.613676,370.890799,517.144065,372.300734,2.961322,4.759576,-2.090425,5.392031,0.435448,5.075803
1136,37.866667,1,574.124813,373.923626,459.418516,370.932695,516.771665,372.42816,2.967089,5.312204,-2.113956,5.682072,0.426566,5.497138
1137,37.9,1,573.940744,374.025314,459.379272,370.924573,516.660008,372.474943,2.957944,5.322813,-2.1129,5.792991,0.422522,5.557902
1138,37.933333,1,573.489771,373.926491,459.500113,370.921322,516.494942,372.423906,2.955755,5.350848,-2.107777,5.776115,0.423989,5.563482
1139,37.966667,1,573.26683,373.887255,459.195547,371.103852,516.231189,372.495553,2.964558,5.40259,-2.101666,6.059288,0.431446,5.730939
1140,38.0,1,572.602787,373.989265,458.622856,371.261426,515.612822,372.625346,2.979263,5.351235,-2.099756,6.078811,0.439753,5.715023
1141,38.033333,1,572.164888,374.03041,458.827562,371.233102,515.496225,372.631756,2.960869,5.186797,-2.09419,6.073811,0.43334,5.630304
1142,38.066667,1,572.309761,373.93649,457.781391,371.192569,515.045576,372.564529,2.982269,5.448129,-2.136816,6.305733,0.422727,5.876931
1143,38.1,1,572.295427,373.799686,457.640896,370.961426,514.968162,372.380556,2.985416,5.64988,-2.139588,6.420448,0.422914,6.035164
1144,38.133333,1,572.237225,373.687034,458.195982,370.720532,515.216603,372.203783,2.997801,5.667284,-2.109294,6.444633,0.444253,6.055958
1145,38.166667,1,572.341175,373.435668,457.857857,370.805923,515.099516,372.120795,3.00036,5.851668,-2.125308,6.494104,0.437526,6.172886
1146,38.2,1,572.733688,373.524084,458.381538,370.656234,515.557613,372.090159,3.01297,5.366803,-2.115987,6.506235,0.448491,5.936519
1147,38.233333,1,571.99008,373.325976,457.659025,370.767921,514.824553,372.046949,2.998641,5.396746,-2.126426,7.753227,0.436107,6.574986
1148,38.266667,1,571.921654,373.195535,457.019644,370.725875,514.470649,371.960705,2.9969,5.241342,-2.147197,7.036409,0.424852,6.138875
1149,38.3,1,572.194195,372.984284,456.711006,370.433997,514.4526,371.709141,2.996427,4.836503,-2.168259,6.712075,0.414084,5.774289
1150,38.333333,1,572.44523,372.752445,457.555523,370.078497,515.000377,371.415471,3.012105,4.888882,-2.157415,6.590977,0.427345,5.73993
1151,38.366667,1,572.253284,372.786273,457.663631,370.065955,514.958458,371.426114,3.017745,4.939667,-2.157033,6.516258,0.430356,5.727963
1152,38.4,1,572.276859,372.742671,457.741728,369.988976,515.009294,371.365823,3.00856,4.903599,-2.150278,6.406779,0.429141,5.655189
1153,38.433333,1,572.558165,372.688715,458.328047,369.781855,515.443106,371.235285,3.032748,5.119324,-2.127328,6.06076,0.45271,5.590042
1154,38.466667,1,572.632113,372.6165,458.349276,369.671949,515.490694,371.144224,3.031408,5.163381,-2.11541,6.170828,0.457999,5.667104
1155,38.5,1,573.405323,372.661668,457.997246,369.618756,515.701284,371.140212,3.056948,5.138342,-2.13248,6.067311,0.462234,5.602826
1156,38.533333,1,573.298264,372.581084,457.652903,369.817582,515.475583,371.199333,3.038977,5.215997,-2.137496,5.814373,0.450741,5.515185
1157,38.566667,1,573.295584,372.577082,457.867441,369.76559,515.581512,371.171336,3.04872,5.210045,-2.132972,5.679662,0.457874,5.444854
1158,38.6,1,573.035364,372.333398,458.386087,369.545542,515.710726,370.93947,3.031813,5.22161,-2.12385,5.626222,0.453981,5.423916
1159,38.633333,1,573.794069,372.371528,458.767538,369.382346,516.280804,370.876937,3.030774,4.931543,-2.105892,5.269682,0.462441,5.100613
1160,38.666667,1,573.539562,372.293358,458.748655,369.398139,516.144109,370.845748,3.025265,4.915767,-2.108998,5.338233,0.458133,5.127
1161,38.7,1,573.953648,372.42926,458.94536,369.434048,516.449504,370.931654,3.035539,4.914794,-2.108578,5.369663,0.46348,5.142229
1162,38.733333,1,574.207544,372.448014,459.197063,369.396572,516.702304,370.922293,3.046437,4.767001,-2.107815,5.635764,0.469311,5.201383
1163,38.766667,1,574.404821,372.957162,459.327078,369.833719,516.86595,371.39544,3.024231,5.067862,-2.112776,5.680733,0.455727,5.374298
1164,38.8,1,574.837084,373.422471,459.561834,370.018147,517.199459,371.720309,3.022569,4.98277,-2.101206,5.803523,0.460682,5.393146
1165,38.833333,1,574.846945,373.597845,459.455643,370.190356,517.151294,371.8941,3.012342,4.744044,-2.088071,5.53708,0.462136,5.140562
1166,38.866667,1,574.78611,373.736397,459.750547,370.411241,517.268329,372.073819,3.001513,4.705214,-2.106131,5.577451,0.447691,5.141333
1167,38.9,1,575.199566,374.324026,459.762163,370.618887,517.480865,372.471457,2.992585,5.032872,-2.11663,6.22023,0.437978,5.626551
1168,38.933333,1,576.290951,374.925023,460.820427,371.00107,518.555689,372.963046,2.980954,5.199146,-2.103364,7.034744,0.438795,6.116945
1169,38.966667,1,576.165066,374.826865,461.003084,371.191217,518.584075,373.009041,2.969054,5.142765,-2.090834,6.368624,0.43911,5.755695
1170,39.0,1,576.49785,375.391116,461.491451,371.199231,518.994651,373.295174,2.964739,5.055638,-2.091615,5.395749,0.436562,5.225693
1171,39.033333,1,577.253399,375.384368,462.177105,371.316787,519.715252,373.350577,2.973612,4.643542,-2.051788,4.356451,0.460912,4.499997
1172,39.066667,1,577.107105,375.247328,462.36969,371.414205,519.738398,373.330767,2.960446,5.00473,-2.042474,4.364553,0.458986,4.684641
1173,39.1,1,577.422905,375.073081,461.827736,371.144793,519.62532,373.108937,2.966766,5.253813,-2.066736,4.727802,0.450015,4.990808
1174,39.133333,1,577.631817,374.869308,461.757116,370.822788,519.694467,372.846048,2.986737,5.343769,-2.08662,4.745148,0.450059,5.044459
1175,39.166667,1,577.754793,374.685813,461.760712,370.52222,519.757752,372.604017,2.989788,5.100961,-2.083234,4.552546,0.453277,4.826753
1176,39.2,1,577.265549,374.641589,461.367025,370.543549,519.316287,372.592569,2.989455,5.230819,-2.103825,5.144867,0.442815,5.187843
1177,39.233333,1,577.446136,374.523829,461.531248,370.489261,519.488692,372.506545,2.982717,5.106889,-2.096356,4.740608,0.443181,4.923748
1178,39.266667,1,577.276516,374.618779,461.738615,370.479316,519.507565,372.549047,2.983857,5.341902,-2.08043,4.512288,0.451714,4.927095
1179,39.3,1,576.951952,374.515611,461.916142,370.267389,519.434047,372.3915,2.977734,5.342541,-2.051616,4.157219,0.463059,4.74988
1180,39.333333,1,577.20746,374.84872,462.255821,370.440724,519.731641,372.644722,2.96571,5.482123,-2.049207,4.241771,0.458251,4.861947
1181,39.366667,1,574.899673,379.146273,464.714212,376.784062,519.806943,377.965168,2.866385,17.892087,-1.858608,8.244637,0.503888,13.068362
1182,39.4,1,575.193481,379.704612,463.811398,376.989627,519.502439,378.34712,2.868487,23.280793,-1.879198,11.076336,0.494645,17.178564
1183,39.433333,1,576.806078,378.313308,464.220343,374.494336,520.51321,376.403822,2.890763,11.076385,-1.966213,5.359244,0.462275,8.217815
1184,39.466667,1,577.716646,376.115119,460.079155,373.075876,518.897901,374.595498,2.989774,5.183082,-2.038267,4.261816,0.475754,4.722449
1185,39.5,1,577.704906,375.308568,461.075296,372.055242,519.390101,373.681905,2.989934,5.456655,-2.037113,4.100985,0.47641,4.77882
1186,39.533333,1,578.010082,375.444739,462.684727,371.476464,520.347404,373.460602,2.973362,5.061343,-2.001925,4.07617,0.485718,4.568757
1187,39.566667,1,578.05027,375.035487,463.451576,370.831286,520.750923,372.933387,2.952569,4.82776,-1.96919,3.339809,0.49169,4.083785
1188,39.6,1,578.014259,374.751624,463.995619,370.799421,521.004939,372.775522,2.955938,4.727039,-1.954461,3.35832,0.500738,4.04268
1189,39.633333,1,578.197393,374.47305,463.047647,371.037923,520.62252,372.755486,2.969236,5.007934,-1.980136,3.474318,0.49455,4.241126
1190,39.666667,1,579.155788,374.304982,464.014759,370.910014,521.585274,372.607498,2.978671,4.571288,-1.987389,3.852176,0.495641,4.211732
1191,39.7,1,579.111004,374.301013,463.936167,370.84577,521.523585,372.573391,2.959079,4.649214,-2.005428,4.039072,0.476826,4.344143
1192,39.733333,1,579.324026,374.46761,463.948174,370.745348,521.6361,372.606479,2.967143,4.872718,-1.995629,4.133957,0.485757,4.503338
1193,39.766667,1,579.235191,374.278386,464.07505,370.554782,521.655121,372.416584,2.957486,5.060374,-2.000272,4.204357,0.478607,4.632366
1194,39.8,1,579.453068,374.443363,464.387836,370.304414,521.920452,372.373888,2.958815,4.876678,-2.008904,4.17976,0.474956,4.528219
1195,39.833333,1,579.516506,374.331633,465.124979,370.224763,522.320743,372.278198,2.960625,4.820114,-1.981125,4.080946,0.48975,4.45053
1196,39.866667,1,579.467697,374.298513,464.786558,370.174145,522.127128,372.236329,2.966213,4.69388,-1.999278,3.686109,0.483468,4.189995
1197,39.9,1,579.680157,374.377284,465.016489,370.278085,522.348323,372.327685,2.973541,4.814964,-2.000172,3.756613,0.486685,4.285788
1198,39.933333,1,580.015287,374.418429,465.293427,370.310186,522.654357,372.364308,2.989072,4.839814,-2.013183,3.687705,0.487944,4.26376
1199,39.966667,1,579.933538,374.294887,465.243893,370.447816,522.588716,372.371351,2.980637,4.702668,-2.029034,3.77375,0.475802,4.238209
1200,40.0,1,580.225096,374.284276,465.835657,370.482084,523.030376,372.38318,2.994945,4.433446,-2.032412,3.740969,0.481267,4.087207
1201,40.033333,1,580.377483,374.500955,465.998821,370.537423,523.188152,372.519189,2.979812,4.575938,-2.03471,3.641731,0.472551,4.108834
1202,40.066667,1,580.285397,374.359496,465.101442,370.194712,522.693419,372.277104,2.989505,4.469341,-2.065104,3.58078,0.462201,4.02506
1203,40.1,1,580.393019,374.367392,465.072851,370.16068,522.732935,372.264036,2.974683,4.470982,-2.055911,3.531154,0.459386,4.001068
1204,40.133333,1,580.119238,374.281433,465.014687,369.851035,522.566962,372.066234,2.973745,4.029905,-2.030326,3.319362,0.471709,3.674634
1205,40.166667,1,579.899588,374.110147,464.562893,369.983075,522.23124,372.046611,2.969332,3.955114,-2.037334,3.425833,0.465999,3.690474
1206,40.2,1,579.608555,374.154468,464.35297,369.848385,521.980762,372.001426,2.978818,3.816391,-2.030278,3.371727,0.47427,3.594059
1207,40.233333,1,579.147892,374.095834,464.205389,369.967679,521.676641,372.031757,2.972228,3.9305,-2.014119,3.479985,0.479055,3.705243
1208,40.266667,1,578.450699,373.679008,464.041233,369.787134,521.245966,371.733071,2.943385,3.734797,-2.013205,3.522619,0.46509,3.628708
1209,40.3,1,577.850103,373.389448,463.35206,369.562901,520.601082,371.476175,2.957424,3.757749,-2.030293,3.613533,0.463566,3.685641
1210,40.333333,1,577.054062,373.140872,462.748976,369.419028,519.901519,371.27995,2.9382,3.843524,-2.030197,3.762691,0.454002,3.803108
1211,40.366667,1,576.41571,372.716675,462.313776,369.336469,519.364743,371.026572,2.955759,4.038993,-2.011432,3.638594,0.472163,3.838793
1212,40.4,1,576.43055,372.339406,462.05205,369.336641,519.2413,370.838023,2.963307,4.286551,-2.000011,3.465583,0.481648,3.876067
1213,40.433333,1,576.392355,372.131149,462.150364,369.242324,519.271359,370.686736,2.970556,3.930998,-2.003593,3.586273,0.483482,3.758635
1214,40.466667,1,576.819658,372.011876,463.030567,368.846966,519.925113,370.429421,2.935171,3.541875,-1.990317,3.366271,0.472427,3.454073
1215,40.5,1,576.952763,371.897346,463.203688,368.651798,520.078225,370.274572,2.943386,3.664,-1.996103,3.523935,0.473641,3.593967
1216,40.533333,1,577.414951,371.853089,463.443947,368.521689,520.429449,370.187389,2.938138,3.761365,-1.993825,3.283094,0.472156,3.522229
1217,40.566667,1,577.290325,371.674701,463.913708,368.320835,520.602016,369.997768,2.923818,3.807655,-1.97909,3.442479,0.472364,3.625067
1218,40.6,1,576.924114,371.786474,463.773546,368.498467,520.34883,370.14247,2.931502,4.099414,-1.988336,3.841106,0.471583,3.97026
1219,40.633333,1,577.013474,371.632773,464.271612,368.263291,520.642543,369.948032,2.915123,3.945401,-1.978937,3.668285,0.468093,3.806843
1220,40.666667,1,576.763554,371.88224,464.057713,368.371829,520.410633,370.127034,2.918371,4.169801,-1.968292,3.804613,0.47504,3.987207
1221,40.7,1,576.724291,371.859516,464.330597,368.184267,520.527444,370.021892,2.912929,4.006018,-1.973629,3.690203,0.46965,3.84811
1222,40.733333,1,576.682758,371.793351,463.556757,368.30634,520.119758,370.049846,2.921391,3.784021,-1.982108,3.948562,0.469642,3.866292
1223,40.766667,1,576.743879,371.307721,463.5287,368.248587,520.13629,369.778154,2.963827,3.489884,-2.004696,4.236062,0.479566,3.862973
1224,40.8,1,576.781569,371.157099,463.638048,367.878742,520.209808,369.517921,2.953676,3.383453,-1.994089,4.106962,0.479794,3.745207
1225,40.833333,1,576.537571,371.434815,463.437824,367.966697,519.987698,369.700756,2.966816,3.71723,-1.965837,4.7395,0.500489,4.228365
1226,40.866667,1,577.051907,371.149203,464.128227,367.838096,520.590067,369.493649,2.952036,3.519283,-2.001429,6.236289,0.475304,4.877786
1227,40.9,1,577.314215,371.342418,463.882837,367.996003,520.598526,369.669211,2.92034,3.224865,-2.032329,5.615575,0.444006,4.42022
1228,40.933333,1,577.005854,370.626719,464.328938,367.673972,520.667396,369.150345,2.947832,3.367938,-2.006997,5.648962,0.470417,4.50845
1229,40.966667,1,577.001705,370.620743,463.777189,367.265139,520.389447,368.942941,2.937654,3.209229,-2.003968,4.766803,0.466843,3.988016
1230,41.0,1,577.172232,369.5461,463.983879,366.571139,520.578055,368.058619,2.944131,3.202962,-1.966638,5.017277,0.488747,4.110119
1231,41.033333,1,577.463636,369.320558,463.355989,365.542404,520.409813,367.431481,2.907859,3.486301,-2.000501,4.672268,0.453679,4.079285
1232,41.066667,1,576.633844,368.056594,464.618483,364.514802,520.626163,366.285698,2.88286,3.604475,-1.993942,4.32729,0.444459,3.965882
1233,41.1,1,576.734991,367.200476,464.223299,363.756541,520.479145,365.478508,2.89258,3.713808,-1.98146,4.658689,0.45556,4.186249
1234,41.133333,1,576.834221,366.419733,462.999191,362.825557,519.916706,364.622645,2.872295,3.56997,-2.02888,3.725961,0.421707,3.647966
1235,41.166667,1,577.382679,365.77515,462.509441,362.226657,519.94606,364.000904,2.888145,2.909302,-2.010456,3.763645,0.438844,3.336473
1236,41.2,1,577.401934,365.216253,461.907187,361.205213,519.65456,363.210733,2.88922,3.102291,-2.033157,3.343829,0.428032,3.22306
1237,41.233333,1,577.204762,364.514206,461.909609,360.08222,519.557185,362.298213,2.901522,3.739391,-2.053411,2.569027,0.424055,3.154209
1238,41.266667,1,577.5877,363.835468,461.142025,359.588281,519.364862,361.711874,2.911225,3.505532,-2.075376,2.887073,0.417925,3.196303
1239,41.3,1,577.849045,363.120943,459.843931,358.86711,518.846488,360.994027,2.896714,3.376003,-2.12497,2.920666,0.385872,3.148335
1240,41.333333,1,578.048544,362.103603,459.893141,358.073455,518.970842,360.088529,2.946249,3.372925,-2.129988,2.854718,0.408131,3.113822
1241,41.366667,1,577.830191,361.169717,460.330791,357.261937,519.080491,359.215827,2.903602,3.220433,-2.116577,2.664187,0.393512,2.94231
1242,41.4,1,577.592134,360.343446,460.10849,356.639589,518.850312,358.491518,2.977204,3.332703,-2.131305,3.003728,0.42295,3.168216
1243,41.433333,1,577.2785,359.500219,459.952717,355.825158,518.615608,357.662688,2.968707,3.714247,-2.159177,2.92537,0.404765,3.319808
1244,41.466667,1,577.042637,359.209253,460.113821,355.298468,518.578229,357.253861,2.975029,3.58995,-2.123497,2.45518,0.425766,3.022565
1245,41.5,1,577.140551,358.851001,459.414825,355.21422,518.277688,357.03261,2.998912,3.939638,-2.126148,2.098415,0.436382,3.019026
1246,41.533333,1,577.413273,358.698174,459.040775,354.789353,518.227024,356.743763,2.999528,4.269928,-2.142006,2.418869,0.428761,3.344398
1247,41.566667,1,577.878952,358.667811,459.03451,354.405288,518.456731,356.536549,3.018367,4.384154,-2.143926,2.299519,0.437221,3.341836
1248,41.6,1,578.13591,357.944103,459.502287,353.504274,518.819098,355.724189,3.04484,3.727892,-2.171728,1.803082,0.436556,2.765487
1249,41.633333,1,577.950897,357.244653,459.79948,352.483528,518.875189,354.86409,3.048839,4.31666,-2.155784,1.829606,0.446528,3.073133
1250,41.666667,1,577.975378,355.948572,459.253263,351.775247,518.614321,353.86191,3.070756,4.070556,-2.183393,2.164147,0.443681,3.117352
1251,41.7,1,577.102089,354.69768,461.196671,350.325551,519.14938,352.511616,3.027535,3.82411,-2.21323,2.165206,0.407153,2.994658
1252,41.733333,1,576.923323,353.145057,461.044626,348.914119,518.983974,351.029588,2.995207,3.648533,-2.223994,2.817005,0.385606,3.232769
1253,41.766667,1,575.949965,351.367707,461.848717,347.255768,518.899341,349.311738,3.005612,3.441674,-2.156097,2.783357,0.424758,3.112515
1254,41.8,1,575.720139,350.235407,461.327534,346.841286,518.523836,348.538347,3.004223,2.804272,-2.152606,3.124995,0.425809,2.964634
1255,41.833333,1,575.849981,349.350708,461.104021,346.225103,518.477001,347.787905,3.053927,2.413061,-2.192333,3.727918,0.430797,3.07049
1256,41.866667,1,575.762463,348.636462,461.261406,346.347894,518.511934,347.492178,3.064339,1.824182,-2.205244,3.283015,0.429548,2.553599
1257,41.9,1,575.723696,348.345807,460.998335,346.204841,518.361015,347.275324,3.106773,2.196274,-2.23378,3.248478,0.436497,2.722376
1258,41.933333,1,575.675869,348.349879,460.112123,346.468663,517.893996,347.409271,3.122933,2.316785,-2.232312,3.235237,0.445311,2.776011
1259,41.966667,1,575.352421,348.35416,460.515347,346.070688,517.933884,347.212424,3.122152,2.378487,-2.219413,3.259928,0.451369,2.819208
1260,42.0,1,574.430065,347.922056,459.454317,346.397279,516.942191,347.159667,3.121284,2.402722,-2.193416,3.437088,0.463934,2.919905
1261,42.033333,1,574.393682,347.594579,458.173971,346.476715,516.283827,347.035647,3.11456,2.607432,-2.156457,3.378997,0.479052,2.993214
1262,42.066667,1,573.698854,346.978481,459.373121,346.314914,516.535988,346.646698,3.147182,2.542245,-2.138815,3.381525,0.504183,2.961885
1263,42.1,1,572.712202,346.300263,458.844576,345.674413,515.778389,345.987338,3.149914,2.518624,-2.149739,3.478037,0.500088,2.99833
1264,42.133333,1,572.805986,345.912282,458.625078,345.009037,515.715532,345.46066,3.163205,2.763845,-2.150122,3.242494,0.506541,3.00317
1265,42.166667,1,572.72275,345.869935,459.18828,344.703598,515.955515,345.286767,3.196227,2.664114,-2.139123,2.867632,0.528552,2.765873
1266,42.2,1,573.037643,345.299376,458.113937,344.371042,515.57579,344.835209,3.201881,2.417484,-2.177967,2.968116,0.511957,2.6928
1267,42.233333,1,572.788515,344.791215,458.747692,344.01493,515.768104,344.403073,3.223073,2.306378,-2.176514,2.588337,0.523279,2.447358
1268,42.266667,1,573.482056,344.306577,458.413219,343.285938,515.947638,343.796258,3.222877,2.921046,-2.192461,2.536545,0.515208,2.728796
1269,42.3,1,573.964767,343.852002,458.980131,343.225642,516.472449,343.538822,3.250315,2.483165,-2.19657,2.671591,0.526872,2.577378
1270,42.333333,1,573.947392,343.521361,459.047441,342.759667,516.497416,343.140514,3.269807,3.707462,-2.220027,2.223599,0.52489,2.96553
1271,42.366667,1,573.823118,343.266878,459.909296,342.686014,516.866207,342.976446,3.272972,2.970311,-2.185,2.302088,0.543986,2.6362
1272,42.4,1,574.369507,342.863871,460.036469,342.863538,517.202988,342.863705,3.287707,2.781174,-2.187672,2.306237,0.550018,2.543705
1273,42.433333,1,572.885647,342.612494,460.086441,342.755558,516.486044,342.684026,3.249553,3.077131,-2.184591,2.743256,0.532481,2.910194
1274,42.466667,1,573.316679,343.066705,460.499592,343.34206,516.908135,343.204383,3.261554,2.992476,-2.178247,2.936005,0.541654,2.96424
1275,42.5,1,572.932072,343.574222,460.296698,343.755453,516.614385,343.664837,3.255699,2.92098,-2.137006,3.047131,0.559346,2.984055
1276,42.533333,1,571.86408,344.055024,459.811554,343.94751,515.837817,344.001267,3.247313,3.090802,-2.144577,3.18955,0.551368,3.140176
1277,42.566667,1,572.127314,343.945928,459.400826,343.80435,515.76407,343.875139,3.249045,3.64281,-2.130832,3.497255,0.559106,3.570032
1278,42.6,1,570.399275,343.251429,459.376326,343.619825,514.8878,343.435627,3.219289,3.216723,-2.108622,3.403637,0.555334,3.31018
1279,42.633333,1,570.461779,342.630787,460.354977,343.128482,515.408378,342.879634,3.224785,2.774814,-2.043831,3.214571,0.590477,2.994693
1280,42.666667,1,569.651594,342.188174,459.400034,343.335258,514.525814,342.761716,3.208073,2.690835,-2.043859,2.664393,0.582107,2.677614
1281,42.7,1,569.762964,341.989707,459.613028,342.950479,514.687996,342.470093,3.208964,1.491515,-2.026867,2.831022,0.591048,2.161269
1282,42.733333,1,568.973284,341.893201,458.064013,343.500241,513.518648,342.696721,3.211466,1.809672,-2.031099,3.347759,0.590184,2.578715
1283,42.766667,1,568.365698,341.807048,458.375835,343.611526,513.370767,342.709287,3.192045,1.162313,-2.00214,3.211271,0.594952,2.186792
1284,42.8,1,568.075428,341.754858,457.538843,343.480285,512.807136,342.617572,3.183647,2.250559,-2.019776,3.292899,0.581935,2.771729
1285,42.833333,1,567.195549,341.52127,455.778732,343.777303,511.487141,342.649286,3.218763,2.864855,-2.048309,3.396025,0.585227,3.13044
1286,42.866667,1,566.65801,340.965543,454.254589,344.065597,510.4563,342.51557,3.232963,2.19925,-2.065055,3.645655,0.583954,2.922453
1287,42.9,1,566.683407,340.678927,453.624163,343.949307,510.153785,342.314117,3.217401,1.48406,-2.10012,3.806798,0.558641,2.645429
1288,42.933333,1,566.652937,340.507979,453.918524,343.929411,510.28573,342.218695,3.209094,1.155629,-2.093176,3.873591,0.557959,2.51461
1289,42.966667,1,566.535511,340.504804,454.289341,343.685576,510.412426,342.09519,3.183649,1.830251,-2.071415,3.203103,0.556117,2.516677
1290,43.0,1,566.558952,340.681851,454.17963,343.57096,510.369291,342.126406,3.180917,2.28509,-2.064112,3.401249,0.558402,2.84317
1291,43.033333,1,566.444292,340.853829,454.392214,344.247944,510.418253,342.550887,3.22355,1.9086,-2.042315,4.426118,0.590617,3.167359
1292,43.066667,1,566.454277,341.126915,454.011374,345.117629,510.232825,343.122272,3.208453,1.38449,-1.997852,5.859011,0.6053,3.621751
1293,43.1,1,566.878233,342.335315,453.801126,345.891248,510.33968,344.113281,3.190889,2.45023,-2.035807,5.408893,0.577541,3.929562
1294,43.133333,1,567.516251,343.848848,454.470663,347.143384,510.993457,345.496116,3.178983,3.508202,-1.984418,3.732204,0.597282,3.620203
1295,43.166667,1,567.879477,344.787776,454.528189,348.700814,511.203833,346.744295,3.209816,2.67306,-2.07679,3.610461,0.566513,3.141761
1296,43.2,1,568.186255,345.018913,453.494587,349.514204,510.840421,347.266559,3.223575,2.575743,-2.121258,5.578351,0.551159,4.077047
1297,43.233333,1,568.083372,345.748469,454.954433,349.358706,511.518903,347.553587,3.175142,2.550306,-2.110834,7.215826,0.532154,4.883066
1298,43.266667,1,569.265528,346.966728,456.525879,351.078683,512.895703,349.022706,3.13426,1.998704,-2.128898,5.076104,0.502681,3.537404
1299,43.3,1,569.771843,347.410151,459.179764,350.638087,514.475803,349.024119,3.173657,2.279252,-2.04075,4.965948,0.566454,3.6226
1300,43.333333,1,571.548681,347.620833,459.229879,350.693523,515.38928,349.157178,3.165975,2.839592,-2.075069,4.443806,0.545453,3.641699
1301,43.366667,1,571.573601,348.232065,458.982277,351.029524,515.277939,349.630795,3.125395,2.804143,-2.067585,4.640141,0.528905,3.722142
1302,43.4,1,571.836615,348.739952,457.897415,351.694921,514.867015,350.217437,3.091038,2.332284,-2.062754,4.177563,0.514142,3.254923
1303,43.433333,1,571.5588,348.797668,457.981367,352.098148,514.770083,350.447908,3.120142,2.223781,-2.091471,5.005957,0.514335,3.614869
1304,43.466667,1,570.220652,349.35973,457.293653,352.295612,513.757153,350.827671,3.107121,2.598181,-2.095369,4.040424,0.505876,3.319303
1305,43.5,1,570.163612,349.951023,457.038946,352.244135,513.601279,351.097579,3.100079,3.023021,-2.062287,3.393121,0.518896,3.208071
1306,43.533333,1,570.011711,350.558297,458.147755,352.705663,514.079733,351.63198,3.112344,2.941987,-2.040413,3.133691,0.535966,3.037839
1307,43.566667,1,570.203199,351.178553,457.784882,353.69535,513.99404,352.436951,3.107601,2.705964,-2.032503,2.940567,0.537549,2.823266
1308,43.6,1,570.506945,351.757888,457.151213,354.049364,513.829079,352.903626,3.082504,3.221425,-2.043375,3.282438,0.519564,3.251931
1309,43.633333,1,571.228638,352.381362,457.5737,354.145827,514.401169,353.263595,3.100889,3.37731,-2.038702,3.544243,0.531093,3.460777
1310,43.666667,1,571.684055,353.943481,460.510616,355.40116,516.097336,354.67232,3.091893,3.251611,-1.95143,3.447072,0.570232,3.349341
1311,43.7,1,571.306267,355.314261,460.448055,356.604645,515.877161,355.959453,3.085771,3.777934,-1.934533,3.527302,0.575619,3.652618
1312,43.733333,1,571.518393,356.139717,460.274229,357.853911,515.896311,356.996814,3.093047,3.600814,-1.968155,3.64542,0.562446,3.623117
1313,43.766667,1,571.4081,356.464661,458.774223,357.820775,515.091162,357.142718,3.075491,3.796622,-1.981464,3.643889,0.547014,3.720256
1314,43.8,1,570.144711,357.155512,460.113335,358.853232,515.129023,358.004372,3.114834,4.777699,-1.94314,3.773677,0.585847,4.275688
1315,43.833333,1,570.545797,358.22772,458.413448,360.025004,514.479623,359.126362,3.12208,4.876487,-1.988849,3.884856,0.566615,4.380671
1316,43.866667,1,571.408672,359.220228,457.500229,360.977113,514.454451,360.09867,3.143834,4.812961,-1.99142,3.924172,0.576207,4.368566
1317,43.9,1,571.194887,360.328705,457.193346,361.775746,514.194117,361.052225,3.138317,5.331106,-1.993169,3.574639,0.572574,4.452872
1318,43.933333,1,570.742149,361.516001,458.989553,361.900072,514.865851,361.708036,3.097078,4.936491,-1.953872,3.437202,0.571603,4.186847
1319,43.966667,1,571.46575,362.417282,459.176178,362.304275,515.320964,362.360778,3.088534,5.018059,-1.965969,3.611615,0.561283,4.314837
1320,44.0,1,571.285124,363.124318,457.007732,363.490219,514.146428,363.307268,3.073518,4.856015,-2.009438,3.715441,0.53204,4.285728
1321,44.033333,1,571.742678,364.194261,456.665754,364.286835,514.204216,364.240548,3.080012,3.804289,-2.030418,3.60202,0.524797,3.703154
1322,44.066667,1,571.060677,366.049111,453.153143,366.007993,512.10691,366.028552,3.00774,4.347536,-2.119197,3.608635,0.444271,3.978085
1323,44.1,1,570.731726,367.872133,453.201942,367.69021,511.966834,367.781172,3.028414,6.136196,-2.068241,3.228619,0.480086,4.682407
1324,44.133333,1,568.924999,368.121938,454.176064,367.487129,511.550531,367.804534,3.025959,5.868225,-1.991462,2.519235,0.517248,4.19373
1325,44.166667,1,568.649225,367.8581,454.11375,367.496302,511.381488,367.677201,3.032756,5.381196,-2.001159,2.681215,0.515799,4.031206
1326,44.2,1,568.068371,367.545623,453.984547,367.456391,511.026459,367.501007,3.029445,4.920655,-2.00801,2.720547,0.510718,3.820601
1327,44.233333,1,568.09433,367.547865,453.611345,367.650647,510.852838,367.599256,3.051829,5.061361,-2.009662,2.747738,0.521083,3.904549
1328,44.266667,1,567.956352,367.386932,453.457642,367.702242,510.706997,367.544587,3.055007,5.193348,-2.015627,2.813706,0.51969,4.003527
1329,44.3,1,567.340088,367.170601,453.450327,368.063815,510.395207,367.617208,3.046478,5.310203,-2.001441,2.985685,0.522519,4.147944
1330,44.333333,1,567.369299,367.288393,453.359222,368.024451,510.364261,367.656422,3.043437,5.000378,-2.021747,3.059427,0.510845,4.029902
1331,44.366667,1,566.458035,369.613692,456.919193,370.083486,511.688614,369.848589,2.985175,8.842169,-1.967298,3.734814,0.508939,6.288492
1332,44.4,1,565.104237,371.836041,456.988134,371.308933,511.046185,371.572487,2.92423,27.324628,-1.928029,9.535667,0.4981,18.430148
1333,44.433333,1,566.432962,369.497348,454.864616,369.887985,510.648789,369.692667,3.019528,6.889774,-1.996437,4.83074,0.511545,5.860257
1334,44.466667,1,567.147646,368.226517,455.74172,368.904258,511.444683,368.565388,3.037162,7.841132,-1.988811,3.865764,0.524175,5.853448
1335,44.5,1,568.555441,367.844726,455.161562,368.273295,511.858501,368.059011,3.110867,5.731311,-2.001414,3.52876,0.554727,4.630035
1336,44.533333,1,568.063211,367.075131,454.829063,367.707022,511.446137,367.391076,3.071446,5.561782,-1.995808,3.376207,0.537819,4.468995
1337,44.566667,1,568.538246,366.7294,455.556755,367.16499,512.047501,366.947195,3.074958,5.314594,-1.995321,3.220485,0.539818,4.26754
1338,44.6,1,568.41898,366.575832,455.437975,366.940532,511.928477,366.758182,3.069522,5.274159,-1.990842,3.173129,0.53934,4.223644
1339,44.633333,1,568.850489,366.454672,455.890865,366.871841,512.370677,366.663256,3.066654,5.397754,-1.989608,3.488929,0.538523,4.443342
1340,44.666667,1,568.579369,366.132442,455.888042,366.733718,512.233706,366.43308,3.062584,5.901954,-1.980866,3.509378,0.540859,4.705666
1341,44.7,1,569.043274,366.019102,456.15859,366.710672,512.600932,366.364887,3.050444,5.545671,-1.974355,3.695877,0.538045,4.620774
1342,44.733333,1,569.501848,366.109107,455.479584,366.636949,512.490716,366.373028,3.046507,5.596803,-2.006411,3.956627,0.520048,4.776715
1343,44.766667,1,569.970531,366.111993,455.332937,366.361465,512.651734,366.236729,3.051035,5.262799,-2.018088,3.726691,0.516474,4.494745
1344,44.8,1,570.268908,365.782392,456.840553,365.826166,513.55473,365.804279,3.059476,3.916399,-2.02205,3.868761,0.518713,3.89258
1345,44.833333,1,570.884342,365.609127,459.257784,365.782059,515.071063,365.695593,3.038513,3.733469,-1.983086,3.813014,0.527713,3.773241
1346,44.866667,1,571.08283,365.562521,458.812513,365.758376,514.947672,365.660448,3.055647,3.544727,-2.005949,3.900874,0.524849,3.722801
1347,44.9,1,571.165152,365.846502,458.257332,366.232907,514.711242,366.039704,3.029552,3.768961,-2.020796,3.808995,0.504378,3.788978
1348,44.933333,1,571.421204,366.188537,457.849197,366.293755,514.635201,366.241146,3.061132,4.11828,-2.038421,3.578659,0.511355,3.84847
1349,44.966667,1,571.762915,366.357318,457.147865,366.740348,514.45539,366.548833,3.059215,4.083331,-2.062071,3.638671,0.498572,3.861001
1350,45.0,1,571.613636,366.674505,457.413006,366.911731,514.513321,366.793118,3.061005,4.233146,-2.050102,3.471533,0.505452,3.852339
1351,45.033333,1,571.762781,366.973454,458.5672,367.033423,515.16499,367.003438,3.066695,4.263339,-2.019524,3.431921,0.523586,3.84763
1352,45.066667,1,571.952429,366.817752,457.757692,367.160795,514.855061,366.989273,3.065729,4.125755,-2.03818,3.452289,0.513775,3.789022
1353,45.1,1,571.625519,367.104464,457.765265,367.258117,514.695392,367.18129,3.064832,4.652634,-2.019886,3.252646,0.522473,3.95264
1354,45.133333,1,571.024704,367.187601,456.666145,367.557119,513.845425,367.37236,3.058733,4.788451,-2.026846,3.375448,0.515943,4.08195
1355,45.166667,1,570.848618,367.236332,456.867323,367.72761,513.85797,367.481971,3.058513,4.643975,-2.017327,3.242887,0.520593,3.943431
1356,45.2,1,569.836531,367.230737,456.076937,367.6236,512.956734,367.427168,3.062878,4.808801,-1.998386,3.177502,0.532246,3.993151
1357,45.233333,1,569.759598,367.227652,455.757523,367.454637,512.75856,367.341144,3.055435,4.825797,-1.988093,3.065966,0.533671,3.945881
1358,45.266667,1,569.253283,367.246116,455.790033,367.512138,512.521658,367.379127,3.048432,4.751544,-1.971492,2.99774,0.53847,3.874642
1359,45.3,1,569.012299,367.053523,455.338764,367.533022,512.175531,367.293272,3.043725,5.003448,-1.975322,3.087351,0.534202,4.0454
1360,45.333333,1,568.748293,366.835878,455.070953,367.674353,511.909623,367.255115,3.062496,4.91966,-1.979319,3.060465,0.541588,3.990063
1361,45.366667,1,568.423281,366.734544,454.930363,367.197322,511.676822,366.965933,3.062494,5.137736,-1.970476,3.076283,0.546009,4.10701
1362,45.4,1,568.619671,366.443299,455.165329,367.020285,511.8925,366.731792,3.060511,4.837284,-1.971007,2.83992,0.544752,3.838602
1363,45.433333,1,568.245869,366.234602,454.907045,367.034925,511.576457,366.634763,3.054474,4.819117,-1.967863,2.982643,0.543305,3.90088
1364,45.466667,1,568.161736,366.21492,454.881239,366.996843,511.521487,366.605881,3.055983,4.707903,-1.965567,3.131533,0.545208,3.919718
1365,45.5,1,567.976408,366.288342,454.941015,367.047569,511.458712,366.667956,3.04336,4.756549,-1.963446,2.990528,0.539957,3.873538
1366,45.533333,1,567.906427,366.431894,454.750881,367.230839,511.328654,366.831366,3.041762,4.88771,-1.970899,3.115228,0.535432,4.001469
1367,45.566667,1,568.175097,366.610605,454.77355,367.42524,511.474323,367.017922,3.040729,5.02665,-1.976517,3.145452,0.532106,4.086051
1368,45.6,1,567.807617,366.808723,454.497128,367.981364,511.152372,367.395043,3.040174,4.626385,-1.965086,3.050933,0.537544,3.838659
1369,45.633333,1,567.662563,366.925721,454.115314,368.096119,510.888939,367.51092,3.049916,5.011073,-1.966892,2.951339,0.541512,3.981206
1370,45.666667,1,567.238121,366.959893,454.080734,368.369286,510.659428,367.664589,3.041728,5.057081,-1.971136,3.153962,0.535296,4.105521
1371,45.7,1,567.160816,367.215866,453.652267,368.600391,510.406542,367.908128,3.035416,4.921326,-1.988157,3.177177,0.52363,4.049251
1372,45.733333,1,566.745262,367.47905,453.766766,368.742076,510.256014,368.110563,3.010388,4.545744,-1.972625,3.046492,0.518882,3.796118
1373,45.766667,1,566.172094,367.338245,453.563356,369.134767,509.867725,368.236506,3.027585,4.322769,-1.968189,3.360639,0.529698,3.841704
1374,45.8,1,565.850534,367.470778,453.390579,369.253085,509.620557,368.361931,3.016785,4.544744,-1.967801,3.420942,0.524492,3.982843
1375,45.833333,1,565.388336,367.845359,453.4657,369.382775,509.427018,368.614067,3.006347,4.748456,-1.947268,3.230312,0.529539,3.989384
1376,45.866667,1,565.187359,368.051841,452.664375,369.701765,508.925867,368.876803,3.003076,5.00082,-1.942103,3.272891,0.530486,4.136856
1377,45.9,1,564.636698,367.889428,452.451468,369.751385,508.544083,368.820407,3.016571,5.026525,-1.929974,3.316443,0.543298,4.171484
1378,45.933333,1,564.522076,367.837366,452.191372,369.560745,508.356724,368.699056,3.01557,4.984426,-1.942373,3.320841,0.536598,4.152633
1379,45.966667,1,564.40238,367.952675,451.463642,369.580743,507.933011,368.766709,3.022746,5.403365,-1.950407,3.330856,0.53617,4.367111
1380,46.0,1,564.047661,368.085331,451.175327,369.898585,507.611494,368.991958,3.001337,5.074009,-1.953052,3.367045,0.524143,4.220527
1381,46.033333,1,563.696756,368.291363,450.65608,370.207243,507.176418,369.249303,3.030444,4.928179,-1.954348,3.162605,0.538048,4.045392
1382,46.066667,1,563.530807,368.839713,449.568014,371.454363,506.549411,370.147038,3.027079,4.128166,-1.962181,3.351267,0.532449,3.739716
1383,46.1,1,561.084013,374.309639,452.49608,375.540032,506.790047,374.924836,2.938846,17.622115,-1.830965,5.751919,0.553941,11.687017
1384,46.133333,1,561.84782,376.398994,450.166187,377.113127,506.007004,376.75606,2.894674,39.392233,-1.824314,9.579824,0.53518,24.486029
1385,46.166667,1,561.838217,374.962102,450.141258,375.857499,505.989738,375.4098,2.929361,20.592234,-1.906534,7.018579,0.511413,13.805406
1386,46.2,1,564.769516,373.725936,449.583445,374.960568,507.17648,374.343252,3.022697,7.697492,-1.952297,3.728573,0.5352,5.713033
1387,46.233333,1,565.986996,373.0958,449.901772,374.461151,507.944384,373.778476,3.086463,5.922095,-1.961527,3.928277,0.562468,4.925186
1388,46.266667,1,566.597643,372.436845,452.10516,373.483948,509.351401,372.960396,3.062657,5.923365,-1.949121,3.706269,0.556768,4.814817
1389,46.3,1,567.638474,372.151651,453.382292,373.009733,510.510383,372.580692,3.070937,5.930694,-1.952433,3.598889,0.559252,4.764791
1390,46.333333,1,567.863007,372.109069,453.687906,373.226616,510.775456,372.667843,3.055155,5.361752,-1.931233,3.492978,0.561961,4.427365
1391,46.366667,1,568.455725,372.094874,453.406668,373.394963,510.931196,372.744918,3.074534,5.335061,-1.941505,3.339674,0.566515,4.337368
1392,46.4,1,569.17963,372.252663,453.555603,373.549361,511.367617,372.901012,3.052825,5.923389,-1.956485,3.559916,0.54817,4.741652
1393,46.433333,1,569.863491,372.504544,453.875408,373.844243,511.86945,373.174394,3.048375,5.704376,-1.955132,3.370864,0.546622,4.53762
1394,46.466667,1,570.343761,373.339462,454.389057,374.656416,512.366409,373.997939,3.038276,5.236273,-1.933692,3.47462,0.552292,4.355446
1395,46.5,1,570.718832,374.171591,455.622835,375.657663,513.170834,374.914627,3.00193,4.429159,-1.915395,3.44073,0.543267,3.934945
1396,46.533333,1,571.037359,374.810064,455.914173,375.996952,513.475766,375.403508,2.985952,4.890005,-1.934733,3.722535,0.525609,4.30627
1397,46.566667,1,571.529646,375.826246,456.068468,376.690518,513.799057,376.258382,2.96207,4.544655,-1.946041,3.762171,0.508014,4.153413
1398,46.6,1,571.918077,376.287596,456.662474,376.797366,514.290276,376.542481,2.975445,4.748749,-1.947348,3.421043,0.514048,4.084896
1399,46.633333,1,572.342787,376.815262,456.332397,376.954726,514.337592,376.884994,2.961967,4.430794,-1.966075,3.593521,0.497946,4.012157
1400,46.666667,1,572.202063,376.898046,456.243706,377.115058,514.222884,377.006552,2.95814,4.134269,-1.961526,3.634108,0.498307,3.884188
1401,46.7,1,572.190485,376.935275,456.250668,377.189258,514.220576,377.062266,2.951697,4.124863,-1.960174,3.591956,0.495762,3.85841
1402,46.733333,1,571.872005,376.62151,456.469431,376.801969,514.170718,376.711739,2.956372,4.425359,-1.962583,3.519343,0.496894,3.972351
1403,46.766667,1,571.445847,376.424453,456.071825,376.601211,513.758836,376.512832,2.950194,4.60163,-1.958325,3.586757,0.495935,4.094194
1404,46.8,1,570.970783,376.12469,455.753736,376.383845,513.36226,376.254267,2.960506,4.947537,-1.95526,3.26085,0.502623,4.104194
1405,46.833333,1,570.789661,375.771421,454.825096,376.366228,512.807379,376.068825,2.958931,4.811252,-1.944915,3.17104,0.507008,3.991146
1406,46.866667,1,570.81871,375.404527,455.131273,376.239306,512.974992,375.821916,2.942149,4.306165,-1.953537,3.227572,0.494306,3.766869
1407,46.9,1,570.618954,375.139707,455.080862,376.003904,512.849908,375.571806,2.947521,4.194491,-1.968352,3.126671,0.489585,3.660581
1408,46.933333,1,570.767202,374.969516,455.46814,375.885201,513.117671,375.427358,2.943518,4.081579,-1.945655,2.890497,0.498932,3.486038
1409,46.966667,1,571.027012,374.802908,455.287933,375.713947,513.157473,375.258427,2.950906,4.282098,-1.931869,2.922465,0.509518,3.602282
1410,47.0,1,571.122942,374.56256,455.040131,375.529529,513.081536,375.046045,2.95763,4.331157,-1.934207,3.005937,0.511711,3.668547
1411,47.033333,1,570.997601,374.416916,455.345526,375.326689,513.171563,374.871803,2.958175,4.405773,-1.931772,2.893437,0.513202,3.649605
1412,47.066667,1,570.981808,374.064378,455.543909,375.064552,513.262858,374.564465,2.937731,4.519359,-1.913715,2.915089,0.512008,3.717224
1413,47.1,1,571.029444,373.86568,455.640736,374.679998,513.33509,374.272839,2.963028,4.989727,-1.923625,2.766921,0.519701,3.878324
1414,47.133333,1,570.715199,373.490932,455.583439,374.475453,513.149319,373.983192,2.964508,4.315375,-1.91161,2.949003,0.526449,3.632189
1415,47.166667,1,570.729227,372.794416,455.498085,373.819867,513.113656,373.307142,2.978837,4.935465,-1.932066,2.900614,0.523385,3.91804
1416,47.2,1,570.151911,372.240551,455.406923,373.190761,512.779417,372.715656,3.000051,5.052112,-1.922109,2.932094,0.538971,3.992103
1417,47.233333,1,570.12146,371.624426,455.736914,372.626531,512.929187,372.125478,3.027897,5.014522,-1.901795,3.082641,0.563051,4.048582
1418,47.266667,1,569.880295,370.972112,455.535164,372.201626,512.707729,371.586869,3.03119,4.80459,-1.907002,3.009671,0.562094,3.907131
1419,47.3,1,569.566011,370.359067,455.485706,371.681235,512.525859,371.020151,3.022523,4.194255,-1.908771,2.915604,0.556876,3.55493
1420,47.333333,1,569.084969,369.981841,455.347815,371.21599,512.216392,370.598915,3.045342,4.445321,-1.914282,2.938262,0.56553,3.691791
1421,47.366667,1,569.116011,369.997612,455.095339,370.787619,512.105675,370.392616,3.098341,4.585251,-1.922814,2.961864,0.587763,3.773558
1422,47.4,1,569.418707,370.215343,455.628424,370.857196,512.523565,370.53627,3.089102,4.478105,-1.912907,3.02662,0.588097,3.752362
1423,47.433333,1,569.906006,370.135381,455.836802,370.827155,512.871404,370.481268,3.098538,4.836613,-1.891184,3.178224,0.603677,4.007418
1424,47.466667,1,570.000515,369.977582,456.627378,370.534043,513.313947,370.255812,3.108212,4.66912,-1.889317,3.315481,0.609447,3.992301
1425,47.5,1,570.031204,369.875582,456.482067,370.189626,513.256636,370.032604,3.091329,4.594609,-1.872737,3.509374,0.609296,4.051992
1426,47.533333,1,570.191221,369.990993,456.879339,369.979266,513.53528,369.985129,3.095879,4.725911,-1.866242,3.447638,0.614818,4.086774
1427,47.566667,1,569.983988,370.515976,457.215548,369.658796,513.599768,370.087386,3.090181,4.785458,-1.852811,3.116125,0.618685,3.950791
1428,47.6,1,570.326462,370.045731,457.637405,369.727074,513.981934,369.886402,3.079103,4.584249,-1.855544,3.34607,0.611779,3.965159
1429,47.633333,1,570.630713,370.49822,457.802315,369.660287,514.216514,370.079253,3.095049,4.924391,-1.852812,3.320594,0.621119,4.122493
1430,47.666667,1,571.008863,370.393313,457.718782,369.829309,514.363823,370.111311,3.09935,4.68297,-1.86263,3.437574,0.61836,4.060272
1431,47.7,1,571.052942,370.164564,457.888222,369.697527,514.470582,369.931045,3.098895,4.976474,-1.860403,3.55889,0.619246,4.267682
1432,47.733333,1,571.206179,370.086855,457.922354,369.574263,514.564266,369.830559,3.079562,4.753737,-1.857773,3.50925,0.610894,4.131493
1433,47.766667,1,571.47995,370.118097,458.005095,368.990529,514.742522,369.554313,3.09446,5.127815,-1.862529,3.602096,0.615965,4.364955
1434,47.8,1,571.297684,369.600163,458.046322,369.101304,514.672003,369.350733,3.055359,4.799753,-1.883994,3.5577,0.585682,4.178727
1435,47.833333,1,571.719542,369.789956,458.259287,368.604527,514.989414,369.197241,3.077557,5.049886,-1.883332,3.675158,0.597112,4.362522
1436,47.866667,1,571.408558,369.117815,458.48628,368.441792,514.947419,368.779804,3.054755,4.934212,-1.884188,3.589699,0.585284,4.261956
1437,47.9,1,571.883488,369.229342,457.960711,368.338559,514.922099,368.78395,3.081932,5.054601,-1.892593,3.723261,0.594669,4.388931
1438,47.933333,1,571.477079,369.256153,458.0163,368.275688,514.74669,368.76592,3.063059,5.025344,-1.895814,3.328047,0.583622,4.176696
1439,47.966667,1,571.81325,369.155463,458.019705,368.161206,514.916477,368.658334,3.075335,5.000203,-1.897421,3.649566,0.588957,4.324885
1440,48.0,1,571.888819,369.420294,457.737284,368.035753,514.813051,368.728023,3.083353,5.222183,-1.877746,3.520267,0.602803,4.371225
1441,48.033333,1,571.568604,369.43938,457.436094,368.011705,514.502349,368.725542,3.086626,5.099376,-1.887007,3.459103,0.59981,4.279239
1442,48.066667,1,571.693487,369.536219,457.289133,367.780214,514.49131,368.658216,3.086549,5.329031,-1.874406,3.51406,0.606072,4.421545
1443,48.1,1,571.52338,369.608166,457.102327,367.904309,514.312854,368.756238,3.090594,5.276285,-1.860207,3.481982,0.615193,4.379134
1444,48.133333,1,570.870419,369.546196,456.764402,367.719601,513.81741,368.632899,3.094273,5.256713,-1.862483,3.367389,0.615895,4.312051
1445,48.166667,1,569.862146,369.143372,456.5662,367.839287,513.214173,368.491329,3.09426,5.228119,-1.860895,3.327746,0.616682,4.277933
1446,48.2,1,569.504185,368.635683,456.314659,368.036048,512.909422,368.335866,3.083383,5.276691,-1.892007,3.649515,0.595688,4.463103
1447,48.233333,1,569.126396,368.507956,456.545773,367.963833,512.836084,368.235894,3.082126,5.147117,-1.891938,3.668156,0.595094,4.407636
1448,48.266667,1,568.664503,368.589571,456.525669,367.96931,512.595086,368.27944,3.069242,4.899525,-1.876323,3.443257,0.59646,4.171391
1449,48.3,1,568.714132,368.685937,456.678381,368.150648,512.696257,368.418293,3.062968,4.513157,-1.882277,3.137163,0.590346,3.82516
1450,48.333333,1,569.21072,368.829424,456.529922,368.138664,512.870321,368.484044,3.069196,4.641124,-1.894672,3.229962,0.587262,3.935543
1451,48.366667,1,569.798965,368.844262,456.773338,367.86473,513.286152,368.354496,3.062121,4.571766,-1.9099,3.171106,0.576111,3.871436
1452,48.4,1,570.395956,368.99879,456.840124,368.278247,513.61804,368.638518,3.060752,4.837298,-1.938497,3.596234,0.561127,4.216766
1453,48.433333,1,571.581831,369.243107,457.571678,368.583187,514.576755,368.913147,3.059982,4.530412,-1.943534,3.985017,0.558224,4.257715
1454,48.466667,1,571.747131,369.334935,457.704916,368.665788,514.726024,369.000362,3.065968,4.535169,-1.963324,4.345477,0.551322,4.440323
1455,48.5,1,572.446995,369.864542,458.09906,368.925641,515.273027,369.395092,3.085332,4.715294,-1.966676,4.258492,0.559328,4.486893
1456,48.533333,1,573.604794,370.684365,458.367147,369.446676,515.98597,370.06552,3.087352,5.601041,-2.008927,4.596355,0.539212,5.098698
1457,48.566667,1,576.198406,371.586553,460.235128,370.216631,518.216767,370.901592,3.084513,5.679107,-1.990569,5.300396,0.546972,5.489752
1458,48.6,1,576.990614,372.052592,462.052879,370.066942,519.521747,371.059767,3.023394,5.406533,-2.005227,5.235131,0.509083,5.320832
1459,48.633333,1,577.16773,372.068342,462.662315,369.853492,519.915023,370.960917,2.997241,5.333807,-2.021542,5.153637,0.48785,5.243722
1460,48.666667,1,577.367287,372.067076,463.143482,369.774935,520.255384,370.921006,2.984596,5.095017,-2.024168,4.955887,0.480214,5.025452
1461,48.7,1,577.399769,371.965688,462.955675,369.738586,520.177722,370.852137,2.969717,4.752572,-2.030098,4.369771,0.469809,4.561172
1462,48.733333,1,577.543325,372.062892,462.577772,369.785879,520.060549,370.924385,2.967255,4.890114,-2.041097,4.303791,0.463079,4.596953
1463,48.766667,1,577.638903,372.030158,462.661209,369.679234,520.150056,370.854696,2.968559,4.763831,-2.040736,4.517228,0.463911,4.640529
1464,48.8,1,577.38039,371.981106,462.681904,369.681133,520.031147,370.831119,2.974581,4.845134,-2.038135,4.622662,0.468223,4.733898
1465,48.833333,1,577.139692,372.068546,462.683783,369.813334,519.911737,370.94094,2.971677,4.75188,-2.039518,4.489052,0.466079,4.620466
1466,48.866667,1,576.560869,372.145289,462.737646,370.074806,519.649258,371.110048,2.966905,5.04083,-2.020912,4.51965,0.472996,4.78024
1467,48.9,1,575.395651,373.80857,463.263626,371.137358,519.329638,372.472964,2.959655,7.280125,-2.007935,7.67775,0.47586,7.478938
1468,48.933333,1,574.027309,376.300385,464.619007,372.994144,519.323158,374.647264,2.91025,7.622519,-1.905471,29.440576,0.50239,18.531548
1469,48.966667,1,573.46385,376.127801,464.608774,373.137589,519.036312,374.632695,2.888589,8.805647,-1.8855,21.819967,0.501545,15.312807
1470,49.0,1,573.332281,376.002939,465.275726,373.932027,519.304004,374.967483,2.897573,8.610405,-1.882815,22.462583,0.507379,15.536494
1471,49.033333,1,573.827353,376.374854,461.662464,377.046854,517.744908,376.710854,2.844761,12.01366,-1.935159,47.45665,0.454801,29.735155
1472,49.066667,1,573.55792,375.459523,464.346981,375.36954,518.952451,375.414532,2.817065,17.921325,-1.892547,33.921238,0.462259,25.921282
1473,49.1,1,574.71612,374.231426,462.628269,372.999423,518.672194,373.615424,2.944022,7.445054,-2.017829,7.859308,0.463097,7.652181
1474,49.133333,1,576.402359,372.925866,459.837275,371.648523,518.119817,372.287194,3.0077,7.339182,-2.064119,7.954422,0.471791,7.646802
1475,49.166667,1,576.028852,371.569312,459.970751,370.654378,517.999802,371.111845,3.03353,6.954329,-2.075442,6.573107,0.479044,6.763718
1476,49.2,1,574.820852,370.596721,459.763737,369.728265,517.292295,370.162493,2.997148,5.353473,-2.044676,5.384303,0.476236,5.368888
1477,49.233333,1,574.054728,370.443213,459.992638,369.09256,517.023683,369.767886,2.962697,4.75458,-1.997128,3.838017,0.482785,4.296299
1478,49.266667,1,573.749733,370.239204,459.856949,369.113942,516.803341,369.676573,2.959283,4.285367,-1.976547,3.739113,0.491368,4.01224
1479,49.3,1,573.28764,370.070171,458.993206,369.123341,516.140423,369.596756,2.976977,4.560115,-1.961987,3.625046,0.507495,4.092581
1480,49.333333,1,572.58913,369.933035,458.569269,369.497552,515.5792,369.715294,2.991291,4.473836,-1.944409,3.905729,0.523441,4.189782
1481,49.366667,1,571.914024,370.225096,458.276949,369.467361,515.095487,369.846228,3.013257,4.786977,-1.924816,3.645888,0.54422,4.216432
1482,49.4,1,571.022224,370.35809,457.448034,369.448961,514.235129,369.903526,2.998635,5.136574,-1.914348,3.429586,0.542144,4.28308
1483,49.433333,1,570.373793,370.265447,457.091827,369.595989,513.73281,369.930718,3.006039,4.918889,-1.902262,3.421886,0.551889,4.170388
1484,49.466667,1,570.086126,370.179487,456.973886,369.531831,513.530006,369.855659,3.003176,4.975468,-1.917034,3.236103,0.543071,4.105785
1485,49.5,1,569.846964,370.220439,456.723013,369.465955,513.284988,369.843197,2.991828,5.402122,-1.904652,3.103499,0.543588,4.25281
1486,49.533333,1,569.588108,370.136175,456.681471,369.341823,513.134789,369.738999,2.98764,5.482607,-1.924023,3.245428,0.531808,4.364018
1487,49.566667,1,569.610748,370.12418,456.507587,369.522765,513.059168,369.823472,2.99238,5.550654,-1.921891,3.215298,0.535244,4.382976
1488,49.6,1,569.813366,370.086833,457.157726,369.331523,513.485546,369.709178,2.990615,5.598722,-1.92194,3.252559,0.534337,4.425641
1489,49.633333,1,569.66033,369.995402,457.204342,369.398578,513.432336,369.69699,2.991505,5.734632,-1.917652,3.289307,0.536926,4.51197
1490,49.666667,1,570.084467,369.953088,457.440767,369.401647,513.762617,369.677367,2.999762,5.568783,-1.930682,3.426265,0.53454,4.497524
1491,49.7,1,570.421429,369.855798,457.744408,369.347863,514.082918,369.601831,3.005307,5.249784,-1.932203,3.666238,0.536552,4.458011
1492,49.733333,1,570.552893,369.999694,457.46109,369.28055,514.006991,369.640122,3.02894,5.134521,-1.957035,3.672549,0.535952,4.403535
1493,49.766667,1,569.052219,373.474989,456.185226,371.433839,512.618723,372.454414,2.964887,11.066539,-1.965536,7.623487,0.499675,9.345013
1494,49.8,1,568.411236,376.248103,463.645201,374.004639,516.028218,375.126371,2.913673,35.620618,-1.73756,57.457017,0.588057,46.538817
1495,49.833333,1,569.84417,376.348171,463.050442,374.162149,516.447306,375.25516,2.942272,31.087427,-1.757207,40.586768,0.592533,35.837097
1496,49.866667,1,570.097961,376.752681,463.588266,374.598309,516.843114,375.675495,2.920704,43.192832,-1.737311,33.2951,0.591696,38.243966
1497,49.9,1,570.990829,378.704352,460.35718,378.146324,515.674005,378.425338,2.796078,-3.304048,-1.760452,75.749087,0.517813,36.222519
1498,49.933333,1,571.733723,378.549364,461.627951,377.088375,516.680837,377.818869,2.821573,1.88348,-1.714763,72.516438,0.553405,37.199959
1499,49.966667,1,573.364496,376.164665,459.757633,374.5365,516.561065,375.350583,2.959744,30.253352,-1.821501,43.893947,0.569122,37.07365
1500,50.0,1,572.375851,374.357157,460.636663,371.912645,516.506257,373.134901,2.962781,21.702849,-1.951118,10.805473,0.505831,16.254161
1501,50.033333,1,574.894295,372.92623,459.718695,370.866777,517.306495,371.896504,3.06452,6.232442,-2.032184,8.302454,0.516168,7.267448
1502,50.066667,1,574.252186,371.026905,459.228735,369.683547,516.74046,370.355226,3.015911,4.300475,-2.074269,4.558439,0.470821,4.429457
1503,50.1,1,574.99114,370.393699,459.043179,368.949437,517.017159,369.671568,3.016115,4.292684,-2.063136,4.609073,0.476489,4.450879
1504,50.133333,1,574.677095,369.900903,459.018936,368.600096,516.848016,369.250499,3.019627,4.40719,-2.045916,4.41025,0.486855,4.40872
1505,50.166667,1,574.205513,369.714135,459.234018,368.489234,516.719766,369.101685,3.019529,4.353994,-2.004855,4.082662,0.507337,4.218328
1506,50.2,1,573.544855,369.381777,458.755484,368.532633,516.150169,368.957205,3.013377,4.309208,-2.007286,4.089366,0.503046,4.199287
1507,50.233333,1,572.217569,369.349923,457.73221,368.789599,514.97489,369.069761,3.005667,4.310803,-2.006063,4.199893,0.499802,4.255348
1508,50.266667,1,571.8573,369.19516,457.387533,368.561214,514.622416,368.878187,3.007216,4.646633,-2.019281,4.063632,0.493967,4.355132
1509,50.3,1,571.307802,369.417719,457.01581,368.569347,514.161806,368.993533,3.009961,4.559121,-2.024299,4.073321,0.492831,4.316221
1510,50.333333,1,569.386673,369.898145,456.790714,368.810209,513.088694,369.354177,2.988428,4.949677,-2.026061,4.549034,0.481183,4.749356
1511,50.366667,1,569.793625,370.401478,456.925611,368.968846,513.359618,369.685162,2.990225,5.170386,-2.026096,5.779676,0.482064,5.475031
1512,50.4,1,569.719467,370.369763,456.862068,369.067304,513.290768,369.718534,3.000935,5.231718,-2.027871,5.90355,0.486532,5.567634
1513,50.433333,1,569.807844,370.283879,457.11545,369.056844,513.461647,369.670361,2.987769,5.09722,-2.029779,5.983147,0.478995,5.540183
1514,50.466667,1,569.958954,370.243764,457.137728,369.098697,513.548341,369.67123,2.997683,5.200256,-2.040914,5.828147,0.478385,5.514201
1515,50.5,1,570.345774,370.112915,457.170725,369.065781,513.758249,369.589348,3.00812,5.230966,-2.0441,5.547684,0.48201,5.389325
1516,50.533333,1,570.599298,370.094322,457.038107,369.492767,513.818703,369.793544,2.997709,5.056118,-2.04464,5.864125,0.476534,5.460122
1517,50.566667,1,570.364113,376.365552,459.804049,375.299996,515.084081,375.832774,2.896119,12.649733,-1.804706,59.453979,0.545706,36.051856
1518,50.6,1,568.688707,376.076839,461.143818,374.538056,514.916263,375.307447,2.871705,19.747827,-1.78996,38.011298,0.540872,28.879563
1519,50.633333,1,568.352833,373.099533,455.609121,372.814683,511.980977,372.957108,2.960146,10.458721,-2.003182,13.404583,0.478482,11.931652
1520,50.666667,1,569.988251,372.294613,455.043287,371.942246,512.515769,372.11843,3.012503,7.975507,-2.03272,7.888728,0.489892,7.932117
1521,50.7,1,569.921799,372.024236,455.116854,371.593934,512.519326,371.809085,3.032791,6.323279,-2.038378,5.492423,0.497206,5.907851
1522,50.733333,1,570.112114,371.401545,455.057211,370.991714,512.584662,371.196629,3.030277,5.777397,-2.050936,5.033458,0.48967,5.405427
1523,50.766667,1,570.114183,371.288613,455.134258,371.006402,512.624221,371.147507,3.031665,5.868829,-2.043306,5.109701,0.494179,5.489265
1524,50.8,1,570.407772,371.260139,455.033712,371.158687,512.720742,371.209413,3.040096,5.994592,-2.05458,5.753622,0.492758,5.874107
1525,50.833333,1,570.525999,371.223028,455.256729,371.085806,512.891364,371.154417,3.036195,6.152229,-2.048589,5.655188,0.493803,5.903709
1526,50.866667,1,570.301437,371.251245,455.052691,371.098777,512.677064,371.175011,3.031677,5.755404,-2.068118,5.906776,0.481779,5.83109
1527,50.9,1,570.776768,372.279164,454.767027,371.529025,512.771897,371.904094,3.026745,6.695363,-2.051246,8.168855,0.487749,7.432109
1528,50.933333,1,568.585558,376.114519,460.61902,373.400166,514.602289,374.757342,2.927609,98.520141,-1.82793,21.207678,0.54984,59.86391
1529,50.966667,1,568.107128,377.21048,458.357697,375.95703,513.232412,376.583755,2.891883,82.006593,-1.820087,58.877539,0.535898,70.442066
1530,51.0,1,566.252317,378.145283,458.369141,377.494,512.310729,377.819642,2.789831,7.293252,-1.803306,41.588199,0.493263,24.440725
1531,51.033333,1,566.371546,378.470507,458.479481,378.493681,512.425513,378.482094,2.754667,-4.319889,-1.787019,42.297461,0.483824,18.988786
1532,51.066667,1,566.856604,378.419126,458.221884,378.667327,512.539244,378.543227,2.778314,-3.102803,-1.781627,50.307077,0.498344,23.602137
1533,51.1,1,567.171793,377.600688,458.534336,377.477918,512.853065,377.539303,2.797465,1.729754,-1.783577,50.884665,0.506944,26.30721
1534,51.133333,1,567.811232,376.454966,460.341749,375.420073,514.07649,375.93752,2.88239,41.419516,-1.783697,28.862464,0.549346,35.14099
1535,51.166667,1,568.12026,376.325276,460.31909,375.320413,514.219675,375.822845,2.882494,44.031922,-1.787433,22.320344,0.547531,33.176133
1536,51.2,1,567.716312,376.504909,459.655323,375.45904,513.685818,375.981975,2.873294,54.903875,-1.78676,21.546044,0.543267,38.22496
1537,51.233333,1,565.729322,377.649794,458.158207,377.173026,511.943765,377.41141,2.744326,17.034244,-1.745166,45.849866,0.49958,31.442055
1538,51.266667,1,567.644739,376.759096,459.463558,375.967523,513.554149,376.36331,2.843044,25.056999,-1.780676,19.81738,0.531184,22.43719
1539,51.3,1,567.563648,376.814425,457.781534,376.095904,512.672591,376.455165,2.872121,35.107088,-1.806613,21.250634,0.532754,28.178861
1540,51.333333,1,567.91132,376.419818,457.834015,375.934167,512.872667,376.176993,2.865969,24.237688,-1.818936,14.142106,0.523517,19.189897
1541,51.366667,1,568.066406,375.2952,457.46356,374.298052,512.764983,374.796626,2.938791,38.815957,-1.865685,7.14731,0.536553,22.981634
1542,51.4,1,568.66581,373.430486,457.741718,373.09993,513.203764,373.265208,2.949058,54.170508,-1.905351,5.065915,0.521854,29.618211
1543,51.433333,1,569.402437,371.902581,455.805082,371.97602,512.60376,371.939301,3.004618,8.059313,-2.00216,4.354738,0.501229,6.207025
1544,51.466667,1,570.470495,371.248369,455.136967,371.508157,512.803731,371.378263,3.073129,5.972417,-2.02423,4.464988,0.524449,5.218702
1545,51.5,1,570.503159,371.086632,456.039019,371.039243,513.271089,371.062937,3.070231,5.607077,-2.016527,4.177724,0.526852,4.892401
1546,51.533333,1,570.659876,371.456101,455.453987,371.083027,513.056931,371.269564,3.079506,6.04766,-2.008741,4.639231,0.535382,5.343446
1547,51.566667,1,570.567598,371.626196,455.545998,370.859224,513.056798,371.24271,3.065492,6.645343,-2.00216,4.378271,0.531666,5.511807
1548,51.6,1,570.619183,371.742464,455.369759,370.948402,512.994471,371.345433,3.061605,6.409711,-2.006185,4.410157,0.52771,5.409934
1549,51.633333,1,568.162346,373.093203,455.978861,372.199749,512.070603,372.646476,2.986393,9.478398,-1.967964,6.296409,0.509214,7.887404
1550,51.666667,1,568.238134,376.946197,455.854836,377.287921,512.046485,377.117059,2.878427,5.910976,-1.834917,34.023102,0.521755,19.967039
1551,51.7,1,567.270842,376.165599,458.624811,375.648125,512.947826,375.906862,2.860398,43.222991,-1.809859,21.529616,0.52527,32.376303
1552,51.733333,1,567.621975,373.981937,454.875326,373.635299,511.248651,373.808618,2.925405,30.541928,-1.95212,8.720889,0.486643,19.631408
1553,51.766667,1,568.939295,372.715516,455.627012,372.245078,512.283154,372.480297,3.016651,8.539097,-2.007458,5.52554,0.504597,7.032318
1554,51.8,1,569.501953,371.729096,455.639133,371.416951,512.570543,371.573024,3.034207,5.659102,-2.024531,4.604004,0.504838,5.131553
1555,51.833333,1,570.539808,371.234604,455.513859,371.213919,513.026834,371.224262,3.076964,5.115496,-2.012166,4.242749,0.532399,4.679123
1556,51.866667,1,570.545874,370.792125,455.666857,370.832981,513.106365,370.812553,3.090654,5.018334,-2.019941,4.283402,0.535356,4.650868
1557,51.9,1,570.400085,370.504142,455.473366,370.460218,512.936726,370.48218,3.095085,5.187216,-2.029202,4.175703,0.532941,4.68146
1558,51.933333,1,570.167255,370.39503,456.150341,369.836122,513.158798,370.115576,3.092294,5.099961,-2.001043,3.770165,0.545625,4.435063
1559,51.966667,1,570.011263,370.322696,455.819769,370.178382,512.915516,370.250539,3.067921,5.368187,-1.997282,3.769407,0.535319,4.568797
1560,52.0,1,570.042162,370.243077,456.200647,369.753102,513.121405,369.99809,3.075521,5.099013,-1.995607,3.702756,0.539957,4.400884
1561,52.033333,1,570.039053,370.303416,456.017275,369.709682,513.028164,370.006549,3.064878,5.527038,-2.001083,3.739461,0.531897,4.63325
1562,52.066667,1,569.964132,370.166516,455.911818,369.856185,512.937975,370.011351,3.050477,5.44051,-2.001781,3.782063,0.524348,4.611287
1563,52.1,1,570.015364,370.06986,456.045218,369.683375,513.030291,369.876618,3.056972,5.312483,-1.996996,3.772541,0.529988,4.542512
1564,52.133333,1,569.946976,370.236393,456.029415,369.588886,512.988195,369.91264,3.063367,5.304286,-1.98441,3.510233,0.539479,4.407259
1565,52.166667,1,569.63253,370.104858,455.810966,369.441386,512.721748,369.773122,3.039182,5.370876,-1.987407,3.478591,0.525887,4.424734
1566,52.2,1,569.90387,370.163877,455.941849,369.493035,512.922859,369.828456,3.044027,5.525257,-1.988073,3.276015,0.527977,4.400636
1567,52.233333,1,569.607668,370.934851,455.641489,369.721881,512.624578,370.328366,3.047539,6.73467,-1.997047,3.940576,0.525246,5.337623
1568,52.266667,1,567.398081,371.160629,455.81892,369.404769,511.6085,370.282699,3.017758,6.414028,-1.989031,5.803314,0.514363,6.108671
1569,52.3,1,566.032639,372.060714,454.623871,370.862582,510.328255,371.461648,2.99728,6.951494,-1.980651,11.698263,0.508314,9.324878
1570,52.333333,1,566.900473,373.242838,454.424324,371.644939,510.662398,372.443889,2.992904,17.308136,-1.946449,21.293138,0.523227,19.300637
1571,52.366667,1,565.82634,372.962354,454.820738,371.681235,510.323539,372.321795,2.959228,15.166769,-1.940431,19.535378,0.509399,17.351073
1572,52.4,1,566.218586,373.192981,453.613997,371.85913,509.916291,372.526056,2.979024,15.475978,-1.966321,17.857879,0.506352,16.666928
1573,52.433333,1,565.725212,372.486541,454.213085,371.600211,509.969149,372.043376,2.959143,14.039667,-1.964516,10.951766,0.497313,12.495716
1574,52.466667,1,566.059103,371.624823,454.564209,371.099367,510.311656,371.362095,2.972304,9.05792,-2.011262,8.263771,0.480521,8.660846
1575,52.5,1,567.535877,371.364648,454.744787,370.761302,511.140332,371.062975,3.029617,5.979983,-2.023516,7.337488,0.503051,6.658736
1576,52.533333,1,566.830645,371.685634,455.610666,370.740895,511.220655,371.213264,3.015193,6.850918,-1.977325,7.866903,0.518934,7.35891
1577,52.566667,1,567.592268,376.996665,456.826544,376.936466,512.209406,376.966565,2.863175,3.00022,-1.790829,36.699804,0.536173,19.850012
1578,52.6,1,566.509314,376.421181,459.129381,375.411952,512.819347,375.916566,2.808694,15.417165,-1.760452,33.015044,0.524121,24.216105
1579,52.633333,1,567.605486,372.752777,455.111465,372.09849,511.358476,372.425634,2.980897,8.027953,-1.986115,5.858767,0.497391,6.94336
1580,52.666667,1,569.943762,370.575682,455.534182,370.453577,512.738972,370.514629,3.07998,5.350104,-1.985604,3.321589,0.547188,4.335847
1581,52.7,1,570.448332,369.754679,455.753679,369.392023,513.101006,369.573351,3.0895,5.029925,-1.984079,3.328396,0.552711,4.17916
1582,52.733333,1,570.214911,369.109823,456.404018,368.709444,513.309464,368.909633,3.055334,4.632574,-1.90942,2.43445,0.572957,3.533512
1583,52.766667,1,569.936953,369.151193,456.356344,368.555683,513.146648,368.853438,3.037226,4.5448,-1.904326,2.297248,0.56645,3.421024
1584,52.8,1,570.077095,369.305141,456.477928,368.536484,513.277512,368.920813,3.022,4.432253,-1.912065,2.318275,0.554967,3.375264
1585,52.833333,1,570.009174,369.202466,456.353369,368.568703,513.181272,368.885584,3.03899,4.347197,-1.910446,2.303376,0.564272,3.325286
1586,52.866667,1,569.886351,369.166932,456.311083,368.716847,513.098717,368.941889,3.022762,4.359134,-1.919989,2.507029,0.551387,3.433081
1587,52.9,1,569.967861,369.101862,456.565409,368.754623,513.266635,368.928242,3.035895,4.360381,-1.940015,2.711379,0.54794,3.53588
1588,52.933333,1,569.880142,369.340214,456.371861,368.922036,513.126001,369.131125,3.031457,4.440586,-1.950527,2.798617,0.540465,3.619601
1589,52.966667,1,569.904566,369.517658,456.248894,369.003532,513.07673,369.260595,3.030699,4.518176,-1.975615,3.027649,0.527542,3.772913
1590,53.0,1,569.799347,369.580979,456.215153,369.092528,513.00725,369.336753,3.040559,4.713619,-1.975737,3.121439,0.532411,3.917529
1591,53.033333,1,569.720201,369.777778,456.390734,369.17441,513.055468,369.476094,3.035337,4.699427,-1.983291,3.192828,0.526023,3.946128
1592,53.066667,1,569.640217,369.463198,456.475639,369.036727,513.057928,369.249963,3.036839,4.682588,-1.97922,3.247607,0.52881,3.965098
1593,53.1,1,569.603043,369.424371,456.6541,369.116786,513.128572,369.270578,3.042684,4.656102,-1.971866,3.22004,0.535409,3.938071
1594,53.133333,1,569.667196,369.409854,456.625195,368.971463,513.146195,369.190659,3.046694,4.923711,-1.975665,3.245023,0.535514,4.084367
1595,53.166667,1,569.549217,369.270025,456.643267,369.193293,513.096242,369.231659,3.047332,4.536143,-1.978659,3.380337,0.534337,3.95824
1596,53.2,1,569.702616,369.32014,456.828136,368.99688,513.265376,369.15851,3.05268,4.77472,-1.973412,3.270715,0.539634,4.022718
1597,53.233333,1,569.555006,369.304433,456.735592,369.050385,513.145299,369.177409,3.046141,4.817938,-1.971119,3.304493,0.537511,4.061216
1598,53.266667,1,569.629145,369.35533,456.774769,369.04193,513.201957,369.19863,3.050125,4.598091,-1.983555,3.304264,0.533285,3.951178
1599,53.3,1,569.967194,369.384202,456.619511,369.078076,513.293352,369.231139,3.059172,4.776944,-1.991444,3.257352,0.533864,4.017148
1600,53.333333,1,569.878321,369.436516,456.502295,368.999584,513.190308,369.21805,3.045452,4.746523,-1.991401,3.194765,0.527025,3.970644
1601,53.366667,1,569.88327,369.456321,456.378689,369.047134,513.13098,369.251727,3.042695,4.756892,-1.991959,3.195695,0.525368,3.976294
1602,53.4,1,570.013351,369.337263,456.0742,369.061457,513.043776,369.19936,3.039711,4.730273,-1.980472,2.984303,0.52962,3.857288
1603,53.433333,1,569.923353,369.131827,456.306276,368.797313,513.114815,368.96457,3.036073,4.461848,-1.973049,2.977381,0.531512,3.719615
1604,53.466667,1,569.988737,369.103181,456.19442,368.901426,513.091578,369.002303,3.031383,4.695451,-1.975351,2.925591,0.528016,3.810521
1605,53.5,1,570.08647,368.865817,456.339378,368.953965,513.212924,368.909891,3.031988,4.365985,-1.979103,2.995685,0.526442,3.680835
1606,53.533333,1,570.0455,368.883744,456.350346,368.803868,513.197923,368.843806,3.042718,4.540564,-1.98072,2.962566,0.530999,3.751565
1607,53.566667,1,569.958115,369.019432,456.031485,368.988651,512.9948,369.004042,3.027397,4.564011,-1.983222,2.912219,0.522087,3.738115
1608,53.6,1,570.120802,369.020859,456.155367,368.880107,513.138084,368.950483,3.024248,4.601873,-1.990262,2.92899,0.516993,3.765431
1609,53.633333,1,570.014353,369.01558,456.088352,368.917251,513.051353,368.966416,3.023195,4.428922,-1.986896,3.046569,0.51815,3.737745
1610,53.666667,1,570.092258,368.90635,456.307602,368.719003,513.19993,368.812677,3.028377,4.592716,-1.986316,3.106457,0.521031,3.849586
1611,53.7,1,570.10931,368.964704,456.419001,368.628704,513.264155,368.796704,3.020934,4.393485,-1.982815,3.093954,0.519059,3.74372
1612,53.733333,1,570.589962,368.822311,456.195135,368.471183,513.392549,368.646747,3.026274,4.292143,-1.993091,3.146086,0.516591,3.719115
1613,53.766667,1,570.802889,368.688694,456.320143,368.335109,513.561516,368.511902,3.026034,4.330662,-1.982714,3.057827,0.52166,3.694245
1614,53.8,1,570.834045,368.562292,456.425581,368.351766,513.629813,368.457029,3.024998,4.386165,-1.978565,3.103498,0.523217,3.744831
1615,53.833333,1,570.938416,368.600868,456.504793,368.223932,513.721604,368.4124,3.029398,4.425078,-1.98217,3.041928,0.523614,3.733503
1616,53.866667,1,571.151848,368.544531,456.585455,368.231238,513.868651,368.387884,3.034462,4.412466,-1.975988,3.077973,0.529237,3.74522
1617,53.9,1,571.153049,368.604902,456.523581,368.29979,513.838315,368.452346,3.038245,4.412323,-1.985029,3.054559,0.526608,3.733441
1618,53.933333,1,571.115332,368.582232,456.485538,368.190849,513.800435,368.386541,3.035034,4.399153,-1.984769,3.027318,0.525133,3.713235
1619,53.966667,1,570.813198,368.685352,456.584024,368.221309,513.698611,368.45333,3.042388,4.283526,-1.9783,3.092037,0.532044,3.687782
1620,54.0,1,570.420351,369.043636,456.451273,368.439775,513.435812,368.741705,3.033043,4.387138,-2.004726,3.421679,0.514158,3.904409
1621,54.033333,1,569.686174,369.836476,456.472912,368.585268,513.079543,369.210872,3.024557,4.696397,-2.021861,4.361169,0.501348,4.528783
1622,54.066667,1,567.563562,371.372995,456.13966,370.091071,511.851611,370.732033,2.968749,7.905187,-1.992451,7.825989,0.488149,7.865588
1623,54.1,1,567.059631,374.220042,454.322329,372.754784,510.69098,373.487413,2.911615,17.832607,-1.934894,22.429182,0.48836,20.130895
1624,54.133333,1,567.038889,373.231337,454.977379,371.602067,511.008134,372.416702,2.924813,14.241826,-1.976591,16.621428,0.474111,15.431627
1625,54.166667,1,568.552666,371.839968,455.988817,370.687809,512.270741,371.263888,3.011114,5.858352,-2.016526,6.68856,0.497294,6.273456
1626,54.2,1,568.965273,370.686886,455.971003,370.235267,512.468138,370.461076,3.011386,4.609884,-2.017562,4.262202,0.496912,4.436043
1627,54.233333,1,570.127745,370.402014,456.425896,369.79193,513.27682,370.096972,3.033241,4.397737,-2.010677,4.312034,0.511282,4.354885
1628,54.266667,1,570.160456,370.33217,456.006765,370.25901,513.083611,370.29559,3.033178,4.530593,-2.050987,4.289525,0.491096,4.410059
1629,54.3,1,568.427992,371.491249,455.860615,370.837873,512.144303,371.164561,2.980126,6.877752,-2.028851,7.134225,0.475638,7.005988
1630,54.333333,1,570.906038,377.099404,460.56201,373.330493,515.734024,375.214949,2.966298,30.964235,-1.764208,57.099246,0.601045,44.031741
1631,54.366667,1,567.662535,376.498654,460.312071,373.374739,513.987303,374.936696,2.927695,30.440167,-1.778435,28.520855,0.57463,29.480511
1632,54.4,1,568.529119,373.518462,455.835953,371.171347,512.182536,372.344905,2.997129,6.793977,-1.992047,9.119148,0.502541,7.956562
1633,54.433333,1,569.924078,371.246417,455.829449,370.736958,512.876763,370.991687,3.047237,5.199557,-2.060976,6.088249,0.49313,5.643903
1634,54.466667,1,570.914965,370.073776,456.591148,369.889659,513.753057,369.981717,3.052076,4.10288,-2.002759,3.798172,0.524659,3.950526
1635,54.5,1,570.646353,369.781255,457.231646,369.549211,513.938999,369.665233,3.038044,4.219284,-2.001059,3.704061,0.518493,3.961673
1636,54.533333,1,570.670919,369.598435,456.934881,369.56744,513.8029,369.582937,3.02059,4.349914,-2.016921,3.794873,0.501834,4.072394
1637,54.566667,1,570.760221,369.38315,456.980953,369.605999,513.870587,369.494575,3.004543,4.295486,-2.014573,3.756135,0.494985,4.02581
1638,54.6,1,570.847864,369.265959,456.668158,369.626319,513.758011,369.446139,2.994938,4.391663,-2.009716,3.29107,0.492611,3.841366
1639,54.633333,1,570.949373,369.066671,457.423258,368.980937,514.186316,369.023804,3.005025,4.619489,-1.977034,2.963971,0.513995,3.79173
1640,54.666667,1,570.8002,369.12142,456.972246,369.163864,513.886223,369.142642,2.98935,4.650933,-1.994327,3.059779,0.497512,3.855356
1641,54.7,1,571.307049,369.095231,457.309332,369.060556,514.30819,369.077893,3.004141,4.567779,-1.990814,3.105697,0.506663,3.836738
1642,54.733333,1,571.68251,369.168499,458.131351,368.779428,514.906931,368.973963,3.007447,4.318034,-1.982474,3.044915,0.512486,3.681475
1643,54.766667,1,573.272629,369.540918,458.908453,368.677987,516.090541,369.109452,2.974442,4.200714,-1.964932,2.95805,0.504755,3.579382
1644,54.8,1,574.239445,369.72982,460.876446,368.879882,517.557945,369.304851,2.96115,3.939672,-1.92545,2.862069,0.51785,3.40087
1645,54.833333,1,574.806299,369.95519,461.063795,369.029002,517.935047,369.492096,2.963183,3.699388,-1.93557,2.849622,0.513807,3.274505
1646,54.866667,1,574.792824,370.046697,461.081066,368.836806,517.936945,369.441751,2.964839,3.731889,-1.93932,2.997366,0.512759,3.364628
1647,54.9,1,574.665422,369.935031,460.583839,368.732092,517.624631,369.333562,2.962559,4.020352,-1.947254,2.873686,0.507652,3.447019
1648,54.933333,1,574.343624,369.984469,460.247469,368.994058,517.295547,369.489264,2.964517,3.948438,-1.948176,2.797754,0.508171,3.373096
1649,54.966667,1,574.245138,369.9624,459.856443,368.748797,517.050791,369.355599,2.976839,4.117502,-1.956301,2.778487,0.510269,3.447995
1650,55.0,1,573.838234,370.044283,459.913406,369.278759,516.87582,369.661521,2.954496,4.053306,-1.936782,2.98584,0.508857,3.519573
1651,55.033333,1,573.947477,370.365708,460.267296,369.506693,517.107387,369.9362,2.95467,4.020367,-1.944594,3.056167,0.505038,3.538267
1652,55.066667,1,574.011288,370.305551,460.167255,369.597234,517.089272,369.951392,2.953043,4.064712,-1.937242,3.090471,0.5079,3.577592
1653,55.1,1,574.054689,370.311967,460.360146,369.420208,517.207417,369.866087,2.960809,3.952584,-1.929069,2.994747,0.51587,3.473665
1654,55.133333,1,573.88279,370.381211,460.047197,369.412086,516.964993,369.896649,2.962552,4.033833,-1.925807,3.04661,0.518373,3.540222
1655,55.166667,1,573.660507,370.475882,459.511757,370.058316,516.586132,370.267099,2.958908,4.145795,-1.931759,3.218303,0.513574,3.682049
1656,55.2,1,573.727674,370.485914,459.302673,369.903789,516.515174,370.194851,2.973587,4.016521,-1.943368,3.241253,0.515109,3.628887
1657,55.233333,1,573.396711,370.526834,459.154224,370.196503,516.275468,370.361668,2.94949,4.21886,-1.923488,3.140839,0.513001,3.67985
1658,55.266667,1,573.648043,370.603201,459.527245,369.579724,516.587644,370.091463,2.982949,4.00429,-1.913643,2.972322,0.534653,3.488306
1659,55.3,1,573.763418,370.723515,459.331713,369.463584,516.547565,370.093549,2.967347,4.195135,-1.909178,2.917764,0.529085,3.55645
1660,55.333333,1,573.717089,370.555158,459.245958,369.470955,516.481524,370.013056,2.954919,4.202858,-1.904029,2.869024,0.525445,3.535941
1661,55.366667,1,573.845081,370.505762,459.350777,369.491962,516.597929,369.998862,2.970341,4.102656,-1.907624,2.835093,0.531358,3.468875
1662,55.4,1,573.709869,370.476741,459.285927,369.553996,516.497898,370.015368,2.965845,4.051803,-1.912279,2.893181,0.526783,3.472492
1663,55.433333,1,573.664408,370.551939,459.32827,369.580765,516.496339,370.066352,2.966061,4.100031,-1.91552,2.923077,0.52527,3.511554
1664,55.466667,1,573.643408,370.436164,459.160109,369.665297,516.401758,370.050731,2.966161,4.146564,-1.918091,3.005838,0.524035,3.576201
1665,55.5,1,573.510456,370.471827,459.198885,369.69154,516.354671,370.081683,2.964976,4.130325,-1.9299,3.061945,0.517538,3.596135
1666,55.533333,1,573.566666,370.468404,459.407034,369.603939,516.48685,370.036172,2.955788,4.169139,-1.929078,3.073643,0.513355,3.621391
1667,55.566667,1,573.500633,370.673518,459.473877,369.583533,516.487255,370.128525,2.954404,4.244842,-1.947565,3.269522,0.50342,3.757182
1668,55.6,1,573.552828,370.70357,459.378481,369.709157,516.465654,370.206363,2.963449,4.202196,-1.953672,3.452085,0.504888,3.82714
1669,55.633333,1,573.589144,370.788692,459.53474,369.63913,516.561942,370.213911,2.954954,4.221954,-1.953648,3.502333,0.500653,3.862144
1670,55.666667,1,573.60795,370.78851,460.036287,370.186772,516.822119,370.487641,2.952954,4.688836,-1.971443,3.908702,0.490755,4.298769
1671,55.7,1,573.560266,370.95971,459.731646,370.234945,516.645956,370.597327,2.952861,4.493487,-1.98541,4.194248,0.483726,4.343868
1672,55.733333,1,573.844795,371.039414,459.491196,370.201235,516.667995,370.620325,2.959408,4.431931,-1.991458,4.213698,0.483975,4.322814
1673,55.766667,1,574.317751,371.185251,459.15266,370.504872,516.735206,370.845062,2.970718,4.795669,-2.016944,4.96036,0.476887,4.878014
1674,55.8,1,574.176979,371.163697,458.790455,370.549021,516.483717,370.856359,2.982763,4.914266,-2.02399,4.658872,0.479386,4.786569
1675,55.833333,1,574.102583,371.349971,458.892374,370.609821,516.497478,370.979896,2.986509,4.919097,-2.032283,4.640485,0.477113,4.779791
1676,55.866667,1,574.00816,371.821707,457.818012,371.70133,515.913086,371.761519,2.976001,4.715446,-2.093307,6.011051,0.441347,5.363248
1677,55.9,1,572.180977,374.352318,458.731499,372.203987,515.456238,373.278152,2.934308,5.281781,-1.992309,20.541907,0.471,12.911844
1678,55.933333,1,572.250996,376.934234,463.247633,374.136604,517.749314,375.535419,2.882888,10.238206,-1.826298,30.334023,0.528295,20.286115
1679,55.966667,1,571.099615,378.481858,461.12834,376.700431,516.113977,377.591144,2.83876,14.683344,-1.8141,68.361961,0.51233,41.522652
1680,56.0,1,570.846443,380.218674,458.854122,379.030423,514.850283,379.624549,2.819345,6.964545,-1.847307,66.040425,0.486019,36.502485
1681,56.033333,1,570.553417,380.755309,458.718929,379.800829,514.636173,380.278069,2.779875,7.886051,-1.846479,65.503913,0.466698,36.694982
1682,56.066667,1,570.366335,382.01672,460.649595,380.62107,515.507965,381.318895,2.741722,5.313836,-1.78809,65.695464,0.476816,35.50465
1683,56.1,1,569.99836,382.642576,461.805944,381.7048,515.902152,382.173688,2.707309,5.134736,-1.765051,53.582803,0.471129,29.358769
1684,56.133333,1,570.05228,383.280995,461.679821,381.840123,515.866051,382.560559,2.700427,4.982486,-1.763308,59.19758,0.46856,32.090033
1685,56.166667,1,570.372419,383.850878,462.952642,382.129898,516.662531,382.990388,2.718032,4.323938,-1.742573,58.480588,0.48773,31.402263
1686,56.2,1,570.028105,384.000492,462.812634,382.725091,516.420369,383.362792,2.707654,7.897289,-1.747068,65.875896,0.480293,36.886593
1687,56.233333,1,569.585428,384.154569,460.954638,383.042804,515.270033,383.598686,2.695275,6.867381,-1.797178,69.75466,0.449048,38.31102
1688,56.266667,1,570.238934,384.316939,462.850771,383.038727,516.544852,383.677833,2.696634,10.788641,-1.75851,70.191531,0.469062,40.490086
1689,56.3,1,569.985142,384.350917,464.942198,382.767341,517.46367,383.559129,2.688428,9.737221,-1.710858,69.660008,0.488785,39.698615
1690,56.333333,1,570.33124,384.693071,463.448858,383.105417,516.890049,383.899244,2.701066,10.138774,-1.746761,80.555417,0.477153,45.347096
1691,56.366667,1,570.592957,385.078418,463.51779,383.002367,517.055373,384.040393,2.713408,8.958396,-1.749809,97.170667,0.4818,53.064532
1692,56.4,1,571.361113,385.34076,463.151455,383.087007,517.256284,384.213883,2.733064,13.371771,-1.753887,99.912474,0.489588,56.642123
1693,56.433333,1,571.519022,385.67624,463.60177,383.178921,517.560396,384.42758,2.730611,10.437126,-1.748616,106.386998,0.490998,58.412062
1694,56.466667,1,572.395716,385.774355,463.121405,383.433398,517.75856,384.603876,2.778093,12.604739,-1.766083,92.367608,0.506005,52.486174
1695,56.5,1,572.553644,386.460818,463.907394,383.453804,518.230519,384.957311,2.769836,0.374452,-1.749641,97.058726,0.510097,48.716589
1696,56.533333,1,573.17749,386.679032,465.029058,383.512781,519.103274,385.095906,2.784224,12.943119,-1.720551,96.037123,0.531837,54.490121
1697,56.566667,1,573.771381,387.221096,465.691414,383.56194,519.731398,385.391518,2.763601,14.358621,-1.720771,93.063929,0.521415,53.711275
1698,56.6,1,573.286791,387.936484,468.744087,383.58137,521.015439,385.758927,2.738362,21.688946,-1.689375,127.416029,0.524494,74.552487
1699,56.633333,1,574.949074,388.119131,469.361906,383.911679,522.15549,386.015405,2.748995,22.406261,-1.682571,161.309214,0.533212,91.857738
1700,56.666667,1,575.948,388.61431,469.36471,384.664006,522.656355,386.639158,2.74624,15.514342,-1.681512,145.117524,0.532364,80.315933
1701,56.7,1,577.105207,389.312242,470.823107,384.536344,523.964157,386.924293,2.752201,22.743322,-1.679584,95.924357,0.536308,59.33384
1702,56.733333,1,577.847071,389.589186,471.385832,384.930822,524.616451,387.260004,2.736472,10.508148,-1.683632,107.507336,0.52642,59.007742
1703,56.766667,1,579.741087,390.350128,469.899187,385.493785,524.820137,387.921957,2.726959,6.403124,-1.747682,98.012565,0.489638,52.207845
1704,56.8,1,580.139017,390.620935,470.934734,385.776769,525.536876,388.198852,2.69732,5.872242,-1.756331,71.912209,0.470495,38.892226
1705,56.833333,1,581.800451,391.225827,471.203423,386.141796,526.501937,388.683811,2.735478,5.25635,-1.754952,68.223749,0.490263,36.740049
1706,56.866667,1,583.142319,391.722014,473.890171,385.893778,528.516245,388.807896,2.729028,8.684547,-1.735781,80.244527,0.496624,44.464537
1707,56.9,1,584.330645,392.610469,476.261454,385.076315,530.296049,388.843392,2.728725,14.061424,-1.755171,57.516238,0.486777,35.788831
1708,56.933333,1,585.249023,392.918644,473.504515,385.387795,529.376769,389.153219,2.712948,9.830518,-1.817592,84.288163,0.447678,47.05934
1709,56.966667,1,586.436319,393.474151,474.670649,385.330138,530.553484,389.402145,2.749698,12.740584,-1.823108,74.702939,0.463295,43.721761
1710,57.0,1,586.920061,393.749442,473.936434,385.102376,530.428247,389.425909,2.739818,18.320424,-1.869074,76.988446,0.435372,47.654435
1711,57.033333,1,587.960606,393.853083,474.883204,385.166223,531.421905,389.509653,2.747115,12.766309,-1.847175,102.225929,0.44997,57.496119
1712,57.066667,1,588.900785,394.403933,478.770494,385.159775,533.83564,389.781854,2.728218,14.710641,-1.79012,106.426,0.469049,60.56832
1713,57.1,1,590.182142,395.099655,479.178581,385.4441,534.680362,390.271878,2.753258,15.096287,-1.792024,108.961634,0.480617,62.028961
1714,57.133333,1,589.851713,395.011336,481.072464,385.127513,535.462089,390.069425,2.722432,16.436396,-1.775309,147.650998,0.473562,82.043697
1715,57.166667,1,589.909916,395.254183,483.271255,385.164324,536.590586,390.209253,2.722676,17.804434,-1.727984,145.395004,0.497346,81.599719
1716,57.2,1,591.968536,395.440242,485.557842,385.177885,538.763189,390.309064,2.757062,15.754788,-1.698423,129.673603,0.52932,72.714196
1717,57.233333,1,593.362045,396.000051,483.931971,385.23315,538.647008,390.616601,2.762241,16.238846,-1.745655,174.03092,0.508293,95.134883
1718,57.266667,1,594.679613,396.507,483.813648,385.202293,539.246631,390.854647,2.765498,13.66705,-1.747858,199.718797,0.50882,106.692923
1719,57.3,1,596.895456,397.351241,484.060173,385.177413,540.477815,391.264327,2.733143,19.996432,-1.759995,103.573876,0.486574,61.785154
1720,57.333333,1,598.488874,397.920288,483.718586,385.628175,541.10373,391.774231,2.731241,33.780092,-1.78439,50.958912,0.473425,42.369502
1721,57.366667,1,599.910879,399.008728,481.885576,386.115865,540.898228,392.562296,2.727841,29.161619,-1.859475,43.286019,0.434183,36.223819
1722,57.4,1,600.84671,399.577067,484.073496,386.787726,542.460103,393.182396,2.718322,19.021822,-1.857862,57.611838,0.43023,38.31683
1723,57.433333,1,602.200851,400.302787,483.947954,387.332,543.074403,393.817393,2.763944,14.591601,-1.899117,53.845548,0.432413,34.218574
1724,57.466667,1,604.166231,401.296835,483.581123,387.682961,543.873677,394.489898,2.808876,7.876497,-1.949688,68.771588,0.429594,38.324042
1725,57.5,1,605.848093,402.368903,485.204983,387.996404,545.526538,395.182654,2.774869,8.272093,-1.964645,64.670719,0.405112,36.471406
1726,57.533333,1,606.871481,403.19203,491.372185,388.184792,549.121833,395.688411,2.736957,15.009857,-1.874479,104.528221,0.431239,59.769039
1727,57.566667,1,608.744755,404.666365,492.77956,388.179814,550.762157,396.42309,2.679202,26.74891,-1.906533,92.274889,0.386335,59.511899
1728,57.6,1,610.789537,406.72201,496.568232,388.231752,553.678885,397.476881,2.697869,60.873565,-1.84281,78.204601,0.42753,69.539083
1729,57.633333,1,612.395048,407.214346,496.66914,388.952579,554.532094,398.083463,2.721993,27.465098,-1.846618,77.377348,0.437688,52.421223
1730,57.666667,1,613.624172,408.106256,499.495001,388.663437,556.559587,398.384846,2.678558,47.320251,-1.865814,84.576273,0.406372,65.948262
1731,57.7,1,615.519972,409.251333,500.007105,389.468851,557.763538,399.360092,2.687421,27.375934,-1.891543,85.083927,0.397939,56.22993
1732,57.733333,1,617.232628,410.329839,502.563362,389.963826,559.897995,400.146832,2.652479,26.564908,-1.884518,73.166743,0.38398,49.865825
1733,57.766667,1,618.777428,411.163116,502.162619,390.355557,560.470023,400.759336,2.654659,26.322326,-1.889133,77.442385,0.382763,51.882355
1734,57.8,1,619.744787,411.700673,502.148628,390.426528,560.946708,401.063601,2.680763,19.454821,-1.917579,81.05743,0.381592,50.256125
1735,57.833333,1,620.894299,412.302711,503.781414,390.459852,562.337856,401.381282,2.653525,23.79669,-1.886859,72.831266,0.383333,48.313978
1736,57.866667,1,621.865273,412.958908,506.18392,390.696734,564.024596,401.827821,2.656723,38.643034,-1.847299,76.336017,0.404712,57.489526
1737,57.9,1,622.262478,412.770317,505.893097,389.43424,564.077787,401.102278,2.718935,44.606959,-1.922493,78.323143,0.398221,61.465051
1738,57.933333,1,621.279316,411.709996,507.758026,389.357936,564.518671,400.533966,2.674555,56.872123,-1.877898,74.36825,0.398328,65.620186
1739,57.966667,1,621.507053,411.822542,506.14397,389.154636,563.825512,400.488589,2.693713,19.464348,-1.917438,84.808904,0.388138,52.136626
1740,58.0,1,620.929079,407.622546,507.36269,385.26157,564.145885,396.442058,2.703047,61.342606,-1.898588,39.196759,0.40223,50.269682
1741,58.033333,1,617.531357,405.148863,502.734823,383.711779,560.13309,394.430321,2.755308,61.636579,-1.847574,44.830794,0.453867,53.233687
1742,58.066667,1,613.218718,400.41382,499.436483,381.549382,556.3276,390.981601,2.815067,71.818197,-1.860598,19.485522,0.477235,45.651859
1743,58.1,1,605.821915,393.134176,493.398123,377.644676,549.610019,385.389426,2.916575,28.57825,-1.91918,5.413206,0.498697,16.995728
1744,58.133333,1,597.040977,386.651748,484.12796,375.219573,540.584469,380.935661,2.952901,6.65185,-1.838328,3.786553,0.557287,5.219202
1745,58.166667,1,587.832355,382.693452,474.427099,373.970929,531.129727,378.332191,2.937479,4.638412,-1.834022,3.742955,0.551729,4.190684
1746,58.2,1,577.478781,387.024457,467.50679,381.307372,522.492785,384.165915,2.805736,22.581755,-1.731698,55.417726,0.537019,38.999741
1747,58.233333,1,573.132238,387.315466,464.698591,381.302286,518.915415,384.308876,2.734192,50.301209,-1.726313,41.641711,0.503939,45.97146
1748,58.266667,1,574.708586,382.404213,460.800953,377.191018,517.754769,379.797615,2.834932,26.350026,-1.827001,3.889393,0.503966,15.119709
1749,58.3,1,575.049601,376.695871,462.031784,371.841384,518.540692,374.268628,2.962731,3.05416,-1.840603,2.308747,0.561064,2.681453
1750,58.333333,1,574.265471,374.208251,461.467505,369.976916,517.866488,372.092584,2.939598,2.073035,-1.834752,1.923597,0.552423,1.998316
1751,58.366667,1,570.9865,371.33303,457.856903,369.786319,514.421701,370.559675,2.98036,1.663858,-1.7173,2.037383,0.63153,1.85062
1752,58.4,1,565.176229,369.667668,452.093029,369.657658,508.634629,369.662663,3.012775,1.387126,-1.767195,1.741404,0.62279,1.564265
1753,58.433333,1,563.3325,369.370308,450.143423,369.41259,506.737962,369.391449,3.073131,1.492335,-1.745192,2.041286,0.66397,1.76681
1754,58.466667,1,563.796844,369.27245,451.497049,368.487228,507.646947,368.879839,2.882504,1.690794,-1.781586,1.82761,0.550459,1.759202
1755,58.5,1,567.878389,368.021607,455.2987,367.039061,511.588545,367.530334,2.978302,1.871768,-1.834432,1.888627,0.571935,1.880198
1756,58.533333,1,570.054073,366.669699,457.254992,365.029635,513.654532,365.849667,2.958357,2.003673,-1.842171,1.675263,0.558093,1.839468
1757,58.566667,1,571.048679,365.984191,458.675432,363.964289,514.862056,364.97424,2.96033,2.357871,-1.888563,1.594298,0.535883,1.976085
1758,58.6,1,570.825367,364.842718,458.515434,365.226724,514.670401,365.034721,2.996118,2.846122,-1.87333,2.247474,0.561394,2.546798
1759,58.633333,1,567.711821,369.672829,458.677063,371.684582,513.194442,370.678706,2.910442,-12.396521,-1.821424,5.412068,0.544509,-3.492227
1760,58.666667,1,567.024584,368.232048,456.509809,370.938263,511.767197,369.585156,2.885302,-2.285207,-1.850775,5.635652,0.517264,1.675223
1761,58.7,1,565.134611,364.257535,459.001789,367.112499,512.0682,365.685017,2.910452,-0.521442,-1.853563,3.38116,0.528445,1.429859
1762,58.733333,1,564.263849,360.924338,460.7302,363.92014,512.497025,362.422239,2.982509,0.599881,-1.822503,2.767907,0.580003,1.683894
1763,58.766667,1,563.656845,358.50845,459.338846,361.636351,511.497846,360.072401,3.090147,0.236554,-1.793582,2.51619,0.648282,1.376372
1764,58.8,1,561.364136,357.536665,454.938965,361.338894,508.15155,359.437779,3.166587,0.635109,-1.837933,2.390439,0.664327,1.512774
1765,58.833333,1,559.162073,357.557698,453.572416,362.369571,506.367245,359.963635,3.106799,0.69342,-1.787792,2.868781,0.659504,1.7811
1766,58.866667,1,558.121014,357.669364,451.976366,362.170068,505.04869,359.919716,3.124845,1.026929,-1.803272,2.963709,0.660787,1.995319
1767,58.9,1,557.402086,356.857004,450.490332,362.017,503.946209,359.437002,3.118697,1.199878,-1.812452,2.919552,0.653122,2.059715
1768,58.933333,1,557.834167,356.201831,450.236683,361.11162,504.035425,358.656726,3.135736,1.038402,-1.806252,2.674954,0.664742,1.856678
1769,58.966667,1,557.838421,355.485494,450.608215,360.581455,504.223318,358.033474,3.138291,0.950548,-1.799649,2.556249,0.669321,1.753398
1770,59.0,1,558.650684,355.206136,451.01717,360.026613,504.833927,357.616374,3.141545,1.128261,-1.793022,2.812281,0.674262,1.970271
1771,59.033333,1,558.992844,354.722094,451.440516,359.63964,505.21668,357.180867,3.145203,1.076847,-1.798183,2.696059,0.67351,1.886453
1772,59.066667,1,559.385538,354.777187,452.203207,358.594539,505.794373,356.685863,3.116687,1.535715,-1.820363,2.57632,0.648162,2.056018
1773,59.1,1,561.1201,354.399827,453.013086,358.183742,507.066593,356.291784,3.138197,1.407598,-1.859664,2.615922,0.639266,2.01176
1774,59.133333,1,561.948891,354.329837,453.7609,358.0078,507.854896,356.168818,3.111695,1.421287,-1.868445,2.856043,0.621625,2.138665
1775,59.166667,1,562.911339,354.344471,454.138279,357.953179,508.524809,356.148825,3.136144,1.205414,-1.873302,2.776927,0.631421,1.99117
1776,59.2,1,563.452263,354.6237,454.705858,357.617292,509.079061,356.120496,3.095215,1.609635,-1.887784,3.014934,0.603715,2.312285
1777,59.233333,1,564.429913,354.822688,455.559483,357.577177,509.994698,356.199932,3.109777,1.377112,-1.898879,3.335955,0.605449,2.356534
1778,59.266667,1,564.990654,355.117162,455.630312,357.567719,510.310483,356.342441,3.119134,1.598728,-1.911023,3.436722,0.604055,2.517725
1779,59.3,1,565.872211,355.336894,456.25246,357.612861,511.062336,356.474877,3.126522,1.35315,-1.905715,3.608383,0.610403,2.480766
1780,59.333333,1,565.671406,355.72841,456.742859,358.046966,511.207132,356.887688,3.108178,1.114454,-1.913376,3.589154,0.597401,2.351804
1781,59.366667,1,565.775023,355.901402,457.124443,358.486301,511.449733,357.193851,3.094916,0.700043,-1.92432,3.629141,0.585298,2.164592
1782,59.4,1,565.720663,356.330888,457.189722,359.262103,511.455193,357.796496,3.091181,0.216196,-1.912829,3.706324,0.589176,1.96126
1783,59.433333,1,565.508423,356.720758,458.527336,359.261051,512.017879,357.990905,3.112818,0.762571,-1.894843,3.879508,0.608987,2.321039
1784,59.466667,1,563.99333,358.853463,463.080492,362.941042,513.536911,360.897253,3.016732,-4.68082,-1.736981,5.242629,0.639876,0.280905
1785,59.5,1,564.888744,359.432353,462.552547,362.794272,513.720646,361.113313,3.005392,-2.618637,-1.775711,4.898254,0.61484,1.139808
1786,59.533333,1,566.268816,359.035183,462.039299,361.778487,514.154058,360.406835,3.029002,-0.491855,-1.82682,4.278472,0.601091,1.893309
1787,59.566667,1,567.12224,358.657329,463.467264,360.939599,515.294752,359.798464,3.023655,-0.315101,-1.823181,4.278923,0.600237,1.981911
1788,59.6,1,568.686762,359.07599,464.713726,360.333522,516.700244,359.704756,3.046527,0.516106,-1.806335,3.496052,0.620096,2.006079
1789,59.633333,1,570.153255,358.995695,463.573647,359.620124,516.863451,359.30791,3.067983,0.709225,-1.865114,3.130894,0.601434,1.920059
1790,59.666667,1,572.055635,359.047231,463.344345,359.143426,517.69999,359.095328,3.095722,1.29229,-1.924271,3.549268,0.585726,2.420779
1791,59.7,1,573.207207,358.8231,462.362709,358.943065,517.784958,358.883083,3.105323,1.979402,-1.950141,4.169799,0.577591,3.074601
1792,59.733333,1,573.632793,359.066393,462.281199,359.19339,517.956996,359.129891,3.095155,2.195828,-1.942154,4.048478,0.576501,3.122153
1793,59.766667,1,573.79262,359.324191,461.491184,358.887919,517.641902,359.106055,3.069887,2.776298,-1.964454,3.300666,0.552717,3.038482
1794,59.8,1,574.153385,358.700169,461.625204,359.105194,517.889295,358.902681,3.056667,2.404087,-1.971739,3.404355,0.542464,2.904221
1795,59.833333,1,574.184361,358.604237,462.029829,359.033117,518.107095,358.818677,3.039124,2.368574,-1.9685,3.212772,0.535312,2.790673
1796,59.866667,1,574.307203,358.63048,462.026291,359.062852,518.166747,358.846666,3.054287,2.512002,-1.96729,3.102993,0.543498,2.807497
1797,59.9,1,574.275227,358.618925,462.144003,359.105655,518.209615,358.86229,3.054566,2.488257,-1.968463,3.274283,0.543052,2.88127
1798,59.933333,1,574.470758,358.575624,462.429857,359.375002,518.450308,358.975313,3.027449,2.16979,-1.958812,3.069851,0.534319,2.619821
1799,59.966667,1,574.473257,358.853323,462.051535,359.46469,518.262396,359.159007,3.077099,2.61052,-1.986254,3.271257,0.545422,2.940889
1800,60.0,1,574.498367,359.114453,461.364536,359.62662,517.931452,359.370537,3.071332,2.604908,-1.985984,3.618903,0.542674,3.111905
1801,60.033333,1,574.382229,359.196743,461.318865,359.547544,517.850547,359.372143,3.07513,2.715632,-1.97805,3.580751,0.54854,3.148192
1802,60.066667,1,574.174223,359.430395,461.464977,359.861442,517.8196,359.645919,3.119819,2.649506,-1.945298,3.41929,0.587261,3.034398
1803,60.1,1,574.092007,359.502177,461.034727,359.93442,517.563367,359.718298,3.105508,2.494093,-1.983313,3.260225,0.561098,2.877159
1804,60.133333,1,573.751106,359.945846,460.92123,360.075241,517.336168,360.010544,3.06923,2.335011,-1.967296,3.0758,0.550967,2.705405
1805,60.166667,1,574.16234,360.199841,461.838589,360.644798,518.000464,360.422319,3.07782,2.224546,-1.941675,3.432649,0.568073,2.828597
1806,60.2,1,574.399042,360.445274,461.758518,360.618662,518.07878,360.531968,3.074397,2.321764,-1.95334,3.581912,0.560528,2.951838
1807,60.233333,1,574.196167,360.646525,461.789045,361.054516,517.992606,360.85052,3.077104,2.28154,-1.938716,3.512761,0.569194,2.897151
1808,60.266667,1,574.2416,360.917358,461.732121,361.377872,517.98686,361.147615,3.052139,2.389895,-1.939966,3.263979,0.556087,2.826937
1809,60.3,1,574.029179,361.274736,462.109299,361.632768,518.069239,361.453752,3.040392,2.187942,-1.932176,2.994385,0.554108,2.591164
1810,60.333333,1,574.472055,361.321616,462.177782,361.559141,518.324919,361.440378,3.033187,2.302902,-1.94354,3.079361,0.544823,2.691132
1811,60.366667,1,574.810028,361.39573,462.169971,361.794103,518.49,361.594917,3.026697,2.285692,-1.953431,3.27081,0.536633,2.778251
1812,60.4,1,575.236359,361.531037,462.5,361.873308,518.868179,361.702173,3.023641,2.353793,-1.938649,3.255123,0.542496,2.804458
1813,60.433333,1,575.236282,361.484603,462.662468,361.880803,518.949375,361.682703,3.018562,2.324744,-1.951815,3.16714,0.533374,2.745942
1814,60.466667,1,575.254126,361.633497,462.613382,362.125286,518.933754,361.879392,3.01378,2.309811,-1.938173,2.993757,0.537803,2.651784
1815,60.5,1,575.744123,361.738055,462.983732,362.211841,519.363928,361.974948,3.030413,2.245321,-1.93831,3.124682,0.546052,2.685002
1816,60.533333,1,576.030188,362.209615,463.693542,362.117406,519.861865,362.16351,3.011328,2.264265,-1.954894,2.965554,0.528217,2.61491
1817,60.566667,1,577.004547,362.458722,463.798132,362.095309,520.40134,362.277016,2.999328,2.294146,-1.970628,2.892817,0.51435,2.593482
1818,60.6,1,577.32914,362.563757,464.179258,362.288761,520.754199,362.426259,2.990119,2.449972,-1.980374,2.90731,0.504872,2.678641
1819,60.633333,1,577.69351,362.406537,465.004911,362.19976,521.349211,362.303149,3.008315,2.405946,-1.962974,2.843374,0.52267,2.62466
1820,60.666667,1,577.868109,362.156346,465.3088,361.484785,521.588454,361.820565,2.99657,2.759953,-1.962075,2.807802,0.517247,2.783877
1821,60.7,1,578.09803,361.840242,465.496321,361.226354,521.797175,361.533298,3.001681,2.575934,-1.964618,2.94141,0.518531,2.758672
1822,60.733333,1,578.239765,361.673623,465.447035,361.243992,521.8434,361.458808,3.013392,2.68377,-1.96539,2.980878,0.524001,2.832324
1823,60.766667,1,578.223801,361.6445,465.84837,360.987707,522.036085,361.316104,3.012836,2.755843,-1.977003,2.915746,0.517916,2.835795
1824,60.8,1,578.398113,361.432337,466.521931,360.565984,522.460022,360.99916,3.000772,3.113506,-1.972719,2.759723,0.514026,2.936615
1825,60.833333,1,578.728523,361.413562,466.478415,360.40481,522.603469,360.909186,2.995237,2.861175,-1.99344,2.673957,0.500899,2.767566
1826,60.866667,1,578.711901,361.116625,467.363834,359.866115,523.037868,360.49137,2.977507,2.961892,-1.984946,2.470378,0.496281,2.716135
1827,60.9,1,578.99066,361.199355,467.511425,359.556127,523.251042,360.377741,2.985934,2.766853,-1.98363,2.267628,0.501152,2.517241
1828,60.933333,1,579.221554,361.366237,465.666714,359.6158,522.444134,360.491019,3.017435,3.14383,-2.056286,2.667166,0.480575,2.905498
1829,60.966667,1,579.86722,361.410831,470.574102,358.945726,525.220661,360.178278,3.02061,2.913833,-1.973204,2.813191,0.523703,2.863512
1830,61.0,1,580.745564,361.931056,469.765549,359.187157,525.255556,360.559106,3.01093,3.25051,-1.998721,3.160704,0.506105,3.205607
1831,61.033333,1,579.887762,362.733369,471.619949,360.254998,525.753856,361.494184,2.987257,3.369105,-1.964554,3.283114,0.511352,3.32611
1832,61.066667,1,578.469152,365.035826,473.365345,363.198888,525.917249,364.117357,2.826904,1.759961,-1.873603,4.364819,0.476651,3.06239
1833,61.1,1,578.347101,366.460422,473.451185,363.984668,525.899143,365.222545,2.827556,1.737152,-1.856506,5.489299,0.485525,3.613226
1834,61.133333,1,578.733292,366.019735,473.218298,363.729644,525.975795,364.87469,2.817694,2.10563,-1.878355,5.009652,0.469669,3.557641
1835,61.166667,1,579.218025,365.891359,472.020502,363.612367,525.619264,364.751863,2.859194,2.576681,-1.923499,4.565316,0.467848,3.570998
1836,61.2,1,579.100218,365.822416,471.101122,363.899283,525.10067,364.860849,2.882177,3.200467,-1.92935,4.341465,0.476413,3.770966
1837,61.233333,1,579.127111,365.88408,469.637737,363.812749,524.382424,364.848415,2.932161,4.113416,-1.936267,4.971612,0.497947,4.542514
1838,61.266667,1,579.16791,365.918664,468.502626,363.834422,523.835268,364.876543,2.958554,4.048636,-1.936083,4.548652,0.511235,4.298644
1839,61.3,1,578.973598,365.938615,467.324972,363.714581,523.149285,364.826598,2.958754,4.124321,-1.948349,4.593895,0.505202,4.359108
1840,61.333333,1,579.002438,365.504016,466.782999,363.459728,522.892718,364.481872,2.98157,4.356111,-1.94168,4.616088,0.519945,4.486099
1841,61.366667,1,579.020538,365.420862,466.20863,363.216618,522.614584,364.31874,3.011751,4.002166,-1.947841,4.790787,0.531955,4.396476
1842,61.4,1,578.761158,365.436966,466.260099,363.217846,522.510629,364.327406,3.020082,4.263221,-1.946896,4.75298,0.536593,4.508101
1843,61.433333,1,578.646822,365.276747,466.131554,363.193932,522.389188,364.235339,3.008498,3.98977,-1.955144,4.638236,0.526677,4.314003
1844,61.466667,1,579.375381,365.05443,466.784439,362.571369,523.07991,363.8129,3.033248,4.353683,-1.948436,4.512108,0.542406,4.432896
1845,61.5,1,579.550524,364.770502,467.305994,362.149082,523.428259,363.459792,3.025828,4.039699,-1.951882,4.389299,0.536973,4.214499
1846,61.533333,1,579.893169,364.70688,467.638092,362.149168,523.765631,363.428024,3.020669,3.885571,-1.947441,4.281407,0.536614,4.083489
1847,61.566667,1,579.7649,364.669216,467.89752,361.82652,523.83121,363.247868,3.005487,4.419798,-1.938548,4.112858,0.53347,4.266328
1848,61.6,1,580.943642,364.661524,468.596992,361.958753,524.770317,363.310138,2.999027,4.305507,-1.959397,4.118416,0.519815,4.211962
1849,61.633333,1,582.097168,364.92416,468.783951,361.827185,525.440559,363.375673,3.014085,4.552271,-1.972394,4.153561,0.520846,4.352916
1850,61.666667,1,582.228022,364.855158,468.854666,361.239932,525.541344,363.047545,3.023924,4.430362,-1.975172,3.972688,0.524376,4.201525
1851,61.7,1,582.282686,364.747022,468.764839,361.402677,525.523763,363.07485,3.012764,4.352579,-1.998689,3.957481,0.507037,4.15503
1852,61.733333,1,582.341681,364.77695,469.178333,361.331298,525.760007,363.054124,3.021915,4.724059,-1.989567,3.866393,0.516174,4.295226
1853,61.766667,1,582.32749,364.813256,468.604736,361.567655,525.466113,363.190455,3.024579,4.532937,-1.9891,3.449576,0.517739,3.991257
1854,61.8,1,582.268982,364.86491,468.411455,361.458161,525.340219,363.161536,3.024581,4.291602,-1.995941,3.37937,0.51432,3.835486
1855,61.833333,1,582.261419,364.84319,468.385878,361.475274,525.323648,363.159232,3.035788,4.163946,-1.995634,3.229977,0.520077,3.696961
1856,61.866667,1,581.634274,364.858865,468.190279,361.334501,524.912276,363.096683,3.02216,4.056097,-1.99213,3.055803,0.515015,3.55595
1857,61.9,1,581.360025,364.882393,468.024216,361.434719,524.692121,363.158556,3.007405,4.12672,-1.979825,2.941649,0.51379,3.534185
1858,61.933333,1,581.099968,364.828368,467.901964,361.436382,524.500966,363.132375,3.000568,4.160665,-1.978006,2.844213,0.511281,3.502439
1859,61.966667,1,581.229239,364.933451,467.424927,361.581624,524.327083,363.257537,2.999033,4.002638,-1.977438,2.795869,0.510798,3.399254
1860,62.0,1,581.112032,364.922948,467.114563,361.580701,524.113297,363.251824,3.015408,4.188479,-1.970679,2.910516,0.522365,3.549498
1861,62.033333,1,580.73801,364.616945,467.138796,361.642767,523.938403,363.129856,3.018181,4.045445,-1.971759,3.003314,0.523211,3.524379
1862,62.066667,1,580.812845,364.729566,467.039728,361.618423,523.926287,363.173995,3.02488,3.999789,-1.969397,3.045111,0.527741,3.52245
1863,62.1,1,580.676031,364.674908,467.001324,361.449428,523.838677,363.062168,3.028083,4.111852,-1.967403,2.963638,0.53034,3.537745
1864,62.133333,1,580.771713,364.691194,467.147284,361.474625,523.959498,363.08291,3.031805,4.128156,-1.968925,2.940818,0.53144,3.534487
1865,62.166667,1,580.776052,364.626247,466.994085,361.519096,523.885069,363.072672,3.025708,4.207393,-1.972146,2.961238,0.526781,3.584315
1866,62.2,1,580.752516,364.556091,467.078104,361.589456,523.91531,363.072774,3.026248,4.172341,-1.971154,2.857146,0.527547,3.514744
1867,62.233333,1,580.800571,364.552846,467.126446,361.419559,523.963509,362.986203,3.024061,4.075127,-1.972209,2.795355,0.525926,3.435241
1868,62.266667,1,580.747738,364.58691,467.313585,361.188589,524.030662,362.887749,3.024501,4.035382,-1.961558,2.687074,0.531471,3.361228
1869,62.3,1,581.068373,364.618238,467.282457,361.001365,524.175415,362.809802,3.034912,4.151695,-1.964319,2.793309,0.535297,3.472502
1870,62.333333,1,581.013889,364.626698,467.266216,361.096664,524.140053,362.861681,3.027478,4.296893,-1.964688,2.731336,0.531395,3.514114
1871,62.366667,1,580.955362,364.426106,467.359219,361.122606,524.15729,362.774356,3.01801,4.227495,-1.960903,2.75173,0.528554,3.489612
1872,62.4,1,581.003456,364.560689,467.420292,360.971839,524.211874,362.766264,3.01752,4.398611,-1.955788,2.848241,0.530866,3.623426
1873,62.433333,1,581.050711,364.650468,467.329369,360.953944,524.19004,362.802206,3.019264,4.461357,-1.963998,2.827441,0.527633,3.644399
1874,62.466667,1,581.042137,364.631413,467.136812,361.068946,524.089475,362.85018,3.013678,4.53585,-1.971084,2.850427,0.521297,3.693138
1875,62.5,1,581.10405,364.653681,467.138853,361.09072,524.121451,362.872201,3.020344,4.481588,-1.966237,2.854699,0.527054,3.668144
1876,62.533333,1,580.913467,364.614483,467.227068,361.066226,524.070268,362.840355,3.014212,4.422312,-1.962995,2.822946,0.525609,3.622629
1877,62.566667,1,580.888586,364.589437,467.247124,361.294338,524.067855,362.941887,3.011358,4.16893,-1.966853,2.811646,0.522252,3.490288
1878,62.6,1,580.95273,364.617718,467.288036,361.383939,524.120383,363.000829,3.010041,4.264228,-1.960636,2.825014,0.524702,3.544621
1879,62.633333,1,581.131945,364.895203,467.51771,361.566662,524.324827,363.230933,3.00817,4.056365,-1.953454,2.971262,0.527358,3.513813
1880,62.666667,1,580.582361,366.400255,466.761885,364.523749,523.672123,365.462002,3.043454,4.472965,-1.954042,3.772685,0.544706,4.122825
1881,62.7,1,576.197786,373.355716,471.198587,369.412376,523.698187,371.384046,2.802054,1.166542,-1.741109,14.052534,0.530473,7.609538
1882,62.733333,1,575.188866,372.252867,469.715376,370.040174,522.452121,371.14652,2.797091,-2.82342,-1.770677,6.30955,0.513207,1.743065
1883,62.766667,1,578.220129,371.073811,471.474152,368.374286,524.84714,369.724048,2.948828,2.629907,-1.765838,6.673143,0.591495,4.651525
1884,62.8,1,578.670225,369.587878,470.607166,367.453408,524.638696,368.520643,2.9981,4.292058,-1.814528,5.427188,0.591786,4.859623
1885,62.833333,1,581.087227,368.153154,468.24667,366.236222,524.666948,367.194688,3.083742,4.202833,-1.892019,5.663954,0.595861,4.933394
1886,62.866667,1,581.354227,367.354585,467.626276,365.028664,524.490252,366.191625,3.114364,4.290292,-1.914743,5.275795,0.599811,4.783043
1887,62.9,1,580.988007,366.841596,467.087412,363.617989,524.037709,365.229793,3.103121,4.231574,-1.924779,4.068131,0.589171,4.149852
1888,62.933333,1,581.020288,366.542916,467.004986,363.219681,524.012637,364.881299,3.093571,4.504313,-1.931451,3.677273,0.58106,4.090793
1889,62.966667,1,581.118078,366.136208,467.100067,362.770502,524.109073,364.453355,3.095898,4.304051,-1.933304,3.520574,0.581297,3.912312
1890,63.0,1,581.258154,365.756943,466.824903,362.643253,524.041529,364.200098,3.074069,4.314708,-1.961626,3.676714,0.556221,3.995711
1891,63.033333,1,581.243353,365.815668,466.641636,362.371416,523.942494,364.093542,3.077008,4.303566,-1.964734,3.571844,0.556137,3.937705
1892,63.066667,1,581.170807,365.742036,466.610107,362.384221,523.890457,364.063128,3.083313,4.252673,-1.96206,3.612706,0.560626,3.932689
1893,63.1,1,580.669813,365.228355,467.957516,362.298648,524.313664,363.763501,3.005807,4.495344,-1.925475,3.098106,0.540166,3.796725
1894,63.133333,1,580.979548,365.293061,466.802406,361.892872,523.890977,363.592966,3.045872,4.229818,-1.964255,3.39256,0.540808,3.811189
1895,63.166667,1,580.767136,365.246862,466.751051,361.964117,523.759093,363.60549,3.047279,4.261323,-1.963327,3.345126,0.541976,3.803225
1896,63.2,1,581.08387,365.532271,466.866264,361.99478,523.975067,363.763525,3.046725,4.190881,-1.960386,3.264167,0.543169,3.727524
1897,63.233333,1,581.097584,365.420857,466.913309,362.059786,524.005446,363.740322,3.043658,4.420214,-1.956584,3.35082,0.543537,3.885517
1898,63.266667,1,581.161022,365.497584,466.981592,361.997135,524.071307,363.74736,3.043841,4.378883,-1.955404,3.313217,0.544219,3.84605
1899,63.3,1,581.119871,365.55729,467.013817,361.972829,524.066844,363.76506,3.039296,4.386588,-1.954597,3.171499,0.542349,3.779043
1900,63.333333,1,581.04744,365.445614,467.102394,361.841841,524.074917,363.643727,3.040488,4.476238,-1.952453,3.141344,0.544018,3.808791
1901,63.366667,1,580.993013,365.435663,467.006168,361.742089,523.999591,363.588876,3.029625,4.588998,-1.954211,2.955694,0.537707,3.772346
1902,63.4,1,581.025581,365.243713,466.9734,361.808029,523.999491,363.525871,3.035296,4.51943,-1.952538,3.008199,0.541379,3.763815
1903,63.433333,1,581.031618,365.254152,466.985235,361.668071,524.008427,363.461112,3.034939,4.4304,-1.959578,3.029989,0.537681,3.730194
1904,63.466667,1,581.009426,365.242667,466.959553,361.615924,523.984489,363.429295,3.024718,4.586287,-1.959253,2.935766,0.532732,3.761026
1905,63.5,1,580.914516,365.212203,466.882534,361.661425,523.898525,363.436814,3.033508,4.505227,-1.955278,2.857807,0.539115,3.681517
1906,63.533333,1,580.942745,365.266474,466.912737,361.600716,523.927741,363.433595,3.041935,4.427639,-1.951701,2.833582,0.545117,3.63061
1907,63.566667,1,580.96879,365.116308,466.849012,361.588383,523.908901,363.352346,3.025137,4.404506,-1.955171,2.806557,0.534983,3.605531
1908,63.6,1,581.062679,365.156295,466.831036,361.640192,523.946857,363.398243,3.03275,4.499415,-1.957516,2.867046,0.537617,3.683231
1909,63.633333,1,580.974112,365.11832,466.948748,361.523865,523.96143,363.321092,3.02767,4.407945,-1.958497,2.771956,0.534586,3.58995
1910,63.666667,1,580.871258,365.175521,466.872301,361.62169,523.871779,363.398606,3.033989,4.355117,-1.957712,2.731464,0.538139,3.543291
1911,63.7,1,580.877638,365.163569,466.861277,361.60248,523.869457,363.383025,3.032065,4.431488,-1.961351,2.692682,0.535357,3.562085
1912,63.733333,1,580.966702,365.163006,466.979456,361.733152,523.973079,363.448079,3.032436,4.302427,-1.961046,2.694892,0.535695,3.498659
1913,63.766667,1,580.990601,365.209853,467.233458,361.757045,524.112029,363.483449,3.026078,4.016789,-1.960662,2.718292,0.532708,3.36754
1914,63.8,1,581.021585,365.280138,467.307014,361.708798,524.1643,363.494468,3.021943,4.146506,-1.94836,2.613363,0.536791,3.379935
1915,63.833333,1,581.078911,365.290421,467.113523,361.798335,524.096217,363.544378,3.031335,4.118101,-1.953498,2.645408,0.538919,3.381754
1916,63.866667,1,581.10363,365.277423,467.391157,361.812701,524.247394,363.545062,3.020319,4.153663,-1.948653,2.612029,0.535833,3.382846
1917,63.9,1,581.101952,365.208689,467.553034,361.905715,524.327493,363.557202,3.014156,4.225162,-1.947128,2.625638,0.533514,3.4254
1918,63.933333,1,581.193542,365.32883,467.570038,361.794822,524.38179,363.561826,3.018216,4.32449,-1.94994,2.669479,0.534138,3.496985
1919,63.966667,1,581.187944,365.323434,467.441683,361.833885,524.314814,363.57866,3.020832,4.33708,-1.949526,2.684656,0.535653,3.510868
1920,64.0,1,581.082659,365.215201,467.590961,361.721962,524.33681,363.468582,3.011727,4.301245,-1.955064,2.639223,0.528331,3.470234
1921,64.033333,1,581.027927,365.215958,467.582865,361.780053,524.305396,363.498006,3.018558,4.296041,-1.955195,2.584616,0.531681,3.440328
1922,64.066667,1,581.01016,365.222626,467.708235,361.728711,524.359198,363.475668,3.019917,4.199515,-1.953213,2.513445,0.533352,3.35648
1923,64.1,1,580.996714,365.199441,467.720604,361.764368,524.358659,363.481904,3.025117,4.166467,-1.958349,2.522632,0.533384,3.344549
1924,64.133333,1,581.030903,365.243676,467.773476,361.73231,524.402189,363.487993,3.023787,4.167156,-1.955307,2.476389,0.53424,3.321772
1925,64.166667,1,581.071482,365.233821,467.746506,361.719038,524.408994,363.47643,3.032318,4.258792,-1.958048,2.450966,0.537135,3.354879
1926,64.2,1,581.01779,365.201238,467.647829,361.815019,524.332809,363.508128,3.029453,4.246538,-1.955751,2.453591,0.536851,3.350064
1927,64.233333,1,581.010466,365.16911,467.629766,361.837109,524.320116,363.50311,3.039119,4.341882,-1.952506,2.455383,0.543307,3.398633
1928,64.266667,1,581.26462,365.233977,467.722616,361.76624,524.493618,363.500108,3.048952,4.319426,-1.955413,2.503125,0.546769,3.411275
1929,64.3,1,581.48241,365.336287,467.878466,361.803968,524.680438,363.570127,3.054081,4.320509,-1.957488,2.492087,0.548297,3.406298
1930,64.333333,1,581.524191,365.287669,467.770967,361.729285,524.647579,363.508477,3.034668,4.342755,-1.966645,2.557514,0.534012,3.450135
1931,64.366667,1,581.687346,365.422037,467.804327,361.692291,524.745836,363.557164,3.024437,4.274151,-1.955884,2.660929,0.534276,3.46754
1932,64.4,1,581.48488,365.285202,467.471361,361.689513,524.478121,363.487357,3.023199,4.498915,-1.965281,2.627571,0.528959,3.563243
1933,64.433333,1,581.502676,365.326781,467.721653,361.650803,524.612164,363.488792,3.039983,4.361356,-1.963644,2.629196,0.538169,3.495276
1934,64.466667,1,581.505737,365.322597,467.698784,361.699265,524.602261,363.510931,3.034726,4.384548,-1.969812,2.579824,0.532457,3.482186
1935,64.5,1,581.436977,365.38005,467.745161,361.776304,524.591069,363.578177,3.034258,4.32233,-1.963588,2.621985,0.535335,3.472158
1936,64.533333,1,581.443281,365.233483,467.739706,361.75983,524.591494,363.496656,3.032301,4.321619,-1.965168,2.647429,0.533566,3.484524
1937,64.566667,1,581.38854,365.305908,467.666397,361.935841,524.527469,363.620875,3.05076,4.305426,-1.968041,2.670635,0.54136,3.48803
1938,64.6,1,581.40501,365.289075,467.660294,361.864715,524.532652,363.576895,3.036007,4.218659,-1.965113,2.648494,0.535447,3.433576
1939,64.633333,1,581.390724,365.241702,467.730093,361.895818,524.560409,363.56876,3.043416,4.200427,-1.96742,2.744289,0.537998,3.472358
1940,64.666667,1,581.236486,365.465494,467.605429,362.065081,524.420958,363.765288,3.035803,4.16701,-1.969654,2.765622,0.533075,3.466316
1941,64.7,1,581.09642,365.541294,467.836323,362.176312,524.466372,363.858803,3.027766,4.116306,-1.973882,2.751602,0.526942,3.433954
1942,64.733333,1,581.203432,365.642896,467.801981,362.413151,524.502707,364.028023,3.037479,4.160142,-1.972897,2.859603,0.532291,3.509873
1943,64.766667,1,581.631098,367.251556,468.679237,364.639809,525.155168,365.945682,3.08565,4.46046,-1.925744,3.450806,0.579953,3.955633
1944,64.8,1,578.365355,370.150756,470.046606,369.542871,524.20598,369.846813,2.92267,0.38026,-1.839068,5.888947,0.541801,3.134603
1945,64.833333,1,578.138657,369.352573,469.445887,368.3982,523.792272,368.875387,2.962445,3.903808,-1.86683,5.227692,0.547807,4.56575
1946,64.866667,1,580.372868,368.046176,467.478361,366.169075,523.925614,367.107626,3.085833,4.186027,-1.934237,4.404399,0.575798,4.295213
1947,64.9,1,581.208315,367.621744,468.142166,365.472296,524.675241,366.54702,3.086661,3.984521,-1.924833,3.923882,0.580914,3.954201
1948,64.933333,1,580.993929,367.086031,466.995268,364.450579,523.994598,365.768305,3.086213,3.875969,-1.960815,3.451188,0.562699,3.663579
1949,64.966667,1,580.563927,366.605546,466.782351,364.111944,523.673139,365.358745,3.083303,3.517515,-1.957263,3.163149,0.56302,3.340332
1950,65.0,1,580.622387,366.488607,466.607838,363.818039,523.615112,365.153323,3.068592,3.746895,-1.970525,3.100022,0.549033,3.423459
1951,65.033333,1,580.637236,366.397374,466.557722,363.683295,523.597479,365.040335,3.069183,3.71641,-1.975748,3.054478,0.546717,3.385444
1952,65.066667,1,580.710115,366.382703,466.70516,363.514016,523.707638,364.948359,3.052514,3.846882,-1.966161,3.009766,0.543176,3.428324
1953,65.1,1,580.671854,366.323163,466.6366,363.40861,523.654227,364.865887,3.036852,3.893801,-1.973324,2.864969,0.531764,3.379385
1954,65.133333,1,580.771389,366.303524,466.643534,363.542104,523.707461,364.922814,3.047394,4.008681,-1.975571,2.886861,0.535911,3.447771
1955,65.166667,1,580.747423,366.423579,466.752424,363.524761,523.749924,364.97417,3.033966,3.870048,-1.97047,2.834602,0.531748,3.352325
1956,65.2,1,580.669947,366.338028,466.682339,363.5444,523.676143,364.941214,3.041268,3.97164,-1.971372,2.667548,0.534948,3.319594
1957,65.233333,1,580.680208,366.300568,466.672087,363.616358,523.676147,364.958463,3.037713,3.908082,-1.968265,2.646062,0.534724,3.277072
1958,65.266667,1,580.814533,366.404048,466.573076,363.611176,523.693805,365.007612,3.040931,3.930665,-1.961832,2.75762,0.53955,3.344142
1959,65.3,1,580.855284,366.464875,466.647797,363.712134,523.75154,365.088505,3.046315,3.791646,-1.960553,2.705547,0.542881,3.248596
1960,65.333333,1,580.603809,366.362854,466.48715,363.552693,523.54548,364.957774,3.037571,3.98528,-1.966443,2.621694,0.535564,3.303487
1961,65.366667,1,580.737305,366.364045,466.313143,363.500921,523.525224,364.932483,3.064762,3.963958,-1.968311,2.643603,0.548226,3.30378
1962,65.4,1,580.558558,366.260979,466.276026,363.509467,523.417292,364.885223,3.059874,3.880792,-1.973469,2.613206,0.543203,3.246999
1963,65.433333,1,580.701675,366.33828,466.427145,363.547522,523.56441,364.942901,3.062465,3.964755,-1.969585,2.634021,0.54644,3.299388
1964,65.466667,1,580.521727,366.35683,466.235256,363.468182,523.378491,364.912506,3.057702,4.030517,-1.972307,2.510393,0.542698,3.270455
1965,65.5,1,580.606413,366.424395,466.699924,363.303854,523.653169,364.864124,3.079708,3.975507,-1.963518,2.39333,0.558095,3.184419
1966,65.533333,1,580.536451,366.329042,466.351442,363.473917,523.443947,364.901479,3.05849,3.8401,-1.965718,2.447265,0.546386,3.143682
1967,65.566667,1,580.628843,366.445724,466.682415,363.369563,523.655629,364.907643,3.069272,3.841589,-1.964246,2.426579,0.552513,3.134084
1968,65.6,1,580.738506,366.384392,466.499405,363.283045,523.618956,364.833719,3.048381,3.49678,-1.964127,2.350354,0.542127,2.923567
1969,65.633333,1,580.837498,366.394971,466.911354,363.180676,523.874426,364.787824,3.046266,3.527039,-1.96396,2.317442,0.541153,2.922241
1970,65.666667,1,580.871696,366.47584,466.906281,363.179249,523.888988,364.827544,3.047216,3.537057,-1.961221,2.291371,0.542997,2.914214
1971,65.7,1,580.911531,366.487159,467.273693,363.089288,524.092612,364.788223,3.053053,3.559679,-1.954135,2.270017,0.549459,2.914848
1972,65.733333,1,580.771294,366.494347,466.888189,363.379143,523.829741,364.936745,3.031141,3.411678,-1.971449,2.293313,0.529846,2.852496
1973,65.766667,1,580.750942,366.399279,467.000284,363.167474,523.875613,364.783376,3.050116,3.4612,-1.96988,2.359807,0.540118,2.910504
1974,65.8,1,580.31374,366.003283,466.553078,363.097335,523.433409,364.550309,3.037735,3.302793,-1.972523,2.565056,0.532606,2.933925
1975,65.833333,1,580.116167,365.803421,466.290169,362.896131,523.203168,364.349776,3.031426,3.217563,-1.957688,2.626158,0.536869,2.921861
1976,65.866667,1,579.596214,365.643888,465.812874,363.393595,522.704544,364.518742,3.031949,3.345049,-1.963103,2.682929,0.534423,3.013989
1977,65.9,1,579.673204,365.696738,465.447493,363.765124,522.560349,364.730931,3.025783,3.129968,-1.975174,2.708574,0.525305,2.919271
1978,65.933333,1,579.076967,365.756267,464.52796,364.219909,521.802464,364.988088,3.005156,3.38648,-1.98567,2.885722,0.509743,3.136101
1979,65.966667,1,578.766594,365.900967,464.739361,364.336231,521.752977,365.118599,2.991987,3.810404,-1.961905,2.989689,0.515041,3.400047
1980,66.0,1,577.718287,365.795959,464.066067,364.25158,520.892177,365.023769,2.985283,3.988771,-1.989647,3.213838,0.497818,3.601304
1981,66.033333,1,577.091093,365.929484,463.3671,364.429116,520.229096,365.1793,2.949589,3.847104,-1.989718,3.070653,0.479936,3.458878
1982,66.066667,1,576.583109,365.670002,462.268591,364.276809,519.42585,364.973406,2.954101,3.252965,-1.99798,3.512115,0.47806,3.38254
1983,66.1,1,575.652418,365.721935,461.839399,363.14754,518.745909,364.434738,2.951191,3.66702,-1.991961,3.890724,0.479615,3.778872
1984,66.133333,1,574.771194,365.396385,461.656733,362.222918,518.213964,363.809651,2.949638,4.124977,-2.004672,3.218232,0.472483,3.671604
1985,66.166667,1,574.238977,364.457756,459.615154,362.487427,516.927066,363.472592,2.954744,3.574613,-2.036352,2.525067,0.459196,3.04984
1986,66.2,1,573.543453,363.776754,456.783991,362.612622,515.163722,363.194688,2.970662,4.723583,-2.130917,3.739813,0.419873,4.231698
1987,66.233333,1,571.497517,364.055892,456.720467,362.221159,514.108992,363.138525,3.051598,4.581712,-1.991059,5.58841,0.530269,5.085061
1988,66.266667,1,569.76449,363.067144,453.794336,361.935659,511.779413,362.501401,3.104887,6.734331,-2.019913,5.04156,0.542487,5.887946
1989,66.3,1,569.979858,363.067482,452.29125,362.04306,511.135554,362.555271,3.142582,6.319938,-2.047819,5.324387,0.547382,5.822163
1990,66.333333,1,569.656801,362.168695,451.668959,361.470489,510.66288,361.819592,3.138623,6.573812,-2.058158,5.484895,0.540233,6.029354
1991,66.366667,1,569.305058,361.571383,451.031809,361.36827,510.168433,361.469826,3.173893,4.582258,-2.053637,5.475319,0.560128,5.028788
1992,66.4,1,567.231445,361.431752,449.930601,361.563996,508.581023,361.497874,3.189571,4.958445,-2.002525,10.38381,0.593523,7.671128
1993,66.433333,1,564.742022,361.488567,447.203026,362.336928,505.972524,361.912748,3.116594,9.034125,-2.015204,11.252865,0.550695,10.143495
1994,66.466667,1,561.835442,360.819222,445.329361,362.44729,503.582401,361.633256,3.040676,7.824423,-2.009665,10.746223,0.515506,9.285323
1995,66.5,1,563.038034,360.185121,444.388151,362.072623,503.713093,361.128872,3.081732,5.762954,-2.035411,9.816675,0.52316,7.789814
1996,66.533333,1,562.233315,360.237241,444.574337,361.617463,503.403826,360.927352,3.105761,6.410932,-2.033556,7.210882,0.536102,6.810907
1997,66.566667,1,561.405563,359.398488,445.090666,361.299997,503.248115,360.349242,3.104165,7.187271,-1.995848,8.857483,0.554159,8.022377
1998,66.6,1,560.893812,358.940822,444.468384,361.276238,502.681098,360.10853,3.111548,6.991934,-1.982597,12.154009,0.564475,9.572971
1999,66.633333,1,561.001015,358.131053,443.660202,361.209928,502.330608,359.670491,3.096967,11.748257,-2.001719,7.981082,0.547624,9.86467
2000,66.666667,1,561.5312,356.898567,445.706377,360.204138,503.618789,358.551352,3.064565,10.495849,-1.983,10.323713,0.540782,10.409781
2001,66.7,1,562.116051,356.31355,449.806662,358.463824,505.961356,357.388687,3.054046,6.768502,-1.975562,13.292697,0.539242,10.0306
2002,66.733333,1,561.855335,355.072616,453.200092,357.135648,507.527714,356.104132,2.9568,6.017444,-1.945125,9.960716,0.505838,7.98908
2003,66.766667,1,561.730413,354.678948,453.74999,356.574138,507.740202,355.626543,2.923642,7.543672,-1.892322,14.192361,0.51566,10.868016
2004,66.8,1,560.021238,353.745786,454.8351,355.87745,507.428169,354.811618,2.89826,5.463273,-1.89866,10.757862,0.4998,8.110568
2005,66.833333,1,559.316874,353.455727,454.938278,354.944975,507.127576,354.200351,2.85184,6.231717,-1.87068,5.942747,0.49058,6.087232
2006,66.866667,1,559.146614,353.453506,456.607399,355.067466,507.877007,354.260486,2.812406,7.218411,-1.847012,5.155567,0.482697,6.186989
2007,66.9,1,562.715712,357.429167,450.008125,359.018188,506.361918,358.223678,2.825836,15.273394,-1.936363,8.852369,0.444736,12.062882
2008,66.933333,1,558.019133,355.281045,454.423695,356.774874,506.221414,356.02796,2.783989,10.45435,-1.872123,8.818237,0.455933,9.636293
2009,66.966667,1,556.886368,353.213201,453.347139,356.262449,505.116754,354.737825,2.777999,17.721667,-1.941447,11.097598,0.418276,14.409632
2010,67.0,1,559.873457,354.861521,453.938494,358.221154,506.905975,356.541337,2.803567,10.960897,-1.931638,22.096059,0.435964,16.528478
2011,67.033333,1,557.46664,357.868395,448.919239,359.934087,503.19294,358.901241,2.791681,12.970917,-1.977574,7.315917,0.407053,10.143417
2012,67.066667,1,561.865129,358.200871,454.342976,360.305734,508.104053,359.253303,2.814093,15.650534,-1.908165,9.755576,0.452964,12.703055
2013,67.1,1,562.159719,359.32683,452.872267,360.963707,507.515993,360.145268,2.860148,22.166098,-1.941107,13.510007,0.45952,17.838053
2014,67.133333,1,564.434748,360.301502,459.778938,360.774751,512.106843,360.538126,2.867437,0.428217,-1.813069,13.073149,0.527184,6.750683
2015,67.166667,1,564.610405,360.180743,459.281349,360.82376,511.945877,360.502252,2.869112,18.920155,-1.806928,18.931898,0.531092,18.926027
2016,67.2,1,565.253525,359.799172,457.992744,360.914735,511.623135,360.356954,2.896627,15.373504,-1.841592,17.150067,0.527517,16.261786
2017,67.233333,1,564.411974,359.528039,457.172232,360.677429,510.792103,360.102734,2.886336,11.802054,-1.875814,16.310442,0.505261,14.056248
2018,67.266667,1,563.812647,358.719867,459.001322,359.521113,511.406984,359.12049,2.916753,4.844639,-1.842923,11.159125,0.536915,8.001882
2019,67.3,1,564.183102,356.684661,457.506924,358.528047,510.845013,357.606354,2.941447,4.047019,-1.84489,17.19072,0.548279,10.618869
2020,67.333333,1,562.935076,355.256926,455.467176,358.003433,509.201126,356.63018,2.831767,-2.437151,-1.904634,17.367397,0.463566,7.465123
2021,67.366667,1,563.321362,353.505272,456.627102,355.470146,509.974232,354.487709,2.863313,3.049957,-1.918987,7.731148,0.472163,5.390552
2022,67.4,1,564.361687,351.265075,455.473757,353.905903,509.917722,352.585489,2.874352,3.42772,-2.026936,3.684511,0.423708,3.556116
2023,67.433333,1,564.223967,350.331527,457.405405,352.554317,510.814686,351.442922,2.889537,3.775004,-2.027717,3.426206,0.43091,3.600605
2024,67.466667,1,563.719969,349.872928,456.754322,353.325081,510.237145,351.599005,2.90964,5.625768,-2.056684,4.436852,0.426478,5.03131
2025,67.5,1,561.789532,353.636593,454.618797,356.77584,508.204165,355.206217,2.78963,-1.518142,-1.997147,47.975722,0.396241,23.22879
2026,67.533333,1,564.885464,350.086775,457.615376,354.055002,511.25042,352.070889,2.876957,-14.76077,-1.954544,8.907348,0.461207,-2.926711
2027,67.566667,1,563.939352,347.071254,456.202326,351.891838,510.070839,349.481546,2.85186,-1.4555,-2.072405,4.571979,0.389728,1.558239
2028,67.6,1,566.923599,345.768467,455.275812,350.098062,511.099706,347.933265,2.997395,2.619462,-2.161205,3.150159,0.418095,2.88481
2029,67.633333,1,566.960583,344.275051,456.386604,348.881139,511.673594,346.578095,3.00473,2.187233,-2.200498,3.678265,0.402116,2.932749
2030,67.666667,1,567.719736,343.434548,455.866184,347.912727,511.79296,345.673638,2.970003,2.086664,-2.238607,3.6482,0.365698,2.867432
2031,67.7,1,568.854933,342.21071,455.872059,346.370097,512.363496,344.290404,2.96391,0.959265,-2.353179,1.189013,0.305365,1.074139
2032,67.733333,1,570.048504,341.705537,457.460632,345.617014,513.754568,343.661276,2.967306,1.119027,-2.293054,1.264971,0.337126,1.191999
2033,67.766667,1,570.217028,341.152235,457.205935,344.935604,513.711481,343.04392,2.970647,1.625899,-2.321532,1.522219,0.324557,1.574059
2034,67.8,1,570.618429,340.332606,457.290106,344.024135,513.954268,342.178371,2.94004,1.427178,-2.389285,0.45191,0.275377,0.939544
2035,67.833333,1,570.705633,339.899005,460.030584,343.095152,515.368109,341.497079,2.973951,0.911578,-2.329571,0.296428,0.32219,0.604003
2036,67.866667,1,572.191973,339.905813,459.585695,342.581869,515.888834,341.243841,3.015771,1.979789,-2.351899,1.39491,0.331936,1.68735
2037,67.9,1,572.300005,339.777603,457.933607,342.783142,515.116806,341.280372,3.019078,0.99284,-2.397266,0.692119,0.310906,0.842479
2038,67.933333,1,572.477474,339.950134,458.70388,343.026681,515.590677,341.488407,3.018344,0.90085,-2.397882,0.984773,0.310231,0.942812
2039,67.966667,1,572.431459,340.64909,458.961306,343.670685,515.696383,342.159888,3.00513,2.029694,-2.365714,1.798671,0.319708,1.914183
2040,68.0,1,572.207346,341.09607,457.769451,344.17472,514.988399,342.635395,2.987439,1.972834,-2.403697,1.330629,0.291871,1.651731
2041,68.033333,1,572.416449,341.633375,457.397184,344.545096,514.906816,343.089235,3.006112,2.441699,-2.406351,1.637663,0.29988,2.039681
2042,68.066667,1,571.342239,341.694578,456.150169,345.057178,513.746204,343.375878,2.990449,1.716109,-2.379701,1.728152,0.305374,1.722131
2043,68.1,1,570.826178,341.665524,455.851078,345.240587,513.338628,343.453056,2.943078,1.613008,-2.335632,2.041419,0.303723,1.827213
2044,68.133333,1,570.187416,341.956925,456.02046,345.430171,513.103938,343.693548,2.941395,2.262133,-2.303476,1.689422,0.31896,1.975777
2045,68.166667,1,569.691677,341.882038,455.770035,345.543569,512.730856,343.712803,2.930831,2.792038,-2.293794,1.810263,0.318518,2.301151
2046,68.2,1,570.218506,342.31346,455.582571,345.659671,512.900538,343.986566,3.010776,2.134586,-2.313729,1.777878,0.348523,1.956232
2047,68.233333,1,568.077278,341.86397,454.848051,346.295264,511.462665,344.079617,2.975411,2.271881,-2.314054,2.252207,0.330679,2.262044
2048,68.266667,1,567.53149,342.043726,454.372482,346.188233,510.951986,344.11598,3.00656,2.021545,-2.27863,2.134204,0.363965,2.077875
2049,68.3,1,566.43918,342.083225,454.331636,346.679952,510.385408,344.381588,3.009378,2.343828,-2.270428,2.143393,0.369475,2.243611
2050,68.333333,1,566.309977,342.564493,453.832388,346.793162,510.071182,344.678828,3.024226,2.332329,-2.231315,2.550929,0.396456,2.441629
2051,68.366667,1,566.295071,343.01621,453.80024,347.520556,510.047655,345.268383,3.05099,2.390895,-2.214975,2.110688,0.418007,2.250792
2052,68.4,1,567.41684,343.211544,452.794418,347.546825,510.105629,345.379185,3.08318,2.751458,-2.294112,2.479669,0.394534,2.615564
2053,68.433333,1,567.110939,342.960865,453.971081,347.587,510.54101,345.273932,3.072685,2.119821,-2.22991,2.179103,0.421388,2.149462
2054,68.466667,1,567.617226,342.644874,453.616285,347.565692,510.616755,345.105283,3.092819,1.869299,-2.27891,2.306373,0.406954,2.087836
2055,68.5,1,567.52552,342.148418,454.100494,346.765975,510.813007,344.457197,3.055664,2.115717,-2.253864,1.839344,0.4009,1.97753
2056,68.533333,1,568.119116,341.823276,454.138393,346.073998,511.128755,343.948637,3.062619,2.069239,-2.284356,1.796375,0.389132,1.932807
2057,68.566667,1,568.501635,341.673158,454.64036,345.410913,511.570997,343.542035,3.039583,2.144234,-2.198708,1.641136,0.420438,1.892685
2058,68.6,1,568.087549,341.169643,454.60145,345.099996,511.3445,343.13482,3.042788,2.130945,-2.266368,1.970907,0.38821,2.050926
2059,68.633333,1,567.465277,341.144494,453.946457,345.054072,510.705867,343.099283,3.049039,1.438619,-2.257524,2.183841,0.395757,1.81123
2060,68.666667,1,567.360191,341.106681,452.274075,345.548344,509.817133,343.327512,3.052688,1.162032,-2.266227,2.938418,0.393231,2.050225
2061,68.7,1,566.717129,341.382852,451.595936,345.348074,509.156532,343.365463,3.055127,1.38725,-2.28484,2.328197,0.385144,1.857724
2062,68.733333,1,565.748291,341.519601,451.397018,345.066715,508.572655,343.293158,3.063861,2.014673,-2.23414,3.795966,0.414861,2.905319
2063,68.766667,1,565.796566,341.455706,451.443939,344.990428,508.620253,343.223067,3.077532,1.966362,-2.259399,3.712472,0.409067,2.839417
2064,68.8,1,564.267311,341.470292,451.44928,345.162749,507.858295,343.31652,3.037933,2.742074,-2.246042,2.763113,0.395945,2.752593
2065,68.833333,1,564.833298,341.719914,451.198473,345.595078,508.015885,343.657496,3.039994,3.01002,-2.269887,2.828782,0.385053,2.919401
2066,68.866667,1,563.623028,341.771595,451.363201,345.870085,507.493114,343.82084,3.022816,3.097896,-2.257999,2.337906,0.382408,2.717901
2067,68.9,1,563.532934,342.049681,451.454525,345.978575,507.49373,344.014128,3.022363,3.713273,-2.255094,2.152582,0.383635,2.932927
2068,68.933333,1,562.846966,342.11481,450.480652,346.093449,506.663809,344.10413,3.019514,3.588508,-2.225423,2.480903,0.397045,3.034706
2069,68.966667,1,562.264853,342.013514,450.457268,346.150205,506.36106,344.081859,2.99806,3.217197,-2.248789,2.280616,0.374635,2.748906
2070,69.0,1,561.811829,341.855537,450.154505,346.260996,505.983167,344.058267,3.001971,3.006029,-2.223793,2.302078,0.389089,2.654054
2071,69.033333,1,561.637411,341.888786,449.594698,346.248229,505.616055,344.068507,3.0155,2.429585,-2.208546,2.254999,0.403477,2.342292
2072,69.066667,1,561.105528,341.814521,448.276663,346.550041,504.691095,344.182281,3.031942,2.968191,-2.217514,1.884553,0.407214,2.426372
2073,69.1,1,560.763063,341.686558,448.352575,346.593729,504.557819,344.140144,3.03411,3.014232,-2.229106,1.331686,0.402502,2.172959
2074,69.133333,1,560.543528,342.059868,448.603067,346.62863,504.573298,344.344249,3.049902,2.824196,-2.222485,1.530461,0.413708,2.177328
2075,69.166667,1,560.689325,342.604126,448.090096,347.017545,504.38971,344.810835,3.08627,3.513392,-2.210104,1.758272,0.438083,2.635832
2076,69.2,1,559.839849,343.119201,446.837082,347.767223,503.338466,345.443212,3.077289,3.488599,-2.2081,1.227327,0.434594,2.357963
2077,69.233333,1,559.771118,343.420268,446.853113,348.375987,503.312116,345.898128,3.05637,3.826193,-2.187034,1.484437,0.434668,2.655315
2078,69.266667,1,559.752989,343.744574,446.551361,348.843486,503.152175,346.29403,3.064009,3.716895,-2.185446,0.608412,0.439281,2.162653
2079,69.3,1,560.10993,343.919658,445.962839,349.463527,503.036385,346.691592,3.095468,3.741462,-2.163653,0.799817,0.465907,2.270639
2080,69.333333,1,559.312429,343.854813,446.60428,349.640858,502.958355,346.747836,3.075181,2.64643,-2.132008,1.191793,0.471586,1.919111
2081,69.366667,1,559.059286,344.030986,446.469364,349.223008,502.764325,346.626997,3.069659,4.099003,-2.14675,0.964503,0.461455,2.531753
2082,69.4,1,558.773756,343.645397,446.357718,349.703584,502.565737,346.674491,3.063184,2.171561,-2.114216,1.394803,0.474484,1.783182
2083,69.433333,1,558.529568,343.426797,446.018696,349.453619,502.274132,346.440208,3.066862,2.677205,-2.111715,1.281887,0.477574,1.979546
2084,69.466667,1,558.282518,343.623322,445.587883,349.376124,501.935201,346.499723,3.080911,2.793001,-2.125609,1.139808,0.477651,1.966405
2085,69.5,1,558.003902,343.769991,445.136395,349.308801,501.570148,346.539396,3.091716,2.368208,-2.123343,1.150039,0.484187,1.759123
2086,69.533333,1,557.844553,343.965213,444.941206,349.314466,501.392879,346.639839,3.069658,2.456978,-2.115691,0.92058,0.476984,1.688779
2087,69.566667,1,557.60499,344.142351,445.055037,349.456708,501.330013,346.79953,3.06892,2.432112,-2.110361,1.038363,0.47928,1.735238
2088,69.6,1,558.031349,344.127637,444.913626,349.383849,501.472487,346.755743,3.07391,2.349765,-2.142043,1.060291,0.465933,1.705028
2089,69.633333,1,557.459412,344.207464,444.192295,349.344131,500.825853,346.775798,3.096125,2.592108,-2.118102,1.314626,0.489011,1.953367
2090,69.666667,1,557.589436,343.945021,442.878036,349.733598,500.233736,346.83931,3.101032,2.679837,-2.077676,2.136971,0.511678,2.408404
2091,69.7,1,556.13553,344.246947,442.851276,350.140768,499.493403,347.193857,3.088023,2.544305,-2.081415,1.662143,0.503304,2.103224
2092,69.733333,1,556.428928,344.197433,442.159986,350.434856,499.294457,347.316145,3.064909,3.090808,-2.05677,2.247493,0.50407,2.669151
2093,69.766667,1,555.886698,344.169999,442.290144,350.477192,499.088421,347.323596,3.039418,2.77691,-2.068132,2.157303,0.485643,2.467107
2094,69.8,1,555.701103,344.274884,442.661791,350.62061,499.181447,347.447747,3.050901,2.916767,-2.047329,2.350659,0.501786,2.633713
2095,69.833333,1,555.57272,344.366525,441.856728,350.80226,498.714724,347.584392,3.048808,2.743975,-2.096745,2.381915,0.476032,2.562945
2096,69.866667,1,555.858936,344.606137,442.19121,350.631773,499.025073,347.618955,3.058046,2.880535,-2.117403,2.85344,0.470321,2.866987
2097,69.9,1,556.077843,344.985922,442.36927,350.96441,499.223557,347.975166,3.081781,2.737845,-2.094904,3.066104,0.493439,2.901974
2098,69.933333,1,556.360779,345.30591,442.739544,351.171316,499.550161,348.238613,3.087283,2.58387,-2.117718,2.768513,0.484782,2.676191
2099,69.966667,1,556.823311,345.740728,442.446871,351.411261,499.635091,348.575994,3.091641,2.374993,-2.128613,2.593737,0.481514,2.484365
2100,70.0,1,557.301025,346.731504,443.001413,351.79641,500.151219,349.263957,3.085903,2.573274,-2.135092,1.918639,0.475406,2.245957
2101,70.033333,1,558.351326,347.507338,444.138432,352.635963,501.244879,350.07165,3.098925,2.900305,-2.119116,2.048786,0.489904,2.474545
2102,70.066667,1,558.70409,347.896419,442.724781,353.733507,500.714436,350.814963,3.115614,2.781119,-2.097753,3.036539,0.50893,2.908829
2103,70.1,1,559.59157,348.813059,442.938099,354.090321,501.264834,351.45169,3.086916,2.988979,-2.115612,2.857888,0.485652,2.923433
2104,70.133333,1,559.496412,349.641405,441.978807,355.404566,500.73761,352.522986,3.095414,3.331059,-2.188837,2.576569,0.453289,2.953814
2105,70.166667,1,559.188862,349.699861,441.721649,355.370395,500.455256,352.535128,3.092389,3.164325,-2.179755,2.98558,0.456317,3.074953
2106,70.2,1,559.167109,349.668281,441.344175,355.388945,500.255642,352.528613,3.086561,3.191985,-2.203756,3.084055,0.441403,3.13802
2107,70.233333,1,559.061842,349.332184,443.403997,354.73308,501.23292,352.032632,3.125198,2.764637,-2.119685,3.293438,0.502757,3.029037
2108,70.266667,1,558.086109,348.909103,442.641792,354.448219,500.363951,351.678661,3.121643,3.299887,-2.108924,3.265267,0.50636,3.282577
2109,70.3,1,557.448645,348.883386,443.723078,354.883971,500.585861,351.883678,3.153125,2.270124,-2.011656,2.869655,0.570734,2.56989
2110,70.333333,1,557.185125,349.611713,442.504005,354.596449,499.844565,352.104081,3.208736,2.824048,-2.030252,2.719506,0.589242,2.771777
2111,70.366667,1,558.894167,350.601545,444.101219,354.552927,501.497693,352.577236,3.210546,3.545311,-1.980116,3.229753,0.615215,3.387532
2112,70.4,1,558.835039,350.892436,443.367929,354.485679,501.101484,352.689057,3.19828,3.799688,-1.933407,3.418706,0.632436,3.609197
2113,70.433333,1,556.05978,352.231631,445.122147,356.021436,500.590963,354.126534,3.079416,0.922965,-1.825562,4.439171,0.626927,2.681068
2114,70.466667,1,554.947424,354.098706,448.276892,357.455168,501.612158,355.776937,3.028453,0.179807,-1.741102,4.70459,0.643676,2.442198
2115,70.5,1,556.661882,353.583266,448.346987,356.845964,502.504435,355.214615,2.993325,-0.309073,-1.711513,6.896519,0.640906,3.293723
2116,70.533333,1,558.864698,353.084042,444.74184,354.917096,501.803269,354.000569,3.129462,0.91099,-1.832065,5.163668,0.648698,3.037329
2117,70.566667,1,559.376879,352.62767,447.067747,354.812876,503.222313,353.720273,3.156705,0.441027,-1.828223,4.775087,0.664241,2.608057
2118,70.6,1,560.626106,353.015522,443.04533,354.733526,501.835718,353.874524,3.244122,2.403193,-2.002401,4.180627,0.620861,3.29191
2119,70.633333,1,561.684055,353.436672,442.746315,354.457639,502.215185,353.947155,3.221844,2.370212,-2.01635,5.071349,0.602747,3.720781
2120,70.666667,1,562.673903,353.992506,444.451952,354.542552,503.562927,354.267529,3.216588,3.158356,-2.031962,4.528627,0.592313,3.843492
2121,70.7,1,564.077663,354.691678,444.929924,355.702404,504.503794,355.197041,3.216995,3.575147,-2.024304,5.060357,0.596346,4.317752
2122,70.733333,1,564.289112,355.996782,447.270746,356.705282,505.779929,356.351032,3.157137,4.207788,-1.989326,4.48245,0.583906,4.345119
2123,70.766667,1,565.689192,357.300405,448.252687,357.964557,506.97094,357.632481,3.191241,5.330937,-2.00432,4.768789,0.59346,5.049863
2124,70.8,1,566.634264,359.003168,449.912195,359.490461,508.27323,359.246814,3.193912,4.925504,-1.987177,4.528968,0.603367,4.727236
2125,70.833333,1,566.82498,361.09587,449.253998,361.669579,508.039489,361.382724,3.185564,3.90643,-1.98481,4.513944,0.600377,4.210187
2126,70.866667,1,566.702375,363.213142,449.933033,363.562456,508.317704,363.387799,3.133906,5.224657,-1.945046,4.537735,0.59443,4.881196
2127,70.9,1,566.671562,364.459183,451.419086,364.613244,509.045324,364.536214,3.136339,8.063725,-1.907272,3.778739,0.614533,5.921232
2128,70.933333,1,566.319685,365.771733,451.820679,365.985827,509.070182,365.87878,3.049583,6.498071,-1.914073,3.618635,0.567755,5.058353
2129,70.966667,1,565.751143,366.986704,452.967176,366.068316,509.359159,366.52751,3.044768,5.912076,-1.87724,3.415687,0.583764,4.663882
2130,71.0,1,565.020695,367.579783,452.988138,367.381241,509.004416,367.480512,3.025405,5.230272,-1.84379,3.300302,0.590808,4.265287
2131,71.033333,1,564.74123,368.940157,452.811279,368.648338,508.776255,368.794247,3.003733,4.672073,-1.846982,3.791069,0.578375,4.231571
2132,71.066667,1,563.251276,369.507262,450.576363,369.447223,506.913819,369.477242,2.993974,4.59452,-1.847508,3.648831,0.573233,4.121676
2133,71.1,1,562.822981,369.832109,449.972391,369.892405,506.397686,369.862257,3.03315,4.940566,-1.846859,4.10792,0.593146,4.524243
2134,71.133333,1,561.265259,370.60185,447.517691,370.452354,504.391475,370.527102,3.000488,4.250422,-1.850826,3.725698,0.574831,3.98806
2135,71.166667,1,560.62891,370.85107,443.339205,371.440641,501.984057,371.145855,3.007103,3.992232,-1.908062,3.70718,0.549521,3.849706
2136,71.2,1,559.642172,370.60289,441.489277,371.783609,500.565724,371.19325,3.031871,4.304405,-1.91125,3.435917,0.560311,3.870161
2137,71.233333,1,558.540335,370.173029,441.895542,371.825784,500.217938,370.999407,3.080975,4.077386,-1.876737,3.548752,0.602119,3.813069
2138,71.266667,1,557.610168,369.895098,442.071991,371.6348,499.84108,370.764949,3.102544,4.527456,-1.835641,3.413568,0.633451,3.970512
2139,71.3,1,557.512321,369.492252,442.134209,371.542908,499.823265,370.51758,3.080988,3.838928,-1.815542,3.340056,0.632723,3.589492
2140,71.333333,1,556.873951,369.663548,442.126837,371.481282,499.500394,370.572415,3.043097,3.670023,-1.803529,3.260213,0.619784,3.465118
2141,71.366667,1,557.085342,370.095577,441.964912,371.918879,499.525127,371.007228,3.022965,3.925927,-1.803546,3.540294,0.60971,3.733111
2142,71.4,1,556.841869,370.483392,442.398615,372.182357,499.620242,371.332875,2.982479,3.424964,-1.797952,3.367384,0.592264,3.396174
2143,71.433333,1,557.273121,370.665482,441.970863,372.300375,499.621992,371.482928,2.982026,3.2796,-1.808623,3.455552,0.586701,3.367576
2144,71.466667,1,557.068987,370.516512,442.085438,372.027304,499.577212,371.271908,2.967224,3.453095,-1.802659,3.375222,0.582282,3.414159
2145,71.5,1,557.006502,370.13404,441.757536,371.820592,499.382019,370.977316,2.963375,3.467765,-1.805815,3.1492,0.57878,3.308483
2146,71.533333,1,557.205276,369.754958,442.475958,371.034061,499.840617,370.394509,2.965301,3.371548,-1.816104,3.02288,0.574599,3.197214
2147,71.566667,1,557.710295,369.552205,442.679148,370.096704,500.194721,369.824454,2.985204,3.42757,-1.841008,3.057373,0.572098,3.242472
2148,71.6,1,558.367558,368.918061,442.558289,369.270744,500.462923,369.094402,3.020449,3.458967,-1.860775,3.040256,0.579837,3.249612
2149,71.633333,1,558.59561,367.860991,443.550472,368.378588,501.073041,368.11979,3.026659,3.527724,-1.849869,2.987046,0.588395,3.257385
2150,71.666667,1,559.03924,367.384771,444.090509,367.414645,501.564875,367.399708,3.036975,3.681248,-1.880074,2.867512,0.578451,3.27438
2151,71.7,1,559.490166,366.580435,445.184011,366.311356,502.337089,366.445895,3.001896,3.970848,-1.881951,2.930031,0.559972,3.45044
2152,71.733333,1,559.609652,366.074495,445.138435,366.253914,502.374043,366.164204,2.986162,3.684208,-1.888417,2.778651,0.548873,3.231429
2153,71.766667,1,559.56686,365.57384,444.953547,365.828231,502.260203,365.701035,3.003318,3.804671,-1.907998,2.932936,0.54766,3.368804
2154,71.8,1,559.625473,365.523022,445.539656,365.641286,502.582564,365.582154,2.984785,3.675938,-1.908869,3.012366,0.537958,3.344152
2155,71.833333,1,559.811172,366.366137,445.835781,366.342062,502.823477,366.3541,2.993091,3.824751,-1.907369,3.244349,0.542861,3.53455
2156,71.866667,1,559.461021,367.358201,444.534988,368.046461,501.998005,367.702331,3.026643,3.798778,-1.928095,3.557555,0.549274,3.678167
2157,71.9,1,559.196558,368.848291,442.24659,370.705683,500.721574,369.776987,3.03846,3.194055,-1.968397,3.451164,0.535032,3.322609
2158,71.933333,1,558.865328,370.236286,443.559933,372.568359,501.21263,371.402323,3.040682,3.868602,-1.945613,3.288731,0.547534,3.578667
2159,71.966667,1,558.408823,371.562917,445.207767,373.42069,501.808295,372.491804,3.001326,3.991503,-1.896325,2.97085,0.552501,3.481176
2160,72.0,1,558.056221,372.271482,444.227743,374.020067,501.141982,373.145775,2.99517,4.186776,-1.869598,3.169648,0.562786,3.678212
2161,72.033333,1,557.714462,372.023249,444.23852,374.008019,500.976491,373.015634,3.003542,3.927798,-1.869522,3.105612,0.56701,3.516705
2162,72.066667,1,557.491751,371.600372,444.275455,373.866731,500.883603,372.733551,3.013565,3.735492,-1.851876,3.011211,0.580844,3.373351
2163,72.1,1,557.559242,370.972949,444.076347,373.592952,500.817795,372.282951,3.052173,3.939167,-1.846003,3.045745,0.603085,3.492456
2164,72.133333,1,557.448473,370.833002,443.968029,373.471502,500.708251,372.152252,3.035893,3.873247,-1.844689,3.036339,0.595602,3.454793
2165,72.166667,1,557.341375,370.709149,443.917894,373.319099,500.629635,372.014124,3.028044,3.782972,-1.850619,2.976151,0.588712,3.379562
2166,72.2,1,557.108479,370.418129,444.030342,373.370104,500.56941,371.894116,2.978987,3.730182,-1.847481,2.802304,0.565753,3.266243
2167,72.233333,1,556.992035,370.191826,443.997898,373.440367,500.494967,371.816096,2.964654,3.580816,-1.861048,2.783976,0.551803,3.182396
2168,72.266667,1,557.196283,369.747212,443.797779,373.425475,500.497031,371.586344,2.965655,3.657782,-1.875306,2.838745,0.545175,3.248263
2169,72.3,1,557.341709,369.175762,443.96328,372.939105,500.652494,371.057433,2.984988,3.84721,-1.878572,2.759008,0.553208,3.303109
2170,72.333333,1,557.331066,368.938397,443.95257,373.133029,500.641818,371.035713,3.001312,3.657086,-1.882622,2.818951,0.559345,3.238018
2171,72.366667,1,557.623291,368.919203,444.262981,373.240499,500.943136,371.079851,3.001445,3.536759,-1.89106,2.843388,0.555193,3.190074
2172,72.4,1,557.972345,368.820616,444.091282,373.141826,501.031814,370.981221,2.993018,3.697873,-1.902056,2.917448,0.545481,3.307661
2173,72.433333,1,558.293219,368.741035,444.126987,373.166513,501.210103,370.953774,2.990065,3.605509,-1.911613,2.930857,0.539226,3.268183
2174,72.466667,1,558.512354,369.250424,444.350309,373.118083,501.431332,371.184254,2.986337,3.748894,-1.932456,2.931176,0.526941,3.340035
2175,72.5,1,559.257469,370.538528,445.943937,373.066757,502.600703,371.802642,2.993805,3.513089,-1.915349,3.104927,0.539228,3.309008
2176,72.533333,1,558.752251,372.369125,445.18364,373.411088,501.967945,372.890106,2.969345,4.105199,-1.926906,3.018881,0.52122,3.56204
2177,72.566667,1,556.824532,378.413826,450.971317,379.680247,503.897924,379.047037,2.856437,77.22766,-1.708755,26.701274,0.573841,51.964467
2178,72.6,1,557.926464,379.387833,450.510359,379.331174,504.218411,379.359503,2.873372,90.713126,-1.718065,36.053313,0.577654,63.383219
2179,72.633333,1,559.073467,376.370863,445.587273,376.613066,502.33037,376.491964,2.965512,68.073768,-1.938848,8.026719,0.513332,38.050243
2180,72.666667,1,557.27766,373.141268,447.180195,373.584788,502.228928,373.363028,3.002084,7.987548,-1.945797,3.780793,0.528143,5.88417
2181,72.7,1,558.593721,371.662749,446.294899,372.111386,502.44431,371.887068,3.04359,7.200765,-1.960047,3.689122,0.541771,5.444944
2182,72.733333,1,558.759527,370.72801,446.935043,371.330423,502.847285,371.029217,3.06943,5.735804,-1.972364,3.689002,0.548533,4.712403
2183,72.766667,1,558.161058,372.215703,448.19273,373.070104,503.176894,372.642903,3.04043,6.840833,-1.945613,4.303149,0.547408,5.571991
2184,72.8,1,558.896379,377.525929,448.581896,378.809774,503.739138,378.167852,2.864269,-3.020812,-1.698078,17.269314,0.583096,7.124251
2185,72.833333,1,558.124771,377.430915,448.289795,379.15138,503.207283,378.291147,2.83171,-9.925283,-1.699567,18.685387,0.566071,4.380052
2186,72.866667,1,557.90103,376.765147,448.311806,378.09518,503.106418,377.430164,2.823357,-9.817213,-1.698332,23.696943,0.562513,6.939865
2187,72.9,1,557.47961,373.699747,448.655043,375.276564,503.067327,374.488156,2.856288,-3.949408,-1.765077,11.249496,0.545606,3.650044
2188,72.933333,1,557.158442,373.544737,447.781067,375.46713,502.469754,374.505934,2.864525,1.22117,-1.785561,10.947497,0.539482,6.084334
2189,72.966667,1,557.026672,371.065228,448.331499,372.920179,502.679086,371.992704,2.97283,8.280419,-1.807338,11.203245,0.582746,9.741832
2190,73.0,1,558.631687,369.422032,450.018978,370.674838,504.325333,370.048435,2.971093,7.317103,-1.891829,6.398427,0.539632,6.857765
2191,73.033333,1,561.572361,367.303779,449.957428,368.713993,505.764894,368.008886,3.044026,4.835752,-1.917377,4.378257,0.563325,4.607004
2192,73.066667,1,561.063213,365.886183,450.137444,367.270267,505.600328,366.578225,3.022152,4.451899,-1.919714,4.177619,0.551219,4.314759
2193,73.1,1,560.870523,365.259157,450.655184,366.700909,505.762854,365.980033,3.027515,4.025591,-1.904539,3.483805,0.561488,3.754698
2194,73.133333,1,561.503782,364.731556,450.538464,366.551269,506.021123,365.641412,3.040987,3.742311,-1.921998,3.428536,0.559495,3.585423
2195,73.166667,1,561.6012,364.704756,450.602894,366.509737,506.102047,365.607246,3.051472,3.720264,-1.92405,3.538559,0.563711,3.629412
2196,73.2,1,561.681089,364.530315,450.282822,366.709916,505.981956,365.620116,3.021077,3.688336,-1.933974,3.495162,0.543552,3.591749
2197,73.233333,1,562.160969,364.391924,450.509167,367.078232,506.335068,365.735078,3.02672,3.294833,-1.940003,3.630241,0.543359,3.462537
2198,73.266667,1,562.312765,363.832716,450.626144,366.957543,506.469455,365.395129,3.023108,3.309001,-1.937831,3.708519,0.542638,3.50876
2199,73.3,1,562.482891,363.803828,450.523796,367.007614,506.503344,365.405721,3.032865,3.445046,-1.95582,3.983941,0.538523,3.714493
2200,73.333333,1,562.794638,363.261968,450.511608,366.383384,506.653123,364.822676,3.06049,3.528999,-1.971116,4.089583,0.544687,3.809291
2201,73.366667,1,563.103237,362.879416,450.793219,364.850711,506.948228,363.865063,3.086455,4.166406,-1.968199,3.958932,0.559128,4.062669
2202,73.4,1,562.757607,362.374581,451.531534,363.316777,507.14457,362.845679,3.108438,4.10324,-1.945803,3.444112,0.581318,3.773676
2203,73.433333,1,562.955265,362.160069,452.525463,362.245663,507.740364,362.202866,3.123532,4.249987,-1.9292,3.214482,0.597166,3.732234
2204,73.466667,1,563.583326,361.711775,453.024397,361.607491,508.303862,361.659633,3.119515,4.224816,-1.948057,3.326321,0.585729,3.775568
2205,73.5,1,564.498596,360.996752,453.967152,360.724062,509.232874,360.860407,3.090169,4.56672,-1.946554,3.374827,0.571808,3.970774
2206,73.533333,1,565.043421,360.966974,454.006596,360.695604,509.525008,360.831289,3.072739,4.426989,-1.937757,2.819433,0.567491,3.623211
2207,73.566667,1,565.487785,360.920931,454.667778,360.263398,510.077782,360.592165,3.068693,4.399736,-1.928754,2.719907,0.569969,3.559821
2208,73.6,1,565.644188,361.085721,455.180874,359.913735,510.412531,360.499728,3.053793,4.169162,-1.930596,2.70885,0.561598,3.439006
2209,73.633333,1,565.870075,361.07438,455.052595,359.888291,510.461335,360.481336,3.065933,4.221835,-1.931782,2.698954,0.567076,3.460395
2210,73.666667,1,566.113701,361.204355,455.099545,359.974165,510.606623,360.58926,3.044741,4.177552,-1.932525,2.676927,0.556108,3.42724
2211,73.7,1,566.42417,361.667669,455.304785,360.15191,510.864477,360.909789,3.029168,4.362261,-1.943131,2.585672,0.543018,3.473966
2212,73.733333,1,566.465569,361.727922,455.418577,360.489203,510.942073,361.108562,3.056266,4.362134,-1.93185,2.547644,0.562208,3.454889
2213,73.766667,1,566.412554,361.86627,455.513372,360.498113,510.962963,361.182192,3.055284,4.468733,-1.937625,2.624334,0.558829,3.546534
2214,73.8,1,566.294966,362.063981,455.394831,360.965316,510.844898,361.514649,3.08174,4.214087,-1.923624,2.620391,0.579058,3.417239
2215,73.833333,1,566.077948,362.289233,454.81576,361.435931,510.446854,361.862582,3.072246,4.331225,-1.941669,2.814886,0.565289,3.573056
2216,73.866667,1,565.638132,362.48165,454.599895,361.857988,510.119014,362.169819,3.0754,4.263223,-1.927492,2.908183,0.573954,3.585703
2217,73.9,1,565.527687,362.667382,454.594526,362.025384,510.061107,362.346383,3.080717,4.313903,-1.920724,2.899915,0.579996,3.606909
2218,73.933333,1,565.256605,362.852325,453.724222,362.882398,509.490414,362.867362,3.07166,4.224745,-1.935486,2.994608,0.568087,3.609676
2219,73.966667,1,565.190077,363.011123,453.849754,362.791622,509.519916,362.901372,3.083067,4.47568,-1.930047,3.131693,0.57651,3.803686
2220,74.0,1,564.806376,363.670973,453.484936,363.261384,509.145656,363.466178,3.079117,4.517594,-1.931141,2.918968,0.573988,3.718281
2221,74.033333,1,564.942675,363.753896,453.37038,363.622667,509.156528,363.688281,3.058254,4.380628,-1.928478,3.15252,0.564888,3.766574
2222,74.066667,1,564.531517,363.837415,453.056087,363.922559,508.793802,363.879987,3.068377,4.046974,-1.932196,3.243371,0.568091,3.645172
2223,74.1,1,564.56955,363.943486,452.804012,364.149817,508.686781,364.046651,3.078669,4.262631,-1.936467,3.309187,0.571101,3.785909
2224,74.133333,1,564.475994,364.00707,452.450848,364.239451,508.463421,364.123261,3.088553,4.135124,-1.95181,3.306,0.568371,3.720562
2225,74.166667,1,564.525366,363.926716,452.327166,364.327744,508.426266,364.12723,3.085744,4.187257,-1.954482,3.416794,0.565631,3.802025
2226,74.2,1,564.737291,363.80562,452.271709,364.416182,508.5045,364.110901,3.106246,4.287052,-1.957641,3.545042,0.574302,3.916047
2227,74.233333,1,565.134888,363.724548,452.755098,364.291754,508.944993,364.008151,3.101955,4.171731,-1.95408,3.670361,0.573937,3.921046
2228,74.266667,1,565.57663,363.742915,453.182192,364.201959,509.379411,363.972437,3.091051,3.949341,-1.949952,3.513064,0.57055,3.731202
2229,74.3,1,566.140594,363.974948,453.248148,364.214308,509.694371,364.094628,3.093439,4.025944,-1.959957,3.437448,0.566741,3.731696
2230,74.333333,1,566.561718,364.241989,452.653904,364.430993,509.607811,364.336491,3.10767,4.378257,-1.973322,3.491367,0.567174,3.934812
2231,74.366667,1,567.131815,364.559659,452.963915,364.400679,510.047865,364.480169,3.079013,4.403448,-1.966983,3.251996,0.556015,3.827722
2232,74.4,1,567.829876,364.8309,453.193502,364.727404,510.511689,364.779152,3.090876,4.235702,-1.969905,3.392247,0.560485,3.813975
2233,74.433333,1,568.586617,365.075769,453.634186,364.843125,511.110401,364.959447,3.081794,3.747077,-1.988597,3.472346,0.546598,3.609711
2234,74.466667,1,569.03841,365.498255,454.391451,365.055277,511.714931,365.276766,3.062334,3.593832,-1.995066,3.319226,0.533634,3.456529
2235,74.5,1,569.706726,365.960137,454.098158,365.305029,511.902442,365.632583,3.040087,3.577204,-2.01865,3.234423,0.510718,3.405813
2236,74.533333,1,569.742393,366.546907,454.274817,365.872611,512.008605,366.209759,3.032891,3.428597,-2.021326,3.357594,0.505782,3.393095
2237,74.566667,1,570.317307,367.075587,454.942732,366.285639,512.630019,366.680613,3.030449,3.683554,-2.020541,3.400387,0.504954,3.541971
2238,74.6,1,570.695925,367.467055,456.330051,366.608244,513.512988,367.03765,3.028857,3.796031,-1.988229,3.364335,0.520314,3.580183
2239,74.633333,1,570.952215,368.112261,457.011261,366.964828,513.981738,367.538544,3.043708,3.39658,-1.971035,3.239824,0.536337,3.318202
2240,74.666667,1,571.13596,368.443975,457.663307,367.385634,514.399633,367.914805,3.038629,3.628893,-1.960635,3.151831,0.538997,3.390362
2241,74.7,1,571.114874,368.987278,458.011475,367.214359,514.563174,368.100818,3.036204,3.673388,-1.940015,3.170908,0.548095,3.422148
2242,74.733333,1,571.069279,369.377807,457.700987,367.970796,514.385133,368.674302,3.016542,3.993375,-1.960816,2.930381,0.527863,3.461878
2243,74.766667,1,571.45587,369.682024,457.898455,367.996255,514.677162,368.839139,3.026667,4.076921,-1.956495,3.154253,0.535086,3.615587
2244,74.8,1,571.579475,369.714113,457.808819,368.16671,514.694147,368.940412,3.025213,3.899091,-1.956392,3.235241,0.534411,3.567166
2245,74.833333,1,571.657133,369.966584,458.160067,368.151147,514.9086,369.058866,3.0132,3.788784,-1.951835,3.252926,0.530683,3.520855
2246,74.866667,1,571.444769,371.344671,457.790155,369.551185,514.617462,370.447928,3.010464,4.947864,-1.984932,3.790174,0.512766,4.369019
2247,74.9,1,568.613377,374.801931,463.273201,373.453209,515.943289,374.12757,2.894812,24.147083,-1.7488,27.93504,0.573006,26.041061
2248,74.933333,1,570.290565,374.411488,459.793091,371.991148,515.041828,373.201318,2.960849,21.839355,-1.903502,9.68013,0.528674,15.759742
2249,74.966667,1,572.090998,373.093525,457.786131,371.00123,514.938564,372.047378,3.018304,8.188517,-2.020369,5.980479,0.498968,7.084498
2250,75.0,1,573.595438,372.572587,458.50193,370.022117,516.048684,371.297352,3.069309,6.954571,-1.951122,5.542522,0.559094,6.248546
2251,75.033333,1,573.802242,372.294484,459.37562,369.550166,516.588931,370.922325,3.015708,5.531638,-1.96425,4.77962,0.525729,5.155629
2252,75.066667,1,573.963337,372.180973,459.467993,369.742073,516.715665,370.961523,3.008405,4.788676,-1.94089,4.271811,0.533757,4.530244
2253,75.1,1,574.027452,372.143487,459.820719,369.448682,516.924086,370.796084,3.009125,4.549943,-1.922411,3.906179,0.543357,4.228061
2254,75.133333,1,573.50934,371.880963,459.544039,369.390124,516.52669,370.635543,2.984847,4.403916,-1.922731,3.742746,0.531058,4.073331
2255,75.166667,1,573.156052,371.235183,458.82534,369.558277,515.990696,370.39673,2.987324,4.521969,-1.930193,3.569099,0.528565,4.045534
2256,75.2,1,571.768103,370.045506,458.486662,369.564167,515.127382,369.804837,2.96716,4.272296,-1.901089,3.589753,0.533036,3.931025
2257,75.233333,1,569.457531,370.399203,456.602631,369.820715,513.030081,370.109959,2.94999,4.625655,-1.931663,3.112202,0.509164,3.868929
2258,75.266667,1,566.85339,370.665343,455.256987,370.870618,511.055188,370.76798,2.928522,4.384631,-1.914074,3.296374,0.507224,3.840503
2259,75.3,1,564.904909,370.770839,452.793684,371.863657,508.849297,371.317248,2.907046,4.130445,-1.915668,3.398363,0.495689,3.764404
2260,75.333333,1,563.435221,370.805976,450.931034,372.62946,507.183127,371.717718,2.938801,4.218353,-1.877954,3.283608,0.530424,3.750981
2261,75.366667,1,561.299877,370.98121,447.54343,373.569928,504.421654,372.275569,2.972946,4.405301,-1.8949,2.981661,0.539023,3.693481
2262,75.4,1,559.401436,371.200905,445.453978,374.078958,502.427707,372.639931,2.958865,3.951618,-1.895205,2.788805,0.53183,3.370212
2263,75.433333,1,558.434496,371.079712,443.660498,374.898523,501.047497,372.989118,2.946545,4.031857,-1.899286,2.509234,0.52363,3.270546
2264,75.466667,1,557.183876,370.868397,442.578402,375.691288,499.881139,373.279842,2.897057,3.757953,-1.916861,2.572017,0.490098,3.164985
2265,75.5,1,556.27512,371.004138,442.021456,376.333569,499.148288,373.668854,2.908205,3.935177,-1.880456,2.764457,0.513874,3.349817
2266,75.533333,1,555.362892,371.168364,440.923939,376.968555,498.143415,374.06846,2.883795,3.579354,-1.890501,2.722673,0.496647,3.151013
2267,75.566667,1,555.036917,371.108691,441.206989,377.181802,498.121953,374.145246,2.906089,3.743288,-1.884455,2.867124,0.510817,3.305206
2268,75.6,1,554.761333,370.927105,440.810509,377.097505,497.785921,374.012305,2.903711,4.040879,-1.903422,2.781046,0.500145,3.410962
2269,75.633333,1,554.663277,370.908093,440.813866,377.270004,497.738571,374.089049,2.917365,3.976008,-1.900871,2.715783,0.508247,3.345895
2270,75.666667,1,554.819651,370.512575,440.98197,376.751693,497.90081,373.632134,2.918871,3.797963,-1.892119,2.70832,0.513376,3.253141
2271,75.7,1,555.037651,370.254461,441.160059,376.299258,498.098855,373.27686,2.922097,3.803127,-1.891899,2.770926,0.515099,3.287027
2272,75.733333,1,555.890837,369.865175,441.032181,376.070048,498.461509,372.967612,2.915892,3.17686,-1.902132,2.656068,0.50688,2.916464
2273,75.766667,1,556.24094,369.909228,441.653862,374.706037,498.947401,372.307633,2.917939,3.195541,-1.869568,2.290808,0.524186,2.743174
2274,75.8,1,556.386566,369.169647,442.055674,374.481289,499.22112,371.825468,2.907599,3.025358,-1.885841,2.361321,0.510879,2.693339
2275,75.833333,1,557.13213,368.382606,443.153372,373.359321,500.142751,370.870964,2.929053,3.090772,-1.876933,2.332302,0.52606,2.711537
2276,75.866667,1,557.204733,367.842484,443.511333,372.990206,500.358033,370.416345,2.918738,3.090794,-1.895356,2.605272,0.511691,2.848033
2277,75.9,1,557.737494,367.378457,443.7222,372.42602,500.729847,369.902238,2.9666,3.284014,-1.885706,2.741329,0.540447,3.012672
2278,75.933333,1,557.627792,367.095585,444.264336,371.929425,500.946064,369.512505,2.963546,3.330523,-1.90831,2.719651,0.527618,3.025087
2279,75.966667,1,557.74106,366.865919,444.87834,371.774393,501.3097,369.320156,2.969237,3.412433,-1.914061,2.84586,0.527588,3.129147
2280,76.0,1,558.015385,366.777942,444.225521,371.802331,501.120453,369.290137,3.004779,3.530352,-1.981389,3.568294,0.511695,3.549323
2281,76.033333,1,558.263817,366.752504,443.131952,371.576414,500.697885,369.164459,3.026384,4.079195,-1.995978,3.432897,0.515203,3.756046
2282,76.066667,1,558.949871,366.540014,443.407183,371.262553,501.178527,368.901283,3.046757,3.39211,-2.012612,3.413863,0.517072,3.402986
2283,76.1,1,559.03389,366.396006,443.740396,371.062042,501.387143,368.729024,3.054273,3.335282,-2.015937,3.402514,0.519168,3.368898
2284,76.133333,1,559.834585,366.02598,444.001284,370.97296,501.917934,368.49947,3.047036,3.260342,-2.040552,3.554948,0.503242,3.407645
2285,76.166667,1,560.643826,365.625,447.020702,370.281422,503.832264,367.953211,3.064895,3.80332,-1.975749,3.378087,0.544573,3.590704
2286,76.2,1,561.43856,365.624088,448.221207,369.49782,504.829884,367.560954,3.067056,3.916194,-1.961323,3.268514,0.552867,3.592354
2287,76.233333,1,561.850901,365.805738,449.067774,369.696003,505.459337,367.750871,3.025789,3.8795,-1.943714,3.162857,0.541038,3.521179
2288,76.266667,1,562.450733,365.991964,449.248495,369.598961,505.849614,367.795462,3.006456,3.880918,-1.977176,3.276252,0.51464,3.578585
2289,76.3,1,562.45966,368.224173,451.797647,371.146832,507.128654,369.685502,2.991577,5.039852,-1.978043,4.937377,0.506767,4.988615
2290,76.333333,1,561.646624,371.484157,454.771557,372.997341,508.20909,372.240749,2.936653,8.221545,-1.812265,15.697485,0.562194,11.959515
2291,76.366667,1,563.227797,371.888366,454.320526,373.16322,508.774161,372.525793,2.968787,11.550784,-1.846403,28.058488,0.561192,19.804636
2292,76.4,1,566.304617,371.415964,454.297209,372.009054,510.300913,371.712509,3.025147,10.929777,-1.929657,6.458799,0.547745,8.694288
2293,76.433333,1,567.342386,371.113143,454.559708,371.314824,510.951047,371.213983,3.034157,8.014614,-1.994293,5.095663,0.519932,6.555139
2294,76.466667,1,568.474884,370.744575,454.968319,371.122509,511.721601,370.933542,3.033341,8.105018,-2.003178,5.29246,0.515081,6.698739
2295,76.5,1,569.308529,370.440949,455.815334,371.010286,512.561932,370.725617,3.012554,8.777511,-2.003127,5.143079,0.504714,6.960295
2296,76.533333,1,569.942017,370.346353,456.394138,370.58817,513.168077,370.467262,3.028324,6.720902,-1.982974,4.854735,0.522675,5.787818
2297,76.566667,1,570.58898,370.891013,455.900145,370.571734,513.244562,370.731373,3.019104,7.057938,-1.993238,3.752551,0.512933,5.405245
2298,76.6,1,570.889502,370.724448,456.207333,370.590338,513.548417,370.657393,3.018986,6.267017,-2.000789,3.827159,0.509098,5.047088
2299,76.633333,1,570.985136,370.282012,456.697721,370.150262,513.841429,370.216137,2.996999,5.973497,-2.003864,3.996212,0.496568,4.984854
2300,76.666667,1,571.508808,370.374827,456.923485,370.188038,514.216146,370.281433,3.001301,5.933668,-2.002917,4.070585,0.499192,5.002127
2301,76.7,1,571.802597,370.134072,457.791185,370.596871,514.796891,370.365472,3.007399,5.773603,-1.991398,4.394129,0.508001,5.083866
2302,76.733333,1,572.167072,370.421251,457.455196,370.605851,514.811134,370.513551,3.001819,6.237894,-2.00153,4.677016,0.500144,5.457455
2303,76.766667,1,572.096882,370.394332,457.568293,370.834526,514.832587,370.614429,3.005089,5.737695,-2.016708,4.77829,0.49419,5.257992
2304,76.8,1,573.24338,370.663186,458.610735,370.411627,515.927057,370.537407,3.002929,5.581311,-1.987128,4.385037,0.507901,4.983174
2305,76.833333,1,574.347525,370.650859,459.279509,369.849576,516.813517,370.250217,3.010166,5.53851,-1.99345,4.217484,0.508358,4.877997
2306,76.866667,1,575.372772,370.989021,461.898336,369.146612,518.635554,370.067816,2.995518,5.518246,-1.964251,3.825921,0.515634,4.672083
2307,76.9,1,576.193199,371.094464,461.530094,369.444315,518.861647,370.26939,3.003703,5.111998,-1.981622,3.878257,0.511041,4.495127
2308,76.933333,1,577.102289,371.058201,463.26622,369.374202,520.184255,370.216202,2.995312,4.828876,-1.987241,4.443947,0.504036,4.636411
2309,76.966667,1,578.608723,371.27135,464.991436,368.889946,521.800079,370.080648,3.008904,4.49106,-1.985198,4.467518,0.511853,4.479289
2310,77.0,1,579.332008,371.229433,464.143591,368.786874,521.7378,370.008153,3.013308,4.831561,-2.038158,4.316547,0.487575,4.574054
2311,77.033333,1,580.251036,371.469834,466.276426,368.603743,523.263731,370.036789,3.017096,4.548965,-2.001204,4.13271,0.507946,4.340837
2312,77.066667,1,581.096144,371.810657,466.597052,368.914912,523.846598,370.362784,3.006996,4.434231,-2.011815,4.07324,0.49759,4.253735
2313,77.1,1,580.946503,371.609834,466.049252,368.921038,523.497877,370.265436,2.987151,4.525837,-2.037648,3.750672,0.474752,4.138255
2314,77.133333,1,582.012434,371.996244,466.86882,368.77961,524.440627,370.387927,3.004043,4.342536,-2.028409,4.188252,0.487817,4.265394
2315,77.166667,1,582.948904,371.803705,468.859272,368.674253,525.904088,370.238979,2.992176,4.027409,-2.024585,4.148808,0.483795,4.088108
2316,77.2,1,583.436317,372.006662,468.720875,368.473892,526.078596,370.240277,2.992582,4.500602,-2.039753,3.933321,0.476415,4.216961
2317,77.233333,1,583.72448,372.194964,469.134054,368.486917,526.429267,370.34094,2.984431,4.033858,-2.03393,4.097286,0.475251,4.065572
2318,77.266667,1,583.921347,372.203654,469.267349,368.313432,526.594348,370.258543,2.988217,4.133187,-2.055612,4.320627,0.466302,4.226907
2319,77.3,1,583.975058,372.183151,468.956566,368.451115,526.465812,370.317133,3.002301,3.963935,-2.050526,4.406355,0.475887,4.185145
2320,77.333333,1,582.945681,373.616524,468.583641,368.678094,525.764661,371.147309,2.983576,4.801751,-2.066942,4.395334,0.458317,4.598543
2321,77.366667,1,579.702015,375.873463,468.935986,370.883117,524.319,373.37829,2.862616,7.907951,-1.898751,38.367788,0.481933,23.13787
2322,77.4,1,576.409521,378.359174,465.38991,373.859468,520.899715,376.109321,2.77842,4.34942,-1.910118,24.186763,0.434151,14.268092
2323,77.433333,1,576.392584,378.709148,469.733114,374.857464,523.062849,376.783306,2.730779,5.165492,-1.811623,48.043699,0.459578,26.604596
2324,77.466667,1,576.775866,379.868077,470.223789,375.489478,523.499827,377.678778,2.743402,3.960809,-1.794122,32.224464,0.47464,18.092637
2325,77.5,1,577.66181,380.131212,472.088852,375.924307,524.875331,378.02776,2.737378,4.97769,-1.754593,54.509816,0.491392,29.743753
2326,77.533333,1,577.093706,380.615952,471.135902,376.40659,524.114804,378.511271,2.715387,2.315024,-1.771379,34.676422,0.472004,18.495723
2327,77.566667,1,575.82262,381.004379,473.138371,376.408328,524.480495,378.706353,2.685237,2.812645,-1.732798,29.32518,0.47622,16.068912
2328,77.6,1,577.126455,381.20607,473.878183,376.689863,525.502319,378.947967,2.686663,4.017591,-1.717947,30.177401,0.484358,17.097496
2329,77.633333,1,577.984123,381.628271,473.467989,376.97053,525.726056,379.2994,2.707978,3.717447,-1.72457,30.139425,0.491704,16.928436
2330,77.666667,1,578.111238,381.900054,472.869244,377.128147,525.490241,379.514101,2.681093,3.55652,-1.743058,28.435249,0.469017,15.995884
2331,77.7,1,579.171743,382.33616,473.497639,377.256614,526.334691,379.796387,2.696355,2.053612,-1.749827,29.77783,0.473264,15.915721
2332,77.733333,1,579.947691,382.939539,472.189493,377.886933,526.068592,380.413236,2.69065,3.771964,-1.792061,39.248352,0.449295,21.510158
2333,77.766667,1,581.044922,383.420974,473.196135,378.057865,527.120528,380.739419,2.741182,5.798715,-1.791194,34.422442,0.474994,20.110579
2334,77.8,1,581.309175,383.849376,475.46175,377.807894,528.385463,380.828635,2.697305,5.988742,-1.77021,35.395309,0.463548,20.692025
2335,77.833333,1,582.116318,384.374253,475.111542,378.044132,528.61393,381.209192,2.71456,6.575841,-1.806412,37.398949,0.454074,21.987395
2336,77.866667,1,583.743868,385.297222,474.850006,378.178296,529.296937,381.737759,2.750177,6.703334,-1.799088,46.707265,0.475545,26.705299
2337,77.9,1,584.990091,385.933356,475.599518,378.550801,530.294805,382.242079,2.763781,3.206368,-1.792539,62.567371,0.485621,32.886869
2338,77.933333,1,585.546417,386.531746,478.410349,378.95456,531.978383,382.743153,2.739082,3.69855,-1.739431,47.423039,0.499826,25.560795
2339,77.966667,1,586.038456,387.045121,479.437647,379.122841,532.738051,383.083981,2.727869,4.470056,-1.765724,54.676797,0.481073,29.573427
2340,78.0,1,587.587605,387.590307,478.859921,379.142497,533.223763,383.366402,2.756037,3.55523,-1.793861,60.60723,0.481088,32.08123
2341,78.033333,1,588.940306,388.154805,481.306973,379.136639,535.123639,383.645722,2.755483,5.697416,-1.755217,62.793123,0.500133,34.245269
2342,78.066667,1,590.824709,388.907551,482.552605,379.740715,536.688657,384.324133,2.771741,3.427293,-1.75189,74.690057,0.509926,39.058675
2343,78.1,1,591.337233,389.412407,484.227848,379.744277,537.78254,384.578342,2.765877,2.132002,-1.730484,59.036497,0.517696,30.58425
2344,78.133333,1,593.047857,390.458168,484.683409,379.793361,538.865633,385.125765,2.769672,4.710123,-1.739074,76.535143,0.515299,40.622633
2345,78.166667,1,594.933786,391.54869,484.964056,380.447026,539.948921,385.997858,2.752668,5.280404,-1.770624,72.863857,0.491022,39.07213
2346,78.2,1,596.252985,392.062032,482.37052,380.844637,539.311752,386.453335,2.730301,5.713835,-1.847355,87.351956,0.441473,46.532896
2347,78.233333,1,598.026552,392.46314,484.893656,380.812719,541.460104,386.63793,2.779326,4.694787,-1.83639,68.663157,0.471468,36.678972
2348,78.266667,1,599.54319,393.629891,489.492521,380.506228,544.517856,387.068059,2.748749,9.822255,-1.797915,52.836298,0.475417,31.329277
2349,78.3,1,601.294994,394.5193,490.52743,380.677879,545.911212,387.59859,2.735456,11.376502,-1.817556,37.14715,0.45895,24.261826
2350,78.333333,1,603.307276,395.869557,491.261082,381.051704,547.284179,388.46063,2.736835,21.699608,-1.90143,29.216569,0.417702,25.458088
2351,78.366667,1,605.937538,396.612303,491.805458,381.62589,548.871498,389.119096,2.736291,17.374021,-1.916965,33.626615,0.409663,25.500318
2352,78.4,1,606.832514,396.983457,492.350769,381.847783,549.591641,389.41562,2.714463,17.613575,-1.912871,40.949061,0.400796,29.281318
2353,78.433333,1,608.388529,397.761962,494.071426,382.084601,551.229978,389.923282,2.733131,15.71986,-1.892206,60.611056,0.420462,38.165458
2354,78.466667,1,610.282936,398.924174,494.522619,382.905722,552.402778,390.914948,2.742557,13.736608,-1.852959,60.203715,0.444799,36.970162
2355,78.5,1,612.578039,400.519069,496.786242,383.33495,554.68214,391.92701,2.762865,11.919104,-1.869117,64.250555,0.446874,38.08483
2356,78.533333,1,613.405132,401.390669,498.488579,383.592646,555.946856,392.491658,2.722437,13.766804,-1.861727,51.81244,0.430355,32.789622
2357,78.566667,1,614.878788,402.219365,501.89333,383.699355,558.386059,392.95936,2.692547,22.335172,-1.785262,35.439612,0.453643,28.887392
2358,78.6,1,615.607433,402.653764,504.298887,383.792771,559.95316,393.223268,2.669532,29.777268,-1.788417,32.967886,0.440557,31.372577
2359,78.633333,1,616.110334,403.323609,504.443483,384.253757,560.276909,393.788683,2.671871,32.189338,-1.804688,38.94467,0.433592,35.567004
2360,78.666667,1,616.106472,403.418022,505.186281,384.679917,560.646377,394.04897,2.688955,22.487157,-1.859782,46.668735,0.414587,34.577946
2361,78.7,1,617.068186,403.983947,507.915335,384.902723,562.49176,394.443335,2.675362,33.023804,-1.856104,43.500355,0.409629,38.26208
2362,78.733333,1,617.739725,404.608859,509.193411,385.294315,563.466568,394.951587,2.683033,40.13664,-1.840232,40.212289,0.4214,40.174464
2363,78.766667,1,618.534145,404.731972,512.042351,385.413823,565.288248,395.072898,2.676256,95.967587,-1.78129,43.307341,0.447483,69.637464
2364,78.8,1,619.075985,405.368385,511.967506,385.94489,565.521746,395.656638,2.679977,93.880719,-1.780069,49.149441,0.449954,71.51508
2365,78.833333,1,619.881201,405.978599,510.047188,386.700146,564.964194,396.339372,2.694164,84.284517,-1.777943,52.80085,0.45811,68.542684
2366,78.866667,1,620.522022,406.486073,511.852493,387.022161,566.187258,396.754117,2.6937,72.076685,-1.787906,55.826751,0.452897,63.951718
2367,78.9,1,621.014261,406.95208,512.631207,387.531406,566.822734,397.241743,2.708624,62.641414,-1.799792,62.847965,0.454416,62.744689
2368,78.933333,1,621.659222,407.391146,513.391685,387.790464,567.525454,397.590805,2.711094,47.196073,-1.793482,68.932857,0.458806,58.064465
2369,78.966667,1,622.217703,407.873451,513.707056,387.998936,567.962379,397.936193,2.690898,48.222248,-1.783729,63.751855,0.453585,55.987052
2370,79.0,1,622.568312,408.188481,513.394957,388.204844,567.981634,398.196663,2.707027,67.501947,-1.827409,68.499751,0.439809,68.000849
2371,79.033333,1,622.782354,408.151242,513.449974,388.362086,568.116164,398.256664,2.701389,61.801128,-1.824859,81.088552,0.438265,71.44484
2372,79.066667,1,622.495098,408.010361,513.402004,388.611735,567.948551,398.311048,2.686965,49.199657,-1.792498,71.242699,0.447234,60.221178
2373,79.1,1,622.472429,408.357986,512.951736,388.7989,567.712083,398.578443,2.672339,43.994935,-1.813057,70.017822,0.429641,57.006378
2374,79.133333,1,622.294207,408.441575,512.306671,389.132062,567.300439,398.786818,2.670329,37.816216,-1.827828,89.108165,0.42125,63.462191
2375,79.166667,1,622.382832,409.056691,513.46529,389.581547,567.924061,399.319119,2.663842,45.305235,-1.803116,79.887921,0.430363,62.596578
2376,79.2,1,622.141409,409.514169,512.622766,390.143094,567.382088,399.828631,2.650424,25.040625,-1.816557,95.834491,0.416934,60.437558
2377,79.233333,1,621.942921,409.749312,512.519388,390.475742,567.231154,400.112527,2.626253,29.780387,-1.827972,97.426391,0.399141,63.603389
2378,79.266667,1,622.250671,410.204751,512.896233,390.69859,567.573452,400.451671,2.626369,42.676667,-1.828832,102.557323,0.398768,72.616995
2379,79.3,1,622.383909,410.553256,512.102652,390.988559,567.24328,400.770907,2.632889,42.531932,-1.835937,98.581707,0.398476,70.55682
2380,79.333333,1,623.083858,410.810083,513.540955,391.287035,568.312407,401.048559,2.647071,53.839187,-1.825827,76.532763,0.410622,65.185975
2381,79.366667,1,623.706188,411.114975,514.858894,391.533734,569.282541,401.324354,2.648236,60.584929,-1.799981,71.943566,0.424128,66.264247
2382,79.4,1,623.73642,411.394665,514.322538,391.479371,569.029479,401.437018,2.653559,72.281191,-1.806979,90.212755,0.42329,81.246973
2383,79.433333,1,621.97875,410.873051,512.839165,391.989022,567.408957,401.431037,2.624193,27.913639,-1.771614,96.395659,0.426289,62.154649
2384,79.466667,1,615.823994,409.411247,510.113783,391.424589,562.968888,400.417918,2.533444,34.856081,-1.680711,69.279035,0.426366,52.067558
2385,79.5,1,614.441481,406.081735,503.948441,390.310732,559.194961,398.196234,2.743969,39.408803,-1.739663,68.542925,0.502153,53.975864
2386,79.533333,1,605.387402,399.898846,495.60215,388.085883,550.494776,393.992364,2.699902,44.884771,-1.759503,88.558729,0.470199,66.72175
2387,79.566667,1,597.788,393.593853,484.942913,384.769492,541.365457,389.181672,2.796645,23.735702,-1.80924,77.258352,0.493703,50.497027
2388,79.6,1,591.18247,384.424796,479.179449,379.486216,535.18096,381.955506,2.87257,29.405649,-1.912392,9.621955,0.480089,19.513802
2389,79.633333,1,584.946156,376.816281,473.968649,372.884055,529.457402,374.850168,2.964532,3.498627,-1.928842,2.746405,0.517845,3.122516
2390,79.666667,1,576.182489,371.497589,466.345901,368.451426,521.264195,369.974508,2.948694,2.189747,-1.892921,1.894533,0.527887,2.04214
2391,79.7,1,569.08452,366.083277,460.894051,365.213023,514.989285,365.64815,2.977318,2.134853,-1.866569,1.732693,0.555374,1.933773
2392,79.733333,1,562.832861,361.607909,456.18187,362.491075,509.507365,362.049492,3.022419,2.04285,-1.886938,1.28695,0.567741,1.6649
2393,79.766667,1,557.316236,361.312931,449.417114,364.402878,503.366675,362.857904,3.026175,1.916888,-1.867323,2.259218,0.579426,2.088053
2394,79.8,1,553.463964,363.872793,446.176748,366.569309,499.820356,365.221051,3.033499,1.844868,-1.807338,1.9303,0.61308,1.887584
2395,79.833333,1,552.083721,362.089317,445.669575,364.741791,498.876648,363.415554,3.071902,1.856433,-1.804846,1.511289,0.633528,1.683861
2396,79.866667,1,553.54291,359.917452,445.945129,363.035628,499.74402,361.47654,3.015284,1.793942,-1.795003,1.723786,0.61014,1.758864
2397,79.9,1,555.452557,358.991307,447.413664,362.442961,501.43311,360.717134,2.993234,1.47561,-1.835222,2.121061,0.579006,1.798336
2398,79.933333,1,554.754381,363.141661,453.125248,367.199194,503.939815,365.170427,2.995328,-0.723851,-1.802926,4.232689,0.596201,1.754419
2399,79.966667,1,555.007572,365.863277,456.232023,369.353174,505.619798,367.608225,2.90606,-11.598548,-1.727178,6.300981,0.589441,-2.648783
2400,80.0,1,560.341663,362.946208,455.46423,366.642485,507.902946,364.794347,3.080624,0.977156,-1.78457,4.753862,0.648027,2.865509
2401,80.033333,1,564.171839,360.779568,455.32073,363.918895,509.746284,362.349232,3.144429,2.065686,-1.841778,3.121499,0.651325,2.593593
2402,80.066667,1,564.814758,358.908352,456.196632,362.463094,510.505695,360.685723,3.089383,2.341588,-1.885033,2.141459,0.602175,2.241524
2403,80.1,1,565.360537,358.747151,456.213512,361.811054,510.787024,360.279103,3.04842,2.119223,-1.873536,2.365385,0.587442,2.242304
2404,80.133333,1,564.966526,358.794798,456.702976,361.431506,510.834751,360.113152,3.056761,2.084316,-1.865372,2.585995,0.595695,2.335156
2405,80.166667,1,565.10725,358.773887,456.370649,360.794449,510.73895,359.784168,3.084431,2.334639,-1.870277,2.630769,0.607077,2.482704
2406,80.2,1,564.849176,358.68495,456.478472,360.91613,510.663824,359.80054,3.091716,2.015402,-1.85702,2.549732,0.617348,2.282567
2407,80.233333,1,564.532032,358.291261,456.058016,360.542493,510.295024,359.416877,3.099059,2.030907,-1.863113,2.589313,0.617973,2.31011
2408,80.266667,1,563.993874,358.283418,455.232925,360.59449,509.6134,359.438954,3.118367,2.211653,-1.868465,2.604778,0.624951,2.408216
2409,80.3,1,563.354778,358.299233,455.085335,360.439904,509.220057,359.369568,3.114907,2.192404,-1.858105,2.424153,0.628401,2.308278
2410,80.333333,1,562.600737,358.053993,454.540834,360.12836,508.570786,359.091176,3.132639,2.416669,-1.852903,2.212852,0.639868,2.31476
2411,80.366667,1,562.429905,356.919805,454.671535,359.244454,508.55072,358.082129,3.132993,2.455787,-1.848771,2.029548,0.642111,2.242667
2412,80.4,1,561.824551,356.241453,453.707876,358.887098,507.766213,357.564275,3.156984,1.873222,-1.858583,2.178655,0.6492,2.025939
2413,80.433333,1,561.212788,355.126496,453.44698,357.924598,507.329884,356.525547,3.164288,1.988027,-1.839337,2.419967,0.662475,2.203997
2414,80.466667,1,561.196985,354.221663,452.733908,357.156993,506.965446,355.689328,3.175757,1.946402,-1.837589,2.535582,0.669084,2.240992
2415,80.5,1,561.157742,353.453275,452.698259,356.2579,506.928,354.855587,3.175518,1.711215,-1.848203,2.661966,0.663658,2.18659
2416,80.533333,1,560.114889,352.87608,451.12669,356.083395,505.62079,354.479738,3.175062,1.676847,-1.861041,2.577907,0.65701,2.127377
2417,80.566667,1,559.025116,352.343152,449.51889,355.652086,504.272003,353.997619,3.203747,1.82971,-1.856116,2.387501,0.673815,2.108605
2418,80.6,1,558.734083,351.708852,449.097939,355.125166,503.916011,353.417009,3.200352,1.463897,-1.870761,2.358366,0.664796,1.911132
2419,80.633333,1,557.999153,350.913861,449.045582,354.65807,503.522367,352.785966,3.205435,1.504369,-1.860119,2.305406,0.672658,1.904888
2420,80.666667,1,557.167835,350.643146,448.621712,354.412572,502.894773,352.527859,3.197918,1.443304,-1.856946,2.219339,0.670486,1.831321
2421,80.7,1,556.335936,350.519228,448.112755,354.185851,502.224345,352.352539,3.188632,1.497016,-1.849588,2.047143,0.669522,1.77208
2422,80.733333,1,555.738173,350.704563,447.368793,354.182289,501.553483,352.443426,3.178483,1.811456,-1.851832,2.145391,0.663326,1.978423
2423,80.766667,1,555.257626,350.695213,447.300062,354.830906,501.278844,352.763059,3.170889,1.409829,-1.845708,2.145669,0.66259,1.777749
2424,80.8,1,554.238338,351.253526,447.085524,355.649623,500.661931,353.451574,3.134175,1.684402,-1.850095,2.295629,0.64204,1.990015
2425,80.833333,1,553.704338,351.842099,446.419258,355.923949,500.061798,353.883024,3.11699,1.751032,-1.832783,2.109558,0.642103,1.930295
2426,80.866667,1,553.022776,352.216728,445.865088,356.88381,499.443932,354.550269,3.134721,1.787998,-1.839599,2.361538,0.647561,2.074768
2427,80.9,1,552.295132,352.653703,444.795551,357.468939,498.545341,355.061321,3.135008,1.355285,-1.829769,2.199377,0.652619,1.777331
2428,80.933333,1,551.389513,353.247362,443.617144,358.428907,497.503328,355.838134,3.181686,1.773772,-1.810275,2.529458,0.685706,2.151615
2429,80.966667,1,550.754271,353.620677,442.368965,359.72672,496.561618,356.673699,3.224029,1.580719,-1.81413,2.661446,0.70495,2.121083
2430,81.0,1,549.249163,353.99404,441.445141,360.493269,495.347152,357.243655,3.208598,1.67961,-1.80494,2.683092,0.701829,2.181351
2431,81.033333,1,548.322935,353.991412,440.71208,361.21268,494.517508,357.602046,3.236745,1.738618,-1.787201,2.814104,0.724772,2.276361
2432,81.066667,1,546.620331,354.51558,439.210892,361.604084,492.915611,358.059832,3.195507,2.053034,-1.789273,2.792313,0.703117,2.422673
2433,81.1,1,545.935497,354.527709,438.327532,362.212447,492.131515,358.370078,3.167604,1.861539,-1.775795,3.040045,0.695904,2.450792
2434,81.133333,1,544.971619,355.269012,437.911739,362.869685,491.441679,359.069349,3.171375,1.743001,-1.792264,3.01935,0.689555,2.381175
2435,81.166667,1,545.200348,355.672583,437.881479,363.461884,491.540914,359.567234,3.156824,1.641277,-1.789677,3.05818,0.683574,2.349729
2436,81.2,1,544.806566,355.841712,437.848787,363.320714,491.327677,359.581213,3.143502,1.438932,-1.798815,2.926071,0.672343,2.182502
2437,81.233333,1,544.735556,355.906858,438.006411,363.336915,491.370983,359.621886,3.148988,1.358871,-1.794465,2.865755,0.677261,2.112313
2438,81.266667,1,544.665537,355.985994,438.047428,363.397651,491.356483,359.691822,3.148108,1.348855,-1.796712,2.759303,0.675698,2.054079
2439,81.3,1,544.755192,355.935944,438.258009,363.345959,491.5066,359.640951,3.142996,1.324933,-1.78561,2.802071,0.678693,2.063502
2440,81.333333,1,544.891682,355.564758,438.244019,363.412017,491.56785,359.488387,3.142467,1.467032,-1.770972,2.860347,0.685748,2.16369
2441,81.366667,1,545.348616,355.098161,438.595285,362.64439,491.971951,358.871275,3.190656,1.641529,-1.774712,3.06986,0.707972,2.355695
2442,81.4,1,545.917549,355.076344,438.855562,362.589946,492.386556,358.833145,3.202223,1.864405,-1.777703,3.135735,0.71226,2.50007
2443,81.433333,1,545.933847,354.976072,438.710012,362.438418,492.32193,358.707245,3.20399,1.861187,-1.784542,3.086059,0.709724,2.473623
2444,81.466667,1,546.10795,354.754715,439.502239,362.167611,492.805095,358.461163,3.181721,1.764212,-1.77436,3.175637,0.703681,2.469925
2445,81.5,1,546.472874,354.718114,439.986477,361.983606,493.229675,358.35086,3.188129,1.42163,-1.772276,3.200861,0.707927,2.311246
2446,81.533333,1,547.140636,354.006148,438.861494,361.240522,493.001065,357.623335,3.263332,1.31799,-1.821882,2.869541,0.720725,2.093765
2447,81.566667,1,547.682486,352.969281,439.814358,359.852307,493.748422,356.410794,3.272385,1.055806,-1.820763,2.684204,0.725811,1.870005
2448,81.6,1,548.537703,352.199578,439.187555,358.291331,493.862629,355.245455,3.286213,1.12768,-1.858976,2.737796,0.713618,1.932738
2449,81.633333,1,549.731646,351.422601,442.870522,357.136924,496.301084,354.279763,3.185926,0.782235,-1.790273,2.541094,0.697827,1.661665
2450,81.666667,1,551.263866,351.113815,444.583693,356.305316,497.923779,353.709565,3.168158,0.373097,-1.798408,2.380714,0.684875,1.376906
2451,81.7,1,552.87962,351.199501,446.325035,355.549244,499.602327,353.374372,3.07811,0.827776,-1.790848,2.312065,0.643631,1.569921
2452,81.733333,1,554.208603,351.330988,446.074696,355.736688,500.141649,353.533838,3.11347,0.877028,-1.826395,2.389061,0.643538,1.633044
2453,81.766667,1,555.713215,351.493648,446.459713,355.545934,501.086464,353.519791,3.18125,0.933589,-1.846194,2.54221,0.667528,1.737899
2454,81.8,1,556.693268,352.026383,447.18256,355.605415,501.937914,353.815899,3.182326,1.358897,-1.862157,2.711058,0.660085,2.034978
2455,81.833333,1,558.263006,352.481087,446.846447,355.91624,502.554727,354.198664,3.202055,1.450074,-1.906336,2.747779,0.64786,2.098927
2456,81.866667,1,558.6798,352.741846,448.211241,356.346365,503.44552,354.544105,3.198175,1.525391,-1.884662,2.832837,0.656756,2.179114
2457,81.9,1,559.678717,353.149708,448.643456,356.551892,504.161086,354.8508,3.217744,1.652221,-1.897598,2.938768,0.660073,2.295494
2458,81.933333,1,559.942875,353.476508,449.000244,357.12545,504.47156,355.300979,3.200593,1.931509,-1.898229,2.90734,0.651182,2.419424
2459,81.966667,1,559.590349,356.039198,453.52951,360.158771,506.55993,358.098984,3.102417,-1.48006,-1.795503,5.11711,0.653457,1.818525
2460,82.0,1,560.932932,357.470586,454.632044,361.581484,507.782488,359.526035,3.104251,-7.8194,-1.778135,4.764414,0.663058,-1.527493
2461,82.033333,1,561.571207,356.267835,453.852062,360.256864,507.711635,358.26235,3.118751,-1.782392,-1.833662,4.857297,0.642544,1.537452
2462,82.066667,1,561.640005,355.974573,453.14539,359.891864,507.392697,357.933218,3.156536,-0.439171,-1.873408,5.466914,0.641564,2.513871
2463,82.1,1,561.271114,355.631497,454.248047,359.331513,507.759581,357.481505,3.156755,-0.330424,-1.849511,4.371895,0.653622,2.020736
2464,82.133333,1,561.713572,355.208942,453.674612,358.538636,507.694092,356.873789,3.177312,0.404046,-1.864035,3.941087,0.656638,2.172566
2465,82.166667,1,561.980371,354.887366,451.992693,358.099666,506.986532,356.493516,3.19782,0.886626,-1.912041,3.769739,0.64289,2.328182
2466,82.2,1,562.151299,354.177938,451.908369,357.312797,507.029834,355.745367,3.189187,1.169353,-1.891343,3.747577,0.648922,2.458465
2467,82.233333,1,561.91227,353.589907,452.19244,356.717674,507.052355,355.15379,3.172366,1.431775,-1.886859,3.735283,0.642753,2.583529
2468,82.266667,1,562.002134,353.30747,451.690674,356.077521,506.846404,354.692496,3.171445,1.873569,-1.881794,3.284258,0.644825,2.578914
2469,82.3,1,561.898479,353.21834,451.633148,356.036173,506.765814,354.627256,3.170641,1.977853,-1.874713,3.302097,0.647964,2.639975
2470,82.333333,1,561.876812,353.184244,451.538935,356.063429,506.707873,354.623837,3.186561,2.092411,-1.881605,3.200901,0.652478,2.646656
2471,82.366667,1,561.853571,353.09814,451.62322,356.067629,506.738396,354.582885,3.176683,2.117105,-1.885229,3.344422,0.645727,2.730763
2472,82.4,1,561.791315,353.403284,451.259375,356.102348,506.525345,354.752816,3.181971,2.461103,-1.889278,3.52,0.646346,2.990552
2473,82.433333,1,561.80356,353.576458,451.181374,356.436793,506.492467,355.006625,3.16892,2.708197,-1.912146,3.874165,0.628387,3.291181
2474,82.466667,1,561.508579,353.965282,451.23456,357.066468,506.37157,355.515875,3.179405,2.708722,-1.933722,3.895901,0.622842,3.302311
2475,82.5,1,561.515017,354.176173,451.281824,357.408745,506.39842,355.792459,3.187267,2.407069,-1.958129,4.068995,0.614569,3.238032
2476,82.533333,1,560.990896,354.029376,450.623264,357.380539,505.80708,355.704957,3.186686,2.533815,-1.9697,4.285239,0.608493,3.409527
2477,82.566667,1,561.152744,353.881726,450.067739,357.398772,505.610242,355.640249,3.200756,2.58269,-1.983475,4.499724,0.60864,3.541207
2478,82.6,1,560.887966,354.129186,450.549564,357.437648,505.718765,355.783417,3.202231,2.574642,-1.961489,4.309175,0.620371,3.441909
2479,82.633333,1,560.646782,354.19114,450.742064,357.865686,505.694423,356.028413,3.195376,2.309196,-1.94603,4.184521,0.624673,3.246858
2480,82.666667,1,560.277863,354.478608,450.812635,358.086399,505.545249,356.282504,3.190265,2.321018,-1.934968,4.087433,0.627648,3.204226
2481,82.7,1,558.137655,356.611614,451.182823,360.654738,504.660239,358.633176,3.146742,-0.138147,-1.885142,7.531015,0.6308,3.696434
2482,82.733333,1,555.797319,361.613005,454.200544,362.996038,504.998932,362.304522,2.969166,-8.202855,-1.733259,16.398774,0.617953,4.09796
2483,82.766667,1,555.351858,360.217624,454.034777,362.21146,504.693317,361.214542,2.962809,-13.150419,-1.73708,15.689588,0.612864,1.269584
2484,82.8,1,558.559933,358.949647,454.404068,361.434639,506.482,360.192143,3.050231,-2.823019,-1.79698,5.801465,0.626626,1.489223
2485,82.833333,1,559.360065,357.777414,453.034554,360.376684,506.197309,359.077049,3.112749,-0.345036,-1.853905,4.106138,0.629422,1.880551
2486,82.866667,1,560.339127,356.987895,453.464308,359.615645,506.901717,358.30177,3.150003,1.18514,-1.843667,3.811479,0.653168,2.49831
2487,82.9,1,561.352444,356.634037,452.15435,359.263009,506.753397,357.948523,3.194656,2.097346,-1.905896,4.537133,0.64438,3.317239
2488,82.933333,1,561.197309,356.143702,452.496567,358.636322,506.846938,357.390012,3.182327,2.652547,-1.900556,3.58719,0.640886,3.119868
2489,82.966667,1,561.177835,355.610576,452.523155,357.917914,506.850495,356.764245,3.176364,2.835392,-1.904926,3.264772,0.635719,3.050082
2490,83.0,1,561.121855,355.217283,452.512741,357.88032,506.817298,356.548802,3.171188,2.840812,-1.904747,3.55144,0.63322,3.196126
2491,83.033333,1,561.067152,354.906705,452.267523,358.037471,506.667337,356.472088,3.173501,2.857943,-1.911484,3.696775,0.631008,3.277359
2492,83.066667,1,561.411037,354.983228,452.057219,357.938942,506.734128,356.461085,3.178467,2.907099,-1.921417,3.580565,0.628525,3.243832
2493,83.1,1,561.329203,355.02734,451.692276,358.032353,506.510739,356.529846,3.162064,2.912437,-1.933182,3.662029,0.614441,3.287233
2494,83.133333,1,561.530962,355.11176,451.837683,358.028769,506.684322,356.570265,3.161224,3.051442,-1.926352,3.680708,0.617436,3.366075
2495,83.166667,1,561.384449,355.195965,452.047644,358.228369,506.716046,356.712167,3.160734,2.798375,-1.917514,3.595495,0.62161,3.196935
2496,83.2,1,562.080555,355.439574,451.464119,358.114353,506.772337,356.776964,3.174934,2.974066,-1.946445,3.814226,0.614245,3.394146
2497,83.233333,1,562.168093,355.365368,451.398497,357.931824,506.783295,356.648596,3.171873,3.180396,-1.957647,3.864946,0.607113,3.522671
2498,83.266667,1,562.373219,355.672202,451.277752,357.924126,506.825485,356.798164,3.154508,3.315777,-1.957293,3.943453,0.598608,3.629615
2499,83.3,1,562.502804,355.785788,451.402264,357.791893,506.952534,356.788841,3.169373,3.157276,-1.949942,3.906369,0.609716,3.531822
2500,83.333333,1,562.293491,356.055163,451.267099,357.639983,506.780295,356.847573,3.169385,3.370115,-1.950505,3.989339,0.60944,3.679727
2501,83.366667,1,562.850819,356.701629,452.115993,358.075907,507.483406,357.388768,3.142481,4.595251,-1.914637,3.66873,0.613922,4.131991
2502,83.4,1,562.736759,357.195257,452.277346,358.753653,507.507052,357.974455,3.134167,4.360028,-1.91223,3.7426,0.610968,4.051314
2503,83.433333,1,563.156471,358.21131,452.775974,359.074547,507.966223,358.642928,3.092334,3.726638,-1.902085,3.591944,0.595124,3.659291
2504,83.466667,1,563.428144,358.924804,453.004999,359.559844,508.216572,359.242324,3.086426,3.799182,-1.918598,3.507542,0.583914,3.653362
2505,83.5,1,563.354053,359.894198,453.367252,359.94251,508.360653,359.918354,3.083544,3.976773,-1.906807,3.458091,0.588368,3.717432
2506,83.533333,1,562.896805,361.703272,452.811689,362.382601,507.854247,362.042937,3.103725,4.701385,-1.93293,4.670192,0.585397,4.685789
2507,83.566667,1,559.689379,364.608727,456.962404,365.295045,508.325891,364.951886,2.934262,3.87214,-1.756091,31.536493,0.589086,17.704317
2508,83.6,1,560.241957,365.084095,456.301479,366.463727,508.271718,365.773911,2.950442,2.063072,-1.768765,40.376516,0.590839,21.219794
2509,83.633333,1,561.446304,366.241693,456.414433,368.189471,508.930368,367.215582,2.888262,-8.144963,-1.776957,46.320489,0.555652,19.087763
2510,83.666667,1,562.733107,366.757992,456.4499,368.376303,509.591503,367.567147,2.894178,-8.125833,-1.782259,52.493177,0.555959,22.183672
2511,83.7,1,563.403549,365.56318,458.451147,366.655473,510.927348,366.109326,3.002041,2.202136,-1.805828,12.289464,0.598106,7.2458
2512,83.733333,1,565.919304,365.141682,456.584406,366.007333,511.251855,365.574507,3.08632,3.712742,-1.877203,5.115558,0.604559,4.41415
2513,83.766667,1,566.545553,364.510939,456.609507,365.448377,511.57753,364.979658,3.077007,5.309729,-1.899752,4.910538,0.588628,5.110134
2514,83.8,1,566.298838,364.448057,454.856205,365.312641,510.577521,364.880349,3.104111,4.338551,-1.941542,4.709502,0.581285,4.524027
2515,83.833333,1,566.74614,364.165578,454.731026,365.454605,510.738583,364.810091,3.093259,4.280105,-1.959088,5.073175,0.567085,4.67664
2516,83.866667,1,567.375937,365.35974,454.733725,365.90484,511.054831,365.63229,3.070199,4.789209,-1.965441,4.746118,0.552379,4.767664
2517,83.9,1,567.088385,366.517242,457.525215,367.009647,512.3068,366.763445,3.037438,3.36867,-1.894158,5.758671,0.57164,4.56367
2518,83.933333,1,567.698812,367.217234,456.580839,367.644977,512.139826,367.431106,3.030758,3.352016,-1.914765,6.070991,0.557997,4.711504
2519,83.966667,1,566.712151,370.013169,456.51741,371.646956,511.61478,370.830063,2.933879,-17.977215,-1.858786,18.230482,0.537546,0.126633
2520,84.0,1,566.942606,369.671509,458.951292,370.909649,512.946949,370.290579,2.95858,-15.068776,-1.795784,19.245037,0.581398,2.088131
2521,84.033333,1,567.149897,367.814745,455.247593,369.082679,511.198745,368.448712,2.964213,0.698694,-1.923979,8.703986,0.520117,4.70134
2522,84.066667,1,568.055325,366.69018,455.851336,367.18523,511.95333,366.937705,3.050718,3.072169,-1.959464,6.547195,0.545627,4.809682
2523,84.1,1,568.411121,366.020229,456.381426,365.888538,512.396274,365.954383,3.060534,3.870269,-1.95728,4.373088,0.551627,4.121679
2524,84.133333,1,569.596424,366.107363,455.96179,365.579392,512.779107,365.843377,3.096276,4.29178,-1.979731,4.719622,0.558273,4.505701
2525,84.166667,1,570.152254,365.639758,455.70919,364.910331,512.930722,365.275044,3.095755,3.849001,-2.019167,4.507808,0.538294,4.178405
2526,84.2,1,570.919123,365.979347,457.912521,364.642362,514.415822,365.310854,3.076141,4.187789,-1.98953,5.310269,0.543306,4.749029
2527,84.233333,1,571.916933,366.040769,457.506971,364.7495,514.711952,365.395135,3.060687,4.237498,-2.009183,5.105292,0.525752,4.671395
2528,84.266667,1,572.356567,366.123649,457.779102,364.468539,515.067835,365.296094,3.062193,4.547935,-2.004761,5.081645,0.528716,4.81479
2529,84.3,1,571.950512,366.227274,458.16905,364.550325,515.059781,365.388799,3.052205,4.604104,-2.00497,5.114195,0.523617,4.85915
2530,84.333333,1,572.383404,366.52604,458.018007,364.750713,515.200706,365.638376,3.050743,4.707251,-2.033346,4.774873,0.508698,4.741062
2531,84.366667,1,572.807236,366.835309,458.109808,364.835073,515.458522,365.835191,3.031443,4.644376,-2.039784,4.528642,0.495829,4.586509
2532,84.4,1,572.53377,367.119607,457.74045,365.166761,515.13711,366.143184,3.002017,4.687475,-2.026593,3.844617,0.487712,4.266046
2533,84.433333,1,572.104702,367.126774,457.486277,365.097232,514.795489,366.112003,2.984581,4.640345,-2.02365,3.433864,0.480466,4.037105
2534,84.466667,1,572.269945,367.557768,457.692175,365.43849,514.98106,366.498129,3.009682,4.843805,-2.023133,3.71637,0.493274,4.280088
2535,84.5,1,572.708359,368.223771,457.796555,365.533875,515.252457,366.878823,3.006183,4.92458,-2.026064,3.574866,0.49006,4.249723
2536,84.533333,1,572.196674,368.218385,457.591276,365.901225,514.893975,367.059805,3.011148,4.789032,-2.022845,3.263957,0.494152,4.026494
2537,84.566667,1,572.121992,368.13868,457.737436,366.094955,514.929714,367.116818,3.012224,4.804441,-2.017005,3.315862,0.497609,4.060152
2538,84.6,1,571.727362,368.223438,456.522722,366.475528,514.125042,367.349483,3.000501,4.759059,-2.030425,3.269975,0.485038,4.014517
2539,84.633333,1,571.346798,368.081228,456.375055,366.542594,513.860927,367.311911,2.999695,4.784867,-2.03054,3.286289,0.484577,4.035578
2540,84.666667,1,570.742054,368.118811,456.295319,366.55254,513.518686,367.335675,2.990995,4.746776,-2.033193,3.27264,0.478901,4.009708
2541,84.7,1,570.383854,367.881811,456.064949,366.601233,513.224401,367.241522,2.997367,4.586237,-2.030216,3.215474,0.483576,3.900855
2542,84.733333,1,570.087042,367.505089,455.285683,366.351884,512.686362,366.928487,3.005284,4.615741,-2.042741,3.359302,0.481271,3.987522
2543,84.766667,1,569.922972,367.149224,455.04859,366.181188,512.485781,366.665206,3.006485,4.487222,-2.048426,3.325436,0.47903,3.906329
2544,84.8,1,569.936171,367.247302,454.905396,366.132581,512.420783,366.689942,3.006884,4.508221,-2.046501,3.30608,0.480191,3.907151
2545,84.833333,1,569.937458,367.216794,454.746351,365.888983,512.341905,366.552889,3.009741,4.584228,-2.047708,3.263188,0.481017,3.923708
2546,84.866667,1,570.019045,367.370571,454.768229,366.071271,512.393637,366.720921,3.012639,4.584854,-2.048911,3.153143,0.481864,3.868998
2547,84.9,1,569.969416,367.415659,454.874277,366.079168,512.421846,366.747413,3.012602,4.623994,-2.044885,3.239205,0.483858,3.9316
2548,84.933333,1,569.753962,367.383204,454.994059,366.085004,512.37401,366.734104,3.006247,4.555048,-2.038397,3.220898,0.483925,3.887973
2549,84.966667,1,569.821329,367.184474,454.870825,365.90226,512.346077,366.543367,3.012708,4.741833,-2.034826,3.353047,0.488941,4.04744
2550,85.0,1,570.375566,367.251851,455.070772,366.020197,512.723169,366.636024,3.012105,4.785467,-2.06572,3.558313,0.473193,4.17189
2551,85.033333,1,570.474377,367.203228,455.003901,366.071759,512.739139,366.637494,3.009974,4.567701,-2.077863,3.700058,0.466056,4.133879
2552,85.066667,1,570.494709,367.368763,455.250149,366.14287,512.872429,366.755817,3.005478,4.54167,-2.080293,3.78468,0.462593,4.163175
2553,85.1,1,570.400343,367.392157,455.481529,366.032352,512.940936,366.712255,3.004474,4.188042,-2.076979,3.563349,0.463747,3.875695
2554,85.133333,1,570.527811,367.811365,455.865126,366.32223,513.196468,367.066797,3.012337,4.295133,-2.069606,3.712652,0.471365,4.003892
2555,85.166667,1,569.282055,368.348536,457.13872,367.190482,513.210387,367.769509,2.99702,4.857429,-2.026138,4.402554,0.485441,4.629991
2556,85.2,1,569.006929,373.797959,463.118801,370.159843,516.062865,371.978901,2.911838,26.817917,-1.734747,51.158917,0.588546,38.988417
2557,85.233333,1,568.84181,375.329758,459.298792,372.212151,514.070301,373.770955,2.881559,60.443471,-1.801759,45.899421,0.5399,53.171446
2558,85.266667,1,569.048586,376.229028,458.774405,373.402108,513.911495,374.815568,2.835915,12.640839,-1.788495,44.393744,0.52371,28.517292
2559,85.3,1,568.038321,377.014443,459.228611,374.763662,513.633466,375.889052,2.753628,-2.206628,-1.749422,61.289582,0.502103,29.541477
2560,85.333333,1,566.29735,377.47501,461.26029,374.905443,513.77882,376.190227,2.738283,-1.598252,-1.722126,51.444025,0.508079,24.922886
2561,85.366667,1,567.728348,377.960093,461.734409,375.379668,514.731379,376.669881,2.752549,-3.556808,-1.716958,60.003149,0.517796,28.223171
2562,85.4,1,569.769068,378.403001,461.493864,375.786195,515.631466,377.094598,2.745378,-3.52218,-1.733162,61.339131,0.506108,28.908475
2563,85.433333,1,569.880667,378.498734,461.169367,376.073534,515.525017,377.286134,2.750839,-3.358092,-1.74313,51.912283,0.503854,24.277095
2564,85.466667,1,569.98518,378.522649,461.92317,376.017112,515.954175,377.26988,2.756188,-3.487602,-1.725123,59.19491,0.515532,27.853654
2565,85.5,1,570.9834,379.079357,462.424402,376.243104,516.703901,377.661231,2.756143,-4.330669,-1.729649,52.595929,0.513247,24.13263
2566,85.533333,1,571.454554,379.184436,463.750257,375.97454,517.602406,377.579488,2.751655,-7.853586,-1.725845,52.600973,0.512905,22.373693
2567,85.566667,1,572.077255,379.561919,464.908228,375.840815,518.492742,377.701367,2.750525,-10.597012,-1.717791,40.955014,0.516367,15.179001
2568,85.6,1,571.360703,379.544882,464.6696,376.035361,518.015151,377.790121,2.733255,-8.604041,-1.729527,42.223763,0.501864,16.809861
2569,85.633333,1,572.248774,379.959015,464.704256,376.025437,518.476515,377.992226,2.737802,-8.766321,-1.731671,41.042672,0.503065,16.138175
2570,85.666667,1,572.226105,380.276878,466.223593,376.067998,519.224849,378.172438,2.777337,-6.226995,-1.712126,40.203472,0.532605,16.988239
2571,85.7,1,572.232609,380.382192,467.107992,375.961365,519.6703,378.171778,2.762109,1.860112,-1.698606,40.54723,0.531751,21.203671
2572,85.733333,1,572.97349,380.699197,467.88558,375.964551,520.429535,378.331874,2.760162,2.015738,-1.69436,32.806956,0.532901,17.411347
2573,85.766667,1,574.239931,380.901479,468.012524,376.134399,521.126227,378.517939,2.783223,1.513119,-1.698495,30.949517,0.542364,16.231318
2574,85.8,1,573.516569,381.145828,466.797619,376.4144,520.157094,378.780114,2.742792,1.487587,-1.731094,29.965302,0.505849,15.726445
2575,85.833333,1,573.524723,381.384341,464.21689,377.263352,518.870807,379.323846,2.710972,0.271284,-1.796636,47.09217,0.457168,23.681727
2576,85.866667,1,573.039026,381.505898,466.174889,377.468541,519.606957,379.487219,2.667058,0.92099,-1.782819,46.59719,0.44212,23.75909
2577,85.9,1,573.496256,382.431904,468.172216,377.365093,520.834236,379.898499,2.647643,-0.169494,-1.759982,46.454634,0.44383,23.14257
2578,85.933333,1,574.823513,383.375441,470.525055,377.659932,522.674284,380.517687,2.687433,1.71863,-1.712126,50.050854,0.487653,25.884742
2579,85.966667,1,576.794453,384.230068,474.744949,377.618068,525.769701,380.924068,2.702911,3.70004,-1.660998,71.351377,0.520956,37.525708
2580,86.0,1,578.913784,385.281794,466.172371,379.45668,522.543077,382.369237,2.759537,3.978757,-1.840021,59.700018,0.459758,31.839387
2581,86.033333,1,579.752846,386.214259,466.060104,379.607023,522.906475,382.910641,2.755664,2.859805,-1.853885,85.381122,0.45089,44.120464
2582,86.066667,1,580.693941,387.453579,465.566502,380.628741,523.130221,384.04116,2.75473,1.824035,-1.863197,110.3989,0.445766,56.111467
2583,86.1,1,583.043957,390.078753,467.414494,383.605896,525.229225,386.842325,2.779364,3.025859,-1.846675,64.101731,0.466344,33.563795
2584,86.133333,1,584.331408,391.277658,467.927647,384.308732,526.129527,387.793195,2.798166,2.776166,-1.843323,46.898964,0.477422,24.837565
2585,86.166667,1,584.362659,392.315029,467.656059,384.89988,526.009359,388.607454,2.76612,2.40287,-1.902066,64.70516,0.432027,33.554015
2586,86.2,1,584.764299,393.425871,466.981106,385.812646,525.872703,389.619259,2.740438,2.290241,-1.927246,109.8754,0.406596,56.08282
2587,86.233333,1,586.265421,394.586012,468.776093,386.006033,527.520757,390.296023,2.707319,3.916182,-1.917003,84.35377,0.395158,44.134976
2588,86.266667,1,586.829472,395.585629,469.703302,386.486224,528.266387,391.035926,2.706412,6.975366,-1.92374,69.829903,0.391336,38.402635
2589,86.3,1,587.97843,396.517128,470.54986,386.705682,529.264145,391.611405,2.723357,9.705462,-1.932525,66.056398,0.395416,37.88093
2590,86.333333,1,588.787327,398.045365,477.233868,387.022988,533.010597,392.534176,2.747988,13.523811,-1.848072,106.614549,0.449958,60.06918
2591,86.366667,1,589.964828,398.917844,480.142441,388.195231,535.053635,393.556538,2.740538,16.394823,-1.795743,114.73937,0.472398,65.567096
2592,86.4,1,592.26696,400.27899,479.020262,389.744872,535.643611,395.011931,2.725183,13.128521,-1.831943,167.577169,0.44662,90.352845
2593,86.433333,1,593.994961,401.837268,477.252731,390.68961,535.623846,396.263439,2.719377,9.760686,-1.864576,139.544021,0.4274,74.652353
2594,86.466667,1,595.863895,402.882385,479.523268,391.066289,537.693582,396.974337,2.722684,14.077788,-1.857502,157.707994,0.432591,85.892891
2595,86.5,1,597.90514,404.021723,478.599195,391.612805,538.252168,397.817264,2.732838,11.669791,-1.842938,110.806094,0.44495,61.237942
2596,86.533333,1,599.25355,405.086775,480.505037,392.023634,539.879293,398.555204,2.73475,13.57398,-1.855611,116.421919,0.43957,64.997949
2597,86.566667,1,600.008745,406.232979,482.023706,392.429827,541.016226,399.331403,2.724566,15.582758,-1.835875,112.75222,0.444346,64.167489
2598,86.6,1,601.254578,407.01995,484.474735,392.216946,542.864656,399.618448,2.706764,28.635118,-1.821413,144.725049,0.442675,86.680084
2599,86.633333,1,601.863976,408.000662,487.482395,392.702265,544.673185,400.351464,2.68727,60.389302,-1.804283,164.833826,0.441494,112.611564
2600,86.666667,1,603.230705,409.287844,487.512608,393.689919,545.371656,401.488881,2.704505,41.627884,-1.791371,94.439677,0.456567,68.03378
2601,86.7,1,604.255171,410.675093,490.971279,394.549416,547.613225,402.612255,2.688919,33.232585,-1.752381,86.257567,0.468269,59.745076
2602,86.733333,1,605.862951,411.799421,489.875088,395.494916,547.86902,403.647169,2.730219,28.828416,-1.797299,101.298191,0.46646,65.063303
2603,86.766667,1,607.382956,413.537225,491.018152,396.376022,549.200554,404.956623,2.73603,35.45059,-1.79786,104.448954,0.469085,69.949772
2604,86.8,1,608.816442,415.302536,495.618773,397.020214,552.217607,406.161375,2.699048,67.757596,-1.776954,87.910326,0.461047,77.833961
2605,86.833333,1,609.351788,417.182786,496.924982,397.848051,553.138385,407.515419,2.674767,70.795799,-1.789344,75.674413,0.442711,73.235106
2606,86.866667,1,611.247177,418.215523,496.190147,398.976231,553.718662,408.595877,2.666158,71.94779,-1.855526,79.649633,0.405316,75.798712
2607,86.9,1,612.361641,419.377756,499.060993,400.106117,555.711317,409.741936,2.573011,41.311181,-1.865216,83.809031,0.353897,62.560106
2608,86.933333,1,613.935223,421.087825,499.097195,401.308068,556.516209,411.197947,2.565026,34.342259,-1.902253,62.426172,0.331386,48.384216
2609,86.966667,1,616.095695,423.011345,500.965099,402.201759,558.530397,412.606552,2.548065,43.58385,-1.88972,57.794526,0.329172,50.689188
2610,87.0,1,617.434597,424.490755,504.617739,402.908767,561.026168,413.699761,2.555503,58.884668,-1.860452,54.979594,0.347526,56.932131
2611,87.033333,1,618.998127,425.446576,509.123487,405.037572,564.060807,415.242074,2.54731,37.621903,-1.802681,50.166381,0.372314,43.894142
2612,87.066667,1,619.614553,426.412461,510.939951,405.923388,565.277252,416.167924,2.562507,39.575282,-1.785115,49.011079,0.388696,44.293181
2613,87.1,1,619.437752,425.019107,509.523573,404.8734,564.480662,414.946253,2.580044,39.983349,-1.743716,36.799209,0.418164,38.391279
2614,87.133333,1,616.896343,419.846059,504.869432,400.021348,560.882888,409.933704,2.628424,49.772011,-1.787672,40.137628,0.420376,44.954819
2615,87.166667,1,613.655825,408.945283,499.160156,392.039008,556.40799,400.492145,2.796771,43.354945,-1.929762,4.187884,0.433505,23.771415
2616,87.2,1,604.951372,397.434529,492.763939,382.1152,548.857656,389.774864,2.89739,2.766689,-1.973051,2.492582,0.46217,2.629635
2617,87.233333,1,594.194508,387.844913,483.042212,375.644639,538.61836,381.744776,2.913356,2.368493,-1.882812,1.870997,0.515272,2.119745
2618,87.266667,1,585.248508,380.040779,474.249029,370.557797,529.748769,375.299288,2.953611,2.136137,-1.843687,1.699504,0.554962,1.917821
2619,87.3,1,576.084728,374.057565,468.070173,367.974223,522.077451,371.015894,2.961306,2.273275,-1.784663,1.79018,0.588322,2.031727
2620,87.333333,1,568.474274,372.648793,460.893278,370.912331,514.683776,371.780562,2.958305,6.581137,-1.931946,4.061272,0.513179,5.321204
2621,87.366667,1,561.829424,372.462273,455.468626,372.932121,508.649025,372.697197,2.822187,-0.014279,-1.842218,5.562262,0.489985,2.773992
2622,87.4,1,555.690165,367.629361,453.496809,368.586727,504.593487,368.108044,2.927392,-3.671296,-1.758954,4.59729,0.584219,0.462997
2623,87.433333,1,551.930361,365.251476,444.788637,367.618777,498.359499,366.435126,3.122445,0.558595,-1.838246,4.888473,0.642099,2.723534
2624,87.466667,1,549.157724,362.218525,440.87451,365.103836,495.016117,363.66118,3.144916,0.11554,-1.834853,3.407617,0.655032,1.761578
2625,87.5,1,548.160915,359.401755,440.429869,361.910892,494.295392,360.656323,3.158909,0.009625,-1.872197,3.051541,0.643356,1.530583
2626,87.533333,1,548.276663,358.039772,441.010141,361.323064,494.643402,359.681418,3.247678,1.361927,-1.822218,4.096403,0.71273,2.729165
2627,87.566667,1,549.66444,357.866372,441.924515,361.206763,495.794477,359.536568,3.237578,1.117396,-1.81668,3.797632,0.710449,2.457514
2628,87.6,1,550.388784,357.542759,442.697401,361.007009,496.543093,359.274884,3.242774,0.766335,-1.823885,3.909169,0.709444,2.337752
2629,87.633333,1,551.958523,357.193991,443.095064,360.362967,497.526793,358.778479,3.228292,1.334958,-1.834726,3.209069,0.696783,2.272014
2630,87.666667,1,552.69558,356.227124,444.774075,359.219252,498.734827,357.723188,3.222225,1.695275,-1.80436,2.566131,0.708933,2.130703
2631,87.7,1,554.229403,355.311128,446.827383,359.34074,500.528393,357.325934,3.148002,0.610109,-1.821694,2.910053,0.663154,1.760081
2632,87.733333,1,555.54245,354.93901,448.273706,358.014683,501.908078,356.476846,3.140736,0.519639,-1.834644,2.723119,0.653046,1.621379
2633,87.766667,1,555.925007,354.60074,448.010092,358.367286,501.967549,356.484013,3.152539,0.853641,-1.856873,2.968281,0.647833,1.910961
2634,87.8,1,553.007431,358.884421,447.203922,364.732978,500.105677,361.808699,2.950156,-30.120378,-1.774804,10.000657,0.587676,-10.059861
2635,87.833333,1,551.667461,356.321066,448.419876,361.831316,500.043669,359.076191,2.956384,-28.888867,-1.779417,5.472714,0.588484,-11.708077
2636,87.866667,1,552.173376,354.00876,447.506475,359.836841,499.839926,356.922801,3.03448,-3.518409,-1.82055,3.8205,0.606965,0.151046
2637,87.9,1,552.578602,353.123057,446.732473,359.068565,499.655538,356.095811,3.1171,0.771837,-1.818592,3.355489,0.649254,2.063663
2638,87.933333,1,550.561762,351.836965,444.015646,358.622117,497.288704,355.229541,3.173904,0.36646,-1.828791,3.878821,0.672556,2.12264
2639,87.966667,1,550.347853,351.442117,444.405699,357.232325,497.376776,354.337221,3.171763,1.125909,-1.818802,3.69083,0.67648,2.408369
2640,88.0,1,550.377407,351.248998,443.616638,357.185338,496.997023,354.217168,3.160532,1.652351,-1.82262,3.482652,0.668956,2.567501
2641,88.033333,1,550.13238,351.071243,443.470974,357.180703,496.801677,354.125973,3.163579,1.074818,-1.808774,2.988198,0.677403,2.031508
2642,88.066667,1,549.7404,351.302454,443.024321,357.259796,496.38236,354.281125,3.148386,1.269602,-1.809661,2.872701,0.669363,2.071151
2643,88.1,1,549.445333,351.622871,442.284184,357.66827,495.864758,354.645571,3.154092,1.503526,-1.81464,2.70009,0.669726,2.101808
2644,88.133333,1,548.888798,351.866212,441.534481,357.836975,495.211639,354.851594,3.142159,1.610454,-1.830788,2.653307,0.655685,2.13188
2645,88.166667,1,548.566256,351.777318,441.551399,357.846894,495.058827,354.812106,3.156881,1.47215,-1.813145,2.563038,0.671868,2.017594
2646,88.2,1,547.90617,351.861797,440.704222,358.405368,494.305196,355.133582,3.183789,1.595985,-1.838129,2.565154,0.67283,2.08057
2647,88.233333,1,547.4827,352.046258,440.015316,358.869867,493.749008,355.458063,3.206077,1.483534,-1.837088,2.462862,0.684494,1.973198
2648,88.266667,1,547.229271,352.301947,439.449615,359.267467,493.339443,355.784707,3.175829,1.376061,-1.839806,2.561199,0.668012,1.96863
2649,88.3,1,547.028484,352.117444,438.699808,359.610897,492.864146,355.86417,3.220314,1.428957,-1.844769,2.668883,0.687772,2.04892
2650,88.333333,1,547.00635,352.267551,438.382292,359.661838,492.694321,355.964694,3.217512,1.559466,-1.854334,2.727363,0.681589,2.143415
2651,88.366667,1,547.057018,352.303417,438.408451,359.700708,492.732735,356.002063,3.216956,1.465217,-1.848323,2.607979,0.684316,2.036598
2652,88.4,1,546.933403,352.236759,438.483362,359.901145,492.708383,356.068952,3.217831,1.48836,-1.840447,2.668067,0.688692,2.078213
2653,88.433333,1,546.958981,352.442538,438.659124,359.943405,492.809052,356.192972,3.195971,1.448251,-1.851034,2.61255,0.672469,2.0304
2654,88.466667,1,546.973581,352.484204,438.486261,360.013781,492.729921,356.248992,3.193948,1.476052,-1.853649,2.556559,0.67015,2.016305
2655,88.5,1,547.225561,352.783533,438.598194,359.851733,492.911878,356.317633,3.195325,1.609448,-1.86932,2.644591,0.663003,2.127019
2656,88.533333,1,547.227421,352.533814,438.994102,359.669032,493.110762,356.101423,3.194419,1.825014,-1.844224,2.625299,0.675097,2.225156
2657,88.566667,1,547.516365,352.952351,438.99662,359.837099,493.256493,356.394725,3.213841,1.78948,-1.866313,2.761065,0.673764,2.275272
2658,88.6,1,547.624683,353.003914,438.752384,360.136696,493.188534,356.570305,3.205465,1.727626,-1.869624,2.720507,0.667921,2.224066
2659,88.633333,1,547.795362,353.062391,438.329411,360.575972,493.062387,356.819182,3.217923,1.670881,-1.891672,2.774018,0.663126,2.22245
2660,88.666667,1,548.259544,353.27781,438.407516,360.814383,493.33353,357.046097,3.214668,1.773915,-1.894873,2.843633,0.659898,2.308774
2661,88.7,1,548.867025,353.328407,438.959904,360.979049,493.913465,357.153728,3.210703,1.590567,-1.903081,2.965551,0.653811,2.278059
2662,88.733333,1,550.023985,353.245972,439.070396,360.602843,494.547191,356.924407,3.229701,1.494113,-1.91857,3.052097,0.655566,2.273105
2663,88.766667,1,550.69416,353.183649,439.787445,360.177246,495.240803,356.680447,3.198136,1.418053,-1.919595,2.848139,0.63927,2.133096
2664,88.8,1,551.437759,353.225523,440.214834,359.93126,495.826297,356.578392,3.198556,1.452403,-1.921773,2.698777,0.638392,2.07559
2665,88.833333,1,552.050247,353.450764,440.63489,359.970791,496.342568,356.710778,3.206914,1.311272,-1.919499,3.111364,0.643707,2.211318
2666,88.866667,1,551.7624,353.586463,440.873833,360.004941,496.318116,356.795702,3.201217,1.396822,-1.909316,3.253016,0.64595,2.324919
2667,88.9,1,551.811495,353.551202,441.147051,360.162853,496.479273,356.857028,3.196909,1.360416,-1.904515,3.211931,0.646197,2.286174
2668,88.933333,1,551.795702,353.545897,440.744076,360.158079,496.269889,356.851988,3.192943,1.368997,-1.916463,3.265191,0.63824,2.317094
2669,88.966667,1,551.793861,353.566985,440.834999,360.111322,496.31443,356.839153,3.193306,1.484252,-1.915309,3.151892,0.638999,2.318072
2670,89.0,1,552.066145,353.359183,441.201744,360.0368,496.633945,356.697991,3.208773,1.427154,-1.914389,3.357055,0.647192,2.392104
2671,89.033333,1,552.002945,353.405183,441.264763,359.981385,496.633854,356.693284,3.205075,1.326035,-1.922261,3.336517,0.641407,2.331276
2672,89.066667,1,552.210789,353.219907,441.434803,359.993391,496.822796,356.606649,3.201533,1.330561,-1.925991,3.477787,0.637771,2.404174
2673,89.1,1,552.403688,353.135594,441.18268,359.860584,496.793184,356.498089,3.209103,1.450109,-1.929205,3.417693,0.639949,2.433901
2674,89.133333,1,552.919989,353.362895,441.896372,359.830538,497.40818,356.596717,3.216655,1.564809,-1.926425,3.471697,0.645115,2.518253
2675,89.166667,1,552.740431,353.625741,442.032661,359.765076,497.386546,356.695409,3.201044,1.629171,-1.922578,3.451479,0.639233,2.540325
2676,89.2,1,552.695808,353.997527,443.017893,360.024751,497.856851,357.011139,3.198336,1.47633,-1.890029,3.319222,0.654154,2.397776
2677,89.233333,1,551.190472,356.065907,444.220753,361.602985,497.705612,358.834446,3.166311,1.453569,-1.85791,8.552833,0.6542,5.003201
2678,89.266667,1,549.789495,358.735424,444.260674,362.959335,497.025084,360.84738,3.110449,0.877305,-1.811038,12.806594,0.649706,6.841949
2679,89.3,1,549.751625,357.120252,444.382992,362.61716,497.067308,359.868706,3.091497,1.142438,-1.815076,6.249066,0.63821,3.695752
2680,89.333333,1,550.948257,356.691651,445.308475,362.494733,498.128366,359.593192,3.111142,1.310577,-1.801553,8.172905,0.654795,4.741741
2681,89.366667,1,551.049385,356.366492,444.856215,362.693072,497.9528,359.529782,3.128384,1.076395,-1.832938,6.759592,0.647723,3.917994
2682,89.4,1,552.091064,361.080115,450.992174,367.059837,501.541619,364.069976,3.009679,-8.322548,-1.645273,11.939872,0.682203,1.808662
2683,89.433333,1,552.04855,361.416947,451.781149,366.910695,501.914849,364.163821,2.992704,-8.97413,-1.626311,14.718667,0.683196,2.872268
2684,89.466667,1,551.730661,358.742446,444.864693,366.779535,498.297677,362.760991,3.086021,-0.849563,-1.815949,8.184872,0.635036,3.667654
2685,89.5,1,552.775888,356.52095,445.51095,364.167665,499.143419,360.344307,3.140731,-0.438082,-1.841843,6.57473,0.649444,3.068324
2686,89.533333,1,554.307127,355.710627,446.232309,362.458073,500.269718,359.08435,3.171866,0.532706,-1.867521,5.685648,0.652173,3.109177
2687,89.566667,1,553.730736,355.298452,447.608662,361.311675,500.669699,358.305064,3.161053,0.901275,-1.849355,4.90248,0.655849,2.901877
2688,89.6,1,553.942451,355.409705,446.538448,361.332859,500.24045,358.371282,3.150959,1.043189,-1.857059,4.815145,0.64695,2.929167
2689,89.633333,1,553.316231,355.302132,446.561298,361.158553,499.938765,358.230343,3.163211,1.118387,-1.881279,5.826723,0.640966,3.472555
2690,89.666667,1,551.703749,356.091732,446.794491,361.913998,499.24912,359.002865,3.128206,1.151977,-1.821258,21.837437,0.653474,11.494707
2691,89.7,1,552.147522,356.391238,447.271738,361.769308,499.70963,359.080273,3.113224,0.576584,-1.820387,17.696596,0.646418,9.13659
2692,89.733333,1,551.997099,356.477214,446.276655,362.317252,499.136877,359.397233,3.116733,1.138028,-1.827111,18.684717,0.644811,9.911372
2693,89.766667,1,551.237221,360.225418,449.983244,366.282774,500.610232,363.254096,2.974492,-9.595856,-1.697084,21.242399,0.638704,5.823272
2694,89.8,1,552.009897,361.01873,450.06444,367.923439,501.037169,364.471084,2.943044,-12.696255,-1.684905,22.91509,0.629069,5.109418
2695,89.833333,1,551.227045,358.973637,451.314077,365.232164,501.270561,362.1029,2.987888,-6.201861,-1.67979,12.609605,0.654049,3.203872
2696,89.866667,1,553.067722,355.958598,446.649246,363.420315,499.858484,359.689457,3.12031,0.26182,-1.834126,6.37687,0.643092,3.319345
2697,89.9,1,555.05249,354.954926,448.487644,361.121072,501.770067,358.037999,3.183542,1.166484,-1.841904,5.741189,0.670819,3.453837
2698,89.933333,1,553.988714,354.779289,448.616571,359.940337,501.302643,357.359813,3.162792,2.20528,-1.875198,6.976967,0.643797,4.591124
2699,89.966667,1,554.007053,355.073088,449.128504,359.876452,501.567779,357.47477,3.174407,2.622764,-1.836508,10.23282,0.668949,6.427792
2700,90.0,1,553.223333,355.580025,448.760405,360.4001,500.991869,357.990063,3.150822,2.974244,-1.849295,10.169583,0.650764,6.571914
2701,90.033333,1,551.682863,361.217878,450.799866,365.647788,501.241364,363.432833,2.995405,-9.519554,-1.691815,30.635884,0.651795,10.558165
2702,90.066667,1,552.74539,361.449916,450.929317,366.614918,501.837354,364.032417,2.978466,-10.622308,-1.706003,22.45804,0.636232,5.917866
2703,90.1,1,551.892185,358.837595,449.047527,365.143248,500.469856,361.990422,3.073927,-2.213846,-1.737709,26.640781,0.668109,12.213468
2704,90.133333,1,554.810476,356.708055,447.805376,362.729008,501.307926,359.718532,3.166953,0.725028,-1.828201,7.537988,0.669376,4.131508
2705,90.166667,1,554.025354,355.090243,446.989021,360.606469,500.507188,357.848356,3.143366,2.97714,-1.892008,4.672475,0.625679,3.824807
2706,90.2,1,556.810055,353.405317,446.219606,359.225695,501.514831,356.315506,3.148633,2.367963,-1.924018,3.646476,0.612308,3.007219
2707,90.233333,1,556.283522,353.009037,446.943836,358.145499,501.613679,355.577268,3.094091,2.35422,-1.915032,3.416835,0.58953,2.885528
2708,90.266667,1,554.052124,355.84396,448.148746,361.782725,501.100435,358.813342,3.150996,1.82285,-1.847056,4.56243,0.65197,3.19264
2709,90.3,1,552.814913,362.409101,451.590424,367.648399,502.202668,365.02875,2.981455,-13.426135,-1.662576,20.450882,0.659439,3.512373
2710,90.333333,1,552.828417,362.738621,451.489954,367.838193,502.159185,365.288407,2.964808,-12.271774,-1.657251,25.76528,0.653778,6.746753
2711,90.366667,1,552.284975,360.534344,453.44964,365.943925,502.867308,363.239135,3.044906,-6.423866,-1.6226,31.621012,0.711153,12.598573
2712,90.4,1,552.687778,360.034096,454.046459,366.029198,503.367119,363.031647,3.068088,-5.659333,-1.626113,29.787159,0.720988,12.063913
2713,90.433333,1,553.154297,363.792998,452.901974,367.536932,503.028135,365.664965,3.023068,-18.653276,-1.678157,15.436844,0.672455,-1.608216
2714,90.466667,1,552.135077,362.744308,452.691593,367.470639,502.413335,365.107473,3.041786,-15.829955,-1.704135,24.630018,0.668825,4.400031
2715,90.5,1,552.228899,362.422276,450.239429,367.81203,501.234164,365.117153,3.057647,-19.204212,-1.738604,42.551777,0.659521,11.673783
2716,90.533333,1,552.927275,361.622785,449.454632,367.259302,501.190953,364.441043,3.044681,-12.904295,-1.758737,27.045843,0.642972,7.070774
2717,90.566667,1,552.024717,359.156708,450.542526,365.333776,501.283622,362.245242,3.00273,-6.688651,-1.733978,45.744412,0.634376,19.527881
2718,90.6,1,555.863028,357.263138,450.26432,363.574408,503.063674,360.418773,3.187302,-0.175719,-1.814853,12.474358,0.686224,6.14932
2719,90.633333,1,555.603294,355.795943,449.311218,360.850813,502.457256,358.323378,3.10105,2.347513,-1.91976,5.894088,0.590645,4.1208
2720,90.666667,1,556.341591,356.225402,448.500805,360.181924,502.421198,358.203663,3.160711,4.003972,-1.916215,6.915096,0.622248,5.459534
2721,90.7,1,556.05855,357.370164,449.573078,362.958852,502.815814,360.164508,3.160529,1.474026,-1.834909,13.330319,0.66281,7.402172
2722,90.733333,1,553.334713,362.660891,453.023815,368.077129,503.179264,365.36901,2.972303,-13.333738,-1.691156,24.912312,0.640574,5.789287
2723,90.766667,1,553.018665,361.265337,454.897251,366.355548,503.957958,363.810443,2.991929,-10.516647,-1.643039,25.866915,0.674445,7.675134
2724,90.8,1,556.550093,358.737575,450.456305,365.248488,503.503199,361.993032,3.191295,-0.288266,-1.805209,15.566414,0.693043,7.639074
2725,90.833333,1,558.587952,357.694759,450.026932,362.588729,504.307442,360.141744,3.209532,0.909624,-1.866173,6.000366,0.671679,3.454995
2726,90.866667,1,558.896818,357.131855,451.018982,360.769451,504.9579,358.950653,3.171396,2.802406,-1.870182,4.633528,0.650607,3.717967
2727,90.9,1,559.198484,356.388094,450.963802,359.670072,505.081143,358.029083,3.156475,2.95766,-1.897761,4.369995,0.629357,3.663827
2728,90.933333,1,559.992733,356.253126,450.635071,359.257135,505.313902,357.755131,3.18106,3.476613,-1.926322,4.399686,0.627369,3.93815
2729,90.966667,1,560.253115,356.348033,450.867434,359.021997,505.560274,357.685015,3.160477,3.772799,-1.924323,4.167836,0.618077,3.970317
2730,91.0,1,560.394697,356.201815,451.355896,358.912402,505.875297,357.557108,3.123101,3.381398,-1.952267,4.002551,0.585417,3.691974
2731,91.033333,1,561.964102,356.449635,451.736727,358.955902,506.850414,357.702768,3.124655,3.671468,-1.966514,3.788891,0.57907,3.73018
2732,91.066667,1,562.646713,356.974538,452.401152,359.179636,507.523932,358.077087,3.168344,4.432556,-1.949145,3.651106,0.6096,4.041831
2733,91.1,1,562.699785,357.188846,452.557411,359.318799,507.628598,358.253823,3.133859,4.827652,-1.947644,4.001296,0.593108,4.414474
2734,91.133333,1,563.141937,357.568095,452.838469,359.598398,507.990203,358.583246,3.140652,5.030224,-1.975266,4.632854,0.582693,4.831539
2735,91.166667,1,563.745556,357.87664,452.273912,359.986793,508.009734,358.931716,3.113603,4.827895,-2.00546,5.164692,0.554072,4.996293
2736,91.2,1,563.721876,357.914861,452.512808,360.001792,508.117342,358.958327,3.11183,4.498298,-1.994694,4.924854,0.558568,4.711576
2737,91.233333,1,564.413443,358.11092,452.185068,360.187175,508.299255,359.149048,3.122473,4.655651,-2.016707,4.867858,0.552883,4.761754
2738,91.266667,1,564.265718,358.398051,451.935005,360.333243,508.100362,359.365647,3.154783,4.72739,-2.008138,4.160777,0.573323,4.444083
2739,91.3,1,564.292679,358.294775,452.115231,359.979401,508.203955,359.137088,3.0745,3.601894,-1.972138,3.453493,0.551181,3.527694
2740,91.333333,1,563.950539,358.608239,452.204866,360.145258,508.077703,359.376749,3.052413,3.155399,-1.967957,3.164539,0.542228,3.159969
2741,91.366667,1,564.387045,358.434142,452.866678,359.906192,508.626862,359.170167,3.039317,3.047111,-1.910045,2.605162,0.564636,2.826137
2742,91.4,1,564.230995,358.398689,453.178482,359.731629,508.704739,359.065159,3.009928,2.581733,-1.890358,2.039931,0.559785,2.310832
2743,91.433333,1,563.66292,358.78629,453.158875,359.414742,508.410897,359.100516,2.996864,2.48857,-1.864813,1.731845,0.566025,2.110207
2744,91.466667,1,562.933741,358.816915,452.871408,359.679165,507.902575,359.24804,2.978484,2.326695,-1.851145,1.687663,0.563669,2.007179
2745,91.5,1,562.895813,358.813316,452.448101,359.607518,507.671957,359.210417,2.964186,2.232481,-1.859765,1.715701,0.552211,1.974091
2746,91.533333,1,562.830925,358.867464,452.394094,359.60586,507.61251,359.236662,2.958492,2.110775,-1.859909,1.6418,0.549291,1.876288
2747,91.566667,1,562.706499,358.677424,452.245808,359.958115,507.476153,359.317769,2.986575,2.137104,-1.860928,1.688917,0.562824,1.913011
2748,91.6,1,562.801704,358.61134,451.836882,360.007752,507.319293,359.309546,2.9821,2.129853,-1.869509,1.809737,0.556296,1.969795
2749,91.633333,1,562.578945,358.627728,451.830702,360.174676,507.204823,359.401202,2.979493,2.171276,-1.876325,1.691295,0.551584,1.931285
2750,91.666667,1,562.642555,358.544735,451.791363,360.118178,507.216959,359.331457,2.977126,2.152458,-1.882738,1.775376,0.547194,1.963917
2751,91.7,1,562.397041,358.855619,452.009611,360.159613,507.203326,359.507616,3.007182,2.423254,-1.855163,1.698174,0.576009,2.060714
2752,91.733333,1,562.257614,359.13487,451.277933,360.621645,506.767774,359.878257,3.012628,2.460591,-1.871149,1.694467,0.570739,2.077529
2753,91.766667,1,562.357111,359.27553,451.293621,360.431535,506.825366,359.853533,3.016645,2.470757,-1.865235,1.665331,0.575705,2.068044
2754,91.8,1,562.174749,359.355519,451.170359,360.621951,506.672554,359.988735,3.021099,2.397938,-1.867207,1.649639,0.576946,2.023788
2755,91.833333,1,562.173223,359.390264,451.242571,360.633205,506.707897,360.011735,3.023328,2.468415,-1.86555,1.687178,0.578889,2.077796
2756,91.866667,1,561.90258,359.404625,450.925035,360.894216,506.413808,360.14942,3.02324,2.503847,-1.880108,1.719322,0.571566,2.111584
2757,91.9,1,561.707239,359.520684,450.801058,360.935377,506.254148,360.228031,3.020694,2.477986,-1.877578,1.702969,0.571558,2.090477
2758,91.933333,1,561.670303,359.535667,450.766821,360.998951,506.218562,360.267309,3.018616,2.512568,-1.876247,1.696869,0.571185,2.104718
2759,91.966667,1,561.720457,359.501678,450.640965,361.289354,506.180711,360.395516,3.014109,2.396187,-1.880899,1.745402,0.566605,2.070795
2760,92.0,1,561.779308,359.551851,450.715456,361.175221,506.247382,360.363536,3.033434,2.378989,-1.879228,1.80859,0.577103,2.093789
2761,92.033333,1,561.754255,359.569446,450.786495,361.048116,506.270375,360.308781,3.030804,2.388443,-1.87587,1.799209,0.577467,2.093826
2762,92.066667,1,561.640501,359.645573,450.801659,361.074927,506.22108,360.36025,3.027562,2.41247,-1.873298,1.752586,0.577132,2.082528
2763,92.1,1,561.589127,359.650975,450.856361,361.137112,506.222744,360.394043,3.033725,2.445968,-1.871971,1.679813,0.580877,2.062891
2764,92.133333,1,561.681585,359.803314,451.016903,361.166042,506.349244,360.484678,3.036575,2.355366,-1.859496,1.613019,0.58854,1.984193
2765,92.166667,1,561.692038,359.920043,450.917253,361.184437,506.304646,360.55224,3.030738,2.288454,-1.855443,1.563851,0.587647,1.926152
2766,92.2,1,561.693621,359.963302,451.03425,361.12973,506.363935,360.546516,3.016029,2.304303,-1.858293,1.599997,0.578868,1.95215
2767,92.233333,1,561.748962,359.990221,450.916862,361.160023,506.332912,360.575122,3.007965,2.285544,-1.861193,1.568112,0.573386,1.926828
2768,92.266667,1,561.901922,360.006802,451.395416,360.998737,506.648669,360.502769,2.987979,2.230479,-1.85573,1.562775,0.566125,1.896627
2769,92.3,1,561.817665,360.104343,451.285458,360.983437,506.551561,360.54389,2.991244,2.434124,-1.857234,1.553923,0.567005,1.994024
2770,92.333333,1,561.890259,360.05285,451.340714,360.946541,506.615486,360.499696,2.990789,2.401747,-1.852123,1.622881,0.569333,2.012314
2771,92.366667,1,562.209616,359.944639,451.428814,360.995792,506.819215,360.470215,3.006137,2.326162,-1.853516,1.662952,0.57631,1.994557
2772,92.4,1,563.34856,359.988247,451.519117,361.122333,507.433839,360.55529,3.013293,2.401042,-1.879815,1.996872,0.566739,2.198957
2773,92.433333,1,564.302282,360.225987,452.484236,361.070234,508.393259,360.64811,3.029799,2.565073,-1.884374,2.020277,0.572712,2.292675
2774,92.466667,1,565.214128,360.179762,453.121166,360.803799,509.167647,360.49178,3.027831,2.85037,-1.8838,2.117861,0.572015,2.484116
2775,92.5,1,565.975351,360.433177,453.594074,360.914456,509.784713,360.673817,2.984742,2.626181,-1.89155,2.174691,0.546596,2.400436
2776,92.533333,1,566.373062,360.589839,454.012508,360.530874,510.192785,360.560356,3.002424,2.678785,-1.886656,2.007135,0.557884,2.34296
2777,92.566667,1,566.765137,360.552288,454.364557,360.615106,510.564847,360.583697,2.987387,2.462831,-1.903845,1.982348,0.541771,2.22259
2778,92.6,1,566.789961,360.498006,454.561653,360.514061,510.675807,360.506034,2.979922,2.387835,-1.91293,1.971836,0.533496,2.179835
2779,92.633333,1,566.850023,360.453422,454.56996,360.462488,510.709991,360.457955,2.977195,2.546486,-1.909698,2.004621,0.533749,2.275553
2780,92.666667,1,566.640787,360.667918,454.665165,360.601019,510.652976,360.634468,2.983509,2.672697,-1.911286,2.031994,0.536112,2.352346
2781,92.7,1,566.53163,360.819785,454.599438,360.715393,510.565534,360.767589,2.992086,2.701697,-1.911371,2.051993,0.540358,2.376845
2782,92.733333,1,566.353588,360.863553,454.280472,360.981967,510.31703,360.92276,2.982436,2.601406,-1.925201,2.060804,0.528617,2.331105
2783,92.766667,1,566.132689,360.982,454.029589,361.155061,510.081139,361.06853,2.986256,2.495025,-1.915817,2.028821,0.535219,2.261923
2784,92.8,1,565.84959,360.989542,453.880854,361.157513,509.865222,361.073527,2.983736,2.593239,-1.910596,1.996527,0.53657,2.294883
2785,92.833333,1,565.560017,361.057901,453.411274,361.440722,509.485645,361.249311,2.973676,2.493946,-1.909479,2.025281,0.532099,2.259614
2786,92.866667,1,565.212202,361.00408,453.254519,361.305619,509.23336,361.154849,2.983399,2.56791,-1.909509,2.010567,0.536945,2.289239
2787,92.9,1,564.99486,360.959222,453.290615,361.204762,509.142737,361.081992,2.984018,2.543428,-1.89351,1.968628,0.545254,2.256028
2788,92.933333,1,564.573059,360.930442,453.175478,361.328643,508.874269,361.129543,2.987303,2.503532,-1.891451,2.014868,0.547926,2.2592
2789,92.966667,1,564.541168,360.810531,453.11985,361.526354,508.830509,361.168443,3.000156,2.505286,-1.885484,2.002375,0.557336,2.253831
2790,93.0,1,564.318333,360.704622,452.642183,361.326149,508.480258,361.015385,2.989428,2.673339,-1.894796,2.029082,0.547316,2.35121
2791,93.033333,1,564.055309,360.651369,453.166809,361.428373,508.611059,361.039871,2.999194,2.615079,-1.880081,1.980632,0.559557,2.297855
2792,93.066667,1,564.522562,360.727463,452.287149,361.413492,508.404856,361.070478,3.014372,2.977361,-1.906518,2.115321,0.553927,2.546341
2793,93.1,1,564.574718,360.75258,452.659082,361.470548,508.6169,361.111564,3.025197,2.984166,-1.897764,2.117994,0.563716,2.55108
2794,93.133333,1,564.556417,360.695239,452.22559,361.473155,508.391004,361.084197,3.018993,2.991346,-1.905149,2.156016,0.556922,2.573681
2795,93.166667,1,564.522486,360.763174,452.216215,361.492741,508.36935,361.127957,3.017259,2.937263,-1.908349,2.197872,0.554455,2.567567
2796,93.2,1,564.587831,360.678889,452.131138,361.645562,508.359485,361.162225,3.041481,3.170544,-1.9174,2.152914,0.56204,2.661729
2797,93.233333,1,564.590635,360.591325,452.360888,361.503196,508.475761,361.04726,3.034642,3.256326,-1.925592,2.211197,0.554525,2.733761
2798,93.266667,1,563.283873,363.309326,453.687506,364.360494,508.485689,363.83491,3.069893,5.723777,-1.926302,4.773143,0.571795,5.24846
2799,93.3,1,561.390924,368.07081,454.713097,369.19001,508.052011,368.63041,2.944569,12.83817,-1.786791,33.436843,0.578889,23.137506
2800,93.333333,1,563.23431,366.695137,454.992247,368.057238,509.113278,367.376187,2.966084,5.495822,-1.847703,31.280514,0.559191,18.388168
2801,93.366667,1,563.740206,364.51198,454.372921,367.061462,509.056563,365.786721,3.066437,4.888582,-1.90739,5.27114,0.579523,5.079861
2802,93.4,1,564.849901,364.022241,454.105434,365.941029,509.477668,364.981635,3.108699,6.353235,-1.918001,6.235897,0.595349,6.294566
2803,93.433333,1,564.796705,363.435009,453.120222,365.319014,508.958464,364.377011,3.108187,5.43676,-1.94224,7.508842,0.582973,6.472801
2804,93.466667,1,565.19125,362.385535,452.400007,364.68068,508.795629,363.533108,3.153661,5.166528,-1.971507,4.794629,0.591077,4.980579
2805,93.5,1,564.818954,361.970083,452.07428,364.572823,508.446617,363.271453,3.140508,5.277339,-1.998493,4.627995,0.571007,4.952667
2806,93.533333,1,564.879541,361.638615,452.38863,364.432538,508.634086,363.035577,3.143612,5.073508,-2.002065,4.753014,0.570774,4.913261
2807,93.566667,1,564.692469,361.416968,452.065563,364.366427,508.379016,362.891698,3.139354,5.042851,-2.006429,4.564833,0.566462,4.803842
2808,93.6,1,564.293795,361.261743,452.048874,364.137243,508.171334,362.699493,3.133171,5.118228,-2.006176,4.367367,0.563498,4.742798
2809,93.633333,1,564.434547,361.224536,451.984787,364.160664,508.209667,362.6926,3.129382,5.047281,-2.015875,4.47326,0.556753,4.760271
2810,93.666667,1,564.410019,361.159626,451.807737,364.023485,508.108878,362.591556,3.138673,4.977832,-2.01981,4.222861,0.559432,4.600346
2811,93.7,1,564.264479,361.117172,451.446552,364.214013,507.855515,362.665593,3.134102,4.893731,-2.027932,4.260221,0.553085,4.576976
2812,93.733333,1,564.733715,361.048953,451.305466,364.195302,508.01959,362.622128,3.136871,5.059777,-2.030025,4.519575,0.553423,4.789676
2813,93.766667,1,564.739914,361.082266,451.378183,364.247825,508.059049,362.665046,3.144654,5.188424,-2.032646,4.448586,0.556004,4.818505
2814,93.8,1,564.89809,361.052086,451.519966,364.263763,508.209028,362.657924,3.146912,5.498599,-2.026672,4.544882,0.56012,5.021741
2815,93.833333,1,565.05024,361.314272,451.192389,364.353231,508.121314,362.833751,3.136594,5.373415,-2.0357,4.481027,0.550447,4.927221
2816,93.866667,1,565.194073,361.404153,451.77968,364.28514,508.486876,362.844646,3.132931,5.538265,-2.026061,4.377024,0.553435,4.957645
2817,93.9,1,565.119629,361.398863,451.494646,364.65257,508.307137,363.025717,3.142029,5.48084,-2.030215,4.434732,0.555907,4.957786
2818,93.933333,1,564.939375,361.460044,451.414213,364.802045,508.176794,363.131045,3.131546,5.401099,-2.032017,4.420412,0.549764,4.910755
2819,93.966667,1,564.840431,361.594638,451.411657,364.962789,508.126044,363.278714,3.130393,5.348201,-2.035754,4.675605,0.547319,5.011903
2820,94.0,1,564.802036,361.705059,451.534824,364.946299,508.16843,363.325679,3.119097,5.617217,-2.063405,5.048694,0.527846,5.332955
2821,94.033333,1,564.248447,361.708031,451.478405,364.926993,507.863426,363.317512,3.108768,5.889023,-2.071038,5.041642,0.518865,5.465333
2822,94.066667,1,563.146095,362.195334,451.48612,364.94219,507.316108,363.568762,3.075887,6.725822,-2.054491,5.51621,0.510698,6.121016
2823,94.1,1,562.942667,362.119299,451.685162,364.983233,507.313914,363.551266,3.067122,6.714388,-2.067176,5.429188,0.499973,6.071788
2824,94.133333,1,563.682556,362.103962,451.08572,365.109973,507.384138,363.606968,3.101365,6.402815,-2.081262,6.193016,0.510052,6.297916
2825,94.166667,1,563.678026,362.028673,451.332169,365.0941,507.505097,363.561386,3.108032,6.70256,-2.074265,7.089512,0.516883,6.896036
2826,94.2,1,563.14539,361.887267,451.277828,365.104839,507.211609,363.496053,3.094342,6.365332,-2.076517,6.569345,0.508913,6.467338
2827,94.233333,1,563.025837,361.839829,451.267071,365.135277,507.146454,363.487553,3.08338,6.998212,-2.073062,6.532572,0.505159,6.765392
2828,94.266667,1,563.198376,361.798228,451.193914,365.246846,507.196145,363.522537,3.0968,6.085277,-2.079702,6.009518,0.508549,6.047398
2829,94.3,1,563.697042,361.68285,451.572371,365.127654,507.634706,363.405252,3.098003,6.532053,-2.071122,6.033382,0.513441,6.282717
2830,94.333333,1,563.672276,361.5631,451.245937,365.318375,507.459106,363.440738,3.114072,6.164082,-2.077101,5.933751,0.518486,6.048916
2831,94.366667,1,563.966341,361.341507,451.469469,365.184603,507.717905,363.263055,3.110667,6.24289,-2.080253,6.022193,0.515207,6.132542
2832,94.4,1,564.941797,361.229181,451.611748,364.861686,508.276772,363.045434,3.111341,5.403267,-2.067051,5.192204,0.522145,5.297736
2833,94.433333,1,565.652504,361.013333,452.135296,364.503037,508.8939,362.758185,3.124641,4.258242,-2.03897,4.424341,0.542835,4.341291
2834,94.466667,1,565.936451,360.99054,451.829948,364.350446,508.8832,362.670493,3.108466,3.988384,-2.037029,4.255564,0.535719,4.121974
2835,94.5,1,566.172209,361.130776,451.495886,364.411622,508.834047,362.771199,3.113452,3.898811,-2.029532,3.775257,0.54196,3.837034
2836,94.533333,1,566.188097,361.141849,452.18523,364.030738,509.186664,362.586293,3.098566,3.719632,-2.009348,3.484636,0.544609,3.602134
2837,94.566667,1,566.336241,361.073688,452.382336,364.097627,509.359288,362.585658,3.089602,3.972206,-2.002507,3.445935,0.543548,3.70907
2838,94.6,1,566.338406,361.136538,452.555113,363.940938,509.446759,362.538738,3.095331,4.047864,-1.985946,3.299458,0.554693,3.673661
2839,94.633333,1,566.548128,361.156493,452.641287,364.030282,509.594707,362.593388,3.083925,4.005451,-1.9818,3.104622,0.551063,3.555036
2840,94.666667,1,566.515837,361.276399,452.740812,363.706158,509.628325,362.491279,3.080291,3.572888,-1.965073,3.015142,0.557609,3.294015
2841,94.7,1,566.60202,361.262081,453.015137,363.529256,509.808578,362.395669,3.075516,3.406593,-1.964167,2.933196,0.555674,3.169894
2842,94.733333,1,566.563272,361.320822,453.248205,363.485182,509.905739,362.403002,3.080557,3.477958,-1.953055,3.044068,0.563751,3.261013
2843,94.766667,1,566.638985,361.324185,453.161087,363.460103,509.900036,362.392144,3.090124,3.569349,-1.952669,2.91707,0.568727,3.243209
2844,94.8,1,566.558228,361.227191,453.176975,363.362235,509.867601,362.294713,3.071529,3.11631,-1.94563,2.748572,0.562949,2.932441
2845,94.833333,1,566.518278,361.17617,453.355865,363.17095,509.937072,362.17356,3.072396,3.063317,-1.942947,2.690677,0.564725,2.876997
2846,94.866667,1,566.290846,361.17727,453.508663,362.952538,509.899755,362.064904,3.072562,3.080819,-1.930094,2.517269,0.571234,2.799044
2847,94.9,1,566.206312,361.101143,453.351412,362.813584,509.778862,361.957363,3.082357,3.121413,-1.935261,2.482251,0.573548,2.801832
2848,94.933333,1,566.197357,360.949835,453.077097,362.91636,509.637227,361.933098,3.087631,3.061111,-1.940356,2.554013,0.573637,2.807562
2849,94.966667,1,566.234169,360.901136,453.180065,362.668669,509.707117,361.784903,3.104414,3.220284,-1.919881,2.539644,0.592266,2.879964
2850,95.0,1,566.269674,360.78137,453.254471,362.678599,509.762073,361.729985,3.084093,3.228044,-1.92733,2.446402,0.578382,2.837223
2851,95.033333,1,566.383781,360.794266,453.268194,362.655231,509.825988,361.724749,3.07176,3.156575,-1.936198,2.367157,0.567781,2.761866
2852,95.066667,1,566.501245,360.792121,453.267641,362.620298,509.884443,361.706209,3.060521,3.02123,-1.942936,2.439483,0.558792,2.730357
2853,95.1,1,566.573191,360.803595,453.522997,362.479155,510.048094,361.641375,3.056943,3.066742,-1.931446,2.404012,0.562749,2.735377
2854,95.133333,1,566.633282,360.906259,453.502331,362.597526,510.067806,361.751893,3.055107,3.116453,-1.941152,2.358071,0.556978,2.737262
2855,95.166667,1,566.75518,360.888788,453.581982,362.437012,510.168581,361.6629,3.070791,3.018538,-1.936846,2.452331,0.566973,2.735435
2856,95.2,1,566.769218,360.865484,453.792601,362.415329,510.28091,361.640407,3.059737,3.048333,-1.933917,2.498114,0.56291,2.773223
2857,95.233333,1,566.7768,360.957677,453.638296,362.477733,510.207548,361.717705,3.058917,3.226402,-1.936663,2.406197,0.561127,2.8163
2858,95.266667,1,566.791487,361.082926,453.71398,362.445477,510.252733,361.764202,3.05473,3.2544,-1.94402,2.406105,0.555355,2.830253
2859,95.3,1,566.725512,361.060588,453.825941,362.495409,510.275726,361.777999,3.068268,3.203358,-1.939355,2.515189,0.564457,2.859274
2860,95.333333,1,566.473122,365.010265,457.847176,366.910583,512.160149,365.960424,3.044413,5.895327,-1.866227,4.061549,0.589093,4.978438
2861,95.366667,1,563.602009,368.923978,456.589127,371.510786,510.095568,370.217382,2.892926,-26.553928,-1.81039,30.616447,0.541268,2.031259
2862,95.4,1,565.079193,366.016924,456.675739,369.383054,510.877466,367.699989,2.96955,-1.259991,-1.878732,8.285201,0.545409,3.512605
2863,95.433333,1,566.097422,364.720838,455.907507,367.087641,511.002464,365.904239,3.06533,2.999902,-1.922518,6.008046,0.571406,4.503974
2864,95.466667,1,565.865669,363.130513,455.066957,365.978681,510.466313,364.554597,3.095679,4.565069,-1.945455,4.766961,0.575112,4.666015
2865,95.5,1,567.273254,362.735547,453.81094,365.538182,510.542097,364.136865,3.111488,3.818909,-1.991566,4.307863,0.559961,4.063386
2866,95.533333,1,567.000637,362.069018,453.850918,365.237689,510.425777,363.653354,3.059312,3.543265,-2.032506,4.648692,0.513403,4.095978
2867,95.566667,1,566.923265,361.957777,453.744717,365.174523,510.333991,363.56615,3.091306,3.640701,-2.021514,4.824826,0.534896,4.232763
2868,95.6,1,567.394972,361.74843,454.158535,364.740252,510.776753,363.244341,3.079748,3.924758,-2.033807,4.727021,0.522971,4.32589
2869,95.633333,1,567.475386,361.751466,454.690428,364.752504,511.082907,363.251985,3.067994,3.561794,-2.039163,4.619537,0.514416,4.090665
2870,95.666667,1,568.122311,361.482162,454.559937,364.331843,511.341124,362.907002,3.080877,3.527801,-2.033061,4.387365,0.523908,3.957583
2871,95.7,1,568.131914,361.538815,454.2484,364.083878,511.190157,362.811347,3.091708,3.708849,-2.036293,4.351508,0.527707,4.030179
2872,95.733333,1,568.398485,361.358909,454.440022,364.048124,511.419253,362.703516,3.103255,3.762898,-2.027398,4.414563,0.537928,4.08873
2873,95.766667,1,568.697014,361.323402,453.962412,364.2189,511.329713,362.771151,3.103848,3.887373,-2.039691,4.395081,0.532078,4.141227
2874,95.8,1,568.796902,361.473659,454.391394,364.19122,511.594148,362.83244,3.092393,3.456016,-2.018939,4.146445,0.536727,3.801231
2875,95.833333,1,568.704214,361.742878,454.070482,364.110292,511.387348,362.926585,3.097616,3.638008,-2.039372,3.999791,0.529122,3.8189
2876,95.866667,1,568.655615,361.618681,454.04994,364.126047,511.352777,362.872364,3.08481,3.534928,-2.0229,3.595537,0.530955,3.565233
2877,95.9,1,568.740377,361.630386,454.115982,364.074689,511.42818,362.852537,3.075778,3.268701,-2.024307,3.416306,0.525736,3.342503
2878,95.933333,1,568.69132,361.625483,454.345789,364.081292,511.518555,362.853388,3.064192,3.322148,-2.006284,3.263136,0.528954,3.292642
2879,95.966667,1,568.61804,361.545569,454.203701,364.087365,511.410871,362.816467,3.058683,3.517282,-1.998283,3.147246,0.5302,3.332264
2880,96.0,1,568.936615,361.636936,454.349041,364.041172,511.642828,362.839054,3.056665,3.557775,-1.98753,3.077233,0.534568,3.317504
2881,96.033333,1,569.232159,361.967406,454.838753,364.021865,512.035456,362.994635,3.055259,3.465556,-1.981269,3.019786,0.536995,3.242671
2882,96.066667,1,569.405088,362.026082,455.120554,364.01973,512.262821,363.022906,3.048808,3.463281,-1.983641,2.96731,0.532583,3.215295
2883,96.1,1,569.629278,362.089055,455.141382,364.134507,512.38533,363.111781,3.055281,3.329764,-1.990245,3.073497,0.532518,3.201631
2884,96.133333,1,569.698019,362.176838,455.179958,363.870358,512.438989,363.023598,3.058616,3.350568,-1.980082,2.943875,0.539267,3.147222
2885,96.166667,1,569.654665,362.250867,454.957037,364.040555,512.305851,363.145711,3.056708,3.35593,-1.984325,2.887016,0.536192,3.121473
2886,96.2,1,569.677858,362.240825,455.291834,364.132705,512.484846,363.186765,3.051155,3.181377,-1.991096,2.886576,0.53003,3.033976
2887,96.233333,1,569.740801,362.41048,455.170889,364.197802,512.455845,363.304141,3.055431,3.276077,-1.991751,2.781715,0.53184,3.028896
2888,96.266667,1,569.609642,362.435027,455.210123,364.164478,512.409883,363.299753,3.048788,3.06587,-1.99759,2.770407,0.525599,2.918138
2889,96.3,1,569.52075,362.518197,455.283251,364.192062,512.402,363.35513,3.03553,3.043569,-1.980509,2.829713,0.52751,2.936641
2890,96.333333,1,569.478369,362.530943,455.318937,364.154597,512.398653,363.34277,3.033884,3.023892,-1.983373,2.782671,0.525256,2.903282
2891,96.366667,1,569.302855,362.631687,455.273933,364.139196,512.288394,363.385441,3.033884,3.058811,-1.979092,2.713206,0.527396,2.886009
2892,96.4,1,569.235802,362.603465,455.258636,364.138702,512.247219,363.371083,3.028582,2.971544,-1.976649,2.647226,0.525966,2.809385
2893,96.433333,1,569.267101,362.587382,455.194998,364.099896,512.23105,363.343639,3.025484,2.945833,-1.983075,2.61423,0.521204,2.780031
2894,96.466667,1,569.280167,362.703377,455.221758,364.16399,512.250962,363.433684,3.024279,3.001207,-1.979796,2.589696,0.522242,2.795452
2895,96.5,1,569.31879,362.675573,455.010509,364.058365,512.16465,363.366969,3.020012,3.022248,-1.981777,2.557776,0.519118,2.790012
2896,96.533333,1,569.236498,362.613212,455.00824,364.076405,512.122369,363.344809,3.025832,3.028429,-1.981206,2.562821,0.522313,2.795625
2897,96.566667,1,569.186211,362.404439,455.051565,364.071009,512.118888,363.237724,3.022127,3.026999,-1.980595,2.587355,0.520766,2.807177
2898,96.6,1,569.263372,362.336301,454.95739,364.057345,512.110381,363.196823,3.016729,3.0991,-1.976323,2.733648,0.520203,2.916374
2899,96.633333,1,569.150524,362.245637,454.954119,364.130232,512.052321,363.187934,3.013159,3.037409,-1.971957,2.729993,0.520601,2.883701
2900,96.666667,1,569.369793,362.329499,455.158625,364.067371,512.264209,363.198435,3.024816,3.12379,-1.970539,2.785382,0.527139,2.954586
2901,96.7,1,569.475746,362.371566,455.822229,363.700612,512.648988,363.036089,3.020329,3.24224,-1.959295,2.671194,0.530517,2.956717
2902,96.733333,1,569.479704,362.388389,455.241852,363.672845,512.360778,363.030617,3.01441,3.200955,-1.97431,2.707986,0.52005,2.954471
2903,96.766667,1,569.613905,362.434405,455.268545,363.644065,512.441225,363.039235,3.010991,3.258494,-1.97643,2.788391,0.51728,3.023442
2904,96.8,1,569.803019,362.438847,455.715342,363.478492,512.75918,362.95867,3.023897,3.331779,-1.983017,2.730107,0.52044,3.030943
2905,96.833333,1,569.998474,362.470878,455.722733,363.448511,512.860603,362.959694,3.024458,3.142682,-1.992882,2.779654,0.515788,2.961168
2906,96.866667,1,570.12044,362.415281,455.95356,363.497681,513.037,362.956481,3.027978,3.11805,-1.986999,2.845764,0.52049,2.981907
2907,96.9,1,570.142994,362.462268,456.118069,363.503743,513.130531,362.983005,3.03729,3.252029,-1.979012,2.794723,0.529139,3.023376
2908,96.933333,1,570.215788,362.410217,455.847225,363.536863,513.031507,362.97354,3.027539,3.173164,-1.990203,2.787803,0.518668,2.980483
2909,96.966667,1,570.200214,362.405282,455.984173,363.573378,513.092194,362.98933,3.023658,3.29835,-1.985983,2.787295,0.518838,3.042822
2910,97.0,1,570.253477,362.280575,455.902338,363.631598,513.077908,362.956087,3.026083,3.203548,-1.993194,2.875028,0.516444,3.039288
2911,97.033333,1,570.134192,362.19821,455.698757,363.589675,512.916474,362.893943,3.032225,3.123386,-1.982712,2.852694,0.524757,2.98804
2912,97.066667,1,570.170193,362.21514,455.768843,363.612431,512.969518,362.913786,3.029077,3.144058,-1.983432,2.849561,0.522823,2.99681
2913,97.1,1,570.15646,362.404928,455.662374,363.720471,512.909417,363.062699,3.017938,3.050563,-1.981936,2.683558,0.518001,2.867061
2914,97.133333,1,570.174408,362.377499,455.459452,363.646463,512.81693,363.011981,3.021394,3.161597,-1.988547,2.767635,0.516423,2.964616
2915,97.166667,1,570.21287,362.376931,455.441828,363.605136,512.827349,362.991033,3.025787,3.155699,-1.989339,2.746291,0.518224,2.950995
2916,97.2,1,570.255089,362.365344,455.716257,363.588887,512.985673,362.977115,3.026408,3.154293,-1.984674,2.842142,0.520867,2.998217
2917,97.233333,1,570.309362,362.448733,455.959368,363.653877,513.134365,363.051305,3.020436,3.108336,-1.993807,2.767083,0.513314,2.93771
2918,97.266667,1,570.281496,362.423322,455.98177,363.690269,513.131633,363.056796,3.020496,3.025167,-1.983972,2.811764,0.518262,2.918466
2919,97.3,1,570.315962,362.547589,455.913057,363.756262,513.11451,363.151926,3.022448,3.015844,-1.99093,2.788936,0.515759,2.90239
2920,97.333333,1,570.307617,362.615283,455.95644,363.874746,513.132029,363.245014,3.024721,3.008015,-1.98323,2.798268,0.520745,2.903142
2921,97.366667,1,570.422287,362.607408,455.845261,363.941334,513.133774,363.274371,3.018741,2.983832,-1.984983,2.795052,0.516879,2.889442
2922,97.4,1,570.48399,362.714723,456.22612,363.840333,513.355055,363.277528,3.020456,2.928928,-1.98574,2.829263,0.517358,2.879096
2923,97.433333,1,570.690737,362.808691,456.315641,363.976171,513.503189,363.392431,3.019441,2.857507,-1.989383,2.788808,0.515029,2.823157
2924,97.466667,1,570.896425,362.838485,456.378126,364.067634,513.637276,363.45306,3.031636,2.829196,-2.001834,2.952553,0.514901,2.890875
2925,97.5,1,570.947838,362.893615,456.188364,364.046053,513.568101,363.469834,3.010779,2.889176,-2.003296,2.928662,0.503741,2.908919
2926,97.533333,1,571.324272,362.907203,456.576405,364.033474,513.950338,363.470339,3.016699,2.947369,-1.993882,2.990078,0.511409,2.968724
2927,97.566667,1,571.554613,363.113734,456.273336,364.17267,513.913975,363.643202,3.017056,2.918619,-2.021638,3.068268,0.497709,2.993443
2928,97.6,1,571.71073,363.209805,456.543007,364.356219,514.126868,363.783012,2.995224,2.681344,-2.022854,3.038592,0.486185,2.859968
2929,97.633333,1,571.781178,363.245966,456.789188,364.440601,514.285183,363.843284,2.992534,2.697099,-2.035725,3.101839,0.478405,2.899469
2930,97.666667,1,571.750259,363.26714,456.662683,364.320545,514.206471,363.793842,2.994088,2.701034,-2.033439,3.088432,0.480325,2.894733
2931,97.7,1,571.903744,363.318129,456.800308,364.346659,514.352026,363.832394,2.981232,2.751492,-2.047596,3.079332,0.466818,2.915412
2932,97.733333,1,571.894484,363.521311,457.023001,364.124733,514.458742,363.823022,2.978854,2.677424,-2.039278,2.917167,0.469788,2.797296
2933,97.766667,1,571.970758,363.52954,457.363739,363.906332,514.667249,363.717936,2.971666,2.671701,-2.023987,2.970623,0.473839,2.821162
2934,97.8,1,571.971312,363.669831,457.563047,363.805454,514.767179,363.737642,2.966723,2.753301,-2.015659,2.964981,0.475532,2.859141
2935,97.833333,1,571.986456,363.801849,457.444859,364.003889,514.715657,363.902869,2.978139,2.613957,-2.005233,2.929111,0.486453,2.771534
2936,97.866667,1,572.255964,363.759363,457.650309,364.006813,514.953136,363.883088,2.958684,2.55384,-2.02562,3.000149,0.466532,2.776995
2937,97.9,1,572.36001,363.90072,457.742176,363.949778,515.051093,363.925249,2.956261,2.667376,-2.02856,2.886514,0.463851,2.776945
2938,97.933333,1,572.437048,363.929597,457.52737,363.958876,514.982209,363.944237,2.954594,2.655919,-2.040241,2.93877,0.457177,2.797344
2939,97.966667,1,572.333994,363.895474,457.743073,364.036945,515.038533,363.966209,2.952499,2.541181,-2.039039,2.880983,0.45673,2.711082
2940,98.0,1,572.352638,363.883973,457.72049,364.065939,515.036564,363.974956,2.952856,2.573172,-2.038714,2.919952,0.457071,2.746562
2941,98.033333,1,572.234316,363.898258,457.764168,364.026334,514.999242,363.962296,2.951724,2.499302,-2.034925,2.850192,0.4584,2.674747
2942,98.066667,1,572.298756,363.844668,457.611494,364.065253,514.955125,363.95496,2.956196,2.531631,-2.038699,2.926008,0.458749,2.72882
2943,98.1,1,572.254419,363.890936,457.715816,364.015621,514.985118,363.953278,2.957089,2.494307,-2.03048,2.864892,0.463305,2.6796
2944,98.133333,1,572.342253,363.959364,457.658186,364.001636,515.000219,363.9805,2.956586,2.505074,-2.032869,2.848605,0.461859,2.67684
2945,98.166667,1,572.443304,363.948217,457.910213,364.030926,515.176759,363.989571,2.955539,2.441333,-2.01953,2.81341,0.468004,2.627372
2946,98.2,1,572.447805,363.913268,457.924671,364.154168,515.186238,364.033718,2.95569,2.40499,-2.0194,2.817023,0.468145,2.611006
2947,98.233333,1,572.445316,363.895608,457.983084,364.135178,515.2142,364.015393,2.963854,2.42678,-2.013282,2.860098,0.475286,2.643439
2948,98.266667,1,572.369957,364.003701,457.799911,364.21294,515.084934,364.108321,2.9477,2.491567,-2.021416,2.779269,0.463142,2.635418
2949,98.3,1,572.342796,363.895683,457.819891,364.173287,515.081344,364.034485,2.953335,2.450602,-2.019487,2.832016,0.466924,2.641309
2950,98.333333,1,572.379389,363.977931,457.831087,364.198692,515.105238,364.088311,2.956024,2.476901,-2.019951,2.792424,0.468037,2.634662
2951,98.366667,1,572.454853,363.94731,457.963266,364.167075,515.20906,364.057193,2.953556,2.436395,-2.020483,2.81254,0.466537,2.624467
2952,98.4,1,572.375097,363.966848,457.980452,364.119181,515.177774,364.043014,2.957148,2.429419,-2.016935,2.804849,0.470107,2.617134
2953,98.433333,1,572.301445,364.009843,458.028698,364.073026,515.165071,364.041435,2.954962,2.475278,-2.012307,2.757224,0.471328,2.616251
2954,98.466667,1,572.361307,363.937826,457.847605,364.082585,515.104456,364.010206,2.967217,2.468911,-2.017404,2.802241,0.474906,2.635576
2955,98.5,1,572.363787,364.039911,457.995472,364.119943,515.179629,364.079927,2.960854,2.403917,-2.018319,2.802656,0.471268,2.603286
2956,98.533333,1,572.369795,363.894299,458.029146,364.117357,515.199471,364.005828,2.955778,2.490825,-2.042648,3.056123,0.456565,2.773474
2957,98.566667,1,572.44853,363.785289,457.961235,364.152805,515.204883,363.969047,2.954092,2.435363,-2.076189,3.412623,0.438951,2.923993
2958,98.6,1,572.292938,363.778927,458.001137,364.127185,515.147038,363.953056,2.947794,2.432746,-2.082366,3.471878,0.432714,2.952312
2959,98.633333,1,572.46645,363.891225,457.995481,364.166318,515.230966,364.028772,2.955087,2.495859,-2.074404,3.413651,0.440341,2.954755
2960,98.666667,1,572.437782,364.026039,457.893887,364.108184,515.165834,364.067111,2.954459,2.605196,-2.053302,3.208856,0.450578,2.907026
2961,98.7,1,572.497692,364.0622,457.79027,364.217591,515.143981,364.139896,2.957059,2.68041,-2.034608,3.07459,0.461225,2.8775
2962,98.733333,1,572.638779,364.135939,457.902479,364.326307,515.270629,364.231123,2.964408,2.624236,-2.023885,3.074821,0.470261,2.849528
2963,98.766667,1,572.629042,364.231351,458.008366,364.213359,515.318704,364.222355,2.953828,2.661523,-2.024158,3.072427,0.464835,2.866975
2964,98.8,1,572.542086,364.377247,458.355627,364.278177,515.448856,364.327712,2.957395,2.725895,-2.022253,3.175034,0.467571,2.950465
2965,98.833333,1,572.564392,364.543324,458.340597,364.347721,515.452495,364.445523,2.963683,2.809515,-2.031358,3.314453,0.466163,3.061984
2966,98.866667,1,572.980757,365.725626,459.804392,365.398305,516.392574,365.561965,2.992444,3.209215,-1.97726,3.973713,0.507592,3.591464
2967,98.9,1,569.117489,372.619075,464.430456,371.48243,516.773973,372.050752,2.877121,7.460788,-1.753723,38.208411,0.561699,22.834599
2968,98.933333,1,569.885836,370.023351,462.220411,370.190871,516.053123,370.107111,2.892445,8.70404,-1.876107,19.135943,0.508169,13.919992
2969,98.966667,1,571.256504,368.78004,458.910666,368.565817,515.083585,368.672928,2.94225,6.885184,-1.988736,5.517209,0.476757,6.201196
2970,99.0,1,571.388121,367.145335,459.740162,367.139525,515.564141,367.14243,2.932791,5.11634,-2.013108,5.313924,0.459842,5.215132
2971,99.033333,1,572.763977,366.966394,459.227486,365.939543,515.995731,366.452968,2.942927,4.001829,-2.021525,4.497664,0.460701,4.249747
2972,99.066667,1,572.625351,366.438106,459.127884,365.560251,515.876617,365.999179,2.941439,3.821095,-2.031037,3.856736,0.455201,3.838915
2973,99.1,1,572.577171,365.774163,459.162045,365.23005,515.869608,365.502107,2.935193,3.388944,-1.998603,3.791439,0.468295,3.590192
2974,99.133333,1,572.510691,365.47853,459.267721,365.071328,515.889206,365.274929,2.938384,3.289278,-2.005855,3.634187,0.466264,3.461733
2975,99.166667,1,572.882919,365.392887,459.189091,364.961856,516.036005,365.177372,2.94542,3.195315,-2.018321,3.739303,0.463549,3.467309
2976,99.2,1,572.749004,365.105183,459.27145,364.75148,516.010227,364.928331,2.957907,3.188838,-2.01033,3.541284,0.473788,3.365061
2977,99.233333,1,572.617645,365.03464,459.313364,364.775743,515.965505,364.905192,2.957227,3.085316,-2.008987,3.303572,0.47412,3.194444
2978,99.266667,1,572.489738,364.754194,459.364233,364.664383,515.926986,364.709288,2.962172,3.117977,-1.997282,3.460521,0.482445,3.289249
2979,99.3,1,572.425451,364.688255,459.56686,364.277764,515.996156,364.483009,2.957397,3.088504,-1.994367,3.440107,0.481515,3.264306
2980,99.333333,1,572.208824,364.391527,458.576374,364.529548,515.392599,364.460538,2.95498,3.018657,-1.991514,3.332774,0.481733,3.175715
2981,99.366667,1,572.115965,364.072511,458.468733,364.74604,515.292349,364.409275,2.970198,2.977925,-1.981823,3.407863,0.494187,3.192894
2982,99.4,1,571.840181,363.872209,458.161631,364.644041,515.000906,364.258125,2.964086,2.963051,-1.981366,3.25704,0.49136,3.110046
2983,99.433333,1,571.930809,363.801806,458.068132,364.496053,514.999471,364.148929,2.984764,2.925505,-1.980495,3.157058,0.502135,3.041282
2984,99.466667,1,571.881418,363.669069,457.980785,364.633816,514.931102,364.151443,2.976052,2.890819,-1.988144,3.36951,0.493954,3.130165
2985,99.5,1,571.413651,363.526804,457.986212,364.462246,514.699931,363.994525,2.974671,2.820749,-1.977029,3.062952,0.498821,2.94185
2986,99.533333,1,571.382113,363.439584,457.989817,364.574561,514.685965,364.007073,2.97524,2.813185,-1.981537,3.080856,0.496851,2.94702
2987,99.566667,1,571.237917,363.444192,458.016691,364.3413,514.627304,363.892746,2.984331,2.80562,-1.984423,3.142269,0.499954,2.973945
2988,99.6,1,571.314783,363.47095,457.537041,364.257706,514.425912,363.864328,2.986623,2.991454,-2.000017,3.126368,0.493303,3.058911
2989,99.633333,1,571.231327,363.198953,457.962742,364.012552,514.597034,363.605753,3.012326,2.924612,-2.001608,3.145,0.505359,3.034806
2990,99.666667,1,571.203032,363.342274,457.774286,364.102589,514.488659,363.722431,3.000211,2.902367,-2.009738,2.994091,0.495237,2.948229
2991,99.7,1,571.069012,363.097533,457.904224,364.018373,514.486618,363.557953,3.005467,2.801912,-2.002252,3.026372,0.501607,2.914142
2992,99.733333,1,570.707045,362.830406,457.468586,364.029011,514.087815,363.429708,3.002332,2.697508,-2.000964,2.846701,0.500684,2.772104
2993,99.766667,1,570.760841,362.907933,456.879501,363.911868,513.820171,363.4099,3.029028,2.855186,-2.007688,2.945982,0.51067,2.900584
2994,99.8,1,570.684109,362.918769,456.595736,364.043285,513.639922,363.481027,3.022123,2.9953,-1.995241,3.202257,0.513441,3.098778
2995,99.833333,1,570.602207,363.138324,456.924238,364.053907,513.763223,363.596115,3.028617,3.020947,-2.005469,3.136096,0.511574,3.078522
2996,99.866667,1,570.544195,363.241117,457.229834,364.070365,513.887014,363.655741,3.004847,2.800349,-1.990175,2.831001,0.507336,2.815675
2997,99.9,1,570.610695,363.095387,457.562008,363.885539,514.086351,363.490463,2.980997,2.926269,-1.977762,2.820098,0.501618,2.873184
2998,99.933333,1,570.493937,362.910883,457.655163,363.776615,514.07455,363.343749,2.967593,2.834177,-1.983216,2.7515,0.492189,2.792839
2999,99.966667,1,570.454121,362.908764,457.893372,363.801602,514.173746,363.355183,2.971952,2.794232,-1.974238,2.777297,0.498857,2.785765
3000,100.0,1,570.461044,362.934905,457.857656,363.691728,514.15935,363.313317,2.965078,2.850616,-1.972847,2.733824,0.496116,2.79222
3001,100.033333,1,570.449209,362.96706,457.590666,363.485005,514.019938,363.226032,2.970236,2.803792,-1.946071,2.788537,0.512082,2.796165
3002,100.066667,1,570.35635,362.896534,457.644196,363.524213,514.000273,363.210374,2.965766,2.947312,-1.949716,2.922441,0.508025,2.934877
3003,100.1,1,570.372372,362.821759,457.722445,363.413406,514.047408,363.117582,2.959909,2.876314,-1.962346,2.716936,0.498782,2.796625
3004,100.133333,1,570.413332,362.851456,458.03133,363.278292,514.222331,363.064874,2.967635,2.94981,-1.949855,2.842335,0.50889,2.896073
3005,100.166667,1,570.507803,362.919145,458.085575,363.266619,514.296689,363.092882,2.969278,2.892781,-1.947698,2.772429,0.51079,2.832605
3006,100.2,1,570.575771,363.018649,457.856894,363.324732,514.216332,363.171691,2.970179,2.862399,-1.945754,2.640043,0.512213,2.751221
3007,100.233333,1,570.466108,362.906426,458.049812,363.296435,514.25796,363.10143,2.982124,2.960466,-1.933408,2.720095,0.524358,2.84028
3008,100.266667,1,570.533791,362.94506,457.948885,363.320092,514.241338,363.132576,2.972761,2.763586,-1.945836,2.619665,0.513462,2.691626
3009,100.3,1,570.352087,362.831458,458.139238,363.28422,514.245663,363.057839,2.995323,2.852926,-1.932439,2.61772,0.531442,2.735323
3010,100.333333,1,570.29377,362.850807,457.717209,363.25309,514.005489,363.051949,3.016524,2.846991,-1.949629,2.680665,0.533448,2.763828
3011,100.366667,1,570.24889,362.815397,458.042126,363.16373,514.145508,362.989563,3.000895,3.022853,-1.937783,2.717999,0.531556,2.870426
3012,100.4,1,570.265532,362.80197,457.897425,363.209746,514.081478,363.005858,3.030712,3.062379,-1.937619,2.795806,0.546547,2.929092
3013,100.433333,1,570.250521,362.837986,457.442217,363.242453,513.846369,363.04022,2.98961,2.921886,-1.942863,2.837065,0.523373,2.879476
3014,100.466667,1,570.301857,362.75458,457.358637,363.407859,513.830247,363.08122,2.958037,2.918772,-1.944681,2.985345,0.506678,2.952059
3015,100.5,1,570.591049,362.704911,457.698278,363.355443,514.144664,363.030177,2.921785,2.543391,-1.950857,3.082318,0.485464,2.812854
3016,100.533333,1,570.658102,362.79425,456.975317,363.616986,513.81671,363.205618,2.964144,2.517019,-1.974411,2.994908,0.494867,2.755963
3017,100.566667,1,570.84362,362.732238,456.771164,363.512562,513.807392,363.1224,2.980689,2.610966,-1.979631,3.058836,0.500529,2.834901
3018,100.6,1,570.906963,362.836297,456.131077,363.534583,513.51902,363.18544,3.015975,2.771515,-1.994225,2.816976,0.510875,2.794245
3019,100.633333,1,571.145191,362.830632,455.923862,363.680162,513.534527,363.255397,3.004902,2.572785,-2.015099,2.782249,0.494902,2.677517
3020,100.666667,1,571.065693,362.918533,456.017342,363.570814,513.541517,363.244674,3.012151,2.665677,-2.00698,2.679748,0.502586,2.672713
3021,100.7,1,570.962906,363.065979,456.23764,363.51482,513.600273,363.2904,3.003587,2.69497,-1.999328,2.544545,0.502129,2.619757
3022,100.733333,1,571.028214,363.147787,456.627083,363.517122,513.827648,363.332454,3.00069,2.620925,-1.988638,2.590297,0.506026,2.605611
3023,100.766667,1,570.962954,363.183691,456.895771,363.302722,513.929362,363.243206,2.99026,2.872109,-1.96948,2.537784,0.51039,2.704946
3024,100.8,1,571.062298,363.409023,456.925411,363.310082,513.993855,363.359553,2.965393,2.919643,-1.959948,2.421601,0.502722,2.670622
3025,100.833333,1,571.019745,363.588211,456.754589,363.563942,513.887167,363.576077,2.963445,2.726466,-1.953837,2.423451,0.504804,2.574959
3026,100.866667,1,571.105108,363.687211,457.286596,363.395526,514.195852,363.541369,2.946828,2.60131,-1.947684,2.350497,0.499572,2.475903
3027,100.9,1,571.398544,363.719666,457.152615,363.526354,514.275579,363.62301,2.954001,2.678205,-1.948262,2.434855,0.502869,2.55653
3028,100.933333,1,571.450787,363.866404,457.339535,363.444514,514.395161,363.655459,2.949932,2.644531,-1.942951,2.400093,0.503491,2.522312
3029,100.966667,1,571.531525,363.990043,457.583027,363.519015,514.557276,363.754529,2.946708,2.465232,-1.93974,2.348568,0.503484,2.4069
3030,101.0,1,571.749153,363.92058,457.95248,363.679025,514.850817,363.799802,2.936953,2.453639,-1.943284,2.27138,0.496834,2.36251
3031,101.033333,1,571.850748,363.982898,458.063011,363.666177,514.95688,363.824538,2.937147,2.318087,-1.942208,2.303489,0.497469,2.310788
3032,101.066667,1,571.865988,364.072183,458.119936,363.750726,514.992962,363.911455,2.944883,2.3747,-1.939323,2.339394,0.50278,2.357047
3033,101.1,1,571.947269,364.082344,458.39963,363.608279,515.17345,363.845311,2.925559,2.364053,-1.929933,2.282076,0.497813,2.323064
3034,101.133333,1,572.047834,364.211583,458.583994,363.484393,515.315914,363.847988,2.924039,2.269239,-1.938993,2.245328,0.492523,2.257283
3035,101.166667,1,572.104511,364.389966,458.219519,363.763584,515.162015,364.076775,2.934912,2.393363,-1.946533,2.237876,0.49419,2.31562
3036,101.2,1,572.108765,364.270538,458.318605,363.715922,515.213685,363.99323,2.9411,2.419534,-1.945464,2.238666,0.497818,2.3291
3037,101.233333,1,572.154732,364.230825,458.324881,363.655947,515.239806,363.943386,2.927062,2.454631,-1.955796,2.284659,0.485633,2.369645
3038,101.266667,1,572.234869,364.273692,458.309593,363.688386,515.272231,363.981039,2.93291,2.394049,-1.961635,2.266453,0.485637,2.330251
3039,101.3,1,572.254963,364.30781,458.36834,363.61286,515.311651,363.960335,2.925962,2.473304,-1.957423,2.191826,0.48427,2.332565
3040,101.333333,1,572.335978,364.280076,458.327827,363.591371,515.331903,363.935723,2.930453,2.455423,-1.959232,2.244563,0.48561,2.349993
3041,101.366667,1,572.351866,364.244971,458.600149,363.438452,515.476007,363.841712,2.922224,2.37959,-1.956581,2.213471,0.482822,2.296531
3042,101.4,1,572.489738,364.250529,458.439255,363.614464,515.464497,363.932497,2.931708,2.387639,-1.951477,2.264763,0.490116,2.326201
3043,101.433333,1,572.550621,364.336317,458.585854,363.540167,515.568237,363.938242,2.930602,2.468789,-1.946452,2.17414,0.492075,2.321464
3044,101.466667,1,572.648191,364.292623,458.360662,363.663951,515.504427,363.978287,2.932317,2.489389,-1.955848,2.214071,0.488234,2.35173
3045,101.5,1,572.586021,364.421686,458.457184,363.685731,515.521603,364.053708,2.937554,2.420572,-1.956464,2.13931,0.490545,2.279941
3046,101.533333,1,572.6408,364.458244,458.889408,363.670335,515.765104,364.06429,2.913169,2.529874,-1.947221,2.062532,0.482974,2.296203
3047,101.566667,1,572.906713,364.439903,459.11129,363.718727,516.009002,364.079315,2.911391,2.600888,-1.952274,2.208367,0.479558,2.404628
3048,101.6,1,573.0369,364.526303,459.454508,363.678167,516.245704,364.102235,2.913748,2.608869,-1.945822,2.211635,0.483963,2.410252
3049,101.633333,1,573.20199,364.700561,459.620476,363.663383,516.411233,364.181972,2.917419,2.701652,-1.953176,2.232787,0.482122,2.46722
3050,101.666667,1,573.18305,364.80661,459.531336,363.786024,516.357193,364.296317,2.92719,2.686292,-1.954063,2.242762,0.486563,2.464527
3051,101.7,1,573.489351,366.380498,459.910765,366.483511,516.700058,366.432004,3.000175,4.38317,-2.04634,5.430635,0.476918,4.906903
3052,101.733333,1,569.894781,372.706933,466.270084,371.291049,518.082433,371.998991,2.773194,13.638728,-1.731388,25.322921,0.520903,19.480824
3053,101.766667,1,570.837097,372.60546,464.278679,372.951164,517.557888,372.778312,2.756097,4.010076,-1.773036,26.655437,0.491531,15.332756
3054,101.8,1,572.231102,371.477494,458.781462,371.857553,515.506282,371.667523,2.898553,14.120238,-1.920198,21.043783,0.489177,17.58201
3055,101.833333,1,573.173351,369.778486,463.685417,369.101164,518.429384,369.439825,2.942711,16.242009,-1.858798,8.660409,0.541957,12.451209
3056,101.866667,1,572.670317,368.536216,465.385666,368.207721,519.027991,368.371968,2.94792,17.937523,-1.861512,7.825031,0.543204,12.881277
3057,101.9,1,572.735491,367.823081,459.569445,367.387421,516.152468,367.605251,2.999308,5.980544,-1.990367,5.103146,0.504471,5.541845
3058,101.933333,1,573.516226,366.824393,459.930191,366.264498,516.723208,366.544445,2.971071,4.419935,-1.976987,4.29066,0.497042,4.355298
3059,101.966667,1,573.589792,366.115581,461.103945,365.150968,517.346869,365.633275,2.952945,3.51094,-1.952316,3.342418,0.500314,3.426679
3060,102.0,1,573.902607,365.811633,460.825844,364.775126,517.364225,365.29338,2.92035,3.348475,-1.964535,3.007877,0.477908,3.178176
3061,102.033333,1,573.628044,365.813924,460.905361,364.644358,517.266703,365.229141,2.921768,3.217475,-1.951558,2.687326,0.485105,2.9524
3062,102.066667,1,573.622522,365.852945,460.533037,364.627658,517.07778,365.240301,2.909481,3.145761,-1.952518,2.496875,0.478481,2.821318
3063,102.1,1,573.650293,365.897668,460.585365,364.542654,517.117829,365.220161,2.901777,3.252538,-1.948565,2.491111,0.476606,2.871825
3064,102.133333,1,573.640022,365.759507,460.267277,364.558312,516.95365,365.15891,2.904765,3.16052,-1.944373,2.497957,0.480196,2.829238
3065,102.166667,1,573.674059,365.764464,460.494604,364.478785,517.084332,365.121624,2.907729,3.078884,-1.944006,2.392276,0.481861,2.73558
3066,102.2,1,573.652096,365.7385,460.581799,364.647426,517.116947,365.192963,2.902956,3.049994,-1.936309,2.357668,0.483323,2.703831
3067,102.233333,1,573.660154,365.749347,460.567942,364.561113,517.114048,365.15523,2.902613,3.08831,-1.937165,2.320871,0.482724,2.704591
3068,102.266667,1,573.609734,365.902839,460.625429,364.579647,517.117581,365.241243,2.90377,3.024659,-1.935928,2.302998,0.483921,2.663829
3069,102.3,1,573.686323,365.928122,460.60338,364.733997,517.144852,365.331059,2.904235,3.001528,-1.933564,2.358829,0.485336,2.680178
3070,102.333333,1,573.56967,366.011732,460.671673,364.602091,517.120671,365.306911,2.898691,3.000902,-1.936237,2.314762,0.481227,2.657832
3071,102.366667,1,573.632088,365.910333,460.617476,364.651755,517.124782,365.281044,2.899363,2.980943,-1.943266,2.324003,0.478048,2.652473
3072,102.4,1,573.664446,365.932859,460.608978,364.587414,517.136712,365.260136,2.906575,2.982928,-1.944491,2.310501,0.481042,2.646715
3073,102.433333,1,573.644629,365.902936,460.576115,364.667854,517.110372,365.285395,2.907465,2.981385,-1.942252,2.253933,0.482606,2.617659
3074,102.466667,1,573.635025,366.268419,460.192862,364.601812,516.913943,365.435116,2.90929,2.916647,-1.942591,2.140098,0.48335,2.528373
3075,102.5,1,573.621902,366.253763,460.320024,364.681726,516.970963,365.467745,2.919634,2.839296,-1.933958,2.189429,0.492838,2.514362
3076,102.533333,1,573.636513,366.283976,460.34565,364.651777,516.991081,365.467876,2.918565,2.888253,-1.944413,2.170023,0.487076,2.529138
3077,102.566667,1,573.601151,366.254997,460.300131,364.670724,516.950641,365.46286,2.925313,2.880643,-1.937003,2.217053,0.494155,2.548848
3078,102.6,1,573.350744,366.373664,460.040226,364.6781,516.695485,365.525882,2.908945,2.851913,-1.949121,2.136781,0.479912,2.494347
3079,102.633333,1,573.200836,366.369275,459.483204,365.125439,516.34202,365.747357,2.919841,2.892565,-1.949514,2.158586,0.485164,2.525575
3080,102.666667,1,573.065453,366.225139,459.535646,364.973953,516.30055,365.599546,2.91999,2.706773,-1.951547,2.100566,0.484221,2.403669
3081,102.7,1,572.917814,366.243378,459.567709,364.775748,516.242762,365.509563,2.923256,2.794216,-1.940891,2.084858,0.491182,2.439537
3082,102.733333,1,572.865534,366.190431,459.232588,364.772873,516.049061,365.481652,2.905209,2.82931,-1.946493,2.073456,0.479358,2.451383
3083,102.766667,1,572.828588,366.294807,459.306097,364.852379,516.067343,365.573593,2.925136,2.864366,-1.931391,2.072011,0.496873,2.468188
3084,102.8,1,572.689753,366.235417,459.24161,364.958074,515.965681,365.596746,2.914302,2.864965,-1.931126,2.099698,0.491588,2.482332
3085,102.833333,1,572.746458,366.100057,459.271574,364.922358,516.009016,365.511207,2.915873,2.784196,-1.928701,2.10335,0.493586,2.443773
3086,102.866667,1,572.734804,366.056948,459.333496,364.807431,516.03415,365.432189,2.92199,2.802242,-1.923956,2.092897,0.499017,2.447569
3087,102.9,1,572.700682,366.141695,459.310265,364.781633,516.005473,365.461664,2.925141,2.800032,-1.922635,2.058502,0.501253,2.429267
3088,102.933333,1,572.682323,366.149039,459.220247,364.778355,515.951285,365.463697,2.927766,2.798953,-1.91965,2.058072,0.504058,2.428512
3089,102.966667,1,572.73694,366.154801,459.276924,364.695234,516.006932,365.425017,2.915785,2.82334,-1.921672,2.079644,0.497057,2.451492
3090,103.0,1,572.709703,366.304243,459.330244,364.797517,516.019974,365.55088,2.916381,2.850428,-1.925936,2.018841,0.495222,2.434635
3091,103.033333,1,572.795296,366.206621,459.260464,364.908491,516.02788,365.557556,2.910497,2.823516,-1.923645,2.041167,0.493426,2.432341
3092,103.066667,1,572.773027,366.221775,459.450741,364.818218,516.111884,365.519997,2.915156,2.732054,-1.916804,2.006648,0.499176,2.369351
3093,103.1,1,572.939663,366.285199,459.37562,364.835519,516.157641,365.560359,2.925719,2.783897,-1.921073,1.993473,0.502323,2.388685
3094,103.133333,1,573.100815,366.25452,459.437551,364.931252,516.269183,365.592886,2.926487,2.774649,-1.927709,1.981064,0.499389,2.377857
3095,103.166667,1,573.139963,366.206251,459.600172,364.905755,516.370068,365.556003,2.929477,2.731878,-1.919652,1.949977,0.504912,2.340928
3096,103.2,1,573.378639,366.424035,459.649181,364.796192,516.51391,365.610114,2.925793,2.813864,-1.92192,1.893191,0.501937,2.353528
3097,103.233333,1,573.379889,366.518229,459.504232,364.938033,516.44206,365.728131,2.926919,2.868237,-1.925809,1.918452,0.500555,2.393344
3098,103.266667,1,573.276415,366.458244,459.563694,364.950961,516.420054,365.704603,2.927936,2.861707,-1.915576,1.894247,0.50618,2.377977
3099,103.3,1,573.336153,366.475255,459.320354,365.074042,516.328254,365.774648,2.92513,2.93195,-1.925914,1.960399,0.499608,2.446175
3100,103.333333,1,573.213501,366.460674,459.333296,365.109458,516.273398,365.785066,2.937935,2.909795,-1.916974,1.901476,0.51048,2.405636
3101,103.366667,1,573.2411,366.439812,459.45653,365.068978,516.348815,365.754395,2.928435,2.805141,-1.920605,1.892852,0.503915,2.348996
3102,103.4,1,573.125525,366.342051,459.30644,365.017447,516.215982,365.679749,2.933055,2.729587,-1.922891,1.9345,0.505082,2.332043
3103,103.433333,1,573.03463,366.332932,459.242067,365.043347,516.138349,365.688139,2.931785,2.697289,-1.923553,1.913833,0.504116,2.305561
3104,103.466667,1,573.085623,366.291325,459.200449,365.029432,516.143036,365.660378,2.928583,2.641094,-1.923956,1.941369,0.502314,2.291232
3105,103.5,1,573.062496,366.239237,459.225712,365.032462,516.144104,365.63585,2.935506,2.612798,-1.917829,1.949619,0.508838,2.281208
3106,103.533333,1,572.861185,366.334037,459.143486,365.08667,516.002336,365.710353,2.932611,2.703487,-1.923607,1.892347,0.504502,2.297917
3107,103.566667,1,572.793217,366.374002,459.181843,364.975476,515.98753,365.674739,2.925378,2.762241,-1.920427,1.842796,0.502475,2.302518
3108,103.6,1,572.667751,366.34586,459.177923,365.103702,515.922837,365.724781,2.924648,2.735734,-1.913149,1.89063,0.50575,2.313182
3109,103.633333,1,572.739334,366.295053,459.204321,364.971153,515.971828,365.633103,2.928291,2.741013,-1.918815,1.916164,0.504738,2.328589
3110,103.666667,1,572.780161,366.134341,459.164543,365.048229,515.972352,365.591285,2.932706,2.687304,-1.922877,2.021047,0.504915,2.354176
3111,103.7,1,572.692785,366.049985,459.181747,365.079235,515.937266,365.56461,2.932053,2.725279,-1.921087,2.091089,0.505483,2.408184
3112,103.733333,1,572.590923,366.134716,459.410868,364.9759,516.000896,365.555308,2.914031,2.708956,-1.914027,2.04991,0.500002,2.379433
3113,103.766667,1,572.877893,366.354518,460.206156,365.506371,516.542025,365.930445,2.953237,3.282798,-1.93143,2.810796,0.510903,3.046797
3114,103.8,1,569.834948,374.037105,463.651609,373.398203,516.743279,373.717654,2.772312,15.721425,-1.75401,43.377071,0.509151,29.549248
3115,103.833333,1,570.373058,374.745358,464.737072,373.917789,517.555065,374.331574,2.742738,6.181689,-1.725508,46.043433,0.508615,26.112561
3116,103.866667,1,572.353182,373.196211,459.403162,373.252376,515.878172,373.224294,2.873031,12.216942,-1.868205,27.616212,0.502413,19.916577
3117,103.9,1,571.32206,371.319491,465.573082,370.782866,518.447571,371.051179,2.880455,13.238298,-1.771681,10.985181,0.554387,12.11174
3118,103.933333,1,572.131701,369.869778,460.905704,369.359214,516.518703,369.614496,2.901804,10.141086,-1.910921,5.607543,0.495442,7.874314
3119,103.966667,1,574.320135,368.541849,459.888105,367.952594,517.10412,368.247221,2.985756,3.903902,-1.984169,4.260802,0.500793,4.082352
3120,104.0,1,574.092312,367.126704,460.830965,366.777556,517.461638,366.95213,2.948708,3.398186,-1.956547,3.537488,0.49608,3.467837
3121,104.033333,1,574.054127,367.324995,460.864315,365.74571,517.459221,366.535352,2.925848,3.228278,-1.952732,2.757896,0.486558,2.993087
3122,104.066667,1,574.281149,367.498239,460.762053,365.467415,517.521601,366.482827,2.941446,3.142476,-1.934435,2.382003,0.503506,2.762239
3123,104.1,1,574.369841,367.190605,460.694618,365.130744,517.532229,366.160675,2.930467,3.162328,-1.935235,2.398889,0.497616,2.780608
3124,104.133333,1,574.149466,367.116491,460.802717,365.197547,517.476091,366.157019,2.934162,3.084568,-1.933474,2.365221,0.500344,2.724895
3125,104.166667,1,574.001904,366.899387,460.656805,365.229095,517.329354,366.064241,2.936591,3.029795,-1.94587,2.40292,0.49536,2.716358
3126,104.2,1,573.946838,366.739227,460.76169,364.972258,517.354264,365.855742,2.93345,2.901328,-1.939309,2.344451,0.497071,2.62289
3127,104.233333,1,573.981009,366.599763,460.617094,364.966131,517.299051,365.782947,2.933564,2.866661,-1.944907,2.304914,0.494328,2.585788
3128,104.266667,1,573.89678,366.583761,460.514479,364.89346,517.205629,365.73861,2.934556,2.914261,-1.933188,2.315695,0.500684,2.614978
3129,104.3,1,573.827477,366.628012,460.468225,364.904897,517.147851,365.766454,2.930499,2.986934,-1.930526,2.240688,0.499987,2.613811
3130,104.333333,1,573.835535,366.408355,460.51734,364.900015,517.176437,365.654185,2.932668,2.949613,-1.944306,2.413074,0.494181,2.681343
3131,104.366667,1,573.854561,366.280333,460.488291,364.966829,517.171426,365.623581,2.941435,2.985159,-1.955659,2.592652,0.492888,2.788905
3132,104.4,1,573.947515,366.083395,460.412579,364.919,517.180047,365.501197,2.929071,2.980508,-1.982021,2.856817,0.473525,2.918663
3133,104.433333,1,574.248905,365.938416,460.419092,365.015168,517.333999,365.476792,2.944243,2.967706,-1.990409,3.081295,0.476917,3.0245
3134,104.466667,1,573.938713,366.042491,460.556755,364.83054,517.247734,365.436516,2.926957,2.959453,-1.972167,2.981878,0.477395,2.970665
3135,104.5,1,573.755713,365.906047,460.519352,364.926338,517.137532,365.416193,2.925985,2.874539,-1.967795,2.970675,0.479095,2.922607
3136,104.533333,1,573.687258,365.967325,460.467987,364.852395,517.077622,365.40986,2.923414,2.938624,-1.97492,2.906305,0.474247,2.922465
3137,104.566667,1,573.679047,365.960475,460.535021,364.809362,517.107034,365.384918,2.925013,2.944541,-1.970515,2.865149,0.477249,2.904845
3138,104.6,1,573.190594,365.733726,460.206852,364.654212,516.698723,365.193969,2.915656,3.031173,-1.958535,2.770772,0.478561,2.900972
3139,104.633333,1,572.957058,365.638223,460.159702,364.507624,516.55838,365.072924,2.922106,3.019802,-1.94914,2.66559,0.486483,2.842696
3140,104.666667,1,572.858658,365.494285,460.125294,364.397707,516.491976,364.945996,2.912503,2.879328,-1.961851,2.730309,0.475326,2.804818
3141,104.7,1,572.662039,365.347906,460.206327,364.432125,516.434183,364.890016,2.905641,3.018794,-1.958942,2.707892,0.473349,2.863343
3142,104.733333,1,572.539787,364.752681,460.148211,364.428338,516.343999,364.59051,2.925069,2.976714,-1.9518,3.080114,0.486635,3.028414
3143,104.766667,1,572.290907,364.346488,460.165462,364.364024,516.228185,364.355256,2.907906,2.961676,-1.955662,3.503656,0.476122,3.232666
3144,104.8,1,572.168941,364.421343,460.186443,364.314414,516.177692,364.367878,2.911544,2.831641,-1.950596,3.386517,0.480474,3.109079
3145,104.833333,1,572.392178,364.4177,460.245447,364.530348,516.318812,364.474024,2.946963,2.72331,-1.9634,3.522802,0.491781,3.123056
3146,104.866667,1,572.189121,364.700421,461.140146,364.588605,516.664634,364.644513,2.952287,2.931415,-1.954699,2.799424,0.498794,2.86542
3147,104.9,1,572.375813,364.648687,461.065207,364.107385,516.72051,364.378036,2.984355,3.171173,-1.990085,3.244719,0.497135,3.207946
3148,104.933333,1,572.016811,364.004715,460.869474,363.467168,516.443143,363.735942,2.966525,2.781957,-1.994602,3.345901,0.485962,3.063929
3149,104.966667,1,570.926104,363.117306,460.39711,362.680321,515.661607,362.898813,2.943746,2.871308,-1.963541,2.536723,0.490102,2.704016
3150,105.0,1,570.646639,362.075654,460.483074,361.387373,515.564857,361.731513,2.921619,2.782468,-1.925385,1.998269,0.498117,2.390368
3151,105.033333,1,570.529156,361.355331,460.078888,360.220397,515.304022,360.787864,2.927301,2.444115,-1.893109,1.455711,0.517096,1.949913
3152,105.066667,1,571.310272,360.501278,460.461636,358.873343,515.885954,359.687311,2.939256,2.210919,-1.889557,1.276383,0.52485,1.743651
3153,105.1,1,570.985546,358.333377,460.881462,357.124967,515.933504,357.729172,2.937464,1.793247,-1.848077,1.074978,0.544693,1.434113
3154,105.133333,1,571.156073,356.592361,461.00729,355.918096,516.081681,356.255229,2.955481,1.49071,-1.856694,1.017037,0.549394,1.253874
3155,105.166667,1,570.831089,355.427434,461.23579,353.600314,516.03344,354.513874,2.8844,1.679127,-1.848317,0.797801,0.518042,1.238464
3156,105.2,1,571.072617,354.495812,461.163502,352.660462,516.118059,353.578137,2.897519,1.959694,-1.866295,0.928464,0.515612,1.444079
3157,105.233333,1,571.253424,353.289977,460.928516,351.524187,516.09097,352.407082,2.878118,1.900434,-1.872574,1.000804,0.502772,1.450619
3158,105.266667,1,571.004772,351.821156,460.329733,349.731367,515.667253,350.776261,2.874517,1.809163,-1.932302,1.006222,0.471107,1.407692
3159,105.3,1,570.767002,350.838679,460.313835,348.380145,515.540419,349.609412,2.84542,1.52059,-1.927482,1.101733,0.458969,1.311161
3160,105.333333,1,570.005894,349.929872,459.797974,347.9283,514.901934,348.929086,2.941181,1.40259,-1.945949,0.878951,0.497616,1.140771
3161,105.366667,1,569.509869,349.15415,459.785862,347.449434,514.647865,348.301792,2.928551,1.363258,-1.933848,0.860065,0.497352,1.111661
3162,105.4,1,569.17757,348.898391,459.34186,347.141839,514.259715,348.020115,2.899546,1.279807,-1.907431,0.918114,0.496057,1.09896
3163,105.433333,1,568.377533,351.525695,459.264116,352.552348,513.820825,352.039021,3.067655,0.261741,-1.885229,2.761213,0.591213,1.511477
3164,105.466667,1,566.688786,354.643135,456.523314,357.143399,511.60605,355.893267,2.966564,-7.442509,-1.84102,6.326456,0.562772,-0.558026
3165,105.5,1,567.424641,353.782457,455.184898,355.387153,511.30477,354.584805,3.056351,-1.662117,-1.936514,4.427682,0.559919,1.382783
3166,105.533333,1,566.192198,351.535174,454.091272,354.269514,510.141735,352.902344,3.037156,-0.518569,-2.022274,3.269911,0.507441,1.375671
3167,105.566667,1,566.258745,351.147578,455.31518,352.820617,510.786963,351.984098,3.047138,1.42094,-1.992651,1.861993,0.527243,1.641466
3168,105.6,1,564.209175,350.921237,455.387154,351.822723,509.798164,351.37198,3.003694,2.130862,-1.944548,1.401439,0.529573,1.76615
3169,105.633333,1,563.91964,350.576102,454.569597,351.576807,509.244618,351.076454,3.012048,2.225735,-1.922535,1.069158,0.544756,1.647447
3170,105.666667,1,562.998276,350.760584,454.090319,350.988212,508.544297,350.874398,2.989859,1.745765,-1.878435,1.471946,0.555712,1.608856
3171,105.7,1,562.89463,350.888193,453.683434,350.927664,508.289032,350.907928,3.012692,1.48684,-1.839123,1.344022,0.586784,1.415431
3172,105.733333,1,562.209072,350.756223,452.941647,350.958778,507.575359,350.8575,3.036897,1.378037,-1.805507,1.52342,0.615695,1.450729
3173,105.766667,1,561.224108,350.656278,452.566271,351.128637,506.895189,350.892457,3.047758,1.179027,-1.80316,1.463496,0.622299,1.321262
3174,105.8,1,560.677958,350.491145,452.165756,351.166145,506.421857,350.828645,3.074158,1.196202,-1.800304,1.533095,0.636927,1.364648
3175,105.833333,1,559.943275,350.205045,451.469879,350.439711,505.706577,350.322378,3.064096,1.475805,-1.804941,1.592025,0.629578,1.533915
3176,105.866667,1,559.777546,349.869629,451.141491,350.165096,505.459518,350.017363,3.067551,1.568549,-1.818351,1.700653,0.6246,1.634601
3177,105.9,1,559.530067,349.523522,451.062918,350.163723,505.296493,349.843622,3.081044,1.541701,-1.827694,1.871581,0.626675,1.706641
3178,105.933333,1,559.691095,349.22216,451.004467,350.102724,505.347781,349.662442,3.067374,1.779998,-1.829252,1.693308,0.619061,1.736653
3179,105.966667,1,560.163393,349.25462,450.788851,350.340647,505.476122,349.797633,3.070816,2.208778,-1.852053,1.837761,0.609382,2.023269
3180,106.0,1,560.288258,349.322056,450.911598,350.223482,505.599928,349.772769,3.061737,2.161229,-1.837129,1.740933,0.612304,1.951081
3181,106.033333,1,560.629206,349.413359,450.827055,350.28852,505.72813,349.85094,3.052483,2.304588,-1.858108,1.913774,0.597187,2.109181
3182,106.066667,1,560.429764,348.866333,450.666819,350.281096,505.548291,349.573714,3.071322,2.398483,-1.881855,2.296614,0.594734,2.347549
3183,106.1,1,560.273113,348.62303,450.804224,350.25974,505.538669,349.441385,3.062815,2.344201,-1.888238,2.540356,0.587288,2.442278
3184,106.133333,1,559.301157,348.339654,450.872688,350.460514,505.086923,349.400084,3.065642,1.97774,-1.865402,2.646269,0.60012,2.312004
3185,106.166667,1,557.097874,352.31111,452.190561,355.58768,504.644217,353.949395,3.093961,-1.700096,-1.80233,5.683288,0.645815,1.991596
3186,106.2,1,556.043396,356.15485,451.804943,359.60969,503.92417,357.88227,2.933273,-97.680928,-1.730365,7.267654,0.601454,-45.206637
3187,106.233333,1,556.621237,354.999279,451.523209,357.705767,504.072223,356.352523,3.023651,-74.637931,-1.798138,5.287589,0.612756,-34.675171
3188,106.266667,1,556.516991,354.839982,451.242638,357.718186,503.879814,356.279084,2.990772,-33.162505,-1.780646,4.27132,0.605063,-14.445593
3189,106.3,1,557.343636,353.400173,451.593027,354.968594,504.468331,354.184383,3.044054,-4.104499,-1.8811,3.703835,0.581477,-0.200332
3190,106.333333,1,558.512554,351.736983,450.213108,353.034014,504.362831,352.385498,3.045262,2.740766,-1.971256,2.366138,0.537003,2.553452
3191,106.366667,1,559.159031,350.53648,451.772776,351.962798,505.465903,351.249639,3.046122,1.985694,-1.894396,2.178772,0.575863,2.082233
3192,106.4,1,558.994665,349.737831,449.887657,351.271909,504.441161,350.50487,3.095016,1.996331,-1.915728,1.755133,0.589644,1.875732
3193,106.433333,1,558.90727,349.116202,449.915695,350.678846,504.411483,349.897524,3.126861,1.846812,-1.896396,2.089469,0.615233,1.968141
3194,106.466667,1,558.7397,348.624988,449.524536,350.271327,504.132118,349.448158,3.103645,1.642521,-1.891145,2.005059,0.60625,1.82379
3195,106.5,1,558.484659,348.44139,449.032869,350.241523,503.758764,349.341457,3.109691,1.089172,-1.881451,2.03007,0.61412,1.559621
3196,106.533333,1,557.780113,348.051097,447.211885,350.136917,502.495999,349.094007,3.13586,1.049153,-1.91236,2.183219,0.61175,1.616186
3197,106.566667,1,557.186222,347.755045,445.21986,350.213225,501.203041,348.984135,3.1207,1.544056,-1.928979,2.56662,0.59586,2.055338
3198,106.6,1,556.076488,347.130777,444.124498,349.724366,500.100493,348.427572,3.118891,1.432347,-1.935012,2.303211,0.59194,1.867779
3199,106.633333,1,553.226776,346.86761,442.115898,349.786277,497.671337,348.326943,3.045164,0.986534,-1.991338,2.243082,0.526913,1.614808
3200,106.666667,1,552.154379,346.708485,441.544333,349.842598,496.849356,348.275541,3.030737,1.625016,-1.976205,2.654336,0.527266,2.139676
3201,106.7,1,550.811405,346.316839,440.517225,349.778836,495.664315,348.047838,2.989752,1.060144,-1.971343,3.238334,0.509205,2.149239
3202,106.733333,1,550.114717,345.667423,439.511547,349.863739,494.813132,347.765581,2.98467,1.161577,-1.978712,3.160517,0.502979,2.161047
3203,106.766667,1,549.784107,345.679096,438.381929,350.105293,494.083018,347.892195,3.005766,1.257389,-1.97109,3.139249,0.517338,2.198319
3204,106.8,1,549.927502,345.857484,440.460367,350.112466,495.193934,347.984975,3.042894,1.340498,-1.979837,3.905247,0.531528,2.622873
3205,106.833333,1,549.82996,346.158112,439.698658,350.369266,494.764309,348.263689,3.04996,1.577452,-1.985967,3.776072,0.531997,2.676762
3206,106.866667,1,549.809237,346.014141,439.792919,350.321072,494.801078,348.167607,3.036898,1.568925,-1.998372,3.855398,0.519263,2.712162
3207,106.9,1,549.831028,345.809258,440.626106,350.242633,495.228567,348.025946,3.05192,1.354728,-1.980672,3.737031,0.535624,2.545879
3208,106.933333,1,549.930086,346.469913,441.271887,350.697418,495.600986,348.583665,3.05497,1.86001,-1.964258,3.460816,0.545356,2.660413
3209,106.966667,1,550.602074,351.840259,444.633064,356.754972,497.617569,354.297616,3.010763,-20.625211,-1.808544,16.717353,0.601109,-1.953929
3210,107.0,1,550.368786,353.677669,443.047571,358.723934,496.708179,356.200801,2.980674,-43.709877,-1.793787,9.192447,0.593443,-17.258715
3211,107.033333,1,549.624939,351.903291,447.549419,356.379383,498.587179,354.141337,2.999099,-28.902478,-1.784042,7.739545,0.607528,-10.581466
3212,107.066667,1,549.887457,349.368759,444.647026,354.959201,497.267241,352.16398,2.954853,-12.275222,-1.888322,5.217831,0.533265,-3.528695
3213,107.1,1,550.395889,347.315544,440.461311,353.565831,495.4286,350.440688,3.015486,-2.306437,-1.991987,6.356776,0.51175,2.025169
3214,107.133333,1,550.186815,345.767518,441.237555,351.263879,495.712185,348.515698,3.038486,1.010948,-1.939133,5.116756,0.549676,3.063852
3215,107.166667,1,549.902182,344.844516,439.76614,350.840278,494.834161,347.842397,3.051842,1.991719,-1.984221,3.676882,0.533811,2.834301
3216,107.2,1,549.587994,344.568871,439.924841,350.1154,494.756417,347.342135,3.047822,2.151809,-1.943477,2.856271,0.552173,2.50404
3217,107.233333,1,549.493828,344.046092,439.44376,349.615522,494.468794,346.830807,3.131134,1.785451,-1.919268,2.550987,0.605933,2.168219
3218,107.266667,1,549.318419,343.97525,440.368824,349.155357,494.843621,346.565303,3.143362,1.981667,-1.866266,2.348398,0.638548,2.165032
3219,107.3,1,548.997431,343.722784,440.294027,349.119356,494.645729,346.42107,3.133083,1.700504,-1.86012,2.542457,0.636481,2.12148
3220,107.333333,1,548.668966,343.841295,439.216576,348.90957,493.942771,346.375432,3.130622,1.852068,-1.878727,2.466686,0.625948,2.159377
3221,107.366667,1,548.893642,344.179355,438.857918,349.203326,493.87578,346.69134,3.126656,1.576344,-1.873463,2.529073,0.626596,2.052708
3222,107.4,1,548.996401,344.240268,439.429369,349.310389,494.212885,346.775328,3.123939,1.91265,-1.837317,2.470487,0.643311,2.191569
3223,107.433333,1,548.924427,344.320208,438.887882,349.588823,493.906155,346.954516,3.073215,2.132306,-1.856452,2.518062,0.608381,2.325184
3224,107.466667,1,548.632135,344.579353,437.96175,350.413581,493.296943,347.496467,3.10218,2.691034,-1.854474,2.397035,0.623853,2.544034
3225,107.5,1,548.735657,344.973117,437.6266,351.042768,493.181129,348.007943,3.119177,2.615916,-1.828592,2.231457,0.645292,2.423687
3226,107.533333,1,547.942038,345.285267,437.554922,351.476385,492.74848,348.380826,3.096979,2.66804,-1.797767,2.142414,0.649606,2.405227
3227,107.566667,1,547.595253,345.646496,436.901445,351.792253,492.248349,348.719375,3.099331,3.17242,-1.806761,2.235312,0.646285,2.703866
3228,107.6,1,547.064848,345.838618,436.199236,352.09715,491.632042,348.967884,3.163308,3.523769,-1.793173,2.324709,0.685068,2.924239
3229,107.633333,1,546.51741,345.741248,435.235643,352.286863,490.876527,349.014055,3.174991,2.92539,-1.806146,2.370044,0.684422,2.647717
3230,107.666667,1,546.15449,345.608071,434.453287,352.926747,490.303888,349.267409,3.1779,3.352271,-1.859288,3.06329,0.659306,3.207781
3231,107.7,1,545.586023,345.647414,432.794571,353.368415,489.190297,349.507914,3.237587,4.104266,-1.967917,3.665524,0.634835,3.884895
3232,107.733333,1,544.286327,346.071315,432.065506,353.545532,488.175917,349.808424,3.228717,3.496405,-1.946468,3.379171,0.641125,3.437788
3233,107.766667,1,543.246794,346.363564,429.700031,354.20203,486.473413,350.282797,3.259869,2.433879,-1.978316,3.266216,0.640777,2.850048
3234,107.8,1,542.11751,347.02586,428.541803,354.849671,485.329657,350.937765,3.245518,2.291439,-1.980346,3.045799,0.632586,2.668619
3235,107.833333,1,541.075621,347.464342,428.372278,356.016206,484.723949,351.740274,3.237646,2.236672,-2.009282,3.862799,0.614182,3.049735
3236,107.866667,1,541.771765,348.162205,429.615507,356.491343,485.693636,352.326774,3.211359,2.090687,-1.98913,3.483678,0.611115,2.787182
3237,107.9,1,542.209301,348.926951,429.914169,356.792105,486.061735,352.859528,3.182166,2.433843,-1.9708,3.317012,0.605683,2.875427
3238,107.933333,1,542.6266,349.222085,429.919538,357.190751,486.273069,353.206418,3.183367,2.728955,-1.955351,3.664176,0.614008,3.196566
3239,107.966667,1,542.605658,349.189668,429.686146,357.482001,486.145902,353.335834,3.172205,2.803135,-1.943339,3.429417,0.614433,3.116276
3240,108.0,1,542.365274,349.050198,430.249567,357.552608,486.307421,353.301403,3.164614,2.819242,-1.921355,3.911869,0.62163,3.365555
3241,108.033333,1,542.112627,348.822742,430.698719,357.647386,486.405673,353.235064,3.128621,2.422135,-1.945348,4.193887,0.591637,3.308011
3242,108.066667,1,542.521524,349.212692,431.284399,358.374635,486.902962,353.793663,3.119156,2.264936,-1.943954,3.934445,0.587601,3.099691
3243,108.1,1,542.968168,349.696761,431.548977,359.139681,487.258573,354.418221,3.133293,2.45122,-1.962269,4.368875,0.585512,3.410048
3244,108.133333,1,543.590555,350.60007,431.962624,359.640203,487.776589,355.120136,3.08535,2.407611,-1.943953,3.606211,0.570698,3.006911
3245,108.166667,1,544.930878,351.399497,432.048321,359.836176,488.489599,355.617836,3.131098,2.872123,-1.920218,3.258965,0.60544,3.065544
3246,108.2,1,545.230465,351.912453,432.256813,360.255357,488.743639,356.083905,3.101403,2.927654,-1.947805,3.204459,0.576799,3.066056
3247,108.233333,1,544.99691,352.313561,432.450552,360.693496,488.723731,356.503529,3.0985,3.039001,-1.907392,4.024316,0.595554,3.531658
3248,108.266667,1,544.875698,352.810569,432.557535,361.192043,488.716617,357.001306,3.084656,3.265034,-1.93321,4.711128,0.575723,3.988081
3249,108.3,1,544.948406,353.225904,432.976236,361.892878,488.962321,357.559391,3.079681,3.547557,-1.909105,4.745862,0.585288,4.146709
3250,108.333333,1,545.040207,353.489131,432.639961,362.382993,488.840084,357.936062,3.092916,3.091627,-1.892208,4.274056,0.600354,3.682842
3251,108.366667,1,545.909128,354.292619,432.715025,362.456378,489.312077,358.374498,3.078844,2.825674,-1.913244,4.442362,0.5828,3.634018
3252,108.4,1,546.132164,354.747612,432.6087,362.689338,489.370432,358.718475,3.074988,3.028519,-1.888175,4.086328,0.593407,3.557423
3253,108.433333,1,546.25555,355.291339,433.043375,363.90256,489.649463,359.59695,3.046933,2.842679,-1.898349,4.171822,0.574292,3.50725
3254,108.466667,1,546.825705,356.181151,433.135157,364.565222,489.980431,360.373186,3.06271,2.774679,-1.871083,4.123257,0.595814,3.448968
3255,108.5,1,546.8472,356.898787,433.095522,365.37792,489.971361,361.138354,3.070971,2.978312,-1.892031,4.190653,0.58947,3.584483
3256,108.533333,1,547.593622,357.101948,434.484234,365.662487,491.038928,361.382217,3.059877,3.273243,-1.880762,4.185365,0.589557,3.729304
3257,108.566667,1,547.987242,357.343127,434.655781,366.117963,491.321511,361.730545,3.03409,2.77931,-1.891031,4.20463,0.571529,3.49197
3258,108.6,1,549.508944,357.820405,435.121899,365.525683,492.315421,361.673044,3.073338,2.833938,-1.912451,4.155883,0.580443,3.494911
3259,108.633333,1,550.742159,358.203714,435.705853,365.681525,493.224006,361.942619,3.054949,2.751404,-1.909137,3.850108,0.572906,3.300756
3260,108.666667,1,551.40605,358.237944,436.449633,365.507889,493.927841,361.872917,3.0981,2.835007,-1.899217,3.976765,0.599441,3.405886
3261,108.7,1,552.148666,358.794492,437.158642,365.675576,494.653654,362.235034,3.080978,2.677543,-1.883031,3.437311,0.598973,3.057427
3262,108.733333,1,552.711411,359.098488,437.85943,365.651752,495.28542,362.37512,3.082599,3.059596,-1.899901,3.440547,0.591349,3.250071
3263,108.766667,1,553.8801,358.986264,438.773699,365.518468,496.3269,362.252366,3.072424,3.552188,-1.907327,3.580624,0.582549,3.566406
3264,108.8,1,554.774647,359.119399,439.686413,365.630794,497.23053,362.375096,3.094506,3.929957,-1.916839,3.776003,0.588834,3.85298
3265,108.833333,1,555.539093,359.856405,440.573111,365.728877,498.056102,362.792641,3.104522,3.601883,-1.896073,3.360082,0.604225,3.480982
3266,108.866667,1,555.203104,360.556,441.497784,366.649486,498.350444,363.602743,3.059747,4.491016,-1.891559,3.380856,0.584094,3.935936
3267,108.9,1,551.360092,366.605149,444.492435,371.214166,497.926264,368.909657,2.891124,24.42035,-1.853511,5.659316,0.518807,15.039833
3268,108.933333,1,553.812132,370.767299,441.779766,376.446222,497.795949,373.606761,2.818392,-16.745611,-1.895425,6.024085,0.461483,-5.360763
3269,108.966667,1,551.667337,369.262633,441.886168,375.002711,496.776752,372.132672,2.8203,-6.099276,-1.88067,10.379009,0.469815,2.139867
3270,109.0,1,552.728596,366.710281,441.190605,372.274904,496.9596,369.492593,2.984797,4.97673,-1.916236,6.19104,0.534281,5.583885
3271,109.033333,1,556.658754,364.538099,443.601189,370.312096,500.129972,367.425098,3.113913,5.900802,-1.895757,5.832398,0.609078,5.8666
3272,109.066667,1,556.758356,364.007832,442.162666,369.777521,499.460511,366.892676,3.108629,6.879049,-1.911283,4.334104,0.598673,5.606576
3273,109.1,1,557.299347,363.193384,441.697903,369.333165,499.498625,366.263275,3.135852,4.977402,-1.957008,4.203285,0.589422,4.590343
3274,109.133333,1,556.825323,362.979988,441.974106,368.923763,499.399714,365.951875,3.132857,5.944394,-1.950866,4.395994,0.590996,5.170194
3275,109.166667,1,556.576796,362.712513,441.813669,368.681334,499.195232,365.696923,3.155316,5.022746,-1.935893,4.060581,0.609711,4.541663
3276,109.2,1,555.806208,362.29066,441.964045,368.037819,498.885126,365.164239,3.142248,5.120354,-1.898692,3.79805,0.621778,4.459202
3277,109.233333,1,554.829645,362.081877,442.181816,367.602046,498.505731,364.841961,3.1609,5.342807,-1.867468,3.795037,0.646716,4.568922
3278,109.266667,1,554.451809,361.926175,442.050009,367.078333,498.250909,364.502254,3.174227,5.520793,-1.861334,3.72345,0.656446,4.622122
3279,109.3,1,554.010601,361.789361,441.668396,366.990888,497.839499,364.390124,3.16936,4.747692,-1.851325,3.519965,0.659017,4.133829
3280,109.333333,1,553.964205,361.504923,441.609707,367.155511,497.786956,364.330217,3.141548,4.266928,-1.855343,3.338494,0.643102,3.802711
3281,109.366667,1,554.187164,361.447814,441.371574,366.929412,497.779369,364.188613,3.127519,4.611887,-1.865465,3.410348,0.631027,4.011118
3282,109.4,1,553.910799,361.341244,441.582527,366.846961,497.746663,364.094102,3.117159,4.526072,-1.855796,3.425493,0.630682,3.975783
3283,109.433333,1,554.028616,361.210449,441.781235,366.782781,497.904925,363.996615,3.091003,4.129854,-1.860435,3.461372,0.615284,3.795613
3284,109.466667,1,554.313202,361.157631,441.759071,366.786724,498.036137,363.972177,3.033972,3.809115,-1.882455,3.586444,0.575759,3.69778
3285,109.5,1,554.793482,361.175516,442.299471,366.601624,498.546476,363.88857,3.02059,3.285888,-1.891516,3.006907,0.564537,3.146397
3286,109.533333,1,555.109758,360.845089,442.654037,366.48571,498.881898,363.6654,3.013508,3.138314,-1.885942,2.899132,0.563783,3.018723
3287,109.566667,1,555.270624,360.768673,442.439632,366.615781,498.855128,363.692227,3.013957,3.169405,-1.904648,2.777002,0.554655,2.973204
3288,109.6,1,555.257111,360.522167,442.647638,366.45082,498.952374,363.486494,2.989986,3.249014,-1.924936,2.819283,0.532525,3.034148
3289,109.633333,1,555.414028,360.38612,442.629957,366.455884,499.021993,363.421002,2.992074,3.357125,-1.923364,2.947218,0.534355,3.152171
3290,109.666667,1,555.475788,360.315546,442.853575,366.215461,499.164681,363.265504,2.997821,3.168978,-1.918074,2.903855,0.539874,3.036417
3291,109.7,1,555.543003,360.115952,442.864065,366.1467,499.203534,363.131326,2.986277,3.143899,-1.929972,2.895995,0.528153,3.019947
3292,109.733333,1,555.527105,359.748859,443.12994,365.865857,499.328523,362.807358,2.992887,3.173681,-1.944017,2.934613,0.524435,3.054147
3293,109.766667,1,555.583868,359.685844,443.366423,365.703589,499.475145,362.694716,2.987297,3.166686,-1.938867,2.860891,0.524215,3.013788
3294,109.8,1,555.622787,359.549443,443.466644,365.437042,499.544716,362.493242,2.9841,3.171867,-1.943615,2.805867,0.520243,2.988867
3295,109.833333,1,555.697489,359.40169,443.510675,365.290475,499.604082,362.346083,2.987188,3.148938,-1.948674,2.824495,0.519257,2.986716
3296,109.866667,1,556.073074,359.40625,443.397837,365.406352,499.735456,362.406301,2.989165,3.239811,-1.943886,2.986525,0.522639,3.113168
3297,109.9,1,555.986099,359.35002,443.520336,365.32985,499.753218,362.339935,2.973036,3.16315,-1.934503,2.929459,0.519267,3.046304
3298,109.933333,1,556.404638,359.308473,443.65571,365.271442,500.030174,362.289957,2.967418,3.269471,-1.932388,3.114518,0.517515,3.191994
3299,109.966667,1,556.479931,359.282611,443.570051,365.54742,500.024991,362.415015,2.970477,3.221952,-1.927681,3.027119,0.521398,3.124536
3300,110.0,1,556.640968,359.446526,443.416815,365.536112,500.028892,362.491319,2.976751,3.263385,-1.939659,3.095278,0.518546,3.179332
3301,110.033333,1,556.836109,359.537196,443.572636,365.3049,500.204372,362.421048,2.961438,3.202329,-1.945425,3.06903,0.508006,3.13568
3302,110.066667,1,556.762819,359.552103,443.527355,365.316267,500.145087,362.434185,2.968224,3.284743,-1.940954,2.996972,0.513635,3.140858
3303,110.1,1,556.881886,359.576227,443.740568,365.218093,500.311227,362.39716,2.970396,3.31806,-1.933081,3.003107,0.518657,3.160583
3304,110.133333,1,557.104883,359.60954,443.99292,365.167973,500.548902,362.388757,2.976578,3.286232,-1.934148,3.064436,0.521215,3.175334
3305,110.166667,1,557.107658,359.6197,443.917131,365.016755,500.512395,362.318228,2.979932,3.318285,-1.928286,2.981599,0.525823,3.149942
3306,110.2,1,557.170668,359.663951,443.885803,364.942882,500.528235,362.303417,2.99155,3.245442,-1.925637,3.058292,0.532957,3.151867
3307,110.233333,1,557.273331,359.704571,443.933811,364.853243,500.603571,362.278907,2.982576,3.295105,-1.931852,3.054525,0.525362,3.174815
3308,110.266667,1,557.438622,359.819294,444.606209,364.763914,501.022415,362.291604,2.971735,3.132015,-1.925823,3.073189,0.522956,3.102602
3309,110.3,1,557.63958,359.795138,444.514112,364.804936,501.076846,362.300037,2.980881,3.321306,-1.905684,3.001724,0.537599,3.161515
3310,110.333333,1,557.724743,359.851491,444.572258,364.853565,501.1485,362.352528,2.972488,3.227904,-1.904311,2.890863,0.534088,3.059383
3311,110.366667,1,557.815046,359.82078,444.497738,364.8641,501.156392,362.34244,2.974484,3.277566,-1.899555,2.912929,0.537465,3.095247
3312,110.4,1,557.783899,359.841911,444.646139,364.875741,501.215019,362.358826,2.985951,3.168144,-1.900909,2.951266,0.542521,3.059705
3313,110.433333,1,557.865343,359.869221,444.732132,364.82126,501.298738,362.34524,2.967799,3.101584,-1.895268,2.876275,0.536266,2.988929
3314,110.466667,1,558.004208,359.944151,444.679041,364.836806,501.341624,362.390479,2.970499,3.111505,-1.911585,2.902223,0.529457,3.006864
3315,110.5,1,558.195314,360.128349,444.785109,364.881417,501.490211,362.504883,2.975132,3.148001,-1.895279,2.972286,0.539927,3.060144
3316,110.533333,1,558.033113,360.295113,444.918547,365.295496,501.47583,362.795304,2.966351,3.14442,-1.902811,2.86526,0.53177,3.00484
3317,110.566667,1,558.275232,360.757236,445.523129,365.355529,501.89918,363.056383,2.981216,3.005877,-1.882136,2.853909,0.54954,2.929893
3318,110.6,1,558.35597,360.856977,445.525351,365.422145,501.94066,363.139561,2.984152,3.130779,-1.887733,2.866674,0.54821,2.998727
3319,110.633333,1,558.394423,360.864846,445.606632,365.616063,502.000527,363.240454,2.969045,3.050723,-1.896612,2.876813,0.536216,2.963768
3320,110.666667,1,558.639431,361.175478,445.5478,365.702569,502.093616,363.439024,2.982686,3.14188,-1.907019,2.772336,0.537834,2.957108
3321,110.7,1,558.792963,361.119779,445.501957,365.614647,502.14746,363.367213,2.984519,3.025437,-1.903893,2.603397,0.540313,2.814417
3322,110.733333,1,559.00135,361.271013,445.290461,365.973306,502.145905,363.62216,3.000024,2.987561,-1.917505,2.668194,0.54126,2.827877
3323,110.766667,1,559.190979,361.380286,444.909153,366.069855,502.050066,363.725071,3.004802,2.981027,-1.932854,2.64912,0.535974,2.815074
3324,110.8,1,559.361181,361.45255,445.247068,365.892904,502.304125,363.672727,3.007315,3.057801,-1.935098,2.728845,0.536108,2.893323
3325,110.833333,1,559.753428,361.478375,445.707417,365.739144,502.730422,363.608759,3.011679,3.108174,-1.917427,2.762759,0.547126,2.935467
3326,110.866667,1,559.685497,361.559361,445.857258,365.835124,502.771378,363.697243,3.013985,3.112065,-1.92216,2.729396,0.545913,2.92073
3327,110.9,1,559.655895,361.516548,446.015596,365.781539,502.835746,363.649043,3.015942,3.24797,-1.930238,2.873406,0.542852,3.060688
3328,110.933333,1,559.432793,361.642778,445.719461,366.156678,502.576127,363.899728,3.027178,3.486131,-1.938179,3.02768,0.544499,3.256905
3329,110.966667,1,555.112066,368.777604,448.838501,373.081369,501.975284,370.929487,2.915284,22.845455,-1.805334,9.008131,0.554975,15.926793
3330,111.0,1,557.235136,371.414119,447.398319,375.432175,502.316728,373.423147,2.810533,43.249038,-1.793622,13.144606,0.508456,28.196822
3331,111.033333,1,556.147795,369.188401,449.127779,373.231037,502.637787,371.209719,2.883675,34.928032,-1.763617,17.877397,0.560029,26.402715
3332,111.066667,1,558.479118,367.054355,446.279106,371.712273,502.379112,369.383314,2.976594,16.105874,-1.886507,10.408726,0.545044,13.2573
3333,111.1,1,559.021978,365.347268,447.025747,369.219954,503.023863,367.283611,3.032392,9.532092,-1.938204,6.255487,0.547094,7.893789
3334,111.133333,1,559.911633,363.853202,446.189718,367.849233,503.050675,365.851218,3.038175,4.122475,-1.9879,4.489375,0.525137,4.305925
3335,111.166667,1,561.097946,363.241911,446.598711,367.085634,503.848329,365.163773,3.054353,3.662334,-1.984397,4.259675,0.534978,3.961004
3336,111.2,1,561.281204,362.736315,446.624832,366.961191,503.953018,364.848753,3.046269,3.418993,-1.943904,3.433582,0.551182,3.426288
3337,111.233333,1,561.738291,362.677601,446.916924,366.36611,504.327607,364.521856,3.025576,3.163988,-1.925914,3.247451,0.549831,3.20572
3338,111.266667,1,561.503172,362.416477,447.049503,366.181403,504.276338,364.29894,3.018627,3.229506,-1.908101,2.981899,0.555263,3.105702
3339,111.3,1,561.659184,362.400711,446.83816,365.872445,504.248672,364.136578,3.040147,3.4116,-1.905471,3.014542,0.567338,3.213071
3340,111.333333,1,561.265354,362.240846,446.987667,365.91338,504.126511,364.077113,3.015301,3.119069,-1.893866,2.762876,0.560717,2.940972
3341,111.366667,1,561.25493,362.295805,446.969442,365.72944,504.112186,364.012622,3.018091,2.995352,-1.886965,2.761413,0.565563,2.878382
3342,111.4,1,561.226044,362.080128,446.95116,365.73835,504.088602,363.909239,3.022432,2.942624,-1.881905,2.683475,0.570264,2.81305
3343,111.433333,1,561.095905,362.145681,446.932745,365.731071,504.014325,363.938376,3.018836,2.954726,-1.88482,2.655065,0.567008,2.804896
3344,111.466667,1,561.104717,362.017279,446.960115,365.807664,504.032416,363.912471,3.008549,2.864228,-1.886406,2.630617,0.561071,2.747422
3345,111.5,1,561.258039,361.89688,446.81077,365.648169,504.034405,363.772524,3.031057,2.93956,-1.894649,2.771185,0.568204,2.855373
3346,111.533333,1,561.137352,361.994185,446.869993,365.583635,504.003673,363.78891,3.013105,3.018703,-1.899043,2.775194,0.557031,2.896948
3347,111.566667,1,561.235142,361.960459,446.605721,366.03129,503.920431,363.995875,3.023525,3.094364,-1.916826,2.945702,0.553349,3.020033
3348,111.6,1,559.99485,362.147554,447.011547,366.654823,503.503199,364.401188,3.018985,3.770682,-1.965716,4.121442,0.526635,3.946062
3349,111.633333,1,555.866432,369.672282,448.224592,375.14726,502.045512,372.409771,2.812119,23.130789,-1.786223,22.835976,0.512948,22.983383
3350,111.666667,1,555.810738,371.076601,447.245102,377.054397,501.52792,374.065499,2.794864,14.573689,-1.796885,18.589818,0.49899,16.581753
3351,111.7,1,555.825605,369.815683,448.041477,374.681983,501.933541,372.248833,2.804457,36.651638,-1.762914,22.888627,0.520771,29.770132
3352,111.733333,1,556.493559,366.319638,448.418503,372.060167,502.456031,369.189903,2.967059,8.152352,-1.858261,7.903128,0.554399,8.02774
3353,111.766667,1,560.803652,364.246205,446.604443,369.639773,503.704047,366.942989,3.055929,5.267248,-1.939454,5.475781,0.558237,5.371514
3354,111.8,1,559.168711,362.999863,446.252117,367.802718,502.710414,365.40129,3.01513,4.116107,-1.942314,3.639812,0.536408,3.877959
3355,111.833333,1,559.90531,362.63865,447.089996,366.509244,503.497653,364.573947,3.000987,3.052145,-1.900469,2.898378,0.550259,2.975261
3356,111.866667,1,559.812107,362.360001,446.576385,366.434292,503.194246,364.397146,2.996756,3.032645,-1.898344,2.726087,0.549206,2.879366
3357,111.9,1,560.360146,362.121681,446.71979,366.171817,503.539968,364.146749,3.017816,2.967289,-1.912385,3.055928,0.552715,3.011608
3358,111.933333,1,560.346251,362.024381,446.839714,365.972829,503.592982,363.998605,3.014535,2.94638,-1.900356,2.89288,0.557089,2.91963
3359,111.966667,1,560.492897,362.010251,446.844349,366.004082,503.668623,364.007167,3.005498,2.877754,-1.903139,2.93382,0.551179,2.905787
3360,112.0,1,561.052475,361.994319,446.704588,366.044658,503.878531,364.019489,3.016563,2.949743,-1.921681,3.175035,0.547441,3.062389
3361,112.033333,1,561.125326,362.040238,446.885958,366.113398,504.005642,364.076818,3.028697,2.987912,-1.916466,3.07984,0.556116,3.033876
3362,112.066667,1,561.488819,362.307687,447.206068,366.444544,504.347444,364.376115,3.022471,2.977535,-1.911914,3.042862,0.555278,3.010198
3363,112.1,1,561.769037,362.820187,447.357664,366.539891,504.563351,364.680039,3.012922,2.951639,-1.910418,3.067955,0.551252,3.009797
3364,112.133333,1,561.540527,362.619992,447.68281,366.770185,504.611669,364.695089,3.044288,3.092496,-1.91865,3.071935,0.562819,3.082216
3365,112.166667,1,561.865931,363.461562,447.899847,367.24396,504.882889,365.352761,3.037058,3.371003,-1.94255,3.388848,0.547254,3.379926
3366,112.2,1,562.045193,363.617367,448.127213,368.289539,505.086203,365.953453,3.032441,3.412005,-1.995839,4.339397,0.518301,3.875701
3367,112.233333,1,562.453718,363.56611,448.454523,368.094692,505.454121,365.830401,3.05094,3.435148,-2.012978,4.842944,0.518981,4.139046
3368,112.266667,1,562.129126,363.482376,448.417454,368.215424,505.27329,365.8489,3.018256,3.452926,-1.991312,4.587381,0.513472,4.020154
3369,112.3,1,557.713957,370.897472,448.354416,375.096964,503.034186,372.997218,2.871607,12.388256,-1.804034,16.439212,0.533787,14.413734
3370,112.333333,1,558.070583,373.426763,449.872265,376.099809,503.971424,374.763286,2.857226,30.29352,-1.733837,22.176863,0.561694,26.235192
3371,112.366667,1,557.003117,370.237616,447.545633,374.321709,502.274375,372.279662,2.911614,29.713974,-1.808816,26.858805,0.551399,28.28639
3372,112.4,1,558.603344,368.485045,448.280478,371.520678,503.441911,370.002861,2.999563,5.084737,-1.866211,7.54018,0.566676,6.312459
3373,112.433333,1,561.034079,364.880451,447.817068,369.793625,504.425573,367.337038,3.076613,4.543519,-1.951115,5.65009,0.562749,5.096805
3374,112.466667,1,561.880627,363.585416,448.633614,369.064397,505.25712,366.324906,3.091846,4.595453,-1.967096,6.222555,0.562375,5.409004
3375,112.5,1,563.035088,363.044651,448.384743,367.561045,505.709915,365.302848,3.090166,3.60064,-1.993378,5.454479,0.548394,4.527559
3376,112.533333,1,562.777719,362.884657,448.558578,367.466058,505.668149,365.175357,3.049127,3.535369,-1.982576,4.537067,0.533276,4.036218
3377,112.566667,1,563.570175,362.860227,449.824104,366.738514,506.69714,364.79937,3.056483,3.07901,-1.954869,4.389063,0.550807,3.734036
3378,112.6,1,563.378811,362.775915,449.530945,366.856209,506.454878,364.816062,3.035047,3.412347,-1.971972,4.212122,0.531538,3.812234
3379,112.633333,1,563.800468,362.765443,449.935188,366.716439,506.867828,364.740941,3.035966,3.093508,-1.957798,4.345092,0.539084,3.7193
3380,112.666667,1,564.235659,362.799314,449.940243,366.848624,507.087951,364.823969,3.047259,3.069675,-1.984469,4.307038,0.531395,3.688357
3381,112.7,1,564.317722,363.012872,449.638309,367.362937,506.978016,365.187905,3.040448,3.599831,-1.998094,4.491232,0.521177,4.045532
3382,112.733333,1,563.898973,363.637301,450.098886,367.891359,506.99893,365.76433,3.022098,3.595534,-2.00871,4.757968,0.506694,4.176751
3383,112.766667,1,563.318653,368.29221,453.292131,370.346879,508.305392,369.319544,3.007004,7.960207,-1.850358,13.742816,0.578323,10.851512
3384,112.8,1,558.856106,372.835679,456.624584,374.224023,507.740345,373.529851,2.816807,23.600452,-1.684405,31.367694,0.566201,27.484073
3385,112.833333,1,562.333364,372.144871,456.265545,373.148414,509.299455,372.646642,2.929719,24.352664,-1.713588,32.891894,0.608065,28.622279
3386,112.866667,1,566.688662,370.353627,454.70253,371.553669,510.695596,370.953648,3.037757,8.605543,-1.873671,10.921471,0.582043,9.763507
3387,112.9,1,564.52446,367.843316,453.559456,369.597588,509.041958,368.720452,2.99676,6.116158,-1.958686,7.093553,0.519037,6.604856
3388,112.933333,1,565.577316,366.251344,453.174591,368.284357,509.375954,367.26785,3.00126,4.02936,-1.993348,5.015072,0.503956,4.522216
3389,112.966667,1,566.15344,365.157486,453.385773,367.956596,509.769607,366.557041,2.994685,3.555013,-1.99102,4.214187,0.501833,3.8846
3390,113.0,1,566.200371,365.064365,453.007231,367.986009,509.603801,366.525187,2.988307,3.211124,-1.999676,3.985944,0.494315,3.598534
3391,113.033333,1,566.057129,364.883713,452.777586,367.875556,509.417357,366.379634,2.996963,3.257419,-1.983471,3.775603,0.506746,3.516511
3392,113.066667,1,565.745821,364.654056,452.666407,367.682185,509.206114,366.168121,2.992672,3.1624,-1.978361,3.390507,0.507156,3.276453
3393,113.1,1,565.519304,364.446963,452.55271,367.792026,509.036007,366.119495,2.983028,3.13238,-1.970072,3.223485,0.506478,3.177933
3394,113.133333,1,565.56694,364.280387,451.946888,367.624957,508.756914,365.952672,3.010546,3.070657,-1.979441,3.464992,0.515552,3.267824
3395,113.166667,1,565.302582,364.16046,451.976118,367.591821,508.63935,365.876141,3.005448,3.17963,-1.972993,3.363808,0.516228,3.271719
3396,113.2,1,565.003958,364.114712,451.653643,367.757238,508.3288,365.935975,2.99286,3.002523,-1.969003,3.41887,0.511929,3.210697
3397,113.233333,1,564.549475,363.884209,451.60017,367.511719,508.074822,365.697964,2.993952,3.00974,-1.962097,3.242749,0.515928,3.126244
3398,113.266667,1,564.304228,363.686879,451.029577,367.412279,507.666903,365.549579,3.0038,2.743916,-1.959633,3.487855,0.522084,3.115885
3399,113.3,1,564.426889,363.747808,450.887003,367.338948,507.656946,365.543378,3.019594,2.974434,-1.952609,3.47659,0.533493,3.225512
3400,113.333333,1,564.09503,363.598827,450.369749,367.58754,507.232389,365.593184,3.02634,2.793366,-1.944385,3.552179,0.540977,3.172773
3401,113.366667,1,563.592453,363.449192,450.331278,367.55331,506.961865,365.501251,3.004877,2.871694,-1.933923,3.322918,0.535477,3.097306
3402,113.4,1,563.490067,363.415504,449.820166,367.450442,506.655116,365.432973,3.021046,2.781602,-1.931423,3.385372,0.544811,3.083487
3403,113.433333,1,563.556337,363.455565,449.421902,367.461433,506.48912,365.458499,3.02653,2.635807,-1.927585,3.417877,0.549472,3.026842
3404,113.466667,1,563.632641,363.361323,449.334841,367.472382,506.483741,365.416853,3.025597,2.52733,-1.924287,3.462957,0.550655,2.995144
3405,113.5,1,563.576508,363.308676,449.431124,367.346828,506.503816,365.327752,3.019041,2.488235,-1.938727,3.472041,0.540157,2.980138
3406,113.533333,1,563.609848,363.351501,449.396439,367.481984,506.503143,365.416743,3.018872,2.576741,-1.927775,3.530381,0.545549,3.053561
3407,113.566667,1,563.521385,363.255247,449.538841,367.306541,506.530113,365.280894,3.014384,2.571965,-1.939585,3.28902,0.537399,2.930492
3408,113.6,1,563.640413,363.395773,449.518147,367.277412,506.57928,365.336593,3.026236,2.582752,-1.927876,3.24498,0.54918,2.913866
3409,113.633333,1,563.67034,363.559667,449.544964,367.323096,506.607652,365.441381,3.029143,2.636268,-1.920469,3.231444,0.554337,2.933856
3410,113.666667,1,563.612719,363.508587,449.552689,367.328407,506.582704,365.418497,3.024685,2.668809,-1.918059,3.183042,0.553313,2.925926
3411,113.7,1,563.709526,363.593028,449.572439,367.301552,506.640983,365.44729,3.031438,2.685091,-1.915205,3.232256,0.558116,2.958674
3412,113.733333,1,563.44882,363.402071,449.67351,367.335509,506.561165,365.36879,3.020196,2.661326,-1.917908,3.178512,0.551144,2.919919
3413,113.766667,1,563.467865,363.24167,449.473696,367.368211,506.47078,365.30494,3.024439,2.549591,-1.925971,3.1889,0.549234,2.869245
3414,113.8,1,563.283272,363.202729,449.416618,367.374321,506.349945,365.288525,3.022611,2.552459,-1.918319,3.132629,0.552146,2.842544
3415,113.833333,1,563.30862,363.129483,449.424314,367.438211,506.366467,365.283847,3.034122,2.557751,-1.916486,3.245197,0.558818,2.901474
3416,113.866667,1,562.96566,363.187741,449.309025,367.415219,506.137342,365.30148,3.023291,2.49945,-1.92175,3.084119,0.550771,2.791785
3417,113.9,1,563.008718,363.257291,449.233112,367.42105,506.120915,365.33917,3.017449,2.476385,-1.921142,3.121102,0.548153,2.798743
3418,113.933333,1,562.895823,363.353287,448.940535,367.565846,505.918179,365.459567,3.020934,2.523644,-1.918887,3.099946,0.551024,2.811795
3419,113.966667,1,562.668591,363.299321,448.640232,367.660684,505.654411,365.480002,3.043063,2.596056,-1.927184,2.931426,0.557939,2.763741
3420,114.0,1,562.188692,363.363227,448.352537,367.522475,505.270615,365.442851,3.049448,2.653151,-1.916597,2.852582,0.566426,2.752866
3421,114.033333,1,561.677589,363.580433,447.999859,367.773315,504.838724,365.676874,3.046659,2.67369,-1.916995,2.731309,0.564832,2.702499
3422,114.066667,1,561.137218,363.630692,447.99181,367.717724,504.564514,365.674208,3.046611,2.662459,-1.908477,2.582742,0.569067,2.622601
3423,114.1,1,560.796967,363.680908,447.743082,367.64495,504.270024,365.662929,3.035421,2.691355,-1.924983,2.602566,0.555219,2.64696
3424,114.133333,1,560.939999,363.819063,447.521305,367.536846,504.230652,365.677955,3.030709,2.745602,-1.908035,2.516958,0.561337,2.63128
3425,114.166667,1,561.017447,363.791501,447.611275,367.74181,504.314361,365.766656,3.027848,2.680479,-1.914042,2.580195,0.556903,2.630337
3426,114.2,1,561.008062,363.90476,447.716589,367.638234,504.362326,365.771497,3.02744,2.637667,-1.904448,2.580099,0.561496,2.608883
3427,114.233333,1,561.237822,364.07037,447.407875,368.028313,504.322848,366.049342,3.033227,2.639746,-1.912178,2.591733,0.560525,2.615739
3428,114.266667,1,561.455584,364.092686,447.217093,367.974433,504.336338,366.033559,3.0244,2.699571,-1.915566,2.674574,0.554417,2.687073
3429,114.3,1,561.489506,364.184729,447.339735,367.912672,504.41462,366.048701,3.028294,2.722289,-1.916874,2.63041,0.55571,2.67635
3430,114.333333,1,561.639404,364.189825,447.360392,368.007993,504.499898,366.098909,3.034865,2.781668,-1.913011,2.747493,0.560927,2.76458
3431,114.366667,1,561.710138,364.203392,447.280035,367.937611,504.495087,366.070502,3.051854,2.990406,-1.923491,2.736539,0.564182,2.863473
3432,114.4,1,561.729336,364.234747,447.184153,367.940251,504.456744,366.087499,3.042408,2.860906,-1.920363,2.725816,0.561022,2.793361
3433,114.433333,1,561.65451,364.207254,447.200832,367.989357,504.427671,366.098305,3.049868,2.903742,-1.921962,2.724766,0.563953,2.814254
3434,114.466667,1,561.792555,364.299168,447.201166,367.948732,504.496861,366.12395,3.052904,2.964958,-1.919727,2.742084,0.566589,2.853521
3435,114.5,1,561.659842,364.204481,447.314301,367.920306,504.487071,366.062393,3.045108,2.856732,-1.92718,2.693023,0.558964,2.774877
3436,114.533333,1,561.797657,364.28278,447.075424,368.11564,504.436541,366.19921,3.058869,3.022474,-1.926497,2.814667,0.566186,2.918571
3437,114.566667,1,561.795664,364.335662,447.354565,368.070703,504.575114,366.203182,3.043175,2.960747,-1.926085,2.754227,0.558545,2.857487
3438,114.6,1,561.316767,364.28131,447.288475,367.998133,504.302621,366.139721,3.046426,2.918467,-1.923236,2.633566,0.561595,2.776016
3439,114.633333,1,561.403856,364.371899,447.505159,367.921534,504.454508,366.146716,3.037258,2.844866,-1.912305,2.611038,0.562477,2.727952
3440,114.666667,1,561.226606,364.398887,446.86554,368.437838,504.046073,366.418363,3.049807,2.71693,-1.929499,2.65528,0.560154,2.686105
3441,114.7,1,561.574039,364.496493,447.036028,368.457971,504.305034,366.477232,3.042838,2.85226,-1.932473,2.700731,0.555183,2.776495
3442,114.733333,1,561.108541,364.475394,446.295214,368.619847,503.701878,366.547621,3.032499,2.767904,-1.942385,2.65343,0.545057,2.710667
3443,114.766667,1,561.541405,364.598851,446.842365,368.533443,504.191885,366.566147,3.030335,2.846395,-1.930458,2.765747,0.549938,2.806071
3444,114.8,1,561.186962,364.54834,446.82538,368.516534,504.006171,366.532437,3.022357,2.891283,-1.923674,2.593991,0.549342,2.742637
3445,114.833333,1,561.388941,364.574089,447.016811,368.514919,504.202876,366.544504,3.017755,2.779602,-1.919556,2.677134,0.5491,2.728368
3446,114.866667,1,561.340399,364.517816,446.931467,368.514694,504.135933,366.516255,3.018893,2.843968,-1.930051,2.665794,0.544421,2.754881
3447,114.9,1,561.457348,364.49836,446.866446,368.669275,504.161897,366.583817,3.016808,2.803509,-1.930967,2.688434,0.542921,2.745972
3448,114.933333,1,561.467943,364.523883,446.663132,368.648654,504.065537,366.586269,3.025598,2.87413,-1.93482,2.70588,0.545389,2.790005
3449,114.966667,1,561.241817,364.550931,446.71895,368.689134,503.980384,366.620032,3.017778,2.871932,-1.937516,2.690353,0.540131,2.781142
3450,115.0,1,561.39205,364.518793,446.799469,368.619955,504.095759,366.569374,3.016311,2.868352,-1.931319,2.705186,0.542496,2.786769
3451,115.033333,1,561.443834,364.551548,446.928463,368.623554,504.186149,366.587551,3.018612,2.747611,-1.925956,2.716436,0.546328,2.732023
3452,115.066667,1,561.527386,364.8507,446.542645,368.89119,504.035015,366.870945,3.027626,2.910142,-1.941115,2.739636,0.543256,2.824889
3453,115.1,1,561.345139,365.276179,446.418066,369.107977,503.881602,367.192078,3.020737,3.250048,-1.941449,2.704152,0.539644,2.9771
3454,115.133333,1,561.094141,365.314212,446.552067,369.821799,503.823104,367.568006,3.036002,3.121123,-1.972355,3.284837,0.531824,3.20298
3455,115.166667,1,559.102678,370.336397,449.249706,374.739329,504.176192,372.537863,2.976945,10.81193,-1.875989,7.072559,0.550478,8.942245
3456,115.2,1,557.588758,371.783245,448.642263,376.861857,503.115511,374.322551,2.865466,12.256774,-1.767654,33.408958,0.548906,22.832866
3457,115.233333,1,560.990572,370.841231,449.826565,374.985791,505.408568,372.913511,3.009145,13.581542,-1.817019,13.033965,0.596063,13.307753
3458,115.266667,1,561.575613,369.279939,448.488874,372.92931,505.032244,371.104624,3.059472,5.270415,-1.938011,5.261607,0.560731,5.266011
3459,115.3,1,561.233206,368.014789,448.568096,371.744256,504.900651,369.879523,3.083158,5.045376,-1.911341,4.105297,0.585909,4.575337
3460,115.333333,1,561.404352,366.995791,447.883015,371.084186,504.643683,369.039989,3.04498,4.067934,-1.945161,3.661502,0.549909,3.864718
3461,115.366667,1,561.847267,366.809775,447.316322,371.170735,504.581795,368.990255,3.033665,3.215885,-1.943879,3.355086,0.544893,3.285485
3462,115.4,1,561.90588,366.24945,447.198782,370.916033,504.552331,368.582742,3.047965,3.194971,-1.957079,3.498244,0.545443,3.346608
3463,115.433333,1,561.863852,365.960952,447.455578,370.673711,504.659715,368.317332,3.062644,3.210976,-1.950849,3.594896,0.555897,3.402936
3464,115.466667,1,561.917048,365.815802,446.961365,370.606345,504.439206,368.211073,3.037916,3.073783,-1.965614,3.49354,0.536151,3.283662
3465,115.5,1,561.719971,365.584751,446.815329,370.343038,504.26765,367.963894,3.034858,3.023552,-1.971338,3.344427,0.53176,3.18399
3466,115.533333,1,561.663189,365.546401,446.816101,370.391822,504.239645,367.969111,3.052099,2.999333,-1.969212,3.453392,0.541443,3.226362
3467,115.566667,1,561.696625,365.549405,446.808081,370.201696,504.252353,367.87555,3.059265,3.043006,-1.965541,3.381355,0.546862,3.212181
3468,115.6,1,561.716938,365.359247,447.145233,369.988868,504.431086,367.674057,3.05344,2.870878,-1.952376,3.37238,0.550532,3.121629
3469,115.633333,1,561.681709,365.305206,446.859522,369.896375,504.270616,367.60079,3.049584,3.121894,-1.967328,3.254853,0.541128,3.188373
3470,115.666667,1,561.738138,365.059998,446.682081,369.823591,504.21011,367.441794,3.047713,2.95364,-1.962427,3.171008,0.542643,3.062324
3471,115.7,1,561.804285,365.047671,446.853046,369.812787,504.328666,367.430229,3.045619,2.982018,-1.960028,3.144384,0.542795,3.063201
3472,115.733333,1,561.734238,365.040622,447.091436,369.847709,504.412837,367.444165,3.048168,2.90262,-1.964303,3.154192,0.541933,3.028406
3473,115.766667,1,561.64897,365.180504,447.101068,369.820404,504.375019,367.500454,3.045113,2.949001,-1.985353,3.250579,0.52988,3.09979
3474,115.8,1,561.554909,365.04788,446.940365,369.810909,504.247637,367.429394,3.036878,3.106836,-1.992855,3.265021,0.522011,3.185928
3475,115.833333,1,561.660213,365.024089,447.347307,369.675758,504.50376,367.349923,3.048323,3.019497,-1.985248,3.283294,0.531537,3.151396
3476,115.866667,1,561.814842,365.091578,447.871103,370.144973,504.842973,367.618276,3.020269,3.070695,-1.996303,3.699167,0.511983,3.384931
3477,115.9,1,561.994591,365.037543,447.753258,370.1152,504.873924,367.576371,3.032181,3.300894,-2.002412,3.895257,0.514885,3.598076
3478,115.933333,1,561.916952,365.324206,447.715149,370.213101,504.816051,367.768654,3.003051,3.331267,-2.013682,3.887128,0.494685,3.609197
3479,115.966667,1,561.869116,365.409844,448.116007,370.414181,504.992561,367.912012,3.012609,3.320702,-2.016887,4.135117,0.497861,3.72791
3480,116.0,1,562.061377,365.625536,449.033718,370.605444,505.547547,368.11549,3.017469,3.214096,-1.99195,4.085858,0.512759,3.649977
3481,116.033333,1,562.521973,365.991325,448.771553,370.61437,505.646763,368.302848,3.022592,3.443971,-1.999806,4.157737,0.511393,3.800854
3482,116.066667,1,562.469273,366.289458,448.684559,370.838217,505.576916,368.563837,3.015094,3.625053,-2.008814,4.103727,0.50314,3.86439
3483,116.1,1,562.737045,366.351546,448.967037,370.826275,505.852041,368.588911,3.015811,3.480172,-2.01266,4.278405,0.501575,3.879288
3484,116.133333,1,563.253012,366.380911,449.774714,370.703108,506.513863,368.54201,3.008591,4.050544,-1.994128,4.370633,0.507231,4.210589
3485,116.166667,1,564.017324,366.71917,450.199919,370.762428,507.108622,368.740799,2.995702,4.065686,-2.004384,4.466723,0.495659,4.266205
3486,116.2,1,563.969059,366.904816,450.873737,370.729909,507.421398,368.817362,3.005295,4.24979,-1.984292,4.388108,0.510502,4.318949
3487,116.233333,1,564.079857,367.09653,451.107121,370.762696,507.593489,368.929613,2.973614,3.963607,-1.984686,4.382568,0.494464,4.173087
3488,116.266667,1,564.682837,367.586644,451.943064,370.690985,508.31295,369.138815,2.933326,4.09932,-1.972686,4.281552,0.48032,4.190436
3489,116.3,1,565.469847,367.874418,452.240629,370.778092,508.855238,369.326255,2.932222,4.452955,-1.994248,4.568447,0.468987,4.510701
3490,116.333333,1,567.03434,368.52523,452.691889,370.874287,509.863114,369.699758,2.96256,4.48772,-2.007991,4.460483,0.477285,4.474101
3491,116.366667,1,568.051319,368.922368,453.555737,371.073039,510.803528,369.997703,3.001194,4.690325,-2.014009,4.335438,0.493592,4.512881
3492,116.4,1,569.984083,369.566292,454.772978,371.562037,512.378531,370.564165,3.005209,6.655145,-2.014456,4.605339,0.495377,5.630242
3493,116.433333,1,570.702333,371.357127,456.756392,371.676375,513.729362,371.516751,3.001732,7.651012,-1.954437,4.721866,0.523648,6.186439
3494,116.466667,1,569.390574,375.607989,460.95336,375.255643,515.171967,375.431816,2.840519,16.133331,-1.795627,10.535276,0.522446,13.334303
3495,116.5,1,569.497757,378.512628,454.287701,378.839611,511.892729,378.676119,2.843236,11.898856,-1.894471,44.465265,0.474383,28.18206
3496,116.533333,1,569.453259,381.419681,458.326006,379.781045,513.889632,380.600363,2.758575,14.848171,-1.840053,58.42471,0.459261,36.636441
3497,116.566667,1,572.227068,383.799326,462.892075,380.831301,517.559571,382.315314,2.753449,30.028417,-1.76414,51.66399,0.494655,40.846203
3498,116.6,1,574.207678,385.991271,463.489447,383.581681,518.848562,384.786476,2.770236,9.36918,-1.761702,67.510142,0.504267,38.439661
3499,116.633333,1,575.602455,387.603772,466.408377,384.487302,521.005416,386.045537,2.719494,8.531911,-1.736565,66.152335,0.491465,37.342123
3500,116.666667,1,578.169374,389.231068,466.675615,385.422342,522.422495,387.326705,2.772157,8.808316,-1.7652,101.846641,0.503479,55.327479
3501,116.7,1,581.738071,391.145929,466.161814,386.319766,523.949943,388.732848,2.689599,6.420401,-1.844007,93.71995,0.422796,50.070176
3502,116.733333,1,583.541374,392.434838,466.071281,387.490861,524.806328,389.96285,2.748792,4.949194,-1.883935,79.6696,0.432429,42.309397
3503,116.766667,1,586.55468,394.433502,470.614691,386.96326,528.584685,390.698381,2.766249,13.639458,-1.896042,64.542778,0.435104,39.091118
3504,116.8,1,587.390461,395.328963,475.080729,387.047449,531.235595,391.188206,2.735597,23.179197,-1.771615,88.656878,0.481991,55.918037
3505,116.833333,1,589.459391,396.626809,474.771042,387.56665,532.115216,392.096729,2.780151,16.309775,-1.835694,92.157261,0.472229,54.233518
3506,116.866667,1,590.831184,398.137321,478.45993,387.798103,534.645557,392.967712,2.766562,18.426138,-1.756754,105.375247,0.504904,61.900693
3507,116.9,1,593.936834,399.872367,480.294695,388.594354,537.115765,394.233361,2.783786,14.225302,-1.765451,106.227816,0.509168,60.226559
3508,116.933333,1,595.46072,400.643138,479.441538,389.103384,537.451129,394.873261,2.753612,12.527746,-1.836163,119.981717,0.458725,66.254732
3509,116.966667,1,596.700153,401.819823,478.118963,389.673128,537.409558,395.746475,2.7458,10.344505,-1.898878,111.648215,0.423461,60.99636
3510,117.0,1,599.137545,403.012837,480.285683,389.575785,539.711614,396.294311,2.758447,13.507918,-1.89542,118.77692,0.431513,66.142419
3511,117.033333,1,598.842649,403.916817,484.036379,389.927723,541.439514,396.92227,2.710847,23.908994,-1.835861,146.23385,0.437493,85.071422
3512,117.066667,1,600.698051,405.340533,486.711245,389.650254,543.704648,397.495394,2.719317,43.086378,-1.785036,132.652249,0.46714,87.869314
3513,117.1,1,601.548328,406.114608,490.624733,389.383138,546.086531,397.748873,2.702525,69.100477,-1.760599,112.798086,0.470963,90.949281
3514,117.133333,1,603.347807,406.752491,492.847118,389.523987,548.097463,398.138239,2.69914,67.802094,-1.751485,117.736986,0.473828,92.76954
3515,117.166667,1,606.071005,407.938939,489.343748,390.910356,547.707376,399.424648,2.744675,16.397419,-1.863399,124.047038,0.440638,70.222229
3516,117.2,1,607.380447,408.392673,492.908936,391.238251,550.144691,399.815462,2.735142,15.390941,-1.853655,106.552274,0.440743,60.971608
3517,117.233333,1,609.337654,409.446974,494.325943,391.761217,551.831799,400.604095,2.732922,13.710207,-1.881681,109.959661,0.425621,61.834934
3518,117.266667,1,611.416531,410.509536,496.997671,392.252576,554.207101,401.381056,2.747682,30.620372,-1.876874,88.357835,0.435404,59.489103
3519,117.3,1,612.951593,411.449425,497.580442,392.249315,555.266018,401.84937,2.713063,33.256782,-1.932496,102.048858,0.390283,67.65282
3520,117.333333,1,614.14217,413.145804,496.517973,393.402675,555.330071,403.27424,2.71667,16.082995,-1.950915,88.472623,0.382877,52.277809
3521,117.366667,1,615.140362,413.961647,498.941097,393.474001,557.04073,403.717824,2.696807,34.008749,-1.934936,99.493571,0.380935,66.75116
3522,117.4,1,615.143051,414.763788,497.897148,394.127998,556.5201,404.445893,2.705031,18.809696,-1.931273,101.329668,0.386879,60.069682
3523,117.433333,1,615.458918,415.87478,499.895153,394.972358,557.677035,405.423569,2.70236,19.533168,-1.917204,85.649265,0.392578,52.591216
3524,117.466667,1,615.803595,416.630477,498.593102,395.598235,557.198348,406.114356,2.729599,14.941673,-1.95001,114.114958,0.389795,64.528316
3525,117.5,1,615.526533,417.448851,498.604927,395.728097,557.06573,406.588474,2.710965,25.86251,-1.930891,135.370179,0.390037,80.616344
3526,117.533333,1,615.341187,417.604612,497.030725,396.214896,556.185956,406.909754,2.707213,19.093845,-1.959018,123.666306,0.374097,71.380076
3527,117.566667,1,615.374899,417.847438,496.980047,396.491486,556.177473,407.169462,2.691948,19.738249,-1.948997,83.605344,0.371475,51.671796
3528,117.6,1,614.604511,417.727532,497.088623,396.553971,555.846567,407.140751,2.669727,19.59335,-1.918393,70.499417,0.375667,45.046384
3529,117.633333,1,613.927965,417.604805,495.453625,396.848831,554.690795,407.226818,2.697481,16.055427,-1.943952,79.477628,0.376764,47.766527
3530,117.666667,1,612.722311,417.422179,496.434631,396.812879,554.578471,407.117529,2.666999,18.512837,-1.899632,84.569695,0.383683,51.541266
3531,117.7,1,611.931753,417.409337,495.370808,396.930209,553.65128,407.169773,2.65786,18.217505,-1.923828,97.045085,0.367016,57.631295
3532,117.733333,1,612.1066,417.427222,495.770674,397.105658,553.938637,407.26644,2.663202,24.073372,-1.904614,90.744887,0.379294,57.40913
3533,117.766667,1,612.448282,417.424883,493.776531,396.94229,553.112407,407.183586,2.683758,24.493837,-1.955495,87.8503,0.364132,56.172068
3534,117.8,1,612.159433,417.396955,494.928207,396.838521,553.54382,407.117738,2.670799,32.248765,-1.930205,90.249784,0.370297,61.249275
3535,117.833333,1,611.639948,417.183902,495.030003,396.9205,553.334975,407.052201,2.661295,29.350962,-1.913288,84.522132,0.374004,56.936547
3536,117.866667,1,611.832142,417.332228,494.730263,397.052175,553.281202,407.192202,2.667887,26.048836,-1.921393,80.519011,0.373247,53.283923
3537,117.9,1,611.826391,417.270259,494.963932,397.153605,553.395162,407.211932,2.662534,24.862641,-1.912375,77.817648,0.37508,51.340145
3538,117.933333,1,612.047739,417.34329,494.6523,397.284154,553.350019,407.313722,2.670027,23.135132,-1.924267,82.089271,0.37288,52.612201
3539,117.966667,1,612.172651,417.434345,494.413948,397.320589,553.2933,407.377467,2.668745,23.095225,-1.92322,75.918898,0.372762,49.507061
3540,118.0,1,612.392817,417.365016,494.168673,397.41702,553.280745,407.391018,2.681513,21.808153,-1.929812,80.347358,0.375851,51.077755
3541,118.033333,1,611.966314,417.02283,494.241714,397.384501,553.104014,407.203665,2.663173,24.362106,-1.926519,78.136656,0.368327,51.249381
3542,118.066667,1,612.2083,417.10997,494.502192,397.32414,553.355246,407.217055,2.686378,25.309831,-1.932568,81.851379,0.376905,53.580605
3543,118.1,1,612.065296,416.988444,495.43869,397.300558,553.751993,407.144501,2.674303,30.409846,-1.909984,84.641492,0.382159,57.525669
3544,118.133333,1,612.185507,416.829894,494.831238,397.241442,553.508372,407.035668,2.683406,26.340491,-1.921718,85.92247,0.380844,56.131481
3545,118.166667,1,612.30402,416.520313,495.15667,397.278435,553.730345,406.899374,2.685213,20.986165,-1.913421,85.628211,0.385896,53.307188
3546,118.2,1,612.063608,416.368414,495.71744,397.034215,553.890524,406.701314,2.68026,29.887124,-1.90119,74.541807,0.389535,52.214465
3547,118.233333,1,612.329845,416.421704,494.943457,396.825764,553.636651,406.623734,2.674541,24.429604,-1.91629,84.310408,0.379126,54.370006
3548,118.266667,1,612.240477,416.292679,494.758139,396.629663,553.499308,406.461171,2.670745,22.651893,-1.913408,76.355311,0.378669,49.503602
3549,118.3,1,611.94335,416.178664,495.70241,396.695956,553.82288,406.43731,2.661658,22.991262,-1.892152,76.014236,0.384753,49.502749
3550,118.333333,1,612.271004,416.31139,495.983639,396.662697,554.127321,406.487043,2.664648,27.179847,-1.881697,68.183792,0.391475,47.681819
3551,118.366667,1,612.135077,416.237458,495.270281,396.697394,553.702679,406.467426,2.669126,26.239508,-1.897167,64.534585,0.385979,45.387047
3552,118.4,1,612.198381,416.273131,495.542297,396.697994,553.870339,406.485563,2.67496,25.817232,-1.897736,68.228428,0.388612,47.02283
3553,118.433333,1,612.129803,416.255343,495.646057,396.660519,553.88793,406.457931,2.670431,26.303427,-1.885431,70.973183,0.3925,48.638305
3554,118.466667,1,611.600275,415.868472,497.437096,396.401385,554.518685,406.134928,2.665212,35.278992,-1.86094,67.579889,0.402136,51.42944
3555,118.5,1,611.624203,415.685599,498.753204,396.16225,555.188704,405.923924,2.663448,34.938489,-1.837997,71.089012,0.412725,53.013751
3556,118.533333,1,611.51474,415.54341,498.896532,395.968595,555.205636,405.756002,2.65998,39.954079,-1.835905,71.034434,0.412038,55.494256
3557,118.566667,1,611.837788,415.387906,498.044348,395.872496,554.941068,405.630201,2.653832,33.728376,-1.84838,64.694691,0.402726,49.211534
3558,118.6,1,611.220322,414.851249,499.235239,395.624628,555.22778,405.237939,2.645571,41.286256,-1.836947,69.490302,0.404312,55.388279
3559,118.633333,1,611.405811,414.746611,498.744602,395.405695,555.075207,405.076153,2.639061,35.128432,-1.824903,76.777678,0.407079,55.953055
3560,118.666667,1,609.358835,412.185649,500.162897,394.312953,554.760866,403.249301,2.647017,32.919707,-1.836453,82.940469,0.405282,57.930088
3561,118.7,1,605.008354,409.015535,499.720612,392.761617,552.364483,400.888576,2.596392,19.745086,-1.834796,77.226189,0.380798,48.485637
3562,118.733333,1,607.817659,405.304796,499.035873,388.995312,553.426766,397.150054,2.702418,85.886751,-1.786538,53.711875,0.45794,69.799313
3563,118.766667,1,606.396389,404.525721,495.483055,390.153555,550.939722,397.339638,2.655556,41.103258,-1.754676,100.897158,0.45044,71.000208
3564,118.8,1,604.308138,398.284671,494.095173,384.063631,549.201655,391.174151,2.765783,71.91422,-1.749713,9.19353,0.508035,40.553875
3565,118.833333,1,600.908337,387.851747,489.231367,375.263025,545.069852,381.557386,2.894285,12.078494,-1.885771,3.693871,0.504257,7.886182
3566,118.866667,1,595.927353,381.833203,485.460138,371.187826,540.693746,376.510515,2.871174,3.112738,-1.784588,1.850915,0.543293,2.481826
3567,118.9,1,590.665417,378.579673,481.045828,368.869717,535.855622,373.724695,2.803102,2.260737,-1.796183,1.578355,0.50346,1.919546
3568,118.933333,1,586.646662,376.208171,477.589159,367.859151,532.11791,372.033661,2.766748,2.038237,-1.864326,1.551521,0.451211,1.794879
3569,118.966667,1,583.297796,374.314928,474.189539,365.998203,528.743668,370.156565,2.787509,2.228179,-1.898048,1.727525,0.44473,1.977852
3570,119.0,1,581.293287,373.004358,474.03286,366.255443,527.663074,369.6299,2.909686,1.940146,-1.853179,2.152262,0.528254,2.046204
3571,119.033333,1,577.474003,374.91556,471.086597,371.958489,524.2803,373.437025,2.790839,-2.824796,-1.778448,42.084944,0.506195,19.630074
3572,119.066667,1,573.866405,371.571736,470.45084,369.243504,522.158623,370.40762,2.721089,-1.179606,-1.795527,13.70455,0.462781,6.262472
3573,119.1,1,577.411385,367.134161,469.779692,365.034302,523.595538,366.084232,2.937824,1.916986,-1.917899,4.569344,0.509962,3.243165
3574,119.133333,1,579.333096,364.119675,468.402843,362.175626,523.86797,363.14765,3.039633,2.068424,-1.954127,3.101913,0.542753,2.585168
3575,119.166667,1,578.961859,361.966317,469.173298,359.764609,524.067578,360.865463,3.007966,1.833817,-1.952518,2.264321,0.527724,2.049069
3576,119.2,1,579.685984,360.576884,469.883375,357.986289,524.784679,359.281586,2.999853,2.09814,-1.954098,2.257603,0.522877,2.177872
3577,119.233333,1,580.107183,359.802471,470.132074,357.665711,525.119629,358.734091,2.97353,2.174195,-1.928955,2.122644,0.522288,2.148419
3578,119.266667,1,580.931101,359.585835,471.396427,357.336019,526.163764,358.460927,2.974999,2.255565,-1.916599,2.158903,0.5292,2.207234
3579,119.3,1,581.81282,359.928106,473.085909,356.55077,527.449365,358.239438,2.968416,2.516422,-1.930612,1.970564,0.518902,2.243493
3580,119.333333,1,583.305502,360.283322,474.224024,355.965201,528.764763,358.124261,2.980829,2.733526,-1.945375,1.945972,0.517727,2.339749
3581,119.366667,1,585.44673,361.141838,475.30549,355.638916,530.37611,358.390377,2.977055,2.567714,-1.956389,1.997322,0.510333,2.282518
3582,119.4,1,587.32501,362.171704,477.414074,355.726098,532.369542,358.948901,3.023063,2.775901,-1.958512,2.135009,0.532275,2.455455
3583,119.433333,1,589.799185,363.319566,478.546534,356.551634,534.172859,359.9356,3.052766,2.728891,-1.973647,1.989398,0.539559,2.359144
3584,119.466667,1,591.176996,364.669914,481.682148,357.310898,536.429572,360.990406,2.924762,2.467178,-1.951766,2.074091,0.486498,2.270635
3585,119.5,1,592.908173,366.163813,483.603029,357.880599,538.255601,362.022206,2.844783,2.580004,-1.925686,1.801917,0.459549,2.19096
3586,119.533333,1,594.511843,367.450957,484.838076,359.008114,539.674959,363.229535,2.85478,2.559173,-1.908603,1.722948,0.473088,2.14106
3587,119.566667,1,595.265608,367.428673,484.182568,359.460533,539.724088,363.444603,2.86341,2.424447,-1.954972,2.078808,0.454219,2.251628
3588,119.6,1,594.50098,367.30196,482.025709,359.557993,538.263345,363.429977,2.847576,2.075703,-2.023183,2.065413,0.412197,2.070558
3589,119.633333,1,590.934772,366.039004,479.513445,360.339643,535.224109,363.189324,2.844992,2.130856,-2.022352,2.349732,0.41132,2.240294
3590,119.666667,1,585.208931,369.462619,475.43786,365.538375,530.323396,367.500497,2.897032,2.182388,-1.94505,3.966186,0.475991,3.074287
3591,119.7,1,578.754044,373.435056,470.18383,372.41322,524.468937,372.924138,2.747775,2.876637,-1.753731,19.991018,0.497022,11.433827
3592,119.733333,1,573.124247,371.435781,468.720827,370.799915,520.922537,371.117848,2.73785,1.90838,-1.767913,9.654179,0.484969,5.78128
3593,119.766667,1,571.919928,367.872477,464.092798,369.5277,518.006363,368.700088,2.901931,0.810942,-1.867284,6.058703,0.517323,3.434823
3594,119.8,1,570.357018,365.907281,458.633251,368.586684,514.495134,367.246983,3.019636,2.291219,-1.914656,2.656378,0.55249,2.473798
3595,119.833333,1,568.833294,365.320939,457.565718,366.550695,513.199506,365.935817,3.110721,3.907928,-1.866149,2.972699,0.622286,3.440313
3596,119.866667,1,568.100538,365.150351,456.775551,366.709374,512.438045,365.929863,3.077023,3.015302,-1.874346,3.027708,0.601338,3.021505
3597,119.9,1,568.35866,364.518144,456.190853,365.619593,512.274756,365.068868,3.078536,3.209365,-1.895721,3.004859,0.591407,3.107112
3598,119.933333,1,567.841578,364.275919,455.829773,365.111947,511.835675,364.693933,3.038367,2.86515,-1.87883,2.716678,0.579769,2.790914
3599,119.966667,1,567.36228,363.786158,455.529203,364.767691,511.445742,364.276924,3.007742,2.747069,-1.874789,2.298787,0.566476,2.522928
3600,120.0,1,567.207165,362.57741,455.788794,364.407878,511.497979,363.492644,3.041864,2.865963,-1.863242,2.447007,0.589311,2.656485
3601,120.033333,1,567.10721,362.204883,456.252756,364.282587,511.679983,363.243735,3.061213,2.88378,-1.845735,2.382154,0.607739,2.632967
3602,120.066667,1,567.219486,361.823065,456.816225,363.590223,512.017856,362.706644,3.016249,2.903667,-1.866464,2.176809,0.574893,2.540238
3603,120.1,1,567.589569,361.636888,457.149544,363.263583,512.369556,362.450235,3.030039,2.790328,-1.885055,2.041519,0.572492,2.415923
3604,120.133333,1,567.911911,361.018242,458.802328,361.986455,513.35712,361.502348,3.017379,3.014141,-1.872577,1.803113,0.572401,2.408627
3605,120.166667,1,568.440113,360.54642,459.442549,361.433694,513.941331,360.990057,3.017214,2.801919,-1.859239,1.998325,0.578987,2.400122
3606,120.2,1,568.504562,360.333983,459.718523,361.621594,514.111543,360.977789,3.051599,2.639031,-1.845918,2.126132,0.602841,2.382581
3607,120.233333,1,568.635864,360.18629,459.843521,361.664069,514.239693,360.92518,3.047844,2.555601,-1.849084,2.149089,0.59938,2.352345
3608,120.266667,1,568.516331,360.197539,459.560652,361.774539,514.038491,360.986039,3.049052,2.578976,-1.859736,2.166781,0.594658,2.372879
3609,120.3,1,568.243837,360.200897,459.602499,361.788341,513.923168,360.994619,3.041006,2.537824,-1.854863,2.186302,0.593071,2.362063
3610,120.333333,1,567.765255,359.845886,459.280796,361.596183,513.523026,360.721034,3.058506,2.679405,-1.837666,2.313577,0.61042,2.496491
3611,120.366667,1,567.329655,359.584295,458.950462,361.491491,513.140059,360.537893,3.076031,2.657142,-1.839543,2.467197,0.618244,2.562169
3612,120.4,1,566.833963,359.591264,458.187437,361.174132,512.5107,360.382698,3.068874,2.866054,-1.857711,2.342054,0.605582,2.604054
3613,120.433333,1,566.187983,359.468268,458.095083,361.054569,512.141533,360.261419,3.045911,2.679948,-1.854848,2.336242,0.595532,2.508095
3614,120.466667,1,565.954428,359.420686,457.649841,361.141081,511.802135,360.280884,3.065723,2.712106,-1.86856,2.415022,0.598582,2.563564
3615,120.5,1,565.43499,359.287133,457.411385,361.333584,511.423187,360.310358,3.060822,2.665258,-1.869753,2.547306,0.595535,2.606282
3616,120.533333,1,564.808292,359.255623,456.523724,361.259362,510.666008,360.257492,3.054991,2.755942,-1.86052,2.316406,0.597235,2.536174
3617,120.566667,1,564.744129,359.234465,456.336031,361.452159,510.54008,360.343312,3.040362,2.649339,-1.868334,2.340836,0.586014,2.495088
3618,120.6,1,564.815655,359.044045,456.01923,361.348566,510.417442,360.196306,3.070062,2.650469,-1.861034,2.388518,0.604514,2.519494
3619,120.633333,1,564.852972,358.974806,455.937052,361.323622,510.395012,360.149214,3.076928,2.586706,-1.851663,2.473182,0.612632,2.529944
3620,120.666667,1,564.667053,358.886234,456.031952,361.362686,510.349503,360.12446,3.059241,2.495618,-1.865227,2.451519,0.597007,2.473568
3621,120.7,1,564.703979,358.984242,456.102657,361.273078,510.403318,360.12866,3.042119,2.525942,-1.863627,2.479195,0.589246,2.502568
3622,120.733333,1,559.424801,365.252774,457.562618,368.196777,508.49371,366.724775,2.776892,-3.999262,-1.793894,6.868029,0.491499,1.434383
3623,120.766667,1,562.066221,368.544971,456.942234,370.172578,509.504228,369.358774,2.77108,-12.225197,-1.726565,10.029779,0.522257,-1.097709
3624,120.8,1,559.939699,366.524291,455.331154,369.635729,507.635427,368.08001,2.755767,-10.370853,-1.809027,10.836695,0.47337,0.232921
3625,120.833333,1,560.074291,363.614706,458.187923,366.716793,509.131107,365.165749,2.844625,-1.431436,-1.824221,7.635294,0.510202,3.101929
3626,120.866667,1,562.170362,361.215647,458.391094,363.949531,510.280728,362.582589,2.959004,2.485671,-1.865154,4.873131,0.546925,3.679401
3627,120.9,1,564.215117,359.96172,455.393648,362.676008,509.804382,361.318864,3.094434,3.235126,-1.941379,4.039373,0.576528,3.63725
3628,120.933333,1,564.572458,358.921296,455.020037,361.807149,509.796247,360.364223,3.041026,3.187233,-1.920779,3.381097,0.560123,3.284165
3629,120.966667,1,564.278784,358.502061,454.981213,360.617573,509.629998,359.559817,3.036691,3.218955,-1.891435,2.58927,0.572628,2.904112
3630,121.0,1,564.122868,358.464612,454.949589,360.542552,509.536228,359.503582,3.050847,3.527607,-1.882389,2.571613,0.584229,3.04961
3631,121.033333,1,563.488817,359.05046,456.043825,362.079592,509.766321,360.565026,3.080613,3.339276,-1.872551,3.338825,0.604031,3.339051
3632,121.066667,1,559.935379,368.326854,455.891428,370.973035,507.913404,369.649944,2.788125,-5.976896,-1.71041,20.357391,0.538857,7.190248
3633,121.1,1,560.136328,368.660145,456.058083,370.780345,508.097205,369.720245,2.771923,-14.107722,-1.727563,17.252899,0.52218,1.572588
3634,121.133333,1,560.573082,367.924587,456.595364,368.915513,508.584223,368.42005,2.784419,-30.030143,-1.766709,13.532229,0.508855,-8.248957
3635,121.166667,1,561.178608,363.185472,458.114481,366.257014,509.646544,364.721243,2.898971,-6.277974,-1.788896,7.218502,0.555038,0.470264
3636,121.2,1,563.77099,360.751866,456.59277,364.360247,510.18188,362.556057,3.096522,2.875568,-1.859597,5.462333,0.618462,4.168951
3637,121.233333,1,564.932032,359.262789,454.187212,363.156365,509.559622,361.209577,3.173524,3.674324,-1.899751,4.288704,0.636887,3.981514
3638,121.266667,1,564.822598,358.633447,453.515129,362.108865,509.168863,360.371156,3.133899,3.890364,-1.963135,4.46029,0.585382,4.175327
3639,121.3,1,564.113903,359.632645,454.603262,363.292572,509.358582,361.462609,3.113137,3.383468,-1.917183,4.552585,0.597977,3.968026
3640,121.333333,1,559.117765,367.789532,456.619291,369.983236,507.868528,368.886384,2.774523,-17.885681,-1.768039,11.294483,0.503242,-3.295599
3641,121.366667,1,560.582123,368.83083,456.605883,370.469756,508.594003,369.650293,2.811768,-21.135291,-1.731776,22.561699,0.539996,0.713204
3642,121.4,1,560.843716,366.070333,459.581518,367.405601,510.212617,366.737967,2.824355,-0.771069,-1.716418,17.920594,0.553969,8.574763
3643,121.433333,1,563.602171,362.261848,453.899117,365.326014,508.750644,363.793931,3.096892,3.69965,-1.89745,7.479467,0.599721,5.589558
3644,121.466667,1,564.905386,359.806602,453.508759,363.151124,509.207072,361.478863,3.140952,4.944368,-1.955746,5.136511,0.592603,5.040439
3645,121.5,1,566.218395,359.94046,452.818365,362.280173,509.51838,361.110317,3.080181,4.463847,-1.967939,4.800182,0.556121,4.632014
3646,121.533333,1,566.046457,360.610487,452.879658,362.734416,509.463058,361.672451,3.104136,3.902399,-1.992645,4.116445,0.555746,4.009422
3647,121.566667,1,566.196709,361.860552,452.925625,363.922173,509.561167,362.891362,3.088215,3.635326,-1.981999,3.828673,0.553108,3.731999
3648,121.6,1,565.790358,363.975796,453.319626,366.749951,509.554992,365.362873,3.017599,3.199392,-1.988144,4.050424,0.514727,3.624908
3649,121.633333,1,566.668921,365.016042,453.115444,367.393574,509.892182,366.204808,3.042424,3.661116,-2.012442,4.231558,0.514991,3.946337
3650,121.666667,1,566.793137,366.673642,454.223309,369.16042,510.508223,367.917031,3.01855,3.787371,-1.975811,3.989423,0.521369,3.888397
3651,121.7,1,559.605703,375.317312,456.722841,376.051133,508.164272,375.684223,2.697492,-7.124692,-1.745898,33.668751,0.475797,13.272029
3652,121.733333,1,562.413645,376.608109,457.083797,377.405595,509.748721,377.006852,2.737911,11.642563,-1.723698,24.168263,0.507107,17.905413
3653,121.766667,1,562.693014,377.492895,458.215857,378.502704,510.454435,377.9978,2.724062,10.355929,-1.691931,34.066695,0.516065,22.211312
3654,121.8,1,562.870522,378.546027,457.485828,379.259967,510.178175,378.902997,2.719107,3.03742,-1.720028,39.603551,0.499539,21.320485
3655,121.833333,1,565.101051,378.717313,457.438526,378.76864,511.269789,378.742976,2.783636,12.167431,-1.725246,42.935698,0.529195,27.551565
3656,121.866667,1,566.540604,377.597587,458.150225,377.439251,512.345414,377.518419,2.811445,21.772866,-1.759532,39.258074,0.525957,30.51547
3657,121.9,1,567.660341,375.389979,454.775887,375.267488,511.218114,375.328733,2.887484,26.303227,-1.942006,15.702525,0.472739,21.002876
3658,121.933333,1,571.144142,372.033184,456.27099,371.872948,513.707566,371.953066,2.991277,7.518757,-2.015393,4.75415,0.487942,6.136453
3659,121.966667,1,571.752577,370.635549,456.879473,369.93398,514.316025,370.284764,3.020504,5.007345,-2.040775,5.460754,0.489864,5.23405
3660,122.0,1,572.642736,369.058185,457.446814,368.359029,515.044775,368.708607,3.022268,4.950093,-2.01266,3.386779,0.504804,4.168436
3661,122.033333,1,572.066193,369.257183,457.999487,368.462638,515.03284,368.85991,3.013659,5.169295,-2.064104,5.440833,0.474777,5.305064
3662,122.066667,1,571.825666,369.036094,458.407259,368.065311,515.116463,368.550703,2.992978,5.341942,-2.044507,5.637257,0.474236,5.489599
3663,122.1,1,569.518528,370.78425,460.363531,369.025022,514.94103,369.904636,2.93218,9.305719,-1.888163,20.861218,0.522008,15.083469
3664,122.133333,1,568.502827,370.129244,461.656246,369.147481,515.079536,369.638363,2.925083,12.058303,-1.855845,19.687463,0.534619,15.872883
3665,122.166667,1,569.433699,371.762205,459.409704,371.158032,514.421701,371.460119,2.886127,13.49346,-1.846021,51.348976,0.520053,32.421218
3666,122.2,1,567.745314,372.180051,460.689678,372.187872,514.217496,372.183961,2.827049,4.506043,-1.813723,29.946039,0.506663,17.226041
3667,122.233333,1,565.898495,372.467766,461.022682,373.081477,513.460588,372.774621,2.76225,-3.9917,-1.799019,26.038392,0.481615,11.023346
3668,122.266667,1,565.576859,372.466618,461.185102,373.494236,513.38098,372.980427,2.744801,-2.797943,-1.801082,25.501804,0.47186,11.351931
3669,122.3,1,565.494709,372.512183,461.565113,373.483776,513.529911,372.99798,2.719693,-0.779936,-1.7951,27.669592,0.462297,13.444828
3670,122.333333,1,565.190878,372.226807,461.364899,373.549436,513.277888,372.888122,2.719994,-0.895313,-1.807865,28.062753,0.456065,13.58372
3671,122.366667,1,565.067854,370.885102,463.349476,371.304159,514.208665,371.09463,2.71857,-5.293666,-1.753576,27.307146,0.482497,11.00674
3672,122.4,1,566.412315,368.743304,457.560015,371.11354,511.986165,369.928422,2.839082,1.044066,-1.902825,20.512346,0.468128,10.778206
3673,122.433333,1,566.363516,366.341708,458.202457,369.416302,512.282987,367.879005,2.856455,0.62628,-1.960459,9.930144,0.447998,5.278212
3674,122.466667,1,567.958889,364.401526,459.250488,367.140293,513.604689,365.770909,2.978174,2.314101,-1.958393,7.483988,0.50989,4.899045
3675,122.5,1,569.489527,363.451375,457.427874,365.671295,513.4587,364.561335,3.031453,3.74752,-1.985028,4.83679,0.523212,4.292155
3676,122.533333,1,568.318357,362.10106,456.886196,364.831463,512.602277,363.466262,3.009417,3.257232,-2.002995,4.655249,0.503211,3.95624
3677,122.566667,1,567.648544,361.579183,456.034489,364.297054,511.841516,362.938119,3.005038,3.344925,-1.988851,3.755449,0.508094,3.550187
3678,122.6,1,567.002392,361.148919,455.168724,363.000743,511.085558,362.074831,2.971491,3.490118,-1.984088,3.487358,0.493701,3.488738
3679,122.633333,1,566.060896,360.574615,454.24799,363.172662,510.154443,361.873638,2.996393,3.365612,-1.946523,3.240036,0.524935,3.302824
3680,122.666667,1,565.363092,360.632111,453.850937,362.873901,509.607015,361.753006,2.998,4.047315,-1.958501,3.414215,0.519749,3.730765
3681,122.7,1,564.329557,360.714369,452.938108,363.053282,508.633833,361.883825,3.007978,3.741829,-1.946277,3.253201,0.53085,3.497515
3682,122.733333,1,563.916874,360.864846,452.590179,363.571061,508.253527,362.217954,3.004597,3.780295,-1.92833,3.243347,0.538134,3.511821
3683,122.766667,1,563.331318,361.126458,451.631393,364.268172,507.481356,362.697315,3.014861,3.862867,-1.920051,3.344179,0.547405,3.603523
3684,122.8,1,563.192968,361.48927,450.868149,364.30428,507.030559,362.896775,3.040131,3.948404,-1.923425,3.374824,0.558353,3.661614
3685,122.833333,1,562.877808,361.781797,451.2047,364.648976,507.041254,363.215387,3.031177,4.098784,-1.908519,3.156527,0.561329,3.627655
3686,122.866667,1,562.705812,361.730282,450.842018,365.294707,506.773915,363.512495,3.030627,4.065992,-1.913792,3.446033,0.558417,3.756012
3687,122.9,1,562.729006,362.521947,450.898113,365.632773,506.81356,364.07736,3.028663,3.518588,-1.898711,3.52974,0.564976,3.524164
3688,122.933333,1,562.408314,362.344122,450.794573,365.674117,506.601443,364.009119,3.022229,3.61133,-1.903447,3.376416,0.559391,3.493873
3689,122.966667,1,562.547445,362.868531,451.09374,366.206009,506.820593,364.53727,3.024745,3.615705,-1.894523,3.576381,0.565111,3.596043
3690,123.0,1,562.884436,362.909371,451.070242,366.864497,506.977339,364.886934,3.013317,3.188599,-1.918947,3.815372,0.547185,3.501986
3691,123.033333,1,563.081551,362.87756,451.4291,367.138324,507.255325,365.007942,2.994762,3.084724,-1.905532,3.772955,0.544615,3.428839
3692,123.066667,1,563.548145,362.789889,451.616335,367.268341,507.58224,365.029115,3.008147,3.047228,-1.904278,3.676152,0.551934,3.36169
3693,123.1,1,563.773212,362.921253,451.697531,367.277289,507.735372,365.099271,3.013435,3.115934,-1.902252,3.645099,0.555592,3.380517
3694,123.133333,1,563.932161,362.870623,451.848984,367.076939,507.890573,364.973781,3.0009,3.264485,-1.903526,3.370344,0.548687,3.317414
3695,123.166667,1,563.937998,362.847095,451.960611,366.949233,507.949305,364.898164,2.993262,3.264639,-1.908466,3.292345,0.542398,3.278492
3696,123.2,1,564.102468,362.658327,452.008104,366.856649,508.055286,364.757488,3.004758,3.28161,-1.908856,3.367147,0.547951,3.324379
3697,123.233333,1,564.306488,362.664281,452.245617,366.651444,508.276052,364.657862,2.995954,3.536856,-1.909512,3.326246,0.543221,3.431551
3698,123.266667,1,564.297733,362.510076,452.6091,366.36736,508.453417,364.438718,2.986407,3.675304,-1.906555,3.047554,0.539926,3.361429
3699,123.3,1,564.460764,362.312456,452.542381,366.289598,508.501573,364.301027,2.985747,3.761273,-1.905572,3.037859,0.540087,3.399566
3700,123.333333,1,564.719601,362.269342,452.407808,366.150016,508.563704,364.209679,3.016931,3.759899,-1.915876,3.220036,0.550528,3.489967
3701,123.366667,1,564.51993,362.120512,452.657337,365.904095,508.588634,364.012303,3.005181,3.643886,-1.910772,3.086528,0.547205,3.365207
3702,123.4,1,564.460859,362.17275,452.361631,365.933272,508.411245,364.053011,3.006757,3.572536,-1.915075,3.138928,0.545841,3.355732
3703,123.433333,1,564.35504,362.28256,452.536268,365.84103,508.445654,364.061795,3.018736,3.625147,-1.921597,3.157472,0.548569,3.391309
3704,123.466667,1,564.534683,362.876084,452.677498,365.964696,508.606091,364.42039,3.023594,3.361325,-1.928291,3.441827,0.547651,3.401576
3705,123.5,1,564.455318,363.270911,452.431374,366.098228,508.443346,364.684569,3.025103,3.483468,-1.918226,3.442186,0.553438,3.462827
3706,123.533333,1,564.276829,363.230753,452.677631,366.074066,508.47723,364.65241,3.012365,3.258686,-1.911448,3.366076,0.550459,3.312381
3707,123.566667,1,564.019051,363.165634,452.407341,365.790583,508.213196,364.478109,3.008132,3.47785,-1.917011,3.142922,0.54556,3.310386
3708,123.6,1,563.950977,362.605702,452.741213,365.299594,508.346095,363.952648,3.016747,3.512005,-1.906868,2.951807,0.55494,3.231906
3709,123.633333,1,563.748751,362.092434,452.950573,364.843485,508.349662,363.467959,3.016146,3.48571,-1.895553,2.810281,0.560296,3.147996
3710,123.666667,1,563.589029,361.908327,452.709112,364.718789,508.149071,363.313558,3.023408,3.766208,-1.905155,2.906298,0.559126,3.336253
3711,123.7,1,563.393631,361.762404,452.013292,364.600627,507.703462,363.181516,3.032016,3.713171,-1.894541,2.960569,0.568738,3.33687
3712,123.733333,1,563.089466,361.774389,451.862783,364.608083,507.476125,363.191236,3.029907,3.667139,-1.894364,3.011344,0.567771,3.339241
3713,123.766667,1,562.774944,361.667626,451.657829,364.92328,507.216387,363.295453,3.011715,3.568916,-1.892303,2.892251,0.559706,3.230583
3714,123.8,1,562.65543,361.860858,451.382084,364.831023,507.018757,363.34594,3.026581,3.706367,-1.886859,3.034842,0.569861,3.370604
3715,123.833333,1,562.40593,362.07677,451.393833,364.87307,506.899881,363.47492,3.033382,3.649721,-1.880579,3.07006,0.576402,3.359891
3716,123.866667,1,562.373047,362.242863,451.529207,364.926344,506.951127,363.584603,3.029004,3.771364,-1.870428,3.094693,0.579288,3.433028
3717,123.9,1,562.335873,362.437345,451.122246,365.397581,506.729059,363.917463,3.019659,3.695558,-1.88925,3.049494,0.565205,3.372526
3718,123.933333,1,562.407236,362.918243,451.075268,365.816424,506.741252,364.367334,3.027875,3.455643,-1.882532,3.099364,0.572671,3.277504
3719,123.966667,1,562.664442,363.388048,451.173935,366.073835,506.919188,364.730942,3.024704,3.523466,-1.872858,3.015806,0.575923,3.269636
3720,124.0,1,562.641325,363.55647,451.347504,366.063198,506.994414,364.809834,3.033764,3.76038,-1.862165,2.895953,0.585799,3.328166
3721,124.033333,1,562.659941,363.903601,451.66995,366.414943,507.164946,365.159272,3.011262,3.480079,-1.867724,2.724199,0.571769,3.102139
3722,124.066667,1,563.018503,364.304811,452.144804,366.402068,507.581654,365.35344,3.016259,3.430971,-1.857428,2.716568,0.579416,3.07377
3723,124.1,1,563.585253,364.603958,452.718391,366.457783,508.151822,365.530871,3.010103,3.489438,-1.855453,2.793674,0.577325,3.141556
3724,124.133333,1,563.797808,364.602102,453.100634,366.622556,508.449221,365.612329,3.01955,3.413422,-1.85643,2.605224,0.58156,3.009323
3725,124.166667,1,564.256325,364.465127,453.162394,366.581304,508.709359,365.523216,2.997698,3.391099,-1.860697,2.687827,0.5685,3.039463
3726,124.2,1,564.568777,364.061712,453.045893,366.603363,508.807335,365.332537,2.997704,3.60844,-1.876389,2.675925,0.560657,3.142183
3727,124.233333,1,565.188208,363.814691,453.261814,366.670305,509.225011,365.242498,2.995677,3.317743,-1.886596,2.775305,0.554541,3.046524
3728,124.266667,1,565.672112,363.682094,453.701115,366.62305,509.686613,365.152572,3.002464,3.197388,-1.892234,2.757675,0.555115,2.977532
3729,124.3,1,566.052237,363.652171,454.073772,366.446271,510.063004,365.049221,2.997225,3.304029,-1.889383,2.780707,0.553921,3.042368
3730,124.333333,1,566.424856,363.650814,454.54505,366.008154,510.484953,364.829484,2.999677,3.203977,-1.893083,2.729077,0.553297,2.966527
3731,124.366667,1,566.798019,363.621508,454.915228,365.626234,510.856624,364.623871,2.982304,3.103711,-1.885863,2.633279,0.548221,2.868495
3732,124.4,1,566.910925,363.566281,454.970913,365.640637,510.940919,364.603459,2.989778,3.140296,-1.886733,2.620192,0.551523,2.880244
3733,124.433333,1,566.946049,363.581382,455.021715,365.43128,510.983882,364.506331,2.994338,3.157712,-1.88785,2.612132,0.553244,2.884922
3734,124.466667,1,566.720552,363.527395,454.803476,365.391578,510.762014,364.459486,2.992363,3.23215,-1.903565,2.605305,0.544399,2.918727
3735,124.5,1,566.204157,363.654429,454.427128,365.738801,510.315642,364.696615,2.978143,3.027525,-1.91281,2.637571,0.532666,2.832548
3736,124.533333,1,565.707045,363.583447,454.129333,365.904803,509.918189,364.744125,2.993959,3.057001,-1.902646,2.604519,0.545657,2.83076
3737,124.566667,1,565.210915,363.391128,453.639441,366.08531,509.425178,364.738219,2.994591,2.988458,-1.895117,2.779424,0.549737,2.883941
3738,124.6,1,564.899254,363.759293,453.421335,366.291679,509.160295,365.025486,2.983133,2.943081,-1.891171,2.616017,0.545981,2.779549
3739,124.633333,1,564.406452,363.935916,453.138609,366.520944,508.772531,365.22843,2.992786,2.684747,-1.880178,2.544537,0.556304,2.614642
3740,124.666667,1,564.651928,363.768364,452.812099,366.388164,508.732014,365.078264,3.003562,2.792294,-1.882264,2.646265,0.560649,2.71928
3741,124.7,1,564.59857,363.852779,452.821245,366.427522,508.709908,365.14015,2.998083,2.744195,-1.884593,2.593881,0.556745,2.669038
3742,124.733333,1,564.813471,363.648013,452.858877,366.370879,508.836174,365.009446,3.001051,2.824228,-1.88815,2.775702,0.55645,2.799965
3743,124.766667,1,564.80423,363.706303,453.181782,366.448256,508.993006,365.07728,2.998182,2.837838,-1.880716,2.750553,0.558733,2.794195
3744,124.8,1,564.926605,363.580856,453.167963,366.39451,509.047284,364.987683,2.993921,2.881421,-1.885619,2.724027,0.554151,2.802724
3745,124.833333,1,564.895611,363.615806,453.344183,366.392015,509.119897,365.00391,2.985173,2.807088,-1.88107,2.707777,0.552051,2.757433
3746,124.866667,1,564.770384,363.633363,453.343458,366.467208,509.056921,365.050286,2.982357,2.788714,-1.885917,2.621048,0.54822,2.704881
3747,124.9,1,564.693069,363.647515,453.112593,366.410018,508.902831,365.028766,2.986313,2.806291,-1.889058,2.651176,0.548627,2.728733
3748,124.933333,1,564.365616,363.703809,453.18018,366.347201,508.772898,365.025505,2.982973,2.785194,-1.889886,2.634597,0.546544,2.709896
3749,124.966667,1,564.380198,363.482392,452.991762,366.26799,508.68598,364.875191,2.990644,2.885903,-1.888379,2.654394,0.551133,2.770148
3750,125.0,1,564.431334,363.496592,452.989798,366.231898,508.710566,364.864245,3.000004,2.915573,-1.889125,2.76693,0.555439,2.841252
3751,125.033333,1,563.902893,363.693101,452.657804,366.559669,508.280349,365.126385,2.970693,2.311895,-1.876278,2.595086,0.547208,2.45349
3752,125.066667,1,564.025908,363.581361,452.542372,366.356674,508.28414,364.969018,2.974724,2.498639,-1.890709,2.52773,0.542008,2.513184
3753,125.1,1,563.851652,363.607196,452.64617,366.395824,508.248911,365.00151,2.977592,2.46021,-1.875605,2.452639,0.550994,2.456425
3754,125.133333,1,563.960333,363.561947,452.590418,366.412362,508.275375,364.987155,2.97114,2.433291,-1.882427,2.450112,0.544356,2.441702
3755,125.166667,1,564.005432,363.439949,452.517414,366.260523,508.261423,364.850236,2.973825,2.503594,-1.880748,2.47033,0.546538,2.486962
3756,125.2,1,564.112453,363.564742,452.489586,366.285805,508.30102,364.925273,2.97829,2.592984,-1.885592,2.501306,0.546349,2.547145
3757,125.233333,1,564.127531,363.610007,452.531366,366.255341,508.329449,364.932674,2.980097,2.571273,-1.880181,2.440367,0.549958,2.50582
3758,125.266667,1,564.003839,363.699802,452.504921,366.333023,508.25438,365.016412,2.982151,2.590558,-1.876415,2.387408,0.552868,2.488983
3759,125.3,1,564.042435,363.717,452.564039,366.406456,508.303237,365.061728,2.976209,2.555684,-1.876594,2.376464,0.549808,2.466074
3760,125.333333,1,564.157066,363.56788,452.545509,366.384076,508.351288,364.975978,2.980319,2.569167,-1.878777,2.416792,0.550771,2.492979
3761,125.366667,1,564.085274,363.67048,452.595949,366.361046,508.340611,365.015763,2.981508,2.566023,-1.872694,2.35682,0.554407,2.461422
3762,125.4,1,564.171972,363.635944,452.558289,366.325137,508.36513,364.98054,2.983664,2.568912,-1.874955,2.3828,0.554355,2.475856
3763,125.433333,1,564.152365,363.617302,452.48167,366.31613,508.317018,364.966716,2.982647,2.614117,-1.877324,2.376242,0.552662,2.49518
3764,125.466667,1,564.047585,363.594975,452.206345,366.279035,508.126965,364.937005,2.974161,2.557438,-1.887479,2.369296,0.543341,2.463367
3765,125.5,1,564.064198,363.494226,452.160177,366.350403,508.112187,364.922315,2.972936,2.47146,-1.892814,2.439515,0.540061,2.455487
3766,125.533333,1,564.020252,363.562392,452.235165,366.298642,508.127708,364.930517,2.96686,2.544284,-1.893479,2.508941,0.53669,2.526613
3767,125.566667,1,563.849459,363.57885,452.351112,366.218466,508.100286,364.898658,2.96298,2.514123,-1.889257,2.355509,0.536862,2.434816
3768,125.6,1,563.769159,363.487236,452.201242,366.211326,507.985201,364.849281,2.973086,2.49548,-1.886946,2.345088,0.54307,2.420284
3769,125.633333,1,563.849916,363.468901,451.991282,366.289823,507.920599,364.879362,2.975144,2.482877,-1.896342,2.474238,0.539401,2.478558
3770,125.666667,1,563.722153,363.451375,452.096777,366.178243,507.909465,364.814809,2.978034,2.508569,-1.883228,2.439764,0.547403,2.474166
3771,125.7,1,563.757582,363.475553,451.990347,366.107588,507.873964,364.791571,2.980616,2.554825,-1.890351,2.426457,0.545133,2.490641
3772,125.733333,1,562.996845,363.367535,451.49065,366.198413,507.243748,364.782974,2.976517,2.548092,-1.884559,2.311742,0.545979,2.429917
3773,125.766667,1,562.511902,363.145646,451.440754,366.00596,506.976328,364.575803,2.987175,2.658397,-1.864122,2.294973,0.561527,2.476685
3774,125.8,1,562.535143,362.993018,451.360312,366.122185,506.947727,364.557602,2.982664,2.575209,-1.862167,2.344328,0.560249,2.459768
3775,125.833333,1,562.758608,362.797367,451.20616,366.205097,506.982384,364.501232,2.980008,2.45582,-1.858014,2.512244,0.560997,2.484032
3776,125.866667,1,562.397509,362.711585,450.856533,366.042067,506.627021,364.376826,2.99687,2.596785,-1.858834,2.555443,0.569018,2.576114
3777,125.9,1,562.055006,362.808734,450.775747,365.966654,506.415377,364.387694,2.996454,2.770841,-1.854348,2.496415,0.571053,2.633628
3778,125.933333,1,561.582527,362.96434,450.572309,366.114278,506.077418,364.539309,3.007087,2.68246,-1.842054,2.501858,0.582517,2.592159
3779,125.966667,1,561.419859,363.009755,450.412931,365.87253,505.916395,364.441143,3.001037,2.871757,-1.8307,2.550742,0.585168,2.711249
3780,126.0,1,560.901203,363.154455,450.139561,366.037964,505.520382,364.596209,3.010998,2.848901,-1.825384,2.346905,0.592807,2.597903
3781,126.033333,1,560.232639,363.350481,449.906597,366.376501,505.069618,364.863491,3.013,2.746892,-1.825529,2.178898,0.593736,2.462895
3782,126.066667,1,560.501089,363.233666,449.357071,366.811261,504.92908,365.022463,2.996219,2.595958,-1.856947,2.319482,0.569636,2.45772
3783,126.1,1,560.871229,363.031127,449.309406,366.752821,505.090318,364.891974,2.982635,2.60963,-1.854426,2.577028,0.564104,2.593329
3784,126.133333,1,560.148439,363.502783,449.385233,366.916655,504.766836,365.209719,2.995723,2.811537,-1.848268,2.50419,0.573728,2.657863
3785,126.166667,1,558.00703,368.333114,449.733152,372.966528,503.870091,370.649821,2.944004,12.048531,-1.821923,5.336892,0.56104,8.692712
3786,126.2,1,557.792988,371.551191,448.781919,375.672544,503.287454,373.611867,2.836972,-1.162604,-1.769673,18.715203,0.533649,8.7763
3787,126.233333,1,557.327156,368.938226,447.80014,373.898156,502.563648,371.418191,2.915586,11.823823,-1.815321,18.124174,0.550132,14.973998
3788,126.266667,1,558.595972,367.370785,446.476612,371.718893,502.536292,369.544839,2.991715,9.776229,-1.905726,7.691392,0.542995,8.73381
3789,126.3,1,559.280491,365.803603,447.210598,369.77604,503.245544,367.789822,3.035178,6.540929,-1.926271,4.300777,0.554453,5.420853
3790,126.333333,1,559.079332,365.508662,446.583672,368.96729,502.831502,367.237976,3.03109,5.746581,-1.896546,3.155049,0.567272,4.450815
3791,126.366667,1,558.997831,364.411494,446.748819,368.450857,502.873325,366.431175,3.023338,4.813858,-1.889024,3.119038,0.567157,3.966448
3792,126.4,1,558.348007,364.279647,446.751156,367.323498,502.549582,365.801573,3.0089,3.989427,-1.888547,2.501616,0.560176,3.245521
3793,126.433333,1,557.287626,364.034772,446.737738,367.259082,502.012682,365.646927,2.979728,3.35491,-1.878281,2.190041,0.550724,2.772476
3794,126.466667,1,557.26038,363.661623,446.200428,367.305758,501.730404,365.483691,2.982363,3.267152,-1.86435,2.274412,0.559006,2.770782
3795,126.5,1,557.259645,363.504617,446.165667,367.286779,501.712656,365.395698,2.992258,3.16616,-1.867475,2.362938,0.562391,2.764549
3796,126.533333,1,557.470942,363.692179,445.988331,367.556233,501.729636,365.624206,2.98361,3.183629,-1.87312,2.307589,0.555245,2.745609
3797,126.566667,1,557.98152,363.665652,446.734438,367.21077,502.357979,365.438211,2.997265,3.390724,-1.865017,2.432075,0.566124,2.9114
3798,126.6,1,558.923378,363.729188,447.040739,367.42208,502.982059,365.575634,3.007713,3.441376,-1.864484,2.518205,0.571614,2.979791
3799,126.633333,1,559.492636,363.726844,447.082462,367.351742,503.287549,365.539293,3.02588,3.287091,-1.874222,2.562701,0.575829,2.924896
3800,126.666667,1,560.261021,363.628605,447.820759,367.587229,504.04089,365.607917,3.014191,3.027835,-1.870931,2.721452,0.57163,2.874643
3801,126.7,1,560.815754,363.846416,448.612843,367.523081,504.714298,365.684749,3.016598,2.754465,-1.863607,2.710855,0.576495,2.73266
3802,126.733333,1,560.853567,364.125195,448.949566,367.530313,504.901567,365.827754,3.007091,2.765133,-1.867678,2.461317,0.569707,2.613225
3803,126.766667,1,560.894384,364.385117,449.113836,367.452475,505.00411,365.918796,3.010483,2.908663,-1.862802,2.341148,0.57384,2.624905
3804,126.8,1,560.644169,364.43294,449.519081,367.303569,505.081625,365.868255,2.98907,2.828185,-1.84626,2.111215,0.571405,2.4697
3805,126.833333,1,560.431423,364.761919,449.36985,367.398562,504.900637,366.080241,2.998971,2.721482,-1.838729,1.999836,0.580121,2.360659
3806,126.866667,1,560.429907,364.757091,449.133701,367.393708,504.781804,366.075399,2.999474,2.715918,-1.842755,2.003659,0.57836,2.359789
3807,126.9,1,560.55747,364.730301,448.9219,367.449031,504.739685,366.089666,3.000508,2.809958,-1.840188,2.136542,0.58016,2.47325
3808,126.933333,1,561.09643,364.63924,449.099226,367.525254,505.097828,366.082247,3.010519,2.760123,-1.856054,2.267398,0.577233,2.51376
3809,126.966667,1,561.261482,364.482298,449.030571,367.67424,505.146027,366.078269,3.000012,2.778723,-1.862791,2.192963,0.56861,2.485843
3810,127.0,1,561.777763,364.576396,449.279947,367.691191,505.528855,366.133794,3.009841,2.740594,-1.867475,2.378063,0.571183,2.559329
3811,127.033333,1,561.928101,364.601544,449.481726,367.493641,505.704913,366.047593,3.009656,2.711471,-1.861969,2.345582,0.573844,2.528527
3812,127.066667,1,562.326736,364.74273,450.601263,367.424735,506.464,366.083733,3.010264,2.713704,-1.852082,2.374781,0.579091,2.544242
3813,127.1,1,562.108898,364.962661,450.990696,367.377545,506.549797,366.170103,3.009335,2.708064,-1.836936,2.06836,0.5862,2.388212
3814,127.133333,1,563.04594,364.730886,451.253042,367.300388,507.149491,366.015637,3.005015,2.620259,-1.860545,2.379459,0.572235,2.499859
3815,127.166667,1,563.72448,364.715023,451.491575,367.231445,507.608027,365.973234,3.009528,2.687302,-1.861275,2.49483,0.574126,2.591066
3816,127.2,1,564.108992,364.721552,452.075014,367.035863,508.092003,365.878707,2.974197,2.578546,-1.871914,2.46074,0.551141,2.519643
3817,127.233333,1,564.670181,364.655027,452.441063,366.980803,508.555622,365.817915,2.98688,2.63377,-1.863779,2.604868,0.561551,2.619319
3818,127.266667,1,564.428072,364.611881,452.378597,366.892387,508.403335,365.752134,2.983283,2.611717,-1.861608,2.471271,0.560837,2.541494
3819,127.3,1,564.394054,364.625416,452.406874,366.934653,508.400464,365.780034,2.979451,2.61434,-1.862752,2.40192,0.558349,2.50813
3820,127.333333,1,563.860445,364.703473,452.312555,367.250504,508.0865,365.976989,3.0005,2.61109,-1.846997,2.274439,0.576751,2.442764
3821,127.366667,1,563.982525,364.540363,452.356701,367.201935,508.169613,365.871149,2.996292,2.581238,-1.849738,2.434637,0.573277,2.507937
3822,127.4,1,563.543539,364.279572,452.347755,367.209933,507.945647,365.744753,2.989545,2.608379,-1.855084,2.381323,0.56723,2.494851
3823,127.433333,1,563.310575,363.836031,452.022467,366.898985,507.666521,365.367508,2.985134,2.849304,-1.877765,2.559787,0.553685,2.704545
3824,127.466667,1,562.072954,363.946002,452.616653,368.861418,507.344804,366.40371,3.025942,5.202675,-1.99962,6.251436,0.513161,5.727055
3825,127.5,1,562.769823,363.7608,454.017277,368.772047,508.39355,366.266423,3.016734,4.628246,-1.988265,6.63295,0.514234,5.630598
3826,127.533333,1,564.448471,363.340155,454.457254,367.857816,509.452863,365.598985,3.037439,4.84416,-1.998593,5.44767,0.519423,5.145915
3827,127.566667,1,565.495663,362.847315,453.714771,367.621218,509.605217,365.234267,2.997565,3.726087,-1.962316,4.466962,0.517624,4.096525
3828,127.6,1,565.444679,363.334136,453.685484,367.100945,509.565082,365.21754,2.9768,2.984755,-1.897426,3.125968,0.539687,3.055362
3829,127.633333,1,565.458603,363.321213,453.548422,367.079476,509.503512,365.200345,2.974466,2.796143,-1.886635,2.876666,0.543915,2.836404
3830,127.666667,1,565.507002,363.523961,453.279181,366.976485,509.393091,365.250223,2.98191,2.632244,-1.878878,2.81733,0.551516,2.724787
3831,127.7,1,565.378342,363.85339,453.263149,366.851145,509.320745,365.352268,2.988251,2.757518,-1.88052,2.601862,0.553866,2.67969
3832,127.733333,1,564.849129,364.013346,452.93889,366.659362,508.89401,365.336354,2.97856,2.946237,-1.883642,2.420623,0.547459,2.68343
3833,127.766667,1,564.695415,363.871699,452.739105,366.606565,508.71726,365.239132,2.97729,2.967784,-1.890128,2.442111,0.543581,2.704947
3834,127.8,1,564.500875,363.887342,452.351522,366.785882,508.426199,365.336612,2.976383,2.794966,-1.899432,2.463622,0.538476,2.629294
3835,127.833333,1,564.390049,363.715991,452.252798,366.939143,508.321424,365.327567,2.993218,2.78361,-1.892104,2.460949,0.550557,2.622279
3836,127.866667,1,564.386301,363.644999,452.068462,367.088386,508.227382,365.366693,2.976086,2.66216,-1.896352,2.567155,0.539867,2.614658
3837,127.9,1,564.196415,363.696283,452.102537,367.023364,508.149476,365.359823,2.975242,2.638734,-1.887526,2.50817,0.543858,2.573452
3838,127.933333,1,564.143095,363.686122,451.979866,367.038063,508.061481,365.362093,2.987108,2.689638,-1.891056,2.471501,0.548026,2.58057
3839,127.966667,1,564.264593,363.675334,452.016068,366.968197,508.14033,365.321766,2.978191,2.610415,-1.893439,2.515284,0.542376,2.562849
3840,128.0,1,564.045715,363.547897,451.792011,366.940661,507.918863,365.244279,2.996282,2.770895,-1.888522,2.537376,0.55388,2.654135
3841,128.033333,1,564.112186,363.633267,451.8577,366.874126,507.984943,365.253696,2.998174,2.815478,-1.882456,2.53972,0.557859,2.677599
3842,128.066667,1,564.008074,363.789178,451.946478,366.866471,507.977276,365.327825,2.985206,2.809245,-1.888663,2.496051,0.548272,2.652648
3843,128.1,1,563.999834,363.820748,452.014208,366.778291,508.007021,365.299519,2.988483,2.801482,-1.883179,2.535458,0.552652,2.66847
3844,128.133333,1,563.987188,363.847645,452.053862,366.85975,508.020525,365.353697,2.987045,2.769231,-1.885044,2.514419,0.551,2.641825
3845,128.166667,1,563.956671,363.823977,451.954327,366.82266,507.955499,365.323319,2.985226,2.85356,-1.893492,2.482284,0.545867,2.667922
3846,128.2,1,564.077139,363.923884,451.960592,366.902354,508.018866,365.413119,2.976553,2.787938,-1.895197,2.494208,0.540678,2.641073
3847,128.233333,1,563.83069,363.602974,451.921787,366.922932,507.876239,365.262953,2.975018,2.72456,-1.892676,2.541071,0.541171,2.632815
3848,128.266667,1,563.196344,363.232212,451.704712,367.153891,507.450528,365.193052,3.003547,3.308587,-1.916447,2.846696,0.54355,3.077642
3849,128.3,1,562.486992,362.939588,451.813078,367.639135,507.150035,365.289362,3.055086,4.590675,-2.009458,4.631582,0.522814,4.611129
3850,128.333333,1,561.649132,363.280658,451.887064,368.188457,506.768098,365.734558,3.047171,4.944711,-2.024502,5.592794,0.511335,5.268752
3851,128.366667,1,561.825361,363.272188,451.769972,368.234918,506.797667,365.753553,3.038836,5.013206,-2.027319,5.457285,0.505759,5.235246
3852,128.4,1,563.070536,363.118674,451.212587,367.974685,507.141562,365.546679,3.040194,4.30146,-1.986256,4.835701,0.526969,4.568581
3853,128.433333,1,563.111992,363.374155,451.007071,367.827598,507.059531,365.600876,3.025296,3.507261,-1.931579,3.602747,0.546858,3.555004
3854,128.466667,1,563.088541,363.437369,451.255703,367.626631,507.172122,365.532,2.991692,3.112119,-1.902216,2.944925,0.544738,3.028522
3855,128.5,1,563.327913,363.6002,451.33255,367.647396,507.330232,365.623798,3.012971,2.897235,-1.881762,2.696247,0.565605,2.796741
3856,128.533333,1,563.681135,363.732584,451.493034,367.589589,507.587085,365.661086,2.993235,2.724422,-1.87846,2.708634,0.557387,2.716528
3857,128.566667,1,563.693905,363.524187,451.252842,367.217953,507.473373,365.37107,3.007147,2.962735,-1.882521,2.685095,0.562313,2.823915
3858,128.6,1,563.880234,363.570626,451.259718,367.237984,507.569976,365.404305,3.004823,2.914932,-1.884004,2.741507,0.56041,2.828219
3859,128.633333,1,563.898544,363.700982,451.274614,367.144922,507.586579,365.422952,3.006089,2.95786,-1.883236,2.788409,0.561426,2.873134
3860,128.666667,1,564.035845,363.783073,451.185207,367.191072,507.610526,365.487073,3.008687,3.000138,-1.886415,2.898132,0.561136,2.949135
3861,128.7,1,563.947163,363.730888,451.178303,367.057214,507.562733,365.394051,3.008355,3.113158,-1.87837,2.79238,0.564993,2.952769
3862,128.733333,1,564.029636,363.752089,451.047897,366.976324,507.538767,365.364206,3.01151,3.124748,-1.880285,2.819001,0.565613,2.971874
3863,128.766667,1,564.026899,363.772495,451.097841,366.967231,507.56237,365.369863,3.015119,3.128123,-1.871823,2.835977,0.571648,2.98205
3864,128.8,1,563.903389,363.876548,451.118145,366.973025,507.510767,365.424787,3.00388,3.14278,-1.880355,2.726869,0.561763,2.934825
3865,128.833333,1,563.919907,363.863153,451.137266,366.789851,507.528586,365.326502,3.00058,3.245037,-1.87685,2.693979,0.561865,2.969508
3866,128.866667,1,563.875847,363.939103,451.120777,366.862807,507.498312,365.400955,3.003122,3.251231,-1.8798,2.695745,0.561661,2.973488
3867,128.9,1,563.847332,363.913869,451.087122,366.833963,507.467227,365.373916,3.010023,3.304982,-1.877779,2.728068,0.566122,3.016525
3868,128.933333,1,563.684187,363.869816,451.071644,366.734759,507.377915,365.302287,3.006108,3.273044,-1.888379,2.787392,0.558864,3.030218
3869,128.966667,1,563.14455,363.530892,451.439381,366.899377,507.291965,365.215134,2.997192,3.418513,-1.928145,3.274573,0.534524,3.346543
3870,129.0,1,562.792664,363.120975,451.553059,367.04686,507.172861,365.083918,2.995046,3.349406,-1.998528,4.759698,0.498259,4.054552
3871,129.033333,1,562.676201,363.400033,451.312265,367.399893,506.994233,365.399963,3.002068,3.3178,-2.029856,5.701444,0.486106,4.509622
3872,129.066667,1,562.954969,363.316884,451.475859,367.450485,507.215414,365.383684,2.972395,3.191858,-2.037264,5.964593,0.467565,4.578226
3873,129.1,1,562.689114,363.31704,451.574287,367.492515,507.131701,365.404777,2.971571,3.178701,-2.04031,5.745814,0.46563,4.462258
3874,129.133333,1,563.581524,363.190863,451.602068,367.306761,507.591796,365.248812,2.990545,3.215581,-1.998239,4.914836,0.496153,4.065209
3875,129.166667,1,563.898897,363.320071,451.596422,367.353684,507.74766,365.336877,2.991615,3.128473,-1.953191,3.911637,0.519212,3.520055
3876,129.2,1,563.737278,363.569157,451.932001,367.207729,507.83464,365.388443,2.988675,3.011755,-1.89851,2.84729,0.545083,2.929523
3877,129.233333,1,564.065104,364.030931,451.930799,367.227727,507.997952,365.629329,2.994156,2.904357,-1.884438,2.452433,0.554859,2.678395
3878,129.266667,1,564.107227,363.972142,451.748848,367.127391,507.928038,365.549767,2.992567,2.797597,-1.884158,2.503993,0.554205,2.650795
3879,129.3,1,564.066801,363.975989,451.662188,366.951535,507.864494,365.463762,2.995336,2.865864,-1.879095,2.589611,0.558121,2.727737
3880,129.333333,1,564.13022,364.053494,451.787949,367.038894,507.959085,365.546194,2.987316,2.824279,-1.875947,2.494118,0.555685,2.659199
3881,129.366667,1,564.076996,364.03143,451.675291,366.763533,507.876143,365.397482,2.988656,3.04818,-1.876183,2.376476,0.556237,2.712328
3882,129.4,1,564.039145,364.129556,451.724806,366.843876,507.881975,365.486716,2.98901,3.059265,-1.872922,2.373689,0.558044,2.716477
3883,129.433333,1,563.997879,364.124513,451.574621,366.761538,507.78625,365.443026,2.993135,3.006536,-1.874263,2.395468,0.559436,2.701002
3884,129.466667,1,564.033642,364.066926,451.277981,366.789712,507.655811,365.428319,2.999653,2.869078,-1.874666,2.333074,0.562494,2.601076
3885,129.5,1,564.036407,364.106703,451.279078,366.967891,507.657743,365.537297,3.000207,2.837831,-1.873544,2.326546,0.563332,2.582188
3886,129.533333,1,563.984842,364.085766,451.373606,366.892987,507.679224,365.489377,2.99081,2.846689,-1.874283,2.33568,0.558264,2.591185
3887,129.566667,1,564.156256,364.219174,451.265764,367.032854,507.71101,365.626014,2.985605,2.805658,-1.875863,2.372769,0.554871,2.589214
3888,129.6,1,564.209213,364.276069,451.24815,366.9642,507.728682,365.620134,2.990962,2.851924,-1.872758,2.365531,0.559102,2.608727
3889,129.633333,1,564.186134,364.346761,451.160707,367.012169,507.673421,365.679465,2.989892,2.771546,-1.877175,2.305602,0.556359,2.538574
3890,129.666667,1,564.306192,364.401612,451.161757,367.027189,507.733974,365.714401,2.985893,2.829308,-1.872356,2.365736,0.556768,2.597522
3891,129.7,1,564.268312,364.304763,451.253128,366.976431,507.76072,365.640597,2.989141,2.793422,-1.869189,2.308483,0.559976,2.550953
3892,129.733333,1,564.198208,364.346359,451.274567,367.068956,507.736387,365.707658,2.982902,2.76899,-1.868204,2.270993,0.557349,2.519992
3893,129.766667,1,564.198885,364.348231,451.236391,366.931316,507.717638,365.639774,2.984576,2.70254,-1.867726,2.29209,0.558425,2.497315
3894,129.8,1,564.040852,364.405169,451.15674,366.904054,507.598796,365.654612,2.982411,2.765156,-1.868242,2.24233,0.557084,2.503743
3895,129.833333,1,563.989372,364.339417,451.298847,366.928307,507.64411,365.633862,2.981954,2.632446,-1.863993,2.249136,0.558981,2.440791
3896,129.866667,1,563.932781,364.5532,451.065159,366.996725,507.49897,365.774962,2.986821,2.611047,-1.863321,2.263622,0.56175,2.437335
3897,129.9,1,563.822498,364.709224,450.958595,367.084293,507.390547,365.896759,2.980397,2.635968,-1.867635,2.226027,0.556381,2.430998
3898,129.933333,1,563.644571,364.781247,450.814934,367.192671,507.229753,365.986959,2.98713,2.649869,-1.871622,2.246793,0.557754,2.448331
3899,129.966667,1,563.658905,364.756458,450.899401,367.355078,507.279153,366.055768,2.999713,2.595832,-1.864153,2.167075,0.56778,2.381453
3900,130.0,1,563.5221,364.848436,450.883675,367.397752,507.202888,366.123094,2.988985,2.417597,-1.86845,2.264841,0.560268,2.341219
3901,130.033333,1,563.496227,364.884882,450.818663,367.466395,507.157445,366.175639,2.987613,2.516599,-1.868558,2.285343,0.559527,2.400971
3902,130.066667,1,563.515215,364.904612,450.533476,367.590544,507.024345,366.247578,2.989179,2.537727,-1.876758,2.280157,0.556211,2.408942
3903,130.1,1,563.342457,365.079192,450.644083,367.53116,506.99327,366.305176,2.989302,2.595297,-1.86836,2.200283,0.560471,2.39779
3904,130.133333,1,563.285313,365.158044,450.615129,367.550247,506.950221,366.354145,2.999191,2.640547,-1.860849,2.187717,0.569171,2.414132
3905,130.166667,1,563.292856,365.14673,450.73782,367.645256,507.015338,366.395993,2.989991,2.537795,-1.859443,2.187812,0.565274,2.362803
3906,130.2,1,563.392086,365.064665,450.767765,367.606627,507.079926,366.335646,2.99225,2.536778,-1.857907,2.232366,0.567172,2.384572
3907,130.233333,1,563.21229,365.161643,450.822983,367.625381,507.017636,366.393512,2.986053,2.626058,-1.853081,2.153108,0.566486,2.389583
3908,130.266667,1,563.26663,365.120487,450.499506,367.782032,506.883068,366.45126,2.986913,2.629829,-1.864219,2.191419,0.561347,2.410624
3909,130.3,1,563.129702,365.190155,450.352268,367.74335,506.740985,366.466752,2.996279,2.702831,-1.859171,2.125371,0.568554,2.414101
3910,130.333333,1,563.050957,365.08159,450.294352,367.772344,506.672654,366.426967,2.990438,2.608426,-1.862992,2.087849,0.563723,2.348137
3911,130.366667,1,563.058662,365.055744,450.177031,367.659456,506.617846,366.3576,2.995968,2.678553,-1.867377,2.082297,0.564295,2.380425
3912,130.4,1,563.056479,365.065159,450.118151,367.569022,506.587315,366.31709,2.997643,2.616327,-1.87034,2.094208,0.563652,2.355268
3913,130.433333,1,563.017693,365.171637,449.909525,367.867134,506.463609,366.519385,3.003483,2.619912,-1.864909,2.121289,0.569287,2.3706
3914,130.466667,1,562.956505,365.279875,449.736919,368.02952,506.346712,366.654697,2.993631,2.571648,-1.879427,2.122132,0.557102,2.34689
3915,130.5,1,563.142414,365.149401,449.852819,367.962626,506.497617,366.556014,3.007079,2.524938,-1.865551,2.148027,0.570764,2.336483
3916,130.533333,1,563.156929,365.032119,449.943476,367.953651,506.550202,366.492885,3.008152,2.463188,-1.867388,2.173593,0.570382,2.318391
3917,130.566667,1,563.293982,365.061275,450.052042,367.975554,506.673012,366.518414,3.009841,2.453567,-1.865855,2.22623,0.571993,2.339899
3918,130.6,1,563.312569,365.030767,450.048218,367.886016,506.680393,366.458392,3.004664,2.521235,-1.867793,2.214258,0.568435,2.367746
3919,130.633333,1,563.246317,365.080211,450.177069,367.737958,506.711693,366.409085,2.993642,2.534472,-1.860247,2.14316,0.566697,2.338816
3920,130.666667,1,563.112593,365.069987,450.211544,367.656714,506.662068,366.36335,2.997146,2.636388,-1.85801,2.116958,0.569568,2.376673
3921,130.7,1,563.11326,365.074857,450.07946,367.683172,506.59636,366.379015,2.990004,2.660915,-1.862017,2.178168,0.563994,2.419542
3922,130.733333,1,563.039656,365.007674,450.076466,367.695091,506.558061,366.351382,2.992217,2.62108,-1.86704,2.17419,0.562589,2.397635
3923,130.766667,1,562.924805,364.990325,449.99754,367.664026,506.461172,366.327175,2.993281,2.665683,-1.87543,2.15802,0.558926,2.411852
3924,130.8,1,562.935266,364.899892,450.148697,367.622505,506.541982,366.261199,2.98748,2.627985,-1.873372,2.15653,0.557054,2.392257
3925,130.833333,1,562.877769,364.735778,450.078669,367.454647,506.478219,366.095213,2.984747,2.632421,-1.877671,2.122025,0.553538,2.377223
3926,130.866667,1,563.011847,364.838941,450.004864,367.674674,506.508355,366.256808,2.991482,2.718053,-1.866315,2.201701,0.562584,2.459877
3927,130.9,1,561.804028,367.457689,450.635214,371.416104,506.219621,369.436896,3.018606,4.076739,-1.887183,2.795039,0.565712,3.435889
3928,130.933333,1,558.550644,372.099198,449.96851,377.274349,504.259577,374.686773,2.820488,-0.604692,-1.782159,19.301048,0.519165,9.348178
3929,130.966667,1,559.150248,370.588664,451.281261,375.170703,505.215755,372.879683,2.878821,22.82346,-1.756602,24.665597,0.561109,23.744529
3930,131.0,1,564.228439,368.257213,449.957428,372.611532,507.092934,370.434372,3.042455,3.996068,-1.918462,4.615114,0.561997,4.305591
3931,131.033333,1,563.047209,366.890874,449.977055,370.293063,506.512132,368.591968,3.025166,3.920323,-1.915369,3.560308,0.554899,3.740316
3932,131.066667,1,563.375111,364.64476,450.466719,368.799716,506.920915,366.722238,2.99737,3.189223,-1.894522,3.078746,0.551424,3.133985
3933,131.1,1,563.184395,364.227939,449.670792,368.039964,506.427593,366.133952,3.019079,3.532118,-1.88917,2.612157,0.564955,3.072137
3934,131.133333,1,562.573071,363.381847,449.59487,367.326899,506.08397,365.354373,3.002111,2.82924,-1.872786,2.438067,0.564662,2.633654
3935,131.166667,1,562.542229,362.397358,449.61072,365.869762,506.076474,364.13356,3.016645,2.914132,-1.857383,2.407823,0.579631,2.660977
3936,131.2,1,562.311964,361.398386,449.58497,365.049591,505.948467,363.223988,3.002003,2.790687,-1.854337,2.414385,0.573833,2.602536
3937,131.233333,1,561.589441,360.288906,449.448013,364.439823,505.518727,362.364365,2.930387,2.259783,-1.854721,2.379647,0.537833,2.319715
3938,131.266667,1,561.833916,360.224791,449.45756,364.590172,505.645738,362.407481,2.992259,2.291439,-1.853513,2.513372,0.569373,2.402405
3939,131.3,1,560.796242,359.233376,448.751087,363.348759,504.773664,361.291068,2.974663,2.016324,-1.863946,2.19369,0.555358,2.105007
3940,131.333333,1,559.872332,358.910379,448.271599,362.68745,504.071965,360.798915,2.930585,2.122388,-1.841948,2.125505,0.544318,2.123947
3941,131.366667,1,559.191484,358.434695,447.597895,362.447725,503.39469,360.44121,2.927662,2.119725,-1.824466,1.99413,0.551598,2.056927
3942,131.4,1,558.33004,358.115469,446.664648,362.306941,502.497344,360.211205,3.009032,2.383915,-1.811108,1.890308,0.598962,2.137111
3943,131.433333,1,556.867399,358.523326,445.222883,362.524173,501.045141,360.52375,2.984464,2.100443,-1.808365,1.903706,0.588049,2.002074
3944,131.466667,1,555.532713,359.366714,443.283339,363.221725,499.408026,361.294219,3.035733,2.210695,-1.808489,2.126803,0.613622,2.168749
3945,131.5,1,554.248314,360.192475,441.583815,364.911178,497.916064,362.551827,3.009493,1.936607,-1.80404,2.495553,0.602727,2.21608
3946,131.533333,1,553.091354,362.247595,439.56109,367.665464,496.326222,364.956529,3.001288,2.097761,-1.813315,3.010426,0.593987,2.554094
3947,131.566667,1,551.119766,366.948885,436.919956,373.601696,494.019861,370.275291,2.980909,6.783277,-1.852117,6.0101,0.564396,6.396688
3948,131.6,1,547.464685,372.833533,434.333096,378.847121,490.89889,375.840327,2.926736,13.112642,-1.843418,8.470324,0.541659,10.791483
3949,131.633333,1,546.951637,371.603558,432.169266,379.02685,489.560452,375.315204,2.9894,3.056065,-1.816703,3.7634,0.586348,3.409732
3950,131.666667,1,544.050608,368.266504,428.475122,377.278372,486.262865,372.772438,3.057211,11.022406,-1.850027,4.179855,0.603592,7.601131
3951,131.7,1,543.918924,365.758145,428.907461,374.955096,486.413193,370.356621,3.00849,10.726095,-1.891595,3.98182,0.558448,7.353958
3952,131.733333,1,543.161554,363.927119,426.61334,373.595967,484.887447,368.761543,2.980432,4.506205,-1.925732,2.958029,0.52735,3.732117
3953,131.766667,1,542.865095,362.464371,427.375755,371.986481,485.120425,367.225426,2.917086,3.988972,-1.929588,2.38723,0.493749,3.188101
3954,131.8,1,542.563391,361.065545,427.081232,370.432237,484.822311,365.748891,2.931227,4.280748,-1.94345,2.365938,0.493889,3.323343
3955,131.833333,1,543.498955,359.058196,428.204298,368.198504,485.851626,363.62835,2.870686,3.398971,-1.976985,2.120405,0.44685,2.759688
3956,131.866667,1,545.908155,357.890781,430.96036,366.67148,488.434258,362.28113,2.999276,3.124991,-1.949294,2.140123,0.524991,2.632557
3957,131.9,1,548.095465,357.502128,436.778307,366.035914,492.436886,361.769021,3.070241,2.820139,-1.882509,1.96941,0.593866,2.394775
3958,131.933333,1,548.658485,357.53711,441.137772,365.105327,494.898129,361.321219,3.015456,3.647968,-1.868192,2.275306,0.573632,2.961637
3959,131.966667,1,549.641848,358.11548,440.724974,366.315438,495.183411,362.215459,2.999906,4.30281,-1.987847,5.064314,0.506029,4.683562
3960,132.0,1,550.199194,362.345785,438.953772,369.635653,494.576483,365.990719,2.891328,10.9193,-1.958757,13.203922,0.466286,12.061611
3961,132.033333,1,549.751177,362.911409,446.294422,368.940146,498.022799,365.925778,2.839973,2.712115,-1.737655,-0.257375,0.551159,1.22737
3962,132.066667,1,549.204283,361.164299,446.73336,367.379133,497.968822,364.271716,2.826328,2.443622,-1.788996,10.385318,0.518666,6.41447
3963,132.1,1,548.656464,359.085131,445.535431,364.277233,497.095947,361.681182,2.856365,2.742778,-1.786911,14.967075,0.534727,8.854927
3964,132.133333,1,549.376631,355.889161,444.562817,362.625888,496.969724,359.257524,2.91979,-4.361508,-1.830266,11.834529,0.544762,3.73651
3965,132.166667,1,547.754889,353.200391,446.13122,358.387778,496.943054,355.794084,2.918432,-7.743115,-1.893068,5.03529,0.512682,-1.353912
3966,132.2,1,548.271008,349.938465,444.134731,356.218005,496.202869,353.078235,3.061535,-5.798691,-1.886458,7.457081,0.587539,0.829195
3967,132.233333,1,547.613554,345.515009,439.035501,354.85334,493.324528,350.184174,3.015849,-10.718094,-2.015438,4.957168,0.500206,-2.880463
3968,132.266667,1,547.182913,342.982484,440.190544,351.922275,493.686728,347.452379,3.022452,-17.104287,-2.01951,-2.376076,0.501471,-9.740181
3969,132.3,1,546.060038,340.148295,442.927256,348.057706,494.493647,344.103,3.006013,-2.502109,-1.978242,-7.579699,0.513886,-5.040904
3970,132.333333,1,545.421772,337.569603,444.176655,346.168277,494.799213,341.86894,3.031159,0.536166,-1.998453,-14.020559,0.516353,-6.742196
3971,132.366667,1,544.193525,336.384298,442.741232,345.445245,493.467379,340.914771,3.017152,1.177812,-2.003758,-14.02501,0.506697,-6.423599
3972,132.4,1,543.29793,335.601001,444.376717,343.818448,493.837323,339.709724,3.025167,1.865875,-1.954853,-1.84266,0.535157,0.011608
3973,132.433333,1,545.156746,334.981336,445.109215,342.463916,495.13298,338.722626,3.046362,1.470454,-1.957941,-1.00938,0.54421,0.230537
3974,132.466667,1,545.700769,335.036933,445.167761,343.437231,495.434265,339.237082,3.031127,1.164264,-1.994431,-4.488238,0.518348,-1.661987
3975,132.5,1,545.523195,335.029176,446.375723,342.727969,495.949459,338.878572,3.039419,1.169485,-1.960835,0.278733,0.539292,0.724109
3976,132.533333,1,546.807556,335.389289,442.480135,344.228402,494.643846,339.808846,3.064792,0.464523,-2.038534,0.62147,0.513129,0.542997
3977,132.566667,1,549.688463,340.072163,444.938316,350.475132,497.31339,345.273648,2.969696,-5.172167,-1.931341,-0.835958,0.519178,-3.004062
3978,132.6,1,550.440989,341.738952,442.326422,351.822696,496.383705,346.780824,2.954546,-8.31568,-1.941643,-1.945438,0.506451,-5.130559
3979,132.633333,1,548.087149,340.414821,438.210907,351.910914,493.149028,346.162867,2.928702,-0.549323,-2.051476,-0.941851,0.438613,-0.745587
3980,132.666667,1,550.345621,339.283385,440.638189,350.45405,495.491905,344.868717,3.038344,-1.365669,-2.118679,2.185848,0.459833,0.41009
3981,132.7,1,552.903996,340.760107,442.585115,349.813265,497.744555,345.286686,3.042139,0.697057,-2.054404,2.527325,0.493867,1.612191
3982,132.733333,1,552.796898,342.984152,443.132124,351.326728,497.964511,347.15544,3.049623,0.630411,-2.134536,1.963894,0.457544,1.297152
3983,132.766667,1,552.61117,346.45029,445.967398,354.97501,499.289284,350.71265,3.002268,-1.815444,-1.976383,3.845286,0.512942,1.014921
3984,132.8,1,552.419119,352.984666,446.505814,360.698431,499.462466,356.841549,2.848709,-14.87598,-1.839969,5.30092,0.50437,-4.78753
3985,132.833333,1,553.518143,353.464433,443.382511,361.055283,498.450327,357.259858,2.886433,-4.950356,-2.038492,6.003957,0.423971,0.5268
3986,132.866667,1,554.967642,351.749477,443.363075,358.944524,499.165359,355.347,3.04225,0.572728,-2.117604,3.714356,0.462323,2.143542
3987,132.9,1,555.779066,350.839076,443.698502,357.918488,499.738784,354.378782,3.050357,0.996914,-2.190934,2.905735,0.429711,1.951325
3988,132.933333,1,555.629444,349.861357,444.33485,357.218034,499.982147,353.539696,3.072225,1.292969,-2.075353,2.747609,0.498436,2.020289
3989,132.966667,1,555.221872,349.56654,442.946367,357.099169,499.08412,353.332855,3.04104,2.115905,-2.170217,3.165519,0.435411,2.640712
3990,133.0,1,555.726795,349.283062,443.608532,356.81352,499.667664,353.048291,3.036639,1.960503,-2.123099,3.318344,0.45677,2.639424
3991,133.033333,1,556.045551,349.071296,444.610319,356.777996,500.327935,352.924646,3.033484,1.702659,-2.114206,3.262231,0.459639,2.482445
3992,133.066667,1,556.324177,348.829377,445.67028,355.898978,500.997229,352.364177,3.001976,1.800819,-2.071268,3.351983,0.465354,2.576401
3993,133.1,1,556.060944,347.886007,446.345377,355.140899,501.20316,351.513453,2.971704,1.018263,-2.048919,3.846658,0.461392,2.432461
3994,133.133333,1,556.930656,347.532288,446.570044,354.672114,501.75035,351.102201,2.954108,-0.832989,-2.05919,3.259102,0.447459,1.213057
3995,133.166667,1,557.0784,346.95189,447.112169,353.977448,502.095284,350.464669,2.946164,-1.02514,-2.07621,4.347029,0.434977,1.660944
3996,133.2,1,556.685972,346.346387,446.709013,353.41957,501.697493,349.882978,2.936532,-0.802954,-2.091611,3.901546,0.422461,1.549296
3997,133.233333,1,557.059975,345.725557,446.101723,352.799095,501.580849,349.262326,2.970614,-0.189345,-2.103664,4.622873,0.433475,2.216764
3998,133.266667,1,556.536531,345.40947,446.698627,352.504288,501.617579,348.956879,2.969451,0.234257,-2.103582,3.085397,0.432934,1.659827
3999,133.3,1,556.655416,344.055147,445.141363,352.435763,500.89839,348.245455,3.034971,0.333946,-2.191365,4.378076,0.421803,2.356011
4000,133.333333,1,556.047516,342.997928,445.390444,351.706057,500.71898,347.351992,3.060826,-0.034783,-2.114046,4.729927,0.47339,2.347572
4001,133.366667,1,554.145212,341.578304,445.64333,350.213987,499.894271,345.896146,3.020636,0.623008,-2.11107,6.420254,0.454783,3.521631
4002,133.4,1,553.367176,341.285788,445.357428,350.338383,499.362302,345.812085,3.041348,0.936929,-2.073557,6.033832,0.483895,3.48538
4003,133.433333,1,553.457575,341.046744,444.417295,350.521819,498.937435,345.784281,3.066136,1.21637,-2.039369,7.405567,0.513383,4.310969
4004,133.466667,1,552.826033,341.691477,444.278126,351.118096,498.552079,346.404786,3.015663,1.041848,-2.06571,6.91837,0.474977,3.980109
4005,133.5,1,552.399712,341.862672,444.039907,350.866815,498.21981,346.364744,2.993107,0.533794,-2.045729,5.869351,0.473689,3.201572
4006,133.533333,1,552.615652,342.254296,442.221766,350.904838,497.418709,346.579567,3.052951,1.477015,-2.084635,7.790609,0.484158,4.633812
4007,133.566667,1,552.587128,342.454426,441.544342,351.027544,497.065735,346.740985,3.073034,1.538924,-2.080062,7.236465,0.496486,4.387694
4008,133.6,1,552.287035,342.418098,441.672182,350.656654,496.979609,346.537376,3.090543,1.861707,-2.03747,5.758285,0.526537,3.809996
4009,133.633333,1,552.059317,342.458358,440.857162,350.358231,496.45824,346.408295,3.114356,2.224206,-2.039149,5.877874,0.537604,4.05104
4010,133.666667,1,551.173763,342.658408,440.945272,349.557581,496.059518,346.107995,3.145047,2.750541,-2.051985,4.875623,0.546531,3.813082
4011,133.7,1,550.101175,342.770927,439.071827,349.378173,494.586501,346.07455,3.123707,2.758235,-2.112484,4.046151,0.505612,3.402193
4012,133.733333,1,549.197798,342.446165,438.675995,349.091944,493.936896,345.769055,3.07907,3.185138,-2.118121,4.264189,0.480474,3.724664
4013,133.766667,1,548.566275,342.570266,437.296839,349.307765,492.931557,345.939015,3.107796,2.401767,-2.092647,3.894764,0.507575,3.148266
4014,133.8,1,547.139769,342.54457,434.734583,349.379327,490.937176,345.961948,3.117609,2.54755,-2.119368,3.623954,0.49912,3.085752
4015,133.833333,1,547.028036,342.727786,433.246365,349.453527,490.1372,346.090657,3.118793,2.301408,-2.131895,4.084478,0.493449,3.192943
4016,133.866667,1,546.729259,342.47369,432.573681,349.733201,489.65147,346.103446,3.076179,2.393541,-2.127643,4.167008,0.474268,3.280274
4017,133.9,1,546.633577,342.288151,433.018484,349.63721,489.826031,345.962681,3.107311,2.251944,-2.102776,4.382967,0.502268,3.317455
4018,133.933333,1,547.132025,342.326013,433.005075,349.728486,490.06855,346.027249,3.131737,2.270045,-2.093135,4.301392,0.519301,3.285718
4019,133.966667,1,546.424818,342.531797,433.236465,350.32524,489.830642,346.428519,3.098959,2.23821,-2.085455,4.601631,0.506752,3.41992
4020,134.0,1,541.076031,347.9905,435.530233,354.581128,488.303132,351.285814,2.805211,-0.464957,-1.879401,9.961153,0.462905,4.748098
4021,134.033333,1,545.665569,351.462775,437.562304,358.447607,491.613936,354.955191,2.87609,0.554025,-1.742999,30.75743,0.566545,15.655728
4022,134.066667,1,546.05216,349.11742,439.101133,355.761632,492.576647,352.439526,2.924217,-1.408708,-1.796535,16.709321,0.563841,7.650306
4023,134.1,1,547.058363,346.483431,440.032072,353.812401,493.545218,350.147916,2.945425,-1.337283,-1.817972,11.032687,0.563726,4.847702
4024,134.133333,1,547.366371,345.086489,440.595274,351.973742,493.980823,348.530115,2.987069,0.766457,-1.892671,8.408168,0.547199,4.587313
4025,134.166667,1,549.809561,344.676996,439.841032,351.807804,494.825296,348.2424,3.087876,1.875043,-1.89532,6.321862,0.596278,4.098453
4026,134.2,1,550.239305,344.388047,441.164598,350.701565,495.701952,347.544806,3.093096,2.411029,-1.921918,5.561465,0.585589,3.986247
4027,134.233333,1,551.349735,344.416022,440.382414,350.689017,495.866075,347.55252,3.10602,2.552969,-1.938152,4.098108,0.583934,3.325539
4028,134.266667,1,551.620178,344.113297,441.818933,350.029365,496.719556,347.071331,3.090362,2.917549,-1.893642,3.554166,0.59836,3.235858
4029,134.3,1,551.961718,343.781294,441.895084,349.970958,496.928401,346.876126,3.072836,2.909838,-1.912965,3.844922,0.579935,3.37738
4030,134.333333,1,553.017178,343.964628,441.64959,349.871957,497.333384,346.918293,3.115543,3.134965,-1.913128,3.710474,0.601207,3.422719
4031,134.366667,1,552.985001,344.059385,441.286564,349.950412,497.135782,347.004898,3.103854,3.074186,-1.92618,3.472108,0.588837,3.273147
4032,134.4,1,552.837353,344.012505,441.305304,350.024838,497.071328,347.018672,3.105474,2.973915,-1.934087,3.728919,0.585694,3.351417
4033,134.433333,1,552.814369,344.020059,441.543722,349.958475,497.179046,346.989267,3.10552,2.919959,-1.941287,3.786658,0.582117,3.353309
4034,134.466667,1,552.782221,344.245101,441.429386,349.991584,497.105803,347.118343,3.09332,3.213491,-1.953303,3.879614,0.570008,3.546553
4035,134.5,1,552.444258,344.285211,441.556835,350.368434,497.000546,347.326823,3.089719,2.726016,-1.953313,3.822723,0.568203,3.274369
4036,134.533333,1,552.602291,344.437641,441.364965,350.437034,496.983628,347.437338,3.086887,2.725338,-1.962904,3.840672,0.561991,3.283005
4037,134.566667,1,552.648058,344.564171,441.514225,350.428725,497.081141,347.496448,3.067405,2.812531,-1.956799,3.939441,0.555303,3.375986
4038,134.6,1,552.839041,344.65534,442.059631,350.650034,497.449336,347.652687,3.082289,2.382167,-1.933717,3.829364,0.574286,3.105766
4039,134.633333,1,553.30802,344.530467,442.349787,350.767069,497.828903,347.648768,3.08106,2.035052,-1.951024,3.865658,0.565018,2.950355
4040,134.666667,1,554.026823,344.554231,443.187685,350.657925,498.607254,347.606078,3.106884,2.029854,-1.910507,3.685739,0.598188,2.857796
4041,134.7,1,554.570379,344.695213,443.766041,350.643409,499.16821,347.669311,3.080007,1.802206,-1.914854,3.423602,0.582576,2.612904
4042,134.733333,1,554.857159,344.743461,444.020109,350.408367,499.438634,347.575914,3.105994,1.989915,-1.934004,3.356374,0.585995,2.673145
4043,134.766667,1,555.052614,344.970156,444.004345,350.393068,499.52848,347.681612,3.077552,2.081946,-1.952046,3.354896,0.562753,2.718421
4044,134.8,1,555.283327,345.260586,444.341412,350.278022,499.812369,347.769304,3.067603,2.153791,-1.961823,3.355383,0.55289,2.754587
4045,134.833333,1,555.123873,345.229461,444.290819,350.067276,499.707346,347.648368,3.09781,2.559175,-1.961106,3.248429,0.568352,2.903802
4046,134.866667,1,555.261536,345.427435,443.984337,350.071954,499.622936,347.749694,3.087402,2.479492,-1.972803,3.274659,0.557299,2.877075
4047,134.9,1,555.328188,345.520341,443.366623,350.110969,499.347405,347.815655,3.09206,2.732051,-1.98894,3.061386,0.55156,2.896719
4048,134.933333,1,555.057468,345.5148,443.27343,350.372388,499.165449,347.943594,3.077429,2.487516,-1.988194,3.233589,0.544618,2.860552
4049,134.966667,1,554.888287,345.944887,442.698746,350.70297,498.793516,348.323928,3.088448,2.200124,-1.983178,3.141473,0.552635,2.670799
4050,135.0,1,554.742241,346.152222,442.332001,351.261106,498.537121,348.706664,3.066684,2.109782,-1.989125,3.389188,0.538779,2.749485
4051,135.033333,1,554.783068,346.23051,442.181025,351.400516,498.482046,348.815513,3.077406,1.976678,-1.981801,3.521696,0.547803,2.749187
4052,135.066667,1,554.696741,346.468642,442.32687,351.594606,498.511806,349.031624,3.080722,1.840742,-1.979861,3.351207,0.550431,2.595974
4053,135.1,1,554.701061,346.656316,443.006496,351.412168,498.853779,349.034242,3.062662,2.0475,-1.965009,3.298193,0.548826,2.672847
4054,135.133333,1,554.673624,347.103108,442.507887,351.558369,498.590755,349.330738,3.07346,2.306183,-1.977546,3.085246,0.547957,2.695714
4055,135.166667,1,554.807997,347.225266,442.913055,351.804113,498.860526,349.51469,3.076303,2.191349,-1.987326,3.126181,0.544489,2.658765
4056,135.2,1,554.867878,347.630178,442.872658,352.145382,498.870268,349.88778,3.087436,2.271984,-1.972702,3.147474,0.557367,2.709729
4057,135.233333,1,554.738922,347.611966,442.960386,352.42703,498.849654,350.019498,3.067557,1.918969,-1.992202,3.324578,0.537678,2.621774
4058,135.266667,1,555.619469,348.406017,443.260069,352.696887,499.439769,350.551452,3.084461,2.137311,-1.960285,3.231305,0.562088,2.684308
4059,135.3,1,556.279411,348.959137,443.15876,352.934037,499.719086,350.946587,3.121155,2.142845,-1.93612,2.954814,0.592518,2.548829
4060,135.333333,1,556.098318,349.419131,443.370066,353.572354,499.734192,351.495742,3.146101,2.699883,-1.903969,3.129531,0.621066,2.914707
4061,135.366667,1,556.173887,349.849244,442.710524,354.190802,499.442205,352.020023,3.158754,2.908891,-1.916047,3.149146,0.621354,3.029018
4062,135.4,1,555.425701,350.376309,443.756399,354.295349,499.59105,352.335829,3.174576,3.037624,-1.866158,2.961525,0.654209,2.999575
4063,135.433333,1,555.340538,350.314688,443.07889,354.375542,499.209714,352.345115,3.179159,3.10466,-1.88217,2.94507,0.648495,3.024865
4064,135.466667,1,556.09333,350.704322,443.289909,354.525568,499.69162,352.614945,3.243783,3.173235,-1.891145,3.389402,0.676319,3.281318
4065,135.5,1,554.664431,352.844977,444.047709,357.236858,499.35607,355.040917,3.144748,2.503416,-1.85008,4.134746,0.647334,3.319081
4066,135.533333,1,551.727829,358.778259,440.05229,363.168247,495.890059,360.973253,3.004826,1.209862,-1.863555,4.404395,0.570636,2.807128
4067,135.566667,1,549.581938,358.774011,441.965828,362.106344,495.773883,360.440177,2.943713,3.725169,-1.830127,5.494797,0.556793,4.609983
4068,135.6,1,550.844269,356.381587,440.349827,360.878493,495.597048,358.63004,3.050041,4.780403,-1.857007,4.889134,0.596517,4.834769
4069,135.633333,1,551.787939,356.412599,439.69779,361.046383,495.742865,358.729491,3.186152,3.826183,-1.850465,4.816093,0.667843,4.321138
4070,135.666667,1,553.206673,356.214046,437.5986,361.373913,495.402637,358.79398,3.199629,3.403586,-1.905472,5.029448,0.647078,4.216517
4071,135.7,1,552.801361,355.849797,435.477057,361.330419,494.139209,358.590108,3.160178,2.318652,-1.887336,5.123187,0.636421,3.720919
4072,135.733333,1,553.511028,355.942022,434.512835,360.95809,494.011931,358.450056,3.179802,2.441551,-1.918975,5.168501,0.630414,3.805026
4073,135.766667,1,554.158983,355.372154,434.08927,360.644808,494.124126,358.008481,3.174542,1.894323,-1.945925,4.757333,0.614309,3.325828
4074,135.8,1,553.556261,356.204883,434.14506,359.964144,493.85066,358.084514,3.181064,3.17725,-1.992863,4.032968,0.5941,3.605109
4075,135.833333,1,554.406538,355.696712,438.296061,359.635665,496.351299,357.666188,3.205277,2.482433,-2.008809,4.319734,0.598234,3.401084
4076,135.866667,1,555.081291,356.021774,437.152023,360.633559,496.116657,358.327667,3.161654,3.322131,-2.027077,4.391027,0.567288,3.856579
4077,135.9,1,556.198454,355.929603,438.809223,360.348859,497.503839,358.139231,3.184873,3.471441,-2.016342,4.391277,0.584266,3.931359
4078,135.933333,1,556.062737,357.295389,438.687744,360.378749,497.37524,358.837069,3.115704,3.500374,-1.981121,4.055054,0.567292,3.777714
4079,135.966667,1,556.472168,358.006062,438.797989,361.390269,497.635078,359.698166,3.155478,3.422727,-1.963227,3.962895,0.596125,3.692811
4080,136.0,1,556.300602,359.243923,439.757862,361.706201,498.029232,360.475062,3.115646,3.562869,-1.950224,4.094499,0.582711,3.828684
4081,136.033333,1,555.824089,359.883978,439.632215,362.756072,497.728152,361.320025,3.120954,3.325791,-1.954406,4.289777,0.583274,3.807784
4082,136.066667,1,554.782534,361.028048,439.864349,362.91613,497.323442,361.972089,3.07639,3.400867,-1.905465,3.950813,0.585462,3.67584
4083,136.1,1,554.831438,361.373489,440.438814,363.406137,497.635126,362.389813,3.043155,2.730173,-1.877111,4.013382,0.583022,3.371778
4084,136.133333,1,554.360437,361.47824,439.320498,363.735341,496.840467,362.606791,3.083198,2.98249,-1.912385,3.936865,0.585407,3.459677
4085,136.166667,1,554.011097,361.379353,438.817739,363.935509,496.414418,362.657431,3.083355,3.010453,-1.93814,4.04013,0.572608,3.525291
4086,136.2,1,554.072666,361.799966,438.713112,364.139727,496.392889,362.969846,3.075829,3.32425,-1.936582,3.823091,0.569623,3.57367
4087,136.233333,1,554.254398,362.298519,438.199949,364.371405,496.227174,363.334962,3.050607,3.534787,-1.940978,3.536672,0.554814,3.535729
4088,136.266667,1,555.041485,363.144456,438.294897,364.571401,496.668191,363.857929,3.052963,3.489378,-1.941041,3.192107,0.555961,3.340742
4089,136.3,1,555.19536,363.41368,438.795824,364.651149,496.995592,364.032414,3.026054,3.674367,-1.930992,2.975045,0.547531,3.324706
4090,136.333333,1,555.538292,364.07773,440.354424,364.820032,497.946358,364.448881,2.988834,3.580808,-1.909732,3.121194,0.539551,3.351001
4091,136.366667,1,556.291714,364.797962,442.025089,365.408326,499.158401,365.103144,2.958304,3.55001,-1.900445,3.182985,0.528929,3.366497
4092,136.4,1,556.655779,365.200675,443.816929,365.687222,500.236354,365.443948,2.956372,4.022893,-1.892406,2.987512,0.531983,3.505203
4093,136.433333,1,557.816477,365.475011,445.648537,365.435443,501.732507,365.455227,2.964545,4.29125,-1.891469,2.993455,0.536538,3.642353
4094,136.466667,1,558.50461,365.618938,447.683544,365.201586,503.094077,365.410262,2.945155,4.575872,-1.90231,2.869444,0.521423,3.722658
4095,136.5,1,558.482838,368.720119,453.034306,369.740614,505.758572,369.230366,2.956262,54.826058,-1.786263,9.456518,0.584999,32.141288
4096,136.533333,1,556.951838,372.794802,452.96649,373.708051,504.959164,373.251427,2.791984,-4.820123,-1.754828,29.908392,0.518578,12.544135
4097,136.566667,1,559.010611,370.890648,452.13376,371.830108,505.572186,371.360378,2.846815,6.30751,-1.772671,17.312281,0.537072,11.809895
4098,136.6,1,558.003159,367.438388,453.664618,368.556129,505.833888,367.997258,2.913671,25.321191,-1.809472,15.928091,0.552099,20.624641
4099,136.633333,1,561.783152,365.332714,452.039337,366.934782,506.911244,366.133748,3.082904,10.894457,-1.910007,4.042698,0.586448,7.468578
4100,136.666667,1,561.203041,364.719856,451.500454,365.053727,506.351748,364.886792,3.055201,6.668308,-1.908069,4.189101,0.573566,5.428704
4101,136.7,1,560.629148,362.782888,450.603619,363.209982,505.616384,362.996435,2.994569,4.469776,-1.942493,3.468582,0.526038,3.969179
4102,136.733333,1,560.142078,360.979339,450.795078,361.925671,505.468578,361.452505,2.993552,3.962502,-1.920986,3.273029,0.536283,3.617765
4103,136.766667,1,560.542212,360.5309,450.535898,360.998753,505.539055,360.764827,3.008383,4.237279,-1.919747,3.418455,0.544318,3.827867
4104,136.8,1,560.69438,360.421579,450.269938,360.976394,505.482159,360.698986,3.005069,4.346039,-1.925888,3.276168,0.53959,3.811104
4105,136.833333,1,560.53237,360.122513,450.119944,360.968556,505.326157,360.545534,2.992753,4.313737,-1.92775,3.13295,0.532502,3.723343
4106,136.866667,1,560.292339,359.556432,450.267124,360.981211,505.279732,360.268822,2.98399,4.33768,-1.927334,3.035507,0.528328,3.686593
4107,136.9,1,560.314217,359.415252,450.323133,360.69945,505.318675,360.057351,2.981049,4.30687,-1.933538,3.100328,0.523756,3.703599
4108,136.933333,1,560.258226,359.083076,450.191841,360.701548,505.225034,359.892312,2.986834,4.100846,-1.939278,3.128088,0.523778,3.614467
4109,136.966667,1,560.733004,359.02006,450.619087,360.571117,505.676045,359.795589,2.977892,4.116598,-1.919468,3.033906,0.529212,3.575252
4110,137.0,1,561.354561,359.105473,451.837854,360.141647,506.596208,359.62356,2.965452,4.157629,-1.894982,2.747989,0.535235,3.452809
4111,137.033333,1,561.687937,358.474928,452.653112,359.679594,507.170525,359.077261,2.966852,3.873777,-1.873018,2.69161,0.546917,3.282694
4112,137.066667,1,562.038021,358.120244,452.250156,359.234449,507.144089,358.677346,2.994174,3.586581,-1.888952,2.579888,0.552611,3.083235
4113,137.1,1,562.115612,357.168553,452.498255,358.682692,507.306933,357.925622,2.988747,3.158091,-1.908045,2.61188,0.540351,2.884986
4114,137.133333,1,561.97443,356.325915,452.605,358.261403,507.289715,357.293659,2.973111,3.27346,-1.910113,2.663946,0.531499,2.968703
4115,137.166667,1,561.924219,356.252401,452.554808,358.242488,507.239513,357.247445,2.968974,3.240198,-1.90907,2.671141,0.529952,2.955669
4116,137.2,1,561.874075,356.347201,452.628117,358.334665,507.251096,357.340933,2.980955,3.174912,-1.89928,2.709479,0.540838,2.942196
4117,137.233333,1,561.635733,356.442844,452.623758,358.364614,507.129745,357.403729,2.993771,3.13809,-1.896598,2.6335,0.548586,2.885795
4118,137.266667,1,561.726704,356.469832,452.760077,358.379474,507.24339,357.424653,3.009709,3.218582,-1.898583,2.64167,0.555563,2.930126
4119,137.3,1,561.412239,356.553758,452.360048,358.387939,506.886144,357.470849,2.996959,3.275747,-1.89371,2.558017,0.551625,2.916882
4120,137.333333,1,561.329021,356.686254,452.201281,358.527526,506.765151,357.60689,2.997514,3.330882,-1.895061,2.615047,0.551227,2.972964
4121,137.366667,1,561.116991,356.66728,452.096157,359.083655,506.606574,357.875468,2.988092,3.463875,-1.888351,2.653187,0.549871,3.058531
4122,137.4,1,560.875397,356.881573,451.84886,359.144381,506.362128,358.012977,2.982329,3.369106,-1.895089,2.665754,0.54362,3.01743
4123,137.433333,1,560.687866,357.042124,451.475763,359.428153,506.081815,358.235139,2.981642,3.269485,-1.886426,2.654137,0.547608,2.961811
4124,137.466667,1,560.584488,357.15953,451.328773,359.541332,505.956631,358.350431,2.947327,3.076901,-1.887351,2.718878,0.529988,2.89789
4125,137.5,1,560.841627,357.357568,451.148071,359.682904,505.994849,358.520236,2.97303,3.204426,-1.898677,2.73139,0.537176,2.967908
4126,137.533333,1,560.64558,357.392185,451.492701,359.643722,506.06914,358.517953,2.932867,3.087481,-1.881968,2.724559,0.52545,2.90602
4127,137.566667,1,560.868273,357.394803,451.343956,359.596279,506.106114,358.495541,2.943443,3.052807,-1.891735,2.816916,0.525854,2.934862
4128,137.6,1,560.815668,357.596617,451.63496,359.651731,506.225314,358.624174,2.929876,3.008527,-1.876043,2.744135,0.526916,2.876331
4129,137.633333,1,560.629606,357.801163,451.45524,359.906906,506.042423,358.854034,2.921062,3.093228,-1.869212,2.720608,0.525925,2.906918
4130,137.666667,1,560.755682,358.00552,451.43424,359.915462,506.094961,358.960491,2.904305,3.203609,-1.874331,2.730459,0.514987,2.967034
4131,137.7,1,560.468416,358.366599,451.435118,360.037267,505.951767,359.201933,2.895576,3.278898,-1.870508,2.725994,0.512534,3.002446
4132,137.733333,1,560.18302,358.844279,451.087637,360.360687,505.635328,359.602483,2.918083,3.538988,-1.876204,2.761248,0.52094,3.150118
4133,137.766667,1,559.088182,358.89846,450.028095,360.722421,504.558139,359.81044,2.904043,3.608838,-1.889637,2.660908,0.507203,3.134873
4134,137.8,1,558.522835,358.626376,448.989792,361.416137,503.756313,360.021257,2.901319,3.065894,-1.896793,2.747893,0.502263,2.906893
4135,137.833333,1,557.856884,358.645924,448.391104,361.70868,503.123994,360.177302,2.891875,3.082931,-1.89654,2.751146,0.497667,2.917038
4136,137.866667,1,557.803335,358.798118,448.57338,361.764615,503.188357,360.281366,2.920065,3.005779,-1.893756,2.877487,0.513155,2.941633
4137,137.9,1,557.57802,358.827778,448.181324,361.603982,502.879672,360.21588,2.930381,3.00028,-1.897932,2.995316,0.516225,2.997798
4138,137.933333,1,557.823429,359.077958,448.420773,361.619405,503.122101,360.348682,2.908868,2.909719,-1.892921,2.943407,0.507973,2.926563
4139,137.966667,1,557.603235,358.341215,448.554125,361.550467,503.07868,359.945841,2.921929,3.146671,-1.914193,3.211365,0.503868,3.179018
4140,138.0,1,556.484098,358.568119,448.340797,361.871007,502.412448,360.219563,2.959508,3.481806,-1.953424,3.752322,0.503042,3.617064
4141,138.033333,1,554.585247,365.627393,452.877073,368.474879,503.73116,367.051136,2.79963,-5.521929,-1.722973,13.363759,0.538329,3.920915
4142,138.066667,1,553.715219,368.315846,451.644173,369.862214,502.679696,369.08903,2.731656,-6.967575,-1.71757,21.528785,0.507043,7.280605
4143,138.1,1,552.902355,364.162193,452.241297,367.946903,502.571826,366.054548,2.738354,-12.040049,-1.74128,9.206195,0.498537,-1.416927
4144,138.133333,1,554.787312,362.087874,451.01922,366.647061,502.903266,364.367468,2.92757,1.154856,-1.815238,7.48156,0.556166,4.318208
4145,138.166667,1,555.853138,360.592205,448.832788,364.774246,502.342963,362.683226,2.991022,3.535951,-1.89488,4.738315,0.548071,4.137133
4146,138.2,1,558.052921,359.484549,447.80427,363.084524,502.928596,361.284537,3.020821,2.701937,-1.933261,4.186469,0.54378,3.444203
4147,138.233333,1,558.166285,359.323021,448.34919,362.401768,503.257737,360.862395,2.990511,3.073991,-1.908793,3.475375,0.540859,3.274683
4148,138.266667,1,558.22978,358.99393,448.879251,361.850322,503.554516,360.422126,2.965569,3.055003,-1.904045,3.289934,0.530762,3.172469
4149,138.3,1,559.077196,358.778356,449.715509,361.235501,504.396353,360.006928,2.988485,3.447985,-1.892856,3.006693,0.547814,3.227339
4150,138.333333,1,559.750566,358.763765,450.498161,361.070142,505.124364,359.916953,2.997859,3.456576,-1.88701,2.777809,0.555424,3.117192
4151,138.366667,1,560.305395,358.618866,450.793304,361.12715,505.54935,359.873008,2.970143,3.215762,-1.903501,2.932709,0.533321,3.074235
4152,138.4,1,560.625935,358.729293,451.002712,361.083194,505.814323,359.906243,2.977026,3.192487,-1.901354,2.849206,0.537836,3.020846
4153,138.433333,1,560.322123,358.739115,450.760565,361.053888,505.541344,359.896502,2.921853,3.070175,-1.899918,2.669636,0.510968,2.869905
4154,138.466667,1,560.140972,358.715088,451.155796,361.159878,505.648384,359.937483,2.917366,3.076318,-1.883628,2.538542,0.516869,2.80743
4155,138.5,1,560.105429,358.682392,451.025305,361.156493,505.565367,359.919443,2.91971,3.015615,-1.886791,2.544998,0.51646,2.780306
4156,138.533333,1,560.097141,358.567797,450.845833,361.152872,505.471487,359.860335,2.922895,2.932752,-1.880608,2.489882,0.521143,2.711317
4157,138.566667,1,560.453196,358.486478,450.925989,361.023955,505.689592,359.755216,2.948463,3.107433,-1.893113,2.50329,0.527675,2.805361
4158,138.6,1,560.736303,358.202899,450.881834,361.043395,505.809069,359.623147,2.959342,3.06809,-1.889725,2.626089,0.534809,2.84709
4159,138.633333,1,560.752621,358.133445,450.922823,360.735805,505.837722,359.434625,2.957297,3.09794,-1.888379,2.651925,0.534459,2.874932
4160,138.666667,1,560.714197,358.16119,451.032944,360.74993,505.87357,359.45556,2.965493,3.057501,-1.887285,2.640758,0.539104,2.84913
4161,138.7,1,560.580196,358.105491,451.053925,360.757209,505.81706,359.43135,2.972882,2.848374,-1.895568,2.55411,0.538657,2.701242
4162,138.733333,1,560.455046,358.130586,451.124029,360.73507,505.789537,359.432828,2.96946,2.83491,-1.88248,2.485525,0.54349,2.660218
4163,138.766667,1,560.355701,358.0555,451.12464,360.718365,505.74017,359.386933,2.969754,2.854831,-1.888119,2.541474,0.540818,2.698152
4164,138.8,1,560.293236,357.994083,450.977612,360.587549,505.635424,359.290816,2.962947,3.004809,-1.892949,2.592741,0.534999,2.798775
4165,138.833333,1,559.982738,358.015096,450.579844,360.891561,505.281291,359.453328,2.964905,2.879082,-1.891725,2.568459,0.53659,2.723771
4166,138.866667,1,559.788532,357.996138,450.752687,360.894029,505.27061,359.445083,2.972218,2.799445,-1.877586,2.557263,0.547316,2.678354
4167,138.9,1,559.631596,357.937338,450.26598,361.013966,504.948788,359.475652,2.961508,2.763424,-1.883025,2.667391,0.539242,2.715407
4168,138.933333,1,559.564266,357.974079,450.128279,361.068066,504.846272,359.521073,2.979125,2.922532,-1.879716,2.674083,0.549704,2.798308
4169,138.966667,1,559.715719,358.048044,450.098944,361.071392,504.907331,359.559718,2.970265,2.805413,-1.886075,2.694111,0.542095,2.749762
4170,139.0,1,559.839668,358.154286,450.197926,361.046346,505.018797,359.600316,2.973787,2.769753,-1.885402,2.615964,0.544192,2.692858
4171,139.033333,1,559.889364,358.206289,450.217829,361.003012,505.053596,359.60465,2.975178,2.833266,-1.889025,2.509322,0.543077,2.671294
4172,139.066667,1,559.971876,358.288327,450.349541,360.970064,505.160708,359.629195,2.979391,2.816661,-1.882146,2.468349,0.548623,2.642505
4173,139.1,1,559.84601,358.425388,450.354881,360.968562,505.100446,359.696975,2.979575,2.884568,-1.87663,2.357712,0.551473,2.62114
4174,139.133333,1,559.899883,358.548587,450.357199,360.996918,505.128541,359.772753,2.970353,2.859522,-1.878175,2.324738,0.546089,2.59213
4175,139.166667,1,559.793892,358.491579,450.290775,361.256969,505.042334,359.874274,2.969212,2.669014,-1.880678,2.319666,0.544267,2.49434
4176,139.2,1,559.769001,358.509995,450.305567,361.008183,505.037284,359.759089,2.961677,2.73513,-1.882084,2.301889,0.539797,2.51851
4177,139.233333,1,559.575233,358.337508,450.56818,361.077513,505.071707,359.70751,2.972495,2.61649,-1.877787,2.302273,0.547354,2.459381
4178,139.266667,1,559.626818,358.316233,450.597296,361.043792,505.112057,359.680012,2.981931,2.6839,-1.879878,2.349524,0.551026,2.516712
4179,139.3,1,559.677305,358.146358,450.605869,361.109383,505.141587,359.62787,2.97405,2.639726,-1.879968,2.428801,0.547041,2.534264
4180,139.333333,1,559.528427,358.181521,450.474558,360.92563,505.001493,359.553576,2.980069,2.615367,-1.885709,2.47695,0.54718,2.546158
4181,139.366667,1,559.179783,358.019822,450.2812,360.81044,504.730492,359.415131,2.97868,2.650061,-1.886218,2.486014,0.546231,2.568038
4182,139.4,1,559.145784,357.999276,450.358973,360.769869,504.752378,359.384573,2.980481,2.803468,-1.894234,2.63676,0.543124,2.720114
4183,139.433333,1,559.18726,357.634469,450.487289,360.610106,504.837275,359.122287,2.993295,2.665527,-1.894271,2.654237,0.549512,2.659882
4184,139.466667,1,559.04418,357.645686,450.430326,360.563377,504.737253,359.104531,2.985364,2.70273,-1.901013,2.579584,0.542175,2.641157
4185,139.5,1,559.066372,357.755436,450.094471,360.689119,504.580421,359.222277,2.985859,2.777368,-1.895768,2.710654,0.545046,2.744011
4186,139.533333,1,558.984251,357.739086,450.118589,360.702921,504.55142,359.221003,2.988317,2.676708,-1.895547,2.670778,0.546385,2.673743
4187,139.566667,1,559.0096,357.757142,449.987841,360.778602,504.49872,359.267872,2.99659,2.707136,-1.897058,2.733176,0.549766,2.720156
4188,139.6,1,559.082022,357.835264,450.135784,360.845593,504.608903,359.340429,2.985371,2.714889,-1.899425,2.783026,0.542973,2.748958
4189,139.633333,1,559.263763,357.870578,450.079727,360.844456,504.671745,359.357517,2.993426,2.75267,-1.899513,2.823107,0.546956,2.787889
4190,139.666667,1,559.195557,357.880325,450.073481,360.812548,504.634519,359.346437,2.983337,2.804025,-1.893404,2.792851,0.544967,2.798438
4191,139.7,1,559.240179,357.864838,450.075731,360.798386,504.657955,359.331612,2.979133,2.826461,-1.892245,2.666856,0.543444,2.746659
4192,139.733333,1,559.269304,358.116537,450.104771,360.723692,504.687037,359.420114,2.976503,2.814427,-1.891109,2.599653,0.542697,2.70704
4193,139.766667,1,559.294367,358.145354,450.230217,360.924525,504.762292,359.53494,2.969092,2.769933,-1.892968,2.524413,0.538062,2.647173
4194,139.8,1,559.35544,358.390927,450.358419,360.961894,504.85693,359.67641,2.966242,2.812645,-1.889216,2.486056,0.538513,2.649351
4195,139.833333,1,559.341822,358.507141,450.265465,360.972344,504.803643,359.739743,2.964667,2.826669,-1.885121,2.421036,0.539773,2.623853
4196,139.866667,1,559.487238,358.633527,450.358849,361.065781,504.923043,359.849654,2.978198,2.87063,-1.881192,2.32732,0.548503,2.598975
4197,139.9,1,559.502983,358.639074,450.405712,361.134886,504.954348,359.88698,2.982392,2.770951,-1.882767,2.293784,0.549812,2.532368
4198,139.933333,1,559.513445,358.785673,450.321341,361.14003,504.917393,359.962851,2.973938,2.769244,-1.879913,2.276202,0.547013,2.522723
4199,139.966667,1,559.494934,358.783854,450.326233,361.149155,504.910583,359.966505,2.96971,2.79048,-1.882904,2.294496,0.543403,2.542488
4200,140.0,1,559.615917,358.782948,450.454512,360.941772,505.035214,359.86236,2.980192,2.767381,-1.878789,2.320528,0.550701,2.543954
4201,140.033333,1,559.475079,358.918608,449.847383,360.873397,504.661231,359.896003,2.94557,2.776077,-1.895893,2.325185,0.524839,2.550631
4202,140.066667,1,559.360514,358.910015,450.138798,361.107581,504.749656,360.008798,2.948398,2.78952,-1.884195,2.209477,0.532101,2.499499
4203,140.1,1,559.324446,358.984462,450.152884,361.008988,504.738665,359.996725,2.951005,2.730144,-1.888677,2.221069,0.531164,2.475607
4204,140.133333,1,559.257832,359.146897,449.929857,360.954142,504.593844,360.050519,2.932141,2.713783,-1.887321,2.141425,0.52241,2.427604
4205,140.166667,1,558.895245,359.00136,449.87977,361.141795,504.387507,360.071577,2.940515,2.68352,-1.88516,2.150129,0.527678,2.416825
4206,140.2,1,558.77347,359.070287,449.723892,361.05782,504.248681,360.064054,2.926566,2.57482,-1.890323,2.052299,0.518122,2.313559
4207,140.233333,1,558.790064,359.069418,449.676075,361.287552,504.233069,360.178485,2.930288,2.60088,-1.888825,2.08864,0.520731,2.34476
4208,140.266667,1,558.805399,359.073855,449.776878,361.372079,504.291139,360.222967,2.941815,2.533349,-1.889013,2.117787,0.526401,2.325568
4209,140.3,1,558.841715,359.115837,449.807577,361.236445,504.324646,360.176141,2.94462,2.59844,-1.887204,2.187884,0.528708,2.393162
4210,140.333333,1,558.655872,359.146462,449.741888,361.34781,504.19888,360.247136,2.942138,2.464853,-1.884413,2.143069,0.528863,2.303961
4211,140.366667,1,558.699961,359.171718,449.674797,361.279725,504.187379,360.225721,2.936479,2.538146,-1.888424,2.114827,0.524027,2.326487
4212,140.4,1,558.756142,359.212906,449.576483,361.345337,504.166312,360.279121,2.950307,2.511578,-1.889277,2.130822,0.530515,2.3212
4213,140.433333,1,558.694735,359.306735,449.632397,361.435626,504.163566,360.37118,2.925966,2.417085,-1.884311,2.177519,0.520828,2.297302
4214,140.466667,1,558.662586,359.316933,449.863377,361.55736,504.262981,360.437146,2.915475,2.397371,-1.874011,2.10952,0.520732,2.253446
4215,140.5,1,558.702259,359.334796,449.772873,361.485938,504.237566,360.410367,2.919386,2.467138,-1.880911,2.171779,0.519237,2.319459
4216,140.533333,1,558.671894,359.381558,449.631939,361.453929,504.151917,360.417743,2.915192,2.497858,-1.874394,2.116971,0.520399,2.307415
4217,140.566667,1,558.678722,359.449267,449.587355,361.574065,504.133039,360.511666,2.908208,2.406872,-1.875512,2.143687,0.516348,2.27528
4218,140.6,1,558.632755,359.505841,449.720526,361.540216,504.176641,360.523028,2.91611,2.496367,-1.873341,2.097166,0.521384,2.296766
4219,140.633333,1,558.688993,359.535066,449.69799,361.569709,504.193492,360.552388,2.919569,2.447523,-1.873415,2.109161,0.523077,2.278342
4220,140.666667,1,558.731585,359.633256,449.833059,361.52217,504.282322,360.577713,2.911905,2.395275,-1.870965,2.066347,0.52047,2.230811
4221,140.7,1,558.632355,359.616498,449.768877,361.453489,504.200616,360.534993,2.917151,2.439364,-1.87222,2.077442,0.522466,2.258403
4222,140.733333,1,558.658009,359.627194,449.824514,361.394459,504.241261,360.510827,2.918748,2.403352,-1.868493,2.046409,0.525128,2.22488
4223,140.766667,1,558.672504,359.599358,449.856739,361.440598,504.264622,360.519978,2.90744,2.336429,-1.865646,2.016816,0.520897,2.176623
4224,140.8,1,558.761444,359.715943,449.870949,361.512723,504.316196,360.614333,2.911282,2.342006,-1.863312,2.029597,0.523985,2.185801
4225,140.833333,1,558.854485,359.634479,449.945297,361.44511,504.399891,360.539795,2.914439,2.32686,-1.869375,2.068964,0.522532,2.197912
4226,140.866667,1,558.939466,359.406073,450.007896,361.661478,504.473681,360.533776,2.929549,2.405765,-1.869227,2.074038,0.530161,2.239901
4227,140.9,1,559.147892,359.427214,449.935226,361.569715,504.541559,360.498464,2.913531,2.339845,-1.875089,2.103672,0.519221,2.221758
4228,140.933333,1,559.095821,359.423352,449.867239,361.518152,504.48153,360.470752,2.9083,2.271981,-1.871065,2.099381,0.518617,2.185681
4229,140.966667,1,559.026194,359.382792,449.866686,361.235495,504.44644,360.309143,2.923556,2.456559,-1.870365,1.952587,0.526596,2.204573
4230,141.0,1,558.757639,359.112704,449.957438,361.03662,504.357538,360.074662,2.913535,2.342108,-1.863478,1.944772,0.525029,2.14344
4231,141.033333,1,558.949327,358.789122,449.921303,360.858452,504.435315,359.823787,2.933033,2.178941,-1.872797,1.935878,0.530118,2.057409
4232,141.066667,1,558.889856,358.779686,449.907646,360.857663,504.398751,359.818675,2.933493,2.217979,-1.873146,2.003513,0.530173,2.110746
4233,141.1,1,558.749876,358.866139,449.917068,361.255601,504.333472,360.06087,2.914876,2.116255,-1.87931,2.042597,0.517783,2.079426
4234,141.133333,1,558.250904,359.130819,449.633045,361.803077,503.941975,360.466948,2.910199,2.117254,-1.875281,2.085017,0.517459,2.101135
4235,141.166667,1,557.934999,359.271936,449.277182,361.592132,503.606091,360.432034,2.886486,2.112971,-1.86026,2.119902,0.513113,2.116437
4236,141.2,1,557.993841,359.334163,449.194002,361.723695,503.593922,360.528929,2.90435,2.095753,-1.856461,2.122273,0.523944,2.109013
4237,141.233333,1,557.687588,359.323783,449.165497,361.920462,503.426542,360.622122,2.910548,2.101981,-1.860434,2.148453,0.525057,2.125217
4238,141.266667,1,557.577429,359.296875,449.186029,361.881124,503.381729,360.589,2.918335,2.251094,-1.856336,2.102541,0.531,2.176818
4239,141.3,1,557.590971,359.318043,449.015141,362.043414,503.303056,360.680729,2.912609,2.179396,-1.861549,2.110043,0.52553,2.14472
4240,141.333333,1,557.540722,359.386541,448.986826,361.976498,503.263774,360.68152,2.911116,2.189626,-1.855743,2.100543,0.527686,2.145084
4241,141.366667,1,557.703524,359.323327,448.94454,362.029874,503.324032,360.676601,2.905066,2.155755,-1.862913,2.119847,0.521077,2.137801
4242,141.4,1,557.983284,359.47006,449.082813,362.145805,503.533049,360.807932,2.928282,2.270893,-1.857302,2.066164,0.53549,2.168528
4243,141.433333,1,558.002434,359.378902,449.119711,362.054894,503.561072,360.716898,2.92524,2.296535,-1.860884,2.055477,0.532178,2.176006
4244,141.466667,1,558.258333,359.629201,449.238319,361.980463,503.748326,360.804832,2.910401,2.223786,-1.858355,2.015236,0.526023,2.119511
4245,141.5,1,558.308344,359.470285,449.539032,361.876516,503.923688,360.673401,2.899468,2.206423,-1.858378,1.939503,0.520545,2.072963
4246,141.533333,1,558.38253,359.323767,449.7363,361.735293,504.059415,360.52953,2.908926,2.126495,-1.86523,1.910537,0.521848,2.018516
4247,141.566667,1,558.428459,359.325778,449.85919,361.781856,504.143825,360.553817,2.900474,2.15798,-1.862153,1.867417,0.51916,2.012698
4248,141.6,1,558.513985,359.350809,449.803228,361.840103,504.158607,360.595456,2.897258,2.188333,-1.865935,1.958685,0.515662,2.073509
4249,141.633333,1,558.479939,359.397935,449.888754,361.717536,504.184346,360.557736,2.893788,2.164205,-1.865891,1.887433,0.513948,2.025819
4250,141.666667,1,558.473654,359.385066,449.834452,361.868352,504.154053,360.626709,2.909246,2.158232,-1.866229,1.896282,0.521508,2.027257
4251,141.7,1,558.448439,359.5759,449.948053,362.023158,504.198246,360.799529,2.89084,2.0893,-1.859706,1.866795,0.515567,1.978048
4252,141.733333,1,558.526821,359.613381,449.702473,361.990376,504.114647,360.801879,2.8797,2.090158,-1.864515,1.899162,0.507593,1.99466
4253,141.766667,1,558.524618,359.578882,449.740419,362.046,504.132519,360.812441,2.885199,2.130937,-1.865634,1.936671,0.509783,2.033804
4254,141.8,1,558.486023,359.5974,449.653788,361.921926,504.069905,360.759663,2.875156,2.068387,-1.864127,1.893153,0.505515,1.98077
4255,141.833333,1,558.491468,359.6275,449.718113,362.055194,504.104791,360.841347,2.883226,2.076621,-1.861594,1.897045,0.510816,1.986833
4256,141.866667,1,558.521118,359.573502,449.676752,361.94546,504.098935,360.759481,2.879798,2.112865,-1.862248,1.915046,0.508775,2.013955
4257,141.9,1,558.513584,359.570079,449.586868,361.970383,504.050226,360.770231,2.88161,2.046927,-1.86246,1.919605,0.509575,1.983266
4258,141.933333,1,558.526058,359.646024,449.705944,361.940986,504.116001,360.793505,2.88074,2.085074,-1.861879,1.929868,0.509431,2.007471
4259,141.966667,1,558.503189,359.644178,449.753494,362.041075,504.128342,360.842627,2.883426,2.066679,-1.859387,1.962433,0.51202,2.014556
4260,142.0,1,558.488255,359.60174,449.765816,361.943389,504.127035,360.772565,2.883643,2.018559,-1.862094,1.97024,0.510774,1.9944
4261,142.033333,1,558.44924,359.674981,449.650393,361.968758,504.049816,360.821869,2.887787,2.047618,-1.859312,1.93936,0.514238,1.993489
4262,142.066667,1,558.477001,359.660287,449.810772,362.008535,504.143887,360.834411,2.884856,2.090668,-1.860544,1.932229,0.512156,2.011448
4263,142.1,1,558.479147,359.707173,449.783993,362.01671,504.13157,360.861941,2.88918,2.046402,-1.860473,1.945685,0.514353,1.996043
4264,142.133333,1,558.483496,359.612169,449.876089,362.009854,504.179792,360.811011,2.884483,2.032006,-1.858408,1.930661,0.513038,1.981334
4265,142.166667,1,558.571463,359.688397,449.770803,361.947005,504.171133,360.817701,2.884377,2.07953,-1.862692,1.925475,0.510843,2.002503
4266,142.2,1,558.540335,359.616836,449.700909,361.993058,504.120622,360.804947,2.885506,2.002066,-1.86377,1.935404,0.510868,1.968735
4267,142.233333,1,558.489027,359.615393,449.872236,362.005584,504.180632,360.810488,2.892909,2.119528,-1.864362,1.929405,0.514274,2.024466
4268,142.266667,1,558.625908,359.720889,449.880524,361.940203,504.253216,360.830546,2.887334,2.064827,-1.857879,1.850739,0.514728,1.957783
4269,142.3,1,558.659067,359.670131,449.824553,362.002012,504.24181,360.836071,2.890239,2.132445,-1.860159,1.908821,0.51504,2.020633
4270,142.333333,1,558.556499,359.480692,449.940367,362.034037,504.248433,360.757365,2.888896,1.994846,-1.859297,1.92866,0.514799,1.961753
4271,142.366667,1,558.507118,359.537475,449.91374,362.021173,504.210429,360.779324,2.888256,2.02379,-1.864611,1.911613,0.511822,1.967702
4272,142.4,1,558.604155,359.809746,449.846582,362.013336,504.225368,360.911541,2.882767,2.06348,-1.852894,1.889658,0.514937,1.976569
4273,142.433333,1,558.707342,359.754342,449.946737,361.985505,504.32704,360.869924,2.887716,2.057332,-1.858518,1.885374,0.514599,1.971353
4274,142.466667,1,558.587217,359.664627,449.988203,361.998315,504.28771,360.831471,2.892057,2.048955,-1.853297,1.891811,0.51938,1.970383
4275,142.5,1,558.714228,359.61572,449.893408,362.019167,504.303818,360.817443,2.881055,2.072862,-1.860128,1.913423,0.510463,1.993142
4276,142.533333,1,558.755484,359.538311,449.958868,361.92809,504.357176,360.733201,2.893768,2.051009,-1.859926,1.9916,0.516921,2.021305
4277,142.566667,1,558.902168,359.64214,450.011101,361.93839,504.456635,360.790265,2.905808,2.117192,-1.859942,1.925157,0.522933,2.021174
4278,142.6,1,558.900547,359.475634,450.124388,361.962352,504.512467,360.718993,2.898325,2.040043,-1.863827,1.983989,0.517249,2.012016
4279,142.633333,1,558.79283,359.447653,450.232058,361.99875,504.512444,360.723201,2.897619,2.070634,-1.857034,2.029562,0.520292,2.050098
4280,142.666667,1,558.549652,359.136581,450.188866,361.944366,504.369259,360.540473,2.91444,2.338225,-1.866462,2.166072,0.523989,2.252149
4281,142.7,1,558.593664,359.170886,450.016661,361.862279,504.305162,360.516583,2.933819,2.463728,-1.866189,2.209335,0.533815,2.336532
4282,142.733333,1,558.610554,359.118181,449.961262,361.886419,504.285908,360.5023,2.934622,2.407693,-1.871381,2.168349,0.53162,2.288021
4283,142.766667,1,558.458405,359.463204,449.943466,362.602606,504.200935,361.032905,2.970913,3.523056,-1.882901,2.811916,0.544006,3.167486
4284,142.8,1,555.460749,365.85655,453.917608,369.322007,504.689178,367.589278,2.786459,-6.2412,-1.733269,12.45269,0.526595,3.105745
4285,142.833333,1,556.323376,365.314722,453.26745,369.100574,504.795413,367.207648,2.85321,-5.351326,-1.733382,10.976799,0.559914,2.812736
4286,142.866667,1,558.988791,362.996124,452.013626,366.94469,505.501208,364.970407,2.982471,4.518514,-1.855298,4.675299,0.563586,4.596906
4287,142.9,1,560.452223,361.921041,449.683504,364.504636,505.067863,363.212838,3.043947,3.557245,-1.920576,3.311512,0.561686,3.434379
4288,142.933333,1,559.149885,360.91709,449.999647,363.16822,504.574766,362.042655,2.984703,3.095319,-1.883385,2.539045,0.550659,2.817182
4289,142.966667,1,559.112463,360.113683,450.308933,362.470776,504.710698,361.292229,2.94412,2.815615,-1.880138,2.330117,0.531991,2.572866
4290,143.0,1,559.593096,359.866034,450.031872,362.331344,504.812484,361.098689,2.938946,2.81938,-1.881543,2.339382,0.528702,2.579381
4291,143.033333,1,559.909687,359.726372,449.961576,362.310841,504.935632,361.018606,2.952103,2.854669,-1.889598,2.465058,0.531253,2.659864
4292,143.066667,1,559.952202,359.42273,449.996529,362.28727,504.974365,360.855,2.975113,2.899208,-1.903029,2.465407,0.536042,2.682308
4293,143.1,1,559.874382,359.142653,450.057249,362.268677,504.965816,360.705665,2.980686,2.7487,-1.902307,2.572955,0.53919,2.660827
4294,143.133333,1,560.19104,359.071532,449.894171,362.194524,505.042605,360.633028,2.995249,2.9218,-1.905497,2.728213,0.544876,2.825007
4295,143.166667,1,560.611486,359.121619,450.161304,362.064121,505.386395,360.59287,2.994872,3.031684,-1.919073,2.823461,0.5379,2.927573
4296,143.2,1,561.401834,359.352719,450.610523,361.529964,506.006179,360.441341,3.006357,3.353353,-1.923278,2.908942,0.541539,3.131147
4297,143.233333,1,561.853743,359.419849,451.211548,361.387694,506.532645,360.403772,3.026508,3.317296,-1.934221,2.893707,0.546144,3.105501
4298,143.266667,1,562.536678,359.311831,452.279129,361.196603,507.407904,360.254217,3.006886,3.169709,-1.951533,3.504241,0.527676,3.336975
4299,143.3,1,563.477612,359.516113,452.723083,361.401454,508.100348,360.458784,3.02219,3.232865,-1.99337,4.19142,0.51441,3.712142
4300,143.333333,1,563.987598,359.901633,452.048864,361.889981,508.018231,360.895807,3.054928,4.348852,-2.045475,5.005061,0.504726,4.676957
4301,143.366667,1,564.985266,360.141749,453.340721,361.892459,509.162993,361.017104,3.056451,4.123024,-2.060347,5.453394,0.498052,4.788209
4302,143.4,1,563.547916,363.277751,453.451815,365.027876,508.499866,364.152813,2.986236,4.11556,-2.01138,9.815326,0.487428,6.965443
4303,143.433333,1,562.005053,369.413159,454.398069,369.575969,508.201561,369.494564,2.847836,7.45746,-1.906888,42.597783,0.470474,25.027621
4304,143.466667,1,561.971598,370.862517,453.945732,372.304859,507.958665,371.583688,2.796099,2.059894,-1.880788,43.567421,0.457656,22.813658
4305,143.5,1,561.66214,372.428327,459.366961,372.928301,510.51455,372.678314,2.665193,-1.071653,-1.7764,39.067855,0.444397,18.998101
4306,143.533333,1,562.181969,374.041997,458.593588,375.270524,510.387778,374.656261,2.667381,3.440622,-1.783328,38.580499,0.442027,21.010561
4307,143.566667,1,561.346655,375.280781,459.736223,375.989163,510.541439,375.634972,2.618211,1.105743,-1.769986,34.402048,0.424113,17.753895
4308,143.6,1,561.61272,376.365745,457.885389,377.545155,509.749055,376.95545,2.63994,3.267732,-1.807281,32.422492,0.416329,17.845112
4309,143.633333,1,562.632875,377.523869,457.005501,378.691746,509.819188,378.107808,2.655158,1.467521,-1.829408,43.267661,0.412875,22.367591
4310,143.666667,1,564.517536,378.13242,459.074373,379.160006,511.795955,378.646213,2.729557,0.756171,-1.814902,40.718956,0.457328,20.737564
4311,143.7,1,565.189047,378.566144,459.711523,379.543583,512.450285,379.054863,2.738411,-0.567707,-1.810336,40.917687,0.464037,20.17499
4312,143.733333,1,565.906792,379.148194,457.976799,380.424045,511.941795,379.786119,2.766946,1.529637,-1.850155,48.626866,0.458395,25.078252
4313,143.766667,1,566.347876,379.226128,457.844706,380.567994,512.096291,379.897061,2.780265,0.875917,-1.860558,44.031077,0.459854,22.453497
4314,143.8,1,566.122322,379.760928,458.185568,380.862072,512.153945,380.3115,2.742662,1.481648,-1.862065,40.817533,0.440299,21.149591
4315,143.833333,1,566.914291,379.960409,461.22035,380.032775,514.067321,379.996592,2.719683,2.86962,-1.79426,38.202117,0.462711,20.535868
4316,143.866667,1,568.118219,380.984627,459.816856,380.679917,513.967538,380.832272,2.725406,3.045016,-1.857174,61.186905,0.434116,32.11596
4317,143.9,1,569.590263,381.777456,460.393047,380.720129,514.991655,381.248792,2.71499,3.145717,-1.860705,83.481843,0.427142,43.31378
4318,143.933333,1,571.124344,382.329133,460.907211,381.077292,516.015778,381.703212,2.733537,3.495247,-1.859911,71.656163,0.436813,37.575705
4319,143.966667,1,572.786598,383.011851,462.611275,380.698403,517.698936,381.855127,2.709131,2.975487,-1.867734,88.512139,0.420698,45.743813
4320,144.0,1,575.667267,383.811353,466.458826,380.237728,521.063046,382.024541,2.756904,8.37561,-1.816775,78.992837,0.470064,43.684223
4321,144.033333,1,577.731619,384.545066,468.590994,379.888687,523.161306,382.216877,2.721426,7.89393,-1.805534,94.914517,0.457946,51.404223
4322,144.066667,1,580.405397,385.29911,469.901657,380.387203,525.153527,382.843156,2.721624,5.273362,-1.826855,84.836771,0.447384,45.055067
4323,144.1,1,582.78019,386.021655,473.590584,380.000278,528.185387,383.010966,2.735427,6.945214,-1.793775,81.8183,0.470826,44.381757
4324,144.133333,1,584.94998,387.149169,475.126743,380.293722,530.038362,383.721446,2.762265,3.79374,-1.795645,80.310783,0.48331,42.052261
4325,144.166667,1,587.434139,389.09214,474.379311,380.857705,530.906725,384.974923,2.761094,6.278214,-1.861997,72.638336,0.449548,39.458275
4326,144.2,1,590.730734,390.733073,476.449661,382.128761,533.590198,386.430917,2.793972,4.421477,-1.876583,68.457919,0.458694,36.439698
4327,144.233333,1,593.790169,391.610906,479.932966,381.786532,536.861567,386.698719,2.777333,8.494562,-1.875479,126.205873,0.450927,67.350217
4328,144.266667,1,596.323729,393.847493,488.613081,381.56539,542.468405,387.706441,2.703465,7.655307,-1.762561,143.108462,0.470452,75.381885
4329,144.3,1,598.300924,395.58903,491.657343,381.995283,544.979134,388.792157,2.743409,14.589294,-1.725063,106.843617,0.509173,60.716456
4330,144.333333,1,600.43973,397.402203,489.506311,383.852134,544.973021,390.627168,2.756041,8.880763,-1.838991,64.86081,0.458525,36.870787
4331,144.366667,1,601.989174,398.756407,488.722973,385.179033,545.356073,391.96772,2.775403,8.289275,-1.901348,114.292404,0.437027,61.29084
4332,144.4,1,601.915436,399.654561,489.95656,386.375073,545.935998,393.014817,2.767669,19.975478,-1.858825,114.734729,0.454422,67.355103
4333,144.433333,1,602.647219,401.653537,490.368986,387.203232,546.508102,394.428384,2.73969,38.310992,-1.827892,71.858643,0.455899,55.084817
4334,144.466667,1,603.022194,402.869618,490.243692,387.874814,546.632943,395.372216,2.734419,49.59627,-1.79673,112.219731,0.468845,80.908
4335,144.5,1,602.276201,403.49762,490.281,388.64081,546.278601,396.069215,2.708981,65.471827,-1.79783,159.074452,0.455576,112.27314
4336,144.533333,1,601.958828,404.362224,489.591742,389.046296,545.775285,396.70426,2.694007,72.895574,-1.808838,130.068788,0.442585,101.482181
4337,144.566667,1,601.087437,404.889965,490.859241,389.546474,545.973339,397.21822,2.655208,71.83361,-1.813022,123.321158,0.421093,97.577384
4338,144.6,1,600.773783,404.641743,490.830975,389.937508,545.802379,397.289625,2.650428,65.38672,-1.819937,122.1521,0.415245,93.76941
4339,144.633333,1,600.709658,405.061809,489.734001,390.136346,545.221829,397.599077,2.668323,86.369841,-1.818213,126.444145,0.425055,106.406993
4340,144.666667,1,600.968904,405.181843,490.035295,390.346287,545.5021,397.764065,2.68337,79.990788,-1.801829,106.103058,0.44077,93.046923
4341,144.7,1,600.510082,405.31752,489.928379,390.386006,545.219231,397.851763,2.682956,70.639669,-1.786298,99.464873,0.448329,85.052271
4342,144.733333,1,599.451647,404.672599,488.806973,390.335387,544.12931,397.503993,2.684265,70.092719,-1.783661,105.464967,0.450302,87.778843
4343,144.766667,1,599.891338,404.92492,488.925123,390.192618,544.408231,397.558769,2.689582,74.22957,-1.784259,108.128138,0.452661,91.178854
4344,144.8,1,599.495344,405.097214,487.750311,390.781235,543.622828,397.939224,2.676875,71.328109,-1.790357,105.670521,0.443259,88.499315
4345,144.833333,1,599.84479,405.956519,486.83218,391.352524,543.338485,398.654521,2.689028,66.451922,-1.807606,92.842403,0.440711,79.647162
4346,144.866667,1,599.047804,405.767466,488.135347,391.657974,543.591576,398.71272,2.660718,68.563938,-1.769812,74.158362,0.445453,71.36115
4347,144.9,1,599.040594,406.206383,487.056608,391.849698,543.048601,399.02804,2.664104,88.239551,-1.781365,89.243967,0.441369,88.741759
4348,144.933333,1,598.915758,406.605914,486.578245,392.47609,542.747002,399.541002,2.67962,70.606014,-1.799408,112.396111,0.440106,91.501063
4349,144.966667,1,598.372335,406.787521,487.097158,392.811098,542.734747,399.799309,2.67588,73.955057,-1.780132,105.277759,0.447874,89.616408
4350,145.0,1,598.270178,407.618995,488.65901,392.950734,543.464594,400.284864,2.668869,59.147045,-1.767985,128.374993,0.450442,93.761019
4351,145.033333,1,598.758478,407.347383,490.074778,393.571193,544.416628,400.459288,2.647035,57.769623,-1.73785,142.259259,0.454592,100.014441
4352,145.066667,1,601.169386,407.96721,492.005739,393.689328,546.587563,400.828269,2.712894,77.982001,-1.736189,108.104527,0.488353,93.043264
4353,145.1,1,602.511587,407.747827,492.727537,393.501284,547.619562,400.624555,2.670482,61.937778,-1.83755,118.98025,0.416466,90.459014
4354,145.133333,1,603.725834,407.423612,493.544464,393.304313,548.635149,400.363963,2.673769,67.059856,-1.842166,79.84136,0.415802,73.450608
4355,145.166667,1,603.660107,406.311096,493.302679,393.359342,548.481393,399.835219,2.676744,62.302194,-1.84319,83.554379,0.416777,72.928287
4356,145.2,1,601.771135,403.106006,491.830168,392.598313,546.800652,397.85216,2.675514,70.214298,-1.805846,71.059089,0.434834,70.636693
4357,145.233333,1,597.503996,399.239087,484.802999,391.597205,541.153498,395.418146,2.69492,59.578148,-1.885453,98.50913,0.404734,79.043639
4358,145.266667,1,595.929384,393.876418,481.270542,387.183609,538.599963,390.530013,2.792346,46.936237,-1.935165,40.76444,0.42859,43.850338
4359,145.3,1,592.628355,385.461266,478.269405,380.029653,535.44888,382.74546,2.908435,6.484574,-2.042034,4.955594,0.433201,5.720084
4360,145.333333,1,588.907118,380.761971,475.86319,375.57827,532.385154,378.170121,2.875812,2.529705,-2.021952,2.530516,0.42693,2.530111
4361,145.366667,1,585.042105,377.183754,472.2616,373.108395,528.651853,375.146075,2.876027,2.07609,-1.991455,1.850139,0.442286,1.963114
4362,145.4,1,579.105873,372.982246,466.88139,369.563277,522.993631,371.272761,2.835436,2.223023,-2.004791,1.424639,0.415322,1.823831
4363,145.433333,1,572.836895,370.008878,461.472244,367.207401,517.15457,368.608139,2.857482,2.527266,-1.859111,1.591967,0.499186,2.059617
4364,145.466667,1,569.093103,367.903735,459.146309,366.145955,514.119706,367.024845,2.872821,2.543997,-1.897683,1.658352,0.487569,2.101174
4365,145.5,1,568.760605,372.709529,464.322138,373.251636,516.541371,372.980583,2.774399,17.907288,-1.78017,7.738221,0.497115,12.822755
4366,145.533333,1,570.762806,374.627663,465.293274,374.524301,518.02804,374.575982,2.679381,6.389231,-1.805868,10.182543,0.436756,8.285887
4367,145.566667,1,576.2288,369.850101,472.94425,369.021224,524.586525,369.435663,2.755172,19.660161,-1.877624,3.827063,0.438774,11.743612
4368,145.6,1,582.025003,367.190573,475.721941,365.187628,528.873472,366.189101,2.857516,2.295761,-1.966745,2.383769,0.445386,2.339765
4369,145.633333,1,584.999189,365.317265,477.504148,361.573695,531.251669,363.44548,2.813764,1.836468,-2.029954,2.157412,0.391905,1.99694
4370,145.666667,1,586.646214,363.727707,476.15942,359.63788,531.402817,361.682794,2.859227,1.832526,-2.091689,1.99935,0.383769,1.915938
4371,145.7,1,582.536221,361.974277,475.225143,358.13153,528.880682,360.052904,2.793208,1.796394,-2.044844,1.908089,0.374182,1.852242
4372,145.733333,1,578.944149,361.022598,469.928837,358.219571,524.436493,359.621084,2.827829,1.726147,-1.942558,1.496343,0.442636,1.611245
4373,145.766667,1,571.676531,360.385927,464.279985,358.607885,517.978258,359.496906,2.871155,1.684065,-1.886502,1.579681,0.492326,1.631873
4374,145.8,1,567.008133,360.137796,460.505447,358.966534,513.75679,359.552165,2.912214,1.926105,-1.777536,1.083848,0.567339,1.504976
4375,145.833333,1,565.689526,360.444978,458.117905,359.364477,511.903715,359.904728,2.842034,1.689762,-1.841317,1.713788,0.500359,1.701775
4376,145.866667,1,566.811275,361.255086,457.455797,359.108466,512.133536,360.181776,2.903891,2.028585,-1.873262,1.221905,0.515315,1.625245
4377,145.9,1,568.574305,361.946586,460.774126,357.995226,514.674215,359.970906,2.921026,2.243685,-1.84524,1.185026,0.537893,1.714355
4378,145.933333,1,571.095114,361.869435,464.465752,357.052596,517.780433,359.461015,2.827161,2.119523,-1.857333,1.18235,0.484914,1.650937
4379,145.966667,1,574.098663,361.459106,467.402496,356.475583,520.75058,358.967344,2.763002,2.105106,-1.954367,1.256107,0.404317,1.680607
4380,146.0,1,577.121496,361.400574,469.79784,356.532193,523.459668,358.966384,2.750879,1.890964,-2.013238,1.284691,0.36882,1.587828
4381,146.033333,1,579.486847,360.957629,470.667038,356.214674,525.076942,358.586151,2.76214,1.722942,-2.061862,1.239553,0.350139,1.481247
4382,146.066667,1,579.341145,360.909655,471.764832,356.388497,525.552988,358.649076,2.760447,1.882022,-2.018677,1.447695,0.370885,1.664859
4383,146.1,1,578.73209,360.372773,470.77487,356.536962,524.75348,358.454868,2.817176,1.994703,-1.984083,1.499562,0.416547,1.747132
4384,146.133333,1,577.261972,359.746826,468.512516,356.984001,522.887244,358.365414,2.82287,2.107366,-1.922496,1.538013,0.450187,1.82269
4385,146.166667,1,573.602953,360.144378,464.257021,357.633331,518.929987,358.888855,2.825331,1.931657,-1.945238,1.758179,0.440046,1.844918
4386,146.2,1,567.193871,360.62253,460.170116,359.231156,513.681993,359.926843,2.826016,1.872181,-1.856978,1.427716,0.484519,1.649949
4387,146.233333,1,562.43288,360.67648,455.096111,359.660132,508.764496,360.168306,2.872867,2.305637,-1.849193,1.493545,0.511837,1.899591
4388,146.266667,1,557.86974,360.330598,449.438267,360.506283,503.654003,360.418441,2.950035,2.306197,-1.829339,1.403421,0.560348,1.854809
4389,146.3,1,553.784609,360.047663,444.482851,360.983834,499.13373,360.515749,3.051077,2.117821,-1.810801,1.995106,0.620138,2.056463
4390,146.333333,1,550.711832,359.631733,441.207523,360.400797,495.959678,360.016265,3.08991,2.122295,-1.800674,1.9235,0.644618,2.022897
4391,146.366667,1,547.820415,359.246798,438.325148,360.766109,493.072782,360.006453,3.045004,2.273815,-1.805679,2.090422,0.619663,2.182118
4392,146.4,1,545.507936,359.111089,435.926247,361.148726,490.717092,360.129907,3.053522,2.436483,-1.777741,2.035988,0.637891,2.236235
4393,146.433333,1,542.739639,358.70643,434.820938,361.789564,488.780289,360.247997,3.03399,2.312206,-1.774137,1.711202,0.629927,2.011704
4394,146.466667,1,541.57073,358.342427,432.424316,363.380581,486.997523,360.861504,3.17491,2.523581,-1.808462,2.494009,0.683224,2.508795
4395,146.5,1,535.85309,365.251261,433.582211,371.57517,484.71765,368.413215,2.927248,-18.05309,-1.751742,6.154581,0.587753,-5.949255
4396,146.533333,1,536.394196,363.045187,428.649912,370.879254,482.522054,366.962221,3.02271,-7.396686,-1.871896,3.94433,0.575407,-1.726178
4397,146.566667,1,537.051067,361.21724,426.069689,369.095757,481.560378,365.156499,3.165853,-1.865792,-1.931224,4.694754,0.617314,1.414481
4398,146.6,1,537.226515,359.839475,426.549807,367.244807,481.888161,363.542141,3.174722,2.542881,-1.936852,3.682462,0.618935,3.112671
4399,146.633333,1,537.097473,358.68163,427.571239,365.623042,482.334356,362.152336,3.211181,3.765459,-1.912812,3.470744,0.649185,3.618102
4400,146.666667,1,536.602774,358.140044,428.40663,364.440193,482.504702,361.290118,3.168251,3.158911,-1.853403,2.493145,0.657424,2.826028
4401,146.7,1,536.711445,357.874162,427.880001,363.937172,482.295723,360.905667,3.162356,2.661552,-1.827956,2.412166,0.6672,2.536859
4402,146.733333,1,536.314278,357.223474,427.614326,363.816268,481.964302,360.519871,3.172296,2.386607,-1.829503,2.277925,0.671397,2.332266
4403,146.766667,1,536.073208,356.882994,427.435369,363.560219,481.754289,360.221607,3.143581,2.344587,-1.820684,2.261573,0.661448,2.30308
4404,146.8,1,535.745068,357.039705,427.111597,363.787778,481.428332,360.413741,3.11806,2.351243,-1.830484,2.462071,0.643788,2.406657
4405,146.833333,1,535.254164,357.205809,426.947613,363.625955,481.100888,360.415882,3.110359,2.271857,-1.811646,2.218159,0.649357,2.245008
4406,146.866667,1,535.111876,357.186985,427.106028,363.741585,481.108952,360.464285,3.115541,2.178594,-1.792489,2.08874,0.661526,2.133667
4407,146.9,1,535.452137,357.02499,427.114944,363.423073,481.283541,360.224032,3.127703,2.015732,-1.795302,2.072491,0.6662,2.044111
4408,146.933333,1,535.593348,357.110606,427.266865,363.296837,481.430106,360.203722,3.072468,2.044725,-1.79343,2.02254,0.639519,2.033632
4409,146.966667,1,536.312189,357.113326,428.482103,363.019626,482.397146,360.066476,3.052254,1.975347,-1.783504,1.883314,0.634375,1.929331
4410,147.0,1,536.909552,357.099926,429.272404,362.79785,483.090978,359.948888,3.057466,2.057724,-1.796726,1.780994,0.63037,1.919359
4411,147.033333,1,537.518644,357.023789,429.647045,362.585188,483.582845,359.804488,3.003373,2.063776,-1.820766,1.705773,0.591303,1.884775
4412,147.066667,1,538.001146,357.073823,430.584679,362.337202,484.292912,359.705512,2.942975,1.972698,-1.825141,1.644339,0.558917,1.808518
4413,147.1,1,538.664122,357.018419,431.03837,362.121048,484.851246,359.569733,2.967066,1.999462,-1.814818,1.645148,0.576124,1.822305
4414,147.133333,1,539.040775,356.985481,431.917553,361.87951,485.479164,359.432496,2.967817,2.048121,-1.81955,1.686234,0.574133,1.867178
4415,147.166667,1,539.483719,357.066897,431.94952,361.964171,485.716619,359.515534,2.996033,1.87075,-1.833396,1.654932,0.581318,1.762841
4416,147.2,1,539.972153,356.99348,433.171749,361.692935,486.571951,359.343207,2.9502,1.691918,-1.830421,1.586171,0.559889,1.639045
4417,147.233333,1,540.418177,356.986291,433.407516,361.534052,486.912847,359.260172,2.936625,1.697359,-1.830048,1.624118,0.553289,1.660739
4418,147.266667,1,541.09889,356.579674,433.806114,361.598157,487.452502,359.088915,2.944328,1.573564,-1.82695,1.78207,0.558689,1.677817
4419,147.3,1,541.611166,356.887549,434.173069,361.607383,487.892118,359.247466,2.946054,1.696354,-1.830624,1.698573,0.557715,1.697463
4420,147.333333,1,542.187691,356.520692,434.838343,361.359939,488.513017,358.940316,2.98468,1.596627,-1.829361,1.715372,0.577659,1.655999
4421,147.366667,1,542.731953,356.448133,434.845829,361.496302,488.788891,358.972218,2.936696,1.578044,-1.844623,1.57897,0.546037,1.578507
4422,147.4,1,543.054647,356.534618,434.946232,361.522272,489.00044,359.028445,2.981957,1.730917,-1.840099,1.621772,0.570929,1.676345
4423,147.433333,1,542.971087,356.355039,435.034285,361.497837,489.002686,358.926438,3.009606,1.858453,-1.835531,1.704708,0.587038,1.781581
4424,147.466667,1,538.402843,363.219777,436.919336,368.271294,487.66109,365.745536,2.892265,-9.170873,-1.796044,4.893322,0.548111,-2.138775
4425,147.5,1,541.667213,366.237134,435.957346,372.88442,488.81228,369.560777,2.931401,-15.517559,-1.752231,8.212808,0.589585,-3.652376
4426,147.533333,1,542.043743,366.173034,436.863928,371.896294,489.453835,369.034664,2.931506,-15.694949,-1.760814,8.506587,0.585346,-3.594181
4427,147.566667,1,539.81102,363.181068,436.867342,369.430475,488.339181,366.305771,2.909898,-23.00161,-1.76134,7.026886,0.574279,-7.987362
4428,147.6,1,540.316057,360.948681,436.046991,367.043476,488.181524,363.996078,3.016864,1.407534,-1.846065,5.631164,0.585399,3.519349
4429,147.633333,1,542.983875,359.803185,435.856905,364.898851,489.42039,362.351018,3.049019,2.504233,-1.881148,3.352133,0.583936,2.928183
4430,147.666667,1,543.8589,358.07162,435.101204,362.938183,489.480052,360.504902,2.936991,2.176686,-1.890387,2.38725,0.523302,2.281968
4431,147.7,1,544.359484,357.792016,435.295696,362.084978,489.82759,359.938497,2.935744,2.182895,-1.884222,1.935236,0.525761,2.059065
4432,147.733333,1,544.926844,357.078983,436.453857,361.508142,490.690351,359.293562,2.9432,1.980654,-1.844308,1.806384,0.549446,1.893519
4433,147.766667,1,545.171909,357.634946,437.337456,360.977274,491.254683,359.30611,2.975117,2.223396,-1.82041,1.556203,0.577353,1.8898
4434,147.8,1,545.236721,357.518458,437.611246,361.16403,491.423984,359.341244,2.962081,1.988855,-1.808062,1.445384,0.577009,1.717119
4435,147.833333,1,545.612946,357.510781,437.912588,361.133829,491.762767,359.322305,2.975972,2.178964,-1.79869,1.396125,0.588641,1.787545
4436,147.866667,1,545.876169,357.481288,438.059464,360.641263,491.967816,359.061275,2.984737,2.382464,-1.803479,1.401569,0.590629,1.892017
4437,147.9,1,546.194506,357.423057,438.167648,360.347722,492.181077,358.885389,2.992478,2.401764,-1.804869,1.412692,0.593804,1.907228
4438,147.933333,1,546.266413,357.484233,438.265238,360.369104,492.265825,358.926668,3.003778,2.480083,-1.805583,1.404403,0.599097,1.942243
4439,147.966667,1,546.210146,357.196856,438.310604,360.602853,492.260375,358.899854,3.013947,2.476255,-1.806334,1.681042,0.603807,2.078648
4440,148.0,1,543.504801,362.080777,441.697693,366.030936,492.601247,364.055857,2.951624,1.458256,-1.78132,4.069758,0.585152,2.764007
4441,148.033333,1,545.017252,366.163958,441.130228,371.492107,493.07374,368.828032,2.952162,-71.261768,-1.692589,26.807607,0.629786,-22.22708
4442,148.066667,1,544.268198,366.319166,439.834251,371.835333,492.051225,369.07725,2.904147,-47.590674,-1.715111,37.255998,0.594518,-5.167338
4443,148.1,1,543.704758,366.328667,442.098494,371.614609,492.901626,368.971638,2.885299,-26.676763,-1.680952,43.42462,0.602174,8.373929
4444,148.133333,1,543.367805,366.421986,440.083513,372.03932,491.725659,369.230653,2.868147,-33.441685,-1.716374,47.75509,0.575887,7.156702
4445,148.166667,1,545.207062,365.29783,437.535048,371.428882,491.371055,368.363356,2.864944,-31.759678,-1.781974,13.966385,0.541485,-8.896647
4446,148.2,1,544.217978,362.499588,435.542126,369.48913,489.880052,365.994359,2.94781,-10.968665,-1.852181,15.879273,0.547814,2.455304
4447,148.233333,1,545.360441,359.990446,437.10824,366.93469,491.234341,363.462568,3.040223,0.677832,-1.890789,3.983082,0.574717,2.330457
4448,148.266667,1,545.472088,358.080981,436.630478,364.144979,491.051283,361.11298,2.989839,1.588219,-1.883569,2.388413,0.553135,1.988316
4449,148.3,1,546.060877,357.746515,437.137241,362.611324,491.599059,360.178919,2.963149,1.802788,-1.857925,2.137974,0.552612,1.970381
4450,148.333333,1,545.863028,357.792955,437.46026,362.253131,491.661644,360.023043,2.967779,1.745405,-1.833326,1.580331,0.567226,1.662868
4451,148.366667,1,545.915442,357.431527,437.965078,361.085549,491.94026,359.258538,3.004897,1.786284,-1.805828,1.449991,0.599535,1.618137
4452,148.4,1,545.941505,357.316316,438.007174,361.151322,491.974339,359.233819,3.042149,1.825262,-1.792578,1.514596,0.624785,1.669929
4453,148.433333,1,546.016979,357.304927,437.968864,360.849262,491.992922,359.077095,3.045745,1.826716,-1.796423,1.468,0.624661,1.647358
4454,148.466667,1,545.989666,357.263589,437.91213,360.951192,491.950898,359.10739,3.040296,1.832746,-1.795321,1.480858,0.622487,1.656802
4455,148.5,1,546.061659,357.312389,438.041906,360.83472,492.051783,359.073554,3.044621,1.745134,-1.793187,1.499425,0.625717,1.622279
4456,148.533333,1,546.329603,357.491968,438.584309,360.685819,492.456956,359.088894,3.023422,1.872341,-1.789651,1.401785,0.616885,1.637063
4457,148.566667,1,546.677494,357.497901,438.961267,360.491295,492.819381,358.994598,2.999781,1.860045,-1.793141,1.416907,0.60332,1.638476
4458,148.6,1,547.287455,357.757362,439.223967,360.253147,493.255711,359.005255,3.029338,2.073213,-1.777386,1.437335,0.625976,1.755274
4459,148.633333,1,547.312965,357.599289,439.22781,360.115539,493.270388,358.857414,3.027293,2.099211,-1.77581,1.56785,0.625742,1.83353
4460,148.666667,1,547.305946,357.753913,438.860016,360.439577,493.082981,359.096745,2.997284,2.048249,-1.788786,1.628989,0.604249,1.838619
4461,148.7,1,547.352514,357.855649,438.758297,360.232499,493.055406,359.044074,3.001122,2.202127,-1.79264,1.592421,0.604241,1.897274
4462,148.733333,1,547.29928,358.345817,438.50914,360.671507,492.90421,359.508662,2.956961,2.09988,-1.799857,1.515743,0.578552,1.807812
4463,148.766667,1,547.472725,358.600069,438.553238,360.823696,493.012981,359.711882,2.944131,2.034402,-1.795721,1.504606,0.574205,1.769504
4464,148.8,1,548.058844,358.967167,438.254557,361.118669,493.1567,360.042918,2.922658,2.061818,-1.824017,1.623442,0.549321,1.84263
4465,148.833333,1,548.532867,359.284714,438.731222,361.583657,493.632045,360.434185,2.909363,2.095067,-1.81784,1.485203,0.545761,1.790135
4466,148.866667,1,549.325895,359.543611,439.024,361.851239,494.174948,360.697425,2.92396,2.243611,-1.824827,1.576618,0.549567,1.910114
4467,148.9,1,550.122156,359.960175,439.607906,362.13602,494.865031,361.048097,2.960223,2.217047,-1.819906,1.639104,0.570159,1.928075
4468,148.933333,1,550.48996,360.225177,440.005198,362.425736,495.247579,361.325457,2.936859,2.28828,-1.833136,1.717058,0.551861,2.002669
4469,148.966667,1,550.947886,360.658069,440.411091,362.766833,495.679488,361.712451,2.946851,2.254191,-1.826926,1.716148,0.559963,1.985169
4470,149.0,1,551.370897,360.9904,440.394907,363.171256,495.882902,362.080828,2.969501,2.391614,-1.826492,1.838453,0.571505,2.115034
4471,149.033333,1,551.748495,360.936241,440.512962,362.944583,496.130729,361.940412,2.973385,2.520994,-1.845722,1.881272,0.563831,2.201133
4472,149.066667,1,551.618662,360.878177,440.581646,363.10146,496.100154,361.989818,2.975918,2.496186,-1.834509,1.858314,0.570704,2.17725
4473,149.1,1,551.48098,360.751737,440.701323,362.945414,496.091151,361.848576,2.984899,2.482559,-1.838658,1.88227,0.57312,2.182415
4474,149.133333,1,551.366968,360.544499,440.283318,362.827821,495.825143,361.68616,2.981979,2.701068,-1.842831,1.91178,0.569574,2.306424
4475,149.166667,1,551.386108,360.453336,440.35593,362.853264,495.871019,361.6533,2.974833,2.514157,-1.843934,1.892897,0.56545,2.203527
4476,149.2,1,551.45462,360.473732,440.075464,362.777009,495.765042,361.62537,2.98625,2.572201,-1.854824,1.890751,0.565713,2.231476
4477,149.233333,1,551.425505,360.460138,440.576982,362.654368,496.001244,361.557253,2.973256,2.425687,-1.836012,1.884795,0.568622,2.155241
4478,149.266667,1,551.421461,360.526255,440.713654,362.807007,496.067557,361.666631,2.977161,2.3347,-1.830526,1.868308,0.573317,2.101504
4479,149.3,1,551.454144,360.479928,440.750237,362.984065,496.10219,361.731996,2.971699,2.306478,-1.836541,1.897754,0.567579,2.102116
4480,149.333333,1,551.869087,360.480389,440.819368,362.899688,496.344228,361.690038,2.998677,2.453684,-1.844523,1.913254,0.577077,2.183469
4481,149.366667,1,551.772871,360.657442,440.715666,363.129414,496.244268,361.893428,2.987258,2.41112,-1.840536,1.914564,0.573361,2.162842
4482,149.4,1,551.692896,360.813096,440.941124,363.072191,496.31701,361.942644,2.972994,2.463261,-1.842489,1.873253,0.565252,2.168257
4483,149.433333,1,551.775246,360.976464,441.019659,363.107366,496.397452,362.041915,2.976709,2.447081,-1.833953,1.838121,0.571378,2.142601
4484,149.466667,1,551.569118,361.031052,440.822115,363.433517,496.195617,362.232285,2.956682,2.375351,-1.841432,1.811107,0.557625,2.093229
4485,149.5,1,551.38834,361.013719,440.791464,363.647794,496.089902,362.330756,2.942613,2.356408,-1.838724,1.885789,0.551945,2.121098
4486,149.533333,1,551.187315,361.037495,440.453062,363.693858,495.820189,362.365676,2.933363,2.466387,-1.843579,1.888084,0.544892,2.177236
4487,149.566667,1,551.357689,361.260129,440.437584,363.601627,495.897636,362.430878,2.952691,2.433932,-1.85519,1.814317,0.54875,2.124125
4488,149.6,1,551.172791,361.209875,440.560694,363.853744,495.866742,362.53181,2.943719,2.385826,-1.833584,1.74686,0.555067,2.066343
4489,149.633333,1,551.462717,361.190697,440.686693,364.214099,496.074705,362.702398,2.937588,2.277874,-1.837611,1.797717,0.549988,2.037796
4490,149.666667,1,552.278795,361.093612,441.158257,363.785182,496.718526,362.439397,2.958862,2.46574,-1.858537,1.832762,0.550163,2.149251
4491,149.7,1,552.444563,361.185606,441.819134,363.393686,497.131848,362.289646,2.953181,2.537071,-1.832879,1.786773,0.560151,2.161922
4492,149.733333,1,553.147192,361.328959,442.958555,363.403482,498.052874,362.366221,2.919868,2.457639,-1.822399,1.757048,0.548734,2.107343
4493,149.766667,1,553.556957,361.473531,443.634014,363.510207,498.595486,362.491869,2.91751,2.527121,-1.821157,1.698451,0.548176,2.112786
4494,149.8,1,554.081182,361.569951,443.934727,363.694147,499.007955,362.632049,2.939041,2.510079,-1.834548,1.761525,0.552246,2.135802
4495,149.833333,1,554.566345,361.737412,444.22286,363.493427,499.394603,362.615419,2.92122,2.400822,-1.837554,1.655344,0.541833,2.028083
4496,149.866667,1,554.790249,361.714436,444.866991,363.557253,499.82862,362.635844,2.904749,2.430364,-1.844904,1.645495,0.529922,2.03793
4497,149.9,1,555.02058,361.841186,444.942808,363.464271,499.981694,362.652729,2.901211,2.372434,-1.845936,1.65318,0.527637,2.012807
4498,149.933333,1,555.181799,361.936018,445.0245,363.554817,500.103149,362.745418,2.917134,2.393418,-1.841922,1.640604,0.537606,2.017011
4499,149.966667,1,555.140753,361.959423,445.001621,363.538949,500.071187,362.749186,2.917711,2.430982,-1.840945,1.661766,0.538383,2.046374
4500,150.0,1,555.226917,361.989673,445.033121,363.511167,500.130019,362.75042,2.902373,2.366477,-1.846733,1.633624,0.52782,2.00005
4501,150.033333,1,555.215807,362.476763,445.246277,363.988445,500.231042,363.232604,2.887801,2.319804,-1.826858,1.643918,0.530472,1.981861
4502,150.066667,1,554.770689,362.554225,445.366201,363.802922,500.068445,363.178573,2.8769,2.393892,-1.814351,1.500879,0.531275,1.947386
4503,150.1,1,554.706526,362.647871,445.257168,364.166281,499.981847,363.407076,2.886404,2.348121,-1.817774,1.509748,0.534315,1.928934
4504,150.133333,1,554.797888,362.766087,445.06176,364.151078,499.929824,363.458582,2.889026,2.305186,-1.817998,1.519538,0.535514,1.912362
4505,150.166667,1,554.790649,362.814227,445.021772,364.085991,499.906211,363.450109,2.902789,2.342209,-1.820003,1.515584,0.541393,1.928896
4506,150.2,1,554.584999,362.74699,445.0634,364.101033,499.8242,363.424011,2.878107,2.412425,-1.83136,1.5312,0.523373,1.971812
4507,150.233333,1,554.721689,362.819039,445.038691,364.191821,499.88019,363.50543,2.866001,2.383792,-1.83567,1.510217,0.515165,1.947005
4508,150.266667,1,555.22687,362.891883,445.083561,364.284636,500.155215,363.588259,2.880973,2.493628,-1.848889,1.554288,0.516042,2.023958
4509,150.3,1,555.602226,363.035536,445.387373,364.407937,500.4948,363.721737,2.874629,2.479616,-1.845775,1.529952,0.514427,2.004784
4510,150.333333,1,556.181231,362.856231,445.542936,364.242429,500.862083,363.54933,2.879863,2.464507,-1.86305,1.620052,0.508406,2.04228
4511,150.366667,1,556.688614,362.998527,446.059256,363.969573,501.373935,363.48405,2.899859,2.647884,-1.842923,1.584538,0.528468,2.116211
4512,150.4,1,556.96126,362.985433,446.782227,363.964627,501.871743,363.47503,2.870334,2.317795,-1.828592,1.54741,0.520871,1.932603
4513,150.433333,1,557.353172,362.912048,446.979542,363.845832,502.166357,363.37894,2.857369,2.365066,-1.828764,1.534445,0.514302,1.949756
4514,150.466667,1,557.605562,362.929257,447.372427,363.698874,502.488995,363.314065,2.859592,2.405531,-1.824559,1.623585,0.517517,2.014558
4515,150.5,1,557.840319,362.778425,447.501764,363.701411,502.671041,363.239918,2.874242,2.328386,-1.81976,1.740352,0.527241,2.034369
4516,150.533333,1,557.87817,362.72211,447.612591,363.661146,502.74538,363.191628,2.886353,2.288618,-1.822962,1.671688,0.531696,1.980153
4517,150.566667,1,558.063469,362.53722,447.646685,363.612217,502.855077,363.074718,2.884683,2.29285,-1.830606,1.727718,0.527038,2.010284
4518,150.6,1,557.964706,362.282184,447.745962,363.385946,502.855334,362.834065,2.893099,2.302049,-1.826639,1.716903,0.53323,2.009476
4519,150.633333,1,558.061152,362.09664,447.474813,363.169266,502.767982,362.632953,2.881598,2.296111,-1.836598,1.76663,0.5225,2.03137
4520,150.666667,1,558.024063,361.95768,447.361155,362.878461,502.692609,362.41807,2.880175,2.279833,-1.843145,1.756141,0.518515,2.017987
4521,150.7,1,557.916183,361.747239,447.287922,362.817221,502.602053,362.28223,2.885058,2.250307,-1.841001,1.717321,0.522029,1.983814
4522,150.733333,1,558.005304,361.668967,447.316666,362.985481,502.660985,362.327224,2.889685,2.305403,-1.844327,1.837136,0.522679,2.071269
4523,150.766667,1,557.947273,361.725857,447.193336,362.918474,502.570305,362.322165,2.878769,2.366008,-1.845173,1.810103,0.516798,2.088056
4524,150.8,1,557.6124,361.759079,447.005386,362.955692,502.308893,362.357385,2.890025,2.407838,-1.845114,1.800698,0.522456,2.104268
4525,150.833333,1,557.344151,361.915172,446.802244,363.098627,502.073197,362.5069,2.877151,2.349463,-1.848576,1.722878,0.514288,2.03617
4526,150.866667,1,557.617903,362.073846,446.895628,363.002036,502.256765,362.537941,2.881096,2.373231,-1.846343,1.747854,0.517376,2.060542
4527,150.9,1,557.60148,362.05101,446.941051,363.060014,502.271266,362.555512,2.888342,2.340004,-1.83956,1.734969,0.524391,2.037487
4528,150.933333,1,558.093405,361.864961,446.838427,363.069193,502.465916,362.467077,2.906958,2.34737,-1.848565,1.778722,0.529196,2.063046
4529,150.966667,1,558.304119,361.980302,447.207508,362.941273,502.755814,362.460787,2.901542,2.337754,-1.841786,1.741144,0.529878,2.039449
4530,151.0,1,558.167057,361.976273,447.582998,362.954405,502.875028,362.465339,2.872679,2.326494,-1.833118,1.716166,0.519781,2.02133
4531,151.033333,1,558.345613,362.011764,447.585583,362.778093,502.965598,362.394928,2.867035,2.371553,-1.83502,1.705097,0.516007,2.038325
4532,151.066667,1,558.442326,361.980886,447.488136,362.818471,502.965231,362.399679,2.879604,2.374879,-1.840817,1.747399,0.519394,2.061139
4533,151.1,1,558.501606,361.920939,447.447004,362.799765,502.974305,362.360352,2.888528,2.411043,-1.843029,1.760669,0.52275,2.085856
4534,151.133333,1,558.142824,361.827303,447.218771,362.811953,502.680798,362.319628,2.894873,2.451222,-1.84602,1.752506,0.524426,2.101864
4535,151.166667,1,557.641201,361.798711,447.091827,362.843866,502.366514,362.321288,2.885923,2.37466,-1.831756,1.753772,0.527084,2.064216
4536,151.2,1,557.473364,361.859715,446.889791,362.699504,502.181578,362.279609,2.875096,2.32297,-1.836823,1.651341,0.519137,1.987156
4537,151.233333,1,556.990337,362.099526,446.760664,362.767096,501.875501,362.433311,2.875945,2.412919,-1.817227,1.621582,0.529359,2.017251
4538,151.266667,1,556.900673,362.148498,446.482115,362.889989,501.691394,362.519243,2.871314,2.346391,-1.827671,1.611881,0.521821,1.979136
4539,151.3,1,556.923637,362.124513,446.269417,362.890466,501.596527,362.50749,2.882684,2.468484,-1.823369,1.6462,0.529658,2.057342
4540,151.333333,1,557.055607,362.037835,446.158895,363.094776,501.607251,362.566305,2.883039,2.369388,-1.831287,1.697773,0.525876,2.03358
4541,151.366667,1,557.321911,361.955738,446.264257,363.142401,501.793084,362.54907,2.881567,2.375974,-1.843611,1.807719,0.518978,2.091847
4542,151.4,1,557.236586,361.83991,446.147652,363.29437,501.692119,362.56714,2.88179,2.343692,-1.840822,1.885937,0.520484,2.114814
4543,151.433333,1,557.082491,361.978161,446.295662,363.230184,501.689076,362.604173,2.858705,2.371759,-1.839905,1.846763,0.5094,2.109261
4544,151.466667,1,557.024918,361.988804,446.179075,363.322549,501.601996,362.655677,2.859898,2.348722,-1.847702,1.804586,0.506098,2.076654
4545,151.5,1,556.950073,362.197722,446.122046,363.426324,501.536059,362.812023,2.870235,2.395055,-1.84537,1.81106,0.512432,2.103058
4546,151.533333,1,557.350349,362.346767,446.096478,363.497225,501.723413,362.921996,2.868637,2.448733,-1.854734,1.899639,0.506951,2.174186
4547,151.566667,1,557.348166,362.313191,445.905266,363.389958,501.626716,362.851574,2.87255,2.454087,-1.86416,1.875994,0.504195,2.165041
4548,151.6,1,557.414122,362.488763,446.053982,363.423346,501.734052,362.956055,2.861559,2.472992,-1.846333,1.842183,0.507613,2.157588
4549,151.633333,1,557.375908,362.611184,445.821829,363.626711,501.598868,363.118948,2.86774,2.507761,-1.853114,1.841851,0.507313,2.174806
4550,151.666667,1,557.355518,362.609028,445.737619,363.676836,501.546569,363.142932,2.87266,2.44664,-1.853388,1.871328,0.509636,2.158984
4551,151.7,1,557.322588,362.62666,445.711813,363.780091,501.5172,363.203376,2.868226,2.417184,-1.858575,1.898877,0.504826,2.15803
4552,151.733333,1,557.159433,362.534709,445.83971,363.68734,501.499572,363.111024,2.868675,2.462561,-1.849955,1.864433,0.50936,2.163497
4553,151.766667,1,557.117062,362.610734,445.73494,363.861002,501.426001,363.235868,2.869994,2.465833,-1.857001,1.881742,0.506497,2.173788
4554,151.8,1,556.88283,362.838968,445.606937,364.07279,501.244884,363.455879,2.86474,2.491407,-1.852512,1.915128,0.506114,2.203268
4555,151.833333,1,556.610441,363.018826,445.514593,364.220735,501.062517,363.619781,2.853039,2.493505,-1.852788,1.789527,0.500126,2.141516
4556,151.866667,1,556.416798,363.179957,445.321894,364.430805,500.869346,363.805381,2.865875,2.509405,-1.848867,1.758495,0.508504,2.13395
4557,151.9,1,556.231279,363.075721,444.8948,364.636413,500.56304,363.856067,2.88742,2.406809,-1.863751,1.759423,0.511835,2.083116
4558,151.933333,1,555.940714,363.005533,444.648228,364.683899,500.294471,363.844716,2.896159,2.533753,-1.844726,1.84679,0.525716,2.190272
4559,151.966667,1,555.672207,363.233103,444.164581,364.648064,499.918394,363.940583,2.916125,2.655964,-1.831634,1.739484,0.542246,2.197724
4560,152.0,1,555.008888,363.339463,444.103928,364.755487,499.556408,364.047475,2.921793,2.594269,-1.821237,1.556235,0.550278,2.075252
4561,152.033333,1,555.115986,363.317544,444.000139,364.766366,499.558063,364.041955,2.922002,2.516578,-1.816889,1.681502,0.552557,2.09904
4562,152.066667,1,554.799891,363.35627,444.020634,364.884136,499.410262,364.120203,2.930412,2.516514,-1.813125,1.691788,0.558644,2.104151
4563,152.1,1,554.796114,363.446563,443.832893,364.932314,499.314504,364.189439,2.921317,2.622227,-1.814631,1.702271,0.553343,2.162249
4564,152.133333,1,554.796181,363.495868,443.875513,364.889946,499.335847,364.192907,2.927857,2.647916,-1.813435,1.694065,0.557211,2.170991
4565,152.166667,1,554.775753,363.488942,443.843098,364.967752,499.309425,364.228347,2.923765,2.618567,-1.822084,1.713323,0.55084,2.165945
4566,152.2,1,554.762888,363.476443,443.704271,365.018558,499.23358,364.247501,2.932698,2.691386,-1.818507,1.722577,0.557096,2.206981
4567,152.233333,1,554.675217,363.531557,443.650417,364.96663,499.162817,364.249094,2.930348,2.775431,-1.816803,1.74067,0.556773,2.25805
4568,152.266667,1,554.766693,363.725411,443.233795,364.884533,499.000244,364.304972,2.93944,2.858215,-1.828827,1.693913,0.555307,2.276064
4569,152.3,1,554.406662,363.743473,443.025799,365.476357,498.71623,364.609915,2.96458,3.373319,-1.869778,1.839405,0.547401,2.606362
4570,152.333333,1,550.536671,371.2394,444.952545,376.283369,497.744608,373.761384,2.786568,2.885995,-1.761021,14.492406,0.512773,8.6892
4571,152.366667,1,550.389042,373.000903,444.210062,377.791747,497.299552,375.396325,2.741862,-10.410946,-1.773639,17.024412,0.484111,3.306733
4572,152.4,1,555.997143,372.559519,443.213453,375.501763,499.605298,374.030641,2.905212,49.759932,-1.839026,10.916801,0.533093,30.338366
4573,152.433333,1,552.053146,368.579078,438.180752,373.729949,495.116949,371.154513,2.941405,19.219209,-1.972035,8.517617,0.484685,13.868413
4574,152.466667,1,555.516224,366.380696,441.040277,371.323342,498.278251,368.852019,3.046951,8.032492,-1.987773,4.751248,0.529589,6.39187
4575,152.5,1,554.51952,365.63884,441.927519,368.833866,498.223519,367.236353,3.002474,3.749475,-1.913148,2.817111,0.544663,3.283293
4576,152.533333,1,554.930286,365.275374,442.977114,367.960941,498.9537,366.618158,2.944699,3.118126,-1.868023,2.286909,0.538338,2.702517
4577,152.566667,1,555.088806,365.020725,443.101473,367.737502,499.09514,366.379114,2.933623,3.04706,-1.845511,2.139639,0.544056,2.59335
4578,152.6,1,554.903469,365.055336,443.535805,367.574097,499.219637,366.314717,2.936822,2.908195,-1.845319,2.072639,0.545752,2.490417
4579,152.633333,1,554.629288,365.092421,443.62916,367.499698,499.129224,366.296059,2.932874,2.910118,-1.840197,2.009176,0.546338,2.459647
4580,152.666667,1,554.566488,365.185499,443.463831,367.414597,499.01516,366.300048,2.950309,2.753225,-1.829451,1.990329,0.560429,2.371777
4581,152.7,1,554.550352,365.159846,443.44964,367.437986,498.999996,366.298916,2.948012,2.740624,-1.826754,1.906489,0.560629,2.323556
4582,152.733333,1,554.572058,365.054719,443.452234,367.415423,499.012146,366.235071,2.940599,2.864029,-1.823799,1.893867,0.5584,2.378948
4583,152.766667,1,554.575291,365.103858,443.357344,367.455581,498.966317,366.279719,2.933813,2.95052,-1.826521,1.92542,0.553646,2.43797
4584,152.8,1,554.642992,365.070609,443.232746,367.433276,498.937869,366.251942,2.935227,2.898265,-1.833719,1.946826,0.550754,2.422546
4585,152.833333,1,554.650087,365.109694,443.117418,367.447593,498.883753,366.278644,2.930271,2.869447,-1.833537,1.973493,0.548367,2.42147
4586,152.866667,1,554.785738,365.22593,443.004627,367.117783,498.895183,366.171857,2.944443,3.095579,-1.850812,1.993231,0.546816,2.544405
4587,152.9,1,554.839125,365.300758,443.180189,367.08807,499.009657,366.194414,2.92952,3.076161,-1.848333,1.971043,0.540594,2.523602
4588,152.933333,1,555.212517,365.901053,442.941151,367.968183,499.076834,366.934618,2.989193,3.881018,-1.933987,2.946763,0.527603,3.413891
4589,152.966667,1,553.313007,371.257339,445.992146,372.758174,499.652576,372.007756,2.918314,34.901427,-1.81991,10.121753,0.549202,22.51159
4590,153.0,1,554.437056,370.900412,443.183994,373.016889,498.810525,371.95865,2.944577,32.956529,-1.8834,13.890787,0.530588,23.423658
4591,153.033333,1,554.740152,369.100102,445.822115,370.90907,500.281134,370.004586,2.947705,15.455731,-1.901823,6.425636,0.522941,10.940683
4592,153.066667,1,555.137711,367.970678,445.909185,370.121562,500.523448,369.04612,2.975426,14.100761,-1.96749,4.581707,0.503968,9.341234
4593,153.1,1,556.224642,368.021725,447.202158,370.01907,501.7134,369.020398,2.969675,11.202032,-1.966625,5.924457,0.501525,8.563244
4594,153.133333,1,557.009583,368.12057,449.269466,369.402473,503.139524,368.761522,2.948781,12.085694,-1.958602,5.307495,0.49509,8.696595
4595,153.166667,1,558.50255,368.291438,450.979385,369.288887,504.740968,368.790162,2.952156,8.720367,-1.966903,4.665014,0.492626,6.69269
4596,153.2,1,560.159006,368.879142,451.879549,369.145442,506.019278,369.012292,2.962189,9.074445,-1.966851,5.317488,0.497669,7.195966
4597,153.233333,1,561.428604,369.131055,451.911449,369.345728,506.670027,369.238392,2.99068,8.840589,-1.952125,6.038384,0.519278,7.439487
4598,153.266667,1,561.485624,369.098171,452.401714,369.147255,506.943669,369.122713,2.973196,9.101502,-1.950777,6.26839,0.51121,7.684946
4599,153.3,1,561.278429,368.937131,451.48037,369.072508,506.379399,369.004819,2.968563,7.83638,-1.962654,8.378314,0.502954,8.107347
4600,153.333333,1,561.59524,369.164979,452.851763,369.483926,507.223501,369.324453,2.985998,7.158721,-1.919743,13.161502,0.533127,10.160111
4601,153.366667,1,561.308527,369.12039,452.871752,369.398718,507.090139,369.259554,2.966409,8.066487,-1.930524,12.334624,0.517942,10.200556
4602,153.4,1,564.645901,371.286306,454.629555,369.991443,509.637728,370.638875,3.040671,11.678599,-1.85761,16.136169,0.59153,13.907384
4603,153.433333,1,562.151575,374.23223,454.589624,373.133447,508.3706,373.682839,2.944856,69.566426,-1.774269,14.036601,0.585293,41.801514
4604,153.466667,1,562.759171,375.378048,453.762522,374.854031,508.260846,375.11604,2.923832,58.816021,-1.758077,13.110664,0.582878,35.963342
4605,153.5,1,561.00276,375.907034,454.786396,375.543584,507.894578,375.725309,2.835959,29.506224,-1.72315,18.574705,0.556405,24.040464
4606,153.533333,1,561.266279,376.232622,454.878597,376.256343,508.072438,376.244482,2.804757,6.148059,-1.724828,19.50743,0.539964,12.827745
4607,153.566667,1,561.458693,376.277382,455.832815,376.209104,508.645754,376.243243,2.828892,10.726878,-1.701337,22.157779,0.563777,16.442329
4608,153.6,1,561.925793,375.693272,455.089655,375.735651,508.507724,375.714462,2.85215,60.361477,-1.725469,23.151524,0.56334,41.7565
4609,153.633333,1,561.444931,375.570416,454.273863,375.653651,507.859397,375.612034,2.814983,61.293452,-1.745671,24.682019,0.534656,42.987736
4610,153.666667,1,561.080675,376.060714,455.558205,375.590061,508.31944,375.825387,2.803418,49.668016,-1.716233,24.39091,0.543592,37.029463
4611,153.7,1,560.947285,376.525111,454.028091,376.410077,507.487688,376.467594,2.789099,12.93396,-1.75782,23.916623,0.51564,18.425292
4612,153.733333,1,561.103163,376.934599,454.507151,377.078794,507.805157,377.006696,2.757129,8.915165,-1.755607,26.759303,0.500761,17.837234
4613,153.766667,1,560.712919,377.0462,454.50119,377.460204,507.607055,377.253202,2.736193,12.173091,-1.763117,28.357449,0.486538,20.26527
4614,153.8,1,561.254807,376.912025,454.505014,377.173197,507.87991,377.042611,2.762154,17.305909,-1.763536,32.139799,0.499309,24.722854
4615,153.833333,1,560.951862,376.795714,454.719257,376.972804,507.83556,376.884259,2.758165,15.887043,-1.752445,32.121219,0.50286,24.004131
4616,153.866667,1,560.707159,376.502742,454.321556,376.718692,507.514358,376.610717,2.764438,16.352052,-1.758312,27.031204,0.503063,21.691628
4617,153.9,1,560.61326,376.405206,454.683399,376.710666,507.64833,376.557936,2.761183,15.812491,-1.750425,26.009277,0.505379,20.910884
4618,153.933333,1,560.238895,375.927461,453.705091,376.560731,506.971993,376.244096,2.771198,7.240093,-1.78603,22.143256,0.492584,14.691675
4619,153.966667,1,559.993038,375.052793,454.097853,376.259369,507.045445,375.656081,2.801263,5.11373,-1.792302,18.78241,0.504481,11.94807
4620,154.0,1,559.728546,374.738299,453.472939,375.636474,506.600742,375.187386,2.795707,10.549519,-1.797244,17.014784,0.499232,13.782151
4621,154.033333,1,559.429178,374.351889,453.347464,375.325831,506.388321,374.83886,2.806392,7.550693,-1.793119,19.115709,0.506637,13.333201
4622,154.066667,1,560.09902,375.425888,451.322823,376.507645,505.710921,375.966766,2.764463,5.77697,-1.804004,24.59885,0.480229,15.18791
4623,154.1,1,560.021629,375.555214,451.499443,377.140925,505.760536,376.348069,2.750677,4.139139,-1.798057,22.166021,0.47631,13.15258
4624,154.133333,1,559.776688,375.366601,452.749348,377.157233,506.263018,376.261917,2.747904,0.296691,-1.763384,23.276324,0.49226,11.786508
4625,154.166667,1,560.153456,375.470992,452.416029,377.443038,506.284742,376.457015,2.783422,3.64166,-1.758897,24.799682,0.512262,14.220671
4626,154.2,1,559.547825,374.761419,452.300234,376.480297,505.924029,375.620858,2.76412,8.82942,-1.772927,20.264066,0.495597,14.546743
4627,154.233333,1,559.475212,374.224409,449.57613,376.4749,504.525671,375.349655,2.783405,2.26268,-1.814678,20.138483,0.484363,11.200581
4628,154.266667,1,559.229679,373.092259,450.574064,375.503232,504.901872,374.297746,2.791704,0.277475,-1.794851,19.067299,0.498427,9.672387
4629,154.3,1,559.143,372.346798,450.594015,374.774766,504.868507,373.560782,2.832168,0.086342,-1.779587,15.967358,0.52629,8.02685
4630,154.333333,1,558.767214,371.717423,449.508343,374.318308,504.137778,373.017865,2.819763,11.14124,-1.799671,16.760255,0.510046,13.950747
4631,154.366667,1,558.376627,371.175359,450.064793,373.505899,504.22071,372.340629,2.809479,5.045518,-1.790853,17.623088,0.509313,11.334303
4632,154.4,1,558.083391,370.410726,452.003784,372.094799,505.043588,371.252763,2.773033,6.28318,-1.75531,16.14397,0.508862,11.213575
4633,154.433333,1,558.095446,369.559414,448.702717,372.36729,503.399081,370.963352,2.813169,5.986471,-1.818723,16.331725,0.497223,11.159098
4634,154.466667,1,557.177734,368.434078,450.067606,371.30152,503.62267,369.867799,2.823399,15.244092,-1.812404,21.10753,0.505498,18.175811
4635,154.5,1,556.985674,367.791651,451.698875,370.727291,504.342275,369.259471,2.857593,11.713794,-1.780193,17.781084,0.5387,14.747439
4636,154.533333,1,556.455154,367.171615,452.413969,369.75454,504.434562,368.463078,2.852413,11.204749,-1.77722,15.109024,0.537597,13.156886
4637,154.566667,1,557.051163,366.13831,453.175478,368.962215,505.11332,367.550263,2.874634,12.664008,-1.760471,20.76104,0.557082,16.712524
4638,154.6,1,556.709824,365.697704,454.460363,368.580033,505.585093,367.138868,2.854662,-7.598005,-1.73545,15.922137,0.559606,4.162066
4639,154.633333,1,555.791798,365.257317,456.14913,368.045651,505.970464,366.651484,2.793568,-15.022388,-1.688285,13.690935,0.552642,-0.665726
4640,154.666667,1,556.007929,363.802675,455.702124,366.349599,505.855026,365.076137,2.845965,-2.082052,-1.729864,10.04475,0.558051,3.981349
4641,154.7,1,555.990992,362.359464,456.392822,365.449546,506.191907,363.904505,2.872574,-2.024993,-1.717786,13.634517,0.577394,5.804762
4642,154.733333,1,555.631342,361.28716,454.917927,364.607724,505.274634,362.947442,2.915349,2.812688,-1.771062,13.472046,0.572143,8.142367
4643,154.766667,1,558.329544,360.519243,453.294468,364.377483,505.812006,362.448363,2.982196,6.146,-1.844918,12.874872,0.568639,9.510436
4644,154.8,1,558.247662,360.207394,454.931297,363.746311,506.589479,361.976852,2.985769,6.435971,-1.855096,9.251913,0.565337,7.843942
4645,154.833333,1,558.236914,359.602797,453.729343,362.804309,505.983129,361.203553,3.014916,9.89255,-1.91738,7.461921,0.548768,8.677236
4646,154.866667,1,557.880001,358.555856,451.771297,361.746762,504.825649,360.151309,3.036197,7.344323,-1.990718,8.048253,0.522739,7.696288
4647,154.9,1,557.952986,357.233473,450.256405,360.386946,504.104695,358.81021,3.070415,6.622064,-2.047525,5.614481,0.511445,6.118272
4648,154.933333,1,557.386618,356.136965,449.979801,359.37762,503.683209,357.757292,3.06543,4.945667,-2.049481,4.952576,0.507974,4.949122
4649,154.966667,1,557.9282,355.63957,450.354538,359.184544,504.141369,357.412057,3.059566,5.619552,-2.039527,4.563582,0.51002,5.091567
4650,155.0,1,558.076773,355.441672,449.315062,359.034936,503.695917,357.238304,3.071715,5.644826,-2.050582,4.647903,0.510566,5.146365
4651,155.033333,1,558.115606,355.528355,449.408274,359.229466,503.76194,357.37891,3.075425,5.409571,-2.051365,4.700037,0.51203,5.054804
4652,155.066667,1,558.059511,355.576023,449.37604,359.263975,503.717775,357.419999,3.070378,5.625719,-2.060979,4.795707,0.504699,5.210713
4653,155.1,1,558.176041,355.503057,449.773598,359.109212,503.974819,357.306134,3.06983,5.419056,-2.05117,4.587349,0.50933,5.003203
4654,155.133333,1,558.122072,355.615506,448.896456,359.404008,503.509264,357.509757,3.06794,5.61392,-2.07,4.78985,0.49897,5.201885
4655,155.166667,1,558.122883,355.665507,449.576178,359.500079,503.84953,357.582793,3.063562,6.009534,-2.058556,4.692683,0.502503,5.351109
4656,155.2,1,558.030787,355.661559,449.400434,359.62654,503.715611,357.64405,3.067913,6.52106,-2.057753,4.629472,0.50508,5.575266
4657,155.233333,1,557.850542,355.886516,449.752951,359.629614,503.801746,357.758065,3.058819,6.709067,-2.054615,4.588997,0.502102,5.649032
4658,155.266667,1,558.170233,355.83056,449.621315,359.673645,503.895774,357.752102,3.059406,6.274152,-2.064717,4.900244,0.497344,5.587198
4659,155.3,1,558.13406,355.843922,449.430189,359.696283,503.782125,357.770103,3.061969,6.893814,-2.060856,4.923636,0.500556,5.908725
4660,155.333333,1,558.422308,355.926744,449.403772,359.716619,503.91304,357.821681,3.065607,6.196118,-2.077111,4.889979,0.494248,5.543049
4661,155.366667,1,558.111057,355.800288,449.322882,359.762764,503.716969,357.781526,3.057339,6.739082,-2.079175,4.949778,0.489082,5.84443
4662,155.4,1,557.763815,356.16958,449.30892,359.760586,503.536367,357.965083,3.060821,6.641713,-2.070023,5.124562,0.495399,5.883137
4663,155.433333,1,557.501097,356.190523,449.210987,360.166957,503.356042,358.17874,3.065722,6.076978,-2.071436,5.387085,0.497143,5.732031
4664,155.466667,1,557.926245,356.960354,449.177837,360.458416,503.552041,358.709385,3.06812,6.486159,-2.053104,6.448681,0.507508,6.46742
4665,155.5,1,557.33777,357.451558,448.910437,360.839108,503.124104,359.145333,3.052438,5.710889,-2.0471,7.033416,0.502669,6.372153
4666,155.533333,1,556.974688,357.537459,449.671001,360.658606,503.322845,359.098032,3.028299,6.12097,-2.032737,6.470308,0.497781,6.295639
4667,155.566667,1,557.140589,357.533339,449.761534,360.820343,503.451061,359.176841,3.039887,5.742919,-2.030987,6.574717,0.50445,6.158818
4668,155.6,1,557.05657,357.257731,449.83079,360.818589,503.44368,359.03816,3.047336,5.927034,-2.021968,7.22894,0.512684,6.577987
4669,155.633333,1,557.291145,357.329003,449.756269,360.681206,503.523707,359.005104,3.057454,5.59322,-2.034812,7.220863,0.511321,6.407041
4670,155.666667,1,557.091007,357.477962,449.657001,360.582747,503.374004,359.030355,3.046028,5.094147,-2.041989,6.780344,0.502019,5.937246
4671,155.7,1,557.402859,357.71479,449.173012,360.778592,503.287935,359.246691,3.048495,5.895355,-2.041104,7.241506,0.503695,6.568431
4672,155.733333,1,556.257172,360.732479,452.127199,362.840078,504.192185,361.786279,2.968996,6.610903,-1.889468,18.925379,0.539764,12.768141
4673,155.766667,1,555.508776,364.564294,454.806261,364.558833,505.157518,364.561563,2.884136,20.331671,-1.746741,18.175927,0.568698,19.253799
4674,155.8,1,556.146822,364.337293,454.552145,364.818658,505.349483,364.577976,2.877041,10.539541,-1.735952,22.985094,0.570544,16.762318
4675,155.833333,1,555.962982,364.241881,455.546169,364.861118,505.754576,364.551499,2.889232,9.102475,-1.731467,17.591285,0.578883,13.34688
4676,155.866667,1,555.783014,364.398233,455.970812,365.105113,505.876913,364.751673,2.845705,8.625448,-1.725547,17.700962,0.560079,13.163205
4677,155.9,1,556.27059,365.572665,455.801716,366.256955,506.036153,365.91481,2.8376,4.744246,-1.718337,16.796136,0.559632,10.770191
4678,155.933333,1,557.408676,365.390913,455.4529,366.260399,506.430788,365.825656,2.866456,3.325738,-1.754802,14.3732,0.555827,8.849469
4679,155.966667,1,557.538261,364.691961,456.766911,364.723048,507.152586,364.707505,2.872073,7.633246,-1.752572,15.973231,0.559751,11.803238
4680,156.0,1,556.982603,363.420777,458.276863,364.292361,507.629733,363.856569,2.846766,6.795977,-1.735908,16.012164,0.555429,11.404071
4681,156.033333,1,557.114086,362.832938,456.960983,363.929474,507.037535,363.381206,2.896251,10.476716,-1.7719,16.188842,0.562175,13.332779
4682,156.066667,1,558.1075,362.276477,456.27553,363.125117,507.191515,362.700797,2.915961,14.441179,-1.822858,12.813039,0.546552,13.627109
4683,156.1,1,558.896589,361.167909,456.516752,362.206015,507.706671,361.686962,2.959208,9.30608,-1.869243,9.850036,0.544983,9.578058
4684,156.133333,1,559.997778,359.213807,453.369169,361.130401,506.683474,360.172104,3.012926,8.346642,-1.978064,5.860889,0.517431,7.103765
4685,156.166667,1,560.169516,358.553254,452.714052,359.550564,506.441784,359.051909,3.04376,7.105391,-2.023763,4.637672,0.509998,5.871532
4686,156.2,1,560.229111,359.559377,451.651974,361.592047,505.940542,360.575712,3.051625,8.024139,-1.999503,5.935577,0.526061,6.979858
4687,156.233333,1,556.56888,365.154288,453.912706,367.625971,505.240793,366.39013,2.790264,-1.106868,-1.825292,11.874003,0.482486,5.383568
4688,156.266667,1,555.795727,364.495205,454.635639,367.519535,505.215683,366.00737,2.744242,-19.986623,-1.802673,11.118115,0.470785,-4.434254
4689,156.3,1,555.00639,364.64447,455.437784,367.403036,505.222087,366.023753,2.740334,-8.656895,-1.783404,10.14544,0.478465,0.744272
4690,156.333333,1,560.980387,362.511744,453.871841,364.07007,507.426114,363.290907,2.970028,18.01214,-1.896434,6.646469,0.536797,12.329304
4691,156.366667,1,560.018139,360.221572,453.31418,361.964192,506.66616,361.092882,3.006158,10.56568,-1.969837,5.175715,0.518161,7.870697
4692,156.4,1,560.215263,358.525547,451.48386,360.397541,505.849562,359.461544,3.03252,5.623679,-2.010379,3.715716,0.51107,4.669698
4693,156.433333,1,560.715599,357.791303,451.550627,359.596333,506.133113,358.693818,3.02398,4.913777,-2.009493,3.712729,0.507243,4.313253
4694,156.466667,1,561.223745,357.613338,451.216888,359.845607,506.220317,358.729472,3.042007,4.618321,-2.015218,3.612541,0.513395,4.115431
4695,156.5,1,561.863995,357.332291,451.453009,359.391906,506.658502,358.362098,3.059746,4.104711,-2.002751,3.598178,0.528497,3.851444
4696,156.533333,1,561.775208,357.303157,451.436081,359.480612,506.605644,358.391884,3.041534,4.103292,-2.00091,3.678861,0.520312,3.891077
4697,156.566667,1,562.042322,357.375314,451.52504,359.369965,506.783681,358.372639,3.063441,4.272148,-1.997744,3.716031,0.532849,3.994089
4698,156.6,1,562.045364,357.555617,451.163073,359.788615,506.604218,358.672116,3.060204,4.457899,-2.008623,3.808893,0.52579,4.133396
4699,156.633333,1,562.035122,357.838971,451.115942,359.925971,506.575532,358.882471,3.062258,4.375027,-2.015851,3.800731,0.523204,4.087879
4700,156.666667,1,562.001152,357.94325,450.607166,360.174955,506.304159,359.059103,3.067181,4.296234,-2.027649,3.83823,0.519766,4.067232
4701,156.7,1,561.905985,358.096104,450.844145,360.070075,506.375065,359.08309,3.074956,4.419404,-2.029629,3.832377,0.522664,4.12589
4702,156.733333,1,561.81529,357.974015,450.551643,360.034804,506.183467,359.00441,3.066115,4.147106,-2.039014,3.969806,0.51355,4.058456
4703,156.766667,1,561.972923,357.890609,450.676498,360.054191,506.324711,358.9724,3.067357,4.261991,-2.045191,4.080267,0.511083,4.171129
4704,156.8,1,561.911449,357.874113,450.590849,360.082902,506.251149,358.978508,3.059589,4.218839,-2.049438,4.170939,0.505075,4.194889
4705,156.833333,1,561.781473,357.963871,450.490665,360.217361,506.136069,359.090616,3.056389,4.088884,-2.054667,4.076177,0.500861,4.08253
4706,156.866667,1,561.879873,358.08096,450.20155,360.664861,506.040711,359.37291,3.04331,4.075585,-2.066105,4.112729,0.488602,4.094157
4707,156.9,1,562.109175,358.269809,450.069513,360.754725,506.089344,359.512267,3.071481,4.164773,-2.067609,4.034111,0.501936,4.099442
4708,156.933333,1,561.939421,358.502297,450.176897,360.819313,506.058159,359.660805,3.057175,4.231492,-2.071607,3.968149,0.492784,4.09982
4709,156.966667,1,562.237206,358.398743,450.389671,360.890402,506.313438,359.644572,3.081122,4.280078,-2.080474,4.284704,0.500324,4.282391
4710,157.0,1,562.574749,358.50638,450.555353,360.760567,506.565051,359.633473,3.056043,4.44617,-2.069753,4.206637,0.493145,4.326403
4711,157.033333,1,562.829523,358.620765,450.848246,360.579829,506.838884,359.600297,3.044627,4.232299,-2.053371,4.14326,0.495628,4.187779
4712,157.066667,1,562.631788,358.435816,450.662451,360.704316,506.64712,359.570066,3.054169,4.443511,-2.043926,4.190953,0.505121,4.317232
4713,157.1,1,562.735701,358.453594,450.528288,360.789739,506.631994,359.621666,3.059101,4.285709,-2.051478,4.112779,0.503811,4.199244
4714,157.133333,1,562.76474,358.375563,450.960026,360.433075,506.862383,359.404319,3.050268,3.87453,-2.05003,4.018828,0.500119,3.946679
4715,157.166667,1,562.711363,358.306019,451.021891,360.196214,506.866627,359.251117,3.034372,4.183065,-2.042827,3.898635,0.495772,4.04085
4716,157.2,1,562.939539,358.401634,450.822334,360.433204,506.880937,359.417419,3.050362,4.433616,-2.055929,4.028915,0.497217,4.231265
4717,157.233333,1,563.166151,358.446245,450.675898,360.57321,506.921024,359.509727,3.056574,4.503143,-2.063958,4.21643,0.496308,4.359787
4718,157.266667,1,563.078918,358.970874,450.935564,360.771044,507.007241,359.870959,3.050172,4.260594,-2.076489,4.40053,0.486841,4.330562
4719,157.3,1,562.943745,359.258289,450.657997,361.213651,506.800871,360.23597,3.043736,4.427086,-2.095977,4.628771,0.47388,4.527928
4720,157.333333,1,563.007851,359.315844,450.431652,361.562076,506.719751,360.43896,3.07187,4.301975,-2.109366,4.59585,0.481252,4.448913
4721,157.366667,1,562.449322,359.697576,450.392208,361.728534,506.420765,360.713055,3.055528,4.692541,-2.124706,5.423375,0.465411,5.057958
4722,157.4,1,562.388325,359.957042,451.015215,361.774893,506.70177,360.865967,3.0742,5.35248,-2.104277,5.863203,0.484962,5.607841
4723,157.433333,1,562.085514,360.6268,451.634045,361.982453,506.859779,361.304626,3.05638,6.263952,-2.072707,5.955449,0.491837,6.1097
4724,157.466667,1,561.32863,361.386804,451.605358,362.513455,506.466994,361.95013,3.031755,6.711135,-2.053212,6.038543,0.489272,6.374839
4725,157.5,1,561.281481,361.84507,452.885323,362.726841,507.083402,362.285956,3.022359,8.870457,-2.03891,6.044462,0.491724,7.45746
4726,157.533333,1,561.921425,362.53031,453.626738,363.438635,507.774081,362.984473,3.032783,9.327946,-1.992016,7.01722,0.520384,8.172583
4727,157.566667,1,561.698599,362.886899,454.16585,363.684486,507.932224,363.285693,3.014547,10.944867,-1.969581,6.797801,0.522483,8.871334
4728,157.6,1,561.92296,363.095639,454.494333,363.916138,508.208647,363.505889,3.023887,10.798873,-1.975161,6.432012,0.524363,8.615442
4729,157.633333,1,562.034254,363.240827,455.092049,363.805175,508.563151,363.523001,3.011711,11.374301,-1.953584,6.421732,0.529063,8.898016
4730,157.666667,1,562.076674,364.249005,455.313683,364.459956,508.695178,364.354481,3.010335,8.578863,-1.92466,7.692114,0.542837,8.135488
4731,157.7,1,562.72933,365.566828,456.0534,365.798662,509.391365,365.682745,2.99369,9.208816,-1.880354,11.257069,0.556668,10.232942
4732,157.733333,1,561.669369,367.460602,455.515852,367.816976,508.59261,367.638789,2.947206,17.677759,-1.842381,31.024578,0.552412,24.351169
4733,157.766667,1,562.778578,367.664815,455.162802,367.932011,508.97069,367.798413,2.957188,18.00961,-1.847856,35.523996,0.554666,26.766803
4734,157.8,1,562.614307,366.521636,455.699606,367.155157,509.156957,366.838396,2.980722,9.841241,-1.861159,28.228549,0.559781,19.034895
4735,157.833333,1,561.324015,365.331904,457.298107,366.097391,509.311061,365.714647,2.95625,7.071742,-1.837933,10.318537,0.559158,8.695139
4736,157.866667,1,562.235651,364.850228,457.474041,365.657058,509.854846,365.253643,2.972439,7.344402,-1.8478,8.958659,0.562319,8.15153
4737,157.9,1,562.196789,363.908295,456.737585,365.2631,509.467187,364.585698,3.008744,8.549251,-1.891185,7.983429,0.55878,8.26634
4738,157.933333,1,561.97505,363.262188,455.911188,364.195286,508.943119,363.728737,3.03135,6.765626,-1.926173,8.432648,0.552588,7.599137
4739,157.966667,1,562.337046,362.779026,454.64467,363.27134,508.490858,363.025183,3.054376,7.403512,-1.981681,8.855496,0.536347,8.129504
4740,158.0,1,561.939812,361.771771,454.327106,362.632502,508.133459,362.202137,3.062507,7.49464,-2.004162,7.066494,0.529173,7.280567
4741,158.033333,1,561.979694,360.882393,453.865061,361.753339,507.922378,361.317866,3.067623,7.419351,-2.035468,5.863735,0.516078,6.641543
4742,158.066667,1,561.560135,360.376174,453.146124,361.238,507.353129,360.807087,3.076565,7.218958,-2.05227,5.828802,0.512147,6.52388
4743,158.1,1,562.202196,359.740276,454.150839,361.044753,508.176517,360.392514,3.077502,7.217229,-2.035679,5.431256,0.520911,6.324243
4744,158.133333,1,562.336388,359.829213,454.344692,361.03817,508.34054,360.433692,3.085637,7.194931,-2.029403,5.592654,0.528117,6.393792
4745,158.166667,1,561.67305,362.282233,457.143202,364.312541,509.408126,363.297387,3.000759,6.945683,-1.878441,7.282616,0.561159,7.114149
4746,158.2,1,557.23814,366.117073,455.348949,368.155954,506.293545,367.136513,2.827351,8.307747,-1.859179,22.285865,0.484086,15.296806
4747,158.233333,1,558.358278,365.247297,455.72506,367.698047,507.041669,366.472672,2.843242,4.277022,-1.851341,15.740395,0.495951,10.008709
4748,158.266667,1,561.286993,363.200798,456.195555,365.383558,508.741274,364.292178,2.969554,5.716873,-1.871485,10.032053,0.549034,7.874463
4749,158.3,1,561.769848,361.569929,454.558249,362.880424,508.164048,362.225177,3.024177,7.268902,-1.939241,6.837195,0.542468,7.053048
4750,158.333333,1,562.282248,360.331323,452.626801,361.485375,507.454524,360.908349,3.054328,6.528338,-2.056387,5.791212,0.49897,6.159775
4751,158.366667,1,564.024553,359.551513,453.312874,360.879491,508.668714,360.215502,3.033396,5.02966,-2.042435,4.326622,0.49548,4.678141
4752,158.4,1,564.525509,359.479142,453.211842,360.334155,508.868675,359.906648,3.032977,5.142899,-2.049404,4.150594,0.491786,4.646747
4753,158.433333,1,564.80485,359.273288,453.730507,360.325985,509.267678,359.799636,3.018626,4.828411,-2.037144,4.162214,0.490741,4.495313
4754,158.466667,1,564.743786,359.240382,453.445129,360.267792,509.094458,359.754087,3.027817,4.882534,-2.045724,4.057358,0.491047,4.469946
4755,158.5,1,564.834118,359.234476,453.446798,360.126718,509.140458,359.680597,3.035115,5.024422,-2.043384,4.178959,0.495866,4.60169
4756,158.533333,1,564.743643,359.2285,453.160429,360.104295,508.952036,359.666398,3.038324,4.959689,-2.039305,4.218852,0.499509,4.58927
4757,158.566667,1,564.559832,359.221376,453.305273,360.140607,508.932552,359.680991,3.029555,4.795245,-2.033056,4.151737,0.49825,4.473491
4758,158.6,1,564.563417,359.15865,453.028078,360.113318,508.795748,359.635984,3.040412,4.630988,-2.039021,4.130082,0.500695,4.380535
4759,158.633333,1,564.480648,359.067063,452.794886,360.192411,508.637767,359.629737,3.039895,4.506933,-2.03823,4.239532,0.500832,4.373233
4760,158.666667,1,564.466286,359.057128,452.692986,360.118361,508.579636,359.587744,3.035447,4.469296,-2.034531,3.929716,0.500458,4.199506
4761,158.7,1,564.538193,358.881921,452.407255,359.940525,508.472724,359.411223,3.043255,4.347581,-2.043511,3.907823,0.499872,4.127702
4762,158.733333,1,564.515276,359.047177,452.75485,359.904562,508.635063,359.47587,3.026189,4.393231,-2.02925,3.859176,0.498469,4.126204
4763,158.766667,1,564.554529,358.995733,452.941141,359.855987,508.747835,359.42586,3.023616,4.170273,-2.029429,3.739658,0.497093,3.954966
4764,158.8,1,564.537678,359.045439,452.974749,359.846175,508.756213,359.445807,3.014178,4.20588,-2.026867,3.840385,0.493655,4.023132
4765,158.833333,1,564.489298,358.964378,452.994652,359.835484,508.741975,359.399931,3.015679,4.243767,-2.025544,3.740296,0.495068,3.992031
4766,158.866667,1,564.581423,359.079359,452.965727,359.818597,508.773575,359.448978,3.013422,4.181249,-2.034542,3.741544,0.48944,3.961397
4767,158.9,1,564.676104,359.241058,452.884407,359.834014,508.780255,359.537536,3.014745,4.279802,-2.043423,3.616026,0.485661,3.947914
4768,158.933333,1,564.39992,359.2271,452.880287,360.113248,508.640103,359.670174,3.007282,4.12711,-2.039481,3.952613,0.483901,4.039861
4769,158.966667,1,564.446001,359.173923,453.058596,359.97395,508.752298,359.573936,3.01327,4.114192,-2.05578,4.046296,0.478745,4.080244
4770,159.0,1,564.380455,359.206329,453.067026,360.064158,508.723741,359.635244,3.012453,4.262982,-2.052135,4.159785,0.480159,4.211384
4771,159.033333,1,564.202423,359.490396,453.077898,360.158004,508.640161,359.8242,3.00947,4.10248,-2.053565,4.054959,0.477953,4.07872
4772,159.066667,1,564.818096,359.4928,453.230076,360.163035,509.024086,359.827918,3.013765,4.287953,-2.058238,4.401038,0.477764,4.344496
4773,159.1,1,564.968424,359.543912,453.412638,359.988756,509.190531,359.766334,3.011133,4.024809,-2.06386,4.404758,0.473637,4.214783
4774,159.133333,1,564.91559,359.612668,453.354673,360.320422,509.135132,359.966545,3.008063,4.351742,-2.070618,4.393242,0.468723,4.372492
4775,159.166667,1,564.904833,359.673248,453.64542,360.085434,509.275126,359.879341,2.994007,4.41489,-2.065789,4.245991,0.464109,4.330441
4776,159.2,1,564.603052,359.699196,453.467073,360.360451,509.035063,360.029823,2.993585,4.304949,-2.065657,4.704283,0.463964,4.504616
4777,159.233333,1,564.602995,359.704812,453.640852,360.332556,509.121923,360.018684,2.997695,4.368877,-2.070272,4.677633,0.463712,4.523255
4778,159.266667,1,564.397459,359.789194,453.745422,360.410657,509.071441,360.099926,2.997535,4.497622,-2.066007,4.69771,0.465764,4.597666
4779,159.3,1,564.331245,360.04475,453.216906,360.454903,508.774076,360.249826,2.997803,4.631821,-2.08352,4.666261,0.457141,4.649041
4780,159.333333,1,564.488583,360.04343,452.938976,360.900203,508.713779,360.471817,3.014453,4.628125,-2.088747,4.837039,0.462853,4.732582
4781,159.366667,1,564.410343,359.969004,453.302794,360.652834,508.856568,360.310919,3.018235,4.899059,-2.064767,4.853486,0.476734,4.876273
4782,159.4,1,564.150629,359.955904,453.358421,360.734523,508.754525,360.345214,3.017096,4.933185,-2.070377,4.65932,0.473359,4.796252
4783,159.433333,1,564.067888,359.950358,453.204889,360.778672,508.636389,360.364515,3.009107,4.793248,-2.067709,4.786789,0.470699,4.790018
4784,159.466667,1,563.872356,359.982786,452.944279,360.901233,508.408318,360.442009,3.007002,4.891045,-2.084535,4.768723,0.461233,4.829884
4785,159.5,1,563.945913,360.049342,452.961817,360.907027,508.453865,360.478184,3.015288,5.064766,-2.083611,4.695956,0.465839,4.880361
4786,159.533333,1,563.690214,359.940739,453.118162,360.903529,508.404188,360.422134,3.013993,5.322094,-2.079143,4.826511,0.467425,5.074303
4787,159.566667,1,563.715467,360.209336,452.522011,361.092517,508.118739,360.650927,3.026755,5.580671,-2.085159,4.767578,0.470798,5.174125
4788,159.6,1,563.511381,360.141985,453.018169,361.058775,508.264775,360.60038,3.004069,5.041384,-2.076547,4.837313,0.463761,4.939348
4789,159.633333,1,563.459644,360.212415,453.201723,361.075163,508.330684,360.643789,3.005551,5.342472,-2.084578,4.755866,0.460487,5.049169
4790,159.666667,1,563.403311,360.180239,453.187809,361.070679,508.29556,360.625459,2.998169,5.421051,-2.097812,5.137428,0.450178,5.27924
4791,159.7,1,563.693266,360.325052,453.054485,361.163242,508.373876,360.744147,3.005365,5.256734,-2.104389,5.19081,0.450488,5.223772
4792,159.733333,1,563.232622,360.360784,453.470821,361.141521,508.351722,360.751153,3.01285,5.418277,-2.080412,4.853894,0.466219,5.136086
4793,159.766667,1,563.316717,360.486858,453.599825,361.352654,508.458271,360.919756,3.000942,5.397947,-2.076483,5.062897,0.462229,5.230422
4794,159.8,1,563.396673,360.427667,453.556385,361.41869,508.476529,360.923179,2.995167,5.373585,-2.072608,5.158697,0.46128,5.266141
4795,159.833333,1,563.604479,360.534908,453.500881,361.290207,508.55268,360.912557,2.993102,5.433966,-2.072123,4.971085,0.460489,5.202526
4796,159.866667,1,563.558588,360.587136,453.674192,361.212112,508.61639,360.899624,3.022525,5.797487,-2.065876,4.836263,0.478325,5.316875
4797,159.9,1,563.545656,360.468153,453.75351,361.065937,508.649583,360.767045,3.018397,5.809873,-2.069506,4.836434,0.474445,5.323153
4798,159.933333,1,563.439016,360.586991,453.764715,361.154723,508.601866,360.870857,3.021528,6.106927,-2.06189,4.663467,0.479819,5.385197
4799,159.966667,1,563.495913,360.523857,453.695402,361.132514,508.595657,360.828186,3.02585,5.921212,-2.069336,4.672126,0.478257,5.296669
4800,160.0,1,563.3883,360.513434,453.72345,361.107999,508.555875,360.810716,3.007275,5.771183,-2.068707,4.776772,0.469284,5.273978
4801,160.033333,1,563.522711,360.560694,453.909826,361.068308,508.716269,360.814501,3.007321,5.820601,-2.065961,4.797746,0.47068,5.309174
4802,160.066667,1,563.473558,360.408699,453.780098,361.19817,508.626828,360.803434,3.008886,5.743295,-2.065004,4.798744,0.471941,5.27102
4803,160.1,1,563.296452,360.41446,453.676348,361.243322,508.4864,360.828891,3.001654,5.687037,-2.076764,4.727221,0.462445,5.207129
4804,160.133333,1,563.363523,360.527532,453.935661,361.32676,508.649592,360.927146,3.010568,5.854032,-2.07023,4.953368,0.470169,5.4037
4805,160.166667,1,563.399086,360.587173,453.891172,361.511377,508.645129,361.049275,3.013243,5.706862,-2.079148,5.021723,0.467047,5.364293
4806,160.2,1,563.836403,360.777744,454.189644,361.460693,509.013023,361.119219,3.013663,5.475561,-2.052577,4.954196,0.480543,5.214879
4807,160.233333,1,563.360567,360.605772,454.044447,361.549979,508.702507,361.077875,2.991827,5.485212,-2.073854,5.134946,0.458986,5.310079
4808,160.266667,1,564.165602,361.272585,454.138918,361.855112,509.15226,361.563849,3.005878,5.743462,-2.053451,5.00074,0.476214,5.372101
4809,160.3,1,564.352016,361.166825,454.533262,361.889557,509.442639,361.528191,2.999014,5.662911,-2.066368,5.065993,0.466323,5.364452
4810,160.333333,1,564.179945,361.144622,454.185791,361.908215,509.182868,361.526418,3.00182,5.448131,-2.076775,5.104222,0.462523,5.276177
4811,160.366667,1,564.302778,361.22041,454.364586,362.155203,509.333682,361.687807,3.005447,5.243181,-2.085091,5.388456,0.460178,5.315819
4812,160.4,1,564.497643,361.368383,454.372606,362.211181,509.435124,361.789782,2.998449,5.293767,-2.080389,5.376604,0.45903,5.335186
4813,160.433333,1,564.571066,361.408085,454.193058,362.295397,509.382062,361.851741,3.008171,5.447172,-2.10298,5.467162,0.452595,5.457167
4814,160.466667,1,564.437561,361.601295,454.51438,362.134759,509.47597,361.868027,2.990249,5.659474,-2.08648,5.376161,0.451884,5.517818
4815,160.5,1,564.434509,361.751225,454.415865,362.223723,509.425187,361.987474,2.996709,5.558893,-2.08356,5.219789,0.456575,5.389341
4816,160.533333,1,563.465843,362.78504,454.317541,362.531651,508.891692,362.658345,2.947525,5.536257,-2.071642,5.953754,0.437941,5.745006
4817,160.566667,1,565.861406,368.874539,459.161625,367.073758,512.511516,367.974148,2.944605,11.279224,-1.847103,15.689786,0.548751,13.484505
4818,160.6,1,563.991966,368.753153,456.800652,368.971345,510.396309,368.862249,2.871219,12.278456,-1.842875,50.148053,0.514172,31.213254
4819,160.633333,1,563.972254,367.238681,459.620485,366.979902,511.79637,367.109292,2.87905,10.597237,-1.811515,42.918465,0.533768,26.757851
4820,160.666667,1,565.745859,365.437202,456.440506,365.262558,511.093183,365.34988,2.987551,8.450753,-1.950587,6.506002,0.518482,7.478378
4821,160.7,1,566.180668,363.777789,454.993525,363.628417,510.587096,363.703103,3.012441,5.007264,-2.031209,5.492829,0.490616,5.250047
4822,160.733333,1,566.913652,362.741566,454.746027,362.886395,510.82984,362.813981,3.02183,4.802635,-2.073901,4.656687,0.473965,4.729661
4823,160.766667,1,566.214151,362.090793,454.521732,363.012823,510.367942,362.551808,2.988606,4.561075,-2.107586,4.954272,0.44051,4.757674
4824,160.8,1,566.631508,362.221159,454.074411,363.282659,510.35296,362.751909,3.008959,4.54217,-2.100844,4.925533,0.454058,4.733852
4825,160.833333,1,565.951014,362.139904,455.114698,362.90531,510.532856,362.522607,2.98978,4.705778,-2.086839,5.370869,0.451471,5.038323
4826,160.866667,1,566.752205,362.282131,454.929352,363.201951,510.840778,362.742041,3.008204,4.643726,-2.099857,5.464473,0.454174,5.054099
4827,160.9,1,566.844349,362.355961,456.172123,363.353738,511.508236,362.854849,3.006236,4.369976,-2.074139,5.329329,0.466048,4.849652
4828,160.933333,1,566.869669,362.506127,457.106667,363.902485,511.988168,363.204306,2.982539,3.982457,-2.065416,5.678268,0.458561,4.830363
4829,160.966667,1,567.275076,362.84797,458.786602,364.250754,513.030839,363.549362,2.967244,4.691476,-2.026274,5.797507,0.470485,5.244492
4830,161.0,1,567.934685,363.615301,457.577868,364.329751,512.756276,363.972526,2.9863,4.321932,-2.032628,7.425157,0.476836,5.873545
4831,161.033333,1,568.063459,363.74365,459.991522,364.511932,514.027491,364.127791,2.978369,4.845732,-1.986419,7.112622,0.495975,5.979177
4832,161.066667,1,568.403673,364.289088,461.822472,364.455417,515.113072,364.372253,2.959601,4.663811,-1.94293,8.764469,0.508335,6.71414
4833,161.1,1,568.610468,365.162067,463.342772,364.617294,515.97662,364.88968,2.960777,5.117512,-1.910788,7.554872,0.524995,6.336192
4834,161.133333,1,569.438953,366.046718,462.776537,364.454838,516.107745,365.250778,2.96277,5.848726,-1.911883,10.596148,0.525444,8.222437
4835,161.166667,1,570.094347,366.755927,464.017801,364.907482,517.056074,365.831704,2.970438,5.937894,-1.877115,13.133501,0.546661,9.535698
4836,161.2,1,570.587387,371.161047,457.334385,369.363109,513.960886,370.262078,2.881247,6.569963,-1.956425,30.866425,0.462411,18.718194
4837,161.233333,1,568.336802,371.631271,457.629452,370.704793,512.983127,371.168032,2.830487,4.530471,-1.924798,44.591449,0.452845,24.56096
4838,161.266667,1,567.729378,371.76698,458.035107,371.64628,512.882242,371.70663,2.799856,3.603446,-1.895282,51.507108,0.452287,27.555277
4839,161.3,1,567.031479,371.765038,458.883991,371.373006,512.957735,371.569022,2.775311,3.916214,-1.887473,41.12212,0.443919,22.519167
4840,161.333333,1,566.446114,372.148486,459.085407,371.562681,512.76576,371.855584,2.756986,4.83362,-1.887872,40.736733,0.434557,22.785177
4841,161.366667,1,566.617851,372.557888,459.526091,371.812545,513.071971,372.185217,2.735571,4.509245,-1.876461,39.817964,0.429555,22.163605
4842,161.4,1,565.731411,372.937925,458.517094,372.225605,512.124252,372.581765,2.695547,3.733353,-1.887324,35.888177,0.404112,19.810765
4843,161.433333,1,565.494871,373.24404,458.945866,372.6352,512.220368,372.93962,2.697018,3.283868,-1.876113,33.676637,0.410452,18.480253
4844,161.466667,1,565.859318,373.414092,461.045208,372.552105,513.452263,372.983099,2.698069,2.950448,-1.830902,34.913408,0.433584,18.931928
4845,161.5,1,566.389866,373.658248,461.269875,372.543715,513.82987,373.100982,2.699375,3.107795,-1.836053,34.778555,0.431661,18.943175
4846,161.533333,1,566.645966,373.969331,462.661419,372.511883,514.653692,373.240607,2.6957,2.582787,-1.802143,34.356131,0.446779,18.469459
4847,161.566667,1,567.095337,374.259471,464.128475,372.481821,515.611906,373.370646,2.703018,2.211514,-1.773716,32.70892,0.464651,17.460217
4848,161.6,1,567.468042,374.239161,465.186491,372.418327,516.327267,373.328744,2.72119,2.213549,-1.740241,36.097271,0.490475,19.15541
4849,161.633333,1,567.810678,374.391854,465.426998,372.665927,516.618838,373.528891,2.724427,2.516925,-1.734773,36.956581,0.494827,19.736753
4850,161.666667,1,567.959633,374.642104,466.071672,372.807173,517.015653,373.724638,2.719314,2.859389,-1.721855,33.262929,0.498729,18.061159
4851,161.7,1,568.218489,374.76541,466.028757,372.987353,517.123623,373.876382,2.715869,3.240405,-1.727097,29.61675,0.494386,16.428578
4852,161.733333,1,569.190426,375.133077,465.736742,372.93167,517.463584,374.032373,2.726767,7.241841,-1.724392,32.274334,0.501188,19.758088
4853,161.766667,1,569.482288,375.457978,466.400719,373.068184,517.941504,374.263081,2.713033,7.858165,-1.716044,30.471923,0.498495,19.165044
4854,161.8,1,570.005493,375.607206,466.734371,373.390081,518.369932,374.498643,2.719839,7.029783,-1.703983,31.676322,0.507928,19.353053
4855,161.833333,1,570.420475,375.996866,466.951103,373.625976,518.685789,374.811421,2.704586,6.520406,-1.711913,33.374742,0.496337,19.947574
4856,161.866667,1,570.882711,376.369339,466.355143,374.012096,518.618927,375.190718,2.708233,7.201392,-1.727292,33.560335,0.49047,20.380864
4857,161.9,1,571.118956,376.561997,466.789742,374.393045,518.954349,375.477521,2.694656,7.125817,-1.738641,27.095632,0.478008,17.110724
4858,161.933333,1,571.517153,376.769171,465.95582,375.069895,518.736486,375.919533,2.701447,6.407685,-1.756781,30.251535,0.472333,18.32961
4859,161.966667,1,572.479277,377.453198,466.430416,375.141102,519.454846,376.29715,2.702954,5.50439,-1.757489,33.658581,0.472733,19.581486
4860,162.0,1,572.834835,377.504933,464.772444,376.03078,518.803639,376.767856,2.702195,3.86467,-1.788018,32.021126,0.457089,17.942898
4861,162.033333,1,573.879051,377.976465,463.066845,376.754719,518.472948,377.365592,2.708511,3.633999,-1.838137,38.691582,0.435187,21.16279
4862,162.066667,1,575.067043,378.521898,463.764658,377.253749,519.415851,377.887824,2.699422,3.129626,-1.861925,42.311832,0.418749,22.720729
4863,162.1,1,576.550179,379.518274,464.02401,377.681004,520.287094,378.599639,2.728835,2.986804,-1.881945,46.663776,0.423445,24.82529
4864,162.133333,1,577.948999,380.290965,465.890055,377.585549,521.919527,378.938257,2.72378,3.439896,-1.87252,40.939471,0.42563,22.189684
4865,162.166667,1,579.745913,381.797369,469.238281,377.297866,524.492097,379.547617,2.731004,3.807086,-1.83233,49.573722,0.449337,26.690404
4866,162.2,1,581.279678,382.640054,473.765192,377.18546,527.522435,379.912757,2.68097,6.91749,-1.788877,65.29079,0.446046,36.10414
4867,162.233333,1,582.049246,383.596745,472.390852,377.825146,527.220049,380.710945,2.716761,5.373387,-1.836555,78.429238,0.440103,41.901312
4868,162.266667,1,583.731632,384.292756,473.829517,378.044175,528.780575,381.168466,2.724574,7.372127,-1.843319,64.178156,0.440628,35.775141
4869,162.3,1,585.126495,385.046318,473.681107,378.714834,529.403801,381.880576,2.748278,6.965619,-1.886426,77.294797,0.430926,42.130208
4870,162.333333,1,586.52564,385.695562,475.647545,379.036592,531.086593,382.366077,2.766569,8.274231,-1.856712,63.707837,0.454928,35.991034
4871,162.366667,1,587.999201,386.925151,475.897932,379.790583,531.948566,383.357867,2.760618,6.073204,-1.906278,86.00485,0.42717,46.039027
4872,162.4,1,588.975554,387.692606,476.338377,380.022594,532.656965,383.8576,2.734154,8.587114,-1.925504,136.804749,0.404325,72.695932
4873,162.433333,1,589.462347,388.591018,478.680973,379.527565,534.07166,384.059291,2.674072,11.380183,-1.908996,338.582725,0.382538,174.981454
4874,162.466667,1,590.201616,389.232935,479.894581,380.314225,535.048099,384.77358,2.692233,9.444237,-1.85337,200.373416,0.419431,104.908827
4875,162.5,1,591.580029,390.087422,480.570536,380.343461,536.075282,385.215442,2.70499,9.17371,-1.874447,230.505241,0.415272,119.839476
4876,162.533333,1,592.79108,390.417302,481.787691,380.923001,537.289386,385.670151,2.708192,8.037367,-1.896053,102.375332,0.40607,55.20635
4877,162.566667,1,594.434547,390.829697,482.704964,381.079663,538.569756,385.95468,2.710366,6.432633,-1.913594,157.075441,0.398386,81.754037
4878,162.6,1,595.058231,391.480132,485.23489,381.373622,540.146561,386.426877,2.688677,4.666109,-1.89488,377.481181,0.396899,191.073645
4879,162.633333,1,596.246862,392.249283,485.311747,381.502926,540.779305,386.876104,2.6549,1.411925,-1.90463,165.639585,0.375135,83.525755
4880,162.666667,1,596.852875,392.759911,485.823126,382.129372,541.338,387.444642,2.630249,1.180096,-1.925252,117.033633,0.352498,59.106864
4881,162.7,1,598.053656,393.606491,486.255674,382.844449,542.154665,388.22547,2.615942,5.64561,-1.909679,129.153298,0.353131,67.399454
4882,162.733333,1,599.131851,394.428352,487.41622,383.026797,543.274035,388.727574,2.64469,8.254702,-1.889659,94.770643,0.377515,51.512673
4883,162.766667,1,599.097052,394.928777,487.724113,383.252531,543.410583,389.090654,2.644266,9.953951,-1.885188,119.555269,0.379539,64.75461
4884,162.8,1,598.545046,395.007184,487.227449,383.5166,542.886248,389.261892,2.66234,15.883786,-1.885004,65.359697,0.388668,40.621742
4885,162.833333,1,598.449783,394.942242,485.951319,383.720555,542.200551,389.331399,2.674485,13.299647,-1.8508,42.016516,0.411842,27.658081
4886,162.866667,1,598.054008,394.771535,485.160646,383.918438,541.607327,389.344987,2.671102,7.117948,-1.859205,30.331217,0.405949,18.724582
4887,162.9,1,597.898397,394.638326,486.04229,383.659347,541.970344,389.148837,2.670815,9.907511,-1.861977,40.977921,0.404419,25.442716
4888,162.933333,1,597.950125,394.860756,484.451408,383.860288,541.200767,389.360522,2.686903,3.278075,-1.902128,85.914164,0.392388,44.596119
4889,162.966667,1,597.98892,394.945761,485.128479,383.755338,541.5587,389.35055,2.686946,5.08151,-1.918935,96.036421,0.384006,50.558966
4890,163.0,1,598.113527,395.210763,485.858765,383.98412,541.986146,389.597442,2.676744,7.682005,-1.892201,97.375346,0.392271,52.528676
4891,163.033333,1,598.686523,395.682929,484.855213,384.565161,541.770868,390.124045,2.6901,6.45009,-1.930354,83.547992,0.379873,44.999041
4892,163.066667,1,599.075861,396.501764,484.637794,385.03134,541.856828,390.766552,2.689505,11.594072,-1.882229,92.756602,0.403638,52.175337
4893,163.1,1,597.798185,396.727359,482.891626,385.309818,540.344906,391.018589,2.674281,10.772764,-1.876227,138.590392,0.399027,74.681578
4894,163.133333,1,594.678049,395.178373,481.730728,383.854054,538.204389,389.516214,2.705196,8.919164,-1.813205,192.154698,0.445996,100.536931
4895,163.166667,1,592.569103,393.443327,484.434023,382.349721,538.501563,387.896524,2.682664,39.394099,-1.806426,80.329299,0.438119,59.861699
4896,163.2,1,590.574894,391.086867,481.379805,381.67477,535.977349,386.380818,2.741021,25.741878,-1.81083,46.5843,0.465096,36.163089
4897,163.233333,1,586.549597,386.418536,476.7243,379.1368,531.636949,382.777668,2.776755,15.553872,-1.844596,20.243505,0.466079,17.898688
4898,163.266667,1,580.098581,380.932281,470.195551,375.280856,525.147066,378.106568,2.771849,12.822574,-1.945809,10.232297,0.41302,11.527435
4899,163.3,1,577.849989,374.595605,467.569504,370.326612,522.709746,372.461109,2.854462,7.305352,-1.980041,2.838669,0.43721,5.07201
4900,163.333333,1,573.179379,369.964267,464.228325,365.809836,518.703852,367.887052,2.78988,2.454625,-1.91151,1.547951,0.439185,2.001288
4901,163.366667,1,571.672134,366.98179,460.437078,362.771612,516.054606,364.876701,2.864055,2.177691,-1.986582,1.319074,0.438736,1.748382
4902,163.4,1,568.362894,364.165004,457.854805,362.174349,513.10885,363.169676,2.872723,1.843478,-1.923098,1.468486,0.474812,1.655982
4903,163.433333,1,566.08057,362.398844,455.998678,360.368235,511.039624,361.38354,2.871596,2.021587,-1.912029,1.415608,0.479783,1.718598
4904,163.466667,1,563.160725,360.260265,454.377279,359.329024,508.769002,359.794645,2.900427,2.096759,-1.906581,1.340153,0.496923,1.718456
4905,163.5,1,560.833693,359.331577,452.49052,359.975313,506.662107,359.653445,2.907437,2.196182,-1.867532,1.696098,0.519952,1.94614
4906,163.533333,1,559.166546,358.656326,450.994005,360.392836,505.080276,359.524581,2.882791,1.870529,-1.85541,1.858997,0.51369,1.864763
4907,163.566667,1,558.655281,358.747585,450.61636,361.241654,504.63582,359.994619,2.904759,2.068991,-1.845967,2.035992,0.529396,2.052491
4908,163.6,1,558.511858,358.397498,449.349203,360.502201,503.930531,359.449849,2.905364,2.206134,-1.878844,2.046855,0.51326,2.126494
4909,163.633333,1,558.641872,357.647735,449.564724,359.594096,504.103298,358.620915,2.900867,2.45965,-1.874677,1.844114,0.513095,2.151882
4910,163.666667,1,558.998003,356.672645,449.642277,359.506254,504.32014,358.089449,2.903641,1.908074,-1.887336,1.901353,0.508153,1.904713
4911,163.7,1,559.158916,356.370633,449.818697,359.364756,504.488807,357.867695,2.935899,1.9752,-1.894339,1.957914,0.52078,1.966557
4912,163.733333,1,559.077482,356.731884,449.763546,359.543182,504.420514,358.137533,2.937585,2.111175,-1.89367,2.129568,0.521957,2.120371
4913,163.766667,1,559.216232,357.319416,449.661674,359.813468,504.438953,358.566442,2.961395,2.309863,-1.885849,2.115146,0.537773,2.212505
4914,163.8,1,555.624495,363.021165,456.274614,365.1892,505.949554,364.105183,2.88502,5.723549,-1.719374,9.578601,0.582823,7.651075
4915,163.833333,1,556.259756,362.46392,454.70212,365.792509,505.480938,364.128215,2.914877,4.286085,-1.751318,6.004061,0.581779,5.145073
4916,163.866667,1,557.280035,360.945811,451.824913,364.210408,504.552474,362.57811,2.965892,8.224126,-1.8626,4.497917,0.551646,6.361022
4917,163.9,1,558.229733,359.127724,449.002342,362.30707,503.616037,360.717397,2.977802,3.056716,-1.919693,2.407959,0.529055,2.732338
4918,163.933333,1,558.165045,357.86928,448.344097,361.479512,503.254571,359.674396,2.965167,2.414705,-1.937184,2.112433,0.513991,2.263569
4919,163.966667,1,557.91317,357.578904,448.165693,360.614955,503.039432,359.09693,2.990879,2.350466,-1.916215,1.986535,0.537332,2.1685
4920,164.0,1,556.893835,357.716426,447.962532,360.637041,502.428184,359.176733,2.96943,2.457974,-1.863237,1.787745,0.553097,2.122859
4921,164.033333,1,555.891438,357.385426,447.701759,360.51831,501.796598,358.951868,2.915634,2.231437,-1.822757,1.643086,0.546439,1.937262
4922,164.066667,1,555.248127,357.282005,447.244873,360.592344,501.2465,358.937175,2.908478,2.050682,-1.821211,1.616489,0.543633,1.833585
4923,164.1,1,554.986525,357.385002,446.933298,360.512179,500.959911,358.94859,2.940985,2.187204,-1.820063,1.577572,0.560461,1.882388
4924,164.133333,1,553.981848,356.977987,446.523161,360.608491,500.252504,358.793239,2.947835,2.04222,-1.792282,1.426626,0.577777,1.734423
4925,164.166667,1,553.611698,357.014578,445.89344,360.860184,499.752569,358.937381,2.939792,1.953258,-1.807679,1.539836,0.566056,1.746547
4926,164.2,1,553.358679,357.007148,445.922585,360.868467,499.640632,358.937808,2.949317,1.806142,-1.813293,1.586556,0.568012,1.696349
4927,164.233333,1,552.965755,356.984929,445.278959,360.878327,499.122357,358.931628,2.943474,1.931913,-1.828724,1.524642,0.557375,1.728278
4928,164.266667,1,552.655907,357.172394,445.203686,361.060041,498.929796,359.116217,2.947131,1.858711,-1.826679,1.581927,0.560226,1.720319
4929,164.3,1,552.32378,357.352091,444.856377,361.673618,498.590078,359.512855,2.946877,2.056105,-1.842345,1.58837,0.552266,1.822238
4930,164.333333,1,549.510012,362.602478,443.688126,367.30166,496.599069,364.952069,3.015141,5.144277,-1.896215,4.737677,0.559463,4.940977
4931,164.366667,1,551.868162,366.860383,445.11425,371.667084,498.491206,369.263733,2.982021,-15.065391,-1.8395,13.336776,0.57126,-0.864307
4932,164.4,1,551.051998,365.046887,447.691212,369.582492,499.371605,367.31469,2.954817,-19.071783,-1.72181,21.99577,0.616503,1.461993
4933,164.433333,1,550.278177,361.522256,443.573065,368.24952,496.925621,364.885888,3.010025,1.213056,-1.887288,10.510724,0.561368,5.86189
4934,164.466667,1,552.512903,359.315125,443.022718,365.116609,497.767811,362.215867,3.049344,3.50392,-2.020396,5.833741,0.514474,4.668831
4935,164.5,1,552.661495,357.205428,444.29471,363.316675,498.478103,360.261051,3.032592,2.773206,-1.943458,2.58055,0.544567,2.676878
4936,164.533333,1,552.754736,357.022179,444.144478,362.357029,498.449607,359.689604,3.022857,2.700922,-1.914261,2.188461,0.554298,2.444692
4937,164.566667,1,552.515249,356.911388,444.044247,362.592205,498.279748,359.751796,3.050204,2.949833,-1.937638,2.584338,0.556283,2.767086
4938,164.6,1,552.579918,356.776194,444.150133,362.471843,498.365026,359.624019,3.023682,2.881058,-1.93611,2.526197,0.543786,2.703627
4939,164.633333,1,551.448593,364.218165,446.913385,369.27097,499.180989,366.744567,2.99581,-10.154431,-1.794412,14.157562,0.600699,2.001566
4940,164.666667,1,553.457499,366.710415,443.187113,371.988616,498.322306,369.349515,2.991798,-17.930059,-1.869213,10.29481,0.561292,-3.817625
4941,164.7,1,551.438999,364.148476,446.975117,369.460377,499.207058,366.804426,2.941706,-15.366781,-1.754444,21.214893,0.593631,2.924056
4942,164.733333,1,553.373327,360.298154,446.735086,366.581476,500.054207,363.439815,3.106424,3.815004,-1.882454,6.932638,0.611985,5.373821
4943,164.766667,1,552.209892,357.441972,444.026937,363.609218,498.118415,360.525595,3.015965,3.052993,-1.989068,3.172661,0.513449,3.112827
4944,164.8,1,553.42905,356.81272,444.981318,362.256081,499.205184,359.534401,3.009983,2.694262,-1.892054,2.277643,0.558964,2.485953
4945,164.833333,1,553.543606,356.767493,444.725895,361.319228,499.13475,359.043361,3.017565,2.42604,-1.889616,2.063475,0.563975,2.244757
4946,164.866667,1,553.105021,356.897607,444.275455,361.420138,498.690238,359.158873,3.008792,2.542562,-1.892391,2.048919,0.558201,2.295741
4947,164.9,1,553.291616,356.821427,444.410801,361.209569,498.851209,359.015498,3.007496,2.52595,-1.87127,2.064095,0.568113,2.295023
4948,164.933333,1,553.422413,356.834055,444.528751,361.134435,498.975582,358.984245,2.988307,2.401397,-1.878713,2.146726,0.554797,2.274061
4949,164.966667,1,553.519211,356.791552,444.596939,361.142101,499.058075,358.966826,2.977457,2.344271,-1.872632,2.205341,0.552413,2.274806
4950,165.0,1,553.500166,356.761753,444.491177,361.128636,498.995671,358.945194,2.980738,2.293437,-1.879955,2.187121,0.550391,2.240279
4951,165.033333,1,553.563967,356.51514,444.599266,361.230512,499.081616,358.872826,2.992752,2.25579,-1.88221,2.234173,0.555271,2.244982
4952,165.066667,1,553.433561,356.528798,444.709072,361.014422,499.071317,358.77161,2.976904,2.221926,-1.881842,2.162425,0.547531,2.192175
4953,165.1,1,553.564568,356.682054,444.941463,360.997792,499.253016,358.839923,2.973058,2.188688,-1.886356,2.13239,0.543351,2.160539
4954,165.133333,1,553.571463,356.606678,444.778147,360.999563,499.174805,358.803121,2.976216,2.190083,-1.885073,2.164815,0.545571,2.177449
4955,165.166667,1,553.426714,356.576332,444.779139,361.001945,499.102926,358.789138,2.975567,2.212338,-1.874719,2.133481,0.550424,2.17291
4956,165.2,1,553.11758,356.715544,444.948225,361.026835,499.032903,358.87119,2.968291,2.15866,-1.868357,2.030084,0.549967,2.094372
4957,165.233333,1,552.915411,356.433172,444.208698,361.034464,498.562055,358.733818,2.982772,2.304171,-1.895924,2.18475,0.543424,2.244461
4958,165.266667,1,552.460241,356.484348,444.238806,361.116496,498.349524,358.800422,2.980008,2.228429,-1.881166,2.153924,0.549421,2.191176
4959,165.3,1,552.278862,356.326339,444.103928,360.966743,498.191395,358.646541,2.976059,2.095083,-1.887617,2.199955,0.544221,2.147519
4960,165.333333,1,551.898689,356.213627,443.242521,361.069102,497.570605,358.641365,3.019354,2.399059,-1.922536,2.356347,0.548409,2.377703
4961,165.366667,1,551.851053,355.900034,442.42712,361.392807,497.139087,358.646421,3.01672,2.296915,-1.977631,2.560271,0.519545,2.428593
4962,165.4,1,551.90402,356.141583,442.808218,361.868781,497.356119,359.005182,3.062044,2.711104,-1.997375,2.839608,0.532334,2.775356
4963,165.433333,1,550.917606,356.524597,442.941618,362.473356,496.929612,359.498977,3.056265,3.042019,-2.065903,5.222206,0.495181,4.132113
4964,165.466667,1,551.947918,357.532277,443.402157,363.067476,497.675037,360.299876,3.057282,3.344139,-2.028985,7.397149,0.514148,5.370644
4965,165.5,1,549.896746,358.536276,442.814445,364.103919,496.355596,361.320097,2.999736,3.684911,-2.049432,6.524121,0.475152,5.104516
4966,165.533333,1,552.762747,364.132699,448.536119,367.863797,500.649433,365.998248,3.031341,6.262365,-1.752297,16.090049,0.639522,11.176207
4967,165.566667,1,553.478222,364.729239,446.93779,368.951873,500.208006,366.840556,3.011036,5.849739,-1.777345,20.512287,0.616846,13.181013
4968,165.6,1,552.765484,364.227794,448.323832,368.39496,500.544658,366.311377,3.020956,9.092732,-1.76785,13.778246,0.626553,11.435489
4969,165.633333,1,554.923935,364.086624,449.263706,368.132812,502.093821,366.109718,3.074229,9.52538,-1.751902,26.704373,0.661164,18.114876
4970,165.666667,1,555.683231,363.927124,450.007792,367.697833,502.845511,365.812478,3.063792,11.511648,-1.748825,23.187372,0.657484,17.34951
4971,165.7,1,555.342331,364.281996,450.285158,367.731146,502.813745,366.006571,3.047239,12.823907,-1.745877,22.253773,0.650681,17.53884
4972,165.733333,1,554.753475,365.876076,451.931095,368.360832,503.342285,367.118454,2.959684,12.804045,-1.696622,31.638942,0.631531,22.221494
4973,165.766667,1,555.436287,367.124988,452.037811,369.204655,503.737049,368.164821,2.925165,24.508284,-1.686046,10.231926,0.619559,17.370105
4974,165.8,1,556.030073,366.665971,453.345671,368.61989,504.687872,367.64293,2.903159,13.322836,-1.691561,18.185003,0.605799,15.753919
4975,165.833333,1,554.705076,366.180126,454.403,367.937461,504.554038,367.058794,2.867999,11.388215,-1.6978,16.573444,0.5851,13.980829
4976,165.866667,1,556.613073,365.933079,453.778658,368.205081,505.195866,367.06908,2.953609,12.148063,-1.712732,11.029618,0.620438,11.58884
4977,165.9,1,557.365484,365.256035,454.375515,367.870696,505.8705,366.563365,2.951706,10.902317,-1.733052,7.895766,0.609327,9.399042
4978,165.933333,1,556.52771,364.573027,451.510735,367.085828,504.019222,365.829427,2.953864,11.213501,-1.816533,5.016602,0.568665,8.115051
4979,165.966667,1,556.934576,363.702446,449.93578,367.03184,503.435178,365.367143,2.98451,10.841057,-1.885074,5.282456,0.549718,8.061757
4980,166.0,1,555.933752,363.10949,448.287783,366.755031,502.110767,364.932261,2.96704,9.272584,-1.933813,3.939892,0.516614,6.606238
4981,166.033333,1,555.817719,362.766055,447.968807,366.463909,501.893263,364.614982,2.962291,10.06275,-1.942958,4.260541,0.509666,7.161645
4982,166.066667,1,555.668964,362.362388,447.753849,366.394225,501.711407,364.378307,2.939068,10.520737,-1.954557,4.425522,0.492256,7.473129
4983,166.1,1,555.987186,362.139319,448.137836,366.107599,502.062511,364.123459,2.965531,11.280285,-1.952061,4.732205,0.506735,8.006245
4984,166.133333,1,555.793219,362.155707,447.315302,366.093791,501.55426,364.124749,2.97634,10.714752,-1.967833,4.667973,0.504254,7.691363
4985,166.166667,1,555.979214,362.336354,446.878462,366.087402,501.428838,364.211878,3.004818,9.817355,-1.970839,4.552346,0.516989,7.184851
4986,166.2,1,555.724373,362.268736,447.044945,366.204448,501.384659,364.236592,2.981042,9.590547,-1.969554,4.929981,0.505744,7.260264
4987,166.233333,1,555.793753,362.533797,447.476892,366.295402,501.635323,364.4146,2.976251,9.616347,-1.945813,5.222944,0.515219,7.419645
4988,166.266667,1,556.023703,363.012072,446.269979,366.491638,501.146841,364.751855,3.001239,8.672651,-1.959613,4.480662,0.520813,6.576657
4989,166.3,1,556.564083,362.76002,445.091543,366.649958,500.827813,364.704989,2.99992,9.404547,-2.006171,4.804589,0.496875,7.104568
4990,166.333333,1,556.416826,362.690712,444.984932,366.690384,500.700879,364.690548,3.000366,9.053301,-2.003012,4.636758,0.498677,6.84503
4991,166.366667,1,556.857071,362.927277,445.220013,366.990475,501.038542,364.958876,3.019981,9.74374,-1.980382,4.782027,0.5198,7.262884
4992,166.4,1,557.229691,362.651675,444.541445,366.942523,500.885568,364.797099,3.0274,7.817261,-2.004856,4.538318,0.511272,6.177789
4993,166.433333,1,557.229977,362.484235,444.314451,367.039163,500.772214,364.761699,3.025166,8.395116,-2.022106,4.033581,0.50153,6.214349
4994,166.466667,1,557.899399,362.354599,444.767427,366.987541,501.333413,364.67107,3.026228,7.452789,-2.011174,4.077627,0.507527,5.765208
4995,166.5,1,557.13212,362.393153,444.638748,367.088842,500.885434,364.740998,3.004905,6.473427,-2.009413,3.777434,0.497746,5.125431
4996,166.533333,1,556.799946,362.435076,444.075823,366.821104,500.437884,364.62809,3.011763,6.290478,-2.022621,3.710374,0.494571,5.000426
4997,166.566667,1,556.720047,362.364882,443.711929,366.953402,500.215988,364.659142,3.017575,6.409571,-2.026008,3.63278,0.495783,5.021175
4998,166.6,1,556.408386,362.382896,443.557091,367.003999,499.982738,364.693447,3.017963,6.495714,-2.024933,3.604249,0.496515,5.049981
4999,166.633333,1,556.348,362.274175,443.084183,367.016031,499.716091,364.645103,3.02037,6.726506,-2.031524,3.589845,0.494423,5.158175
5000,166.666667,1,556.325836,362.262159,443.772726,366.567759,500.049281,364.414959,3.037178,5.579719,-2.014165,3.494131,0.511507,4.536925
5001,166.7,1,555.835285,361.507997,443.296995,365.969954,499.56614,363.738975,2.991495,5.583661,-2.005526,3.686185,0.492985,4.634923
5002,166.733333,1,555.571728,360.964887,443.110685,365.925515,499.341207,363.445201,2.975143,5.998168,-2.011902,4.2116,0.48162,5.104884
5003,166.766667,1,555.689144,360.836586,442.947903,365.875089,499.318523,363.355838,3.006594,6.168569,-2.02697,4.052269,0.489812,5.110419
5004,166.8,1,555.182381,360.622959,442.519436,365.914593,498.850908,363.268776,3.001053,5.76752,-2.02581,3.994114,0.487622,4.880817
5005,166.833333,1,555.067329,360.634203,442.51523,365.8751,498.79128,363.254651,3.025428,5.35081,-2.016511,3.709059,0.504458,4.529935
5006,166.866667,1,554.83654,360.590376,441.598053,366.007429,498.217297,363.298903,3.04559,4.537612,-2.038713,3.861033,0.503438,4.199323
5007,166.9,1,554.582024,360.381024,441.490765,365.772473,498.036394,363.076749,3.051762,4.682139,-2.048144,3.890219,0.501809,4.286179
5008,166.933333,1,554.494295,360.370317,442.146683,365.498067,498.320489,362.934192,3.057877,4.755015,-2.022511,3.818347,0.517683,4.286681
5009,166.966667,1,554.438324,360.469859,442.269888,365.544137,498.354106,363.006998,3.058223,4.697386,-2.008548,3.609019,0.524837,4.153203
5010,167.0,1,554.563599,360.374533,442.347679,365.488411,498.455639,362.931472,3.073037,4.803679,-2.013273,3.810238,0.529882,4.306959
5011,167.033333,1,554.68154,360.26077,442.361135,365.552752,498.521338,362.906761,3.05629,4.710359,-2.02104,3.826272,0.517625,4.268316
5012,167.066667,1,554.734869,360.18342,441.931295,365.698659,498.333082,362.94104,3.061939,5.043292,-2.043673,3.827693,0.509133,4.435492
5013,167.1,1,554.732943,360.224442,441.608419,365.7976,498.170681,363.011021,3.054101,4.831931,-2.04712,3.852183,0.503491,4.342057
5014,167.133333,1,554.988022,360.184466,441.658344,365.909148,498.323183,363.046807,3.038752,4.658453,-2.051586,3.935558,0.493583,4.297005
5015,167.166667,1,555.048208,360.181199,442.511482,365.531187,498.779845,362.856193,3.02259,5.476809,-2.037185,3.88825,0.492702,4.68253
5016,167.2,1,555.14142,360.087816,442.528582,365.71523,498.835001,362.901523,3.033843,5.317615,-2.034749,3.939378,0.499547,4.628496
5017,167.233333,1,555.848675,360.13941,442.926426,365.603446,499.38755,362.871428,3.047169,5.809664,-2.035439,4.127534,0.505865,4.968599
5018,167.266667,1,555.287743,359.72473,443.152351,365.449256,499.220047,362.586993,3.036816,5.007712,-2.032013,3.839593,0.502401,4.423653
5019,167.3,1,555.474672,359.614996,443.096685,365.287203,499.285679,362.451099,3.058351,4.653132,-2.056431,3.928778,0.50096,4.290955
5020,167.333333,1,555.223122,359.398955,443.565807,365.049248,499.394464,362.224101,3.053475,4.685761,-2.037704,3.634201,0.507886,4.159981
5021,167.366667,1,555.271292,359.271947,443.339853,364.879507,499.305573,362.075727,3.051808,4.628186,-2.055839,3.645491,0.497985,4.136838
5022,167.4,1,554.720707,359.196866,443.355541,364.794717,499.038124,361.995791,3.044405,4.324238,-2.035359,3.4533,0.504523,3.888769
5023,167.433333,1,554.651995,359.010292,443.197622,364.795827,498.924809,361.903059,3.038258,4.553631,-2.044726,3.383555,0.496766,3.968593
5024,167.466667,1,554.187851,358.903808,443.103323,364.483323,498.645587,361.693566,3.019809,4.501553,-2.039726,3.282054,0.490042,3.891803
5025,167.5,1,554.029512,358.784434,443.285418,364.527719,498.657465,361.656076,3.034905,4.423998,-2.037363,3.294954,0.498771,3.859476
5026,167.533333,1,553.766985,358.786327,443.230438,364.489685,498.498712,361.638006,3.039954,4.435508,-2.00854,3.2059,0.515707,3.820704
5027,167.566667,1,553.537197,358.907354,442.88311,364.524457,498.210154,361.715906,3.027463,4.561959,-1.987469,3.215953,0.519997,3.888956
5028,167.6,1,553.165827,359.078146,442.296066,364.732339,497.730947,361.905243,3.049516,4.554885,-1.994274,3.074358,0.527621,3.814622
5029,167.633333,1,553.18429,359.067707,442.225437,364.805682,497.704864,361.936694,3.047761,4.16692,-2.002302,3.231237,0.52273,3.699078
5030,167.666667,1,552.953148,358.992187,441.780796,364.774042,497.366972,361.883115,3.047759,3.962845,-1.996777,3.305792,0.525491,3.634318
5031,167.7,1,552.892075,358.999863,441.399651,364.895171,497.145863,361.947517,3.060632,3.945921,-2.003642,3.37066,0.528495,3.65829
5032,167.733333,1,553.153887,359.040794,441.213675,364.862722,497.183781,361.951758,3.059156,3.678614,-2.023263,3.483747,0.517946,3.581181
5033,167.766667,1,553.575411,358.859155,441.154947,364.81876,497.365179,361.838957,3.065821,3.4854,-2.019748,3.554451,0.523036,3.519925
5034,167.8,1,553.516436,359.023451,441.670122,364.813353,497.593279,361.918402,3.039999,3.671865,-2.020403,3.492533,0.509798,3.582199
5035,167.833333,1,553.327198,359.179657,441.868105,364.686795,497.597651,361.933226,3.027569,3.755938,-2.01522,3.297122,0.506175,3.52653
5036,167.866667,1,553.202267,359.391224,441.331224,364.902526,497.266746,362.146875,3.02116,3.646403,-2.013627,3.171158,0.503766,3.40878
5037,167.9,1,552.874165,359.500498,441.779375,364.740354,497.32677,362.120426,3.013638,3.664224,-1.989611,2.889884,0.512014,3.277054
5038,167.933333,1,552.801428,359.430315,441.26482,364.82987,497.033124,362.130092,3.009617,3.499987,-1.987678,2.874021,0.510969,3.187004
5039,167.966667,1,552.90596,359.43915,441.539431,364.686012,497.222695,362.062581,3.018659,3.383825,-1.968843,2.879125,0.524908,3.131475
5040,168.0,1,553.208828,359.397742,441.307259,364.736556,497.258043,362.067149,3.020493,3.632557,-1.983873,2.885021,0.51831,3.258789
5041,168.033333,1,553.290958,359.35569,441.003714,364.845502,497.147336,362.100596,3.03673,3.571775,-1.995943,2.927353,0.520393,3.249564
5042,168.066667,1,553.889952,359.57678,442.45574,364.568231,498.172846,362.072505,3.012043,3.540103,-1.956275,2.81835,0.527884,3.179227
5043,168.1,1,554.441805,359.625483,442.488422,364.788864,498.465114,362.207174,2.989146,3.167645,-1.980179,2.979135,0.504484,3.07339
5044,168.133333,1,555.115108,359.914303,443.359642,364.510172,499.237375,362.212238,2.986165,3.120729,-1.966373,2.88511,0.509896,3.00292
5045,168.166667,1,555.516262,360.103394,443.786993,364.529044,499.651628,362.316219,2.980952,3.272786,-1.971544,2.948903,0.504704,3.110845
5046,168.2,1,556.490946,360.366046,444.708853,364.469182,500.599899,362.417614,2.966702,3.498285,-1.963396,3.008039,0.501653,3.253162
5047,168.233333,1,557.291059,360.575044,445.064945,364.584716,501.178002,362.57988,2.932764,3.715112,-1.987407,3.053803,0.472678,3.384458
5048,168.266667,1,557.517881,360.643462,445.647793,364.536029,501.582837,362.589745,2.92963,3.507559,-1.987809,3.109476,0.47091,3.308518
5049,168.3,1,557.380428,360.694102,445.860376,364.463528,501.620402,362.578815,2.932764,3.565232,-1.981598,3.063994,0.475583,3.314613
5050,168.333333,1,557.2153,360.67788,446.118555,364.553565,501.666927,362.615722,2.9629,3.559707,-1.975739,2.932575,0.493581,3.246141
5051,168.366667,1,557.223816,360.596148,446.666861,364.471484,501.945338,362.533816,2.971803,3.664314,-1.963681,3.063317,0.504061,3.363816
5052,168.4,1,557.334538,360.641547,446.747141,364.460723,502.040839,362.551135,2.974988,3.629941,-1.961339,2.923743,0.506825,3.276842
5053,168.433333,1,557.327337,360.790667,446.683693,364.670954,502.005515,362.730811,2.985922,3.467634,-1.962442,3.036951,0.51174,3.252293
5054,168.466667,1,557.875967,360.730129,446.961918,365.251229,502.418942,362.990679,2.971374,3.585171,-1.968991,3.13699,0.501192,3.361081
5055,168.5,1,558.261986,360.655167,446.866121,365.265927,502.564054,362.960547,2.971305,3.966093,-1.967597,3.224042,0.501854,3.595068
5056,168.533333,1,558.677559,360.870307,446.904554,365.016611,502.791057,362.943459,2.977201,4.031171,-1.963325,3.132893,0.506938,3.582032
5057,168.566667,1,558.795252,360.956154,447.438679,365.04523,503.116965,363.000692,2.976454,4.080144,-1.966877,2.908641,0.504789,3.494392
5058,168.6,1,558.693552,361.011595,447.507677,364.994069,503.100615,363.002832,2.961495,3.921323,-1.956516,2.848082,0.50249,3.384703
5059,168.633333,1,558.703575,361.062503,447.550898,364.948273,503.127236,363.005388,2.948915,3.95035,-1.947012,2.780886,0.500952,3.365618
5060,168.666667,1,558.33992,361.017287,447.55703,364.83009,502.948475,362.923688,2.943131,3.830822,-1.94598,2.781479,0.498576,3.30615
5061,168.7,1,558.229609,361.025709,447.530384,364.825691,502.879996,362.9257,2.94344,3.813074,-1.958,2.945136,0.49272,3.379105
5062,168.733333,1,558.447456,363.477607,445.857601,367.611948,502.152529,365.544778,3.021541,6.290461,-1.997745,4.057444,0.511898,5.173953
5063,168.766667,1,558.688173,363.268223,446.721125,367.229669,502.704649,365.248946,3.023473,6.72528,-1.979212,4.508228,0.522131,5.616754
5064,168.8,1,555.310917,369.072711,447.980032,372.70821,501.645474,370.890461,2.820984,42.99464,-1.773298,21.391266,0.523843,32.192953
5065,168.833333,1,552.726927,368.244928,448.079834,371.709945,500.40338,369.977437,2.814846,48.067575,-1.781235,14.594528,0.516805,31.331051
5066,168.866667,1,555.423117,365.999849,447.603769,369.887223,501.513443,367.943536,2.936299,10.946851,-1.872276,9.093285,0.532011,10.020068
5067,168.9,1,554.132786,364.396757,441.441154,368.248855,497.78697,366.322806,3.022003,5.940377,-2.013222,4.42808,0.504391,5.184228
5068,168.933333,1,554.001732,363.037173,442.307377,367.300673,498.154554,365.168923,3.040094,4.452626,-2.023916,5.380111,0.508089,4.916368
5069,168.966667,1,554.377851,362.452537,441.323481,367.337075,497.850666,364.894806,3.053211,4.075225,-2.01434,3.768146,0.519435,3.921686
5070,169.0,1,553.979177,362.064432,442.05678,367.067669,498.017979,364.56605,3.031151,3.922056,-1.958708,3.34778,0.536222,3.634918
5071,169.033333,1,553.910265,361.5896,442.585306,366.859417,498.247786,364.224509,3.020583,3.643455,-1.944575,3.034544,0.538004,3.339
5072,169.066667,1,554.312229,361.314245,442.630987,366.718955,498.471608,364.0166,3.031881,3.784117,-1.943878,3.301545,0.544001,3.542831
5073,169.1,1,554.380579,361.221746,442.598066,366.527832,498.489323,363.874789,3.029743,3.751693,-1.947881,3.218047,0.540931,3.48487
5074,169.133333,1,554.810314,361.256824,442.816229,366.427667,498.813272,363.842246,3.028324,3.909635,-1.961422,3.23612,0.533451,3.572877
5075,169.166667,1,554.909105,361.129907,442.968569,366.141797,498.938837,363.635852,3.016196,4.058302,-1.969474,3.245723,0.523361,3.652013
5076,169.2,1,555.36252,361.127214,443.605881,365.998986,499.4842,363.5631,3.018767,3.981071,-1.949713,3.287482,0.534527,3.634276
5077,169.233333,1,555.362148,361.117934,443.619738,366.048017,499.490943,363.582975,3.028147,4.008448,-1.952695,3.185948,0.537726,3.597198
5078,169.266667,1,555.115833,361.109099,443.632545,365.76396,499.374189,363.436529,3.019283,3.977478,-1.944082,3.008875,0.537601,3.493176
5079,169.3,1,555.067415,360.942137,443.831711,365.604272,499.449563,363.273204,3.026747,3.711355,-1.946745,3.064263,0.540001,3.387809
5080,169.333333,1,554.903221,360.990776,443.773642,365.513061,499.338431,363.251918,3.018036,3.860285,-1.934751,2.945947,0.541643,3.403116
5081,169.366667,1,554.873505,360.823197,443.762751,365.346453,499.318128,363.084825,3.018933,3.723722,-1.941745,3.062268,0.538594,3.392995
5082,169.4,1,554.730225,360.897092,443.356028,365.491099,499.043126,363.194095,3.01779,3.699111,-1.951021,3.051149,0.533384,3.37513
5083,169.433333,1,554.547205,360.90458,443.165693,365.600415,498.856449,363.252498,3.012241,3.622548,-1.951387,2.998396,0.530427,3.310472
5084,169.466667,1,554.318924,361.01071,442.725611,365.722107,498.522267,363.366408,3.013179,3.785326,-1.947185,3.010931,0.532997,3.398128
5085,169.5,1,554.209299,361.069021,442.693939,365.945347,498.451619,363.507184,2.999432,3.664179,-1.935285,2.998424,0.532073,3.331302
5086,169.533333,1,554.362984,360.960896,442.84996,365.73253,498.606472,363.346713,3.003541,3.707221,-1.934394,2.993723,0.534573,3.350472
5087,169.566667,1,554.050446,360.818503,442.975321,365.562311,498.512883,363.190407,3.002194,3.592178,-1.934888,2.989705,0.533653,3.290941
5088,169.6,1,554.248123,360.86248,443.188543,365.491759,498.718333,363.177119,2.990363,3.46567,-1.936367,2.987124,0.526998,3.226397
5089,169.633333,1,554.149771,360.870785,442.73818,365.606139,498.443975,363.238462,2.99192,3.530042,-1.949174,3.015289,0.521373,3.272665
5090,169.666667,1,554.262209,360.870468,442.778034,365.508024,498.520122,363.189246,2.995409,3.544484,-1.943251,2.812709,0.526079,3.178596
5091,169.7,1,554.107466,360.696505,443.160839,365.399855,498.634152,363.04818,2.98447,3.565151,-1.938246,2.8847,0.523112,3.224925
5092,169.733333,1,554.321728,360.824554,443.207073,365.399839,498.7644,363.112197,2.993371,3.420869,-1.942206,2.805754,0.525582,3.113311
5093,169.766667,1,554.471884,360.704262,443.242016,365.32043,498.85695,363.012346,2.990904,3.437629,-1.949882,2.840601,0.520511,3.139115
5094,169.8,1,554.797535,360.682633,443.430834,365.188133,499.114184,362.935383,2.996757,3.418357,-1.954568,2.904712,0.521094,3.161534
5095,169.833333,1,554.86371,360.683486,443.779926,365.170773,499.321818,362.92713,2.981159,3.412153,-1.942794,2.926842,0.519182,3.169497
5096,169.866667,1,555.199547,360.762981,443.517313,365.103337,499.35843,362.933159,2.990716,3.59526,-1.962925,3.017535,0.513896,3.306397
5097,169.9,1,555.287304,360.738675,443.644829,365.163821,499.466066,362.951248,3.000503,3.725345,-1.965634,2.994966,0.517434,3.360155
5098,169.933333,1,555.195026,360.751383,443.479185,365.199392,499.337106,362.975388,3.00302,3.758834,-1.965036,2.968932,0.518992,3.363883
5099,169.966667,1,555.23015,360.635485,443.535872,365.214032,499.383011,362.924758,3.003923,3.763001,-1.968681,2.976798,0.517621,3.369899
5100,170.0,1,555.143681,360.722748,443.365545,365.227904,499.254613,362.975326,3.004902,3.810055,-1.968629,2.945035,0.518137,3.377545
5101,170.033333,1,555.134344,360.660725,443.497906,365.253423,499.316125,362.957074,3.008616,3.730624,-1.964366,2.978919,0.522125,3.354771
5102,170.066667,1,555.074673,360.539516,443.580217,365.058061,499.327445,362.798789,2.994585,3.970597,-1.974615,3.03487,0.509985,3.502734
5103,170.1,1,555.094585,360.497711,443.835716,364.805805,499.465151,362.651758,2.995476,3.83429,-1.971515,3.10536,0.511981,3.469825
5104,170.133333,1,555.023165,360.39701,443.739271,364.827268,499.381218,362.612139,2.999349,3.899023,-1.973933,3.120201,0.512708,3.509612
5105,170.166667,1,554.982843,360.335373,443.531666,364.796358,499.257255,362.565866,3.004007,3.889297,-1.978892,3.197335,0.512557,3.543316
5106,170.2,1,554.940681,360.293037,443.607216,364.883407,499.273949,362.588222,2.9968,4.024341,-1.977049,3.163157,0.509875,3.593749
5107,170.233333,1,555.008059,360.351133,443.635035,364.851306,499.321547,362.60122,2.999604,3.954024,-1.982512,3.176294,0.508546,3.565159
5108,170.266667,1,554.964962,360.395599,443.47126,364.953997,499.218111,362.674798,2.997268,3.989941,-1.987088,3.220335,0.50509,3.605138
5109,170.3,1,555.042448,360.526711,443.447943,364.870613,499.245195,362.698662,3.004427,4.097324,-1.982821,3.215008,0.510803,3.656166
5110,170.333333,1,555.132504,360.425017,443.371563,364.954829,499.252033,362.689923,2.998208,4.097696,-1.990464,3.200238,0.503872,3.648967
5111,170.366667,1,554.90406,360.364341,443.465662,364.953021,499.184861,362.658681,2.994057,4.001567,-1.97864,3.18814,0.507708,3.594853
5112,170.4,1,554.626732,360.700888,443.575191,365.257081,499.100962,362.978985,2.99408,3.951819,-1.970545,3.120115,0.511767,3.535967
5113,170.433333,1,555.261316,363.724043,443.705645,367.562982,499.48348,365.643513,3.054363,5.937655,-1.988283,5.164406,0.53304,5.55103
5114,170.466667,1,554.06599,366.066733,443.157425,371.409302,498.611708,368.738017,3.004515,12.325287,-1.888906,7.581971,0.557804,9.953629
5115,170.5,1,554.613361,365.082545,444.362469,369.135979,499.487915,367.109262,3.006309,7.760242,-1.889196,7.030775,0.558557,7.395509
5116,170.533333,1,555.355129,363.43179,442.773018,367.219487,499.064074,365.325639,3.050825,6.083801,-1.987696,8.78588,0.531565,7.434841
5117,170.566667,1,554.766731,362.94852,443.635845,366.408285,499.201288,364.678403,3.030815,5.771888,-1.988502,5.100116,0.521156,5.436002
5118,170.6,1,553.984833,362.452778,443.633385,366.097412,498.809109,364.275095,3.018589,5.512556,-2.000029,4.036772,0.50928,4.774664
5119,170.633333,1,553.846645,362.116102,443.624763,365.921175,498.735704,364.018638,3.011801,5.527191,-2.011698,4.185793,0.500051,4.856492
5120,170.666667,1,553.800373,361.979057,443.973913,365.793196,498.887143,363.886127,3.012831,5.649344,-2.001794,4.184213,0.505518,4.916778
5121,170.7,1,553.951817,362.390251,443.768721,366.440687,498.860269,364.415469,3.029183,5.924207,-1.996819,4.166486,0.516182,5.045346
5122,170.733333,1,553.115845,366.902397,446.755857,371.959841,499.935851,369.431119,2.919747,39.820187,-1.803825,14.357496,0.557961,27.088842
5123,170.766667,1,553.755598,367.938598,445.884466,372.60974,499.820032,370.274169,2.923738,30.509633,-1.802737,12.752332,0.560501,21.630983
5124,170.8,1,553.628931,365.778723,446.086636,370.376877,499.857783,368.0778,3.001818,10.963632,-1.849825,8.402809,0.575996,9.68322
5125,170.833333,1,554.252682,364.471393,444.524441,368.934181,499.388561,366.702787,3.044703,9.045119,-1.924401,5.300664,0.560151,7.172892
5126,170.866667,1,555.042181,363.186282,443.396406,367.433662,499.219294,365.309972,3.079679,6.569824,-1.97887,4.677302,0.550405,5.623563
5127,170.9,1,555.237989,362.282753,442.975149,366.399102,499.106569,364.340927,3.051435,4.712559,-2.021809,4.590642,0.514813,4.6516
5128,170.933333,1,555.01503,361.67078,442.888432,366.098657,498.951731,363.884718,3.040711,4.707462,-2.024691,3.999122,0.50801,4.353292
5129,170.966667,1,554.921875,361.256014,442.797222,366.01951,498.859549,363.637762,3.043916,4.784174,-2.032053,3.944481,0.505931,4.364328
5130,171.0,1,555.683022,361.217755,443.624182,365.767195,499.653602,363.492475,3.037477,4.414865,-2.018167,3.753348,0.509655,4.084106
5131,171.033333,1,555.846796,361.162217,444.080381,365.728067,499.963589,363.445142,3.028386,4.217832,-2.014076,3.705286,0.507155,3.961559
5132,171.066667,1,555.842438,361.024657,444.028244,365.649462,499.935341,363.33706,3.036125,4.197286,-2.012252,3.659759,0.511937,3.928522
5133,171.1,1,556.103983,361.035295,444.146576,365.518023,500.125279,363.276659,3.010344,3.907015,-2.012449,3.609132,0.498948,3.758073
5134,171.133333,1,556.287498,361.093199,444.278755,365.448554,500.283127,363.270876,3.013316,3.958189,-2.009663,3.690858,0.501827,3.824524
5135,171.166667,1,556.148672,361.046421,444.453058,365.30063,500.300865,363.173525,3.006186,3.996532,-2.009424,3.616164,0.498381,3.806348
5136,171.2,1,556.323023,360.931526,444.472198,365.274907,500.397611,363.103217,3.011024,4.105708,-2.007183,3.7365,0.50192,3.921104
5137,171.233333,1,556.71382,361.110252,444.453983,365.357965,500.583901,363.234108,3.019953,4.168714,-2.005948,3.799856,0.507002,3.984285
5138,171.266667,1,556.691313,361.060084,444.376087,365.051807,500.5337,363.055945,3.027975,4.376859,-2.001794,3.659407,0.51309,4.018133
5139,171.3,1,556.808901,360.907123,444.717999,364.864165,500.76345,362.885644,3.034156,4.422693,-1.984294,3.491315,0.524931,3.957004
5140,171.333333,1,557.010279,361.445909,444.723301,365.14165,500.86679,363.293779,3.025218,4.406109,-1.978172,3.333374,0.523523,3.869742
5141,171.366667,1,556.09045,363.690864,447.073526,368.042153,501.581988,365.866509,3.026222,10.51368,-1.917964,4.640613,0.554129,7.577146
5142,171.4,1,555.145903,371.007872,445.21656,376.028624,500.181231,373.518248,2.821005,-4.578712,-1.774158,20.767832,0.523423,8.09456
5143,171.433333,1,554.46146,371.08719,445.924711,375.906776,500.193086,373.496983,2.789399,-29.964162,-1.769102,18.060204,0.510149,-5.951979
5144,171.466667,1,553.994484,367.430159,445.348997,373.161095,499.671741,370.295627,2.854156,34.016457,-1.811831,11.412042,0.521163,22.714249
5145,171.5,1,556.914406,365.109919,449.058828,369.514815,502.986617,367.312367,3.020295,18.511063,-1.832595,5.439954,0.59385,11.975508
5146,171.533333,1,555.710688,362.80264,443.687687,367.279928,499.699187,365.041284,3.019288,6.707531,-1.979719,4.200951,0.519784,5.454241
5147,171.566667,1,556.066847,361.975662,444.531956,365.910784,500.299401,363.943223,2.9672,3.773252,-1.927844,3.058357,0.519678,3.415804
5148,171.6,1,556.469278,361.949644,444.827032,365.375597,500.648155,363.662621,2.99221,3.750459,-1.900957,2.597662,0.545626,3.17406
5149,171.633333,1,556.363583,361.663452,445.167599,364.927883,500.765591,363.295668,2.987652,3.720481,-1.899368,2.553141,0.544142,3.136811
5150,171.666667,1,556.181908,361.659472,445.55768,364.475255,500.869794,363.067364,2.973102,3.419908,-1.886264,2.493095,0.543419,2.956502
5151,171.7,1,556.221857,361.699582,445.523939,364.533636,500.872898,363.116609,2.97563,3.511848,-1.891564,2.472384,0.542033,2.992116
5152,171.733333,1,556.220083,361.771637,445.409584,364.676571,500.814834,363.224104,2.97019,3.438645,-1.89487,2.497263,0.53766,2.967954
5153,171.766667,1,556.294823,361.723405,445.449057,364.581181,500.87194,363.152293,2.971514,3.318811,-1.899844,2.50869,0.535835,2.913751
5154,171.8,1,556.33872,361.688483,445.575581,364.674264,500.95715,363.181373,2.965796,3.343739,-1.900243,2.494076,0.532777,2.918908
5155,171.833333,1,556.262884,361.630665,445.564671,364.688072,500.913777,363.159369,2.970477,3.297429,-1.898685,2.481373,0.535896,2.889401
5156,171.866667,1,556.323118,361.557822,445.498409,364.736609,500.910764,363.147216,2.973994,3.354674,-1.906484,2.605123,0.533755,2.979898
5157,171.9,1,556.423635,361.597379,445.540218,364.720146,500.981927,363.158762,2.964366,3.393231,-1.896974,2.5822,0.533696,2.987716
5158,171.933333,1,556.470718,361.557033,445.702238,364.545577,501.086478,363.051305,2.969218,3.355961,-1.901241,2.571583,0.533989,2.963772
5159,171.966667,1,556.440115,361.505213,445.789442,364.539,501.114779,363.022107,2.977471,3.501412,-1.893499,2.578132,0.541986,3.039772
5160,172.0,1,556.634617,361.461729,445.779009,364.453513,501.206813,362.957621,2.985984,3.360306,-1.894114,2.551131,0.545935,2.955719
5161,172.033333,1,556.597071,361.466036,445.938282,364.366196,501.267676,362.916116,2.977464,3.285411,-1.889246,2.552106,0.544109,2.918758
5162,172.066667,1,556.623974,361.495707,445.627604,364.568532,501.125789,363.032119,2.987975,3.402643,-1.894189,2.536934,0.546893,2.969789
5163,172.1,1,556.571846,361.550129,445.718775,364.442409,501.14531,362.996269,2.98079,3.470665,-1.892942,2.52646,0.543924,2.998562
5164,172.133333,1,556.719828,361.530372,445.936861,364.340737,501.328344,362.935554,2.970084,3.349352,-1.893211,2.513442,0.538436,2.931397
5165,172.166667,1,556.678591,361.50753,445.58567,364.531893,501.132131,363.019711,2.98629,3.418362,-1.897424,2.533631,0.544433,2.975997
5166,172.2,1,556.343107,361.592771,445.121136,364.787679,500.732121,363.190225,2.979392,3.438776,-1.900226,2.519367,0.539583,2.979071
5167,172.233333,1,556.47562,361.62698,444.917316,364.795194,500.696468,363.211087,2.965409,3.374114,-1.89857,2.574746,0.53342,2.97443
5168,172.266667,1,556.223125,361.360588,444.87484,364.359823,500.548983,362.860206,2.973921,3.174161,-1.901498,2.502768,0.536212,2.838465
5169,172.3,1,555.982323,361.053057,445.044022,364.15597,500.513172,362.604513,2.989267,3.15322,-1.887941,2.447832,0.550663,2.800526
5170,172.333333,1,555.733881,361.063362,444.823732,364.377376,500.278807,362.720369,2.993405,3.137542,-1.893148,2.400355,0.550128,2.768948
5171,172.366667,1,556.110172,361.463392,444.855366,364.694762,500.482769,363.079077,2.996419,3.187659,-1.894738,2.357409,0.550841,2.772534
5172,172.4,1,557.746677,361.501238,449.626837,364.91253,503.686757,363.206884,3.012985,3.604247,-1.793495,2.909726,0.609745,3.256987
5173,172.433333,1,560.63817,363.215239,450.169916,366.47489,505.404043,364.845065,3.061522,3.7669,-1.80689,2.744012,0.627316,3.255456
5174,172.466667,1,562.647343,364.674522,454.808426,366.752483,508.727884,365.713502,3.085968,5.821437,-1.741542,2.549703,0.672213,4.18557
5175,172.5,1,565.126247,365.895442,453.91572,367.389293,509.520984,366.642367,3.133725,7.184922,-1.754355,2.138538,0.689685,4.66173
5176,172.533333,1,565.794868,366.26402,454.691296,367.56951,510.243082,366.916765,3.123533,6.615712,-1.74613,2.237491,0.688701,4.426602
5177,172.566667,1,565.80883,365.770569,454.632282,367.651125,510.220556,366.710847,3.131596,5.728145,-1.736104,2.097231,0.697746,3.912688
5178,172.6,1,565.40535,366.482572,455.979424,367.316551,510.692387,366.899562,3.121515,5.714442,-1.708002,2.226892,0.706757,3.970667
5179,172.633333,1,566.064005,366.03747,456.370649,367.430373,511.217327,366.733922,3.139477,5.398289,-1.687451,2.219431,0.726013,3.80886
5180,172.666667,1,566.399069,366.242718,455.637121,367.549544,511.018095,366.896131,3.1299,5.759235,-1.70748,2.499737,0.71121,4.129486
5181,172.7,1,567.00819,366.549166,455.176373,367.804354,511.092281,367.17676,3.107932,6.712525,-1.712588,2.322453,0.697672,4.517489
5182,172.733333,1,566.492558,366.759821,455.180807,367.555375,510.836682,367.157598,3.119621,4.961563,-1.727146,2.366116,0.696237,3.663839
5183,172.766667,1,566.554832,366.865034,455.441809,367.76485,510.998321,367.314942,3.12106,5.28654,-1.718918,2.195961,0.701071,3.741251
5184,172.8,1,566.238146,366.82236,455.133057,367.828134,510.685601,367.325247,3.106924,5.308373,-1.735424,2.234489,0.68575,3.771431
5185,172.833333,1,565.364218,366.840566,454.824619,367.931802,510.094419,367.386184,3.060978,6.280265,-1.752663,2.199391,0.654157,4.239828
5186,172.866667,1,566.722708,366.884855,454.528141,368.079822,510.625424,367.482339,3.136187,5.942007,-1.734038,2.193869,0.701074,4.067938
5187,172.9,1,561.18268,367.166755,446.529799,371.618632,503.856239,369.392694,3.083871,14.100813,-1.938868,4.696695,0.572502,9.398754
5188,172.933333,1,561.164579,367.133206,447.461367,371.865975,504.312973,369.49959,3.074538,13.064441,-1.927342,5.152975,0.573598,9.108708
5189,172.966667,1,555.100031,368.199969,445.884199,375.678756,500.492115,371.939363,2.869468,35.069102,-1.839971,9.848077,0.514748,22.458589
5190,173.0,1,554.244318,368.161565,445.257692,374.61628,499.751005,371.388922,2.850597,66.307328,-1.826173,13.79438,0.512212,40.050854
5191,173.033333,1,555.963192,366.430215,444.177847,371.895039,500.070519,369.162627,2.988928,19.870151,-1.932157,8.169426,0.528385,14.019789
5192,173.066667,1,556.479149,364.274358,443.148613,369.36518,499.813881,366.819769,3.054344,6.784867,-2.033602,5.07401,0.510371,5.929439
5193,173.1,1,556.850796,363.028107,442.985497,367.678794,499.918146,365.35345,3.08314,6.984355,-2.018466,3.913617,0.532337,5.448986
5194,173.133333,1,556.297054,362.719009,443.736,367.02006,500.016527,364.869534,3.038267,4.126299,-1.972424,3.095322,0.532922,3.610811
5195,173.166667,1,556.568747,362.737811,443.43317,366.979875,500.000958,364.858843,3.037604,3.600153,-1.954137,3.01795,0.541734,3.309051
5196,173.2,1,556.418886,362.17289,444.705563,366.156351,500.562224,364.16462,3.026066,3.015619,-1.923891,3.017188,0.551088,3.016403
5197,173.233333,1,556.398067,361.911374,445.040989,366.199561,500.719528,364.055468,3.018475,2.885376,-1.912419,3.087518,0.553028,2.986447
5198,173.266667,1,556.239824,361.835543,444.553795,366.086233,500.39681,363.960888,3.017763,2.957011,-1.910928,2.922139,0.553418,2.939575
5199,173.3,1,556.035404,361.717284,444.1185,365.995424,500.076952,363.856354,3.013403,2.980723,-1.924507,2.903923,0.544448,2.942323
5200,173.333333,1,555.717926,361.672679,443.735285,365.677105,499.726605,363.674892,3.008767,3.174071,-1.926705,2.696108,0.541031,2.935089
5201,173.366667,1,555.336618,361.48604,443.634338,365.527625,499.485478,363.506833,3.002222,3.123706,-1.917696,2.527211,0.542263,2.825459
5202,173.4,1,555.492735,361.425841,443.502197,365.419296,499.497466,363.422568,3.0054,3.209933,-1.912309,2.503954,0.546545,2.856943
5203,173.433333,1,555.644455,361.423003,443.363428,365.362508,499.503942,363.392756,3.01963,3.10352,-1.933234,2.537619,0.543198,2.82057
5204,173.466667,1,555.698738,361.395634,443.495321,365.272965,499.59703,363.3343,3.015617,3.093715,-1.930312,2.54801,0.542652,2.820863
5205,173.5,1,555.751715,361.433823,443.515148,365.201705,499.633431,363.317764,3.007821,3.185671,-1.928174,2.552428,0.539824,2.869049
5206,173.533333,1,555.75469,361.273985,443.415728,365.378698,499.585209,363.326342,3.0104,3.072106,-1.928988,2.589108,0.540706,2.830607
5207,173.566667,1,555.764694,361.340289,443.646221,365.223404,499.705458,363.281846,3.000997,3.10576,-1.923909,2.591879,0.538544,2.84882
5208,173.6,1,555.614004,361.201292,443.694506,365.192301,499.654255,363.196796,2.999222,3.090256,-1.922171,2.54266,0.538526,2.816458
5209,173.633333,1,555.67605,361.256218,443.724613,365.20929,499.700332,363.232754,3.00014,3.115669,-1.918879,2.575377,0.54063,2.845523
5210,173.666667,1,555.434008,361.083564,443.622332,365.081901,499.52817,363.082733,2.992492,2.974673,-1.930119,2.547052,0.531186,2.760863
5211,173.7,1,555.294762,361.057359,443.709965,365.09911,499.502363,363.078234,2.995807,3.010064,-1.92472,2.526944,0.535544,2.768504
5212,173.733333,1,555.411253,361.064429,443.705091,365.126018,499.558172,363.095224,2.994324,2.986878,-1.922738,2.529427,0.535793,2.758153
5213,173.766667,1,555.488958,361.067626,443.700857,365.176304,499.594908,363.121965,2.997783,3.032408,-1.923942,2.541659,0.536921,2.787034
5214,173.8,1,555.31764,361.198829,442.908554,365.274194,499.113097,363.236512,3.015802,3.489456,-1.951285,2.627032,0.532258,3.058244
5215,173.833333,1,554.94771,361.199725,442.801666,365.279939,498.874688,363.239832,3.000061,3.517311,-1.943563,2.652352,0.528249,3.084832
5216,173.866667,1,550.377779,360.243834,438.351707,365.411743,494.364743,362.827789,2.871602,3.476564,-2.048737,2.639477,0.411432,3.05802
5217,173.9,1,547.901154,359.512128,435.491409,366.203016,491.696281,362.857572,2.694092,2.218348,-2.11512,2.513514,0.289486,2.365931
5218,173.933333,1,547.838221,358.80646,434.936333,365.50355,491.387277,362.155005,2.680039,1.987532,-2.082971,2.504921,0.298534,2.246227
5219,173.966667,1,547.46172,358.594453,435.033035,365.279397,491.247377,361.936925,2.668815,2.051589,-2.089506,2.449001,0.289655,2.250295
5220,174.0,1,547.386932,358.628093,434.912853,365.322146,491.149893,361.97512,2.696659,2.063918,-2.08333,2.462153,0.306665,2.263036
5221,174.033333,1,547.363834,358.679758,434.93927,365.172511,491.151552,361.926135,2.699462,2.059065,-2.073385,2.471408,0.313038,2.265236
5222,174.066667,1,547.435818,358.547863,435.004377,365.047896,491.220098,361.797879,2.705368,2.119479,-2.075154,2.488457,0.315107,2.303968
5223,174.1,1,547.351637,358.60891,434.9259,365.030853,491.138768,361.819881,2.698834,2.074989,-2.068067,2.449065,0.315384,2.262027
5224,174.133333,1,547.168779,358.501321,434.856806,365.180231,491.012793,361.840776,2.693831,2.051023,-2.062908,2.508167,0.315461,2.279595
5225,174.166667,1,547.381296,358.621044,434.831247,365.133533,491.106272,361.877289,2.685651,2.051574,-2.074539,2.477018,0.305556,2.264296
5226,174.2,1,547.190933,358.566992,434.830523,365.195192,491.010728,361.881092,2.693735,2.074688,-2.068501,2.550784,0.312617,2.312736
5227,174.233333,1,547.032871,358.639723,434.821415,365.644366,490.927143,362.142044,2.680328,2.024624,-2.093268,2.625529,0.29353,2.325076
5228,174.266667,1,550.49243,364.196498,439.887753,367.615494,495.190091,365.905996,2.942729,9.020038,-2.022186,5.346699,0.460272,7.183369
5229,174.3,1,551.367884,367.308644,443.436699,371.743956,497.402291,369.5263,2.934351,14.527341,-1.882849,10.20239,0.525751,12.364866
5230,174.333333,1,553.539352,365.785713,442.979212,368.944577,498.259282,367.365145,2.973757,12.48759,-1.971256,7.380314,0.50125,9.933952
5231,174.366667,1,555.9624,363.69411,443.32202,366.794674,499.64221,365.244392,3.024059,4.431865,-2.004231,3.490375,0.509914,3.96112
5232,174.4,1,554.658909,362.964211,443.340626,366.467648,498.999767,364.71593,2.979077,3.840895,-1.945015,2.783279,0.517031,3.312087
5233,174.433333,1,555.376596,362.747998,443.980942,366.085643,499.678769,364.41682,2.982447,3.390301,-1.93556,2.657401,0.523444,3.023851
5234,174.466667,1,555.082388,362.421112,443.431711,366.150203,499.25705,364.285658,2.975301,3.643411,-1.926068,2.464123,0.524617,3.053767
5235,174.5,1,555.280304,362.397326,443.278713,365.996518,499.279509,364.196922,2.96199,3.534473,-1.936985,2.440744,0.512503,2.987609
5236,174.533333,1,554.940596,362.210065,443.269424,365.743618,499.10501,363.976842,2.958625,3.393055,-1.936705,2.467639,0.51096,2.930347
5237,174.566667,1,554.602299,362.190185,442.580805,365.913246,498.591552,364.051715,2.964332,3.392561,-1.929887,2.464079,0.517222,2.92832
5238,174.6,1,553.988342,362.19152,442.902479,365.755903,498.445411,363.973711,2.970381,3.384381,-1.905079,2.284902,0.532651,2.834641
5239,174.633333,1,553.796806,362.392804,443.20507,365.921271,498.500938,364.157038,2.95899,3.232821,-1.899896,2.187078,0.529547,2.709949
5240,174.666667,1,554.201603,362.353837,443.507118,365.883029,498.854361,364.118433,2.969877,3.259981,-1.893352,2.292469,0.538262,2.776225
5241,174.7,1,554.463625,362.420876,443.455572,365.960147,498.959599,364.190512,2.979545,3.245578,-1.888524,2.295311,0.545511,2.770444
5242,174.733333,1,554.566736,362.216336,443.301506,365.871205,498.934121,364.043771,2.981358,3.157914,-1.891703,2.37137,0.544827,2.764642
5243,174.766667,1,554.625673,362.139335,443.390751,365.887851,499.008212,364.013593,2.993249,3.238243,-1.881817,2.305397,0.555716,2.77182
5244,174.8,1,554.646273,362.138021,443.342257,365.844753,498.994265,363.991387,2.988372,3.163574,-1.890036,2.35175,0.549168,2.757662
5245,174.833333,1,554.69698,362.15001,443.374281,365.645438,499.03563,363.897724,2.995752,3.174005,-1.886199,2.307245,0.554777,2.740625
5246,174.866667,1,554.746704,362.174306,443.454065,365.466299,499.100385,363.820302,2.995653,3.09197,-1.888436,2.303161,0.553608,2.697566
5247,174.9,1,554.887772,362.077049,443.781652,365.281296,499.334712,363.679173,2.992456,3.173946,-1.879921,2.337016,0.556267,2.755481
5248,174.933333,1,554.908142,362.090916,443.832035,365.11596,499.370089,363.603438,2.997011,3.244194,-1.869377,2.279737,0.563817,2.761966
5249,174.966667,1,555.08708,362.114471,443.959389,365.162571,499.523234,363.638521,3.002482,3.22854,-1.868383,2.256076,0.567049,2.742308
5250,175.0,1,554.982252,362.181848,443.917599,365.026009,499.449925,363.603929,2.997497,3.094653,-1.867151,2.215484,0.565173,2.655068
5251,175.033333,1,555.284529,362.44353,443.939896,365.443119,499.612212,363.943325,2.974916,2.856906,-1.892296,2.260804,0.54131,2.558855
5252,175.066667,1,555.045595,362.467493,444.01206,365.27119,499.528828,363.869341,2.971195,2.868929,-1.894232,2.177294,0.538481,2.523111
5253,175.1,1,555.089817,362.431744,444.029722,365.361779,499.55977,363.896762,2.983451,2.860626,-1.892496,2.214674,0.545478,2.53765
5254,175.133333,1,554.986544,362.349996,444.004974,365.382528,499.495759,363.866262,2.976649,2.877233,-1.896056,2.296061,0.540296,2.586647
5255,175.166667,1,554.987211,362.400974,443.939104,365.362052,499.463158,363.881513,2.969881,2.907432,-1.892268,2.254872,0.538807,2.581152
5256,175.2,1,554.75256,362.652404,443.733959,365.285373,499.243259,363.968889,2.985351,2.964834,-1.880233,2.240173,0.552559,2.602503
5257,175.233333,1,554.188013,362.548581,443.353109,365.373597,498.770561,363.961089,2.967874,2.891476,-1.880718,2.250026,0.543578,2.570751
5258,175.266667,1,553.531542,362.599098,442.804108,365.67372,498.167825,364.136409,2.987306,2.789188,-1.861847,2.099201,0.56273,2.444195
5259,175.3,1,553.211746,362.714669,442.808905,365.734627,498.010325,364.224648,2.970692,2.727931,-1.844399,2.035725,0.563146,2.381828
5260,175.333333,1,553.436766,362.766731,442.774611,366.158862,498.105688,364.462796,2.967252,2.823824,-1.868776,2.183887,0.549238,2.503856
5261,175.366667,1,553.964472,362.658643,442.764025,366.298803,498.364248,364.478723,2.953412,2.808142,-1.888604,2.193956,0.532404,2.501049
5262,175.4,1,554.394073,362.729207,442.566757,366.30222,498.480415,364.515713,2.949348,2.966502,-1.90508,2.312381,0.522134,2.639441
5263,175.433333,1,554.705086,362.653847,442.768431,366.149747,498.736758,364.401797,2.952932,2.913017,-1.903704,2.35231,0.524614,2.632663
5264,175.466667,1,555.040665,362.822483,443.507013,366.026613,499.273839,364.424548,2.962594,2.903748,-1.896065,2.308787,0.533265,2.606267
5265,175.5,1,555.720196,362.830862,443.623877,365.932097,499.672036,364.38148,2.969946,3.018404,-1.912275,2.415822,0.528835,2.717113
5266,175.533333,1,556.340475,362.679693,444.264765,365.449959,500.30262,364.064826,2.978143,3.045482,-1.921223,2.404482,0.52846,2.724982
5267,175.566667,1,556.822224,362.812441,444.72146,365.315596,500.771842,364.064019,2.992473,3.126695,-1.893508,2.360997,0.549482,2.743846
5268,175.6,1,556.579533,362.570656,444.830065,365.014341,500.704799,363.792499,2.974215,3.00446,-1.906027,2.249964,0.534094,2.627212
5269,175.633333,1,556.504898,362.195694,445.077906,364.599468,500.791402,363.397581,2.994439,3.049912,-1.875837,2.107194,0.559301,2.578553
5270,175.666667,1,556.482267,362.165857,444.896832,364.616897,500.689549,363.391377,3.008203,3.222307,-1.875245,2.168378,0.566479,2.695342
5271,175.7,1,556.462069,361.978365,444.986486,364.316146,500.724277,363.147256,3.014973,3.430862,-1.870907,2.243034,0.572033,2.836948
