frame,time_sec,face_detected,left_iris_center_x_px,left_iris_center_y_px,right_iris_center_x_px,right_iris_center_y_px,iris_center_x_px,iris_center_y_px,left_iris_x_norm,left_iris_y_norm,right_iris_x_norm,right_iris_y_norm,iris_x_norm,iris_y_norm
1,0.033333,0,,,,,,,,,,,,
2,0.066667,0,,,,,,,,,,,,
3,0.1,0,,,,,,,,,,,,
4,0.133333,0,,,,,,,,,,,,
5,0.166667,0,,,,,,,,,,,,
6,0.2,1,383.728924,370.476032,310.846429,401.098598,347.287676,385.787315,4.903754,0.365509,-1.600507,4.521629,1.651623,2.443569
7,0.233333,0,,,,,,,,,,,,
8,0.266667,0,,,,,,,,,,,,
9,0.3,0,,,,,,,,,,,,
10,0.333333,0,,,,,,,,,,,,
11,0.366667,0,,,,,,,,,,,,
12,0.4,0,,,,,,,,,,,,
13,0.433333,1,411.566153,351.080502,320.747013,388.964102,366.156583,370.022302,4.655416,-2.374195,-1.570001,3.89105,1.542708,0.758428
14,0.466667,1,414.107447,351.651694,331.580935,385.434648,372.844191,368.543171,3.910347,-2.264877,-1.664042,3.48743,1.123152,0.611277
15,0.5,1,419.831285,353.267328,331.700726,387.316486,375.766006,370.291907,4.201674,-3.559946,-1.635474,4.034108,1.2831,0.237081
16,0.533333,1,424.180622,354.889491,331.874113,390.133781,378.027368,372.511636,4.681765,-2.294172,-1.704621,3.575405,1.488572,0.640617
17,0.566667,1,427.484703,358.203955,336.429329,390.530233,381.957016,374.367094,4.16232,-1.278223,-1.572987,3.003193,1.294666,0.862485
18,0.6,1,428.395996,365.640487,338.619118,395.566714,383.507557,380.6036,3.816989,-0.869631,-1.576807,2.445192,1.120091,0.78778
19,0.633333,1,427.351456,373.164893,335.478058,404.032001,381.414757,388.598447,3.695401,-0.294123,-1.588801,1.486757,1.0533,0.596317
20,0.666667,1,423.235397,380.145192,332.927046,407.046311,378.081222,393.595752,3.611945,1.36299,-1.544829,1.248924,1.033558,1.305957
21,0.7,1,415.784454,386.712989,321.131935,416.383231,368.458195,401.54811,3.574413,1.639015,-1.59116,0.800463,0.991627,1.219739
22,0.733333,1,409.244833,391.892731,324.240608,430.585045,366.742721,411.238888,3.598379,1.356546,-1.362838,2.457024,1.117771,1.906785
23,0.766667,1,399.973469,400.330156,319.655442,435.508947,359.814456,417.919552,3.515943,1.03261,-1.351946,2.45621,1.081998,1.74441
24,0.8,1,392.797623,405.847739,314.619088,441.53012,353.708355,423.68893,3.551967,-0.685288,-1.336064,2.687997,1.107952,1.001355
25,0.833333,1,384.495802,410.805974,309.361358,447.588372,346.92858,429.197173,3.750575,0.363405,-1.283721,3.585684,1.233427,1.974545
26,0.866667,1,376.076851,416.997381,302.708592,452.744383,339.392722,434.870882,3.269651,1.720874,-1.273676,4.92653,0.997988,3.323702
27,0.9,1,368.946457,421.876212,297.296472,457.471497,333.121464,439.673855,3.51437,1.974696,-1.258696,5.109354,1.127837,3.542025
28,0.933333,1,363.063116,427.486353,290.896244,458.5114,326.97968,442.998877,3.490796,2.813255,-1.247046,3.271148,1.121875,3.042201
29,0.966667,1,358.753357,432.78716,286.306181,464.29155,322.529769,448.539355,3.35863,1.740551,-1.240793,3.902706,1.058918,2.821628
30,1.0,1,353.919649,438.028003,282.382655,467.76648,318.151152,452.897242,3.378905,2.15842,-1.199657,6.033217,1.089624,4.095818
31,1.033333,1,351.39595,442.139829,276.14295,471.810511,313.76945,456.97517,3.269981,2.439581,-1.250367,3.872473,1.009807,3.156027
32,1.066667,1,350.311327,445.239905,267.931643,478.760426,309.121485,462.000166,3.194111,2.551853,-1.374225,4.352041,0.909943,3.451947
33,1.1,1,350.108767,447.480859,271.651568,476.962434,310.880167,462.221646,3.221463,2.947343,-1.264487,5.372248,0.978488,4.159795
34,1.133333,1,349.930658,448.832306,267.094493,481.671803,308.512576,465.252054,3.262061,2.37359,-1.338135,5.014564,0.961963,3.694077
35,1.166667,1,350.112772,450.078578,269.63728,479.209449,309.875026,464.644014,3.43882,3.162767,-1.279269,4.625593,1.079775,3.89418
36,1.2,1,349.282894,451.404083,269.850798,477.167398,309.566846,464.28574,3.330779,2.524799,-1.213677,3.76349,1.058551,3.144144
37,1.233333,1,349.022474,452.380643,268.142724,475.720507,308.582599,464.050575,3.305154,3.461502,-1.208486,4.073207,1.048334,3.767354
38,1.266667,1,348.215322,454.212527,269.106684,475.083375,308.661003,464.647951,3.754998,3.574558,-1.130236,5.07738,1.312381,4.325969
39,1.3,1,346.158237,456.229452,265.067945,475.956616,305.613091,466.093034,3.40507,2.654121,-1.155347,4.143404,1.124862,3.398763
40,1.333333,1,344.559584,458.152778,265.355058,477.686405,304.957321,467.919592,3.544851,4.116883,-1.158466,5.788903,1.193193,4.952893
41,1.366667,1,343.87373,460.976887,264.59002,478.751746,304.231875,469.864317,3.811211,3.352626,-1.173251,7.124595,1.31898,5.23861
42,1.4,1,343.294716,463.793582,266.199737,480.299402,304.747226,472.046492,4.025329,3.734053,-1.141707,7.349275,1.441811,5.541664
43,1.433333,1,343.512735,466.424142,265.009532,479.991195,304.261134,473.207669,4.422529,5.138664,-1.085477,5.546934,1.668526,5.342799
44,1.466667,1,341.218376,468.180978,264.028172,480.056566,302.623274,474.118772,4.482975,4.180782,-1.070287,4.847716,1.706344,4.514249
45,1.5,1,341.301908,471.989243,268.963308,482.068738,305.132608,477.02899,4.49444,5.126408,-1.023619,4.085724,1.73541,4.606066
46,1.533333,1,340.866776,472.567463,270.300031,480.116326,305.583403,476.341894,6.94592,6.104875,-0.963947,4.517262,2.990987,5.311069
47,1.566667,1,342.221804,474.314407,271.286173,483.631779,306.753988,478.973093,6.239971,5.604128,-1.056993,3.136376,2.591489,4.370252
48,1.6,1,343.013058,476.84211,272.970352,487.726504,307.991705,482.284307,6.096338,5.876412,-1.022751,2.943431,2.536794,4.409921
49,1.633333,1,344.599733,479.64165,273.218069,489.148235,308.908901,484.394943,6.787869,5.632021,-1.061741,5.366858,2.863064,5.499439
50,1.666667,1,343.682766,483.339547,271.777649,490.469588,307.730207,486.904567,7.482497,6.025382,-1.108918,6.05838,3.18679,6.041881
51,1.7,1,345.356684,482.788535,272.105012,491.836635,308.730848,487.312585,6.661699,5.718024,-1.070874,7.251055,2.795413,6.48454
52,1.733333,1,346.227484,482.390978,272.412863,492.044163,309.320173,487.217571,6.430713,5.676059,-1.014242,7.810257,2.708236,6.743158
53,1.766667,1,344.741268,483.402911,272.166939,492.533838,308.454103,487.968374,6.29775,6.085487,-1.030047,6.620081,2.633851,6.352784
54,1.8,1,343.263483,482.905394,272.693272,492.86303,307.978377,487.884212,6.364443,5.702399,-1.063328,5.473218,2.650557,5.587809
55,1.833333,1,342.011137,480.247453,271.340094,491.67051,306.675615,485.958982,7.280499,5.743624,-1.079057,5.170899,3.100721,5.457261
56,1.866667,1,342.045736,478.493943,270.190787,490.596564,306.118262,484.545254,6.488058,5.497205,-1.046523,4.006605,2.720767,4.751905
57,1.9,1,340.118284,479.164281,272.699242,486.215454,306.408763,482.689868,6.090032,4.51762,-0.976432,3.266536,2.5568,3.892078
58,1.933333,1,338.900681,478.68526,271.237087,490.178483,305.068884,484.431871,7.610444,5.615864,-1.074189,3.782594,3.268128,4.699229
59,1.966667,1,339.643641,478.734205,269.298534,491.360446,304.471087,485.047325,6.606121,4.969809,-1.110795,3.305109,2.747663,4.137459
60,2.0,1,339.596252,478.74635,268.319564,490.445362,303.957908,484.595856,7.093353,4.548535,-1.097087,4.245018,2.998133,4.396777
61,2.033333,1,338.686447,480.146002,268.664451,492.553504,303.675449,486.349753,6.856416,5.094416,-1.109604,3.814762,2.873406,4.454589
62,2.066667,1,339.495258,480.570059,270.586262,492.73701,305.04076,486.653534,6.24039,5.250148,-0.981382,5.008114,2.629504,5.129131
63,2.1,1,340.164242,480.608082,270.078063,490.861062,305.121152,485.734572,7.861119,5.280093,-1.091409,2.742933,3.384855,4.011513
64,2.133333,1,340.441065,481.364572,269.874268,492.721603,305.157666,487.043087,9.061071,6.058782,-1.060376,4.691679,4.000347,5.375231
65,2.166667,1,342.802668,479.288049,269.848375,489.081974,306.325521,484.185011,6.937858,5.97852,-1.034553,4.286106,2.951652,5.132313
66,2.2,1,344.917164,476.323049,271.943159,486.298667,308.430161,481.310858,5.489799,5.275262,-1.031323,4.444525,2.229238,4.859894
67,2.233333,1,348.369474,471.008939,269.547138,484.061726,308.958306,477.535332,4.995697,7.981255,-1.1109,8.133201,1.942399,8.057228
68,2.266667,1,357.823992,464.568182,266.312027,478.606178,312.068009,471.58718,3.804993,4.789599,-1.285859,8.445306,1.259567,6.617453
69,2.3,1,371.345577,450.728434,289.079981,467.02132,330.212779,458.874877,3.24931,4.209808,-1.180043,6.188501,1.034634,5.199154
70,2.333333,1,388.678045,434.677645,295.781174,453.88519,342.229609,444.281418,3.183855,5.451092,-1.368443,9.35993,0.907706,7.405511
71,2.366667,1,409.346266,417.758968,309.000702,440.21646,359.173484,428.987714,3.373955,6.927846,-1.36598,4.670978,1.003988,5.799412
72,2.4,1,430.413017,403.384516,330.856924,425.462143,380.634971,414.42333,3.494917,4.113142,-1.381312,3.760996,1.056802,3.937069
73,2.433333,1,448.617325,391.722347,347.435341,412.565836,398.026333,402.144091,3.081509,3.950448,-1.457973,2.896402,0.811768,3.423425
74,2.466667,1,462.504091,382.154574,358.986998,402.380265,410.745544,392.26742,2.980728,4.110047,-1.507114,2.82379,0.736807,3.466918
75,2.5,1,474.763451,375.216022,371.254511,392.954274,423.008981,384.085148,2.877932,3.963638,-1.607202,3.077137,0.635365,3.520388
76,2.533333,1,484.881697,369.355406,382.629442,384.944555,433.755569,377.14998,2.929379,4.854597,-1.592414,2.492774,0.668482,3.673686
77,2.566667,1,494.757137,366.172176,391.765184,380.078448,443.261161,373.125312,2.980875,3.891458,-1.645268,3.215306,0.667803,3.553382
78,2.6,1,503.926268,363.742712,399.947338,375.176754,451.936803,369.459733,2.957798,3.285728,-1.686988,3.292627,0.635405,3.289177
79,2.633333,1,510.612183,361.923605,408.42927,371.0788,459.520726,366.501203,2.930789,2.766323,-1.666943,3.470613,0.631923,3.118468
80,2.666667,1,515.441532,359.870508,415.847855,366.953509,465.644693,363.412009,2.947596,3.111034,-1.647394,3.652446,0.650101,3.38174
81,2.7,1,522.441931,357.86111,424.514694,361.526166,473.478312,359.693638,2.927855,2.483546,-1.579974,3.031024,0.673941,2.757285
82,2.733333,1,526.215525,355.002396,428.107023,357.382309,477.161274,356.192352,2.953639,2.076794,-1.6201,2.626318,0.666769,2.351556
83,2.766667,1,531.222725,354.834822,433.754435,355.053272,482.48858,354.944047,2.892177,1.837931,-1.624168,2.868385,0.634005,2.353158
84,2.8,1,533.858204,356.125233,434.136543,355.36687,483.997374,355.746051,2.962046,2.282158,-1.694307,2.954029,0.633869,2.618094
85,2.833333,1,534.832001,357.442347,434.957905,356.45862,484.894953,356.950484,2.954246,2.879016,-1.70307,3.151305,0.625588,3.015161
86,2.866667,1,533.94084,357.822223,434.414272,356.675402,484.177556,357.248813,2.9784,2.96833,-1.709192,3.562857,0.634604,3.265594
87,2.9,1,532.546835,357.710842,431.029224,357.095731,481.78803,357.403286,3.050014,3.020827,-1.76705,3.897709,0.641482,3.459268
88,2.933333,1,519.302149,358.524243,429.89337,357.641566,474.597759,358.082905,2.791216,0.248084,-1.831783,3.97276,0.479716,2.110422
89,2.966667,1,525.563412,357.449697,426.574326,358.12476,476.068869,357.787229,3.044699,3.230573,-1.753848,3.91233,0.645426,3.571452
90,3.0,1,523.166389,355.717151,423.216038,358.327723,473.191214,357.022437,2.965038,2.753983,-1.799,4.756605,0.583019,3.755294
91,3.033333,1,524.555836,355.44393,424.176874,357.671971,474.366355,356.557951,3.046458,1.562908,-1.748139,4.213293,0.64916,2.888101
92,3.066667,1,524.884949,355.171911,423.696127,356.386474,474.290538,355.779193,3.055029,1.932522,-1.759045,3.765782,0.647992,2.849152
93,3.1,1,525.137215,355.391112,424.709339,356.252503,474.923277,355.821808,3.149169,1.053515,-1.68646,4.943783,0.731355,2.998649
94,3.133333,1,528.96204,336.265229,424.745264,356.359196,476.853652,346.312213,3.244815,0.448663,-2.19109,2.790287,0.526863,1.619475
95,3.166667,1,523.13921,355.978376,435.012655,339.631519,479.075933,347.804948,2.994257,2.458798,-1.415674,3.242065,0.789292,2.850431
96,3.2,1,522.790117,356.255609,420.595388,357.602684,471.692753,356.929147,2.966503,4.259227,-1.80365,4.859647,0.581426,4.559437
97,3.233333,1,520.853281,359.040306,419.244404,359.306633,470.048842,359.173469,2.956163,2.377825,-1.688279,5.154561,0.633942,3.766193
98,3.266667,1,517.552643,360.015771,419.725294,360.800527,468.638968,360.408149,2.992008,1.153324,-1.592578,5.638334,0.699715,3.395829
99,3.3,1,516.255312,359.133475,417.258024,361.130701,466.756668,360.132088,3.018447,2.819635,-1.612889,10.319935,0.702779,6.569785
100,3.333333,1,514.475031,357.950041,413.803196,361.798979,464.139113,359.87451,3.030664,2.234672,-1.675485,11.709404,0.67759,6.972038
101,3.366667,1,514.654436,357.099792,413.459072,362.121048,464.056754,359.61042,2.927234,1.462604,-1.722461,8.822605,0.602387,5.142605
102,3.4,1,514.570875,356.451936,412.895193,360.988362,463.733034,358.720149,3.042226,2.554409,-1.734655,5.479913,0.653786,4.017161
103,3.433333,1,515.761509,355.174127,413.226147,359.653233,464.493828,357.41368,2.981195,2.445495,-1.724813,4.901074,0.628191,3.673285
104,3.466667,1,515.828295,355.239395,413.762627,359.389213,464.795461,357.314304,2.961039,2.501107,-1.743978,5.365568,0.60853,3.933338
105,3.5,1,516.852036,356.403227,415.72279,359.823275,466.287413,358.113251,3.010469,1.71566,-1.710851,5.005207,0.649809,3.360433
106,3.533333,1,517.847528,357.094535,415.88625,360.224458,466.866889,358.659496,2.925192,2.341051,-1.748043,5.192825,0.588575,3.766938
107,3.566667,1,518.453178,356.664619,418.802519,358.731181,468.627849,357.6979,2.996626,2.28268,-1.750433,5.731879,0.623097,4.00728
108,3.6,1,519.939156,356.956884,419.939651,358.040952,469.939404,357.498918,3.002884,3.231025,-1.728325,3.8085,0.637279,3.519762
109,3.633333,1,520.709476,356.862282,421.093903,357.562199,470.90169,357.212241,3.009748,2.753934,-1.719361,4.227183,0.645193,3.490559
110,3.666667,1,521.13596,357.183069,423.017426,357.25316,472.076693,357.218115,3.022371,3.207879,-1.681655,3.799233,0.670358,3.503556
111,3.7,1,522.822552,356.967961,424.326649,357.353491,473.5746,357.160726,3.014924,2.625021,-1.662407,3.59437,0.676259,3.109696
112,3.733333,1,525.51424,357.022179,425.775642,356.80639,475.644941,356.914285,3.024906,2.919797,-1.705846,4.079944,0.65953,3.49987
113,3.766667,1,528.036346,357.660491,427.820845,355.64427,477.928596,356.652381,3.020206,4.014941,-1.711052,3.829315,0.654577,3.922128
114,3.8,1,529.026375,359.318987,428.87394,356.677762,478.950157,357.998375,2.897444,4.246977,-1.661667,6.394756,0.617889,5.320867
115,3.833333,1,528.550787,363.732514,434.337664,360.74427,481.444225,362.238392,2.693467,0.334013,-1.48736,8.893285,0.603054,4.613649
116,3.866667,1,531.595678,363.298565,436.604872,360.254134,484.100275,361.776349,2.733211,0.021448,-1.442973,6.721426,0.645119,3.371437
117,3.9,1,533.77511,362.088089,436.650047,356.6198,485.212579,359.353944,2.848452,4.217345,-1.568325,3.543844,0.640064,3.880594
118,3.933333,1,536.650944,360.668938,437.704296,355.15526,487.17762,357.912099,2.935961,4.010519,-1.663532,4.596468,0.636214,4.303494
119,3.966667,1,537.888956,360.327052,438.802929,354.835117,488.345942,357.581085,2.8476,2.712651,-1.694013,3.069764,0.576794,2.891207
120,4.0,1,539.331675,360.079817,440.639973,354.040239,489.985824,357.060028,2.875012,2.927512,-1.714388,3.202843,0.580312,3.065178
121,4.033333,1,540.70406,359.97557,441.333599,353.823264,491.018829,356.899417,2.882332,2.607253,-1.706669,3.347624,0.587831,2.977439
122,4.066667,1,542.754478,360.048457,442.94322,353.35561,492.848849,356.702034,2.872897,2.294966,-1.709323,3.409325,0.581787,2.852146
123,4.1,1,543.550739,359.201485,444.706793,353.072675,494.128766,356.13708,2.853771,2.512473,-1.751501,3.588759,0.551135,3.050616
124,4.133333,1,545.567112,359.225357,445.590086,352.930571,495.578599,356.077964,2.86415,2.904266,-1.776954,3.910516,0.543598,3.407391
125,4.166667,1,546.182585,359.067562,446.9032,352.62216,496.542892,355.844861,2.860059,3.154175,-1.780221,4.44319,0.539919,3.798683
126,4.2,1,547.363901,359.460281,445.881348,352.808874,496.622624,356.134577,2.889609,2.170929,-1.760927,4.233189,0.564341,3.202059
127,4.233333,1,547.048445,360.00993,445.908279,352.919043,496.478362,356.464486,2.90079,2.0702,-1.752704,4.33202,0.574043,3.20111
128,4.266667,1,545.424261,360.353858,445.055265,353.644661,495.239763,356.99926,2.907212,2.391534,-1.75016,5.09854,0.578526,3.745037
129,4.3,1,544.67433,360.772439,443.152523,353.97468,493.913426,357.373559,2.975416,2.286125,-1.819465,5.747006,0.577975,4.016565
130,4.333333,1,541.670113,360.942008,441.482439,354.247279,491.576276,357.594643,2.94844,1.899387,-1.782979,4.595117,0.582731,3.247252
131,4.366667,1,539.585695,360.937513,440.30571,354.952201,489.945703,357.944857,2.924387,1.531241,-1.776153,4.779838,0.574117,3.15554
132,4.4,1,538.544922,361.015211,438.693151,355.053894,488.619037,358.034552,2.987816,1.768872,-1.761007,4.163663,0.613404,2.966268
133,4.433333,1,537.063284,360.763743,437.348623,355.31873,487.205954,358.041236,2.933236,1.941142,-1.803592,4.611684,0.564822,3.276413
134,4.466667,1,536.677761,361.022238,437.286558,355.378822,486.98216,358.20053,2.996986,2.016994,-1.744547,3.846228,0.62622,2.931611
135,4.5,1,536.611729,361.27384,437.281952,355.659349,486.94684,358.466595,2.937833,1.957007,-1.770578,3.868598,0.583627,2.912803
136,4.533333,1,537.363129,361.093934,437.048445,355.781658,487.205787,358.437796,2.96444,1.903393,-1.758637,3.702759,0.602902,2.803076
137,4.566667,1,538.594379,361.21938,438.065138,355.816312,488.329759,358.517846,2.99503,1.767406,-1.73514,3.573124,0.629945,2.670265
138,4.6,1,539.23171,361.33221,438.586226,355.779142,488.908968,358.555676,2.981783,1.963336,-1.741293,3.698457,0.620245,2.830897
139,4.633333,1,540.51218,361.397275,439.431562,355.428389,489.971871,358.412832,2.936555,1.813057,-1.744057,3.557076,0.596249,2.685066
140,4.666667,1,541.337328,361.153194,440.123243,355.088607,490.730286,358.120901,2.959324,1.913398,-1.743891,3.709727,0.607717,2.811562
141,4.7,1,542.095594,361.189592,441.166124,354.931226,491.630859,358.060409,2.958638,1.930476,-1.725573,3.405934,0.616532,2.668205
142,4.733333,1,542.444096,361.093649,441.38545,355.114598,491.914773,358.104123,2.928338,1.642689,-1.745039,4.070893,0.591649,2.856791
143,4.766667,1,542.143965,361.069375,441.205702,354.692992,491.674833,357.881184,2.869662,1.664951,-1.745938,3.867819,0.561862,2.766385
144,4.8,1,542.390966,360.495522,441.482105,353.606365,491.936536,357.050943,2.891038,2.117539,-1.756218,3.968403,0.56741,3.042971
145,4.833333,1,543.200693,358.882227,443.086987,352.499814,493.14384,355.69102,2.905081,2.162752,-1.766333,3.933867,0.569374,3.04831
146,4.866667,1,543.552055,356.861182,443.595028,350.052577,493.573542,353.45688,2.905388,1.744091,-1.798857,4.082663,0.553265,2.913377
147,4.9,1,544.341602,355.792526,443.718338,349.067606,494.02997,352.430066,2.884592,1.775641,-1.810326,3.293096,0.537133,2.534369
148,4.933333,1,544.502363,355.42546,443.69873,348.816615,494.100547,352.121038,2.889701,1.859603,-1.811222,3.539018,0.53924,2.699311
149,4.966667,1,544.683714,355.135347,443.835154,348.523879,494.259434,351.829613,2.904528,1.797507,-1.814013,3.581307,0.545258,2.689407
150,5.0,1,546.048813,355.580176,444.514313,348.786575,495.281563,352.183375,2.88345,1.87093,-1.806223,3.401145,0.538613,2.636038
151,5.033333,1,546.894102,356.297978,445.781631,349.003002,496.337867,352.65049,2.855659,1.910646,-1.758058,2.914512,0.548801,2.412579
152,5.066667,1,547.907047,356.406891,447.039404,348.942867,497.473226,352.674879,2.862691,1.984176,-1.766984,2.905551,0.547854,2.444864
153,5.1,1,549.027977,356.961304,447.878008,349.11823,498.452992,353.039767,2.868359,2.151423,-1.782302,2.874746,0.543028,2.513084
154,5.133333,1,550.397177,356.858693,448.542004,348.779821,499.46959,352.819257,2.89609,2.089168,-1.768781,3.015417,0.563655,2.552293
155,5.166667,1,550.46032,356.493811,449.730101,348.798248,500.09521,352.646029,2.869219,1.94563,-1.794161,3.120665,0.537529,2.533148
156,5.2,1,551.285114,356.497539,450.029116,348.675933,500.657115,352.586736,2.910357,2.106028,-1.759102,2.99846,0.575628,2.552244
157,5.233333,1,551.464806,356.370789,450.078316,348.636897,500.771561,352.503843,2.898232,2.116519,-1.760019,2.954339,0.569106,2.535429
158,5.266667,1,551.961012,355.998477,449.89852,348.426633,500.929766,352.212555,2.936476,2.094619,-1.769541,2.972716,0.583467,2.533667
159,5.3,1,549.821863,355.509601,448.972692,348.668375,499.397278,352.088988,2.898468,2.125403,-1.74655,2.573241,0.575959,2.349322
160,5.333333,1,549.784679,355.417392,446.977348,348.741036,498.381014,352.079214,2.967009,2.195381,-1.769981,2.649503,0.598514,2.422442
161,5.366667,1,548.694019,355.410306,445.997543,349.095865,497.345781,352.253086,2.911619,2.101118,-1.75837,2.546246,0.576625,2.323682
162,5.4,1,548.503551,355.46837,444.819441,348.919966,496.661496,352.194168,2.963028,2.201762,-1.793439,2.790557,0.584795,2.496159
163,5.433333,1,547.140789,355.280465,443.881216,349.150985,495.511003,352.215725,2.914581,2.042502,-1.759372,2.573671,0.577604,2.308087
164,5.466667,1,546.182585,354.948113,442.425995,349.351298,494.30429,352.149705,2.939492,2.064269,-1.800253,2.871207,0.569619,2.467738
165,5.5,1,545.248919,355.074874,441.786537,349.271652,493.517728,352.173263,2.969171,2.02175,-1.768436,2.563461,0.600368,2.292605
166,5.533333,1,544.358215,354.873714,440.674934,349.411395,492.516575,352.142555,2.992178,1.933314,-1.79783,2.668837,0.597174,2.301076
167,5.566667,1,543.241796,354.697611,439.832983,349.720557,491.53739,352.209084,3.01633,1.956692,-1.784146,2.56906,0.616092,2.262876
168,5.6,1,542.338734,354.758685,439.438629,349.704883,490.888681,352.231784,3.017983,1.996557,-1.742624,2.362985,0.637679,2.179771
169,5.633333,1,542.028856,354.956696,438.968172,349.773021,490.498514,352.364859,3.006284,1.912703,-1.764209,2.429718,0.621037,2.171211
170,5.666667,1,541.98493,354.932213,439.036665,349.59437,490.510798,352.263291,2.991248,1.956654,-1.754234,2.414479,0.618507,2.185567
171,5.7,1,542.185354,354.811138,439.408302,349.613092,490.796828,352.212115,2.990078,1.920852,-1.746749,2.408986,0.621664,2.164919
172,5.733333,1,542.473135,354.704332,440.722303,349.525416,491.597719,352.114874,2.880139,1.824689,-1.756602,2.57328,0.561768,2.198984
173,5.766667,1,543.780413,354.650264,441.987906,349.09829,492.884159,351.874277,2.869869,1.915174,-1.772372,2.620641,0.548748,2.267907
174,5.8,1,545.383759,354.785555,443.204775,349.015785,494.294267,351.90067,2.858738,1.939676,-1.846747,2.496836,0.505996,2.218256
175,5.833333,1,547.564507,355.123293,444.815006,348.734835,496.189756,351.929064,2.877169,2.27447,-1.874095,2.47929,0.501537,2.37688
176,5.866667,1,548.06119,354.919912,446.101599,348.624966,497.081394,351.772439,2.878725,2.046787,-1.835709,2.527973,0.521508,2.28738
177,5.9,1,548.818197,354.547214,446.870928,348.564895,497.844563,351.556055,2.861458,2.037707,-1.794915,2.467128,0.533272,2.252417
178,5.933333,1,549.209843,354.568441,447.101908,348.441959,498.155875,351.5052,2.86943,1.991554,-1.799714,2.550357,0.534858,2.270956
179,5.966667,1,549.390354,354.704778,446.937351,348.408501,498.163853,351.556639,2.877803,2.064761,-1.783333,2.504007,0.547235,2.284384
180,6.0,1,549.282055,354.463835,446.675777,348.388132,497.978916,351.425984,2.88286,2.044912,-1.771646,2.518026,0.555607,2.281469
181,6.033333,1,548.96636,354.455262,446.912947,348.436632,497.939653,351.445947,2.884541,2.031045,-1.765916,2.524267,0.559313,2.277656
182,6.066667,1,548.635778,354.571139,446.05566,348.573495,497.345719,351.572317,2.928555,2.232626,-1.765809,2.507134,0.581373,2.36988
183,6.1,1,547.743597,354.618228,445.043001,348.861666,496.393299,351.739947,2.925408,2.067556,-1.763464,2.531791,0.580972,2.299674
184,6.133333,1,546.882105,354.563034,443.755827,349.203905,495.318966,351.883469,2.915356,2.062524,-1.769876,2.530313,0.57274,2.296418
185,6.166667,1,545.713053,354.392386,442.321529,349.259148,494.017291,351.825767,2.908975,1.957094,-1.766631,2.587828,0.571172,2.272461
186,6.2,1,545.164309,354.506423,441.36755,349.527138,493.265929,352.01678,2.933982,2.073764,-1.789233,2.584388,0.572375,2.329076
187,6.233333,1,543.768253,354.260926,440.545921,349.603474,492.157087,351.9322,2.925823,1.935338,-1.74679,2.516215,0.589517,2.225777
188,6.266667,1,543.478851,354.149035,440.954828,349.689315,492.21684,351.919175,2.913555,1.937782,-1.731936,2.500067,0.590809,2.218925
189,6.3,1,543.17667,354.281455,439.987421,349.729924,491.582046,352.005689,2.945094,2.025867,-1.737789,2.455253,0.603652,2.24056
190,6.333333,1,542.557735,354.11702,439.480085,349.803228,491.01891,351.960124,2.938935,1.949689,-1.720298,2.345373,0.609318,2.147531
191,6.366667,1,542.105112,354.264708,439.390993,349.799071,490.748053,352.031889,2.941764,1.952344,-1.717721,2.303674,0.612022,2.128009
192,6.4,1,542.07859,354.303616,439.302464,349.794071,490.690527,352.048844,2.940431,2.004251,-1.721595,2.297464,0.609418,2.150858
193,6.433333,1,542.084904,354.108823,438.843651,349.855387,490.464277,351.982105,2.936612,1.952997,-1.733224,2.34213,0.601694,2.147564
194,6.466667,1,541.966763,354.099178,439.255152,350.083492,490.610957,352.091335,2.933587,1.778502,-1.725286,2.348763,0.60415,2.063633
195,6.5,1,541.847935,353.965067,439.256344,349.914722,490.552139,351.939895,2.93922,1.961228,-1.719357,2.395002,0.609931,2.178115
196,6.533333,1,541.896925,354.137013,439.170599,349.925462,490.533762,352.031237,2.935934,1.910871,-1.732418,2.331578,0.601758,2.121225
197,6.566667,1,541.79616,354.043114,439.41061,350.115405,490.603385,352.07926,2.939374,1.820025,-1.719893,2.450069,0.60974,2.135047
198,6.6,1,541.750469,354.161898,439.08536,350.212925,490.417914,352.187412,2.928672,1.848213,-1.738712,2.41383,0.59498,2.131022
199,6.633333,1,541.58534,354.110148,439.214802,350.134562,490.400071,352.122355,2.933267,1.860448,-1.743991,2.455321,0.594638,2.157884
200,6.666667,1,541.705723,354.150483,439.229746,350.135645,490.467734,352.143064,2.93327,1.857436,-1.739312,2.387727,0.596979,2.122582
201,6.7,1,541.611328,354.013352,439.093466,350.120888,490.352397,352.06712,2.939276,1.895727,-1.730794,2.371699,0.604241,2.133713
202,6.733333,1,542.355375,354.000923,439.497585,350.17465,490.92648,352.087786,2.938844,2.014954,-1.765886,2.690374,0.586479,2.352664
203,6.766667,1,543.116655,353.940407,440.160999,350.210801,491.638827,352.075604,2.95126,2.092637,-1.775924,3.057591,0.587668,2.575114
204,6.8,1,543.45315,353.908419,439.876795,350.056069,491.664972,351.982244,2.957804,1.916649,-1.792543,3.06032,0.582631,2.488484
205,6.833333,1,542.829885,353.645552,439.817133,349.84764,491.323509,351.746596,2.985734,1.871051,-1.791199,2.941713,0.597267,2.406382
206,6.866667,1,542.615547,353.138534,439.190636,349.363056,490.903091,351.250795,3.038338,1.788935,-1.776127,2.975581,0.631106,2.382258
207,6.9,1,541.92399,353.008763,438.480597,349.151537,490.202293,351.08015,3.049165,1.847709,-1.767579,2.926526,0.640793,2.387118
208,6.933333,1,541.656179,352.722529,438.103514,348.95432,489.879847,350.838424,3.072707,1.864537,-1.769847,2.991812,0.65143,2.428175
209,6.966667,1,541.437788,352.439218,437.531767,348.96551,489.484777,350.702364,3.095886,1.926579,-1.783404,2.848299,0.656241,2.387439
210,7.0,1,541.014061,352.397895,437.34354,349.048417,489.178801,350.723156,3.107805,2.016043,-1.770185,2.917842,0.66881,2.466942
211,7.033333,1,540.468788,352.432641,437.039948,349.035317,488.754368,350.733979,3.081629,1.7732,-1.779967,3.042035,0.650831,2.407618
212,7.066667,1,540.381546,352.841404,436.708431,349.256138,488.544989,351.048771,3.078616,1.881809,-1.778479,2.998217,0.650068,2.440013
213,7.1,1,540.533991,352.948505,436.918449,349.335644,488.72622,351.142074,3.103055,1.824925,-1.775292,2.989256,0.663881,2.40709
214,7.133333,1,540.667429,352.969238,437.178326,349.268675,488.922877,351.118957,3.100229,1.877223,-1.787391,3.003021,0.656419,2.440122
215,7.166667,1,540.825024,353.113798,437.342138,349.264566,489.083581,351.189182,3.088287,1.959973,-1.779925,2.984927,0.654181,2.47245
216,7.2,1,540.896883,353.109276,437.479715,349.227669,489.188299,351.168473,3.095493,1.840963,-1.774657,3.042804,0.660418,2.441884
217,7.233333,1,541.144257,353.103129,437.783184,349.43171,489.46372,351.267419,3.063821,1.82548,-1.774392,3.009353,0.644715,2.417416
218,7.266667,1,542.785206,354.137893,439.391479,349.528812,491.088343,351.833352,3.098848,1.863113,-1.751945,3.020788,0.673451,2.441951
219,7.3,1,546.737957,355.036958,445.027332,350.675198,495.882645,352.856078,3.165844,2.008201,-1.640137,2.768917,0.762854,2.388559
220,7.333333,1,552.752209,358.3672,452.591839,351.817916,502.672024,355.092558,3.069916,2.226194,-1.555567,2.27297,0.757174,2.249582
221,7.366667,1,560.601349,359.648781,460.304794,351.831531,510.453072,355.740156,3.03055,2.664356,-1.595474,2.411806,0.717538,2.538081
222,7.4,1,568.670368,363.375732,470.097742,352.673337,519.384055,358.024534,2.932799,3.030783,-1.587996,1.969904,0.672401,2.500343
223,7.433333,1,576.813211,366.122453,479.521694,354.243663,528.167453,360.183058,2.935833,2.133253,-1.719237,2.333082,0.608298,2.233167
224,7.466667,1,585.079098,370.172707,488.857765,355.194243,536.968431,362.683475,2.949764,2.625777,-1.668969,2.147505,0.640397,2.386641
225,7.5,1,593.229055,373.119006,496.221724,356.350066,544.725389,364.734536,2.904089,2.597814,-1.714249,1.750649,0.59492,2.174232
226,7.533333,1,599.530077,374.811995,502.644176,356.751142,551.087127,365.781569,2.95288,2.762449,-1.703861,1.524957,0.624509,2.143703
227,7.566667,1,603.794327,375.865513,508.527603,357.088108,556.160965,366.476811,2.92244,2.907219,-1.698722,1.402818,0.611859,2.155019
228,7.6,1,607.000484,376.863917,511.325846,357.193578,559.163165,367.028747,2.927895,2.931847,-1.730442,1.316939,0.598727,2.124393
229,7.633333,1,608.071089,377.203774,513.222017,357.243521,560.646553,367.223648,2.867223,2.797312,-1.730523,1.272796,0.56835,2.035054
230,7.666667,1,608.355989,377.611513,514.159603,357.385624,561.257796,367.498569,2.861843,2.585975,-1.72553,1.520597,0.568156,2.053286
231,7.7,1,608.322668,377.639129,513.613176,357.34457,560.967922,367.49185,2.864196,2.516913,-1.69491,1.610809,0.584643,2.063861
232,7.733333,1,607.499161,377.468508,511.925497,356.767214,559.712329,367.117861,2.86999,2.706722,-1.723961,1.690483,0.573014,2.198602
233,7.766667,1,606.826639,377.226906,510.339708,356.335126,558.583174,366.781016,2.934617,2.679768,-1.689239,1.339722,0.622689,2.009745
234,7.8,1,606.02807,376.757573,508.900833,355.910404,557.464452,366.333988,2.976237,2.679225,-1.650039,1.147322,0.663099,1.913274
235,7.833333,1,605.143623,376.363524,508.184757,356.364453,556.66419,366.363989,2.996353,2.489345,-1.647511,1.247172,0.674421,1.868258
236,7.866667,1,604.072905,376.220627,506.990108,356.015734,555.531507,366.11818,3.001785,2.561498,-1.629755,1.349061,0.686015,1.955279
237,7.9,1,603.254728,375.81777,506.086397,356.054513,554.670563,365.936142,2.986404,2.791187,-1.637988,1.339901,0.674208,2.065544
238,7.933333,1,602.928581,375.544946,505.49715,355.972647,554.212866,365.758797,2.960398,2.793398,-1.6208,1.383866,0.669799,2.088632
239,7.966667,1,602.984705,375.192,505.49408,356.101736,554.239392,365.646868,2.964921,2.800856,-1.646268,1.298358,0.659327,2.049607
240,8.0,1,602.794409,375.106941,505.335245,355.987174,554.064827,365.547058,2.964355,2.748736,-1.656368,1.251342,0.653993,2.000039
241,8.033333,1,602.703667,374.866412,505.19906,355.813887,553.951364,365.340149,2.97867,2.699162,-1.668274,1.223605,0.655198,1.961383
242,8.066667,1,600.323963,377.388482,502.066116,356.929155,551.19504,367.158819,2.893063,3.852008,-1.75398,0.384552,0.569541,2.11828
243,8.1,1,586.225462,375.903118,492.404432,358.3775,539.314947,367.140309,2.633152,4.574148,-1.799415,4.247308,0.416869,4.410728
244,8.133333,1,581.514597,375.147647,487.732286,358.60207,534.623442,366.874858,2.658927,5.380512,-1.744529,5.980977,0.457199,5.680744
245,8.166667,1,575.369234,371.778138,478.805466,356.135548,527.08735,363.956843,2.709145,4.72403,-1.818512,9.022663,0.445317,6.873346
246,8.2,1,571.040087,368.64197,472.878933,354.591202,521.95951,361.616586,2.805497,2.793813,-1.89677,5.372604,0.454363,4.083209
247,8.233333,1,566.113882,365.974545,466.983557,353.977872,516.548719,359.976209,2.828254,2.742931,-1.894212,3.824588,0.467021,3.283759
248,8.266667,1,562.387218,363.849447,460.82406,353.490402,511.605639,358.669925,2.834176,2.192971,-1.835787,3.032694,0.499194,2.612833
249,8.3,1,558.652916,362.903765,457.066851,353.263375,507.859883,358.08357,2.891533,2.280928,-1.771067,2.865222,0.560233,2.573075
250,8.333333,1,555.211344,362.013856,453.281279,353.315914,504.246311,357.664885,2.956337,2.103409,-1.748935,2.775843,0.603701,2.439626
251,8.366667,1,552.491703,361.529986,449.912539,353.764851,501.202121,357.647418,2.957993,1.981452,-1.773895,2.88892,0.592049,2.435186
252,8.4,1,549.711323,360.363278,446.971388,354.172719,498.341355,357.267998,2.978621,1.955167,-1.752403,2.881533,0.613109,2.41835
253,8.433333,1,546.844835,359.16675,444.07176,354.630443,495.458298,356.898597,2.992074,1.854577,-1.72275,2.643747,0.634662,2.249162
254,8.466667,1,545.065784,358.296352,441.976023,354.061337,493.520904,356.178845,2.983705,1.722724,-1.685959,2.22667,0.648873,1.974697
255,8.5,1,544.061718,357.808855,441.065283,354.413994,492.5635,356.111425,2.990979,1.735273,-1.668274,2.218857,0.661353,1.977065
256,8.533333,1,542.988768,357.593404,440.363369,354.445982,491.676068,356.019693,2.987516,1.822373,-1.658228,2.145159,0.664644,1.983766
257,8.566667,1,542.775736,357.715273,440.158119,354.69937,491.466928,356.207322,2.991497,1.785068,-1.671689,2.180459,0.659904,1.982764
258,8.6,1,542.686138,357.681799,440.395613,354.435409,491.540875,356.058604,2.973576,1.857519,-1.680153,2.158777,0.646711,2.008148
259,8.633333,1,543.419294,357.692496,440.971689,354.243824,492.195492,355.96816,2.992605,1.692379,-1.691768,2.182637,0.650419,1.937508
260,8.666667,1,543.943596,357.701164,441.870642,354.580237,492.907119,356.140701,2.939228,1.776134,-1.661417,2.175658,0.638906,1.975896
261,8.7,1,545.104828,358.082923,442.641726,354.087462,493.873277,356.085193,2.919474,1.828104,-1.677353,2.070938,0.62106,1.949521
262,8.733333,1,546.274185,358.290381,443.983822,353.896687,495.129004,356.093534,2.940849,1.7388,-1.674329,2.258645,0.63326,1.998723
263,8.766667,1,547.525377,358.473732,444.690208,353.844835,496.107793,356.159283,2.951367,1.69372,-1.675496,2.162841,0.637936,1.928281
264,8.8,1,548.190689,358.398335,445.846748,353.736575,497.018719,356.067455,2.883992,1.754636,-1.696121,2.073001,0.593936,1.913818
265,8.833333,1,549.147997,358.431804,447.275314,353.271196,498.211656,355.8515,2.871047,1.86852,-1.70044,1.995546,0.585303,1.932033
266,8.866667,1,549.621754,358.349218,448.011322,353.05384,498.816538,355.701529,2.849369,1.905099,-1.708954,1.965794,0.570207,1.935446
267,8.9,1,550.099869,358.389634,448.197718,353.152117,499.148793,355.770875,2.862613,1.942544,-1.709922,1.957941,0.576346,1.950242
268,8.933333,1,550.368261,358.705625,448.755779,353.088897,499.56202,355.897261,2.885115,1.942252,-1.705134,1.999637,0.589991,1.970944
269,8.966667,1,550.421257,358.724379,448.672638,353.204929,499.546947,355.964654,2.861909,1.93874,-1.708737,1.970224,0.576586,1.954482
270,9.0,1,550.548782,358.827982,448.970528,353.095082,499.759655,355.961532,2.869963,1.941781,-1.707733,1.928704,0.581115,1.935242
271,9.033333,1,550.73678,358.985637,448.989038,352.988057,499.862909,355.986847,2.871591,1.907171,-1.709232,1.960366,0.581179,1.933769
272,9.066667,1,550.891294,359.086879,448.944511,353.080153,499.917903,356.083516,2.87321,1.933924,-1.708866,1.928402,0.582172,1.931163
273,9.1,1,550.980587,359.265386,449.051533,353.006993,500.01606,356.136189,2.883615,1.938276,-1.699243,1.860635,0.592186,1.899456
274,9.133333,1,550.948257,359.43517,448.987694,353.14068,499.967976,356.287925,2.880284,1.91354,-1.704003,1.863698,0.58814,1.888619
275,9.166667,1,551.161776,359.530034,448.896713,353.216339,500.029244,356.373187,2.894863,1.879498,-1.711874,1.90898,0.591495,1.894239
276,9.2,1,551.446753,359.553047,450.002337,353.541418,500.724545,356.547233,2.822423,2.006537,-1.703595,1.876551,0.559414,1.941544
277,9.233333,1,552.472916,359.683977,451.568079,352.88794,502.020497,356.285959,2.83885,2.014621,-1.698402,1.951357,0.570224,1.982989
278,9.266667,1,552.678871,359.826327,451.571379,352.89264,502.125125,356.359483,2.869447,1.930593,-1.684328,1.957697,0.592559,1.944145
279,9.3,1,553.022928,359.967926,451.936092,352.780443,502.47951,356.374184,2.868949,1.981004,-1.686238,1.971489,0.591356,1.976246
280,9.333333,1,553.194246,359.961446,452.071667,352.87528,502.632957,356.418363,2.866869,2.03191,-1.706517,1.963993,0.580176,1.997951
281,9.366667,1,553.278608,359.891789,452.07757,352.871069,502.678089,356.381429,2.880742,2.042967,-1.697359,2.051642,0.591691,2.047305
282,9.4,1,553.427954,360.082043,452.1591,352.911694,502.793527,356.496869,2.875153,2.062577,-1.690031,1.987771,0.592561,2.025174
283,9.433333,1,553.449402,360.059395,452.255926,352.908593,502.852664,356.483994,2.871669,2.082952,-1.698045,1.958111,0.586812,2.020531
284,9.466667,1,553.812342,360.002253,452.617769,352.924885,503.215055,356.463569,2.86137,2.113324,-1.708704,1.934377,0.576333,2.023851
285,9.5,1,554.199324,360.07103,452.830858,352.62724,503.515091,356.349135,2.878666,2.031742,-1.722397,1.932271,0.578135,1.982006
286,9.533333,1,554.744673,360.256274,453.662825,352.742431,504.203749,356.499352,2.84953,1.970198,-1.717733,1.814722,0.565899,1.89246
287,9.566667,1,555.209551,360.372291,454.033108,352.556832,504.621329,356.464562,2.842506,2.037421,-1.735151,1.834126,0.553678,1.935774
288,9.6,1,555.554447,360.358112,454.456501,352.693335,505.005474,356.525724,2.819954,2.061136,-1.732824,1.746946,0.543565,1.904041
289,9.633333,1,555.780897,360.405673,454.919062,352.823718,505.349979,356.614695,2.814884,2.071427,-1.721432,1.733777,0.546726,1.902602
290,9.666667,1,555.855522,360.459731,455.288658,352.957098,505.57209,356.708415,2.786842,2.048249,-1.721741,1.62362,0.532551,1.835935
291,9.7,1,557.004747,361.20399,456.042089,353.346099,506.523418,357.275045,2.82036,2.057075,-1.760257,2.055997,0.530052,2.056536
292,9.733333,1,557.246904,360.919113,456.288128,353.316498,506.767516,357.117805,2.803261,1.984755,-1.762634,2.130281,0.520314,2.057518
293,9.766667,1,557.469053,361.151794,456.387482,353.478493,506.928267,357.315144,2.807789,2.018512,-1.760353,2.003199,0.523718,2.010856
294,9.8,1,557.651472,361.037666,456.468239,353.321664,507.059855,357.179665,2.799902,2.042607,-1.767347,2.068235,0.516278,2.055421
295,9.833333,1,558.020763,361.289563,456.461353,353.389653,507.241058,357.339608,2.810961,2.065253,-1.761108,2.016236,0.524926,2.040745
296,9.866667,1,558.126802,361.151623,456.474657,353.406326,507.30073,357.278974,2.809264,1.958061,-1.756455,1.994067,0.526405,1.976064
297,9.9,1,558.469296,361.043449,456.974649,353.089943,507.721972,357.066696,2.81771,1.965814,-1.767222,2.022094,0.525244,1.993954
298,9.933333,1,559.210873,361.022919,457.254744,352.949578,508.232808,356.986248,2.80447,2.039207,-1.802123,2.073998,0.501173,2.056603
299,9.966667,1,559.350605,361.032178,457.564678,352.879293,508.457642,356.955736,2.823428,1.980167,-1.78643,2.062734,0.518499,2.021451
300,10.0,1,559.761581,360.926714,457.80757,352.91289,508.784575,356.919802,2.825161,2.046193,-1.800424,2.155831,0.512368,2.101012
301,10.033333,1,559.641638,360.933414,457.932987,352.811476,508.787313,356.872445,2.822268,2.080144,-1.777972,2.10346,0.522148,2.091802
302,10.066667,1,559.638481,360.958085,457.975492,352.820343,508.806987,356.889214,2.821192,2.000677,-1.778132,1.999075,0.52153,1.999876
303,10.1,1,559.904099,360.952817,457.955389,352.855791,508.929744,356.904304,2.833484,1.995355,-1.797054,2.043497,0.518215,2.019426
304,10.133333,1,559.398603,360.732753,458.138704,352.853415,508.768654,356.793084,2.82406,1.920815,-1.771083,2.041687,0.526488,1.981251
305,10.166667,1,559.208155,360.656873,458.02249,352.902875,508.615322,356.779874,2.825431,1.907898,-1.769625,2.056539,0.527903,1.982219
306,10.2,1,559.279089,360.548603,457.960329,352.619698,508.619709,356.58415,2.815767,2.027251,-1.76547,2.041163,0.525149,2.034207
307,10.233333,1,559.381332,360.411022,457.858639,352.482272,508.619986,356.446647,2.816876,2.001721,-1.772461,2.023643,0.522207,2.012682
308,10.266667,1,558.939295,360.440639,457.39006,352.40724,508.164678,356.423939,2.820752,1.938827,-1.769687,1.940369,0.525533,1.939598
309,10.3,1,558.796844,360.189112,457.027788,352.440757,507.912316,356.314934,2.819912,1.948226,-1.784791,2.141909,0.517561,2.045067
310,10.333333,1,558.220959,360.173582,456.869926,352.414622,507.545443,356.294102,2.810021,1.858074,-1.771618,2.082181,0.519201,1.970127
311,10.366667,1,557.754393,360.2936,456.670456,352.36646,507.212424,356.33003,2.808618,1.761087,-1.750964,1.980531,0.528827,1.870809
312,10.4,1,557.465372,360.243984,456.32308,352.294105,506.894226,356.269045,2.852181,1.820905,-1.739836,1.965176,0.556172,1.89304
313,10.433333,1,557.528534,360.373476,456.301346,352.378852,506.91494,356.376164,2.835943,1.941313,-1.750298,1.953536,0.542822,1.947425
314,10.466667,1,557.083044,359.989577,455.985756,352.381877,506.5344,356.185727,2.844495,1.799946,-1.741349,2.087995,0.551573,1.94397
315,10.5,1,556.6469,359.947563,455.454559,352.375413,506.05073,356.161488,2.840801,1.766971,-1.740893,1.995006,0.549954,1.880988
316,10.533333,1,555.705986,359.452416,454.610071,352.491397,505.158029,355.971907,2.878755,1.84686,-1.716932,2.090322,0.580911,1.968591
317,10.566667,1,553.24028,359.957401,451.261778,352.527473,502.251029,356.242437,2.923962,2.050872,-1.710162,1.866037,0.6069,1.958454
318,10.6,1,551.98864,359.578453,449.235563,352.657861,500.612102,356.118157,2.964703,2.097214,-1.704996,1.858396,0.629853,1.977805
319,10.633333,1,550.821581,359.636818,447.679815,352.002994,499.250698,355.819906,3.006685,1.932189,-1.713864,1.847911,0.646411,1.89005
320,10.666667,1,550.002689,359.386992,446.302738,352.44867,498.152714,355.917831,2.970359,1.894711,-1.692897,2.021657,0.638731,1.958184
321,10.7,1,548.696346,359.324228,445.932322,352.748664,497.314334,356.036446,2.998079,1.697882,-1.686709,1.991713,0.655685,1.844798
322,10.733333,1,548.083916,359.190874,444.489794,352.870667,496.286855,356.030771,3.000895,1.631806,-1.695901,2.015787,0.652497,1.823797
323,10.766667,1,547.294807,359.182693,444.181652,352.938677,495.73823,356.060685,2.999268,1.719945,-1.689331,1.9362,0.654969,1.828072
324,10.8,1,546.650286,359.242244,443.499928,353.404539,495.075107,356.323391,2.970805,1.612846,-1.685432,1.964516,0.642686,1.788681
325,10.833333,1,546.18598,359.234776,442.993937,353.328429,494.589958,356.281603,2.959156,1.651275,-1.692948,1.948568,0.633104,1.799922
326,10.866667,1,542.7069,357.800079,440.709963,352.991694,491.708431,355.395886,2.874855,1.768715,-1.770806,1.805928,0.552025,1.787321
327,10.9,1,540.112257,357.164218,438.020983,352.849022,489.06662,355.00662,2.784222,1.653592,-1.843663,1.589036,0.470279,1.621314
328,10.933333,1,539.648991,356.943859,436.857424,352.50932,488.253207,354.726589,2.717123,1.818751,-1.906811,1.518684,0.405156,1.668718
329,10.966667,1,538.538885,356.799862,436.442547,352.498671,487.490716,354.649267,2.678701,1.74138,-1.940851,1.657622,0.368925,1.699501
330,11.0,1,538.271599,356.375526,436.041861,352.406538,487.15673,354.391032,2.641915,1.729433,-1.931352,1.458779,0.355281,1.594106
331,11.033333,1,537.813587,356.260968,435.100508,352.781467,486.457047,354.521218,2.630433,1.72031,-1.901974,1.529689,0.364229,1.625
332,11.066667,1,536.727772,355.885465,433.913097,352.452366,485.320435,354.168915,2.694612,1.75899,-1.895741,1.525899,0.399436,1.642445
333,11.1,1,535.535011,355.31071,432.075415,352.130592,483.805213,353.720651,2.77941,1.800619,-1.891562,1.742505,0.443924,1.771562
334,11.133333,1,533.571234,354.858608,430.114517,351.76027,481.842875,353.309439,2.791791,1.693117,-1.906316,1.588253,0.442738,1.640685
335,11.166667,1,531.774931,354.821384,428.568544,351.652874,480.171738,353.237129,2.79481,1.715908,-1.872341,1.494223,0.461234,1.605066
336,11.2,1,530.555973,354.338506,427.348099,351.822578,478.952036,353.080542,2.8175,1.61211,-1.878733,1.57081,0.469383,1.59146
337,11.233333,1,529.123659,354.089919,426.347675,352.379479,477.735667,353.234699,2.7983,1.400417,-1.859677,1.524436,0.469311,1.462427
338,11.266667,1,527.754927,354.011571,425.350513,352.89956,476.55272,353.455566,2.759161,1.49106,-1.871481,1.47967,0.44384,1.485365
339,11.3,1,526.59832,354.426901,424.524107,353.178338,475.561213,353.802619,2.755409,1.443998,-1.896368,1.504385,0.42952,1.474192
340,11.333333,1,527.171497,354.642041,424.849939,352.849225,476.010718,353.745633,2.796476,1.532975,-1.907522,1.584824,0.444477,1.5589
341,11.366667,1,527.647743,354.686614,425.649567,352.665151,476.648655,353.675882,2.772708,1.577567,-1.883891,1.549812,0.444408,1.563689
342,11.4,1,528.402758,354.646407,426.526184,352.94497,477.464471,353.795688,2.775405,1.544944,-1.879622,1.644211,0.447892,1.594577
343,11.433333,1,529.697695,354.523466,427.267876,353.057354,478.482785,353.79041,2.770608,1.656719,-1.901399,1.628031,0.434605,1.642375
344,11.466667,1,530.621033,354.883246,428.315907,352.701597,479.46847,353.792422,2.786228,1.803097,-1.891705,1.565545,0.447262,1.684321
345,11.5,1,531.383076,354.778603,429.00815,352.572652,480.195613,353.675627,2.765201,1.791299,-1.862313,1.592002,0.451444,1.691651
346,11.533333,1,532.051115,354.717432,429.58374,352.417433,480.817428,353.567432,2.755254,1.808075,-1.883212,1.625298,0.436021,1.716686
347,11.566667,1,532.662363,354.619172,429.801884,352.391624,481.232123,353.505398,2.789477,1.891487,-1.893733,1.66654,0.447872,1.779013
348,11.6,1,532.513885,354.562047,429.474316,352.390401,480.994101,353.476224,2.792694,1.839082,-1.906775,1.677582,0.442959,1.758332
349,11.633333,1,532.022409,354.57019,429.358969,352.376239,480.690689,353.473215,2.799496,1.854568,-1.906224,1.658766,0.446636,1.756667
350,11.666667,1,530.942631,354.356267,428.60673,352.549998,479.77468,353.453133,2.791104,1.967235,-1.904893,1.640802,0.443105,1.804019
351,11.7,1,529.866905,354.152296,427.943935,352.482219,478.90542,353.317257,2.760255,1.844895,-1.893805,1.57425,0.433225,1.709573
352,11.733333,1,529.086266,354.177965,427.383547,352.314736,478.234906,353.246351,2.768542,1.859932,-1.861818,1.457118,0.453362,1.658525
353,11.766667,1,528.694487,354.060624,426.357756,352.561172,477.526121,353.310898,2.780226,1.651092,-1.902766,1.545831,0.43873,1.598461
354,11.8,1,527.782278,353.978768,426.223383,352.280474,477.002831,353.129621,2.779086,1.634061,-1.889675,1.551194,0.444706,1.592627
355,11.833333,1,527.547903,353.789452,425.330591,352.419122,476.439247,353.104287,2.773066,1.591424,-1.923091,1.586419,0.424987,1.588922
356,11.866667,1,527.229519,353.783063,425.179386,352.488479,476.204453,353.135771,2.770889,1.518788,-1.926908,1.587457,0.42199,1.553122
357,11.9,1,527.045698,353.647113,425.040979,352.752038,476.043339,353.199576,2.750661,1.487523,-1.934209,1.568596,0.408226,1.52806
358,11.933333,1,527.100086,353.641319,425.09243,352.676475,476.096258,353.158897,2.733551,1.483515,-1.932215,1.571714,0.400668,1.527615
359,11.966667,1,527.150583,353.667583,424.899921,352.757623,476.025252,353.212603,2.759716,1.53433,-1.931354,1.590648,0.414181,1.562489
360,12.0,1,527.302132,353.682212,425.101309,352.729615,476.20172,353.205914,2.743636,1.521414,-1.936716,1.581415,0.40346,1.551415
361,12.033333,1,527.349911,353.902996,425.174732,353.000035,476.262321,353.451515,2.743614,1.454899,-1.921232,1.620164,0.411191,1.537532
362,12.066667,1,527.79129,353.925934,425.646448,352.820596,476.718869,353.373265,2.749639,1.384181,-1.911924,1.619924,0.418857,1.502052
363,12.1,1,528.203697,354.331484,425.606689,352.78909,476.905193,353.560287,2.788248,1.475221,-1.901661,1.617186,0.443293,1.546203
364,12.133333,1,528.251944,354.242595,425.816278,352.88632,477.034111,353.564458,2.766356,1.528423,-1.921854,1.638605,0.422251,1.583514
365,12.166667,1,528.351927,354.334939,426.163721,352.754066,477.257824,353.544502,2.763542,1.526356,-1.90952,1.634153,0.427011,1.580255
366,12.2,1,530.523653,354.724835,427.272358,352.563398,478.898005,353.644117,2.815286,1.685997,-1.891467,1.634744,0.461909,1.66037
367,12.233333,1,533.04286,355.827894,429.760885,353.090968,481.401873,354.459431,2.909335,1.57717,-1.849895,1.860114,0.52972,1.718642
368,12.266667,1,536.095543,361.758918,436.899214,356.038651,486.497378,358.898784,2.970615,2.191804,-1.713604,12.439237,0.628506,7.31552
369,12.3,1,535.075674,363.859645,440.339756,358.79211,487.707715,361.325878,2.898261,2.519793,-1.567498,27.637751,0.665382,15.078772
370,12.333333,1,538.281412,364.701156,442.426643,358.346488,490.354028,361.523822,2.884199,2.195759,-1.577595,8.996101,0.653302,5.59593
371,12.366667,1,541.945124,364.054175,443.251114,357.611327,492.598119,360.832751,2.929738,2.317844,-1.6319,6.98304,0.648919,4.650442
372,12.4,1,544.324465,364.01693,443.852139,357.154729,494.088302,360.585829,2.931553,1.995195,-1.66944,5.982395,0.631056,3.988795
373,12.433333,1,545.876379,364.080359,445.638371,356.797689,495.757375,360.439024,2.881905,1.636231,-1.694031,3.624462,0.593937,2.630347
374,12.466667,1,547.089605,364.170615,447.331705,356.467069,497.210655,360.318842,2.920929,1.794724,-1.681503,3.470077,0.619713,2.632401
375,12.5,1,548.999615,364.723161,448.416214,355.937634,498.707914,360.330397,2.924145,1.698694,-1.705037,3.331891,0.609554,2.515292
376,12.533333,1,550.304766,365.011278,449.92485,355.711019,500.114808,360.361149,2.921369,1.806676,-1.714349,3.484855,0.60351,2.645765
377,12.566667,1,551.649332,365.897834,451.600552,355.440722,501.624942,360.669278,2.850097,1.799609,-1.692575,2.864081,0.578761,2.331845
378,12.6,1,553.403215,365.734541,452.851191,355.097807,503.127203,360.416174,2.914346,1.91023,-1.700608,3.094814,0.606869,2.502522
379,12.633333,1,554.252701,365.982158,453.890963,354.985412,504.071832,360.483785,2.877038,2.046198,-1.691277,2.871494,0.592881,2.458846
380,12.666667,1,555.115442,365.392109,454.561453,355.027184,504.838448,360.209647,2.89485,1.980401,-1.718569,3.19132,0.588141,2.585861
381,12.7,1,556.193571,362.74037,456.403265,352.613373,506.298418,357.676872,2.951414,1.843182,-1.720366,2.5802,0.615524,2.211691
382,12.733333,1,556.590395,362.015916,456.550169,351.568165,506.570282,356.79204,2.929418,1.792077,-1.677146,2.205654,0.626136,1.998866
383,12.766667,1,556.522751,362.194964,456.626081,351.615677,506.574416,356.905321,2.910522,1.879645,-1.686013,2.106274,0.612254,1.992959
384,12.8,1,556.555157,362.163996,456.348209,351.591822,506.451683,356.877909,2.888265,1.726627,-1.671043,2.027243,0.608611,1.876935
385,12.833333,1,556.829414,362.164682,456.445255,351.473633,506.637335,356.819158,2.889387,1.759039,-1.673485,2.037753,0.607951,1.898396
386,12.866667,1,556.987352,362.227564,456.488943,351.498068,506.738148,356.862816,2.89037,1.726487,-1.672305,2.04611,0.609033,1.886298
387,12.9,1,557.104597,362.356106,456.740503,351.626358,506.92255,356.991232,2.883133,1.735824,-1.6658,1.998048,0.608667,1.866936
388,12.933333,1,557.531567,362.53576,457.056026,351.721673,507.293797,357.128717,2.879379,1.711949,-1.660367,1.949267,0.609506,1.830608
389,12.966667,1,557.875299,362.71535,457.681532,351.593018,507.778416,357.154184,2.854611,1.870595,-1.635244,1.924871,0.609683,1.897733
390,13.0,1,558.641281,363.066795,458.409882,351.845275,508.525581,357.456035,2.847811,1.842076,-1.680237,2.020407,0.583787,1.931242
391,13.033333,1,559.309921,363.768589,458.924341,351.659328,509.117131,357.713959,2.851127,1.877498,-1.680056,1.893855,0.585536,1.885676
392,13.066667,1,560.231104,363.744991,459.669399,351.734548,509.950252,357.73977,2.857061,1.778579,-1.683646,2.031378,0.586707,1.904978
393,13.1,1,560.771704,364.488269,460.183916,351.297471,510.47781,357.89287,2.843107,1.95019,-1.723088,1.895688,0.56001,1.922939
394,13.133333,1,561.547899,364.266568,461.280518,351.657332,511.414208,357.96195,2.84692,1.751829,-1.707275,2.089192,0.569823,1.92051
395,13.166667,1,562.943068,364.639567,461.526079,351.327018,512.234573,357.983293,2.854756,2.058308,-1.803433,2.116599,0.525661,2.087453
396,13.2,1,563.983669,364.503,462.892389,351.268943,513.438029,357.885971,2.850869,1.893627,-1.81115,2.098401,0.519859,1.996014
397,13.233333,1,565.927649,365.065867,464.240599,350.910997,515.084124,357.988432,2.853791,1.962346,-1.792935,2.014998,0.530428,1.988672
398,13.266667,1,566.93758,365.33603,465.205679,350.939004,516.07163,358.137517,2.834725,2.051059,-1.7972,1.918903,0.518763,1.984981
399,13.3,1,568.749819,365.507299,466.225128,350.946128,517.487473,358.226714,2.82488,2.111177,-1.786704,2.262204,0.519088,2.186691
400,13.333333,1,569.721785,365.94951,467.357597,351.255983,518.539691,358.602746,2.838681,1.946835,-1.793463,2.027426,0.522609,1.98713
401,13.366667,1,570.789261,366.361148,468.47064,351.66945,519.629951,359.015299,2.839919,1.862235,-1.810642,2.03419,0.514639,1.948213
402,13.4,1,571.750526,366.716809,469.676828,351.315093,520.713677,359.015951,2.8377,1.915484,-1.793655,2.039533,0.522023,1.977508
403,13.433333,1,572.502565,366.673218,470.746059,351.364338,521.624312,359.018778,2.827606,1.93147,-1.790783,2.00034,0.518411,1.965905
404,13.466667,1,573.229256,366.847798,470.948009,351.415048,522.088633,359.131423,2.837827,1.870845,-1.795814,2.08482,0.521007,1.977832
405,13.5,1,573.29896,367.128931,471.762829,351.306826,522.530894,359.217879,2.799962,1.973826,-1.773649,1.902207,0.513156,1.938016
406,13.533333,1,573.978271,367.006874,471.903191,351.264077,522.940731,359.135476,2.808749,1.906738,-1.791441,1.923184,0.508654,1.914961
407,13.566667,1,574.210033,366.976769,472.204332,351.38975,523.207183,359.183259,2.81677,1.902381,-1.776951,1.888614,0.519909,1.895497
408,13.6,1,574.162769,367.081665,471.807442,351.501984,522.985106,359.291824,2.82373,1.829423,-1.790801,1.922507,0.516464,1.875965
409,13.633333,1,574.267902,367.109844,471.33049,351.610039,522.799196,359.359942,2.835715,1.945929,-1.813084,1.904367,0.511315,1.925148
410,13.666667,1,574.067163,367.274151,471.159372,351.666318,522.613268,359.470234,2.835979,1.97098,-1.784789,1.820552,0.525595,1.895766
411,13.7,1,572.416077,367.102844,470.288439,352.14536,521.352258,359.624102,2.811653,1.977217,-1.811803,1.586866,0.499925,1.782042
412,13.733333,1,572.324419,366.99732,469.459705,351.639399,520.892062,359.318359,2.821074,1.9462,-1.794963,1.563578,0.513056,1.754889
413,13.766667,1,572.231855,367.017184,469.456129,351.759331,520.843992,359.388258,2.828866,1.858128,-1.806209,1.47364,0.511329,1.665884
414,13.8,1,572.168627,366.985888,469.469938,351.692356,520.819283,359.339122,2.81001,1.897433,-1.777599,1.56836,0.516206,1.732897
415,13.833333,1,572.244959,366.927888,469.413061,351.838403,520.82901,359.383146,2.834128,1.789577,-1.793677,1.516738,0.520226,1.653158
416,13.866667,1,572.057667,366.926805,469.343538,351.813635,520.700603,359.37022,2.805777,1.879546,-1.767036,1.625625,0.519371,1.752586
417,13.9,1,572.24967,366.920046,469.325237,351.85537,520.787454,359.387708,2.840421,1.778292,-1.802575,1.439568,0.518923,1.60893
418,13.933333,1,572.145891,366.979923,469.273605,351.749938,520.709748,359.364931,2.814183,1.884977,-1.753617,1.573462,0.530283,1.729219
419,13.966667,1,572.231197,366.849058,469.148588,351.736189,520.689893,359.292624,2.837582,1.914272,-1.83339,1.515418,0.502096,1.714845
420,14.0,1,572.223177,366.904634,468.852587,351.746778,520.537882,359.325706,2.818407,1.986885,-1.780769,1.547756,0.518819,1.76732
421,14.033333,1,571.919613,366.633494,468.61907,351.750212,520.269341,359.191853,2.838904,2.042234,-1.839787,1.617588,0.499558,1.829911
422,14.066667,1,571.782341,366.613094,468.442841,351.751574,520.112591,359.182334,2.818423,1.988952,-1.809807,1.590033,0.504308,1.789493
423,14.1,1,571.285734,366.354346,468.399019,351.637661,519.842377,358.996004,2.818089,2.069864,-1.847107,1.663991,0.485491,1.866927
424,14.133333,1,571.253948,366.307558,468.070316,351.600657,519.662132,358.954107,2.825797,1.99936,-1.789884,1.570729,0.517956,1.785045
425,14.166667,1,570.023212,365.910687,467.896929,352.009871,518.960071,358.960279,2.794527,2.011003,-1.831775,1.798193,0.481376,1.904598
426,14.2,1,569.959297,365.94054,467.080488,352.215473,518.519893,359.078007,2.807702,2.067074,-1.819768,1.619969,0.493967,1.843522
427,14.233333,1,569.406271,365.794076,466.598082,352.240525,518.002176,359.0173,2.842373,2.002164,-1.8261,1.612882,0.508136,1.807523
428,14.266667,1,568.521729,365.670206,465.934391,352.276686,517.22806,358.973446,2.820595,1.943111,-1.816576,1.622436,0.502009,1.782773
429,14.3,1,567.457857,365.089524,464.853315,352.246796,516.155586,358.66816,2.829859,2.018676,-1.838537,1.684292,0.495661,1.851484
430,14.333333,1,566.08285,364.53428,464.114408,351.880707,515.098629,358.207493,2.83903,1.983263,-1.818529,1.66107,0.510251,1.822166
431,14.366667,1,564.423494,364.36441,463.15815,352.252691,513.790822,358.308551,2.777671,1.734326,-1.759121,1.701627,0.509275,1.717977
432,14.4,1,562.972345,364.207029,462.361345,352.616903,512.666845,358.411966,2.793706,1.58427,-1.718711,1.477233,0.537498,1.530751
433,14.433333,1,562.096806,364.115925,459.907961,352.181849,511.002383,358.148887,2.876197,1.600824,-1.682259,1.953687,0.596969,1.777256
434,14.466667,1,560.303736,363.591945,458.479376,352.246045,509.391556,357.918995,2.840497,1.608795,-1.669258,1.811351,0.58562,1.710073
435,14.5,1,559.033918,363.588603,456.374512,352.162306,507.704215,357.875454,2.916568,1.777318,-1.679218,1.680732,0.618675,1.729025
436,14.533333,1,557.526798,362.912471,455.101748,352.369421,506.314273,357.640946,2.972313,1.724694,-1.707149,1.765871,0.632582,1.745282
437,14.566667,1,555.768032,362.661132,452.628365,352.389715,504.198198,357.525423,2.971776,1.670322,-1.693256,1.787908,0.63926,1.729115
438,14.6,1,555.375881,362.642748,453.015013,352.262342,504.195447,357.452545,2.920121,1.794034,-1.653837,1.71552,0.633142,1.754777
439,14.633333,1,553.812284,362.607837,450.344048,352.664824,502.078166,357.63633,2.945111,1.670713,-1.721839,1.782256,0.611636,1.726485
440,14.666667,1,552.088575,362.19961,448.843374,352.952453,500.465975,357.576031,2.955177,1.685181,-1.695947,1.788126,0.629615,1.736653
441,14.7,1,550.475922,361.598811,447.193727,352.971593,498.834825,357.285202,2.936047,1.803574,-1.714338,1.962451,0.610855,1.883013
442,14.733333,1,549.150667,361.175205,445.675812,353.064902,497.413239,357.120053,2.961869,1.803144,-1.685493,1.883664,0.638188,1.843404
443,14.766667,1,548.071613,361.019787,445.374737,353.48169,496.723175,357.250738,2.938596,1.699837,-1.692021,1.940686,0.623288,1.820262
444,14.8,1,547.122383,360.873424,444.124613,352.952136,495.623498,356.91278,2.97774,1.712654,-1.699785,1.735791,0.638978,1.724223
445,14.833333,1,546.309633,360.736755,443.593473,353.252045,494.951553,356.9944,2.954524,1.640735,-1.695977,1.783836,0.629274,1.712285
446,14.866667,1,545.869102,360.542251,443.139391,353.419157,494.504247,356.980704,2.943453,1.707346,-1.700766,1.693879,0.621344,1.700612
447,14.9,1,545.457344,360.579759,442.588358,353.335258,494.022851,356.957509,2.949805,1.769696,-1.697298,1.6208,0.626254,1.695248
448,14.933333,1,545.205326,360.471843,442.417936,353.242609,493.811631,356.857226,2.949218,1.734187,-1.699036,1.645149,0.625091,1.689668
449,14.966667,1,545.409803,360.508772,442.353811,353.150352,493.881807,356.829562,2.97189,1.702938,-1.700383,1.698527,0.635754,1.700733
450,15.0,1,545.60565,360.353773,442.333012,352.956519,493.969331,356.655146,2.991903,1.700012,-1.697897,1.763628,0.647003,1.73182
451,15.033333,1,545.527573,360.309741,442.334423,353.052472,493.930998,356.681107,2.979457,1.69271,-1.710726,1.750336,0.634365,1.721523
452,15.066667,1,545.652132,360.160235,442.431736,353.018451,494.041934,356.589343,2.997454,1.650781,-1.691682,1.754415,0.652886,1.702598
453,15.1,1,545.680256,360.121681,442.272902,353.068228,493.976579,356.594954,2.982702,1.70768,-1.689455,1.715861,0.646624,1.711771
454,15.133333,1,545.912437,360.167466,442.720737,352.888675,494.316587,356.528071,3.012672,1.671193,-1.692294,1.817308,0.660189,1.74425
455,15.166667,1,546.005116,360.200238,442.691336,352.832413,494.348226,356.516325,3.013581,1.712781,-1.686358,1.784683,0.663612,1.748732
456,15.2,1,546.004267,360.097439,442.727871,352.829543,494.366069,356.463491,3.023114,1.695266,-1.700541,1.808134,0.661287,1.7517
457,15.233333,1,546.212482,360.071363,442.683926,352.454855,494.448204,356.263109,3.034578,1.703127,-1.681627,1.770046,0.676476,1.736586
458,15.266667,1,546.196251,360.02421,442.760782,352.657828,494.478517,356.341019,3.019105,1.673861,-1.68157,1.709641,0.668767,1.691751
459,15.3,1,546.203566,359.945256,442.698221,352.762724,494.450893,356.35399,3.015099,1.670919,-1.694887,1.736608,0.660106,1.703764
460,15.333333,1,544.377651,359.757856,440.638161,352.935534,492.507906,356.346695,2.941306,1.722559,-1.719714,1.565611,0.610796,1.644085
461,15.366667,1,544.371634,359.581661,440.59803,352.831657,492.484832,356.206659,2.953608,1.812598,-1.728564,1.564539,0.612522,1.688568
462,15.4,1,544.394951,359.613274,440.211582,352.775143,492.303267,356.194208,2.928572,1.76507,-1.73584,1.585631,0.596366,1.675351
463,15.433333,1,544.372206,359.472978,440.017567,352.587758,492.194886,356.030368,2.926919,1.780293,-1.739931,1.601147,0.593494,1.69072
464,15.466667,1,544.376297,359.677427,440.082769,352.561832,492.229533,356.119629,2.919004,1.769452,-1.731521,1.61331,0.593742,1.691381
465,15.5,1,544.35935,359.736291,440.173101,352.61825,492.266226,356.17727,2.913922,1.747371,-1.735187,1.629152,0.589368,1.688262
466,15.533333,1,544.394226,359.778455,440.650892,352.771688,492.522559,356.275072,2.921967,1.685231,-1.717756,1.573707,0.602106,1.629469
467,15.566667,1,544.601774,359.455292,440.82778,352.577228,492.714777,356.01626,2.911452,1.659688,-1.735193,1.665685,0.588129,1.662687
468,15.6,1,544.908876,359.649414,440.885677,352.70135,492.897277,356.175382,2.970908,1.59649,-1.728485,1.694168,0.621211,1.645329
469,15.633333,1,542.32111,364.103635,442.603741,354.617954,492.462425,359.360795,2.852777,2.114748,-1.780462,11.408114,0.536157,6.761431
470,15.666667,1,541.821814,367.745651,445.603752,356.094891,493.712783,361.920271,2.879027,3.240913,-1.613323,50.880408,0.632852,27.06066
471,15.7,1,542.782278,363.503222,444.764204,354.173974,493.773241,358.838598,2.829412,2.500661,-1.720996,23.203256,0.554208,12.851958
472,15.733333,1,547.638502,361.871592,444.379053,352.988834,496.008778,357.430213,2.960034,1.996478,-1.812066,3.633647,0.573984,2.815063
473,15.766667,1,548.628349,361.115316,445.21801,352.311265,496.92318,356.713291,2.947928,1.921662,-1.773938,2.628224,0.586995,2.274943
474,15.8,1,549.494305,361.199457,445.38826,351.547973,497.441282,356.373715,2.985269,1.814146,-1.740754,2.330039,0.622257,2.072092
475,15.833333,1,549.917345,360.736894,446.338406,351.05287,498.127875,355.894882,2.966087,1.670499,-1.729463,2.0621,0.618312,1.8663
476,15.866667,1,550.585594,360.933859,446.484356,351.173585,498.534975,356.053722,2.977884,1.641246,-1.751127,2.072538,0.613379,1.856892
477,15.9,1,550.845995,360.877061,446.708145,351.186465,498.77707,356.031763,2.969201,1.683048,-1.740862,2.087113,0.61417,1.88508
478,15.933333,1,551.891069,361.062434,448.166294,350.01684,500.028682,355.539637,3.02067,2.224461,-1.735929,2.223615,0.64237,2.224038
479,15.966667,1,553.742027,361.261518,451.195889,350.337825,502.468958,355.799671,3.070678,1.913985,-1.697679,2.33287,0.686499,2.123428
480,16.0,1,553.742571,361.173842,451.231384,350.473325,502.486978,355.823583,3.076703,1.858696,-1.691459,2.158196,0.692622,2.008446
481,16.033333,1,553.916597,360.692992,451.253624,349.947692,502.585111,355.320342,3.067317,1.873212,-1.683304,2.161208,0.692007,2.01721
482,16.066667,1,554.282942,360.304742,451.6747,349.846804,502.978821,355.075773,3.06401,1.587455,-1.705426,2.153582,0.679292,1.870519
483,16.1,1,554.620953,359.781142,451.64856,348.874814,503.134756,354.327978,3.047779,1.677773,-1.708058,2.074528,0.669861,1.87615
484,16.133333,1,555.363035,359.242212,452.24143,348.066391,503.802233,353.654301,3.051652,1.811702,-1.718758,2.17678,0.666447,1.994241
485,16.166667,1,556.119795,358.667457,453.547497,347.679461,504.833646,353.173459,3.018435,1.642891,-1.708324,2.177934,0.655055,1.910412
486,16.2,1,557.003555,358.029596,454.453173,347.126738,505.728364,352.578167,3.013726,1.427552,-1.710219,2.163337,0.651754,1.795444
487,16.233333,1,558.054943,357.911487,455.883236,346.002367,506.96909,351.956927,3.002391,1.584744,-1.690325,2.007153,0.656033,1.795949
488,16.266667,1,559.149008,357.954837,457.14839,345.519032,508.148699,351.736935,2.933665,1.57194,-1.726484,1.958694,0.60359,1.765317
489,16.3,1,559.689188,357.736822,457.953339,345.311349,508.821263,351.524085,2.914111,1.518624,-1.739182,1.864654,0.587465,1.691639
490,16.333333,1,560.570765,358.31104,459.316254,345.671865,509.943509,351.991452,2.895113,1.63619,-1.751464,1.642599,0.571824,1.639395
491,16.366667,1,561.503172,358.808557,460.142298,345.859228,510.822735,352.333893,2.86348,1.790301,-1.78624,1.471862,0.53862,1.631082
492,16.4,1,563.138943,358.872174,460.782738,345.501829,511.96084,352.187001,2.908776,2.197984,-1.843141,1.629328,0.532818,1.913656
493,16.433333,1,563.961573,358.695266,461.598701,345.517976,512.780137,352.106621,2.907994,2.067613,-1.840439,1.545049,0.533778,1.806331
494,16.466667,1,564.954538,358.651128,462.558613,345.661758,513.756576,352.156443,2.91446,2.050229,-1.828793,1.428759,0.542833,1.739494
495,16.5,1,565.102243,358.645141,463.410721,346.076658,514.256482,352.3609,2.895829,1.867612,-1.817735,1.509383,0.539047,1.688497
496,16.533333,1,565.563059,358.94513,463.444824,346.149276,514.503942,352.547203,2.892999,1.975067,-1.836407,1.519576,0.528296,1.747321
497,16.566667,1,565.976381,359.189962,463.73539,346.618754,514.855886,352.904358,2.909216,1.920123,-1.831807,1.570405,0.538705,1.745264
498,16.6,1,565.493135,359.411389,463.893661,346.851817,514.693398,353.131603,2.87007,1.935689,-1.812521,1.5141,0.528774,1.724894
499,16.633333,1,565.568733,359.718288,463.712492,346.87512,514.640613,353.296704,2.875496,2.001399,-1.808258,1.597342,0.533619,1.79937
500,16.666667,1,564.310799,360.481982,463.792391,347.224097,514.051595,353.853039,2.869619,1.794282,-1.754278,1.53326,0.557671,1.663771
501,16.7,1,563.059778,360.777433,462.188168,347.373464,512.623973,354.075448,2.918565,1.731846,-1.718635,1.937698,0.599965,1.834772
502,16.733333,1,561.10157,361.428298,459.072313,348.17833,510.086942,354.803314,2.977439,1.653435,-1.739883,2.00734,0.618778,1.830387
503,16.766667,1,558.290052,360.773474,454.955111,348.460482,506.622581,354.616978,2.988995,1.636444,-1.831743,2.368378,0.578626,2.002411
504,16.8,1,554.437571,359.405977,451.723928,348.414938,503.08075,353.910457,3.001654,1.746089,-1.733509,2.220007,0.634073,1.983048
505,16.833333,1,550.480585,358.945677,448.508205,348.728365,499.494395,353.837021,2.940727,1.603288,-1.723444,2.151451,0.608641,1.87737
506,16.866667,1,546.440334,358.405105,444.950104,348.819367,495.695219,353.612236,2.937892,1.463059,-1.729996,2.190601,0.603948,1.82683
507,16.9,1,544.064674,358.279046,442.696028,349.380888,493.380351,353.829967,2.929384,1.393402,-1.704155,2.107144,0.612615,1.750273
508,16.933333,1,541.861467,358.038742,440.608587,349.901381,491.235027,353.970062,2.953325,1.364909,-1.714506,2.003647,0.619409,1.684278
509,16.966667,1,540.390434,357.71861,438.97336,350.379179,489.681897,354.048894,2.96512,1.413872,-1.677921,1.910345,0.643599,1.662109
510,17.0,1,539.59053,357.707457,437.837229,350.735891,488.71388,354.221674,2.917514,1.299378,-1.670752,2.06144,0.623381,1.680409
511,17.033333,1,539.084635,357.754229,437.473612,350.935941,488.279123,354.345085,2.934569,1.26855,-1.663733,1.939882,0.635418,1.604216
512,17.066667,1,539.23131,357.700006,437.42548,351.057268,488.328395,354.378637,2.921699,1.256232,-1.654212,1.941609,0.633743,1.59892
513,17.1,1,539.377728,357.767758,437.370243,350.895059,488.373985,354.331409,2.910698,1.280061,-1.660674,1.936192,0.625012,1.608127
514,17.133333,1,539.259949,357.852892,437.559109,350.81315,488.409529,354.333021,2.907625,1.324519,-1.670769,1.93007,0.618428,1.627294
515,17.166667,1,539.838114,357.912131,437.852049,350.819764,488.845081,354.365948,2.902119,1.328793,-1.660531,1.847841,0.620794,1.588317
516,17.2,1,540.426788,357.992517,438.532343,350.775089,489.479566,354.383803,2.908933,1.332126,-1.671102,1.921144,0.618915,1.626635
517,17.233333,1,541.115808,358.222028,438.990431,350.740746,490.05312,354.481387,2.894591,1.388498,-1.683277,1.900248,0.605657,1.644373
518,17.266667,1,541.688261,358.256173,439.674549,350.928313,490.681405,354.592243,2.94753,1.280372,-1.694595,1.986265,0.626468,1.633318
519,17.3,1,542.095366,358.447693,439.691725,350.934375,490.893545,354.691034,2.916792,1.304774,-1.708638,2.019775,0.604077,1.662274
520,17.333333,1,541.853762,358.53428,439.756193,350.966395,490.804977,354.750338,2.886582,1.345556,-1.69074,1.932562,0.597921,1.639059
521,17.366667,1,541.954269,358.570645,439.800072,350.992091,490.877171,354.781368,2.915326,1.391169,-1.698198,1.99816,0.608564,1.694664
522,17.4,1,541.373291,358.669667,439.245167,351.035752,490.309229,354.852709,2.890803,1.352791,-1.674921,1.985542,0.607941,1.669167
523,17.433333,1,540.7022,358.728611,438.919792,351.209419,489.810996,354.969015,2.886646,1.309148,-1.663018,1.923707,0.611814,1.616428
524,17.466667,1,539.586821,358.735059,438.060598,350.973347,488.823709,354.854203,2.882161,1.412548,-1.678546,2.02771,0.601808,1.720129
525,17.5,1,538.812122,358.92923,437.604275,351.099937,488.208199,355.014583,2.881745,1.410326,-1.679107,1.936646,0.601319,1.673486
526,17.533333,1,537.809887,358.545524,436.770992,351.158817,487.29044,354.85217,2.899321,1.394264,-1.673803,1.994878,0.612759,1.694571
527,17.566667,1,537.349825,358.33357,435.776339,351.705505,486.563082,355.019538,2.901445,1.340111,-1.657662,2.01736,0.621891,1.678735
528,17.6,1,536.288452,358.5236,434.583969,351.594322,485.436211,355.058961,2.92156,1.477971,-1.652485,1.971063,0.634537,1.724517
529,17.633333,1,535.223484,358.305552,433.769054,351.354725,484.496269,354.830139,2.895787,1.451699,-1.64803,1.977078,0.623879,1.714389
530,17.666667,1,534.058027,358.251189,431.734705,351.503352,482.896366,354.87727,2.87429,1.563883,-1.66844,2.074341,0.602925,1.819112
531,17.7,1,531.026678,357.724725,430.27545,352.386662,480.651064,355.055694,2.840686,1.242272,-1.686673,1.939331,0.577007,1.590801
532,17.733333,1,531.25701,357.903001,429.994555,352.483034,480.625782,355.193017,2.832136,1.249944,-1.682027,1.924791,0.575055,1.587367
533,17.766667,1,531.529427,357.937376,430.150433,352.191918,480.83993,355.064647,2.900959,1.22268,-1.691482,1.929568,0.604739,1.576124
534,17.8,1,532.106133,358.06757,430.287151,352.345549,481.196642,355.20656,2.911696,1.297068,-1.687178,1.935801,0.612259,1.616435
535,17.833333,1,532.538338,358.031409,430.47905,352.055184,481.508694,355.043297,2.920468,1.350702,-1.682978,1.899682,0.618745,1.625192
536,17.866667,1,533.233032,358.004002,431.082859,351.932446,482.157946,354.968224,2.93704,1.431818,-1.690466,1.891301,0.623287,1.66156
537,17.9,1,533.783655,358.04136,431.226425,351.905833,482.50504,354.973597,2.915615,1.410121,-1.687376,1.906666,0.61412,1.658393
538,17.933333,1,534.085913,358.009967,431.885338,351.958475,482.985625,354.984221,2.93041,1.546291,-1.67914,1.908259,0.625635,1.727275
539,17.966667,1,533.971224,358.230917,431.940956,351.832513,482.95609,355.031715,2.885183,1.562003,-1.702375,1.915981,0.591404,1.738992
540,18.0,1,534.755001,358.139706,432.675905,351.939232,483.715453,355.039469,2.933157,1.642183,-1.694524,1.954717,0.619317,1.79845
541,18.033333,1,536.358299,357.894536,434.283113,351.676311,485.320706,354.785424,2.925999,1.392698,-1.649428,2.078411,0.638285,1.735555
542,18.066667,1,535.608997,357.995124,434.22039,351.872998,484.914694,354.934061,2.939243,1.488723,-1.646685,2.061051,0.646279,1.774887
543,18.1,1,535.041656,358.120227,433.488607,352.064336,484.265132,355.092282,2.94434,1.564844,-1.649237,2.101865,0.647552,1.833355
544,18.133333,1,534.526997,358.007838,433.152065,352.105889,483.839531,355.056863,2.942495,1.479276,-1.632524,2.052257,0.654985,1.765766
545,18.166667,1,534.169006,358.118441,432.632828,352.160118,483.400917,355.139279,2.94079,1.436547,-1.623434,2.062145,0.658678,1.749346
546,18.2,1,533.584661,357.844105,431.83135,352.298799,482.708006,355.071452,2.958838,1.244239,-1.61975,2.006786,0.669544,1.625513
547,18.233333,1,532.805195,357.554255,431.272736,352.527312,482.038965,355.040783,2.966784,1.127646,-1.604987,1.934054,0.680898,1.53085
548,18.266667,1,531.954031,357.531751,430.631952,352.452698,481.292992,354.992225,2.999887,1.145221,-1.59145,1.964732,0.704219,1.554976
549,18.3,1,530.908146,357.395049,429.470472,352.707455,480.189309,355.051252,3.028994,1.066895,-1.582449,1.993479,0.723272,1.530187
550,18.333333,1,529.653606,357.250333,428.402348,352.875811,479.027977,355.063072,3.018774,1.028745,-1.58183,1.991099,0.718472,1.509922
551,18.366667,1,528.583937,357.248477,427.840824,353.115907,478.21238,355.182192,3.039912,0.920474,-1.587474,1.968044,0.726219,1.444259
552,18.4,1,528.497486,357.285374,427.894859,353.124812,478.196173,355.205093,3.03776,0.828714,-1.589403,2.009003,0.724179,1.418858
553,18.433333,1,528.662701,357.300678,427.833366,353.217106,478.248034,355.258892,3.046027,0.88681,-1.587495,1.988334,0.729266,1.437572
554,18.466667,1,529.062252,357.165849,428.25778,353.19214,478.660016,355.178995,3.021965,0.898212,-1.601496,2.009546,0.710234,1.453879
555,18.5,1,529.70438,357.026369,428.882256,353.299692,479.293318,355.16303,3.017525,0.841424,-1.602169,2.072278,0.707678,1.456851
556,18.533333,1,529.628191,357.144644,428.945026,353.337017,479.286609,355.24083,3.029115,0.904121,-1.598614,2.048112,0.715251,1.476116
557,18.566667,1,529.627295,357.104759,428.954191,353.350369,479.290743,355.227564,3.041398,0.920297,-1.595784,2.065237,0.722807,1.492767
558,18.6,1,529.737253,357.073195,428.908873,353.410081,479.323063,355.241638,3.037955,0.941097,-1.588922,2.012731,0.724517,1.476914
559,18.633333,1,529.747009,357.142251,428.929052,353.375276,479.338031,355.258764,3.044289,0.978032,-1.587077,1.988118,0.728606,1.483075
560,18.666667,1,529.998732,357.134044,428.912497,353.361222,479.455614,355.247633,3.019825,1.039972,-1.603789,1.978798,0.708018,1.509385
561,18.7,1,530.352926,357.202467,429.020395,353.450716,479.686661,355.326591,3.006896,1.035582,-1.615883,1.967658,0.695506,1.50162
562,18.733333,1,530.395384,357.196239,429.026833,353.438394,479.711108,355.317316,3.001889,1.069858,-1.61617,1.94577,0.692859,1.507814
563,18.766667,1,530.380936,357.175698,429.121256,353.445743,479.751096,355.310721,2.984695,1.03011,-1.615456,1.963176,0.68462,1.496643
564,18.8,1,529.912529,357.241836,428.850498,353.654757,479.381514,355.448297,3.035825,1.059864,-1.60004,2.024172,0.717893,1.542018
565,18.833333,1,529.118004,357.227851,428.224554,353.702082,478.671279,355.464967,3.041365,1.036452,-1.594354,1.997951,0.723505,1.517202
566,18.866667,1,528.163519,356.992509,427.238569,354.353698,477.701044,355.673103,3.027329,0.927005,-1.592008,2.045776,0.71766,1.486391
567,18.9,1,527.424927,357.338718,426.434765,354.16818,476.929846,355.753449,3.01984,0.990429,-1.578426,1.896579,0.720707,1.443504
568,18.933333,1,526.863489,357.272108,425.93277,354.511798,476.398129,355.891953,3.005089,0.930959,-1.575063,1.936048,0.715013,1.433504
569,18.966667,1,526.508045,357.400478,425.507317,354.539521,476.007681,355.97,3.006773,0.946194,-1.582682,1.927849,0.712045,1.437022
570,19.0,1,526.489401,357.277198,425.241852,354.733306,475.865626,356.005252,3.040553,0.932694,-1.595989,1.933311,0.722282,1.433002
571,19.033333,1,526.131458,357.078264,425.218439,354.867657,475.674949,355.972961,3.036434,0.908662,-1.591345,1.879613,0.722545,1.394137
572,19.066667,1,526.245279,356.864685,424.853907,355.041727,475.549593,355.953206,3.031098,0.906199,-1.600196,2.032036,0.715451,1.469117
573,19.1,1,525.861397,356.956272,424.688244,355.374488,475.27482,356.16538,3.035504,0.940356,-1.595838,1.984654,0.719833,1.462505
574,19.133333,1,525.785408,356.988791,424.413118,355.495584,475.099263,356.242188,3.03992,0.929115,-1.614673,1.986634,0.712624,1.457875
575,19.166667,1,525.698566,357.210878,424.669628,355.357413,475.184097,356.284145,3.021343,0.974909,-1.602531,1.82022,0.709406,1.397564
576,19.2,1,525.657063,357.164492,424.794302,355.340735,475.225682,356.252613,3.003608,0.989888,-1.596802,1.849501,0.703403,1.419694
577,19.233333,1,525.623932,357.223206,424.891071,355.153018,475.257502,356.188112,3.018358,1.0592,-1.588775,1.794306,0.714791,1.426753
578,19.266667,1,525.499849,357.159449,424.769583,355.078576,475.134716,356.119013,3.011265,1.004709,-1.588514,1.831802,0.711375,1.418256
579,19.3,1,524.86577,357.031749,424.344683,355.339705,474.605227,356.185727,3.012597,0.956976,-1.595031,1.985718,0.708783,1.471347
580,19.333333,1,524.716043,357.107356,423.5779,355.363126,474.146972,356.235241,3.008283,0.984235,-1.617307,2.004151,0.695488,1.494193
581,19.366667,1,524.267149,357.308698,423.418913,355.502611,473.843031,356.405655,2.989391,1.051539,-1.603093,1.884188,0.693149,1.467863
582,19.4,1,523.982868,357.346072,423.216658,355.611219,473.599763,356.478646,2.99851,1.060921,-1.609262,1.875727,0.694624,1.468324
583,19.433333,1,523.867035,357.297551,422.97863,355.790622,473.422832,356.544086,2.987207,1.058224,-1.620206,1.922406,0.6835,1.490315
584,19.466667,1,523.468494,357.425015,422.670069,355.957831,473.069282,356.691423,3.002572,1.107511,-1.611012,1.968478,0.69578,1.537995
585,19.5,1,523.270397,357.44614,422.513685,356.098148,472.892041,356.772144,2.984937,1.036259,-1.620192,2.024887,0.682373,1.530573
586,19.533333,1,523.415012,357.557318,422.565165,356.248394,472.990088,356.902856,2.997616,0.9414,-1.615758,1.999446,0.690929,1.470423
587,19.566667,1,523.701372,357.620248,422.12141,356.418666,472.911391,357.019457,2.990436,0.947195,-1.630667,1.979437,0.679885,1.463316
588,19.6,1,523.414459,357.752277,422.039928,356.37971,472.727194,357.065993,2.958252,1.027389,-1.609054,2.001047,0.674599,1.514218
589,19.633333,1,523.60837,357.938508,422.253141,356.490979,472.930756,357.214743,2.970312,1.022599,-1.625133,1.929266,0.67259,1.475932
590,19.666667,1,523.738632,357.797493,422.442331,356.487937,473.090482,357.142715,2.969893,1.032866,-1.615162,1.978222,0.677366,1.505544
591,19.7,1,523.800411,357.847254,422.322397,356.317606,473.061404,357.08243,2.971142,1.078709,-1.608338,1.925877,0.681402,1.502293
592,19.733333,1,523.872452,357.943159,422.434692,356.198253,473.153572,357.070706,2.953507,1.08584,-1.593981,1.873296,0.679763,1.479568
593,19.766667,1,524.082298,358.045989,422.548456,356.115636,473.315377,357.080812,2.938822,1.052577,-1.586455,1.861489,0.676183,1.457033
594,19.8,1,524.06683,358.074796,422.812033,356.056407,473.439431,357.065602,2.923907,1.021987,-1.596082,1.882184,0.663913,1.452086
595,19.833333,1,524.222546,358.032321,423.136721,356.258683,473.679633,357.145502,2.935556,0.974206,-1.595319,1.904801,0.670118,1.439503
596,19.866667,1,524.510689,358.618872,424.805031,356.948671,474.65786,357.783771,2.928255,0.84519,-1.586689,2.230223,0.670783,1.537707
597,19.9,1,525.697966,359.135808,424.80669,357.366323,475.252328,358.251066,3.009194,0.986418,-1.637138,2.636274,0.686028,1.811346
598,19.933333,1,525.808029,358.660896,424.788399,357.276753,475.298214,357.968825,3.017856,0.949196,-1.618193,2.372793,0.699831,1.660994
599,19.966667,1,525.865459,358.421043,425.400782,356.973535,475.633121,357.697289,2.972213,0.89433,-1.584867,2.167732,0.693673,1.531031
600,20.0,1,525.996656,358.053006,425.474577,356.248544,475.735617,357.150775,2.87015,0.922393,-1.583641,1.978133,0.643254,1.450263
601,20.033333,1,526.270857,357.591827,426.327658,355.827062,476.299257,356.709445,2.888634,0.747732,-1.597704,1.883201,0.645465,1.315466
602,20.066667,1,526.375151,357.344141,426.231689,355.611638,476.30342,356.477889,2.870414,0.743227,-1.607794,1.857002,0.63131,1.300115
603,20.1,1,526.293526,357.27421,425.949078,355.477865,476.121302,356.376038,2.867845,0.772365,-1.598973,1.918961,0.634436,1.345663
604,20.133333,1,525.866795,356.894056,425.111647,355.356549,475.489221,356.125302,2.886151,0.743045,-1.610082,1.995678,0.638034,1.369362
605,20.166667,1,525.198975,356.329252,424.981184,354.944379,475.090079,355.636816,2.911247,0.70529,-1.616601,1.88519,0.647323,1.29524
606,20.2,1,524.544735,356.399869,424.27063,355.18647,474.407682,355.79317,2.909229,0.749045,-1.650816,1.848974,0.629206,1.299009
607,20.233333,1,524.0905,356.652061,423.719769,354.829897,473.905134,355.740979,2.883034,0.787707,-1.612706,1.861384,0.635164,1.324546
608,20.266667,1,523.612337,356.045051,422.693901,354.861735,473.153119,355.453393,2.914255,0.73816,-1.604129,1.843852,0.655063,1.291006
609,20.3,1,522.937508,355.035569,421.986389,353.710472,472.461948,354.373021,2.830965,0.80547,-1.598232,1.725803,0.616366,1.265637
610,20.333333,1,522.173576,354.257541,421.642733,352.848941,471.908154,353.553241,2.896961,0.719098,-1.622414,1.737388,0.637274,1.228243
611,20.366667,1,521.157427,352.995164,420.336971,351.972293,470.747199,352.483729,2.839254,0.7207,-1.609908,1.675813,0.614673,1.198256
612,20.4,1,520.779428,352.657743,420.297556,351.54505,470.538492,352.101396,2.890975,0.63025,-1.607679,1.891047,0.641648,1.260648
613,20.433333,1,520.068302,352.327863,418.715391,352.019688,469.391847,352.173775,2.869161,0.688973,-1.639166,2.131826,0.614998,1.410399
614,20.466667,1,519.76059,352.399462,418.686132,352.101967,469.223361,352.250715,2.866712,0.668713,-1.606701,2.154703,0.630005,1.411708
615,20.5,1,519.53496,352.316474,418.695421,352.099312,469.115191,352.207893,2.870509,0.664105,-1.616526,2.138131,0.626991,1.401118
616,20.533333,1,519.687881,352.457977,418.50626,352.394441,469.097071,352.426209,2.890464,0.624184,-1.617998,2.147073,0.636233,1.385628
617,20.566667,1,520.222645,354.506595,420.44816,353.809118,470.335402,354.157856,2.905148,0.515237,-1.57604,2.159957,0.664554,1.337597
618,20.6,1,520.385971,355.206367,421.16847,355.374107,470.777221,355.290237,2.894992,0.217656,-1.583592,2.080229,0.6557,1.148943
619,20.633333,1,520.500975,356.037117,421.992931,355.320505,471.246953,355.678811,2.93292,0.167062,-1.552952,1.984,0.689984,1.075531
620,20.666667,1,521.231823,356.15213,421.157351,355.997871,471.194587,356.075,2.909823,0.41976,-1.613146,2.171155,0.648339,1.295457
621,20.7,1,520.954695,356.270555,421.185017,356.022016,471.069856,356.146285,2.885173,0.466248,-1.604908,1.917393,0.640133,1.191821
622,20.733333,1,520.581236,356.198151,421.184769,355.809435,470.883002,356.003793,2.892961,0.488917,-1.608148,1.862257,0.642407,1.175587
623,20.766667,1,520.664368,356.097284,421.21376,355.84992,470.939064,355.973602,2.904206,0.205634,-1.598034,2.056628,0.653086,1.131131
624,20.8,1,520.082588,356.351718,419.973612,355.436066,470.0281,355.893892,2.889906,0.103853,-1.616963,2.192144,0.636472,1.147999
625,20.833333,1,519.353743,356.541753,418.937006,355.549362,469.145374,356.045558,2.934088,-0.141699,-1.59726,2.375871,0.668414,1.117086
626,20.866667,1,518.032007,356.649551,418.337593,355.164294,468.1848,355.906922,2.916172,-0.254893,-1.599166,2.319755,0.658503,1.032431
627,20.9,1,517.601805,356.956932,418.150349,355.188074,467.876077,356.072503,2.924087,-0.25984,-1.601246,2.430771,0.66142,1.085466
628,20.933333,1,517.800932,357.802128,418.976154,355.577772,468.388543,356.68995,2.904803,0.243738,-1.604467,2.226583,0.650168,1.235161
629,20.966667,1,518.507891,357.95215,420.607281,355.510535,469.557586,356.731342,2.90232,0.333989,-1.576717,2.385505,0.662802,1.359747
630,21.0,1,519.708128,358.59809,421.225748,355.925558,470.466938,357.261824,2.895082,0.450477,-1.586277,2.321705,0.654403,1.386091
631,21.033333,1,520.435572,359.094465,421.687508,356.518788,471.06154,357.806626,2.882253,0.529741,-1.59565,2.423869,0.643301,1.476805
632,21.066667,1,520.643053,359.020259,421.792288,356.688625,471.21767,357.854442,2.863552,0.584143,-1.60231,2.366642,0.630621,1.475393
633,21.1,1,520.770388,359.278652,421.71176,357.165114,471.241074,358.221883,2.883745,0.124529,-1.60827,2.496301,0.637738,1.310415
634,21.133333,1,514.06908,359.756788,417.403593,358.260067,465.736337,359.008428,2.873872,-0.902477,-1.645239,3.532045,0.614317,1.314784
635,21.166667,1,505.543671,361.729032,409.811697,360.2038,457.677684,360.966416,2.9677,-1.730254,-1.604272,4.839532,0.681714,1.554639
636,21.2,1,493.368149,361.900431,402.946882,360.745955,448.157516,361.323193,2.999822,-2.236588,-1.490002,6.668241,0.75491,2.215826
637,21.233333,1,485.426188,360.115271,394.994659,360.655752,440.210423,360.385511,3.218528,-1.583148,-1.487483,5.158935,0.865522,1.787894
638,21.266667,1,476.244307,359.550843,388.249302,360.534757,432.246804,360.0428,3.360365,-0.591835,-1.522078,3.847252,0.919144,1.627709
639,21.3,1,471.470604,358.910841,384.608259,360.18687,428.039432,359.548855,3.527566,0.06163,-1.551157,2.61522,0.988204,1.338425
640,21.333333,1,467.032948,357.697399,383.169756,359.838156,425.101352,358.767777,3.442402,0.291926,-1.615812,2.33381,0.913295,1.312868
641,21.366667,1,467.026625,356.933398,383.087044,359.815882,425.056834,358.37464,3.535839,0.320514,-1.634008,2.278854,0.950916,1.299684
642,21.4,1,468.435259,355.128652,384.356031,359.968613,426.395645,357.548633,3.648277,0.277413,-1.612361,2.296685,1.017958,1.287049
643,21.433333,1,468.096714,354.307269,384.668493,360.814394,426.382604,357.560831,3.663369,0.193615,-1.594599,1.988663,1.034385,1.091139
644,21.466667,1,466.95467,353.550553,384.273376,359.832786,425.614023,356.69167,3.672098,0.14901,-1.611371,1.979147,1.030363,1.064078
645,21.5,1,464.592514,353.011714,382.316093,361.494355,423.454304,357.253034,3.574862,0.121488,-1.568422,2.118926,1.00322,1.120207
646,21.533333,1,461.734028,353.183139,378.955851,361.750538,420.344939,357.466839,3.427306,0.060576,-1.583011,2.174309,0.922147,1.117443
647,21.566667,1,458.081446,353.323016,375.742779,362.352726,416.912112,357.837871,3.658158,-0.137226,-1.578521,2.557884,1.039818,1.210329
648,21.6,1,453.14786,353.655127,372.878618,361.782639,413.013239,357.718883,3.540187,-0.249043,-1.532333,2.000352,1.003927,0.875655
649,21.633333,1,450.589056,353.746167,370.635023,362.599753,410.61204,358.17296,3.586902,-0.167246,-1.538354,2.112734,1.024274,0.972744
650,21.666667,1,448.286409,354.067678,369.252386,362.855319,408.769398,358.461498,3.5545,-0.191361,-1.553623,1.807819,1.000438,0.808229
651,21.7,1,446.219625,353.495622,367.776423,363.739616,406.998024,358.617619,3.600389,-0.306525,-1.530034,1.742399,1.035178,0.717937
652,21.733333,1,445.00248,353.714855,365.422144,363.356012,405.212312,358.535433,3.711046,-0.291346,-1.530217,1.74173,1.090414,0.725192
653,21.766667,1,444.119406,354.064411,364.978762,365.257505,404.549084,359.660958,3.71991,-0.391233,-1.51553,1.672666,1.10219,0.640716
654,21.8,1,443.548326,354.896652,364.828796,365.84242,404.188561,360.369536,3.649738,-0.323825,-1.500462,1.461635,1.074638,0.568905
655,21.833333,1,443.259773,354.644036,364.40156,365.868502,403.830667,360.256269,3.566998,-0.330806,-1.577676,1.555922,0.994661,0.612558
656,21.866667,1,443.78828,353.167185,363.680172,364.874523,403.734226,359.020854,3.683466,-0.642823,-1.556992,1.686943,1.063237,0.52206
657,21.9,1,444.48452,352.069899,364.192114,364.102696,404.338317,358.086298,3.481041,-0.521272,-1.585356,1.455815,0.947842,0.467271
658,21.933333,1,444.562368,351.308114,363.515387,362.623082,404.038877,356.965598,3.551466,0.10225,-1.562064,1.988676,0.994701,1.045463
659,21.966667,1,444.355183,351.05214,362.810955,361.613343,403.583069,356.332742,3.522156,0.080824,-1.602498,1.543253,0.959829,0.812038
660,22.0,1,444.632368,350.950693,363.545828,363.261625,404.089098,357.106159,3.678496,-0.471645,-1.582292,1.916633,1.048102,0.722494
661,22.033333,1,443.352585,351.300829,361.917496,362.168105,402.63504,356.734467,3.521605,0.019688,-1.604813,1.461292,0.958396,0.74049
662,22.066667,1,444.290571,351.006752,362.351427,364.495661,403.320999,357.751206,3.569891,0.196066,-1.590846,2.191627,0.989523,1.193846
663,22.1,1,443.879881,350.936456,361.792736,365.285411,402.836308,358.110934,3.622251,-0.008515,-1.604313,1.825021,1.008969,0.908253
664,22.133333,1,445.452366,349.553037,365.384417,364.591631,405.418391,357.072334,3.5882,-0.392911,-1.562067,2.032353,1.013066,0.819721
665,22.166667,1,446.435575,348.03186,365.295382,362.896003,405.865479,355.463931,3.688168,0.098568,-1.561189,1.559585,1.06349,0.829077
666,22.2,1,447.952394,345.831622,366.311846,362.211192,407.13212,354.021407,3.657446,0.167361,-1.535615,1.792631,1.060915,0.979996
667,22.233333,1,450.030756,344.418409,368.031158,360.386147,409.030957,352.402278,3.610719,0.233046,-1.582929,1.423745,1.013895,0.828396
668,22.266667,1,451.256313,343.614417,368.265581,359.954649,409.760947,351.784533,3.569138,0.404812,-1.580164,1.704181,0.994487,1.054497
669,22.3,1,452.708998,342.904506,370.208683,358.951519,411.45884,350.928013,3.569494,0.404703,-1.533453,1.522764,1.018021,0.963733
670,22.333333,1,453.963575,343.280252,371.050196,359.394824,412.506886,351.337538,3.499321,0.327691,-1.552291,1.938517,0.973515,1.133104
671,22.366667,1,456.028309,343.084944,372.157145,359.172308,414.092727,351.128626,3.404084,0.576951,-1.544131,1.778358,0.929977,1.177655
672,22.4,1,457.941084,342.868747,373.529453,358.676984,415.735269,350.772866,3.443561,0.528597,-1.553025,1.905387,0.945268,1.216992
673,22.433333,1,463.223705,340.730748,376.192551,357.516409,419.708128,349.123578,3.513682,0.352431,-1.577415,2.024125,0.968134,1.188278
674,22.466667,1,467.422485,339.050902,379.025335,354.736438,423.22391,346.89367,3.493484,0.422827,-1.541204,1.950495,0.97614,1.186661
675,22.5,1,470.9797,337.538978,381.420088,353.664531,426.199894,345.601754,3.667472,0.344758,-1.577527,2.064679,1.044972,1.204719
676,22.533333,1,474.143438,336.676379,383.686142,352.590521,428.91479,344.63345,3.588907,0.267261,-1.616598,2.139825,0.986154,1.203543
677,22.566667,1,477.351151,335.688307,386.696014,351.014696,432.023582,343.351502,3.50188,0.235155,-1.626798,2.52839,0.937541,1.381772
678,22.6,1,478.27116,334.689088,388.129215,350.296728,433.200188,342.492908,3.361827,0.120791,-1.541068,2.455939,0.91038,1.288365
679,22.633333,1,480.091505,333.14487,388.199692,349.244733,434.145598,341.194802,3.4304,-0.056091,-1.566004,3.279822,0.932198,1.611865
680,22.666667,1,482.020416,331.912256,391.033278,346.44006,436.526847,339.176158,3.384965,0.007766,-1.520845,3.041341,0.93206,1.524554
681,22.7,1,483.875494,331.354362,391.675406,346.189928,437.77545,338.772145,3.439741,-0.136161,-1.570029,3.308239,0.934856,1.586039
682,22.733333,1,485.789976,331.706949,393.669453,345.176423,439.729714,338.441686,3.459003,0.022003,-1.538355,2.741902,0.960324,1.381953
683,22.766667,1,488.53343,331.641777,395.828161,345.769438,442.180796,338.705607,3.450235,0.114015,-1.565974,3.221814,0.942131,1.667915
684,22.8,1,490.570641,332.29784,397.358236,344.668102,443.964438,338.482971,3.430921,0.009971,-1.577275,3.032215,0.926823,1.521093
685,22.833333,1,492.673712,332.737287,398.834696,345.010325,445.754204,338.873806,3.430911,-0.222678,-1.613129,2.756381,0.908891,1.266852
686,22.866667,1,494.284077,332.649665,400.541487,344.265867,447.412782,338.457766,3.462056,0.083675,-1.632375,2.250869,0.914841,1.167272
687,22.9,1,496.198893,333.29649,401.468124,344.018723,448.833508,338.657607,3.524304,-0.219149,-1.634143,2.080107,0.945081,0.930479
688,22.933333,1,496.220512,332.940218,400.952721,344.361289,448.586617,338.650753,3.470774,-0.283721,-1.657022,2.572637,0.906876,1.144458
689,22.966667,1,498.114729,334.501328,402.549772,344.666004,450.332251,339.583666,3.475338,-0.291692,-1.684062,2.199532,0.895638,0.95392
690,23.0,1,501.112385,336.081337,404.765415,345.947349,452.9389,341.014343,3.355899,-1.177428,-1.715172,2.892403,0.820363,0.857487
691,23.033333,1,506.620312,337.289785,408.174896,345.951598,457.397604,341.620691,3.404396,-1.460475,-1.75516,3.471311,0.824618,1.005418
692,23.066667,1,510.940647,339.420789,412.883368,346.362314,461.912007,342.891551,3.301595,-1.60702,-1.743887,3.70955,0.778854,1.051265
693,23.1,1,515.315857,341.001189,415.044699,346.98325,465.180278,343.99222,3.308671,-2.722196,-1.707063,3.416194,0.800804,0.346999
694,23.133333,1,515.997868,342.61265,420.358086,347.58958,468.177977,345.101115,3.176716,-4.41891,-1.679594,3.308053,0.748561,-0.555428
695,23.166667,1,519.573402,343.774449,422.012491,348.454474,470.792947,346.114461,3.161479,-3.131469,-1.679441,3.4518,0.741019,0.160165
696,23.2,1,521.538076,344.865244,425.502605,348.869272,473.520341,346.867258,3.113907,-2.507332,-1.643325,3.432698,0.735291,0.462683
697,23.233333,1,522.699738,345.96702,426.972179,349.702013,474.835958,347.834516,3.080176,-3.057228,-1.613606,4.344652,0.733285,0.643712
698,23.266667,1,524.791422,346.947953,427.882881,349.861078,476.337152,348.404515,3.054272,-0.523039,-1.64044,3.924037,0.706916,1.700499
699,23.3,1,527.33799,347.624379,428.10626,351.104084,477.722125,349.364231,3.05813,-0.007431,-1.738048,3.731785,0.660041,1.862177
700,23.333333,1,529.683809,348.743917,430.256557,351.329615,479.970183,350.036766,3.000397,0.087038,-1.778929,3.972213,0.610734,2.029625
701,23.366667,1,532.050581,349.737166,432.452765,352.211589,482.251673,350.974377,2.936044,-0.085204,-1.760794,4.835639,0.587625,2.375217
702,23.4,1,534.422483,350.325642,436.884336,352.73882,485.65341,351.532231,2.928517,-0.236288,-1.684883,3.801028,0.621817,1.78237
703,23.433333,1,536.667423,350.216085,439.504328,352.979211,488.085876,351.597648,2.964128,0.209945,-1.704871,4.062581,0.629629,2.136263
704,23.466667,1,538.200626,351.183085,440.601997,353.696224,489.401312,352.439655,2.877732,0.473186,-1.739321,4.234398,0.569205,2.353792
705,23.5,1,539.958019,351.815196,441.555262,353.645664,490.75664,352.73043,2.937989,0.606067,-1.742294,5.230444,0.597847,2.918255
706,23.533333,1,539.019661,352.478544,441.977997,354.179676,490.498829,353.32911,2.870246,1.111422,-1.741343,5.182526,0.564451,3.146974
707,23.566667,1,539.63728,353.619819,442.415657,354.956836,491.026468,354.288327,2.926759,0.440895,-1.72899,6.167298,0.598885,3.304097
708,23.6,1,539.492683,356.501032,441.906776,355.670233,490.69973,356.085632,2.900457,1.005918,-1.646663,8.500855,0.626897,4.753387
709,23.633333,1,539.144325,356.61516,442.905302,355.754626,491.024814,356.184893,2.909032,0.903437,-1.64298,8.720386,0.633026,4.811912
710,23.666667,1,539.23254,355.67306,443.456631,355.025489,491.344585,355.349275,2.914146,1.457264,-1.639413,7.586718,0.637366,4.521991
711,23.7,1,541.281633,354.546007,443.080025,354.775556,492.180829,354.660781,2.914288,1.327259,-1.729555,6.959701,0.592367,4.14348
712,23.733333,1,541.780758,354.079206,443.213415,354.461668,492.497087,354.270437,2.905104,1.281646,-1.753305,5.804798,0.575899,3.543222
713,23.766667,1,541.964178,353.840489,443.533497,354.455413,492.748837,354.147951,2.916253,1.007492,-1.752314,5.982545,0.58197,3.495019
714,23.8,1,541.529627,353.853836,443.114357,354.098298,492.321992,353.976067,2.933198,1.253333,-1.773967,5.839221,0.579616,3.546277
715,23.833333,1,541.351748,353.584102,443.293037,354.181559,492.322392,353.882831,2.915787,1.065141,-1.769432,5.987082,0.573178,3.526111
716,23.866667,1,539.054508,354.016104,441.245461,354.051268,490.149984,354.033686,2.885115,1.20488,-1.765373,6.391906,0.559871,3.798393
717,23.9,1,538.865385,354.024178,440.677023,354.168148,489.771204,354.096163,2.897965,1.121027,-1.763014,6.057605,0.567476,3.589316
718,23.933333,1,538.800945,354.132223,440.689459,354.085262,489.745202,354.108742,2.934082,1.335289,-1.761006,5.461898,0.586538,3.398594
719,23.966667,1,538.784418,354.191687,440.417328,354.269552,489.600873,354.230619,2.971732,1.320026,-1.750204,4.864624,0.610764,3.092325
720,24.0,1,538.248014,354.299034,439.881144,354.473834,489.064579,354.386434,2.985683,1.181882,-1.738519,4.651907,0.623582,2.916895
721,24.033333,1,538.190937,354.231105,439.628706,354.401468,488.909822,354.316286,2.973426,1.260477,-1.74395,4.736685,0.614738,2.998581
722,24.066667,1,538.941975,353.616466,441.695557,353.716174,490.318766,353.66632,2.999885,1.618274,-1.721354,4.619464,0.639265,3.118869
723,24.1,1,538.673878,353.45239,441.536722,353.601719,490.1053,353.527054,3.047083,1.86311,-1.711199,4.17551,0.667942,3.01931
724,24.133333,1,538.870373,353.332624,441.099653,353.60814,489.985013,353.470382,3.013864,1.395674,-1.716163,4.062871,0.64885,2.729273
725,24.166667,1,538.829899,353.194823,441.417465,353.639967,490.123682,353.417395,3.020495,1.322814,-1.719897,4.22862,0.650299,2.775717
726,24.2,1,538.430424,353.690876,440.973902,353.774475,489.702163,353.732675,3.02817,1.320944,-1.702565,3.618624,0.662803,2.469784
727,24.233333,1,538.278351,353.747583,440.492449,354.125619,489.3854,353.936601,3.058598,1.54307,-1.711592,3.739781,0.673503,2.641426
728,24.266667,1,538.084574,353.939184,439.973507,354.341301,489.02904,354.140242,3.050959,1.217356,-1.710092,3.546414,0.670433,2.381885
729,24.3,1,538.055573,354.014425,439.881821,354.359749,488.968697,354.187087,3.024378,1.057068,-1.713331,3.548711,0.655524,2.30289
730,24.333333,1,537.644358,354.099703,439.922018,354.408286,488.783188,354.253995,3.031363,1.142043,-1.68897,3.369728,0.671197,2.255885
731,24.366667,1,537.451668,353.878555,439.918318,354.478104,488.684993,354.17833,3.045994,1.057809,-1.689571,3.639523,0.678212,2.348666
732,24.4,1,536.42087,351.746923,439.089985,353.320849,487.755427,352.533886,3.040925,1.295423,-1.679213,3.457618,0.680856,2.376521
733,24.433333,1,536.82353,351.421759,438.083754,352.481462,487.453642,351.951611,3.027532,1.437951,-1.731,3.429026,0.648266,2.433488
734,24.466667,1,537.088585,351.56331,438.776398,352.225279,487.932491,351.894295,3.067938,1.502521,-1.686239,2.995061,0.690849,2.248791
735,24.5,1,536.766357,351.516929,437.393866,352.187203,487.080112,351.852066,3.05195,1.298642,-1.7034,2.927058,0.674275,2.11285
736,24.533333,1,536.991692,351.515942,437.421541,352.144405,487.206616,351.830174,3.121978,1.614156,-1.718409,3.035027,0.701784,2.324591
737,24.566667,1,536.978483,351.439784,437.154198,352.127582,487.06634,351.783683,3.080047,1.266931,-1.713797,3.04809,0.683125,2.157511
738,24.6,1,536.915922,351.601435,437.679176,352.292898,487.297549,351.947166,3.083636,1.31827,-1.712696,3.029204,0.68547,2.173737
739,24.633333,1,536.910963,351.615597,437.801447,352.271773,487.356205,351.943685,3.073433,1.294954,-1.715058,3.080565,0.679187,2.18776
740,24.666667,1,536.900587,351.672256,438.153496,352.212399,487.527041,351.942328,3.094891,1.413927,-1.702614,2.98744,0.696139,2.200683
741,24.7,1,536.865005,351.741816,437.765694,352.101318,487.31535,351.921567,3.101385,1.37669,-1.706041,2.812235,0.697672,2.094463
742,24.733333,1,536.82457,351.566877,437.334394,352.198103,487.079482,351.88249,3.127298,1.716515,-1.703056,2.871372,0.712121,2.293943
743,24.766667,1,535.025816,354.033426,438.183794,353.500471,486.604805,353.766949,3.113348,2.025216,-1.650845,5.576547,0.731251,3.800882
744,24.8,1,533.136158,357.996916,439.864893,356.254681,486.500525,357.125798,3.011642,1.54457,-1.521249,11.216427,0.745197,6.380498
745,24.833333,1,532.837048,360.158738,442.265663,357.657058,487.551355,358.907898,2.89526,0.323602,-1.446997,6.938999,0.724132,3.631301
746,24.866667,1,532.276449,360.770888,440.802822,359.155571,486.539636,359.96323,2.851726,-2.063171,-1.467848,10.973507,0.691939,4.455168
747,24.9,1,533.036633,360.486778,440.862169,359.723486,486.949401,360.105132,2.837084,-2.267991,-1.487858,17.125379,0.674613,7.428694
748,24.933333,1,532.247086,360.370542,441.101885,359.426973,486.674485,359.898757,2.781443,-0.648974,-1.526929,12.168562,0.627257,5.759794
749,24.966667,1,532.775412,359.264131,444.443474,358.66537,488.609443,358.96475,2.766999,-3.240761,-1.473332,27.63058,0.646833,12.194909
750,25.0,1,530.711803,358.082601,444.285345,357.429044,487.498574,357.755823,2.692574,-0.624201,-1.46812,38.217349,0.612227,18.796574
751,25.033333,1,536.728497,356.182525,446.272631,355.861754,491.500564,356.022139,2.834075,1.763094,-1.548695,17.524362,0.64269,9.643728
752,25.066667,1,539.139738,354.381673,444.727297,353.621541,491.933517,354.001607,2.941882,4.035941,-1.64648,11.57006,0.647701,7.803001
753,25.1,1,542.018795,353.486373,442.724218,351.825448,492.371507,352.655911,3.000208,3.225911,-1.807928,5.503147,0.59614,4.364529
754,25.133333,1,543.539181,352.778249,443.118572,351.519118,493.328876,352.148683,2.987787,2.896253,-1.868664,6.154197,0.559561,4.525225
755,25.166667,1,544.965057,352.460981,443.263826,350.83038,494.114442,351.645681,3.010078,2.966248,-1.86524,5.18932,0.572419,4.077784
756,25.2,1,545.344019,352.041677,445.175619,350.743348,495.259819,351.392512,2.945695,2.967006,-1.848969,5.149032,0.548363,4.058019
757,25.233333,1,545.232496,351.588389,444.264069,350.825788,494.748282,351.207089,2.923289,2.959557,-1.88466,5.513446,0.519314,4.236502
758,25.266667,1,545.334177,351.616471,443.430843,350.781532,494.38251,351.199002,2.927129,2.513072,-1.908619,5.664605,0.509255,4.088839
759,25.3,1,544.607744,351.408364,443.530121,350.888718,494.068933,351.148541,2.916257,2.318746,-1.887828,5.842625,0.514215,4.080686
760,25.333333,1,544.643345,350.90905,443.393269,350.766082,494.018307,350.837566,2.945216,2.482796,-1.885064,5.134452,0.530076,3.808624
761,25.366667,1,543.338747,350.326484,443.488789,350.41437,493.413768,350.370427,2.957586,2.343793,-1.889255,4.260556,0.534166,3.302175
762,25.4,1,542.596416,350.194439,441.290321,350.63239,491.943369,350.413415,2.98703,2.622655,-1.911306,4.578501,0.537862,3.600578
763,25.433333,1,541.737528,350.081019,441.115341,350.676888,491.426435,350.378954,3.006217,2.842608,-1.884877,4.492695,0.56067,3.667652
764,25.466667,1,540.220966,350.596288,439.66958,351.836767,489.945273,351.216527,2.982263,2.853685,-1.861208,4.479764,0.560528,3.666725
765,25.5,1,539.433174,350.451406,439.421501,352.609704,489.427338,351.530555,3.016853,3.37095,-1.862034,4.266701,0.577409,3.818825
766,25.533333,1,539.412918,350.632771,439.22636,353.324754,489.319639,351.978763,2.982483,3.256975,-1.871056,4.365353,0.555713,3.811164
767,25.566667,1,539.161339,350.631693,439.363251,353.46866,489.262295,352.050177,2.982953,3.367635,-1.861129,3.981492,0.560912,3.674564
768,25.6,1,539.363403,350.645399,439.844542,353.759975,489.603972,352.202687,2.965404,2.94989,-1.856241,3.960098,0.554581,3.454994
769,25.633333,1,540.036163,350.063006,439.76511,353.714753,489.900637,351.888879,3.014719,3.392713,-1.884461,3.955748,0.565129,3.674231
770,25.666667,1,540.338478,349.362456,440.510216,353.599809,490.424347,351.481133,3.007121,3.118631,-1.893024,4.591595,0.557048,3.855113
771,25.7,1,540.63489,349.562656,440.823774,353.418771,490.729332,351.490713,3.031885,3.198907,-1.880059,4.516834,0.575913,3.85787
772,25.733333,1,540.46772,349.552909,440.51136,353.546412,490.48954,351.54966,3.011025,3.113974,-1.890774,4.760608,0.560126,3.937291
773,25.766667,1,539.770746,349.782211,440.312996,353.776991,490.041871,351.779601,3.045797,3.468586,-1.871276,5.047174,0.587261,4.25788
774,25.8,1,538.772907,349.46976,440.134945,354.193983,489.453926,351.831872,3.068693,3.235754,-1.877084,5.191653,0.595804,4.213704
775,25.833333,1,537.707605,349.187586,439.669838,354.171474,488.688722,351.67953,3.069289,3.199715,-1.86617,5.159828,0.601559,4.179772
776,25.866667,1,536.929865,348.862288,439.337673,353.870026,488.133769,351.366157,3.117746,3.401872,-1.851612,5.059626,0.633067,4.230749
777,25.9,1,535.856657,348.253244,439.025364,353.511034,487.44101,350.882139,3.120718,3.253127,-1.853681,4.700375,0.633518,3.976751
778,25.933333,1,535.109797,348.94012,439.523268,354.077092,487.316532,351.508606,3.120497,3.091317,-1.829866,4.38513,0.645315,3.738223
779,25.966667,1,535.073652,348.297318,439.393959,354.443852,487.233806,351.370585,3.133823,3.196453,-1.833886,5.124085,0.649968,4.160269
780,26.0,1,534.939013,348.920304,439.944859,354.401393,487.441936,351.660849,3.108269,3.572739,-1.816426,5.234828,0.645921,4.403783
781,26.033333,1,534.211998,348.887646,439.364862,354.887994,486.78843,351.88782,3.121259,3.564062,-1.816041,5.16949,0.652609,4.366776
782,26.066667,1,534.535131,348.392059,439.625578,354.732479,487.080355,351.562269,3.12785,3.708279,-1.835441,5.242523,0.646205,4.475401
783,26.1,1,534.294815,349.176117,439.788895,355.057134,487.041855,352.116626,3.125954,4.291041,-1.79698,4.79432,0.664487,4.542681
784,26.133333,1,534.466782,348.36682,440.324764,355.072176,487.395773,351.719498,3.111697,3.930247,-1.815985,6.215215,0.647856,5.072731
785,26.166667,1,533.705988,349.059184,441.046371,355.57126,487.37618,352.315222,3.09396,4.598458,-1.771545,4.960813,0.661207,4.779636
786,26.2,1,534.721937,348.603004,441.15653,354.778544,487.939234,351.690774,3.081017,4.403917,-1.822377,5.172275,0.62932,4.788096
787,26.233333,1,535.178289,349.181111,441.550646,354.932293,488.364468,352.056702,3.117558,4.296589,-1.786569,4.573435,0.665494,4.435012
788,26.266667,1,535.455036,348.450708,440.000143,354.288606,487.72759,351.369657,3.107173,4.08945,-1.837122,5.100315,0.635026,4.594882
789,26.3,1,534.546223,349.756553,440.598307,353.963555,487.572265,351.860054,3.063183,4.041869,-1.824292,4.033894,0.619446,4.037881
790,26.333333,1,533.754768,348.444421,439.15287,353.830302,486.453819,351.137362,3.101483,3.948552,-1.801196,4.82382,0.650143,4.386186
791,26.366667,1,532.742062,348.376599,438.057461,353.611579,485.399761,350.994089,3.106196,3.367763,-1.822682,4.389467,0.641757,3.878615
792,26.4,1,533.127146,347.669751,438.889647,352.897612,486.008396,350.283682,3.176977,3.710874,-1.772463,4.839804,0.702257,4.275339
793,26.433333,1,531.713028,350.856618,438.567057,354.456244,485.140042,352.656431,3.120849,4.025088,-1.709293,6.013979,0.705778,5.019533
794,26.466667,1,531.688871,358.159264,439.677296,359.584043,485.683084,358.871654,2.902309,6.950255,-1.415645,20.737113,0.743332,13.843684
795,26.5,1,530.278292,357.956291,440.692978,359.495337,485.485635,358.725814,2.816992,6.190153,-1.420243,62.731398,0.698375,34.460776
796,26.533333,1,534.227781,355.890926,443.675041,356.832011,488.951411,356.361468,2.945893,6.923424,-1.516465,12.151763,0.714714,9.537593
797,26.566667,1,532.341194,351.549481,444.495182,355.955304,488.418188,353.752392,2.894925,4.342371,-1.649214,13.333577,0.622855,8.837974
798,26.6,1,535.616484,349.875541,445.066757,353.698493,490.34162,351.787017,3.033617,5.38047,-1.736054,5.778774,0.648782,5.579622
799,26.633333,1,536.462364,348.903814,445.72484,352.640694,491.093602,350.772254,3.011443,5.9424,-1.765789,6.920672,0.622827,6.431536
800,26.666667,1,537.042837,348.567325,445.380774,351.940826,491.211805,350.254076,3.07728,5.773244,-1.799481,6.775932,0.638899,6.274588
801,26.7,1,537.347975,348.418093,446.118078,351.783611,491.733027,350.100852,3.051873,5.88494,-1.782143,6.960489,0.634865,6.422714
802,26.733333,1,537.622404,348.724154,446.71545,351.609004,492.168927,350.166579,3.060724,5.30378,-1.755938,8.684272,0.652393,6.994026
803,26.766667,1,537.458029,348.380955,446.623707,351.952858,492.040868,350.166906,3.061776,5.602772,-1.735035,9.027387,0.66337,7.31508
804,26.8,1,537.394676,348.707482,447.318449,352.091689,492.356563,350.399585,3.025177,3.995979,-1.71139,11.875302,0.656893,7.935641
805,26.833333,1,538.477163,348.910831,448.567991,352.401216,493.522577,350.656023,2.962526,5.114431,-1.665511,12.496768,0.648508,8.805599
806,26.866667,1,538.810987,348.811165,449.454908,353.156022,494.132948,350.983593,2.943958,3.766201,-1.645724,9.198362,0.649117,6.482282
807,26.9,1,537.701263,349.997914,448.235235,353.115134,492.968249,351.556524,2.902981,7.603078,-1.618545,12.598015,0.642218,10.100546
808,26.933333,1,536.764317,355.084857,448.235092,354.642443,492.499704,354.86365,2.835794,15.469292,-1.512379,60.938872,0.661707,38.204082
809,26.966667,1,537.569437,355.024202,447.234879,355.252672,492.402158,355.138437,2.766575,14.344294,-1.513016,65.619548,0.626779,39.981921
810,27.0,1,537.637815,353.062311,447.239408,354.767691,492.438612,353.915001,2.776236,8.274267,-1.605845,27.006757,0.585195,17.640512
811,27.033333,1,540.96673,350.612601,449.673319,354.290956,495.320024,352.451778,2.828458,3.63645,-1.648458,14.34395,0.59,8.9902
812,27.066667,1,541.339951,349.176375,450.174198,351.81717,495.757074,350.496773,2.81818,4.622658,-1.715262,9.559225,0.551459,7.090942
813,27.1,1,541.595993,348.830144,449.658327,352.505677,495.62716,350.667911,2.818183,3.841296,-1.698947,12.368679,0.559618,8.104988
814,27.133333,1,543.52025,347.828109,452.431774,351.344876,497.976012,349.586492,2.874573,3.362139,-1.747078,6.973811,0.563747,5.167975
815,27.166667,1,544.714413,347.182345,452.216129,349.747578,498.465271,348.464962,2.905603,4.3621,-1.772919,6.130198,0.566342,5.246149
816,27.2,1,545.545568,346.567304,452.456179,349.296661,499.000874,347.931983,2.882657,2.811082,-1.772893,6.871248,0.554882,4.841165
817,27.233333,1,547.527161,345.536419,454.455147,348.096051,500.991154,346.816235,2.966561,2.390334,-1.799025,8.643877,0.583768,5.517105
818,27.266667,1,547.099056,344.931623,454.771776,347.343176,500.935416,346.1374,2.920204,2.592305,-1.786021,6.786965,0.567092,4.689635
819,27.3,1,547.759142,344.444293,455.078363,346.993963,501.418753,345.719128,2.925825,1.870775,-1.785665,6.83511,0.57008,4.352943
820,27.333333,1,547.838974,344.191881,455.634928,347.234895,501.736951,345.713388,2.9438,2.116004,-1.771064,7.304856,0.586368,4.71043
821,27.366667,1,547.923412,344.789622,456.110868,346.976802,502.01714,345.883212,2.9112,2.89602,-1.768857,7.421901,0.571172,5.15896
822,27.4,1,548.131495,344.982623,457.342129,346.805098,502.736812,345.89386,2.892493,3.483858,-1.765057,8.106485,0.563718,5.795171
823,27.433333,1,548.435593,345.161204,458.367872,347.040092,503.401732,346.100648,2.890814,3.41286,-1.731351,8.644846,0.579732,6.028853
824,27.466667,1,548.330259,345.3118,458.336992,347.931261,503.333626,346.62153,2.885699,2.662327,-1.728496,7.609567,0.578602,5.135947
825,27.5,1,548.400183,345.309777,457.547617,347.613291,502.9739,346.461534,2.89043,2.506521,-1.747787,7.989162,0.571322,5.247841
826,27.533333,1,548.834877,345.223115,456.463614,346.593198,502.649245,345.908157,2.906543,2.837547,-1.79254,8.26882,0.557001,5.553183
827,27.566667,1,548.61062,345.339362,456.632051,346.498125,502.621336,345.918743,2.92941,2.675204,-1.760397,7.484262,0.584506,5.079733
828,27.6,1,548.350801,345.528034,455.57951,345.748646,501.965156,345.63834,2.94818,2.924035,-1.816198,7.717994,0.565991,5.321015
829,27.633333,1,547.994213,345.449263,454.46228,345.191492,501.228247,345.320377,2.984002,3.352932,-1.823641,8.804368,0.580181,6.07865
830,27.666667,1,547.631006,345.755754,452.571344,345.549014,500.101175,345.652384,2.999998,3.699543,-1.864158,7.339801,0.56792,5.519672
831,27.7,1,547.671585,346.102751,452.342567,345.443571,500.007076,345.773161,3.041603,3.649219,-1.834487,7.350769,0.603558,5.499994
832,27.733333,1,546.853724,346.10627,451.610422,345.367933,499.232073,345.737101,3.063048,4.113096,-1.849028,6.561103,0.60701,5.337099
833,27.766667,1,545.4424,346.257992,449.797001,344.970767,497.6197,345.61438,3.044174,4.364589,-1.884379,6.726583,0.579897,5.545586
834,27.8,1,544.987097,346.053801,449.201355,345.102292,497.094226,345.578046,3.060351,4.773781,-1.854912,8.319538,0.60272,6.546659
835,27.833333,1,543.324585,346.256849,448.137207,345.953845,495.730896,346.105347,3.012415,5.421472,-1.831325,8.329071,0.590545,6.875272
836,27.866667,1,543.075504,347.640628,447.134762,346.518509,495.105133,347.079569,3.033536,4.720485,-1.818903,8.174469,0.607317,6.447477
837,27.9,1,540.402088,354.54245,446.036739,350.29323,493.219414,352.41784,2.879332,9.2262,-1.529974,-6.339605,0.674679,1.443297
838,27.933333,1,540.283251,354.154608,444.923744,351.64751,492.603498,352.901059,2.813529,7.330232,-1.566365,-1.232026,0.623582,3.049103
839,27.966667,1,542.638893,353.411443,449.792395,349.452079,496.215644,351.431761,2.927565,8.194345,-1.54261,-2.401925,0.692477,2.89621
840,28.0,1,544.573278,351.039078,447.919044,347.973586,496.246161,349.506332,3.043513,5.716649,-1.707807,3.43312,0.667853,4.574885
841,28.033333,1,544.220362,349.304858,450.387468,347.551916,497.303915,348.428387,2.98854,4.756449,-1.759906,5.825026,0.614317,5.290738
842,28.066667,1,546.854591,348.95992,451.841612,347.145363,499.348102,348.052642,2.968335,5.218682,-1.847621,5.745814,0.560357,5.482248
843,28.1,1,549.088354,349.277676,453.760929,346.830166,501.424642,348.053921,2.981721,4.322389,-1.854235,8.46572,0.563743,6.394055
844,28.133333,1,549.83736,348.98118,455.061684,347.107136,502.449522,348.044158,2.963793,4.853062,-1.842301,8.271829,0.560746,6.562445
845,28.166667,1,552.594986,348.799653,456.125069,346.641124,504.360027,347.720388,3.007682,4.68122,-1.855749,7.854965,0.575966,6.268093
846,28.2,1,551.777267,348.972194,456.707506,347.129297,504.242387,348.050745,2.932256,3.961712,-1.844095,6.7226,0.544081,5.342156
847,28.233333,1,553.465748,348.628147,457.032795,346.338442,505.249271,347.483295,2.977072,4.30585,-1.858998,6.950353,0.559037,5.628102
848,28.266667,1,552.963982,348.925508,456.873684,346.693121,504.918833,347.809314,2.952047,4.292623,-1.845349,7.353703,0.553349,5.823163
849,28.3,1,553.182135,348.401796,457.337742,346.585178,505.259938,347.493487,2.974298,5.782635,-1.836677,8.184944,0.568811,6.98379
850,28.333333,1,551.96352,347.625827,456.434727,345.293228,504.199123,346.459528,2.928218,6.122103,-1.87108,11.223771,0.528569,8.672937
851,28.366667,1,552.520247,347.995521,457.223139,345.767915,504.871693,346.881718,2.954489,5.493137,-1.846377,8.420082,0.554056,6.95661
852,28.4,1,552.883587,347.753259,457.130842,345.892653,505.007215,346.822956,2.956547,5.483421,-1.870507,9.379803,0.54302,7.431612
853,28.433333,1,553.605413,347.460147,457.629356,345.536343,505.617385,346.498245,2.966425,5.150363,-1.86066,6.349052,0.552882,5.749707
854,28.466667,1,553.4622,347.216763,458.188744,345.131367,505.825472,346.174065,2.92928,4.856423,-1.855989,6.997945,0.536645,5.927184
855,28.5,1,553.769064,346.990063,458.351364,345.147568,506.060214,346.068816,2.985543,3.779686,-1.850645,5.813449,0.567449,4.796567
856,28.533333,1,552.859688,346.618159,458.254099,345.18028,505.556893,345.89922,2.978778,3.443709,-1.844036,5.620306,0.567371,4.532008
857,28.566667,1,553.706789,346.558973,457.358236,344.413174,505.532513,345.486073,2.987256,3.919002,-1.860661,6.892431,0.563297,5.405716
858,28.6,1,553.392658,346.37676,457.162857,343.352972,505.277758,344.864866,3.031046,4.400927,-1.861547,7.044584,0.584749,5.722755
859,28.633333,1,552.889614,346.106377,456.583691,342.364551,504.736652,344.235464,3.046332,4.637531,-1.808376,4.063561,0.618978,4.350546
860,28.666667,1,552.098246,346.150242,456.104355,342.383063,504.1013,344.266653,3.036652,4.888893,-1.825158,4.093467,0.605747,4.49118
861,28.7,1,552.370567,345.867135,455.56201,342.422894,503.966289,344.145015,3.088242,4.829892,-1.828501,4.787861,0.629871,4.808877
862,28.733333,1,551.306028,345.661404,455.567007,342.51035,503.436518,344.085877,3.032975,4.555573,-1.83373,4.145135,0.599623,4.350354
863,28.766667,1,550.604477,345.616257,454.898138,342.264848,502.751307,343.940552,3.020328,4.456558,-1.860951,3.664777,0.579688,4.060667
864,28.8,1,550.434713,345.767062,454.973326,342.189912,502.70402,343.978487,3.030751,4.864857,-1.863912,3.535561,0.583419,4.200209
865,28.833333,1,550.773268,345.970963,454.900475,342.281907,502.836871,344.126435,3.044509,5.097177,-1.856991,3.612481,0.593759,4.354829
866,28.866667,1,551.520233,346.04084,455.312681,342.383004,503.416457,344.211922,3.026975,4.956426,-1.834177,3.299811,0.596399,4.128118
867,28.9,1,552.066622,346.480089,455.393419,342.321544,503.730021,344.400817,3.02008,5.725048,-1.839939,3.508858,0.590071,4.616953
868,28.933333,1,552.494974,346.606513,455.495882,342.263179,503.995428,344.434846,3.038528,6.350799,-1.828454,5.074851,0.605037,5.712825
869,28.966667,1,553.055944,346.396421,455.963898,342.376331,504.509921,344.386376,3.029913,6.749644,-1.849654,5.137913,0.590129,5.943779
870,29.0,1,553.012447,346.235257,456.313267,342.299802,504.662857,344.26753,3.014715,6.046357,-1.850453,3.973966,0.582131,5.010162
871,29.033333,1,552.868319,346.472086,455.781574,342.297351,504.324946,344.384718,3.0057,6.469287,-1.865796,4.14917,0.569952,5.309229
872,29.066667,1,552.28919,346.385295,456.162443,342.25561,504.225817,344.320453,2.98659,5.489494,-1.886864,4.64768,0.549863,5.068587
873,29.1,1,552.539186,346.598402,456.026258,342.342702,504.282722,344.470552,2.992697,6.346385,-1.899695,5.625037,0.546501,5.985711
874,29.133333,1,552.855864,346.839103,456.402769,342.292925,504.629316,344.566014,2.970609,6.228957,-1.904007,9.224452,0.533301,7.726705
875,29.166667,1,553.69771,347.152627,457.042017,342.785497,505.369864,344.969062,2.978602,5.172343,-1.922711,11.640745,0.527945,8.406544
876,29.2,1,554.427004,346.835364,457.711325,342.639236,506.069164,344.7373,2.949373,6.131703,-1.94123,8.93603,0.504071,7.533866
877,29.233333,1,555.52433,347.076044,458.698158,342.083858,507.111244,344.579951,2.941997,6.018597,-1.923629,19.484055,0.509184,12.751326
878,29.266667,1,556.291332,347.284564,459.301996,341.762856,507.796664,344.52371,2.928247,5.139156,-1.908208,22.645648,0.51002,13.892402
879,29.3,1,557.271423,347.625816,459.929905,341.90967,508.600664,344.767743,2.931194,5.151601,-1.941927,15.736221,0.494633,10.443911
880,29.333333,1,557.303991,347.513448,460.99638,341.831473,509.150186,344.67246,2.928511,5.366238,-1.938578,8.773353,0.494966,7.069796
881,29.366667,1,558.400536,349.701996,459.805632,343.414754,509.103084,346.558375,2.841985,5.885354,-1.768192,22.145279,0.536896,14.015316
882,29.4,1,555.293579,353.273122,463.732872,347.919819,509.513226,350.59647,2.650886,6.595118,-1.62333,14.366774,0.513778,10.480946
883,29.433333,1,559.778299,352.434846,462.648067,346.262364,511.213183,349.348605,2.839865,5.566858,-1.63707,6.041493,0.601397,5.804176
884,29.466667,1,557.90864,348.433145,462.392616,343.890932,510.150628,346.162038,2.779042,4.937466,-1.864438,2.500362,0.457302,3.718914
885,29.5,1,559.03862,346.851586,461.097593,341.929341,510.068107,344.390464,2.862811,2.591117,-1.941335,4.091954,0.460738,3.341536
886,29.533333,1,561.767988,345.988687,461.278534,341.263627,511.523261,343.626157,2.93104,2.546117,-1.973021,4.881096,0.47901,3.713606
887,29.566667,1,561.494608,345.054157,461.099367,340.894786,511.296988,342.974472,2.94718,2.124073,-2.011805,5.455883,0.467687,3.789978
888,29.6,1,559.860735,344.818735,460.121698,339.934089,509.991217,342.376412,2.894791,2.410736,-2.032886,4.944821,0.430952,3.677778
889,29.633333,1,560.834808,343.127441,459.660149,338.093154,510.247478,340.610298,2.904463,2.05093,-2.070254,4.580843,0.417104,3.315886
890,29.666667,1,558.081074,340.729932,457.895527,337.350547,507.9883,339.04024,2.923518,1.137547,-2.086139,4.043099,0.41869,2.590323
891,29.7,1,557.36866,339.315153,456.72905,335.875134,507.048855,337.595143,2.948745,0.741069,-2.119373,3.725629,0.414686,2.233349
892,29.733333,1,555.056629,338.76022,454.651003,335.149859,504.853816,336.95504,2.987872,0.890626,-2.096177,6.379711,0.445847,3.635168
893,29.766667,1,552.169676,338.383783,453.919668,334.767596,503.044672,336.575689,3.063379,1.163741,-1.991904,5.266615,0.535738,3.215178
894,29.8,1,548.38768,339.075213,452.152557,335.647597,500.270119,337.361405,2.956561,1.140084,-1.903248,3.976305,0.526657,2.558195
895,29.833333,1,545.044832,342.293783,451.774912,336.68765,498.409872,339.490717,2.916127,-0.27174,-1.742115,3.426769,0.587006,1.577515
896,29.866667,1,541.582994,342.693588,448.85107,338.306181,495.217032,340.499884,2.865418,-0.283039,-1.709918,5.971434,0.57775,2.844198
897,29.9,1,540.517492,338.319393,445.387068,335.374027,492.95228,336.84671,2.989078,0.443004,-1.807219,3.651455,0.59093,2.04723
898,29.933333,1,538.831406,335.471542,441.364279,332.850096,490.097842,334.160819,3.008951,0.401676,-1.88414,3.700574,0.562406,2.051125
899,29.966667,1,537.181158,333.848671,441.426792,331.138176,489.303975,332.493424,3.096141,0.001683,-1.811428,2.772487,0.642356,1.387085
900,30.0,1,534.065256,333.274593,436.011448,331.537503,485.038352,332.406048,3.144349,0.629646,-1.848802,2.624812,0.647773,1.627229
901,30.033333,1,531.369514,333.471252,431.980619,332.980424,481.675067,333.225838,3.168734,0.28053,-1.849842,2.466471,0.659446,1.3735
902,30.066667,1,528.522997,332.224674,429.677973,332.605215,479.100485,332.414945,3.174978,0.058875,-1.888854,2.400472,0.643062,1.229674
903,30.1,1,525.947609,332.138854,427.986507,333.119953,476.967058,332.629403,3.174858,-0.232535,-1.855555,2.777266,0.659652,1.272366
904,30.133333,1,524.753275,332.863598,423.927965,334.180546,474.34062,333.522072,3.214214,-0.445946,-1.850043,3.045004,0.682085,1.299529
905,30.166667,1,521.670322,333.054448,422.120638,334.608584,471.89548,333.831516,3.231672,-1.024438,-1.800796,2.867616,0.715438,0.921589
906,30.2,1,517.405338,333.28728,417.503729,335.753919,467.454534,334.5206,3.200064,-1.027788,-1.775107,3.009787,0.712478,0.991
907,30.233333,1,513.629675,332.328808,414.253855,335.998317,463.941765,334.163563,3.352209,-1.067043,-1.73791,3.054194,0.80715,0.993576
908,30.266667,1,509.138508,331.555957,408.598223,336.169184,458.868365,333.862571,3.358034,-1.373631,-1.789155,3.463979,0.784439,1.045174
909,30.3,1,502.101316,329.844922,403.614779,334.697923,452.858047,332.271422,3.266311,-0.632931,-1.798647,3.315078,0.733832,1.341073
910,30.333333,1,497.573633,329.417667,400.029707,334.191329,448.80167,331.804498,3.346429,-0.69556,-1.830738,3.286354,0.757845,1.295397
911,30.366667,1,493.443985,328.504896,397.466946,334.095359,445.455465,331.300128,3.20741,-0.634164,-1.798833,2.874342,0.704288,1.120089
912,30.4,1,493.189669,328.602528,395.480661,334.441112,444.335165,331.52182,3.341994,-0.811388,-1.80373,2.422103,0.769132,0.805358
913,30.433333,1,491.216125,327.347115,394.74144,333.92019,442.978783,330.633652,3.324793,-0.994725,-1.808292,2.607664,0.75825,0.80647
914,30.466667,1,490.933485,327.355682,393.980989,333.784599,442.457237,330.57014,3.347611,-1.065237,-1.794028,2.589039,0.776792,0.761901
915,30.5,1,490.78989,326.949284,393.505478,333.930227,442.147684,330.439755,3.329632,-1.403787,-1.801604,2.699816,0.764014,0.648015
916,30.533333,1,489.880486,328.033669,393.234177,334.493877,441.557331,331.263773,3.244624,-1.354759,-1.787523,2.904229,0.72855,0.774735
917,30.566667,1,489.321909,333.48366,395.461779,337.805493,442.391844,335.644577,3.177635,-4.854234,-1.570656,8.695055,0.803489,1.920411
918,30.6,1,491.233177,334.685,398.869543,339.337855,445.05136,337.011428,3.144521,-6.453341,-1.489194,11.005994,0.827664,2.276327
919,30.633333,1,494.193287,334.560374,400.750456,339.215654,447.471871,336.888014,3.1402,-4.868669,-1.523494,11.991501,0.808353,3.561416
920,30.666667,1,501.366644,336.416854,405.748682,339.267887,453.557663,337.842371,3.222295,-4.485753,-1.587911,5.376732,0.817192,0.44549
921,30.7,1,509.218855,337.931449,412.870293,338.8763,461.044574,338.403875,3.151527,-2.382311,-1.644745,7.148418,0.753391,2.383053
922,30.733333,1,515.542564,338.887743,419.822874,337.392497,467.682719,338.14012,3.080607,-1.692266,-1.681572,5.07832,0.699518,1.693027
923,30.766667,1,524.396162,340.48399,427.820873,336.418667,476.108518,338.451329,3.105342,-1.202723,-1.731637,3.159892,0.686852,0.978585
924,30.8,1,530.448799,341.136255,432.738562,336.434423,481.59368,338.785339,3.029029,-0.350224,-1.752966,2.611066,0.638032,1.130421
925,30.833333,1,535.264654,342.424648,438.586292,335.555168,486.925473,338.989908,3.020238,0.253669,-1.75174,2.72087,0.634249,1.487269
926,30.866667,1,537.960196,345.240914,444.394026,338.44417,491.177111,341.842542,2.885808,-1.034577,-1.660046,4.084254,0.612881,1.524839
927,30.9,1,537.864466,347.628949,447.430458,340.924414,492.647462,344.276682,2.751588,-4.177298,-1.553,17.552716,0.599294,6.687709
928,30.933333,1,543.063059,345.91579,450.732584,337.711004,496.897821,341.813397,2.818493,-1.469151,-1.625444,4.348381,0.596525,1.439615
929,30.966667,1,546.662827,344.973155,452.93375,335.582516,499.798288,340.277835,2.827071,-1.020387,-1.657606,4.954667,0.584732,1.96714
930,31.0,1,547.339535,344.946842,452.995701,334.915391,500.167618,339.931117,2.922402,-0.106799,-1.764382,4.147101,0.57901,2.020151
931,31.033333,1,549.346256,344.854043,453.542852,334.824893,501.444554,339.839468,2.965318,-0.197325,-1.79198,2.969529,0.586669,1.386102
932,31.066667,1,548.459406,344.336135,453.643093,334.889803,501.05125,339.612969,2.936939,-0.890786,-1.776058,3.197181,0.58044,1.153197
933,31.1,1,547.778816,343.366259,451.915884,333.96524,499.84735,338.66575,2.982382,-0.257555,-1.800439,4.809484,0.590972,2.275964
934,31.133333,1,545.541964,342.293263,450.706711,333.686119,498.124337,337.989691,2.984752,0.435892,-1.798405,5.399829,0.593173,2.91786
935,31.166667,1,541.692257,341.665744,448.449898,333.612213,495.071077,337.638979,2.916017,-0.587003,-1.801286,5.809124,0.557366,2.61106
936,31.2,1,537.864246,340.863045,445.218334,334.484725,491.54129,337.673885,2.935696,-0.185606,-1.752916,7.460969,0.59139,3.637681
937,31.233333,1,533.619795,340.490899,440.471354,334.608825,487.045574,337.549862,2.902407,-1.008288,-1.73658,8.549736,0.582913,3.770724
938,31.266667,1,534.017248,340.106834,440.364523,334.553502,487.190886,337.330168,2.944761,-0.626231,-1.763933,6.884743,0.590414,3.129256
939,31.3,1,531.387234,340.33473,435.816402,335.89532,483.601818,338.115025,3.002974,-1.700488,-1.754435,5.492618,0.624269,1.896065
940,31.333333,1,527.747469,339.553569,433.057556,336.373687,480.402513,337.963628,2.990474,-2.008024,-1.705259,4.100958,0.642607,1.046467
941,31.366667,1,519.540472,338.585731,429.528742,336.91375,474.534607,337.74974,2.852635,-1.170704,-1.729926,2.823056,0.561354,0.826176
942,31.4,1,522.112837,338.788635,426.493139,338.052755,474.302988,338.420695,2.967726,-1.673662,-1.736143,4.996504,0.615791,1.661421
943,31.433333,1,518.767967,338.585232,422.07366,339.466462,470.420814,339.025847,2.995251,-2.153782,-1.745391,5.197401,0.62493,1.521809
944,31.466667,1,515.740004,339.149768,418.435926,341.649329,467.087965,340.399548,3.06069,-2.095085,-1.672203,2.963178,0.694243,0.434047
945,31.5,1,511.330118,342.606132,415.398617,344.864944,463.364367,343.735538,3.018244,-3.008191,-1.583222,3.550723,0.717511,0.271266
946,31.533333,1,509.532661,345.997335,413.546295,349.448259,461.539478,347.722797,3.007926,-5.967932,-1.474355,1.630756,0.766785,-2.168588
947,31.566667,1,505.552006,345.308838,413.060999,350.078058,459.306502,347.693448,2.959594,-5.016626,-1.449214,3.503541,0.75519,-0.756542
948,31.6,1,503.504477,344.240799,409.090481,348.30146,456.297479,346.271129,3.016233,-4.145939,-1.589886,3.230741,0.713173,-0.457599
949,31.633333,1,503.889542,343.5527,410.604858,348.104156,457.2472,345.828428,3.00419,-4.457696,-1.577089,3.188212,0.71355,-0.634742
950,31.666667,1,504.700918,343.548076,411.985445,347.863358,458.343182,345.705717,3.00152,-2.159118,-1.614098,3.780726,0.693711,0.810804
951,31.7,1,508.204689,344.654503,411.60758,348.525998,459.906135,346.59025,2.986119,-1.41016,-1.686771,5.414267,0.649674,2.002054
952,31.733333,1,511.338778,346.284792,414.540491,349.066442,462.939634,347.675617,2.957381,-0.415842,-1.655493,6.103504,0.650944,2.843831
953,31.766667,1,515.781631,348.633989,419.338722,350.056161,467.560177,349.345075,3.00278,0.26489,-1.639663,4.151408,0.681558,2.208149
954,31.8,1,519.460087,350.964416,420.735207,351.783938,470.097647,351.374177,3.003735,2.302247,-1.759863,5.56419,0.621936,3.933219
955,31.833333,1,521.983881,353.374633,422.102346,353.262237,472.043114,353.318435,3.014036,2.951243,-1.801846,5.567207,0.606095,4.259225
956,31.866667,1,526.29571,354.945259,427.69001,353.891596,476.99286,354.418428,3.018535,4.882798,-1.750644,6.463301,0.633945,5.673049
957,31.9,1,530.277071,356.490217,430.027542,354.20085,480.152307,355.345533,3.073048,6.760416,-1.748825,6.041336,0.662111,6.400876
958,31.933333,1,532.440729,356.49151,434.695969,353.913622,483.568349,355.202566,3.062293,5.454209,-1.728885,5.308795,0.666704,5.381502
959,31.966667,1,535.356236,356.617278,436.678066,353.577129,486.017151,355.097204,3.086666,4.615589,-1.743694,4.767663,0.671486,4.691626
960,32.0,1,536.950026,356.615535,438.32016,352.985331,487.635093,354.800433,3.093983,5.486709,-1.755433,4.8829,0.669275,5.184805
961,32.033333,1,538.508291,356.402648,440.330887,352.604796,489.419589,354.503722,3.071026,4.455468,-1.774697,5.79427,0.648164,5.124869
962,32.066667,1,540.913219,356.256993,442.082052,351.907936,491.497636,354.082465,3.061106,4.719633,-1.76041,5.692659,0.650348,5.206146
963,32.1,1,543.749275,355.596853,443.693342,350.691388,493.721309,353.144121,3.122547,3.370211,-1.723983,4.877766,0.699282,4.123988
964,32.133333,1,544.837132,355.293447,445.315523,350.591449,495.076327,352.942448,3.029337,2.618467,-1.7904,6.073589,0.619469,4.346028
965,32.166667,1,544.557009,357.710965,446.900015,351.56993,495.728512,354.640447,2.98869,3.429094,-1.700775,4.44817,0.643957,3.938632
966,32.2,1,546.050663,362.440842,450.409164,355.305458,498.229914,358.87315,2.888311,3.010112,-1.52437,21.952802,0.681971,12.481457
967,32.233333,1,546.562967,362.779772,451.577454,355.300126,499.07021,359.039949,2.803797,2.682307,-1.517761,4.540483,0.643018,3.611395
968,32.266667,1,547.836027,360.411059,451.588621,354.372404,499.712324,357.391731,2.905983,6.34879,-1.609124,18.425753,0.648429,12.387271
969,32.3,1,548.741379,359.758762,451.289682,353.04257,500.015531,356.400666,3.002398,4.698618,-1.703417,6.337369,0.649491,5.517993
970,32.333333,1,548.586349,359.527915,450.320501,352.600788,499.453425,356.064352,2.999207,3.745857,-1.746825,8.24081,0.626191,5.993334
971,32.366667,1,549.578314,359.055128,449.780102,352.17149,499.679208,355.613309,3.066454,4.134633,-1.778087,6.24041,0.644184,5.187521
972,32.4,1,550.19186,358.756683,447.660141,352.510012,498.926001,355.633348,3.082698,3.336183,-1.792632,8.194484,0.645033,5.765334
973,32.433333,1,548.113165,357.735953,447.500792,351.931931,497.806978,354.833942,3.080641,3.476151,-1.786301,7.371472,0.64717,5.423811
974,32.466667,1,545.778437,355.798588,445.775986,350.572963,495.777211,353.185776,3.07104,3.368018,-1.810121,7.71625,0.63046,5.542134
975,32.5,1,544.679594,354.531255,446.666536,349.006403,495.673065,351.768829,3.06557,2.583755,-1.772899,6.007622,0.646336,4.295689
976,32.533333,1,541.568422,352.217817,441.324644,348.42608,491.446533,350.321949,2.962261,2.016826,-1.842419,7.730315,0.559921,4.873571
977,32.566667,1,540.104675,352.462295,441.778088,348.628405,490.941381,350.54535,2.947131,1.491156,-1.803618,7.333059,0.571756,4.412108
978,32.6,1,535.073471,353.424441,439.493017,351.040059,487.283244,352.23225,2.806615,0.727875,-1.72194,7.429124,0.542337,4.078499
979,32.633333,1,532.610712,358.48548,438.212452,355.024411,485.411582,356.754946,2.815332,-0.94466,-1.57636,82.482016,0.619486,40.768678
980,32.666667,1,531.764259,359.762319,438.25429,356.86439,485.009274,358.313355,2.783951,-1.337071,-1.433055,36.336647,0.675448,17.499788
981,32.7,1,531.711502,358.91583,437.573223,355.833355,484.642363,357.374592,2.858771,2.236434,-1.484723,18.36308,0.687024,10.299757
982,32.733333,1,532.07386,359.61646,438.03895,355.984052,485.056405,357.800256,2.873406,3.290686,-1.505146,19.981183,0.68413,11.635934
983,32.766667,1,532.914877,360.157295,438.304882,355.948019,485.609879,358.052657,2.8875,4.08098,-1.515032,12.008076,0.686234,8.044528
984,32.8,1,533.35413,359.843541,438.883514,355.992656,486.118822,357.918099,2.905883,5.388835,-1.522699,13.257775,0.691592,9.323305
985,32.833333,1,535.118818,360.59949,439.996052,356.27821,487.557435,358.43885,2.927069,7.81811,-1.543693,12.044589,0.691688,9.93135
986,32.866667,1,534.87258,360.337701,439.978514,356.127765,487.425547,358.232733,2.921747,8.127603,-1.616745,26.608003,0.652501,17.367803
987,32.9,1,535.119505,358.18195,441.934395,354.725677,488.52695,356.453814,2.936225,5.553238,-1.673059,9.76494,0.631583,7.659089
988,32.933333,1,539.341602,356.335706,441.955328,351.315581,490.648465,353.825643,3.08492,4.613267,-1.769986,6.116012,0.657467,5.36464
989,32.966667,1,540.952053,353.018333,444.268503,348.310938,492.610278,350.664636,3.09283,3.783819,-1.773282,5.470456,0.659774,4.627137
990,33.0,1,541.383791,352.239291,444.635687,345.653154,493.009739,348.946222,3.090658,4.434894,-1.795877,5.903603,0.64739,5.169248
991,33.033333,1,541.554575,351.810486,443.90439,345.040757,492.729483,348.425622,3.077336,3.88596,-1.797826,5.813593,0.639755,4.849776
992,33.066667,1,540.410671,358.874416,445.00289,351.666382,492.70678,355.270399,2.873225,2.414913,-1.568379,34.948204,0.652423,18.681558
993,33.1,1,539.567976,359.395757,444.88018,352.719262,492.224078,356.057509,2.791063,2.636391,-1.566515,27.845664,0.612274,15.241027
994,33.133333,1,536.181316,354.957232,446.765871,350.604275,491.473594,352.780754,2.736467,3.905696,-1.569353,12.997803,0.583557,8.45175
995,33.166667,1,541.497889,353.489871,444.332981,348.123677,492.915435,350.806774,3.083142,3.324538,-1.768851,7.574638,0.657145,5.449588
996,33.2,1,542.59551,352.656117,443.397408,347.113525,492.996459,349.884821,3.067401,3.155298,-1.826152,6.490781,0.620625,4.823039
997,33.233333,1,542.236757,352.660586,442.834368,346.938559,492.535563,349.799573,3.042042,3.398608,-1.83715,6.499786,0.602446,4.949197
998,33.266667,1,543.317041,353.041352,443.163729,346.792427,493.240385,349.91689,3.082594,3.876641,-1.824988,7.019243,0.628803,5.447942
999,33.3,1,543.277969,352.725297,443.668833,346.997681,493.473401,349.861489,3.068327,3.662491,-1.826846,7.215921,0.620741,5.439206
1000,33.333333,1,543.602428,353.241531,443.736877,347.387255,493.669653,350.314393,3.056189,3.83467,-1.839709,6.625601,0.60824,5.230136
1001,33.366667,1,542.346239,354.986216,443.884277,349.282644,493.115258,352.13443,3.019577,3.075614,-1.850624,6.973843,0.584477,5.024728
1002,33.4,1,542.614632,361.519187,447.397156,354.636118,495.005894,358.077653,2.83807,1.6419,-1.567048,69.585584,0.635511,35.613742
1003,33.433333,1,542.533846,361.875443,447.670317,355.14444,495.102081,358.509942,2.799666,0.917033,-1.53158,20.536645,0.634043,10.726839
1004,33.466667,1,541.705933,360.616495,448.428183,354.622326,495.067058,357.619411,2.823995,2.9928,-1.589698,69.764177,0.617148,36.378489
1005,33.5,1,542.816639,359.785992,447.740126,353.744799,495.278382,356.765395,2.884192,6.485431,-1.603726,26.582275,0.640233,16.533853
1006,33.533333,1,543.245687,360.848747,449.223709,354.172686,496.234698,357.510717,2.851623,4.817678,-1.561163,64.532041,0.64523,34.67486
1007,33.566667,1,544.91972,361.632006,449.320612,354.519351,497.120166,358.075679,2.948431,6.227617,-1.578603,12.164866,0.684914,9.196241
1008,33.6,1,544.277334,362.130784,449.494915,354.920223,496.886125,358.525504,2.852546,5.386876,-1.593161,46.535922,0.629693,25.961399
1009,33.633333,1,545.780964,363.202236,450.494385,355.412698,498.137674,359.307467,2.90415,7.004285,-1.560127,15.337561,0.672011,11.170923
1010,33.666667,1,545.514317,366.869738,451.011429,358.837547,498.262873,362.853642,2.815095,0.322808,-1.474147,41.65655,0.670474,20.989679
1011,33.7,1,545.737171,367.259377,450.72217,360.074453,498.229671,363.666915,2.795043,1.45591,-1.470175,39.68625,0.662434,20.57108
1012,33.733333,1,546.69095,365.628632,450.764828,357.955218,498.727889,361.791925,2.869947,7.035345,-1.573839,53.650556,0.648054,30.34295
1013,33.766667,1,547.38862,364.72131,452.764587,356.234694,500.076604,360.478002,2.892974,6.042921,-1.561817,41.340538,0.665578,23.69173
1014,33.8,1,547.20849,362.508777,452.369843,354.751593,499.789166,358.630185,2.98827,4.542728,-1.628852,9.916128,0.679709,7.229428
1015,33.833333,1,547.841806,361.992205,452.496834,354.400401,500.16932,358.196303,3.044669,4.503684,-1.684395,8.499004,0.680137,6.501344
1016,33.866667,1,546.582136,361.966472,451.991806,354.095101,499.286971,358.030787,3.014735,4.576994,-1.701415,7.270564,0.65666,5.923779
1017,33.9,1,546.441927,362.670697,453.029041,354.547021,499.735484,358.608859,2.992684,4.209121,-1.663581,9.029155,0.664551,6.619138
1018,33.933333,1,547.218266,363.851003,451.293821,355.149627,499.256043,359.500315,2.993033,4.687299,-1.674879,8.774503,0.659077,6.730901
1019,33.966667,1,545.449171,367.263663,451.390991,359.615591,498.420081,363.439627,2.791376,5.148311,-1.522679,39.777515,0.634349,22.462913
1020,34.0,1,546.013041,366.954845,449.756517,358.761104,497.884779,362.857974,2.806276,4.55805,-1.581436,25.633046,0.61242,15.095548
1021,34.033333,1,546.162186,363.909625,450.984755,356.07625,498.57347,359.992938,2.865669,7.478395,-1.61365,22.822997,0.626009,15.150696
1022,34.066667,1,546.682577,361.208528,448.173227,352.797062,497.427902,357.002795,2.993998,4.406706,-1.775529,5.691127,0.609234,5.048916
1023,34.1,1,548.616018,359.550794,447.472382,351.193584,498.0442,355.372189,3.089841,3.469583,-1.849352,5.076194,0.620245,4.272889
1024,34.133333,1,547.966881,358.857765,448.208084,351.087883,498.087482,354.972824,3.062784,3.406297,-1.817894,5.017841,0.622445,4.212069
1025,34.166667,1,547.664289,358.510854,447.994041,351.192688,497.829165,354.851771,3.051841,3.318137,-1.837293,5.040121,0.607274,4.179129
1026,34.2,1,546.953802,358.104767,447.640848,351.356174,497.297325,354.73047,3.061728,3.369361,-1.854398,5.12022,0.603665,4.24479
1027,34.233333,1,546.601133,358.070038,447.227478,351.302771,496.914306,354.686404,3.051947,3.323273,-1.84611,5.050022,0.602918,4.186648
1028,34.266667,1,546.265821,358.085541,446.733179,351.141205,496.4995,354.613373,3.046122,3.329074,-1.862037,4.657758,0.592043,3.993416
1029,34.3,1,546.014986,358.089141,446.022005,351.169272,496.018496,354.629206,3.043488,3.237275,-1.857558,4.814263,0.592965,4.025769
1030,34.333333,1,544.533529,360.237467,446.374617,352.428156,495.454073,356.332811,3.02211,3.88066,-1.792118,7.224909,0.614996,5.552785
1031,34.366667,1,537.692022,364.786,447.893171,357.674578,492.792597,361.230289,2.687429,3.495816,-1.548561,37.634444,0.569434,20.56513
1032,34.4,1,540.169668,365.714693,445.963659,358.534977,493.066664,362.124835,2.717211,2.735531,-1.555418,21.930819,0.580897,12.333175
1033,34.433333,1,537.981501,363.475247,449.272137,356.50175,493.626819,359.988499,2.726618,3.860885,-1.537299,12.191212,0.594659,8.026048
1034,34.466667,1,540.20956,362.005686,448.19231,355.33846,494.200935,358.672073,2.87142,4.592003,-1.575897,9.670108,0.647761,7.131055
1035,34.5,1,542.309866,361.029802,447.187033,354.557433,494.748449,357.793618,2.963602,5.466075,-1.659956,9.195014,0.651823,7.330545
1036,34.533333,1,543.546171,360.712615,446.023703,353.289027,494.784937,357.000821,2.996704,4.248977,-1.75932,7.252541,0.618692,5.750759
1037,34.566667,1,543.083324,359.571345,446.056767,352.845079,494.570045,356.208212,3.017991,4.927009,-1.761796,5.454282,0.628098,5.190645
1038,34.6,1,543.361053,359.341314,445.273027,352.572867,494.31704,355.95709,2.980072,4.066895,-1.816199,6.020639,0.581936,5.043767
1039,34.633333,1,543.572874,358.409321,444.860973,352.326683,494.216924,355.368002,2.989624,3.974908,-1.846907,6.568641,0.571359,5.271774
1040,34.666667,1,543.583975,358.283247,444.72044,351.988665,494.152207,355.135956,2.978319,3.812022,-1.846519,6.002853,0.5659,4.907437
1041,34.7,1,542.751522,357.866684,444.511414,351.811119,493.631468,354.838901,2.976025,3.532327,-1.856459,6.160571,0.559783,4.846449
1042,34.733333,1,543.323765,357.719999,444.904232,351.799554,494.113998,354.759776,2.988069,3.582408,-1.870868,6.529148,0.558601,5.055778
1043,34.766667,1,543.444424,357.381418,444.761982,351.680689,494.103203,354.531054,2.987161,3.641226,-1.886396,6.68775,0.550382,5.164488
1044,34.8,1,543.694077,357.029529,444.961557,351.39668,494.327817,354.213105,2.98515,3.806837,-1.881326,6.913121,0.551912,5.359979
1045,34.833333,1,543.942738,357.107989,444.968643,351.335489,494.45569,354.221739,2.985509,3.53377,-1.885006,6.449075,0.550252,4.991422
1046,34.866667,1,543.248539,356.941482,445.165863,351.367541,494.207201,354.154512,2.983775,3.480318,-1.87884,6.540449,0.552467,5.010384
1047,34.9,1,543.410587,356.971148,445.136185,351.365878,494.273386,354.168513,2.98778,3.52021,-1.88759,6.212057,0.550095,4.866133
1048,34.933333,1,543.553705,356.965086,445.186663,351.434049,494.370184,354.199567,2.983158,3.599933,-1.889897,6.379583,0.546631,4.989758
1049,34.966667,1,544.100008,357.238977,445.090885,351.421072,494.595447,354.330025,2.99792,3.620824,-1.893408,6.424502,0.552256,5.022663
1050,35.0,1,544.011106,357.759492,444.974422,351.790391,494.492764,354.774942,3.005521,3.733794,-1.892049,6.257492,0.556736,4.995643
1051,35.033333,1,543.911161,360.400631,445.48727,353.620784,494.699216,357.010708,2.969752,3.995101,-1.758071,7.161171,0.605841,5.578136
1052,35.066667,1,539.676065,365.972105,448.124866,359.822486,493.900466,362.897295,2.75418,1.784602,-1.531328,31.936027,0.611426,16.860315
1053,35.1,1,539.855986,364.540776,448.207636,359.483374,494.031811,362.012075,2.687466,0.437369,-1.523331,11.610896,0.582067,6.024133
1054,35.133333,1,542.303801,362.639959,447.182627,356.027836,494.743214,359.333898,2.945184,6.905351,-1.650972,12.265631,0.647106,9.585491
1055,35.166667,1,542.626724,359.65562,446.306095,353.642612,494.46641,356.649116,2.960153,4.208627,-1.796741,6.671985,0.581706,5.440306
1056,35.2,1,544.784451,359.446199,445.94388,352.544473,495.364165,355.995336,3.018754,4.171843,-1.84776,5.901604,0.585497,5.036724
1057,35.233333,1,545.150785,358.790281,446.121778,352.297726,495.636282,355.544003,3.030375,4.292961,-1.857685,5.5661,0.586345,4.929531
1058,35.266667,1,545.114079,358.524485,445.821295,352.198425,495.467687,355.361455,3.031078,4.239195,-1.879344,5.888584,0.575867,5.06389
1059,35.3,1,544.745798,358.411038,445.757284,352.088073,495.251541,355.249556,3.022142,3.912046,-1.876403,5.858173,0.57287,4.88511
1060,35.333333,1,545.144281,358.48334,445.989313,351.965936,495.566797,355.224638,3.039002,4.061762,-1.869743,5.677288,0.584629,4.869525
1061,35.366667,1,545.144625,358.344621,446.029778,351.90247,495.587201,355.123546,3.034994,4.064161,-1.865168,5.56526,0.584913,4.81471
1062,35.4,1,544.501019,358.936815,445.679512,352.311743,495.090265,355.624279,2.992115,4.365365,-1.862059,5.889089,0.565028,5.127227
1063,35.433333,1,544.386015,359.004294,445.574188,352.28726,494.980102,355.645777,2.982905,4.291908,-1.869135,5.905204,0.556885,5.098556
1064,35.466667,1,541.643267,365.538204,446.883526,358.136428,494.263396,361.837316,2.786643,3.39276,-1.619223,36.570054,0.58371,19.981407
1065,35.5,1,541.239901,366.164489,449.50633,360.570597,495.373116,363.367543,2.721884,0.313861,-1.486839,27.944217,0.617522,14.129039
1066,35.533333,1,542.554588,363.779157,450.59515,357.868196,496.574869,360.823677,2.87446,3.783092,-1.534995,20.394873,0.669732,12.088983
1067,35.566667,1,543.03401,360.910819,448.059044,354.762306,495.546527,357.836562,2.947119,6.674737,-1.731461,11.3668,0.607829,9.020769
1068,35.6,1,545.228186,359.894949,448.081961,353.690924,496.655073,356.792936,3.015636,5.849931,-1.790594,5.746024,0.612521,5.797977
1069,35.633333,1,545.84342,359.068941,446.473341,352.324301,496.158381,355.696621,3.039593,4.484272,-1.875198,6.3081,0.582198,5.396186
1070,35.666667,1,546.137333,358.601459,446.588602,352.302854,496.362967,355.452156,3.051555,4.210162,-1.864496,5.932362,0.59353,5.071262
1071,35.7,1,546.810722,358.341118,446.751528,352.066299,496.781125,355.203709,3.064417,4.21051,-1.88444,6.065225,0.589989,5.137867
1072,35.733333,1,546.828728,358.177804,446.91186,352.07765,496.870294,355.127727,3.066528,4.022037,-1.871672,5.968536,0.597428,4.995286
1073,35.766667,1,547.168264,358.271343,447.027302,352.032123,497.097783,355.151733,3.079947,3.998275,-1.868867,5.843389,0.60554,4.920832
1074,35.8,1,546.967402,358.127035,447.048368,352.110121,497.007885,355.118578,3.070487,3.949456,-1.858108,5.895926,0.60619,4.922691
1075,35.833333,1,547.975483,358.209577,447.610598,351.785198,497.79304,354.997388,3.09378,4.200102,-1.870264,5.518608,0.611758,4.859355
1076,35.866667,1,548.54002,358.294764,447.87405,351.586071,498.207035,354.940418,3.082728,4.137766,-1.885683,5.545194,0.598523,4.84148
1077,35.9,1,548.81341,358.242434,447.912931,351.501018,498.363171,354.871726,3.091543,4.449116,-1.894468,5.390618,0.598538,4.919867
1078,35.933333,1,548.934088,358.222784,448.407803,351.823613,498.670945,355.023199,3.083196,4.104781,-1.89779,5.441788,0.592703,4.773285
1079,35.966667,1,549.330759,358.364609,448.342943,351.639351,498.836851,355.00198,3.095411,4.12946,-1.902172,5.168738,0.59662,4.649099
1080,36.0,1,549.52673,358.349894,448.571348,351.696525,499.049039,355.023209,3.099604,4.400168,-1.903241,5.33947,0.598181,4.869819
1081,36.033333,1,550.107126,358.639069,449.165888,351.49817,499.636507,355.068619,3.102879,4.221194,-1.888565,5.018201,0.607157,4.619698
1082,36.066667,1,549.796762,358.537998,449.235497,351.656597,499.516129,355.097297,3.117724,4.092231,-1.889959,5.435993,0.613883,4.764112
1083,36.1,1,546.299257,363.292079,450.033808,354.830058,498.166533,359.061069,3.037674,4.319471,-1.702745,5.26039,0.667465,4.78993
1084,36.133333,1,546.514225,369.265165,451.613703,362.043806,499.063964,365.654486,2.785839,3.213798,-1.505269,62.061477,0.640285,32.637637
1085,36.166667,1,545.978718,367.988777,451.345186,361.344227,498.661952,364.666502,2.790021,2.237736,-1.495828,43.554691,0.647097,22.896214
1086,36.2,1,546.46822,364.878949,452.794209,357.135894,499.631214,361.007422,2.946169,5.860044,-1.592899,14.597218,0.676635,10.228631
1087,36.233333,1,547.454796,362.168496,450.289021,354.578269,498.871908,358.373382,3.052515,3.66581,-1.761052,5.503929,0.645731,4.584869
1088,36.266667,1,548.563957,360.966561,450.201664,353.520062,499.382811,357.243311,3.09092,3.650269,-1.868937,4.451263,0.610992,4.050766
1089,36.3,1,549.533319,360.210215,450.394211,353.277912,499.963765,356.744064,3.103621,3.829998,-1.86971,3.643997,0.616955,3.736998
1090,36.333333,1,550.556154,359.864924,451.124954,352.657024,500.840554,356.260974,3.127285,3.432697,-1.895627,3.955691,0.615829,3.694194
1091,36.366667,1,551.475487,359.878968,451.615028,352.765825,501.545258,356.322396,3.123314,3.472451,-1.874335,3.705802,0.62449,3.589126
1092,36.4,1,552.006006,359.790632,451.706266,352.494847,501.856136,356.142739,3.125398,3.480612,-1.865874,3.540503,0.629762,3.510557
1093,36.433333,1,552.535982,359.968098,452.186756,352.257299,502.361369,356.112699,3.118587,3.388007,-1.850461,3.495055,0.634063,3.441531
1094,36.466667,1,553.230495,359.964906,451.953993,352.058274,502.592244,356.01159,3.149214,3.538924,-1.880009,3.737105,0.634602,3.638015
1095,36.5,1,553.311167,359.955604,452.464533,352.222098,502.88785,356.088851,3.104315,3.395741,-1.797369,3.421201,0.653473,3.408471
1096,36.533333,1,553.467026,359.820083,451.795559,351.989733,502.631292,355.904908,3.126555,3.322459,-1.85088,3.648229,0.637838,3.485344
1097,36.566667,1,553.32593,359.959397,452.765751,352.11238,503.04584,356.035888,3.08005,3.209909,-1.785926,3.32995,0.647062,3.26993
1098,36.6,1,553.364,359.824964,452.207861,352.307221,502.785931,356.066093,3.093603,3.204919,-1.838597,3.59385,0.627503,3.399384
1099,36.633333,1,553.19067,359.975184,452.335377,352.332857,502.763023,356.154021,3.086159,3.262153,-1.820301,3.475417,0.632929,3.368785
1100,36.666667,1,551.13184,360.398131,452.657499,352.909924,501.89467,356.654027,3.077668,3.464708,-1.855956,4.378268,0.610856,3.921488
1101,36.7,1,549.895802,366.841312,456.419735,357.116572,503.157768,361.978942,2.990826,4.006655,-1.560792,23.509126,0.715017,13.75789
1102,36.733333,1,550.150013,367.887239,453.208828,358.885907,501.67942,363.386573,2.944045,5.174501,-1.632674,50.046003,0.655685,27.610252
1103,36.766667,1,550.238972,367.124044,455.292053,357.086381,502.765512,362.105212,2.958885,3.861009,-1.605557,15.578271,0.676664,9.71964
1104,36.8,1,550.228262,364.469097,455.1373,355.897717,502.682781,360.183407,2.971439,3.92928,-1.707119,8.112532,0.63216,6.020906
1105,36.833333,1,551.229887,363.248654,455.381041,354.477981,503.305464,358.863317,3.073517,3.826748,-1.760001,5.470891,0.656758,4.648819
1106,36.866667,1,551.855211,361.633004,454.052181,353.679927,502.953696,357.656465,3.081688,3.569762,-1.81473,5.832412,0.633479,4.701087
1107,36.9,1,552.684469,361.294751,452.490482,352.752838,502.587476,357.023794,3.092193,3.401241,-1.854882,4.952444,0.618655,4.176842
1108,36.933333,1,552.176752,360.68436,452.048521,352.553614,502.112637,356.618987,3.083457,3.322898,-1.901001,5.611767,0.591228,4.467332
1109,36.966667,1,552.461033,360.285124,452.641916,352.550256,502.551475,356.41769,3.066985,3.241441,-1.889419,5.263569,0.588783,4.252505
1110,37.0,1,552.561445,360.236351,451.746044,352.494004,502.153745,356.365178,3.095018,3.124071,-1.936466,5.089855,0.579276,4.106963
1111,37.033333,1,552.963428,360.358901,451.477575,352.213451,502.220502,356.286176,3.053809,3.176457,-1.920691,4.758154,0.566559,3.967305
1112,37.066667,1,552.955818,360.147334,451.688709,352.285436,502.322264,356.216385,3.09599,3.266044,-1.960473,4.9345,0.567758,4.100272
1113,37.1,1,553.059826,359.913424,451.961384,352.274289,502.510605,356.093856,3.050552,3.221533,-1.934849,4.646962,0.557851,3.934248
1114,37.133333,1,552.315617,360.101683,451.505976,352.372414,501.910796,356.237049,3.081084,3.078675,-1.923853,5.031186,0.578615,4.054931
1115,37.166667,1,552.016373,360.355811,452.137804,352.554708,502.077088,356.45526,3.053815,3.198861,-1.902096,4.870299,0.575859,4.03458
1116,37.2,1,550.481167,362.138236,454.386015,354.199213,502.433591,358.168724,3.052816,3.325277,-1.809047,4.892194,0.621885,4.108735
1117,37.233333,1,548.870468,368.015234,454.928179,360.037771,501.899323,364.026503,2.831559,3.024128,-1.576279,34.395666,0.62764,18.709897
1118,37.266667,1,549.647779,370.152129,456.002054,361.899267,502.824917,366.025698,2.82745,4.344152,-1.484551,52.245508,0.67145,28.29483
1119,37.3,1,549.297047,368.520069,455.623245,360.858623,502.460146,364.689346,2.867184,2.841355,-1.52975,45.917801,0.668717,24.379578
1120,37.333333,1,550.351429,366.712003,455.86236,358.115743,503.106894,362.413873,2.917586,4.539436,-1.615002,11.725472,0.651292,8.132454
1121,37.366667,1,550.687504,364.245218,456.239309,355.500868,503.463407,359.873043,3.009555,3.762864,-1.698006,5.157841,0.655775,4.460353
1122,37.4,1,551.216555,362.401253,454.696522,354.033056,502.956538,358.217154,3.048773,3.291109,-1.827167,4.516751,0.610803,3.90393
1123,37.433333,1,552.085066,361.953565,456.581888,353.63912,504.333477,357.796343,3.053044,3.198687,-1.776475,3.819605,0.638284,3.509146
1124,37.466667,1,551.500978,361.139724,455.662384,353.570343,503.581681,357.355033,3.028678,2.988521,-1.834945,4.41742,0.596866,3.702971
1125,37.5,1,551.388931,360.972928,458.19603,353.213432,504.79248,357.09318,2.982426,3.064238,-1.785683,3.411735,0.598371,3.237987
1126,37.533333,1,552.378798,360.436766,455.518942,353.048835,503.94887,356.7428,3.006388,3.058221,-1.874927,4.165759,0.56573,3.61199
1127,37.566667,1,551.95528,360.441974,457.913694,353.062407,504.934487,356.752191,2.947598,3.104848,-1.822705,3.48822,0.562447,3.296534
1128,37.6,1,551.791954,360.596808,457.785969,352.995422,504.788961,356.796115,2.985079,3.040107,-1.823801,3.992586,0.580639,3.516346
1129,37.633333,1,552.196198,361.330204,459.228382,353.116674,505.71229,357.223439,2.935521,3.079103,-1.787756,3.473325,0.573882,3.276214
1130,37.666667,1,552.99571,361.874682,458.107023,353.373141,505.551367,357.623911,3.014693,2.840522,-1.838569,4.098383,0.588062,3.469453
1131,37.7,1,553.818178,364.322396,460.985184,354.30478,507.401681,359.313588,3.027211,3.614384,-1.682648,5.001822,0.672281,4.308103
1132,37.733333,1,551.860247,366.733106,462.443304,356.718934,507.151775,361.72602,2.919574,3.92101,-1.559853,16.473475,0.679861,10.197243
1133,37.766667,1,550.78104,368.788784,456.726618,359.352129,503.753829,364.070456,2.868048,5.653587,-1.614873,70.430688,0.626588,38.042138
1134,37.8,1,552.170782,368.201058,459.575186,358.449587,505.872984,363.325322,2.87692,4.764027,-1.560061,36.002499,0.658429,20.383263
1135,37.833333,1,553.416786,366.268757,459.454632,356.001642,506.435709,361.135199,2.967918,4.055095,-1.655043,10.301264,0.656437,7.17818
1136,37.866667,1,554.077263,364.046756,459.345198,354.340866,506.71123,359.193811,3.016014,3.35369,-1.715141,6.458734,0.650436,4.906212
1137,37.9,1,553.181467,362.644283,459.69018,353.88444,506.435823,358.264361,3.003556,3.244184,-1.786345,4.334891,0.608606,3.789538
1138,37.933333,1,552.550974,362.994965,459.896545,354.002945,506.22376,358.498955,3.008026,3.177208,-1.76724,4.290814,0.620393,3.734011
1139,37.966667,1,552.11977,363.033434,459.358854,354.059122,505.739312,358.546278,3.019718,3.042705,-1.777801,4.290119,0.620959,3.666412
1140,38.0,1,551.869116,363.162083,459.50882,354.207271,505.688968,358.684677,3.017997,3.041367,-1.773134,4.190091,0.622431,3.615729
1141,38.033333,1,551.899157,363.528242,459.001999,354.274551,505.450578,358.901397,3.002409,3.060423,-1.762516,3.863375,0.619947,3.461899
1142,38.066667,1,553.515358,364.300386,460.283604,354.515274,506.899481,359.40783,3.064262,3.058567,-1.716111,5.976358,0.674076,4.517463
1143,38.1,1,552.098312,365.456616,463.846169,355.933658,507.97224,360.695137,2.970049,3.178783,-1.57869,14.41638,0.69568,8.797581
1144,38.133333,1,550.865841,367.071902,456.791954,357.149563,503.828897,362.110732,2.939346,4.401575,-1.654762,16.104715,0.642292,10.253145
1145,38.166667,1,551.384554,370.37442,456.89702,360.961604,504.140787,365.668012,2.853953,5.201698,-1.571515,68.724889,0.641219,36.963293
1146,38.2,1,551.358795,369.482542,457.97287,359.923316,504.665833,364.702929,2.844653,6.371139,-1.571526,43.829837,0.636563,25.100488
1147,38.233333,1,550.665541,366.786305,458.851681,357.775247,504.758611,362.280776,2.903299,4.404887,-1.587621,26.374688,0.657839,15.389787
1148,38.266667,1,551.649466,364.214416,456.650972,355.150732,504.150219,359.682574,3.00204,3.469039,-1.761221,6.080718,0.62041,4.774878
1149,38.3,1,551.140728,362.153599,455.967875,354.044509,503.554301,358.099054,3.036075,3.27228,-1.85864,4.912971,0.588718,4.092625
1150,38.333333,1,552.975941,361.272735,455.814953,353.726222,504.395447,357.499478,3.072494,3.133857,-1.84883,4.197743,0.611832,3.6658
1151,38.366667,1,554.137592,361.241986,452.814007,352.893906,503.4758,357.067946,3.104506,3.422386,-1.913771,4.111136,0.595367,3.766761
1152,38.4,1,554.257183,361.05884,453.658171,352.867776,503.957677,356.963308,3.127668,3.433757,-1.889088,4.120513,0.61929,3.777135
1153,38.433333,1,554.273338,360.916774,452.817154,352.835991,503.545246,356.876383,3.148922,3.218866,-1.902243,4.238514,0.623339,3.72869
1154,38.466667,1,554.027405,360.93034,452.873945,352.898058,503.450675,356.914199,3.124203,3.159605,-1.883205,4.102682,0.620499,3.631144
1155,38.5,1,553.390465,360.92305,452.781849,352.942094,503.086157,356.932572,3.122336,3.257024,-1.897484,4.006438,0.612426,3.631731
1156,38.533333,1,552.999058,360.794384,453.217945,353.056152,503.108501,356.925268,3.111484,3.004261,-1.857746,4.12219,0.626869,3.563226
1157,38.566667,1,553.18119,360.982477,453.413095,352.960569,503.297143,356.971523,3.108444,3.098217,-1.850369,4.119588,0.629037,3.608903
1158,38.6,1,552.025166,361.203539,453.68722,353.616037,502.856193,357.409788,3.1018,2.888496,-1.870335,4.814761,0.615733,3.851629
1159,38.633333,1,549.864025,362.522355,454.178829,353.913504,502.021427,358.21793,3.102044,2.752425,-1.784995,4.103929,0.658525,3.428177
1160,38.666667,1,549.025211,366.884254,455.737228,357.479437,502.38122,362.181846,2.978269,3.679521,-1.613262,44.572526,0.682503,24.126023
1161,38.7,1,547.980499,366.67509,455.166492,357.940364,501.573496,362.307727,2.939592,4.057216,-1.597765,41.203617,0.670914,22.630416
1162,38.733333,1,548.150196,364.045651,454.189005,355.213845,501.1696,359.629748,2.970413,3.890656,-1.698707,7.024515,0.635853,5.457586
1163,38.766667,1,549.198933,362.063949,451.760397,352.933543,500.479665,357.498746,3.075647,3.427839,-1.83246,4.83011,0.621593,4.128974
1164,38.8,1,550.239573,360.465267,451.80953,352.047122,501.024551,356.256194,3.117668,3.435507,-1.852184,5.026967,0.632742,4.231237
1165,38.833333,1,550.633097,359.855273,451.540241,352.036296,501.086669,355.945785,3.124858,3.436514,-1.891703,4.277648,0.616578,3.857081
1166,38.866667,1,549.800816,359.720519,453.033466,352.025605,501.417141,355.873062,3.075075,3.183425,-1.822371,4.063491,0.626352,3.623458
1167,38.9,1,550.52886,359.442562,452.977352,351.675984,501.753106,355.559273,3.102867,3.319919,-1.843941,4.466318,0.629463,3.893118
1168,38.933333,1,550.811386,359.548702,453.842201,351.796421,502.326794,355.672562,3.089374,3.276104,-1.828308,4.415113,0.630533,3.845609
1169,38.966667,1,551.504984,359.684942,453.449211,351.669595,502.477098,355.677269,3.097515,3.298177,-1.836337,4.123776,0.630589,3.710976
1170,39.0,1,550.679541,359.760854,453.587818,351.869988,502.133679,355.815421,3.067248,3.161082,-1.829105,4.296981,0.619072,3.729032
1171,39.033333,1,550.537014,360.066696,454.122505,352.074646,502.32976,356.070671,3.074953,3.089617,-1.816206,4.838556,0.629373,3.964086
1172,39.066667,1,549.904499,360.921333,454.860382,352.424058,502.382441,356.672696,3.060625,3.193334,-1.78917,5.140413,0.635728,4.166873
1173,39.1,1,549.519424,362.164178,455.146313,352.76067,502.332869,357.462424,3.043539,3.171364,-1.746099,7.166294,0.64872,5.168829
1174,39.133333,1,548.818941,362.162129,454.852695,352.956873,501.835818,357.559501,3.014232,3.346573,-1.738938,7.202014,0.637647,5.274293
1175,39.166667,1,548.960524,362.585344,455.370197,353.081231,502.16536,357.833287,3.040273,3.385053,-1.709446,6.543527,0.665413,4.96429
1176,39.2,1,549.121141,364.995652,458.742857,354.955092,503.931999,359.975372,3.013081,3.720241,-1.553998,18.534247,0.729542,11.127244
1177,39.233333,1,548.170376,366.823996,457.76,356.881337,502.965188,361.852666,2.914166,4.589122,-1.520613,60.320083,0.696777,32.454602
1178,39.266667,1,548.45705,366.807248,457.052069,356.578799,502.75456,361.693024,2.884269,5.325939,-1.558452,33.29316,0.662908,19.30955
1179,39.3,1,548.872919,364.240283,454.015732,354.308884,501.444325,359.274583,2.992431,4.939518,-1.68807,11.024988,0.65218,7.982253
1180,39.333333,1,549.151707,362.315299,453.752899,352.820145,501.452303,357.567722,3.030274,3.54104,-1.769436,5.295553,0.630419,4.418297
1181,39.366667,1,547.476072,360.371148,454.160967,352.009141,500.81852,356.190145,2.990016,3.413305,-1.794176,7.014345,0.59792,5.213825
1182,39.4,1,549.089537,360.040281,454.087067,351.762276,501.588302,355.901279,3.049786,3.26981,-1.806942,5.523047,0.621422,4.396429
1183,39.433333,1,548.981752,360.286202,454.536238,351.851508,501.758995,356.068855,3.061834,3.204815,-1.777259,5.198363,0.642287,4.201589
1184,39.466667,1,547.731771,361.034914,454.722586,352.253072,501.227179,356.643993,3.03872,3.243047,-1.755634,5.337865,0.641543,4.290456
1185,39.5,1,547.959156,366.770561,454.521856,356.539044,501.240506,361.654802,2.964677,4.28589,-1.583582,58.53539,0.690547,31.41064
1186,39.533333,1,547.312031,367.968382,453.998003,359.431023,500.655017,363.699702,2.867447,5.272333,-1.554554,59.977316,0.656446,32.624824
1187,39.566667,1,547.409887,365.108546,456.670694,356.106618,502.040291,360.607582,2.939979,4.112127,-1.552863,17.901706,0.693558,11.006917
1188,39.6,1,547.479782,365.196662,455.689888,356.093357,501.584835,360.64501,2.919075,5.298124,-1.584412,18.539911,0.667332,11.919018
1189,39.633333,1,548.184366,362.122985,453.206787,353.412709,500.695577,357.767847,3.0333,4.082556,-1.735413,5.18611,0.648944,4.634333
1190,39.666667,1,550.511122,360.293262,451.417732,351.571968,500.964427,355.932615,3.10714,3.497669,-1.838212,5.122627,0.634464,4.310148
1191,39.7,1,551.21665,359.295352,451.10301,351.25337,501.15983,355.274361,3.09036,3.408704,-1.875505,4.215623,0.607428,3.812163
1192,39.733333,1,551.410246,359.116019,451.662321,351.522819,501.536283,355.319419,3.11592,3.350132,-1.86644,4.17588,0.62474,3.763006
1193,39.766667,1,551.65144,359.065261,451.634722,351.238714,501.643081,355.151988,3.114006,3.241362,-1.861111,4.19694,0.626447,3.719151
1194,39.8,1,551.832466,359.193057,451.355724,351.133003,501.594095,355.16303,3.116674,3.411623,-1.871335,4.235736,0.62267,3.823679
1195,39.833333,1,551.294727,358.995454,451.423883,351.189153,501.359305,355.092303,3.108503,3.338139,-1.87845,4.313208,0.615026,3.825674
1196,39.866667,1,551.003437,358.905197,451.460171,351.033992,501.231804,354.969595,3.09865,3.431198,-1.882222,4.368249,0.608214,3.899724
1197,39.9,1,551.074438,358.967907,451.369429,350.987708,501.221933,354.977808,3.095649,3.336433,-1.878762,4.259837,0.608443,3.798135
1198,39.933333,1,551.677198,358.964217,451.809626,351.038901,501.743412,355.001559,3.118955,3.575559,-1.867701,4.317137,0.625627,3.946348
1199,39.966667,1,551.340485,358.854938,451.745358,351.040403,501.542921,354.94767,3.104679,3.53993,-1.888966,4.563439,0.607857,4.051684
1200,40.0,1,551.297817,358.798681,451.855631,351.093366,501.576724,354.946024,3.099685,3.463818,-1.864573,4.415386,0.617556,3.939602
1201,40.033333,1,551.421824,358.791847,451.536016,350.998158,501.47892,354.895003,3.105306,3.50868,-1.901607,4.400622,0.601849,3.954651
1202,40.066667,1,551.558237,358.805709,452.317286,351.171568,501.937761,354.988638,3.092341,3.418517,-1.870508,4.32209,0.610917,3.870304
1203,40.1,1,551.682014,358.688872,451.958771,351.150577,501.820393,354.919724,3.09349,3.538422,-1.894444,4.70421,0.599523,4.121316
1204,40.133333,1,551.788502,358.924037,452.394094,351.138378,502.091298,355.031208,3.111644,3.549999,-1.871816,4.232049,0.619914,3.891024
1205,40.166667,1,551.382093,358.729722,452.222805,351.208507,501.802449,354.969115,3.087652,3.572535,-1.882333,4.600109,0.602659,4.086322
1206,40.2,1,551.51083,359.743211,452.913647,351.531097,502.212238,355.637154,3.078255,3.381846,-1.842832,4.134329,0.617712,3.758087
1207,40.233333,1,547.630672,367.013773,453.190222,357.698359,500.410447,362.356066,2.911686,5.18301,-1.62011,50.633697,0.645788,27.908353
1208,40.266667,1,549.302645,367.250091,453.627853,357.616723,501.465249,362.433407,2.96462,4.469772,-1.558252,29.522364,0.703184,16.996068
1209,40.3,1,548.826094,364.063611,454.753466,354.754259,501.78978,359.408935,3.03608,4.421988,-1.641624,8.397605,0.697228,6.409796
1210,40.333333,1,550.794258,362.383116,452.594023,352.831099,501.69414,357.607107,3.037461,3.579528,-1.799117,5.464893,0.619172,4.522211
1211,40.366667,1,551.345253,360.664179,454.010916,351.887594,502.678084,356.275887,3.080769,3.612774,-1.815104,5.57145,0.632832,4.592112
1212,40.4,1,552.008924,359.911466,454.514008,351.821837,503.261466,355.866652,3.073747,3.193118,-1.847124,5.034668,0.613312,4.113893
1213,40.433333,1,552.395802,360.060897,454.64694,351.411996,503.521371,355.736446,3.03932,3.288203,-1.838559,4.642437,0.600381,3.96532
1214,40.466667,1,552.31987,359.841267,454.373026,351.3138,503.346448,355.577534,3.012103,2.774653,-1.877197,4.778475,0.567453,3.776564
1215,40.5,1,552.854156,360.07397,454.400911,351.450824,503.627534,355.762397,3.010043,2.756712,-1.8834,4.42361,0.563321,3.590161
1216,40.533333,1,553.034248,360.197024,454.856625,351.253697,503.945436,355.725361,2.964903,2.585043,-1.871785,4.085604,0.546559,3.335324
1217,40.566667,1,553.59499,360.15883,454.891729,351.208196,504.24336,355.683513,2.988064,2.652921,-1.889385,4.058658,0.549339,3.355789
1218,40.6,1,553.945227,360.008433,455.090227,351.14421,504.517727,355.576321,3.00276,2.697798,-1.914315,4.122119,0.544222,3.409958
1219,40.633333,1,554.493246,360.151813,455.030603,351.134972,504.761925,355.643393,2.982436,2.614101,-1.926888,4.133987,0.527774,3.374044
1220,40.666667,1,554.539433,360.325588,455.317402,351.080861,504.928417,355.703225,2.983637,2.484328,-1.936245,4.01934,0.523696,3.251834
1221,40.7,1,554.36162,360.398775,455.08914,351.044501,504.72538,355.721638,2.991042,2.495909,-1.938727,4.032814,0.526158,3.264361
1222,40.733333,1,554.549465,360.705641,455.768166,351.22084,505.158815,355.963241,3.002707,2.438218,-1.90753,3.843044,0.547588,3.140631
1223,40.766667,1,553.995628,360.80462,455.990658,351.365352,504.993143,356.084986,2.988307,2.346028,-1.91471,3.875636,0.536799,3.110832
1224,40.8,1,551.825247,365.31771,460.224543,353.111073,506.024895,359.214392,2.99213,2.845598,-1.669324,9.412421,0.661403,6.12901
1225,40.833333,1,551.483774,366.666883,460.29871,355.583357,505.891242,361.12512,2.926188,3.248796,-1.574543,19.708164,0.675822,11.47848
1226,40.866667,1,551.433496,367.031915,462.489119,355.457717,506.961308,361.244816,2.966371,3.25315,-1.555277,11.543371,0.705547,7.398261
1227,40.9,1,551.18288,366.598202,460.631733,355.289601,505.907307,360.943902,2.964849,3.173647,-1.605839,17.228939,0.679505,10.201293
1228,40.933333,1,550.66967,367.01315,460.956497,355.786228,505.813084,361.399689,2.939182,3.111069,-1.567242,20.090005,0.68597,11.600537
1229,40.966667,1,551.681643,367.692543,459.538832,357.261556,505.610237,362.47705,2.919079,3.821277,-1.569989,38.707753,0.674545,21.264515
1230,41.0,1,551.942444,367.550907,463.716707,356.92688,507.829576,362.238894,2.932957,3.153136,-1.492589,24.934665,0.720184,14.043901
1231,41.033333,1,552.913952,366.30479,461.583719,354.635233,507.248836,360.470012,2.948954,2.997919,-1.599684,17.3423,0.674635,10.170109
1232,41.066667,1,554.549618,364.408023,460.116501,353.158506,507.333059,358.783264,3.00819,2.755437,-1.74428,5.432111,0.631955,4.093774
1233,41.1,1,555.028505,363.614051,462.209215,352.649825,508.61886,358.131938,3.017938,2.551551,-1.739691,5.797263,0.639123,4.174407
1234,41.133333,1,555.512686,363.548219,462.634706,352.268055,509.073696,357.908137,3.008379,2.619369,-1.765785,5.185388,0.621297,3.902379
1235,41.166667,1,555.66165,362.981093,461.85709,352.294883,508.75937,357.637988,3.051907,2.557366,-1.803808,5.178459,0.62405,3.867912
1236,41.2,1,555.859623,362.992063,462.032413,352.078224,508.946018,357.535144,3.053256,2.616096,-1.794988,5.243676,0.629134,3.929886
1237,41.233333,1,555.230618,362.610862,462.552328,351.806672,508.891473,357.208767,3.072171,2.52699,-1.777588,5.306372,0.647292,3.916681
1238,41.266667,1,554.421692,362.263087,461.66749,351.688623,508.044591,356.975855,3.046544,2.457367,-1.803557,4.894612,0.621494,3.67599
1239,41.3,1,555.130463,362.63239,461.376839,351.9944,508.253651,357.313395,3.086066,2.355937,-1.774649,5.201626,0.655709,3.778781
1240,41.333333,1,553.420801,366.244751,461.553984,354.010091,507.487392,360.127421,3.025995,3.427707,-1.652948,6.519327,0.686523,4.973517
1241,41.366667,1,551.918497,369.589251,459.360905,358.406993,505.639701,363.998122,2.872089,3.340774,-1.57025,51.515703,0.650919,27.428238
1242,41.4,1,553.521299,368.15383,463.262453,357.184888,508.391876,362.669359,2.928105,3.283358,-1.509151,30.296184,0.709477,16.789771
1243,41.433333,1,552.99633,365.301853,461.463604,354.421424,507.229967,359.861638,3.000139,2.744293,-1.652783,11.276671,0.673678,7.010482
1244,41.466667,1,553.573008,364.03769,458.873968,353.250028,506.223488,358.643859,3.03997,2.381462,-1.808626,5.372324,0.615672,3.876893
1245,41.5,1,552.108641,362.674801,459.800234,352.752548,505.954437,357.713674,3.031712,2.195937,-1.787741,3.935802,0.621986,3.06587
1246,41.533333,1,553.657341,362.50705,458.513994,352.178115,506.085668,357.342583,3.053598,2.245282,-1.824877,3.777675,0.61436,3.011478
1247,41.566667,1,553.720179,361.822668,458.532305,352.401865,506.126242,357.112267,3.045546,2.139789,-1.846629,3.800214,0.599459,2.970002
1248,41.6,1,553.786392,361.850923,458.888254,351.989427,506.337323,356.920175,3.060447,2.108966,-1.829386,3.595041,0.615531,2.852004
1249,41.633333,1,553.831882,361.65635,459.051189,351.847377,506.441536,356.751864,3.045861,2.105788,-1.821227,3.655722,0.612317,2.880755
1250,41.666667,1,553.574743,361.567397,459.155235,351.902905,506.364989,356.735151,3.04409,2.089837,-1.835223,3.678299,0.604433,2.884068
1251,41.7,1,555.261412,362.164344,458.177414,351.453887,506.719413,356.809115,3.084738,2.268928,-1.862188,3.833757,0.611275,3.051342
1252,41.733333,1,554.989595,361.961703,458.465853,351.722987,506.727724,356.842345,3.065109,2.353926,-1.860107,3.972226,0.602501,3.163076
1253,41.766667,1,554.743261,362.010096,458.1991,351.621326,506.471181,356.815711,3.06647,2.436402,-1.881617,4.050109,0.592427,3.243255
1254,41.8,1,554.972525,362.040244,458.246965,351.610683,506.609745,356.825463,3.065567,2.532363,-1.888702,4.130001,0.588433,3.331182
1255,41.833333,1,554.868746,362.092316,458.379269,351.724613,506.624007,356.908464,3.062975,2.428017,-1.886363,4.124177,0.588306,3.276097
1256,41.866667,1,553.096104,363.3063,457.560253,352.585103,505.328178,357.945701,3.062905,2.615028,-1.879304,4.412896,0.591801,3.513962
1257,41.9,1,552.248707,369.149916,460.524092,358.406403,506.386399,363.77816,2.836574,3.485799,-1.568371,27.067216,0.634102,15.276507
1258,41.933333,1,551.553507,369.346694,461.0221,359.733136,506.287804,364.539915,2.823035,2.057031,-1.539527,38.196659,0.641754,20.126845
1259,41.966667,1,552.044973,367.865878,463.891249,357.766964,507.968111,362.816421,2.853665,3.888048,-1.501753,25.172369,0.675956,14.530209
1260,42.0,1,552.188387,366.775442,460.670443,355.469905,506.429415,361.122673,2.966511,3.689535,-1.614583,11.615742,0.675964,7.652639
1261,42.033333,1,553.17646,365.536605,464.031553,354.826807,508.604007,360.181706,3.020097,2.748156,-1.582752,10.337434,0.718673,6.542795
1262,42.066667,1,552.810984,364.360832,464.025946,353.934726,508.418465,359.147779,3.034071,2.561676,-1.616842,7.363082,0.708614,4.962379
1263,42.1,1,552.209253,363.099234,462.678089,352.951391,507.443671,358.025312,2.993857,2.613712,-1.743598,4.686963,0.625129,3.650337
1264,42.133333,1,549.518147,361.917399,461.287928,352.544999,505.403037,357.231199,2.970375,2.364768,-1.778738,3.587431,0.595818,2.9761
1265,42.166667,1,547.570658,361.17426,461.443939,352.450129,504.507298,356.812195,2.930987,2.23998,-1.805632,3.259964,0.562677,2.749972
1266,42.2,1,548.966856,361.370255,461.60428,352.39171,505.285568,356.880983,2.968318,2.31765,-1.801979,3.630851,0.583169,2.974251
1267,42.233333,1,547.963057,361.890764,460.916252,352.418243,504.439654,357.154503,2.948447,2.346675,-1.780782,3.469828,0.583832,2.908252
1268,42.266667,1,547.748318,361.786003,460.929003,352.776296,504.33866,357.281149,2.953719,2.318081,-1.771143,3.447788,0.591288,2.882935
1269,42.3,1,552.484341,365.832689,464.483709,353.969895,508.484025,359.901292,3.03326,2.916682,-1.583534,9.030242,0.724863,5.973462
1270,42.333333,1,550.463181,369.397956,459.384871,358.725409,504.924026,364.061683,2.748848,3.719798,-1.559844,66.352016,0.594502,35.035907
1271,42.366667,1,552.079544,369.208227,462.394457,358.194766,507.237,363.701497,2.847559,4.353868,-1.514328,62.900659,0.666615,33.627263
1272,42.4,1,551.652184,367.680259,458.442831,356.134379,505.047507,361.907319,2.950084,4.560794,-1.627533,17.940405,0.661275,11.2506
1273,42.433333,1,552.611361,366.763721,464.643316,355.045681,508.627338,360.904701,3.008314,2.650356,-1.509287,32.576696,0.749514,17.613526
1274,42.466667,1,552.45616,365.287203,464.352217,354.295129,508.404188,359.791166,3.038534,2.464939,-1.54348,15.91677,0.747527,9.190855
1275,42.5,1,553.492098,363.828011,463.988028,353.255982,508.740063,358.541997,3.086201,2.952139,-1.64876,5.559776,0.71872,4.255957
1276,42.533333,1,552.663784,362.458663,463.148174,352.545202,507.905979,357.501933,3.070811,2.629834,-1.762848,5.662397,0.653982,4.146116
1277,42.566667,1,552.507572,361.946045,462.661581,352.290334,507.584577,357.118189,3.083414,2.547622,-1.774934,5.487733,0.65424,4.017677
1278,42.6,1,551.601486,361.848004,462.726603,352.314935,507.164044,357.08147,3.046262,2.413516,-1.774919,5.067936,0.635671,3.740726
1279,42.633333,1,551.320877,361.656715,462.352734,352.346005,506.836805,357.00136,3.028064,2.257733,-1.789964,5.152933,0.61905,3.705333
1280,42.666667,1,551.603117,361.848847,462.890043,352.286873,507.24658,357.06786,3.038367,2.469753,-1.772689,5.161756,0.632839,3.815754
1281,42.7,1,551.509905,361.773128,462.905436,352.351568,507.20767,357.062348,3.035377,2.467701,-1.774643,4.95453,0.630367,3.711116
1282,42.733333,1,549.543791,362.084382,462.406425,352.502807,505.975108,357.293595,2.986537,2.392752,-1.74241,4.368853,0.622064,3.380802
1283,42.766667,1,553.037329,367.939403,462.409163,356.390943,507.723246,362.165173,2.945559,3.299794,-1.543092,24.542859,0.701233,13.921327
1284,42.8,1,553.127937,370.660236,460.555239,359.659097,506.841588,365.159666,2.840735,2.633222,-1.546593,55.282138,0.647071,28.95768
1285,42.833333,1,553.274546,368.578734,464.761877,357.376134,509.018211,362.977434,2.853228,3.599231,-1.509949,18.214068,0.671639,10.906649
1286,42.866667,1,552.974253,365.227894,461.616545,354.525681,507.295399,359.876787,3.026673,2.68739,-1.689615,7.714789,0.668529,5.201089
1287,42.9,1,553.285856,363.321798,461.916285,352.47443,507.60107,357.898114,3.028711,2.606113,-1.750844,5.578897,0.638933,4.092505
1288,42.933333,1,554.167261,362.437109,461.745682,351.837979,507.956471,357.137544,3.057844,2.262366,-1.795201,5.128972,0.631321,3.695669
1289,42.966667,1,555.171528,361.609046,460.35943,350.96705,507.765479,356.288048,3.065541,2.609413,-1.849303,5.041765,0.608119,3.825589
1290,43.0,1,555.46978,361.511832,460.161533,350.477713,507.815657,355.994773,3.047709,2.577864,-1.862259,5.193634,0.592725,3.885749
1291,43.033333,1,556.12669,361.41508,460.34524,350.46936,508.235965,355.94222,3.041058,2.412978,-1.865845,5.227534,0.587606,3.820256
1292,43.066667,1,555.618353,361.278604,460.137377,350.673739,507.877865,355.976171,3.050205,2.342487,-1.880631,5.045346,0.584787,3.693916
1293,43.1,1,555.987873,361.121072,458.696012,350.238197,507.341943,355.679635,3.024926,2.72394,-1.923579,4.98249,0.550673,3.853215
1294,43.133333,1,555.318756,361.122301,459.373045,350.475653,507.345901,355.798977,3.045389,2.16938,-1.872867,4.695975,0.586261,3.432677
1295,43.166667,1,554.815006,361.201828,458.158588,350.277776,506.486797,355.739802,3.00795,2.393479,-1.889085,4.533421,0.559432,3.46345
1296,43.2,1,554.159689,361.252779,458.030672,350.63003,506.095181,355.941405,3.003367,2.230124,-1.837753,4.091023,0.582807,3.160573
1297,43.233333,1,554.153214,361.162797,456.936626,350.573167,505.54492,355.867982,2.988217,2.420943,-1.873109,4.384902,0.557554,3.402922
1298,43.266667,1,554.040251,361.110397,457.054453,350.638484,505.547352,355.874441,2.980589,2.443756,-1.858027,4.113415,0.561281,3.278585
1299,43.3,1,553.616734,361.3138,456.943159,350.59558,505.279946,355.95469,2.988627,2.430388,-1.854845,3.892983,0.566891,3.161685
1300,43.333333,1,553.368378,361.555762,457.122278,350.759726,505.245328,356.157744,2.994441,2.402536,-1.856385,4.136436,0.569028,3.269486
1301,43.366667,1,549.956512,362.036086,456.921864,351.626111,503.439188,356.831099,2.938866,2.227651,-1.8816,4.158952,0.528633,3.193302
1302,43.4,1,550.943031,368.203526,460.790424,357.131758,505.866728,362.667642,2.825927,3.006323,-1.579684,40.738978,0.623122,21.87265
1303,43.433333,1,551.158733,370.280607,458.79117,360.05079,504.974952,365.165699,2.720707,-0.393249,-1.606754,89.116653,0.556976,44.361702
1304,43.466667,1,553.537216,370.246114,462.62907,358.542976,508.083143,364.394545,2.726129,5.307064,-1.564629,34.730289,0.58075,20.018676
1305,43.5,1,550.805864,367.476068,463.003778,357.600126,506.904821,362.538097,2.704083,3.721286,-1.62981,35.700661,0.537137,19.710973
1306,43.533333,1,552.118368,366.135081,464.704046,356.57733,508.411207,361.356205,2.847341,4.784273,-1.644664,16.539573,0.601338,10.661923
1307,43.566667,1,553.596191,364.85122,464.850359,355.269983,509.223275,360.060602,2.947301,5.958829,-1.693645,5.856078,0.626828,5.907453
1308,43.6,1,551.091871,362.986887,466.535864,355.386906,508.813868,359.186896,2.909923,3.413971,-1.692593,3.439834,0.608665,3.426902
1309,43.633333,1,550.744095,362.299951,467.526627,355.560333,509.135361,358.930142,2.908309,2.604161,-1.678235,3.364613,0.615037,2.984387
1310,43.666667,1,551.803102,362.388357,465.802317,355.530324,508.80271,358.95934,2.950136,2.843204,-1.742034,3.606883,0.604051,3.225044
1311,43.7,1,552.135477,362.657034,465.297384,355.70125,508.716431,359.179142,2.97789,3.002078,-1.727999,4.002345,0.624946,3.502212
1312,43.733333,1,552.887774,362.667548,464.535017,355.142911,508.711395,358.90523,3.015756,4.030142,-1.776364,4.253191,0.619696,4.141666
1313,43.766667,1,553.024721,362.927417,464.436178,355.151467,508.73045,359.039442,3.023564,3.814404,-1.762618,4.198159,0.630473,4.006282
1314,43.8,1,553.361626,362.910626,464.725323,355.387915,509.043474,359.14927,3.034927,3.689949,-1.725557,4.246553,0.654685,3.968251
1315,43.833333,1,553.444128,362.85298,464.120531,355.34766,508.78233,359.10032,3.053718,4.109328,-1.757834,4.519629,0.647942,4.314479
1316,43.866667,1,551.78319,363.197907,464.56543,355.495112,508.17431,359.346509,3.015145,3.558657,-1.735828,4.343544,0.639658,3.9511
1317,43.9,1,553.499327,368.944073,463.327551,358.072371,508.413439,363.508222,2.925252,9.591113,-1.554243,58.14139,0.685504,33.866251
1318,43.933333,1,552.913294,370.621119,461.873131,358.963407,507.393212,364.792263,2.879627,11.193321,-1.543105,141.892094,0.668261,76.542708
1319,43.966667,1,552.89135,367.245816,463.28598,357.938041,508.088665,362.591929,2.943832,8.28991,-1.610159,52.53138,0.666837,30.410645
1320,44.0,1,553.918667,365.072122,462.380581,356.553769,508.149624,360.812945,2.988052,7.087233,-1.736523,12.494468,0.625764,9.790851
1321,44.033333,1,554.537935,363.187387,465.56304,357.708691,510.050488,360.448039,2.966983,7.048354,-1.72775,5.159737,0.619616,6.104046
1322,44.066667,1,554.017544,363.921111,466.784391,357.567295,510.400968,360.744203,2.919672,5.386298,-1.690471,4.361805,0.6146,4.874051
1323,44.1,1,555.467129,362.919466,466.642818,356.989773,511.054974,359.95462,2.954402,4.781509,-1.723161,4.216358,0.61562,4.498933
1324,44.133333,1,556.030188,362.621436,467.220802,358.703474,511.625495,360.662455,2.951027,3.663606,-1.704156,4.902428,0.623435,4.283017
1325,44.166667,1,556.53739,362.389172,467.571964,358.649272,512.054677,360.519222,2.938934,2.889175,-1.693957,4.783362,0.622489,3.836269
1326,44.2,1,556.791773,361.910377,466.863346,357.824374,511.827559,359.867375,2.995792,3.53725,-1.709292,4.879163,0.64325,4.208207
1327,44.233333,1,556.919641,361.524256,467.067308,357.392222,511.993475,359.458239,3.000273,3.915394,-1.692786,4.976626,0.653744,4.44601
1328,44.266667,1,556.960411,361.097667,467.004328,356.679243,511.982369,358.888455,3.025157,3.568237,-1.704934,4.970246,0.660112,4.269241
1329,44.3,1,556.690397,360.608561,466.320982,355.401106,511.50569,358.004833,3.023487,3.607748,-1.726085,5.145554,0.648701,4.376651
1330,44.333333,1,556.497583,360.105094,466.641302,356.212887,511.569443,358.158991,3.053772,3.156903,-1.699605,5.306796,0.677084,4.23185
1331,44.366667,1,555.906725,359.774083,466.172495,354.67618,511.03961,357.225131,3.064902,3.150806,-1.687679,5.12403,0.688611,4.137418
1332,44.4,1,556.763239,358.68524,464.602652,353.867719,510.682945,356.27648,3.135284,2.942905,-1.713178,5.868597,0.711053,4.405751
1333,44.433333,1,555.968075,358.29536,463.381824,352.639815,509.67495,355.467587,3.160216,3.279098,-1.723558,5.463927,0.718329,4.371512
1334,44.466667,1,555.560474,357.852044,458.267679,350.051059,506.914077,353.951552,3.234272,3.670139,-1.858142,5.642534,0.688065,4.656336
1335,44.5,1,555.711403,357.538676,458.87949,350.412025,507.295446,353.975351,3.292435,3.269506,-1.781221,5.882796,0.755607,4.576151
1336,44.533333,1,555.539532,356.942706,459.189587,349.890507,507.364559,353.416606,3.295231,3.795578,-1.776151,6.408053,0.75954,5.101815
1337,44.566667,1,555.305405,356.768249,459.344749,349.39638,507.325077,353.082315,3.294912,4.740999,-1.757401,5.941621,0.768756,5.34131
1338,44.6,1,555.409698,356.386571,459.44521,349.836981,507.427454,353.111776,3.294816,4.17621,-1.727808,7.924286,0.783504,6.050248
1339,44.633333,1,555.451059,356.202813,459.187107,349.712495,507.319083,352.957654,3.311307,4.190969,-1.745321,6.674101,0.782993,5.432535
1340,44.666667,1,555.029783,356.487685,459.537201,349.938009,507.283492,353.212847,3.249302,5.416891,-1.761955,9.157776,0.743673,7.287333
1341,44.7,1,550.445452,361.362412,462.708502,353.191534,506.576977,357.276973,3.007766,6.525864,-1.537172,19.156056,0.735297,12.84096
1342,44.733333,1,550.295162,365.343647,458.840332,355.922989,504.567747,360.633318,2.890258,9.194561,-1.493765,-101.220824,0.698246,-46.013131
1343,44.766667,1,551.133671,363.049704,460.346155,354.083374,505.739913,358.566539,2.952236,5.605759,-1.505991,35.744744,0.723122,20.675252
1344,44.8,1,549.473267,359.472249,462.490129,351.819198,505.981698,355.645723,3.023871,5.048701,-1.605398,4.647347,0.709236,4.848024
1345,44.833333,1,552.262259,357.963361,462.16754,351.037436,507.214899,354.500399,3.17461,4.071259,-1.699411,7.68168,0.7376,5.876469
1346,44.866667,1,552.598743,357.21009,463.06366,351.075073,507.831202,354.142581,3.175694,4.217244,-1.725738,6.745167,0.724978,5.481205
1347,44.9,1,552.616587,356.936038,463.134403,350.991924,507.875495,353.963981,3.058653,7.473085,-1.703379,5.946627,0.677637,6.709856
1348,44.933333,1,552.488976,356.918308,463.248396,351.299456,507.868686,354.108882,3.061511,5.728642,-1.689223,6.778095,0.686144,6.253368
1349,44.966667,1,552.454195,356.602215,462.797089,351.295427,507.625642,353.948821,3.026052,5.114671,-1.703537,6.074963,0.661257,5.594817
1350,45.0,1,552.78266,356.368761,463.444891,351.216484,508.113775,353.792623,3.014215,5.299117,-1.710452,5.005095,0.651882,5.152106
1351,45.033333,1,552.581224,356.135618,463.918533,351.190081,508.249879,353.662849,3.005459,5.259208,-1.705105,5.02132,0.650177,5.140264
1352,45.066667,1,552.416677,355.998117,463.816509,351.553284,508.116593,353.775701,3.03241,5.62939,-1.703459,5.402475,0.664476,5.515933
1353,45.1,1,552.389708,355.874612,464.071941,352.409413,508.230824,354.142013,3.037062,5.449989,-1.703062,4.746572,0.667,5.09828
1354,45.133333,1,552.574997,355.812106,463.599939,353.325199,508.087468,354.568653,3.029864,5.023467,-1.715792,5.149363,0.657036,5.086415
1355,45.166667,1,552.520819,355.672545,462.682819,352.456223,507.601819,354.064384,3.041752,5.514679,-1.736543,4.509111,0.652605,5.011895
1356,45.2,1,552.438869,356.147243,463.537788,352.283639,507.988329,354.215441,3.035799,5.696505,-1.703541,4.843857,0.666129,5.270181
1357,45.233333,1,552.419424,355.99462,463.375864,351.869656,507.897644,353.932138,2.995788,4.975829,-1.717676,4.516535,0.639056,4.746182
1358,45.266667,1,552.850342,356.191236,465.206842,352.341859,509.028592,354.266548,2.980178,5.237421,-1.674989,4.836796,0.652595,5.037109
1359,45.3,1,549.737635,360.819629,461.839638,353.118814,505.788636,356.969222,2.899256,31.926439,-1.544893,13.487252,0.677181,22.706846
1360,45.333333,1,551.634855,364.690475,463.119936,355.793454,507.377396,360.241965,2.93432,27.599934,-1.424144,538.907658,0.755088,283.253796
1361,45.366667,1,550.554352,363.460736,460.314665,357.396825,505.434508,360.428781,2.925346,13.615066,-1.471666,13.578486,0.72684,13.596776
1362,45.4,1,550.669212,362.851376,460.368137,357.981101,505.518675,360.416239,2.901415,11.732327,-1.460956,-249.357956,0.720229,-118.812814
1363,45.433333,1,551.482077,364.029209,460.142717,358.703624,505.812397,361.366417,2.935343,5.162014,-1.477457,-66.0273,0.728943,-30.432643
1364,45.466667,1,549.054089,364.147484,458.936071,358.269449,503.99508,361.208467,2.857856,5.120402,-1.524167,139.581083,0.666845,72.350743
1365,45.5,1,547.575779,364.163432,460.328417,357.439102,503.952098,360.801267,2.826218,4.058768,-1.504027,176.345753,0.661096,90.20226
1366,45.533333,1,547.996397,363.272354,459.241219,357.049119,503.618808,360.160737,2.830735,3.517758,-1.537367,180.390381,0.646684,91.95407
1367,45.566667,1,548.678694,362.828701,458.650303,356.418023,503.664498,359.623362,2.868758,3.309623,-1.541314,185.039957,0.663722,94.17479
1368,45.6,1,550.381813,360.290993,459.562807,355.254067,504.97231,357.77253,2.874657,3.173893,-1.512671,137.311351,0.680993,70.242622
1369,45.633333,1,548.425207,356.951777,465.060177,352.751502,506.742692,354.851639,2.788758,3.836596,-1.4676,73.728643,0.660579,38.78262
1370,45.666667,1,551.516304,355.649693,462.78079,352.862878,507.148547,354.256285,2.843296,2.786242,-1.594683,18.087141,0.624306,10.436691
1371,45.7,1,551.674633,354.183185,461.942425,353.258225,506.808529,353.720705,2.83451,4.384154,-1.67229,10.432931,0.58111,7.408542
1372,45.733333,1,552.704849,353.390533,461.161814,353.225325,506.933331,353.307929,2.827055,5.251064,-1.707937,11.619014,0.559559,8.435039
1373,45.766667,1,553.395176,353.03852,461.689024,353.068764,507.5421,353.053642,2.89453,4.15748,-1.723767,12.473234,0.585381,8.315357
1374,45.8,1,553.251333,352.820864,461.557283,352.35218,507.404308,352.586522,2.867773,5.196447,-1.756952,9.493744,0.55541,7.345095
1375,45.833333,1,552.995214,352.07478,461.854467,352.281809,507.424841,352.178295,2.868469,4.256405,-1.77559,11.432078,0.54644,7.844242
1376,45.866667,1,553.642378,351.927264,462.504816,351.851133,508.073597,351.889198,2.864927,4.205617,-1.732882,9.068507,0.566022,6.637062
1377,45.9,1,553.235483,351.622415,458.934813,350.70201,506.085148,351.162212,2.814827,4.63684,-1.858317,6.786846,0.478255,5.711843
1378,45.933333,1,551.813526,351.286688,459.585934,349.549427,505.69973,350.418058,2.792883,5.429549,-1.817401,9.629488,0.487741,7.529518
1379,45.966667,1,552.348776,350.897264,459.607458,349.372417,505.978117,350.134841,2.75589,4.897103,-1.779586,6.266102,0.488152,5.581603
1380,46.0,1,551.326227,351.212091,460.651808,348.901497,505.989017,350.056794,2.731484,5.722526,-1.703372,7.371571,0.514056,6.547048
1381,46.033333,1,551.645718,350.561982,460.878096,348.793007,506.261907,349.677494,2.742798,5.535386,-1.689476,7.484307,0.526661,6.509846
1382,46.066667,1,551.278782,349.901671,463.019934,348.153841,507.149358,349.027756,2.761705,5.811337,-1.63229,9.190458,0.564707,7.500897
1383,46.1,1,549.385653,349.732193,462.538958,348.00566,505.962305,348.868926,2.731583,6.648451,-1.654969,6.587113,0.538307,6.617782
1384,46.133333,1,549.222107,349.147305,460.177879,348.341473,504.699993,348.744389,2.689057,3.909722,-1.721666,7.482099,0.483695,5.695911
1385,46.166667,1,549.39436,348.596749,458.842907,348.24833,504.118633,348.42254,2.704198,2.339255,-1.777805,6.183469,0.463197,4.261362
1386,46.2,1,548.800755,347.846793,460.065002,347.662885,504.432878,347.754839,2.714669,2.235153,-1.728155,7.51473,0.493257,4.874941
1387,46.233333,1,549.151669,347.4507,458.453445,347.313114,503.802557,347.381907,2.761406,2.175245,-1.79011,8.70583,0.485648,5.440538
1388,46.266667,1,548.196983,346.706527,458.569107,348.426944,503.383045,347.566735,2.749159,1.000318,-1.797369,11.650304,0.475895,6.325311
1389,46.3,1,549.96007,346.306491,460.276403,346.265947,505.118237,346.286219,2.779687,1.542522,-1.801603,13.114645,0.489042,7.328584
1390,46.333333,1,549.418354,345.39365,457.066097,346.939815,503.242226,346.166732,2.77901,1.098994,-1.871204,19.119843,0.453903,10.109419
1391,46.366667,1,550.445013,344.913899,461.351032,344.93879,505.898023,344.926345,2.844397,2.024311,-1.761299,11.591935,0.541549,6.808123
1392,46.4,1,549.101362,343.577349,462.449417,343.856809,505.77539,343.717079,2.851899,2.65212,-1.723167,14.240488,0.564366,8.446304
1393,46.433333,1,549.310684,343.148416,461.787777,341.814575,505.549231,342.481495,2.885641,4.221125,-1.712422,7.920606,0.586609,6.070865
1394,46.466667,1,548.638391,342.34172,461.308804,341.609622,504.973598,341.975671,2.890193,3.667813,-1.735377,6.482013,0.577408,5.074913
1395,46.5,1,548.4795,341.891972,461.381245,340.66314,504.930372,341.277556,2.878601,3.212275,-1.725409,6.968306,0.576596,5.090291
1396,46.533333,1,548.288164,340.729187,461.175575,339.994369,504.73187,340.361778,2.86111,2.729644,-1.738579,7.777919,0.561266,5.253782
1397,46.566667,1,548.469067,340.163739,459.732933,338.50924,504.101,339.33649,2.872908,2.596521,-1.763905,9.064836,0.554502,5.830679
1398,46.6,1,548.839827,339.357001,460.496883,338.365436,504.668355,338.861218,2.888815,2.524819,-1.738481,9.952091,0.575167,6.238455
1399,46.633333,1,548.68433,339.39261,459.638605,337.700667,504.161468,338.546638,2.860086,2.721305,-1.768773,6.486392,0.545657,4.603849
1400,46.666667,1,548.508224,338.661869,460.264282,339.012943,504.386253,338.837406,2.861812,1.874589,-1.784204,9.108702,0.538804,5.491646
1401,46.7,1,549.574633,338.843207,459.877844,338.786248,504.726238,338.814728,2.876555,1.939994,-1.774602,7.696751,0.550977,4.818372
1402,46.733333,1,548.685493,338.299754,461.339035,338.757125,505.012264,338.528439,2.819152,1.60648,-1.744585,10.381604,0.537284,5.994042
1403,46.766667,1,548.169842,337.93919,460.853815,338.669459,504.511828,338.304325,2.809039,1.465432,-1.773182,8.73443,0.517928,5.099931
1404,46.8,1,550.274811,339.382235,458.582792,338.276269,504.428802,338.829252,2.795475,1.704346,-1.782687,9.46133,0.506394,5.582838
1405,46.833333,1,548.773069,344.424042,460.496626,337.549202,504.634848,340.986622,2.758131,5.557442,-1.524255,-24.124102,0.616938,-9.28333
1406,46.866667,1,551.745911,343.149054,457.550583,336.257279,504.648247,339.703166,2.821813,7.088207,-1.609882,0.5597,0.605966,3.823954
1407,46.9,1,552.878885,341.210766,464.918976,335.717817,508.898931,338.464292,2.815065,7.380968,-1.601274,26.45334,0.606896,16.917154
1408,46.933333,1,554.483757,338.952422,464.97201,335.416637,509.727883,337.184529,2.837955,3.319876,-1.728748,9.607152,0.554603,6.463514
1409,46.966667,1,557.880306,338.21682,463.013124,334.236449,510.446715,336.226635,2.897975,3.344482,-1.856772,4.772085,0.520601,4.058283
1410,47.0,1,558.824034,337.845104,465.587273,335.779722,512.205653,336.812413,2.849459,3.046305,-1.815498,3.467459,0.516981,3.256882
1411,47.033333,1,559.105368,337.879141,468.420115,333.93145,513.762741,335.905295,2.85043,3.460484,-1.780369,1.392471,0.535031,2.426477
1412,47.066667,1,561.190548,338.424348,469.701653,333.895867,515.4461,336.160108,2.853995,4.125935,-1.777729,0.98165,0.538133,2.553793
1413,47.1,1,562.07551,338.373526,469.915342,333.744527,515.995426,336.059026,2.909232,3.41539,-1.789451,1.166472,0.55989,2.290931
1414,47.133333,1,562.232819,338.440157,470.644407,334.123871,516.438613,336.282014,2.887129,3.038164,-1.799105,1.177013,0.544012,2.107589
1415,47.166667,1,561.972113,338.333287,471.712856,334.085129,516.842484,336.209208,2.857593,3.144289,-1.765069,1.539724,0.546262,2.342007
1416,47.2,1,561.466923,338.204579,470.742569,331.876212,516.104746,335.040396,2.884876,3.31355,-1.799989,1.147047,0.542443,2.230299
1417,47.233333,1,561.234198,337.886426,468.911991,333.591394,515.073094,335.73891,2.855072,2.997023,-1.802363,1.642495,0.526355,2.319759
1418,47.266667,1,560.19722,337.990807,468.827858,331.968636,514.512539,334.979721,2.844892,3.4773,-1.817383,1.003969,0.513755,2.240634
1419,47.3,1,559.383421,337.870359,467.889309,332.145544,513.636365,335.007952,2.867,3.355529,-1.814862,0.931911,0.526069,2.14372
1420,47.333333,1,558.642511,337.704797,466.766911,331.743969,512.704711,334.724383,2.899165,3.380016,-1.794222,0.979164,0.552471,2.17959
1421,47.366667,1,557.958841,337.148148,464.736128,331.52046,511.347485,334.334304,2.904366,3.514867,-1.842488,0.914435,0.530939,2.214651
1422,47.4,1,558.227806,337.092497,464.972849,332.151203,511.600327,334.62185,2.924983,2.893878,-1.833282,0.759445,0.545851,1.826662
1423,47.433333,1,558.408537,337.82459,463.616362,331.850173,511.012449,334.837382,2.944264,3.128111,-1.865587,0.426239,0.539339,1.777175
1424,47.466667,1,556.252356,342.257584,463.412685,334.069503,509.83252,338.163544,2.808591,3.987167,-1.736495,-2.789136,0.536048,0.599016
1425,47.5,1,552.815924,344.389549,464.118862,335.842416,508.467393,340.115983,2.630222,5.851116,-1.727016,-10.666204,0.451603,-2.407544
1426,47.533333,1,557.917652,342.371401,464.890099,334.082013,511.403875,338.226707,2.76983,4.338308,-1.764921,-0.485055,0.502455,1.926627
1427,47.566667,1,559.404764,340.538841,467.090826,333.730692,513.247795,337.134766,2.868159,4.240668,-1.810769,0.092752,0.528695,2.16671
1428,47.6,1,561.735525,339.727848,466.467791,333.084585,514.101658,336.406217,2.90134,4.55884,-1.87277,0.328876,0.514285,2.443858
1429,47.633333,1,563.037653,339.416696,467.195425,332.232082,515.116539,335.824389,2.914148,4.048806,-1.883769,0.151414,0.51519,2.10011
1430,47.666667,1,562.726879,339.718192,468.472672,332.556571,515.599775,336.137381,2.843853,4.899689,-1.918349,0.238237,0.462752,2.568963
1431,47.7,1,564.919968,340.127878,470.069866,332.697746,517.494917,336.412812,2.876784,4.581222,-1.891071,0.411243,0.492857,2.496232
1432,47.733333,1,565.731068,340.24213,471.428871,333.242079,518.579969,336.742104,2.832435,4.551053,-1.925905,0.47071,0.453265,2.510882
1433,47.766667,1,568.256512,340.975226,473.052025,333.40269,520.654268,337.188958,2.837173,3.472682,-1.987569,1.348908,0.424802,2.410795
1434,47.8,1,570.808868,342.218306,475.886946,332.648774,523.347907,337.43354,2.83241,5.691429,-2.017916,1.073041,0.407247,3.382235
1435,47.833333,1,573.070927,342.705819,478.956032,333.220396,526.013479,337.963108,2.853375,4.998609,-2.01005,0.844825,0.421663,2.921717
1436,47.866667,1,573.904142,342.883569,480.409212,333.784116,527.156677,338.333842,2.814984,5.084833,-2.009959,0.474356,0.402513,2.779595
1437,47.9,1,575.003338,344.11098,483.904924,334.089931,529.454131,339.100455,2.811788,5.159325,-1.97288,0.348926,0.419454,2.754126
1438,47.933333,1,574.144583,343.580884,485.183678,334.951006,529.66413,339.265945,2.73842,4.565028,-1.904175,1.026212,0.417122,2.79562
1439,47.966667,1,578.836546,344.296439,487.361679,335.540126,533.099113,339.918282,2.785668,6.769587,-1.981235,0.120422,0.402216,3.445005
1440,48.0,1,579.63315,345.187029,487.32934,335.822627,533.481245,340.504828,2.8129,7.831769,-1.970809,-2.776297,0.421045,2.527736
1441,48.033333,1,580.174007,345.239793,489.567575,336.17839,534.870791,340.709091,2.805496,5.202951,-1.935629,-0.074126,0.434933,2.564413
1442,48.066667,1,581.190166,346.056901,489.610748,336.24891,535.400457,341.152906,2.816165,6.090502,-1.887959,-2.868532,0.464103,1.610985
1443,48.1,1,583.370399,346.61391,491.121607,336.448676,537.246003,341.531293,2.848528,6.158259,-1.948906,0.476792,0.449811,3.317526
1444,48.133333,1,584.102468,346.911952,489.769478,335.807794,536.935973,341.359873,2.874474,7.453879,-1.966328,-0.269635,0.454073,3.592122
1445,48.166667,1,584.68812,347.509575,489.786777,335.55557,537.237449,341.532573,2.870542,5.297561,-2.015575,0.920632,0.427483,3.109096
1446,48.2,1,584.986372,347.210294,489.440222,335.219843,537.213297,341.215069,2.860156,4.820166,-2.00474,0.944654,0.427708,2.88241
1447,48.233333,1,588.050461,348.068172,491.336317,335.820867,539.693389,341.94452,2.890783,4.393352,-1.989279,-1.435715,0.450752,1.478819
1448,48.266667,1,589.257202,350.715598,492.944784,337.266326,541.100993,343.990962,2.763045,4.40374,-1.974979,-2.379695,0.394033,1.012022
1449,48.3,1,588.992424,352.988732,496.708155,341.181171,542.850289,347.084952,2.619726,2.925501,-1.84698,-9.468664,0.386373,-3.271581
1450,48.333333,1,590.583267,351.959349,499.020929,339.208728,544.802098,345.584038,2.620677,4.720301,-1.899744,-0.170835,0.360467,2.274733
1451,48.366667,1,596.892033,351.775961,498.157358,337.276084,547.524695,344.526022,2.853085,3.282165,-2.040901,3.922324,0.406092,3.602245
1452,48.4,1,597.543907,350.951144,497.444429,335.744285,547.494168,343.347715,2.83606,3.265639,-2.06486,1.95856,0.3856,2.6121
1453,48.433333,1,597.957668,351.509628,495.38229,335.346776,546.669979,343.428202,2.856078,2.943957,-2.206336,2.501252,0.324871,2.722605
1454,48.466667,1,595.604401,351.223517,492.594919,335.814677,544.09966,343.519097,2.849145,2.89013,-2.112865,0.597529,0.36814,1.743829
1455,48.5,1,586.403799,354.816679,497.477617,341.853907,541.940708,348.335293,2.65219,2.949751,-1.698578,-1.199614,0.476806,0.875068
1456,48.533333,1,582.627735,356.99812,492.527342,345.331069,537.577538,351.164594,2.610277,-0.07451,-1.762044,-1.146622,0.424117,-0.610566
1457,48.566667,1,581.699009,354.271542,485.939369,340.713506,533.819189,347.492524,2.77954,3.912214,-1.814385,-0.03381,0.482577,1.939202
1458,48.6,1,580.818739,351.948304,482.517824,338.127632,531.668282,345.037968,2.85094,2.577935,-1.841028,1.798848,0.504956,2.188392
1459,48.633333,1,580.045061,351.303163,478.709965,336.435184,529.377513,343.869174,2.891716,2.794508,-2.046382,0.854621,0.422667,1.824565
1460,48.666667,1,578.695097,350.49078,476.633711,336.150468,527.664404,343.320624,2.896784,2.675921,-2.058255,1.513727,0.419265,2.094824
1461,48.7,1,576.316395,349.974428,475.764322,336.559473,526.040359,343.266951,2.846089,2.751256,-2.068462,2.197921,0.388813,2.474589
1462,48.733333,1,575.016327,349.676714,475.967808,336.874461,525.492067,343.275587,2.837928,3.358286,-2.040573,3.372701,0.398677,3.365494
1463,48.766667,1,572.164612,352.114279,476.365833,338.557343,524.265223,345.335811,2.800062,4.000582,-1.90828,2.934225,0.445891,3.467403
1464,48.8,1,567.078543,360.469601,480.058603,345.236397,523.568573,352.852999,2.557885,3.524704,-1.603477,4.228075,0.477204,3.876389
1465,48.833333,1,566.486387,359.498475,479.383631,345.863691,522.935009,352.681083,2.609574,2.982197,-1.611091,1.777797,0.499242,2.379997
1466,48.866667,1,567.717953,356.114091,474.778728,342.241555,521.248341,349.177823,2.760639,3.819456,-1.791185,2.497619,0.484727,3.158537
1467,48.9,1,570.823441,354.35468,474.741488,339.853392,522.782464,347.104036,2.837457,3.545607,-1.885273,3.642502,0.476092,3.594055
1468,48.933333,1,571.851044,353.761783,474.819889,338.794515,523.335466,346.278149,2.87508,3.63705,-1.922388,4.212445,0.476346,3.924747
1469,48.966667,1,572.311783,353.321675,474.376335,338.608755,523.344059,345.965215,2.869456,3.56654,-1.962616,4.20297,0.45342,3.884755
1470,49.0,1,572.791777,353.632506,474.394417,338.652636,523.593097,346.142571,2.876734,3.5832,-1.945553,4.596589,0.465591,4.089894
1471,49.033333,1,573.506327,354.59389,475.268173,338.704269,524.38725,346.649079,2.863482,3.553282,-1.911837,4.779836,0.475822,4.166559
1472,49.066667,1,573.803034,356.342025,475.882435,339.860113,524.842734,348.101069,2.881055,3.21432,-1.848367,3.301233,0.516344,3.257776
1473,49.1,1,567.798548,363.152266,481.290712,345.716384,524.54463,354.434325,2.626394,3.139199,-1.543675,4.450467,0.541359,3.794833
1474,49.133333,1,569.867764,361.22106,480.675583,345.627533,525.271673,353.424296,2.687147,5.335921,-1.628327,4.531304,0.52941,4.933613
1475,49.166667,1,573.539667,358.77172,479.183674,341.194754,526.36167,349.983237,2.82379,3.648254,-1.792512,2.986466,0.515639,3.31736
1476,49.2,1,575.648575,357.182023,479.13331,339.566036,527.390943,348.374029,2.862235,3.153262,-1.859203,3.28491,0.501516,3.219086
1477,49.233333,1,576.721916,356.204926,479.406681,338.596369,528.064299,347.400648,2.852414,3.305318,-1.941593,4.114946,0.455411,3.710132
1478,49.266667,1,577.596407,356.213526,479.269342,338.523526,528.432875,347.368526,2.87465,3.187257,-1.964578,4.070464,0.455036,3.628861
1479,49.3,1,578.545065,356.396527,479.481201,338.348238,529.013133,347.372383,2.870287,3.183825,-1.951289,3.826023,0.459499,3.504924
1480,49.333333,1,579.341383,356.443353,479.996414,338.542714,529.668899,347.493034,2.894083,3.013746,-1.955629,4.085662,0.469227,3.549704
1481,49.366667,1,579.583349,356.379833,479.931078,338.541818,529.757214,347.460826,2.870832,3.141955,-1.961383,4.072023,0.454725,3.606989
1482,49.4,1,579.702616,356.388883,480.26885,338.635846,529.985733,347.512364,2.867117,3.098089,-1.973938,4.277302,0.446589,3.687696
1483,49.433333,1,579.654684,356.799465,480.274181,338.630111,529.964433,347.714788,2.872463,3.082249,-1.965254,4.126501,0.453605,3.604375
1484,49.466667,1,579.283752,356.679211,480.232391,339.011419,529.758072,347.845315,2.87851,3.019775,-1.951282,3.967155,0.463614,3.493465
1485,49.5,1,576.719656,358.099558,480.578089,340.237736,528.648872,349.168647,2.816591,3.410277,-1.828654,3.216404,0.493968,3.313341
1486,49.533333,1,569.814672,364.404729,482.482405,346.094597,526.148539,355.249663,2.637751,4.576659,-1.59653,5.576368,0.52061,5.076514
1487,49.566667,1,568.380079,364.875408,482.596607,347.495536,525.488343,356.185472,2.60469,4.266957,-1.580173,28.749714,0.512259,16.508335
1488,49.6,1,570.784788,361.612533,480.419207,344.610976,525.601997,353.111755,2.780309,3.357872,-1.654528,2.513251,0.56289,2.935561
1489,49.633333,1,575.15131,359.804842,478.929195,341.566749,527.040253,350.685796,2.953022,3.162748,-1.807664,4.926092,0.572679,4.04442
1490,49.666667,1,574.82482,358.412529,476.656923,340.615649,525.740871,349.514089,2.942943,3.009836,-1.892,5.661932,0.525472,4.335884
1491,49.7,1,575.515432,358.392879,476.238461,340.0122,525.876946,349.20254,2.932697,3.187806,-1.897294,4.183574,0.517701,3.68569
1492,49.733333,1,576.222229,357.952702,476.317501,339.806255,526.269865,348.879478,2.909363,2.63699,-1.890417,3.634032,0.509473,3.135511
1493,49.766667,1,576.295586,357.792494,476.525106,339.688232,526.410346,348.740363,2.909022,2.72235,-1.930694,3.819016,0.489164,3.270683
1494,49.8,1,576.522245,358.104097,477.419119,339.879672,526.970682,348.991884,2.904416,2.863369,-1.890413,3.720068,0.507002,3.291719
1495,49.833333,1,576.95384,358.258227,477.097111,339.640945,527.025476,348.949586,2.899242,2.922685,-1.921965,3.878888,0.488639,3.400787
1496,49.866667,1,577.08456,358.22529,477.409573,339.74075,527.247066,348.98302,2.907912,2.714944,-1.937316,3.828763,0.485298,3.271854
1497,49.9,1,577.118788,358.112074,477.21879,339.655311,527.168789,348.883692,2.919282,2.720589,-1.947636,4.001646,0.485823,3.361117
1498,49.933333,1,576.310873,357.606617,476.836233,339.415741,526.573553,348.511179,2.914429,2.621825,-1.950337,3.767459,0.482046,3.194642
1499,49.966667,1,575.598459,357.552978,476.543789,339.549862,526.071124,348.55142,2.907744,2.258016,-1.926805,3.436255,0.490469,2.847135
1500,50.0,1,575.522013,357.34582,475.640001,339.476745,525.581007,348.411283,2.916024,2.415573,-1.962455,3.604911,0.476785,3.010242
1501,50.033333,1,575.415735,357.631025,474.753361,339.32188,525.084548,348.476452,2.900262,2.567192,-1.930504,2.655625,0.484879,2.611408
1502,50.066667,1,575.517855,357.387743,474.776268,339.251316,525.147061,348.31953,2.891518,2.62335,-1.983339,2.911602,0.454089,2.767476
1503,50.1,1,575.289888,357.48059,474.716654,339.400586,525.003271,348.440588,2.890847,2.628061,-1.962672,2.616467,0.464087,2.622264
1504,50.133333,1,575.254145,358.420689,476.295519,340.205512,525.774832,349.3131,2.871546,3.076254,-1.94836,3.021656,0.461593,3.048955
1505,50.166667,1,571.551065,363.183117,480.696058,345.680088,526.123562,354.431603,2.765749,2.626774,-1.670391,3.328901,0.547679,2.977838
1506,50.2,1,569.23667,367.430009,480.024052,349.541917,524.630361,358.485963,2.63197,1.870594,-1.574708,7.751112,0.528631,4.810853
1507,50.233333,1,570.509415,364.300852,480.403786,347.453887,525.4566,355.87737,2.692409,3.465505,-1.63201,4.176208,0.5302,3.820857
1508,50.266667,1,575.403881,361.937263,482.133646,344.452903,528.768764,353.195083,2.846291,3.056869,-1.738412,5.073791,0.553939,4.06533
1509,50.3,1,576.979656,360.808348,480.590363,342.289991,528.785009,351.549169,2.847909,3.102712,-1.882907,5.951126,0.482501,4.526919
1510,50.333333,1,577.224483,359.592701,478.239355,342.080746,527.731919,350.836724,2.858754,2.593385,-1.970093,4.316448,0.44433,3.454916
1511,50.366667,1,577.675543,359.60535,477.884808,341.422988,527.780175,350.514169,2.862567,2.683918,-1.964026,3.849799,0.449271,3.266859
1512,50.4,1,577.621908,359.48913,477.699757,341.269566,527.660832,350.379348,2.860859,2.580522,-1.982819,3.646942,0.43902,3.113732
1513,50.433333,1,577.755985,359.423078,477.690725,341.226742,527.723355,350.32491,2.858367,2.521368,-1.98151,3.531965,0.438428,3.026666
1514,50.466667,1,577.501478,359.306676,477.521544,341.332571,527.511511,350.319623,2.853157,2.449685,-1.935877,2.939929,0.45864,2.694807
1515,50.5,1,577.223263,359.12096,477.63895,341.371125,527.431107,350.246042,2.842026,2.432951,-1.92072,3.035264,0.460653,2.734108
1516,50.533333,1,577.245102,359.046453,477.592001,341.338161,527.418551,350.192307,2.842691,2.413122,-1.909163,2.920968,0.466764,2.667045
1517,50.566667,1,577.161684,359.199967,477.336607,341.266272,527.249146,350.233119,2.848041,2.430565,-1.881415,2.742854,0.483313,2.586709
1518,50.6,1,576.951771,359.063437,476.898956,341.519918,526.925364,350.291677,2.860786,2.229565,-1.895844,2.942095,0.482471,2.58583
1519,50.633333,1,576.598434,359.109609,477.012167,341.474701,526.805301,350.292155,2.870883,2.13265,-1.874855,2.777989,0.498014,2.455319
1520,50.666667,1,576.153049,359.00018,476.176596,341.330398,526.164823,350.165289,2.866384,2.182845,-1.905305,2.921989,0.480539,2.552417
1521,50.7,1,575.834293,358.87815,475.69355,341.261117,525.763922,350.069633,2.859591,2.348242,-1.903656,2.860041,0.477968,2.604142
1522,50.733333,1,575.7199,359.075276,475.642252,341.181171,525.681076,350.128224,2.867275,2.493101,-1.922477,2.955938,0.472399,2.72452
1523,50.766667,1,575.576391,359.597057,476.007547,341.275177,525.791969,350.436117,2.878055,2.409124,-1.964384,3.234868,0.456836,2.821996
1524,50.8,1,570.301819,364.364914,478.837042,345.868927,524.56943,355.11692,2.801195,2.347825,-1.675993,5.613109,0.562601,3.980467
1525,50.833333,1,567.72727,367.74917,480.534782,349.942671,524.131026,358.845921,2.649031,1.797952,-1.524574,0.871947,0.562229,1.334949
1526,50.866667,1,567.657852,365.765376,479.862671,347.442965,523.760262,356.604171,2.684163,3.486166,-1.628779,6.966648,0.527692,5.226407
1527,50.9,1,573.944874,363.093252,478.727026,344.878306,526.33595,353.985779,2.837079,2.677873,-1.800227,7.115131,0.518426,4.896502
1528,50.933333,1,576.42251,361.786426,477.512951,342.439481,526.967731,352.112954,2.851614,2.689027,-1.985291,4.91089,0.433162,3.799959
1529,50.966667,1,576.397772,360.76377,478.075266,342.093465,527.236519,351.428618,2.86677,2.617281,-1.947272,3.924378,0.459749,3.27083
1530,51.0,1,576.687899,360.454962,477.612486,341.690496,527.150192,351.072729,2.880199,2.534258,-1.943463,3.709616,0.468368,3.121937
1531,51.033333,1,576.819277,360.258806,477.355185,341.403869,527.087231,350.831338,2.885355,2.708244,-1.94626,3.242767,0.469548,2.975506
1532,51.066667,1,576.832886,360.118312,477.24576,341.247497,527.039323,350.682904,2.890589,2.573354,-1.913064,3.081979,0.488762,2.827666
1533,51.1,1,576.459513,359.867188,476.99214,341.110661,526.725826,350.488924,2.888093,2.40742,-1.927631,3.072323,0.480231,2.739871
1534,51.133333,1,576.552076,359.715756,476.696873,341.241724,526.624475,350.47874,2.898205,2.282436,-1.893744,2.880753,0.502231,2.581594
1535,51.166667,1,576.40481,359.709871,476.477146,341.135466,526.440978,350.422668,2.89696,2.376005,-1.895692,2.777476,0.500634,2.576741
1536,51.2,1,576.355095,359.46829,476.037312,341.156822,526.196203,350.312556,2.899038,2.311785,-1.917457,3.059921,0.490791,2.685853
1537,51.233333,1,576.167231,359.311418,475.651636,341.150492,525.909433,350.230955,2.899057,2.475591,-1.909983,2.724799,0.494537,2.600195
1538,51.266667,1,576.051197,359.294729,475.625095,341.137338,525.838146,350.216034,2.896671,2.503281,-1.920863,2.809269,0.487904,2.656275
1539,51.3,1,576.036062,359.303554,475.773611,341.221018,525.904837,350.262286,2.903838,2.479005,-1.901665,2.735959,0.501086,2.607482
1540,51.333333,1,574.130592,361.186282,476.477299,342.647331,525.303946,351.916806,2.871858,2.443971,-1.869938,3.40192,0.50096,2.922946
1541,51.366667,1,566.103849,366.58235,479.552879,349.162915,522.828364,357.872633,2.668435,1.864627,-1.548598,6.076664,0.559919,3.970645
1542,51.4,1,568.931627,367.271812,477.921143,349.695516,523.426385,358.483664,2.736197,2.684575,-1.597649,5.053669,0.569274,3.869122
1543,51.433333,1,570.496655,364.381045,477.599239,346.334741,524.047947,355.357893,2.788467,2.85287,-1.753379,4.150086,0.517544,3.501478
1544,51.466667,1,574.150238,361.933352,478.14642,343.408155,526.148329,352.670754,2.826089,2.979242,-1.855661,5.73153,0.485214,4.355386
1545,51.5,1,574.312305,360.242273,476.859026,342.336168,525.585666,351.28922,2.826315,2.743729,-1.94718,5.026953,0.439567,3.885341
1546,51.533333,1,575.138683,360.14942,476.308651,341.712994,525.723667,350.931207,2.872183,2.599045,-1.909592,3.971132,0.481296,3.285088
1547,51.566667,1,575.476656,359.565225,476.038265,341.427017,525.757461,350.496121,2.870425,2.403203,-1.900807,3.090902,0.484809,2.747052
1548,51.6,1,575.815878,359.590513,475.939016,341.571084,525.877447,350.580798,2.887567,2.334311,-1.893914,3.336928,0.496827,2.83562
1549,51.633333,1,575.821896,359.504022,475.946159,341.350569,525.884027,350.427295,2.893789,2.307777,-1.897393,3.371294,0.498198,2.839536
1550,51.666667,1,575.657158,359.36643,476.177645,341.251504,525.917401,350.308967,2.885009,2.315919,-1.890519,3.198728,0.497245,2.757323
1551,51.7,1,575.528002,359.420573,476.070185,341.112388,525.799093,350.266481,2.876829,2.353567,-1.902557,3.11363,0.487136,2.733599
1552,51.733333,1,575.499945,359.32101,476.025734,341.241097,525.762839,350.281053,2.882431,2.225868,-1.896598,3.038811,0.492917,2.63234
1553,51.766667,1,575.35758,359.247254,475.897474,340.856398,525.627527,350.051826,2.857311,2.372406,-1.889308,2.775402,0.484002,2.573904
1554,51.8,1,575.816832,359.042859,475.731344,340.81196,525.774088,349.927409,2.889617,2.36314,-1.885187,2.535563,0.502215,2.449352
1555,51.833333,1,575.995741,359.073458,475.598955,340.585822,525.797348,349.82964,2.895253,2.381943,-1.874028,2.34087,0.510612,2.361406
1556,51.866667,1,575.950909,359.007341,475.604877,340.589079,525.777893,349.79821,2.892461,2.401443,-1.872073,2.306611,0.510194,2.354027
1557,51.9,1,566.234217,365.272949,478.13303,347.316193,522.183623,356.294571,2.708367,2.354311,-1.622558,4.339798,0.542904,3.347055
1558,51.933333,1,568.960381,367.006815,476.746578,348.754683,522.853479,357.880749,2.734043,3.653401,-1.613194,4.476252,0.560425,4.064827
1559,51.966667,1,571.089535,364.187685,479.701099,346.359712,525.395317,355.273698,2.82738,2.874656,-1.701367,9.294673,0.563006,6.084665
1560,52.0,1,574.521589,361.913783,477.29351,342.969958,525.90755,352.44187,2.847452,3.448331,-1.898305,7.647647,0.474574,5.547989
1561,52.033333,1,574.879494,360.208241,477.196579,341.825722,526.038036,351.016982,2.874571,2.627536,-1.942434,4.057673,0.466068,3.342605
1562,52.066667,1,575.443106,359.844963,476.612463,341.349066,526.027784,350.597015,2.886373,2.500952,-1.914799,3.320576,0.485787,2.910764
1563,52.1,1,575.428047,359.975624,476.432619,341.335033,525.930333,350.655329,2.903075,2.482808,-1.911356,3.323759,0.495859,2.903284
1564,52.133333,1,575.25075,359.663056,476.191416,341.03137,525.721083,350.347213,2.877906,2.574002,-1.894265,3.116377,0.491821,2.845189
1565,52.166667,1,575.332546,359.610415,476.056671,340.972125,525.694609,350.29127,2.884147,2.438655,-1.891219,2.973623,0.496464,2.706139
1566,52.2,1,575.566597,359.348626,476.050892,340.813504,525.808744,350.081065,2.873496,2.535936,-1.896588,2.667143,0.488454,2.60154
1567,52.233333,1,575.643425,359.360341,476.102228,340.896476,525.872827,350.128409,2.880706,2.50439,-1.895137,2.738734,0.492785,2.621562
1568,52.266667,1,575.63427,359.367589,475.864353,340.884309,525.749311,350.125949,2.871571,2.558336,-1.887057,2.65034,0.492257,2.604338
1569,52.3,1,575.700092,359.207584,476.462154,340.817522,526.081123,350.012553,2.883059,2.557664,-1.883274,2.586829,0.499893,2.572247
1570,52.333333,1,575.705404,359.231274,476.692877,340.615048,526.199141,349.923161,2.880805,2.525534,-1.885583,2.522869,0.497611,2.524202
1571,52.366667,1,575.899906,359.186561,476.346464,340.661986,526.123185,349.924274,2.878116,2.393584,-1.880586,2.545495,0.498765,2.469539
1572,52.4,1,575.998278,359.176192,476.283693,340.775616,526.140985,349.975904,2.885565,2.390328,-1.874186,2.479945,0.50569,2.435136
1573,52.433333,1,575.906248,359.866346,476.13162,341.080341,526.018934,350.473343,2.8777,2.429265,-1.898632,2.571573,0.489534,2.500419
1574,52.466667,1,566.263714,365.59114,479.344597,347.683141,522.804155,356.63714,2.686133,2.237254,-1.551358,5.263039,0.567387,3.750146
1575,52.5,1,568.573418,366.501465,479.906282,349.483879,524.23985,357.992672,2.723454,2.517605,-1.532846,8.439677,0.595304,5.478641
1576,52.533333,1,572.699471,364.208472,480.173845,346.178041,526.436658,355.193256,2.837794,2.456134,-1.687503,4.773638,0.575146,3.614886
1577,52.566667,1,575.230856,362.129867,478.855429,343.553478,527.043142,352.841672,2.867163,2.885337,-1.843743,6.926048,0.51171,4.905693
1578,52.6,1,575.439234,361.253069,477.529755,342.985938,526.484494,352.119504,2.861167,2.699342,-1.916507,5.273652,0.47233,3.986497
1579,52.633333,1,575.966549,360.334155,476.68993,341.706347,526.328239,351.020251,2.848423,2.650037,-1.963101,3.843945,0.442661,3.246991
1580,52.666667,1,575.834494,360.172879,477.249327,341.559706,526.54191,350.866292,2.854594,2.507947,-1.941092,3.736338,0.456751,3.122142
1581,52.7,1,575.900898,359.852833,476.852751,341.431791,526.376824,350.642312,2.864468,2.386228,-1.95456,3.821112,0.454954,3.10367
1582,52.733333,1,576.038094,359.779935,477.058344,341.293357,526.548219,350.536646,2.866595,2.463314,-1.946555,3.620177,0.46002,3.041746
1583,52.766667,1,576.248903,359.564415,476.773262,341.045746,526.511083,350.30508,2.855314,2.645653,-1.950756,3.459481,0.452279,3.052567
1584,52.8,1,576.232834,359.597765,476.78195,341.054619,526.507392,350.326192,2.842229,2.60344,-1.952995,3.410012,0.444617,3.006726
1585,52.833333,1,576.402197,359.622388,476.940765,341.018152,526.671481,350.32027,2.846653,2.560601,-1.948616,3.388705,0.449019,2.974653
1586,52.866667,1,576.433411,359.672921,476.472387,341.031434,526.452899,350.352177,2.856458,2.387896,-1.934673,3.045855,0.460892,2.716876
1587,52.9,1,576.481514,359.608666,476.167192,341.065096,526.324353,350.336881,2.864001,2.401183,-1.945931,3.038645,0.459035,2.719914
1588,52.933333,1,576.387348,359.586596,476.158533,341.134999,526.272941,350.360798,2.854631,2.356457,-1.919168,2.863848,0.467731,2.610152
1589,52.966667,1,576.410656,359.509762,476.116076,341.046111,526.263366,350.277936,2.861552,2.355716,-1.903495,2.701313,0.479028,2.528515
1590,53.0,1,577.113075,359.167764,476.737671,341.130869,526.925373,350.149316,2.888628,2.307734,-1.960744,3.753056,0.463942,3.030395
1591,53.033333,1,577.891779,359.21466,477.352734,341.475087,527.622256,350.344874,2.896338,2.212701,-1.932531,3.372865,0.481904,2.792783
1592,53.066667,1,577.84153,359.28657,477.38534,341.165727,527.613435,350.226148,2.868552,2.368064,-1.941594,3.364002,0.463479,2.866033
1593,53.1,1,577.843342,359.439949,477.530375,341.176643,527.686858,350.308296,2.873243,2.366791,-1.943501,3.32966,0.464871,2.848226
1594,53.133333,1,578.046322,359.562446,477.538052,341.119716,527.792187,350.341081,2.857104,2.394189,-1.948428,3.494112,0.454338,2.94415
1595,53.166667,1,578.406849,359.60733,477.874622,341.044266,528.140736,350.325798,2.841963,2.353709,-1.950846,3.502824,0.445558,2.928266
1596,53.2,1,578.805084,359.838306,478.183146,341.119008,528.494115,350.478657,2.848071,2.411017,-1.942036,3.363953,0.453017,2.887485
1597,53.233333,1,578.893356,359.999683,478.533201,341.194083,528.713279,350.596883,2.847563,2.322663,-1.921701,3.19133,0.462931,2.756996
1598,53.266667,1,579.027252,359.764647,478.598232,340.977146,528.812742,350.370896,2.83316,2.396656,-1.958665,3.180061,0.437248,2.788358
1599,53.3,1,579.094105,359.70795,478.803787,340.965264,528.948946,350.336607,2.838527,2.361101,-1.956455,3.116045,0.441036,2.738573
1600,53.333333,1,579.214926,359.564785,478.856993,341.089418,529.035959,350.327101,2.838288,2.287337,-1.961616,3.205457,0.438336,2.746397
1601,53.366667,1,579.184942,359.492247,478.792038,340.975075,528.98849,350.233661,2.828875,2.289998,-1.970855,3.169462,0.42901,2.72973
1602,53.4,1,579.177732,359.533698,478.741255,340.70885,528.959494,350.121274,2.835877,2.35684,-1.980839,3.123031,0.427519,2.739936
1603,53.433333,1,579.337635,359.366076,478.845329,340.82529,529.091482,350.095683,2.838855,2.252373,-1.980802,3.24207,0.429026,2.747222
1604,53.466667,1,578.369026,359.572917,478.389988,341.007959,528.379507,350.290438,2.865979,2.465767,-1.967298,3.124181,0.449341,2.794974
1605,53.5,1,574.300756,359.581495,476.08593,341.663765,525.193343,350.62263,2.80396,2.379952,-2.002723,2.759035,0.400618,2.569493
1606,53.533333,1,573.98262,359.344645,474.417486,341.554851,524.200053,350.449748,2.800765,2.274355,-2.041477,2.895719,0.379644,2.585037
1607,53.566667,1,574.006176,359.450743,474.230995,341.535099,524.118586,350.492921,2.817026,2.300526,-2.042468,2.718787,0.387279,2.509656
1608,53.6,1,573.537445,359.305061,473.835793,341.659972,523.686619,350.482517,2.82227,2.248878,-1.996677,2.531353,0.412797,2.390115
1609,53.633333,1,573.002949,359.09197,473.227396,341.529477,523.115172,350.310724,2.821101,2.320432,-1.985691,2.599907,0.417705,2.460169
1610,53.666667,1,572.964401,359.099818,472.863989,341.617813,522.914195,350.358816,2.838135,2.211381,-1.942251,2.508271,0.447942,2.359826
1611,53.7,1,572.37752,359.160345,472.07221,342.000178,522.224865,350.580262,2.85308,1.997748,-1.921046,2.54028,0.466017,2.269014
1612,53.733333,1,572.170057,359.290169,470.973816,342.040046,521.571937,350.665108,2.862,1.95733,-1.922011,2.618818,0.469994,2.288074
1613,53.766667,1,571.798534,359.162142,470.944328,341.754638,521.371431,350.45839,2.882748,2.108775,-1.908294,2.588873,0.487227,2.348824
1614,53.8,1,571.751966,358.936408,470.679121,341.797784,521.215544,350.367096,2.868339,2.041856,-1.930842,2.737957,0.468748,2.389907
1615,53.833333,1,571.901741,359.145368,470.965948,341.845871,521.433845,350.495619,2.876217,1.953905,-1.901799,2.495084,0.487209,2.224495
1616,53.866667,1,571.806049,358.890579,470.51507,341.893721,521.16056,350.39215,2.857689,2.02106,-1.950523,2.750678,0.453583,2.385869
1617,53.9,1,571.035795,361.17963,471.792765,343.029041,521.41428,352.104336,2.836848,2.275075,-1.890459,2.889102,0.473195,2.582089
1618,53.933333,1,567.159128,367.76109,479.05695,349.607502,523.108039,358.684296,2.685723,2.065301,-1.500141,2.768157,0.592791,2.416729
1619,53.966667,1,568.487587,367.059853,478.240204,349.77101,523.363895,358.415431,2.744649,2.657277,-1.593089,12.319288,0.57578,7.488283
1620,54.0,1,568.283625,364.440735,476.067276,347.22967,522.17545,355.835203,2.77127,2.402331,-1.74704,14.167122,0.512115,8.284727
1621,54.033333,1,572.222052,362.167531,473.474541,344.922675,522.848296,353.545103,2.843579,2.861907,-1.844682,7.169595,0.499448,5.015751
1622,54.066667,1,571.422462,361.279655,472.379522,344.167199,521.900992,352.723427,2.84271,2.24985,-1.940207,5.04866,0.451251,3.649255
1623,54.1,1,571.91165,360.524275,471.956568,343.561127,521.934109,352.042701,2.856403,2.213902,-1.918844,3.486869,0.46878,2.850385
1624,54.133333,1,571.65122,360.241055,471.817837,343.252995,521.734529,351.747025,2.847701,2.0965,-1.909051,3.0065,0.469325,2.5515
1625,54.166667,1,571.358738,359.870669,471.528864,343.116471,521.443801,351.49357,2.848201,2.090199,-1.883022,2.638436,0.48259,2.364317
1626,54.2,1,571.268044,359.906584,470.750895,343.223432,521.009469,351.565008,2.850024,2.003467,-1.870413,2.206669,0.489805,2.105068
1627,54.233333,1,571.339092,359.885395,470.548153,343.074794,520.943623,351.480094,2.846777,2.053995,-1.888872,2.054905,0.478953,2.05445
1628,54.266667,1,571.272593,359.767914,470.467014,342.938415,520.869803,351.353164,2.83934,2.052375,-1.8967,2.146212,0.47132,2.099293
1629,54.3,1,571.340361,359.743956,470.64867,342.989098,520.994515,351.366527,2.842688,2.013361,-1.870872,2.111326,0.485908,2.062344
1630,54.333333,1,571.27718,359.696631,470.314341,342.930052,520.79576,351.313342,2.833951,2.045306,-1.880723,2.045226,0.476614,2.045266
1631,54.366667,1,571.273508,359.772146,469.750051,342.993819,520.51178,351.382982,2.841171,1.998996,-1.883437,1.986383,0.478867,1.99269
1632,54.4,1,571.103926,359.718164,469.827576,343.076946,520.465751,351.397555,2.837957,1.976808,-1.867845,1.923841,0.485056,1.950325
1633,54.433333,1,570.878935,359.5327,469.704809,342.843878,520.291872,351.188289,2.849999,1.984179,-1.86603,1.956141,0.491984,1.97016
1634,54.466667,1,570.560513,359.56103,468.78314,343.007755,519.671826,351.284392,2.852065,1.907178,-1.858395,1.92356,0.496835,1.915369
1635,54.5,1,570.210543,359.597143,468.882599,342.845889,519.546571,351.221516,2.869739,1.916624,-1.825411,1.779622,0.522164,1.848123
1636,54.533333,1,569.588528,359.454836,468.150015,342.863925,518.869271,351.15938,2.887901,1.890522,-1.840108,1.708157,0.523896,1.799339
1637,54.566667,1,568.636007,359.413342,467.453384,343.091907,518.044696,351.252624,2.917753,1.848256,-1.853526,1.632495,0.532113,1.740376
1638,54.6,1,567.192373,359.221365,466.868696,343.043332,517.030535,351.132349,2.887075,1.913254,-1.836257,1.649018,0.525409,1.781136
1639,54.633333,1,566.051292,358.971925,465.529337,342.736031,515.790315,350.853978,2.881917,1.908475,-1.817778,1.521764,0.53207,1.71512
1640,54.666667,1,563.799,358.372913,462.575417,342.520618,513.187208,350.446765,2.879393,1.831667,-1.918659,1.690323,0.480367,1.760995
1641,54.7,1,561.694479,358.088416,460.660219,342.142786,511.177349,350.115601,2.839649,1.969656,-1.95087,1.590935,0.444389,1.780295
1642,54.733333,1,561.065245,357.825694,459.907284,342.156739,510.486264,349.991216,2.833546,1.946309,-1.951451,1.704779,0.441047,1.825544
1643,54.766667,1,560.903702,357.832502,459.461823,342.057685,510.182762,349.945093,2.856126,2.095871,-1.937604,1.622596,0.459261,1.859233
1644,54.8,1,560.906448,357.82615,459.277153,342.015402,510.091801,349.920776,2.851862,2.039169,-1.930304,1.611016,0.460779,1.825093
1645,54.833333,1,560.804501,357.891183,459.284773,342.055094,510.044637,349.973138,2.849784,2.006486,-1.933668,1.585579,0.458058,1.796033
1646,54.866667,1,560.860891,358.182111,459.165001,342.13526,510.012946,350.158685,2.848998,1.985037,-1.947555,1.588338,0.450722,1.786687
1647,54.9,1,561.002321,358.412658,459.075861,342.104537,510.039091,350.258598,2.839963,2.000158,-1.954918,1.6319,0.442523,1.816029
1648,54.933333,1,560.602427,359.187757,460.031824,343.043257,510.317125,351.115507,2.87498,2.026833,-1.932614,1.766802,0.471183,1.896817
1649,54.966667,1,559.548912,361.260638,462.292929,345.39167,510.92092,353.326154,2.890066,2.147213,-1.872784,4.671672,0.508641,3.409443
1650,55.0,1,558.124542,367.148345,468.954906,351.665416,513.539724,359.40688,2.67722,-0.730054,-1.53406,19.220979,0.57158,9.245463
1651,55.033333,1,557.48518,365.194881,470.082188,350.693223,513.783684,357.944052,2.733066,0.606095,-1.515518,16.254942,0.608774,8.430518
1652,55.066667,1,559.408646,362.100856,462.421913,346.841211,510.915279,354.471034,2.902178,2.377947,-1.789488,11.084166,0.556345,6.731056
1653,55.1,1,559.079208,359.872702,458.201303,344.935024,508.640256,352.403863,2.887203,1.770716,-1.977261,5.300839,0.454971,3.535778
1654,55.133333,1,558.210888,358.524039,456.825876,343.716298,507.518382,351.120169,2.842086,1.635493,-1.944184,2.227413,0.448951,1.931453
1655,55.166667,1,557.249594,358.303503,456.002913,343.971049,506.626253,351.137276,2.839004,1.470756,-1.93421,1.857683,0.452397,1.664219
1656,55.2,1,556.624842,358.186988,455.643835,343.788342,506.134338,350.987665,2.840419,1.620025,-1.922385,1.836199,0.459017,1.728112
1657,55.233333,1,556.068726,357.77109,455.063858,343.485194,505.566292,350.628142,2.852191,1.641789,-1.927423,1.877915,0.462384,1.759852
1658,55.266667,1,555.005474,357.506855,455.000038,343.687937,505.002756,350.597396,2.83101,1.393302,-1.874873,1.851401,0.478069,1.622352
1659,55.3,1,554.838161,357.513936,454.748707,343.454783,504.793434,350.484359,2.831891,1.426222,-1.879802,1.774551,0.476045,1.600387
1660,55.333333,1,555.253944,357.606053,454.828186,343.488198,505.041065,350.547126,2.842581,1.469209,-1.903687,1.795129,0.469447,1.632169
1661,55.366667,1,555.88501,357.758317,454.326391,343.595894,505.1057,350.677105,2.827613,1.629002,-1.925892,1.678235,0.45086,1.653619
1662,55.4,1,558.497982,357.645643,457.503557,343.346556,508.00077,350.496099,2.888983,1.682636,-1.833415,1.70401,0.527784,1.693323
1663,55.433333,1,560.467596,358.200211,459.619188,343.459514,510.043392,350.829863,2.862319,1.737335,-1.787023,1.611405,0.537648,1.67437
1664,55.466667,1,561.698895,358.384543,460.444918,343.337742,511.071906,350.861143,2.868372,1.737091,-1.798408,1.536292,0.534982,1.636692
1665,55.5,1,562.683916,358.609806,461.13637,343.480194,511.910143,351.045,2.883113,1.850218,-1.819978,1.523107,0.531568,1.686663
1666,55.533333,1,563.009748,358.892173,461.654978,343.616413,512.332363,351.254293,2.881713,1.844481,-1.812522,1.533116,0.534596,1.688798
1667,55.566667,1,562.207289,362.116488,464.154816,345.880535,513.181052,353.998512,2.903586,2.240109,-1.842483,6.275298,0.530551,4.257704
1668,55.6,1,559.778605,367.623278,467.804165,350.786719,513.791385,359.204999,2.735025,1.079828,-1.567909,15.193889,0.583558,8.136859
1669,55.633333,1,559.303188,365.831294,467.844448,349.88274,513.573818,357.857017,2.762463,2.13671,-1.620608,28.107404,0.570928,15.122057
1670,55.666667,1,563.474226,363.497456,466.099405,347.499318,514.786816,355.498387,2.905341,2.145196,-1.820464,8.204531,0.542439,5.174864
1671,55.7,1,563.315077,361.880695,465.594501,345.930355,514.454789,353.905525,2.905658,2.308642,-1.83656,7.544979,0.534549,4.926811
1672,55.733333,1,563.361654,362.14757,466.20327,346.199981,514.782462,354.173775,2.922492,1.914912,-1.834793,7.23358,0.54385,4.574246
1673,55.766667,1,564.011364,363.055733,464.861279,346.533358,514.436321,354.794546,2.97821,2.091351,-1.83297,5.543909,0.57262,3.81763
1674,55.8,1,563.687811,363.049822,465.044603,346.541796,514.366207,354.795809,2.975051,1.899365,-1.830495,5.597791,0.572278,3.748578
1675,55.833333,1,563.443699,363.632655,465.181513,346.866365,514.312606,355.24951,2.98413,1.845684,-1.784771,4.202363,0.599679,3.024023
1676,55.866667,1,562.239084,363.992602,465.755014,347.670411,513.997049,355.831507,2.900755,1.613841,-1.740925,4.593113,0.579915,3.103477
1677,55.9,1,557.702141,367.288211,467.37834,352.59602,512.54024,359.942115,2.704692,-0.495324,-1.530341,19.350664,0.587176,9.42767
1678,55.933333,1,556.500969,368.305675,468.45005,353.359907,512.47551,360.832791,2.678554,-0.335167,-1.487858,28.550252,0.595348,14.107543
1679,55.966667,1,557.951727,367.653158,468.361053,352.849885,513.15639,360.251521,2.687208,0.153541,-1.508222,24.403178,0.589493,12.27836
1680,56.0,1,558.082714,367.071735,468.215189,352.611024,513.148952,359.84138,2.687222,-1.301308,-1.540645,21.02861,0.573289,9.863651
1681,56.033333,1,559.160576,367.337617,468.107357,352.308347,513.633966,359.822982,2.718869,-0.869748,-1.563984,26.634567,0.577442,12.882409
1682,56.066667,1,560.121632,366.748331,469.647617,351.566228,514.884624,359.157279,2.746962,-0.382888,-1.562395,34.120392,0.592284,16.868752
1683,56.1,1,560.06669,366.847883,470.060701,351.326879,515.063696,359.087381,2.741391,0.621809,-1.548356,29.306221,0.596518,14.964015
1684,56.133333,1,559.960699,366.591786,469.782209,351.279752,514.871454,358.935769,2.719637,0.206188,-1.551884,28.029778,0.583876,14.117983
1685,56.166667,1,559.691,366.129631,469.923439,350.56172,514.80722,358.345675,2.722687,0.758967,-1.554468,51.930496,0.584109,26.344732
1686,56.2,1,559.668188,366.258409,470.243397,350.788988,514.955792,358.523699,2.727937,0.679301,-1.541258,31.292632,0.59334,15.985967
1687,56.233333,1,559.207001,366.584378,470.01092,351.063239,514.60896,358.823808,2.733565,0.726044,-1.53178,28.677327,0.600892,14.701686
1688,56.266667,1,559.466457,366.637089,469.894896,351.008002,514.680676,358.822545,2.740412,0.522236,-1.546912,29.275544,0.59675,14.89889
1689,56.3,1,560.168686,366.446925,469.994516,350.624081,515.081601,358.535503,2.753498,0.92824,-1.554302,29.395405,0.599598,15.161823
1690,56.333333,1,560.060568,366.692213,468.878613,350.31921,514.46959,358.505712,2.740611,1.528736,-1.575538,26.095149,0.582537,13.811942
1691,56.366667,1,560.067253,366.726181,469.665804,350.013632,514.866529,358.369906,2.755416,1.649349,-1.559009,20.692837,0.598204,11.171093
1692,56.4,1,559.80691,366.054309,469.558697,349.344211,514.682803,357.69926,2.778536,2.437952,-1.580399,25.33054,0.599068,13.884246
1693,56.433333,1,561.047277,365.691975,467.035637,348.256152,514.041457,356.974063,2.847408,2.271879,-1.664669,22.276559,0.59137,12.274219
1694,56.466667,1,563.434668,364.954008,468.054171,347.754503,515.744419,356.354256,2.912667,2.185178,-1.766006,5.778601,0.573331,3.98189
1695,56.5,1,564.185734,363.705643,467.982082,347.161682,516.083908,355.433663,2.959195,2.109494,-1.791644,11.603837,0.583776,6.856666
1696,56.533333,1,564.277925,363.418658,468.374357,346.750225,516.326141,355.084442,2.963085,2.250241,-1.793702,13.106762,0.584691,7.678502
1697,56.566667,1,563.899775,363.289332,468.424301,346.878859,516.162038,355.084096,2.951849,2.118975,-1.779068,13.015677,0.58639,7.567326
1698,56.6,1,563.890085,363.567166,468.242321,346.836319,516.066203,355.201743,2.955024,2.171328,-1.788109,11.350118,0.583457,6.760723
1699,56.633333,1,562.993898,363.591167,467.88332,347.495901,515.438609,355.543534,2.90382,1.807154,-1.781993,13.249715,0.560913,7.528434
1700,56.666667,1,562.548103,364.348757,467.231197,347.796362,514.88965,356.072559,2.913457,2.226026,-1.736624,17.009211,0.588416,9.617618
1701,56.7,1,562.37421,364.290242,467.364426,347.659081,514.869318,355.974661,2.907662,2.244047,-1.759271,15.970474,0.574195,9.107261
1702,56.733333,1,562.287836,364.16553,467.06089,347.749434,514.674363,355.957482,2.911667,2.202081,-1.761038,18.556754,0.575314,10.379417
1703,56.766667,1,558.835011,365.170382,469.050655,349.429618,513.942833,357.3,2.790425,1.92559,-1.625106,102.0627,0.58266,51.994145
1704,56.8,1,560.511742,368.42646,469.988079,351.009187,515.24991,359.717824,2.773472,1.055044,-1.55598,42.199002,0.608746,21.627023
1705,56.833333,1,559.221344,365.625494,469.096651,349.608452,514.158998,357.616973,2.765741,1.832993,-1.618212,71.880898,0.573765,36.856945
1706,56.866667,1,560.389652,364.847696,469.827299,347.63706,515.108476,356.242378,2.841002,2.77486,-1.645215,19.780178,0.597893,11.277519
1707,56.9,1,562.250376,363.742754,467.965345,346.67765,515.107861,355.210202,2.926136,2.663783,-1.760972,18.32468,0.582582,10.494231
1708,56.933333,1,563.17317,363.041035,467.937613,346.395171,515.555391,354.718103,2.954915,2.545214,-1.779146,13.645278,0.587884,8.095246
1709,56.966667,1,564.22122,362.222414,467.13212,345.230931,515.67667,353.726673,2.981289,2.700912,-1.845605,9.552617,0.567842,6.126765
1710,57.0,1,563.219919,361.219847,466.936131,344.881246,515.078025,353.050547,2.946686,2.615483,-1.861885,16.113156,0.542401,9.364319
1711,57.033333,1,563.354692,361.280015,466.883516,344.88248,515.119104,353.081247,2.954895,2.676311,-1.870288,15.474422,0.542303,9.075367
1712,57.066667,1,563.451414,361.30755,466.841049,344.782498,515.146232,353.045024,2.966667,2.689913,-1.868732,11.181146,0.548967,6.93553
1713,57.1,1,563.769903,361.963179,466.825047,344.829029,515.297475,353.396104,2.979006,2.723089,-1.855253,11.022326,0.561877,6.872708
1714,57.133333,1,563.797464,361.855209,466.819878,345.193107,515.308671,353.524158,2.963341,2.473693,-1.850354,11.080474,0.556493,6.777083
1715,57.166667,1,563.71809,362.802361,467.091446,345.485371,515.404768,354.143866,2.969955,2.449183,-1.805861,10.01106,0.582047,6.230122
1716,57.2,1,557.609186,364.349685,467.672386,348.400353,512.640786,356.375019,2.761054,1.997803,-1.649295,50.618694,0.55588,26.308249
1717,57.233333,1,558.830547,365.129242,469.246807,349.70448,514.038677,357.416861,2.737783,2.029622,-1.624049,86.170856,0.556867,44.100239
1718,57.266667,1,561.362524,365.02993,468.649559,348.872856,515.006042,356.951393,2.817431,2.395066,-1.652606,115.46047,0.582413,58.927768
1719,57.3,1,564.534187,363.528146,467.182121,346.665124,515.858154,355.096635,2.928752,2.772901,-1.820271,14.56287,0.554241,8.667885
1720,57.333333,1,564.53577,361.445255,467.859783,344.980718,516.197777,353.212987,2.906097,2.445275,-1.870525,12.847172,0.517786,7.646223
1721,57.366667,1,564.490538,360.250223,467.40015,343.853161,515.945344,352.051692,2.892655,2.29044,-1.925601,5.38429,0.483527,3.837365
1722,57.4,1,564.573889,360.041526,467.090778,343.673463,515.832334,351.857495,2.875135,2.049262,-1.925712,4.086712,0.474712,3.067987
1723,57.433333,1,565.14637,359.635032,466.713181,343.678914,515.929775,351.656973,2.879953,1.946392,-1.93392,3.763983,0.473017,2.855187
1724,57.466667,1,564.398613,359.421973,466.585188,343.635221,515.4919,351.528597,2.884211,2.003504,-1.913617,3.321896,0.485297,2.6627
1725,57.5,1,564.046602,359.26972,465.880518,343.386945,514.96356,351.328332,2.871853,1.995243,-1.909156,2.984044,0.481349,2.489644
1726,57.533333,1,563.533688,359.083639,465.55151,343.586453,514.542599,351.335046,2.865817,1.907724,-1.887001,2.967359,0.489408,2.437541
1727,57.566667,1,563.023844,358.77629,464.958525,343.579962,513.991184,351.178126,2.872004,1.859275,-1.860802,2.823661,0.505601,2.341468
1728,57.6,1,562.854881,358.781092,464.876957,343.624309,513.865919,351.2027,2.866283,1.838998,-1.843579,2.668911,0.511352,2.253954
1729,57.633333,1,563.290758,358.878182,464.866781,343.468527,514.07877,351.173354,2.87959,2.000816,-1.858692,2.731384,0.510449,2.3661
1730,57.666667,1,563.437805,358.895633,465.006733,343.462132,514.222269,351.178882,2.879632,1.937654,-1.844693,2.752339,0.517469,2.344996
1731,57.7,1,563.585062,358.697037,465.472946,343.592048,514.529004,351.144542,2.880311,1.954742,-1.856577,2.975374,0.511867,2.465058
1732,57.733333,1,564.124689,358.807544,465.959902,343.556685,515.042295,351.182114,2.891086,2.062274,-1.878439,2.767201,0.506324,2.414738
1733,57.766667,1,566.001329,359.05811,466.667852,343.341004,516.334591,351.199557,2.92504,2.240624,-1.907399,3.230436,0.50882,2.73553
1734,57.8,1,565.974503,359.265804,466.660156,343.308844,516.317329,351.287324,2.925129,2.175311,-1.920247,3.363856,0.502441,2.769584
1735,57.833333,1,564.005604,361.211538,467.71986,344.916013,515.862732,353.063775,2.875469,2.128649,-1.901313,5.398228,0.487078,3.763438
1736,57.866667,1,560.351706,367.21319,470.900297,350.182064,515.626001,358.697627,2.753276,1.872998,-1.583463,53.601016,0.584907,27.737007
1737,57.9,1,560.782518,367.270921,471.17198,350.708313,515.977249,358.989617,2.753791,1.957402,-1.582459,38.714362,0.585666,20.335882
1738,57.933333,1,563.338604,364.907037,469.006681,347.916702,516.172643,356.41187,2.905854,2.371241,-1.75819,13.521849,0.573832,7.946545
1739,57.966667,1,564.484711,362.591518,467.615099,346.664282,516.049905,354.6279,2.897083,1.970413,-1.854661,7.728353,0.521211,4.849383
1740,58.0,1,563.541584,361.318032,467.57618,345.002112,515.558882,353.160072,2.861089,2.172666,-1.919306,7.385785,0.470892,4.779225
1741,58.033333,1,563.639641,360.600734,467.486506,344.771957,515.563073,352.686346,2.887071,1.941595,-1.933904,5.742862,0.476583,3.842228
1742,58.066667,1,564.649897,360.318287,467.422504,344.659921,516.036201,352.489104,2.904412,2.083327,-1.927954,4.63828,0.488229,3.360804
1743,58.1,1,564.66795,360.228792,467.471876,344.439524,516.069913,352.334158,2.90527,2.116776,-1.931851,4.207302,0.486709,3.162039
1744,58.133333,1,564.840841,360.299141,467.540808,344.479945,516.190825,352.389543,2.903737,2.155009,-1.92765,4.298909,0.488044,3.226959
1745,58.166667,1,565.092001,360.393893,467.514381,344.474049,516.303191,352.433971,2.908644,2.145956,-1.919032,4.189429,0.494806,3.167692
1746,58.2,1,565.719357,360.396388,467.855387,344.431075,516.787372,352.413731,2.926969,2.271474,-1.924811,4.1222,0.501079,3.196837
1747,58.233333,1,565.707436,360.49004,468.145895,344.47576,516.926665,352.4829,2.92828,2.235595,-1.944506,4.385647,0.491887,3.310621
1748,58.266667,1,565.632267,360.340624,468.330584,344.613073,516.981425,352.476849,2.922328,2.185339,-1.943806,4.648773,0.489261,3.417056
1749,58.3,1,565.876913,360.527413,468.635635,344.636613,517.256274,352.582013,2.939254,2.122574,-1.942564,4.595247,0.498345,3.35891
1750,58.333333,1,565.824089,360.757874,468.671904,344.652341,517.247996,352.705108,2.930221,2.171854,-1.932522,4.572476,0.498849,3.372165
1751,58.366667,1,565.365477,360.817392,468.968601,344.754791,517.167039,352.786092,2.927868,2.294444,-1.92706,4.72064,0.500404,3.507542
1752,58.4,1,564.964981,360.705416,468.730488,344.82088,516.847734,352.763148,2.922284,2.230547,-1.916701,4.545065,0.502791,3.387806
1753,58.433333,1,564.695215,360.552101,468.493805,344.817624,516.59451,352.684862,2.907263,2.267309,-1.922387,4.436368,0.492438,3.351838
1754,58.466667,1,564.524517,360.37684,468.273306,344.735055,516.398911,352.555947,2.906715,2.258924,-1.926265,4.193854,0.490225,3.226389
1755,58.5,1,564.639721,360.374785,468.40436,344.578489,516.52204,352.476637,2.914444,2.237174,-1.902645,3.645478,0.505899,2.941326
1756,58.533333,1,564.46887,360.234275,468.372526,344.600118,516.420698,352.417197,2.919921,2.142424,-1.895475,3.52255,0.512223,2.832487
1757,58.566667,1,564.450951,360.255175,468.462009,344.622923,516.45648,352.439049,2.920129,2.095495,-1.908381,3.776221,0.505874,2.935858
1758,58.6,1,564.742985,360.667849,468.358879,344.812506,516.550932,352.740178,2.928446,2.158919,-1.905877,3.856366,0.511284,3.007642
1759,58.633333,1,560.529518,365.165559,468.863144,348.954615,514.696331,357.060087,2.830923,2.019469,-1.643756,61.118378,0.593584,31.568923
1760,58.666667,1,558.492584,366.548705,470.936499,351.295052,514.714541,358.921878,2.741585,1.384571,-1.573405,204.684591,0.58409,103.034581
1761,58.7,1,561.852551,365.064172,469.333754,348.492701,515.593152,356.778436,2.861192,2.176018,-1.735909,25.20931,0.562641,13.692664
1762,58.733333,1,565.747757,362.929814,468.685532,345.918977,517.216644,354.424396,2.927639,2.485187,-1.853956,6.949529,0.536841,4.717358
1763,58.766667,1,564.804993,361.219611,468.514738,345.329937,516.659865,353.274774,2.919086,2.234745,-1.920299,4.761561,0.499393,3.498153
1764,58.8,1,566.29837,361.252871,468.5954,345.081747,517.446885,353.167309,2.9468,2.116441,-1.912925,3.786581,0.516938,2.951511
1765,58.833333,1,566.242113,360.765529,468.276224,344.560803,517.259169,352.663166,2.913734,2.108139,-1.943319,3.815982,0.485207,2.962061
1766,58.866667,1,566.344233,360.521035,468.458309,344.445811,517.401271,352.483423,2.913274,2.104982,-1.939199,3.81964,0.487038,2.962311
1767,58.9,1,566.245356,360.336671,468.249531,344.170064,517.247443,352.253367,2.904488,2.20476,-1.94056,3.863136,0.481964,3.033948
1768,58.933333,1,566.072102,360.058182,468.312283,344.228579,517.192192,352.143381,2.915029,2.174297,-1.900677,3.405925,0.507176,2.790111
1769,58.966667,1,565.963707,360.080386,468.199043,344.095729,517.081375,352.088057,2.907821,2.224825,-1.915099,3.574267,0.496361,2.899546
1770,59.0,1,565.569658,359.97645,468.248367,344.133924,516.909013,352.055187,2.90971,2.194672,-1.920125,3.527522,0.494792,2.861097
1771,59.033333,1,565.527143,359.971247,468.26436,344.2007,516.895752,352.085973,2.907727,2.153778,-1.911955,3.601805,0.497886,2.877791
1772,59.066667,1,565.175495,359.947836,468.392086,344.564713,516.783791,352.256275,2.920096,2.12147,-1.89224,3.298833,0.513928,2.710151
1773,59.1,1,565.069447,361.162362,468.508492,344.585913,516.788969,352.874138,2.950676,2.374878,-1.922662,4.919826,0.514007,3.647352
1774,59.133333,1,563.521433,363.342204,469.179716,346.871633,516.350574,355.106919,2.932915,2.640654,-1.777756,15.932512,0.577579,9.286583
1775,59.166667,1,563.577604,363.478353,469.301958,347.023371,516.439781,355.250862,2.908908,3.014445,-1.782538,13.447122,0.563185,8.230784
1776,59.2,1,564.492245,362.522285,469.513235,346.24611,517.00274,354.384197,2.962003,3.287333,-1.832786,11.02542,0.564609,7.156376
1777,59.233333,1,564.52632,361.396878,468.267584,345.102518,516.396952,353.249698,2.932748,2.617411,-1.888322,9.133299,0.522213,5.875355
1778,59.266667,1,564.338923,361.059017,468.023977,345.022888,516.18145,353.040952,2.936529,2.368697,-1.911203,9.269729,0.512663,5.819213
1779,59.3,1,564.367294,360.762595,467.977915,344.677806,516.172605,352.7202,2.9564,2.385115,-1.930726,9.416207,0.512837,5.900661
1780,59.333333,1,564.454412,360.801809,468.184547,344.839951,516.31948,352.82088,2.961981,2.218343,-1.913282,9.90268,0.52435,6.060511
1781,59.366667,1,564.80154,361.594884,468.246727,344.819153,516.524134,353.207019,2.993509,2.502812,-1.885169,9.664341,0.55417,6.083577
1782,59.4,1,564.658623,361.524471,468.519096,345.01563,516.58886,353.270051,2.989542,2.265183,-1.880664,9.364533,0.554439,5.814858
1783,59.433333,1,564.068823,361.395226,468.27939,344.943178,516.174107,353.169202,2.970106,2.289885,-1.886828,10.258677,0.541639,6.274281
1784,59.466667,1,563.91325,361.283453,468.527298,344.83942,516.220274,353.061436,2.9794,2.386252,-1.89119,11.10529,0.544105,6.745771
1785,59.5,1,564.188719,361.255698,468.375807,344.797234,516.282263,353.026466,2.988539,2.44189,-1.896875,10.939921,0.545832,6.690906
1786,59.533333,1,564.095335,361.261518,468.477983,344.828728,516.286659,353.045123,2.977878,2.441528,-1.897258,10.633272,0.54031,6.5374
1787,59.566667,1,564.076405,361.269452,468.350477,344.831239,516.213441,353.050345,2.971424,2.443737,-1.900361,10.16015,0.535531,6.301944
1788,59.6,1,563.962927,361.301215,468.436289,344.737684,516.199608,353.019449,2.972357,2.46259,-1.905981,10.677959,0.533188,6.570275
1789,59.633333,1,564.010906,361.317576,468.578825,344.794187,516.294866,353.055882,2.97901,2.420582,-1.902466,10.508201,0.538272,6.464391
1790,59.666667,1,563.995018,361.205599,468.588295,344.750011,516.291656,352.977805,2.973206,2.450678,-1.903412,10.84337,0.534897,6.647024
1791,59.7,1,563.836174,361.305066,468.507729,344.779183,516.171951,353.042125,2.970073,2.370953,-1.905359,10.775565,0.532357,6.573259
1792,59.733333,1,563.8484,361.381654,468.148575,344.73218,515.998487,353.056917,2.975017,2.49517,-1.909168,10.522667,0.532925,6.508919
1793,59.766667,1,563.487282,361.263986,468.046846,344.711875,515.767064,352.98793,2.972928,2.479456,-1.902609,11.654711,0.535159,7.067083
1794,59.8,1,563.293171,361.424446,468.18635,344.705594,515.73976,353.06502,2.977907,2.507623,-1.881355,11.40665,0.548276,6.957137
1795,59.833333,1,563.931074,361.78309,468.1744,344.71356,516.052737,353.248325,3.002676,2.652358,-1.871993,10.405759,0.565342,6.529058
1796,59.866667,1,563.723459,361.944591,468.629017,345.38489,516.176238,353.66474,2.989895,2.66007,-1.845506,10.143933,0.572195,6.402002
1797,59.9,1,560.046816,364.583418,470.64929,347.323569,515.348053,355.953493,2.821076,2.60514,-1.624384,68.626664,0.598346,35.615902
1798,59.933333,1,560.953188,366.149951,468.957834,348.36601,514.955511,357.25798,2.812118,2.572148,-1.612119,21.967094,0.6,12.269621
1799,59.966667,1,560.50518,364.738702,469.843216,347.645751,515.174198,356.192226,2.827748,2.622209,-1.647955,73.516319,0.589896,38.069264
1800,60.0,1,560.445795,364.718478,470.589933,347.719259,515.517864,356.218868,2.821178,2.686364,-1.628822,83.682589,0.596178,43.184476
1801,60.033333,1,560.312347,365.698621,469.789581,348.327879,515.050964,357.01325,2.817969,2.839583,-1.637778,41.362181,0.590096,22.100882
1802,60.066667,1,559.529085,365.524181,468.645887,349.137391,514.087486,357.330786,2.808562,2.543903,-1.637448,54.754195,0.585557,28.649049
1803,60.1,1,559.323235,365.30497,467.266235,348.964169,513.294735,357.134569,2.833158,2.558922,-1.651876,43.446303,0.590641,23.002612
1804,60.133333,1,559.178448,365.312952,467.685413,348.719943,513.431931,357.016447,2.82138,2.950922,-1.640025,42.938697,0.590677,22.944809
1805,60.166667,1,558.960047,365.215942,468.541937,348.533723,513.750992,356.874832,2.81807,2.860659,-1.616633,40.336332,0.600718,21.598495
1806,60.2,1,559.192228,365.38734,469.582653,348.233702,514.387441,356.810521,2.818882,2.942856,-1.61226,41.406597,0.603311,22.174727
1807,60.233333,1,559.548779,365.399941,471.242342,347.991031,515.39556,356.695486,2.849525,2.87659,-1.566509,42.832858,0.641508,22.854724
1808,60.266667,1,561.078091,364.789084,472.211857,347.228866,516.644974,356.008975,2.892404,2.458079,-1.622271,13.671057,0.635066,8.064568
1809,60.3,1,560.864725,363.285851,471.17835,346.656498,516.021538,354.971175,2.897756,2.558545,-1.688694,10.810251,0.604531,6.684398
1810,60.333333,1,564.155741,363.088006,468.361721,345.307256,516.258731,354.197631,3.021157,3.090545,-1.787,7.976017,0.617078,5.533281
1811,60.366667,1,563.53447,361.747953,468.338938,344.029393,515.936704,352.888673,2.986189,2.6819,-1.847599,15.738252,0.569295,9.210076
1812,60.4,1,563.276167,361.608735,468.205252,344.023631,515.740709,352.816183,2.998648,2.691379,-1.86531,9.538056,0.566669,6.114717
1813,60.433333,1,563.152342,361.532083,467.958031,344.132443,515.555186,352.832263,2.998867,2.668051,-1.874788,9.511773,0.56204,6.089912
1814,60.466667,1,563.173304,361.406298,468.239431,344.016727,515.706367,352.711513,3.006619,2.655917,-1.873036,9.455657,0.566792,6.055787
1815,60.5,1,562.947483,361.120782,468.212233,344.115486,515.579858,352.618134,3.003703,2.438385,-1.853272,8.669654,0.575215,5.554019
1816,60.533333,1,562.351847,361.056291,467.769518,344.211225,515.060682,352.633758,3.00379,2.565441,-1.837863,8.644319,0.582964,5.60488
1817,60.566667,1,562.909021,361.441897,467.558918,344.32568,515.23397,352.883788,3.010942,2.596814,-1.848583,7.583466,0.58118,5.09014
1818,60.6,1,562.680836,361.359408,467.055206,344.265379,514.868021,352.812393,3.013582,2.589088,-1.845273,8.351456,0.584155,5.470272
1819,60.633333,1,562.562494,361.319625,467.032518,344.283242,514.797506,352.801434,3.024557,2.545152,-1.840589,7.879495,0.591984,5.212324
1820,60.666667,1,562.179537,361.419516,466.50033,344.223493,514.339933,352.821505,3.009057,2.583876,-1.838766,8.986042,0.585145,5.784959
1821,60.7,1,561.779299,361.342354,466.661177,344.233643,514.220238,352.787999,2.991206,2.644022,-1.825,10.784012,0.583103,6.714017
1822,60.733333,1,560.942316,362.611951,469.142017,345.75291,515.042167,354.182431,2.965662,2.489188,-1.718036,9.503766,0.623813,5.996477
1823,60.766667,1,558.688622,364.719197,470.888729,347.81922,514.788675,356.269208,2.835576,2.268186,-1.552884,79.354993,0.641346,40.81159
1824,60.8,1,558.383474,364.95816,472.372789,347.890465,515.378132,356.424312,2.8125,2.707922,-1.493173,73.074978,0.659664,37.89145
1825,60.833333,1,558.73889,364.756613,471.538324,347.826499,515.138607,356.291556,2.82561,2.469602,-1.546357,73.940785,0.639627,38.205193
1826,60.866667,1,559.28154,365.389046,467.66654,348.443102,513.47404,356.916074,2.808402,2.354836,-1.636941,80.717337,0.585731,41.536087
1827,60.9,1,559.184666,365.703063,468.043566,349.349501,513.614116,357.526282,2.797186,2.34797,-1.615885,53.182105,0.59065,27.765038
1828,60.933333,1,559.017344,365.643872,467.947025,349.557672,513.482184,357.600772,2.78579,2.146273,-1.615222,44.574148,0.585284,23.360211
1829,60.966667,1,559.052048,365.610269,468.01405,349.581528,513.533049,357.595899,2.793687,2.15623,-1.627353,50.066248,0.583167,26.111239
1830,61.0,1,558.90173,365.569344,467.825708,349.671816,513.363719,357.62058,2.779994,2.295741,-1.607351,51.043952,0.586322,26.669847
1831,61.033333,1,558.590059,365.506865,468.2514,349.73348,513.42073,357.620173,2.764049,2.425728,-1.600943,62.723287,0.581553,32.574507
1832,61.066667,1,558.490906,365.535012,467.891197,349.763537,513.191051,357.649274,2.770037,2.416797,-1.588195,53.007028,0.590921,27.711912
1833,61.1,1,557.914457,365.233526,467.958183,349.930011,512.93632,357.581769,2.766989,1.841835,-1.588658,69.677909,0.589165,35.759872
1834,61.133333,1,557.905865,365.278823,467.810307,350.071025,512.858086,357.674924,2.770733,1.785905,-1.588261,55.628571,0.591236,28.707238
1835,61.166667,1,558.294392,365.380458,467.477179,350.035567,512.885785,357.708012,2.782074,1.851755,-1.595004,62.531106,0.593535,32.191431
1836,61.2,1,557.810745,365.445421,467.516737,350.128398,512.663741,357.786909,2.757267,1.935576,-1.593705,44.372428,0.581781,23.154002
1837,61.233333,1,557.851105,365.406582,468.308678,350.405282,513.079891,357.905932,2.760557,1.888788,-1.561441,59.845052,0.599558,30.86692
1838,61.266667,1,557.785254,365.515426,468.086624,350.478373,512.935939,357.996899,2.733428,1.630438,-1.581335,49.385728,0.576046,25.508083
1839,61.3,1,558.136559,365.631378,468.321276,350.594083,513.228917,358.112731,2.736823,1.453747,-1.561353,63.724209,0.587735,32.588978
1840,61.333333,1,557.701759,366.310782,467.544222,351.113187,512.622991,358.711984,2.688918,-0.466898,-1.54668,34.845816,0.571119,17.189459
1841,61.366667,1,558.415213,368.567469,468.119431,352.36454,513.267322,360.466004,2.669059,-1.092272,-1.492123,13.524389,0.588468,6.216058
1842,61.4,1,557.451544,369.913198,469.152718,354.96669,513.302131,362.439944,2.724489,0.418747,-1.467369,114.458588,0.62856,57.438667
1843,61.433333,1,556.126804,372.579335,467.150993,357.821086,511.638899,365.200211,2.676615,4.916439,-1.56151,136.666206,0.557553,70.791323
1844,61.466667,1,556.730413,374.196149,467.99612,361.14466,512.363267,367.670404,2.671437,41.426947,-1.542522,52.039937,0.564457,46.733442
1845,61.5,1,559.015903,374.455132,468.397713,363.109871,513.706808,368.782502,2.756607,344.043425,-1.605182,11.468991,0.575712,177.756208
1846,61.533333,1,559.467926,374.784915,469.26055,362.212586,514.364238,368.498751,2.78086,-60.679668,-1.629132,26.150541,0.575864,-17.264564
1847,61.566667,1,559.185953,366.792153,469.415388,356.292479,514.300671,361.542316,2.852841,-2.472035,-1.626363,74.151165,0.613239,35.839565
1848,61.6,1,555.884037,363.215588,467.883396,350.444137,511.883717,356.829862,2.720058,0.398287,-1.658932,115.377964,0.530563,57.888126
1849,61.633333,1,555.028496,360.221744,469.925127,348.233283,512.476811,354.227513,2.817767,0.365664,-1.564709,20.190388,0.626529,10.278026
1850,61.666667,1,553.331013,358.624719,460.426016,347.578143,506.878514,353.101431,3.040699,1.556104,-1.802843,9.61469,0.618928,5.585397
1851,61.7,1,553.254166,358.146964,454.197006,346.860325,503.725586,352.503644,3.094776,1.747367,-1.924112,5.294112,0.585332,3.520739
1852,61.733333,1,548.686886,360.297216,452.889967,347.712275,500.788426,354.004745,3.021696,1.624254,-1.75282,11.294229,0.634438,6.459242
1853,61.766667,1,544.621906,367.509037,454.977064,356.211321,499.799485,361.860179,2.781847,-3.70877,-1.474728,10.574633,0.65356,3.432931
1854,61.8,1,543.957653,365.47639,455.258217,356.523449,499.607935,360.999919,2.789185,-2.249917,-1.492422,35.251037,0.648381,16.50056
1855,61.833333,1,545.64043,360.980219,453.610468,351.043332,499.625449,356.011775,2.919921,1.612646,-1.648303,19.347337,0.635809,10.479992
1856,61.866667,1,549.701128,357.261727,451.113005,346.463385,500.407066,351.862556,2.952801,1.57456,-1.838524,3.998936,0.557139,2.786748
1857,61.9,1,550.301199,356.233572,450.042362,345.736892,500.171781,350.985232,3.005265,1.395905,-1.849048,3.44778,0.578109,2.421843
1858,61.933333,1,551.699324,356.522908,451.196537,345.524493,501.44793,351.023701,3.002733,1.572018,-1.758132,2.551567,0.6223,2.061792
1859,61.966667,1,551.863842,356.518503,450.024376,345.39321,500.944109,350.955857,3.017525,1.682935,-1.786609,2.599999,0.615458,2.141467
1860,62.0,1,545.651608,362.988598,452.221069,350.908749,498.936338,356.948673,2.892739,1.720431,-1.662073,68.286266,0.615333,35.003348
1861,62.033333,1,545.606308,366.693935,455.171833,357.054816,500.389071,361.874376,2.786956,-0.567339,-1.482396,60.968366,0.65228,30.200513
1862,62.066667,1,547.356043,364.314478,453.897734,353.884858,500.626888,359.099668,2.912773,0.395541,-1.599076,44.539601,0.656848,22.467571
1863,62.1,1,547.968483,360.431203,451.646194,349.291517,499.807339,354.86136,2.975256,2.284964,-1.770961,8.813943,0.602148,5.549453
1864,62.133333,1,550.317574,357.76087,450.792875,347.492725,500.555224,352.626798,3.002045,2.118856,-1.814517,4.163176,0.593764,3.141016
1865,62.166667,1,550.797749,357.826751,450.003424,346.668048,500.400586,352.247399,3.041274,1.993192,-1.790412,2.934106,0.625431,2.463649
1866,62.2,1,551.047087,357.422676,449.965649,346.348999,500.506368,351.885838,3.057497,2.133155,-1.788834,2.815318,0.634332,2.474236
1867,62.233333,1,551.042604,357.046604,449.983521,346.103936,500.513062,351.57527,3.034062,1.979958,-1.774189,2.820594,0.629936,2.400276
1868,62.266667,1,551.075506,357.108268,450.072174,346.137448,500.57384,351.622858,3.025097,1.850862,-1.775573,2.755725,0.624762,2.303294
1869,62.3,1,551.520166,358.518825,451.326876,346.308589,501.423521,352.413707,3.041088,1.940582,-1.785493,3.037811,0.627797,2.489196
1870,62.333333,1,545.829639,367.687549,456.935339,355.18029,501.382489,361.43392,2.779223,-0.341827,-1.480343,24.46181,0.64944,12.059991
1871,62.366667,1,547.879725,368.351519,456.541939,358.631279,502.210832,363.491399,2.772264,-6.475807,-1.484348,44.097606,0.643958,18.8109
1872,62.4,1,548.012228,367.859543,456.963768,357.592004,502.487998,362.725773,2.774236,-18.86723,-1.500391,41.163773,0.636922,11.148272
1873,62.433333,1,550.239792,365.492054,457.555141,354.445826,503.897467,359.96894,2.910305,0.744647,-1.546836,57.287205,0.681734,29.015926
1874,62.466667,1,552.723579,363.002368,458.129892,350.580956,505.426736,356.791662,2.960778,2.611602,-1.671593,8.547607,0.644592,5.579604
1875,62.5,1,553.850203,361.22555,456.220026,348.238395,505.035114,354.731973,2.987896,2.244162,-1.802952,5.662922,0.592472,3.953542
1876,62.533333,1,555.04097,360.377199,455.610123,347.728733,505.325546,354.052966,2.947625,1.650177,-1.800566,3.425102,0.573529,2.53764
1877,62.566667,1,556.375246,359.782854,456.606569,347.106246,506.490908,353.44455,2.965674,1.745371,-1.762178,2.859482,0.601748,2.302426
1878,62.6,1,556.775742,359.79134,455.999947,347.042431,506.387844,353.416885,2.973093,1.730586,-1.799615,3.007054,0.586739,2.36882
1879,62.633333,1,556.963654,359.674954,456.349697,346.798543,506.656675,353.236748,2.971465,1.629301,-1.799126,2.880172,0.58617,2.254736
1880,62.666667,1,557.335577,359.649666,456.530132,346.488565,506.932855,353.069116,2.974032,1.675629,-1.817418,2.968946,0.578307,2.322288
1881,62.7,1,557.343082,359.75844,456.840935,346.625315,507.092009,353.191878,2.966858,1.759623,-1.792654,2.816968,0.587102,2.288295
1882,62.733333,1,557.577286,359.732632,456.645632,346.481216,507.111459,353.106924,2.981666,1.824248,-1.803572,2.89564,0.589047,2.359944
1883,62.766667,1,557.602596,359.688231,456.982212,346.493039,507.292404,353.090635,2.976139,1.780157,-1.800128,2.876585,0.588006,2.328371
1884,62.8,1,557.5846,359.829685,456.922884,346.33724,507.253742,353.083463,3.000249,1.794028,-1.806611,2.864197,0.596819,2.329113
1885,62.833333,1,557.703218,359.792697,457.042055,346.467338,507.372637,353.130018,3.000464,1.78595,-1.793362,2.893823,0.603551,2.339886
1886,62.866667,1,557.701645,360.006158,456.966219,346.308525,507.333932,353.157341,3.003156,1.827746,-1.797209,2.851248,0.602973,2.339497
1887,62.9,1,557.628336,359.938009,456.985245,346.26754,507.30679,353.102775,2.993028,1.790789,-1.792975,2.838736,0.600027,2.314762
1888,62.933333,1,557.572565,360.153497,457.182121,346.787428,507.377343,353.470463,3.027137,1.947425,-1.817849,3.177315,0.604644,2.56237
1889,62.966667,1,557.37834,360.105566,457.292824,346.805259,507.335582,353.455413,3.00266,1.961041,-1.807747,3.116057,0.597456,2.538549
1890,63.0,1,557.3911,360.260625,457.503757,347.023194,507.447429,353.641909,2.999495,1.884298,-1.81653,3.224362,0.591482,2.55433
1891,63.033333,1,557.251606,360.357785,457.625942,347.275638,507.438774,353.816712,2.99356,1.847732,-1.82284,3.230063,0.58536,2.538898
1892,63.066667,1,557.114668,360.276466,457.350893,347.367927,507.23278,353.822197,3.001584,1.764275,-1.836325,3.288775,0.582629,2.526525
1893,63.1,1,556.955042,360.331902,457.291908,347.416427,507.123475,353.874165,3.006703,1.807836,-1.8387,3.166708,0.584002,2.487272
1894,63.133333,1,557.052441,360.361637,456.974888,347.532749,507.013664,353.947193,3.026913,1.873782,-1.856126,3.328418,0.585394,2.6011
1895,63.166667,1,556.764221,360.419793,456.726637,347.493798,506.745429,353.956795,3.013568,1.983857,-1.857584,3.270705,0.577992,2.627281
1896,63.2,1,556.649466,360.501498,456.478958,347.620382,506.564212,354.06094,3.01753,2.001562,-1.857877,3.309122,0.579827,2.655342
1897,63.233333,1,556.555634,360.559278,456.176872,347.580401,506.366253,354.06984,3.041022,2.054329,-1.845817,3.252363,0.597602,2.653346
1898,63.266667,1,556.083717,360.594324,456.046391,347.48603,506.065054,354.040177,3.031957,2.147384,-1.863729,3.200735,0.584114,2.67406
1899,63.3,1,556.106911,360.565614,455.639544,347.599815,505.873227,354.082714,3.02454,1.961248,-1.854733,3.324709,0.584903,2.642979
1900,63.333333,1,555.702906,360.483811,455.583897,347.720568,505.643401,354.10219,3.050369,1.956334,-1.859836,3.311763,0.595266,2.634048
1901,63.366667,1,555.27173,362.892049,455.732622,348.260111,505.502176,355.57608,3.060984,2.580503,-1.80373,4.480111,0.628627,3.530307
1902,63.4,1,549.924479,367.961944,458.890877,355.263546,504.407678,361.612745,2.806217,0.055736,-1.547076,175.296164,0.629571,87.67595
1903,63.433333,1,549.619322,368.323174,457.666607,357.361742,503.642964,362.842458,2.760962,-2.359538,-1.524405,93.925343,0.618278,45.782902
1904,63.466667,1,551.33729,366.339707,457.422628,354.658697,504.379959,360.499202,2.909594,2.177878,-1.600541,66.762169,0.654526,34.470023
1905,63.5,1,550.649195,364.761243,457.219267,352.664223,503.934231,358.712733,2.937983,3.052406,-1.650497,12.912482,0.643743,7.982444
1906,63.533333,1,552.799234,364.012531,456.092529,351.544706,504.445882,357.778619,2.982907,2.905305,-1.699744,8.889515,0.641582,5.89741
1907,63.566667,1,553.104877,362.787555,454.501915,349.263048,503.803396,356.025302,3.009479,3.271821,-1.816066,5.764739,0.596706,4.51828
1908,63.6,1,554.30337,361.366709,454.574213,348.656938,504.438791,355.011823,3.037624,2.475068,-1.84585,4.885867,0.595887,3.680468
1909,63.633333,1,553.944111,360.608491,454.193497,348.298901,504.068804,354.453696,3.063488,2.510237,-1.857713,4.235028,0.602887,3.372632
1910,63.666667,1,553.993912,360.342786,454.261818,348.205495,504.127865,354.274141,3.063842,2.336419,-1.860907,4.31696,0.601467,3.32669
1911,63.7,1,553.787165,360.108629,454.163151,347.635666,503.975158,353.872148,3.075787,2.466384,-1.870057,4.240192,0.602865,3.353288
1912,63.733333,1,553.940144,359.825056,454.257441,347.84086,504.098792,353.832958,3.058342,2.490436,-1.873365,4.178012,0.592489,3.334224
1913,63.766667,1,553.18737,359.551213,453.811321,347.810336,503.499346,353.680775,3.043498,2.517109,-1.873138,4.050854,0.58518,3.283981
1914,63.8,1,553.407202,359.574934,453.684912,347.848354,503.546057,353.711644,3.054212,2.446901,-1.880195,4.124872,0.587008,3.285886
1915,63.833333,1,553.719368,359.629925,453.851357,347.932114,503.785362,353.781019,3.068524,2.436989,-1.857129,4.133933,0.605698,3.285461
1916,63.866667,1,553.674488,360.052781,453.776598,347.985372,503.725543,354.019076,3.046339,2.553761,-1.863105,3.97719,0.591617,3.265475
1917,63.9,1,553.425341,362.398496,454.4771,349.160416,503.951221,355.779456,3.067339,2.86893,-1.818931,4.14155,0.624204,3.50524
1918,63.933333,1,551.702356,364.041236,454.07464,351.016349,502.888498,357.528792,3.010612,2.847931,-1.758548,7.020269,0.626032,4.9341
1919,63.966667,1,551.290054,363.894299,454.25334,350.934911,502.771697,357.414605,3.022944,2.554946,-1.735541,6.489877,0.643701,4.522411
1920,64.0,1,547.848988,367.572423,456.054697,355.460871,501.951842,361.516647,2.840537,1.007923,-1.552958,130.560666,0.64379,65.784295
1921,64.033333,1,547.733335,369.173133,456.553602,357.6916,502.143469,363.432367,2.760212,-3.27047,-1.489651,168.291815,0.63528,82.510673
1922,64.066667,1,547.249403,367.450919,454.509115,356.0443,500.879259,361.747609,2.783991,-0.496254,-1.570892,140.016045,0.606549,69.759895
1923,64.1,1,548.331079,366.049551,457.262716,353.88746,502.796898,359.968506,2.863115,2.216088,-1.583488,54.309005,0.639814,28.262547
1924,64.133333,1,548.509169,364.987117,455.131559,352.441369,501.820364,358.714243,2.920241,2.85813,-1.640188,15.104591,0.640026,8.981361
1925,64.166667,1,549.819784,363.653963,453.028135,350.546109,501.42396,357.100036,2.972311,3.300513,-1.738684,8.893732,0.616814,6.097123
1926,64.2,1,549.559345,361.696481,452.69949,349.812992,501.129417,355.754736,2.984871,2.555637,-1.78919,8.560536,0.597841,5.558087
1927,64.233333,1,549.657688,361.135728,453.285217,348.822216,501.471453,354.978972,3.01267,2.641431,-1.806888,6.120203,0.602891,4.380817
1928,64.266667,1,549.790487,361.433989,452.7598,348.916206,501.275144,355.175098,3.004451,2.914197,-1.833792,7.438337,0.58533,5.176267
1929,64.3,1,549.426746,361.457502,454.262609,349.214548,501.844678,355.336025,2.997152,2.999908,-1.795918,7.801319,0.600617,5.400613
1930,64.333333,1,549.648781,362.270742,454.408102,349.806372,502.028441,356.038557,2.979651,2.705107,-1.758313,8.628853,0.610669,5.66698
1931,64.366667,1,550.031443,362.958471,454.412899,349.915409,502.222171,356.43694,2.98262,3.050707,-1.745164,8.328845,0.618728,5.689776
1932,64.4,1,550.08112,363.464593,455.623407,350.531679,502.852263,356.998136,3.010776,2.960945,-1.708206,14.169847,0.651285,8.565396
1933,64.433333,1,550.146999,363.978193,455.620804,350.79401,502.883902,357.386101,2.996791,2.817232,-1.6852,19.388261,0.655795,11.102747
1934,64.466667,1,549.982939,363.919179,455.055017,350.817372,502.518978,357.368276,3.004205,2.793508,-1.692894,18.954765,0.655655,10.874136
1935,64.5,1,550.0138,364.023185,456.006155,350.893664,503.009977,357.458425,3.009269,2.915928,-1.670711,15.32194,0.669279,9.118934
1936,64.533333,1,549.722652,363.662363,455.062008,350.652882,502.39233,357.157623,2.994747,2.641652,-1.692471,22.609163,0.651138,12.625407
1937,64.566667,1,549.596472,363.625199,456.0783,350.701312,502.837386,357.163256,3.019037,2.721339,-1.662051,21.251344,0.678493,11.986341
1938,64.6,1,549.460735,363.543944,455.573711,350.622557,502.517223,357.083251,3.015208,2.679757,-1.67951,21.645452,0.667849,12.162604
1939,64.633333,1,549.075117,363.6169,455.686245,350.703018,502.380681,357.159959,3.019257,2.731705,-1.669564,16.691943,0.674846,9.711824
1940,64.666667,1,549.147549,363.797734,454.993639,350.513515,502.070594,357.155625,3.021602,2.718065,-1.687728,13.015051,0.666937,7.866558
1941,64.7,1,548.682356,364.280419,455.197926,350.901169,501.940141,357.590794,2.994969,2.718854,-1.64114,18.859389,0.676914,10.789121
1942,64.733333,1,546.835165,366.265056,456.80479,353.954671,501.819978,360.109863,2.783537,1.244994,-1.539167,51.068635,0.622185,26.156814
1943,64.766667,1,546.273699,366.357163,456.0254,354.823047,501.149549,360.590105,2.774501,-0.48486,-1.547883,35.983765,0.613309,17.749452
1944,64.8,1,547.248783,364.792335,457.479,352.579132,502.363892,358.685734,2.923651,2.272657,-1.598147,14.887537,0.662752,8.580097
1945,64.833333,1,549.087515,362.837938,453.816738,350.104709,501.452127,356.471323,2.980674,2.932127,-1.734237,9.766619,0.623219,6.349373
1946,64.866667,1,549.62965,361.512916,452.205219,348.666932,500.917435,355.089924,2.991144,2.796362,-1.8161,5.212186,0.587522,4.004274
1947,64.9,1,549.693003,359.875723,452.535038,347.55897,501.11402,353.717346,3.001415,2.671399,-1.86122,5.619764,0.570098,4.145582
1948,64.933333,1,549.958649,359.25875,451.974993,347.143705,500.966821,353.201228,2.998295,2.661207,-1.884279,4.786433,0.557008,3.72382
1949,64.966667,1,550.32567,358.980235,452.261257,346.984066,501.293464,352.98215,3.020653,2.605433,-1.876514,4.428352,0.57207,3.516893
1950,65.0,1,550.528288,358.883799,452.030764,347.177796,501.279526,353.030798,2.999768,2.656694,-1.872307,4.527992,0.56373,3.592343
1951,65.033333,1,550.370169,358.818567,452.539225,346.92973,501.454697,352.874148,3.007361,2.608157,-1.865909,4.473567,0.570726,3.540862
1952,65.066667,1,550.508051,358.800114,452.116089,346.941778,501.31207,352.870946,3.016859,2.87769,-1.872089,4.402071,0.572385,3.63988
1953,65.1,1,550.634537,358.844081,452.818956,346.970043,501.726747,352.907062,3.025146,2.659762,-1.862005,4.257473,0.581571,3.458618
1954,65.133333,1,548.306341,361.216575,453.140831,348.106484,500.723586,354.66153,2.981832,2.854763,-1.786465,7.703189,0.597684,5.278976
1955,65.166667,1,549.281301,366.125656,455.813093,351.537974,502.547197,358.831815,2.964318,2.900773,-1.578204,51.538131,0.693057,27.219452
1956,65.2,1,547.655182,367.740571,456.338844,354.679747,501.997013,361.210159,2.776037,0.82018,-1.53841,121.4737,0.618813,61.14694
1957,65.233333,1,547.706852,367.601284,456.507368,354.983765,502.10711,361.292524,2.795274,-0.365308,-1.526412,101.057213,0.634431,50.345953
1958,65.266667,1,547.952499,367.064188,456.283751,353.83778,502.118125,360.450984,2.830621,1.287815,-1.546142,58.98405,0.64224,30.135932
1959,65.3,1,548.401747,365.659204,457.496176,351.848091,502.948961,358.753647,2.934778,3.490259,-1.590126,40.074873,0.672326,21.782566
1960,65.333333,1,548.802767,363.218855,453.334885,349.25558,501.068826,356.237217,2.928616,2.991328,-1.750859,11.318912,0.588879,7.15512
1961,65.366667,1,549.450779,361.588088,452.689161,348.565689,501.06997,355.076889,2.944302,2.978024,-1.785138,8.731312,0.579582,5.854668
1962,65.4,1,549.547977,360.973374,452.917318,347.555167,501.232648,354.26427,2.992471,2.787921,-1.807139,6.927863,0.592666,4.857892
1963,65.433333,1,549.498692,360.413414,453.048735,347.412624,501.273713,353.913019,2.991548,2.84034,-1.809569,6.896983,0.590989,4.868662
1964,65.466667,1,549.13578,360.308352,452.819214,347.490081,500.977497,353.899216,2.976479,2.84563,-1.817492,7.214588,0.579494,5.030109
1965,65.5,1,549.194098,360.272078,452.636042,347.313575,500.91507,353.792827,2.984261,2.751313,-1.828678,7.195245,0.577791,4.973279
1966,65.533333,1,549.273338,360.30766,452.69496,347.42943,500.984149,353.868545,2.982932,2.800188,-1.827576,6.916527,0.577678,4.858357
1967,65.566667,1,549.356918,360.280463,452.750244,347.434575,501.053581,353.857519,2.987979,2.749105,-1.831576,6.72305,0.578201,4.736077
1968,65.6,1,549.547577,360.523809,452.509251,347.587933,501.028414,354.055871,2.989172,2.843331,-1.823013,7.098078,0.58308,4.970704
1969,65.633333,1,547.8514,363.343717,454.947386,350.936145,501.399393,357.139931,2.976796,2.768999,-1.639875,14.172468,0.668461,8.470733
1970,65.666667,1,547.598991,363.902448,455.271692,350.972484,501.435342,357.437466,2.979145,3.429235,-1.615097,13.858866,0.682024,8.644051
1971,65.7,1,547.807226,363.561217,453.690376,351.032501,500.748801,357.296859,2.987623,3.144265,-1.667336,16.878257,0.660143,10.011261
1972,65.733333,1,547.934542,364.918125,457.051687,352.278939,502.493114,358.598532,2.968588,2.474713,-1.555851,24.44544,0.706369,13.460076
1973,65.766667,1,546.457195,366.122051,457.685108,353.799087,502.071152,359.960569,2.905955,1.821763,-1.50428,51.796122,0.700837,26.808943
1974,65.8,1,546.878347,366.012273,458.054104,353.763086,502.466226,359.88768,2.935052,1.605594,-1.499853,41.707962,0.7176,21.656778
1975,65.833333,1,546.986609,363.968967,455.067873,351.166075,501.027241,357.567521,2.982844,3.004958,-1.62531,24.894779,0.678767,13.949868
1976,65.866667,1,548.486452,361.896552,454.051027,348.740151,501.26874,355.318352,2.990543,2.656576,-1.733479,6.111024,0.628532,4.3838
1977,65.9,1,548.873901,360.313867,453.152275,347.926594,501.013088,354.12023,2.967247,2.468621,-1.798725,4.768251,0.584261,3.618436
1978,65.933333,1,549.582338,359.311686,452.79583,347.426882,501.189084,353.369284,3.016874,2.568106,-1.85227,4.963416,0.582302,3.765761
1979,65.966667,1,549.476805,359.03861,453.127155,347.426051,501.30198,353.232331,3.030611,2.30901,-1.84449,4.786848,0.59306,3.547929
1980,66.0,1,549.157963,359.488331,452.605028,347.522085,500.881495,353.505208,3.036908,2.42597,-1.837698,4.77024,0.599605,3.598105
1981,66.033333,1,549.581776,359.717183,452.631512,347.393907,501.106644,353.555545,3.040606,2.472967,-1.834654,4.519064,0.602976,3.496016
1982,66.066667,1,549.349976,361.809611,453.167305,349.333311,501.25864,355.571461,3.051549,2.388051,-1.772618,7.398532,0.639466,4.893291
1983,66.1,1,546.796446,365.904593,455.145922,353.011526,500.971184,359.45806,2.916223,2.609986,-1.56839,52.867768,0.673916,27.738877
1984,66.133333,1,546.118259,367.799585,454.659224,355.358035,500.388741,361.57881,2.794563,-2.023373,-1.505201,52.683155,0.644681,25.329891
1985,66.166667,1,546.40233,368.232998,454.880075,356.327643,500.641203,362.28032,2.776961,-2.130989,-1.507265,47.297703,0.634848,22.583357
1986,66.2,1,546.313276,367.873152,453.410378,355.656179,499.861827,361.764666,2.852265,-1.748293,-1.51039,61.488979,0.670938,29.870343
1987,66.233333,1,544.432125,365.299836,454.603643,353.54705,499.517884,359.423443,2.870052,2.408387,-1.558948,54.583364,0.655552,28.495875
1988,66.266667,1,545.543823,363.976128,453.372631,351.818667,499.458227,357.897398,2.946881,4.266771,-1.609917,40.762465,0.668482,22.514618
1989,66.3,1,546.770649,362.432168,451.802444,349.811329,499.286547,356.121748,2.989088,3.139818,-1.726356,13.038041,0.631366,8.08893
1990,66.333333,1,547.310905,361.049951,451.134739,348.760707,499.222822,354.905329,3.034755,3.179459,-1.766597,7.900802,0.634079,5.540131
1991,66.366667,1,547.057047,360.669581,451.68191,348.5417,499.369478,354.60564,3.006521,3.057561,-1.766224,7.245614,0.620149,5.151588
1992,66.4,1,547.206306,360.654196,452.104521,348.450043,499.655414,354.55212,2.988197,3.155904,-1.773313,7.186622,0.607442,5.171263
1993,66.433333,1,547.472525,360.686646,452.41231,348.496537,499.942417,354.591591,2.979601,3.03931,-1.790876,6.910197,0.594363,4.974754
1994,66.466667,1,548.315983,361.894106,452.307825,349.247931,500.311904,355.571018,3.048144,3.303822,-1.770966,8.628511,0.638589,5.966167
1995,66.5,1,548.435001,363.132252,455.50622,350.517908,501.970611,356.82508,3.005376,3.061512,-1.648557,12.610668,0.67841,7.83609
1996,66.533333,1,548.529148,362.418988,453.723907,349.933718,501.126528,356.176353,3.02455,3.397386,-1.708633,10.71144,0.657959,7.054413
1997,66.566667,1,548.332424,362.123194,453.87845,349.750931,501.105437,355.937062,3.026046,3.331541,-1.715498,11.371246,0.655274,7.351394
1998,66.6,1,548.500452,362.249182,453.565998,349.601564,501.033225,355.925373,3.023002,3.378456,-1.722681,11.029282,0.650161,7.203869
1999,66.633333,1,548.381319,362.224882,453.497877,349.515063,500.939598,355.869972,3.028936,3.490928,-1.720385,10.626073,0.654276,7.058501
2000,66.666667,1,548.589001,362.914612,454.264774,349.822041,501.426888,356.368327,3.02454,3.193217,-1.693747,9.665965,0.665397,6.429591
2001,66.7,1,547.67787,362.70968,454.70746,350.332766,501.192665,356.521223,3.024543,2.571453,-1.677255,13.786419,0.673644,8.178936
2002,66.733333,1,547.843332,362.299747,453.986034,349.925494,500.914683,356.112621,3.017798,2.903177,-1.703935,11.52594,0.656932,7.214558
2003,66.766667,1,547.591505,361.971027,452.823906,349.416701,500.207705,355.693864,3.017806,2.978362,-1.734508,10.021026,0.641649,6.499694
2004,66.8,1,547.818813,362.072741,453.865967,349.518705,500.84239,355.795723,3.012419,2.980123,-1.726985,10.209249,0.642717,6.594686
2005,66.833333,1,547.752209,362.159017,454.188843,349.675679,500.970526,355.917348,3.012849,3.036567,-1.711011,11.196606,0.650919,7.116587
2006,66.866667,1,547.826862,362.633371,454.642935,349.710537,501.234899,356.171954,3.021792,2.84489,-1.700418,8.986627,0.660687,5.915759
2007,66.9,1,549.017906,364.049374,456.48284,350.850856,502.750373,357.450115,3.01511,2.525277,-1.615638,9.219694,0.699736,5.872485
2008,66.933333,1,549.069977,365.224702,458.353777,351.945546,503.711877,358.585124,2.991905,2.476261,-1.519154,27.258182,0.736375,14.867222
2009,66.966667,1,548.444433,366.348408,457.530556,353.61947,502.987494,359.983939,2.945074,2.309998,-1.518459,48.025376,0.713307,25.167687
2010,67.0,1,548.994236,366.795269,456.943989,353.678564,502.969112,360.236917,2.93449,1.830589,-1.533508,46.095574,0.700491,23.963081
2011,67.033333,1,548.619022,366.622358,456.914768,353.664939,502.766895,360.143648,2.9094,1.69598,-1.53276,43.650733,0.68832,22.673357
2012,67.066667,1,548.457003,366.600047,456.672268,353.73929,502.564635,360.169668,2.916881,1.644526,-1.530431,40.810357,0.693225,21.227442
2013,67.1,1,548.217096,366.679612,455.972509,354.132464,502.094803,360.406038,2.89315,1.408617,-1.552373,45.882254,0.670388,23.645436
2014,67.133333,1,547.962017,366.58698,456.236486,354.269863,502.099252,360.428421,2.884797,1.308769,-1.538897,45.09601,0.67295,23.202389
2015,67.166667,1,547.878895,366.62423,455.832577,354.238685,501.855736,360.431457,2.885235,1.167458,-1.550572,51.303042,0.667331,26.23525
2016,67.2,1,547.96217,366.818288,455.824203,354.424787,501.893187,360.621538,2.897593,0.951703,-1.54978,55.723205,0.673906,28.337454
2017,67.233333,1,548.052273,366.972129,455.322857,354.557154,501.687565,360.764641,2.903263,0.589946,-1.553934,55.668042,0.674664,28.128994
2018,67.266667,1,548.174734,367.191083,455.90517,354.77076,502.039952,360.980921,2.880852,0.729033,-1.543662,52.356782,0.668595,26.542907
2019,67.3,1,548.55319,367.262928,455.759602,354.775454,502.156396,361.019191,2.89729,0.579182,-1.553148,67.223165,0.672071,33.901174
2020,67.333333,1,548.673296,367.354193,455.68388,354.975107,502.178588,361.16465,2.906051,0.745857,-1.565975,66.29924,0.670038,33.522549
2021,67.366667,1,548.95565,367.403803,455.711203,354.966105,502.333426,361.184954,2.906604,0.05759,-1.568007,63.239744,0.669298,31.648667
2022,67.4,1,548.776779,367.397565,455.569105,355.0676,502.172942,361.232582,2.905207,1.003199,-1.571064,58.328024,0.667072,29.665612
2023,67.433333,1,548.66745,367.334474,455.438051,355.059848,502.052751,361.197161,2.899692,0.856583,-1.573043,61.727344,0.663325,31.291963
2024,67.466667,1,548.455448,367.206184,455.493393,355.102018,501.974421,361.154101,2.898753,1.030523,-1.569318,57.012688,0.664717,29.021606
2025,67.5,1,548.506536,367.316857,455.386095,355.038992,501.946316,361.177924,2.894429,0.656915,-1.569802,53.669126,0.662314,27.163021
2026,67.533333,1,548.397875,367.233376,455.495071,355.277612,501.946473,361.255494,2.90135,0.391643,-1.567605,62.163565,0.666872,31.277604
2027,67.566667,1,548.426428,367.248927,455.383968,355.276539,501.905198,361.262733,2.895919,-0.324339,-1.571852,68.123594,0.662033,33.899628
2028,67.6,1,548.375072,367.26442,455.742722,355.248987,502.058897,361.256703,2.904928,0.138607,-1.568748,68.798831,0.66809,34.468719
2029,67.633333,1,548.450022,367.310538,455.481691,355.220234,501.965857,361.265386,2.907963,0.590799,-1.570971,69.099717,0.668496,34.845258
2030,67.666667,1,549.029398,367.533735,456.03404,355.039952,502.531719,361.286843,2.916439,1.073435,-1.560515,61.859625,0.677962,31.46653
2031,67.7,1,548.797226,367.226906,455.764027,355.088714,502.280626,361.15781,2.919065,1.410022,-1.566268,66.859524,0.676399,34.134773
2032,67.733333,1,548.832922,367.126527,456.079311,354.849628,502.456117,360.988078,2.897079,1.214964,-1.566971,54.456159,0.665054,27.835562
2033,67.766667,1,548.76379,367.025338,457.970772,354.650913,503.367281,360.838126,2.902767,0.861288,-1.536442,55.654255,0.683163,28.257772
2034,67.8,1,549.308872,367.121163,456.753407,354.772938,503.031139,360.94705,2.916706,1.132574,-1.564192,64.904117,0.676257,33.018345
2035,67.833333,1,549.284344,367.116458,456.370659,354.848748,502.827501,360.982603,2.926967,1.322871,-1.569395,67.416491,0.678786,34.369681
2036,67.866667,1,549.122572,367.142562,456.785593,354.959823,502.954082,361.051193,2.906051,0.763243,-1.559076,59.523019,0.673487,30.143131
2037,67.9,1,549.132051,367.700386,456.574764,354.954845,502.853408,361.327616,2.890397,0.720351,-1.548398,64.343085,0.670999,32.531718
2038,67.933333,1,549.605455,367.671896,457.284222,355.145813,503.444839,361.408854,2.902706,-0.402593,-1.544245,92.302229,0.67923,45.949818
2039,67.966667,1,549.922342,368.428692,457.037964,355.550355,503.480153,361.989523,2.882286,-1.069792,-1.553365,90.355036,0.66446,44.642622
2040,68.0,1,550.550394,369.159046,456.591597,356.169924,503.570995,362.664485,2.859874,-1.841258,-1.548606,93.212377,0.655634,45.685559
2041,68.033333,1,549.793234,368.839552,456.781025,355.961843,503.287129,362.400698,2.827207,-1.061777,-1.537344,110.885062,0.644931,54.911643
2042,68.066667,1,549.897356,368.877661,457.69681,355.650503,503.797083,362.264082,2.828611,-1.004498,-1.528506,126.553882,0.650053,62.774692
2043,68.1,1,550.235567,369.017211,457.153692,355.70095,503.69463,362.359081,2.819869,-1.031196,-1.558392,117.120546,0.630739,58.044675
2044,68.133333,1,550.144749,368.911414,457.710314,355.909647,503.927531,362.410531,2.845974,-1.87681,-1.542014,117.638554,0.65198,57.880872
2045,68.166667,1,550.114326,369.395971,458.882618,357.038096,504.498472,363.217033,2.826541,-3.677823,-1.510692,165.134199,0.657924,80.728188
2046,68.2,1,549.829168,369.171953,458.048792,357.786132,503.93898,363.479042,2.724445,-10.434819,-1.542772,283.635595,0.590836,136.600388
2047,68.233333,1,551.465292,369.773111,459.887171,357.848943,505.676231,363.811027,2.745015,-23.11697,-1.522732,185.298368,0.611142,81.090699
2048,68.266667,1,554.419689,370.62438,462.944689,357.600989,508.682189,364.112685,2.77623,-27.212366,-1.574661,381.60047,0.600784,177.194052
2049,68.3,1,562.1422,371.556458,469.613533,355.623322,515.877867,363.58989,2.698174,3.441962,-1.536607,-10.213221,0.580783,-3.385629
2050,68.333333,1,569.143887,367.245499,481.653385,351.337683,525.398636,359.291591,2.665803,0.581329,-1.560218,-0.753364,0.552792,-0.086017
2051,68.366667,1,579.411745,362.257417,483.075695,344.76774,531.24372,353.512579,2.887391,1.448328,-1.9175,1.233663,0.484946,1.340995
2052,68.4,1,578.852377,361.408466,483.717146,342.483947,531.284761,351.946206,2.830203,1.855992,-1.911679,0.610979,0.459262,1.233485
2053,68.433333,1,571.451826,367.062514,486.415443,349.967557,528.933635,358.515035,2.661077,-7.047987,-1.63084,-19.221208,0.515118,-13.134597
2054,68.466667,1,567.586203,370.38797,483.480177,352.804969,525.53319,361.59647,2.606367,-13.580094,-1.579169,-7.557947,0.513599,-10.569021
2055,68.5,1,568.573351,367.310017,478.628864,350.862283,523.601108,359.08615,2.734286,0.880234,-1.637828,1.026266,0.548229,0.95325
2056,68.533333,1,569.544621,364.559868,472.035065,347.683586,520.789843,356.121727,2.851824,2.241829,-1.806286,4.205669,0.522769,3.223749
2057,68.566667,1,568.37019,363.113294,469.593077,346.534646,518.981633,354.82397,2.864352,1.848686,-1.872822,4.135064,0.495765,2.991875
2058,68.6,1,567.168732,362.432581,468.263054,345.598962,517.715893,354.015772,2.927273,2.210916,-1.900768,2.766609,0.513252,2.488763
2059,68.633333,1,564.496365,361.963452,467.125292,345.774845,515.810828,353.869149,2.947484,2.182495,-1.867402,2.82594,0.540041,2.504217
2060,68.666667,1,560.519867,364.82965,464.06105,347.837609,512.290459,356.333629,2.889435,2.180533,-1.83186,8.240966,0.528788,5.21075
2061,68.7,1,557.038383,371.374916,467.274389,355.52695,512.156386,363.450933,2.689676,-0.45847,-1.517548,-10.482906,0.586064,-5.470688
2062,68.733333,1,557.000828,370.393753,467.9667,355.518324,512.483764,362.956038,2.713117,1.090147,-1.509085,-0.15053,0.602016,0.469809
2063,68.766667,1,557.560606,370.898952,468.253059,355.582048,512.906833,363.2405,2.72585,1.234866,-1.500459,1.60899,0.612695,1.421928
2064,68.8,1,557.389708,366.136106,465.506678,351.447412,511.448193,358.791759,2.779304,2.343185,-1.694552,25.910784,0.542376,14.126984
2065,68.833333,1,563.987532,363.738329,466.738968,347.422366,515.36325,355.580347,2.882187,2.671278,-1.844892,7.144041,0.518647,4.90766
2066,68.866667,1,566.692238,362.293015,469.266367,345.988703,517.979302,354.140859,2.954811,2.103029,-1.905553,3.295668,0.524629,2.699348
2067,68.9,1,568.581629,362.272292,467.983332,345.045837,518.28248,353.659065,2.889675,2.351742,-1.987851,2.789804,0.450912,2.570773
2068,68.933333,1,570.678196,362.333125,469.416304,344.619194,520.04725,353.47616,2.895517,2.378164,-1.968015,2.50482,0.463751,2.441492
2069,68.966667,1,572.505779,362.782899,471.968956,344.636511,522.237368,353.709705,2.8505,2.414304,-1.947479,2.255013,0.45151,2.334658
2070,69.0,1,574.324226,363.163977,474.145622,344.811101,524.234924,353.987539,2.831034,2.593713,-1.968919,2.176937,0.431058,2.385325
2071,69.033333,1,576.36178,363.512878,477.442131,345.462036,526.901956,354.487457,2.810645,2.095617,-1.847889,1.587118,0.481378,1.841368
2072,69.066667,1,578.394756,364.314585,479.532413,345.913768,528.963585,355.114177,2.783888,2.007821,-1.894197,1.582779,0.444846,1.7953
2073,69.1,1,580.213976,365.053673,480.799589,345.399132,530.506783,355.226403,2.741304,2.311114,-1.924918,1.619935,0.408193,1.965524
2074,69.133333,1,581.408749,365.639296,482.676182,345.968919,532.042465,355.804108,2.736435,1.989097,-1.944753,1.484143,0.395841,1.73662
2075,69.166667,1,580.908175,367.474179,484.94173,346.841555,532.924953,357.157867,2.718959,2.042225,-1.974641,2.032266,0.372159,2.037245
2076,69.2,1,578.051558,376.234328,489.570103,354.237145,533.81083,365.235736,2.587178,3.596934,-1.652328,3.609978,0.467425,3.603456
2077,69.233333,1,579.420824,375.143505,491.035538,354.663745,535.228181,364.903625,2.616173,7.203696,-1.610105,2.032644,0.503034,4.61817
2078,69.266667,1,585.849295,372.203332,490.613451,350.506911,538.231373,361.355122,2.787589,3.604551,-1.878879,5.511709,0.454355,4.55813
2079,69.3,1,585.883341,368.928108,489.283676,348.139926,537.583508,358.534017,2.762412,2.662915,-2.032561,8.242778,0.364926,5.452846
2080,69.333333,1,588.679972,368.569658,489.806967,347.963319,539.243469,358.266488,2.759025,2.285597,-2.069557,2.817166,0.344734,2.551382
2081,69.366667,1,588.443985,368.573027,489.904966,347.047827,539.174476,357.810427,2.726363,2.261971,-2.042891,2.120287,0.341736,2.191129
2082,69.4,1,589.57407,368.167214,490.125189,347.039282,539.849629,357.603248,2.753454,2.282445,-2.053356,2.210562,0.350049,2.246504
2083,69.433333,1,590.194416,368.294903,490.38619,346.907542,540.290303,357.601223,2.750908,2.228376,-2.043538,2.077453,0.353685,2.152915
2084,69.466667,1,590.197506,368.484643,490.940275,346.744689,540.568891,357.614666,2.740411,2.416422,-2.055811,1.887211,0.3423,2.151817
2085,69.5,1,592.532215,368.776113,493.349533,346.787213,542.940874,357.781663,2.761827,2.389092,-2.069321,2.330709,0.346253,2.3599
2086,69.533333,1,593.243494,368.501819,493.505545,346.363027,543.374519,357.432423,2.76795,2.253944,-2.085425,2.388806,0.341262,2.321375
2087,69.566667,1,593.939943,368.475244,494.043312,346.479236,543.991628,357.47724,2.777948,2.127975,-2.051113,2.317734,0.363417,2.222854
2088,69.6,1,595.283966,368.891705,494.413843,346.200297,544.848905,357.546001,2.774953,2.045717,-2.070772,2.232831,0.352091,2.139274
2089,69.633333,1,596.067486,369.234878,495.571623,346.345587,545.819554,357.790233,2.793787,2.184278,-2.12143,2.433814,0.336179,2.309046
2090,69.666667,1,596.939125,370.012407,496.524162,346.522903,546.731644,358.267655,2.781937,2.217234,-2.064196,2.119731,0.35887,2.168483
2091,69.7,1,598.167038,370.168716,498.364725,346.319119,548.265882,358.243918,2.746714,2.326036,-2.027682,2.099904,0.359516,2.21297
2092,69.733333,1,598.186016,372.524092,499.677181,347.539728,548.931599,360.03191,2.731011,2.27339,-2.076162,1.967885,0.327424,2.120638
2093,69.766667,1,592.73921,379.389925,505.934706,354.909849,549.336958,367.149887,2.58356,3.127903,-1.670603,-19.747901,0.456479,-8.309999
2094,69.8,1,592.18502,381.61736,505.227404,357.036862,548.706212,369.327111,2.512891,7.151508,-1.671051,-5.437623,0.42092,0.856942
2095,69.833333,1,597.294893,379.626077,505.973368,354.036999,551.63413,366.831538,2.671687,4.643493,-1.709792,-33.861232,0.480947,-14.608869
2096,69.866667,1,602.587156,377.943292,505.39916,351.120826,553.993158,364.532059,2.817715,3.811757,-1.917716,3.79945,0.449999,3.805603
2097,69.9,1,601.836548,375.240526,505.230999,349.536054,553.533773,362.38829,2.770196,3.381914,-2.069988,3.517694,0.350104,3.449804
2098,69.933333,1,602.462158,374.379419,504.980154,348.808419,553.721156,361.593919,2.76565,2.980332,-2.064604,2.616463,0.350523,2.798398
2099,69.966667,1,602.786837,373.31455,504.885979,348.201537,553.836408,360.758043,2.760977,2.769916,-2.061712,2.948987,0.349633,2.859451
2100,70.0,1,602.204609,372.730451,504.757824,348.347867,553.481216,360.539159,2.749397,2.533702,-2.013778,2.736114,0.36781,2.634908
2101,70.033333,1,601.333466,372.285708,503.78334,348.03841,552.558403,360.162059,2.747958,2.542256,-1.985247,2.721617,0.381355,2.631937
2102,70.066667,1,600.04796,371.90624,502.654123,348.164801,551.351042,360.03552,2.722259,2.134896,-2.011702,2.72426,0.355278,2.429578
2103,70.1,1,598.884954,371.313214,501.669931,348.145666,550.277443,359.72944,2.721432,2.003959,-1.956962,2.40524,0.382235,2.204599
2104,70.133333,1,597.007933,370.425553,500.296469,347.775886,548.652201,359.10072,2.719846,2.07502,-1.924736,2.50368,0.397555,2.28935
2105,70.166667,1,594.381723,370.559181,497.71327,348.225912,546.047497,359.392547,2.734536,2.141443,-1.958073,2.24055,0.388231,2.190996
2106,70.2,1,592.523413,369.347616,494.405842,347.414362,543.464627,358.380989,2.752139,2.319748,-1.99044,2.401095,0.38085,2.360421
2107,70.233333,1,590.8778,369.074739,491.810408,347.104535,541.344104,358.089637,2.752304,2.192238,-1.998944,2.0008,0.37668,2.096519
2108,70.266667,1,590.092192,368.889967,490.91095,346.940083,540.501571,357.915025,2.752112,2.161325,-2.037961,1.815261,0.357075,1.988293
2109,70.3,1,588.808365,368.238351,489.272099,346.789402,539.040232,357.513877,2.774118,2.115667,-1.998986,1.876049,0.387566,1.995858
2110,70.333333,1,587.752829,367.978193,488.779716,346.773668,538.266273,357.375931,2.778411,2.289102,-1.98309,1.939134,0.39766,2.114118
2111,70.366667,1,586.864433,368.055822,488.065376,347.216372,537.464905,357.636097,2.777861,2.261161,-1.942493,1.906871,0.417684,2.084016
2112,70.4,1,586.316261,368.292709,487.995434,347.274093,537.155848,357.783401,2.776309,2.289316,-1.971135,2.120651,0.402587,2.204983
2113,70.433333,1,585.975056,368.159902,487.737331,347.068056,536.856194,357.613979,2.79457,2.404527,-2.016393,2.461454,0.389088,2.432991
2114,70.466667,1,585.8708,368.186445,487.374363,347.397721,536.622581,357.792083,2.815167,2.374903,-2.049494,2.922406,0.382836,2.648654
2115,70.5,1,586.286268,368.523148,487.706366,347.600019,536.996317,358.061584,2.82219,2.557854,-2.072899,3.338886,0.374646,2.94837
2116,70.533333,1,585.392084,370.162332,489.73732,348.789294,537.564702,359.475813,2.877367,3.51713,-1.888777,5.777067,0.494295,4.647098
2117,70.566667,1,585.85865,372.059222,488.6096,349.70404,537.234125,360.881631,2.889963,4.363701,-1.875565,6.613691,0.507199,5.488696
2118,70.6,1,584.861822,371.675774,487.890959,349.483493,536.37639,360.579633,2.875173,4.677346,-1.883096,8.702742,0.496039,6.690044
2119,70.633333,1,584.81144,371.731875,487.02837,349.636669,535.919905,360.684272,2.878224,4.571976,-1.909164,7.882575,0.48453,6.227276
2120,70.666667,1,584.518738,371.545376,487.012377,349.571368,535.765557,360.558372,2.89157,4.463053,-1.902436,10.45027,0.494567,7.456662
2121,70.7,1,584.338312,371.230484,487.677965,349.318483,536.008139,360.274484,2.924345,4.223343,-1.880123,8.517291,0.522111,6.370317
2122,70.733333,1,583.978863,370.98606,486.701946,349.057108,535.340405,360.021584,2.912474,4.091329,-1.883411,8.220035,0.514532,6.155682
2123,70.766667,1,583.498096,370.770797,486.07852,349.195274,534.788308,359.983035,2.898191,3.954908,-1.880432,9.574225,0.508879,6.764567
2124,70.8,1,583.193016,370.475721,485.617905,349.139264,534.40546,359.807492,2.923313,3.834595,-1.876802,9.682778,0.523256,6.758687
2125,70.833333,1,582.364817,370.106059,484.931908,349.064183,533.648362,359.585121,2.924731,3.682331,-1.866406,11.482825,0.529162,7.582578
2126,70.866667,1,581.915827,369.957283,486.873913,349.799441,534.39487,359.878362,2.883312,3.397493,-1.805955,9.68907,0.538678,6.543281
2127,70.9,1,580.086994,370.428182,486.814194,350.27814,533.450594,360.353161,2.863989,3.543323,-1.755477,10.763163,0.554256,7.153243
2128,70.933333,1,579.369659,370.499604,485.846167,350.434572,532.607913,360.467088,2.849228,3.636025,-1.734086,7.442067,0.557571,5.539046
2129,70.966667,1,578.042183,370.538324,483.924856,350.674737,530.98352,360.606531,2.845482,3.252103,-1.738437,6.966054,0.553522,5.109079
2130,71.0,1,576.507454,370.274706,482.427711,350.786537,529.467583,360.530621,2.832168,3.532619,-1.738702,6.799695,0.546733,5.166157
2131,71.033333,1,575.966377,369.858041,483.206835,351.358636,529.586606,360.608338,2.8547,2.926493,-1.704094,6.683641,0.575303,4.805067
2132,71.066667,1,574.50367,369.644634,481.147766,351.161579,527.825718,360.403107,2.871552,3.329461,-1.721658,5.897884,0.574947,4.613672
2133,71.1,1,573.245878,369.496039,478.413506,350.833422,525.829692,360.164731,2.847165,4.310676,-1.750249,6.892253,0.548458,5.601465
2134,71.133333,1,570.691557,372.518395,479.539919,352.627879,525.115738,362.573137,2.773207,5.04218,-1.65635,39.95036,0.558429,22.49627
2135,71.166667,1,569.396353,373.179946,479.404049,354.449126,524.400201,363.814536,2.756074,6.297559,-1.593461,18.481435,0.581306,12.389497
2136,71.2,1,569.523582,373.444787,477.559824,354.923313,523.541703,364.18405,2.75305,6.192603,-1.621145,34.495432,0.565953,20.344018
2137,71.233333,1,569.087238,373.541121,477.364531,355.419817,523.225884,364.480469,2.754522,8.401569,-1.620172,102.864223,0.567175,55.632896
2138,71.266667,1,568.784828,373.921909,478.034277,356.1305,523.409553,365.026205,2.728688,7.633296,-1.601135,42.505044,0.563776,25.06917
2139,71.3,1,568.074856,374.097304,477.227793,357.056549,522.651324,365.576927,2.725863,6.316384,-1.608777,47.461329,0.558543,26.888856
2140,71.333333,1,568.581886,374.630442,477.053366,357.595448,522.817626,366.112945,2.732135,6.159133,-1.612635,93.280859,0.55975,49.719996
2141,71.366667,1,567.676163,374.949517,476.340895,357.947418,522.008529,366.448468,2.7035,5.783567,-1.608557,65.804517,0.547472,35.794042
2142,71.4,1,567.917957,375.178975,476.036825,358.37383,521.977391,366.776403,2.686491,3.992144,-1.616124,99.024775,0.535183,51.508459
2143,71.433333,1,568.090096,375.567552,475.817051,358.935356,521.953573,367.251454,2.694933,4.160333,-1.608535,47.809711,0.543199,25.985022
2144,71.466667,1,567.277193,375.78465,475.564718,359.212326,521.420956,367.498488,2.679377,4.342884,-1.597588,53.053358,0.540895,28.698121
2145,71.5,1,566.919451,376.207892,475.415115,359.39999,521.167283,367.803941,2.671528,4.020988,-1.59154,32.724384,0.539994,18.372686
2146,71.533333,1,566.74469,376.154591,475.080128,359.594734,520.912409,367.874663,2.66738,4.271292,-1.595407,46.205382,0.535987,25.238337
2147,71.566667,1,566.805401,376.362591,475.2771,359.936737,521.04125,368.149664,2.679889,4.397154,-1.595139,24.661807,0.542375,14.529481
2148,71.6,1,566.058464,376.464622,474.929838,360.309479,520.494151,368.38705,2.663851,5.076879,-1.597357,42.052718,0.533247,23.564798
2149,71.633333,1,565.620451,376.737092,474.938993,360.38752,520.279722,368.562306,2.658882,5.588589,-1.596662,39.044946,0.53111,22.316767
2150,71.666667,1,566.345062,376.868016,474.842215,360.531882,520.593638,368.699949,2.684473,4.74006,-1.601949,47.367164,0.541262,26.053612
2151,71.7,1,565.416651,376.813631,474.841089,360.52088,520.12887,368.667255,2.652162,3.941901,-1.600286,32.849848,0.525938,18.395874
2152,71.733333,1,565.760736,377.202154,474.921598,360.726138,520.341167,368.964146,2.655177,3.957677,-1.597234,39.626524,0.528971,21.7921
2153,71.766667,1,565.119934,377.455977,474.548483,361.085447,519.834208,369.270712,2.648267,3.134733,-1.595232,13.219533,0.526517,8.177133
2154,71.8,1,563.670835,378.341181,473.384886,361.837104,518.527861,370.089143,2.643735,2.857762,-1.582926,6.215799,0.530405,4.53678
2155,71.833333,1,563.174772,378.959259,471.939716,362.527617,517.557244,370.743438,2.666676,4.978752,-1.580705,5.466194,0.542985,5.222473
2156,71.866667,1,562.130432,380.324053,470.679741,363.248793,516.405087,371.786423,2.657058,3.206996,-1.583271,6.993456,0.536893,5.100226
2157,71.9,1,560.11673,383.803672,468.868256,366.169344,514.492493,374.986508,2.629316,6.639146,-1.524538,8.473639,0.552389,7.556393
2158,71.933333,1,558.254995,387.257466,466.399632,370.307225,512.327313,378.782346,2.633338,15.83086,-1.496255,38.95564,0.568542,27.39325
2159,71.966667,1,556.047668,389.847547,464.195442,373.850101,510.121555,381.848824,2.605307,129.776913,-1.581015,86.477957,0.512146,108.127435
2160,72.0,1,554.042645,392.680196,462.830229,376.922958,508.436437,384.801577,2.59148,85.538577,-1.546964,75.908749,0.522258,80.723663
2161,72.033333,1,554.371119,392.58708,462.117653,377.643024,508.244386,385.115052,2.609151,42.356195,-1.601655,63.681929,0.503748,53.019062
2162,72.066667,1,555.173388,388.133165,462.009382,373.869027,508.591385,381.001096,2.635296,46.773683,-1.663524,53.891401,0.485886,50.332542
2163,72.1,1,553.052187,378.79234,460.850849,366.295885,506.951518,372.544112,2.672864,18.458524,-1.654605,20.696368,0.509129,19.577446
2164,72.133333,1,554.422216,369.758767,459.378319,356.540052,506.900268,363.14941,2.79301,3.7095,-1.750315,6.564028,0.521347,5.136764
2165,72.166667,1,557.668333,365.436666,458.314667,352.03319,507.9915,358.734928,2.9152,3.096604,-1.887569,4.712752,0.513815,3.904678
2166,72.2,1,557.307081,365.834293,457.430897,352.697504,507.368989,359.265898,2.96718,2.39242,-1.861871,4.460488,0.552655,3.426454
2167,72.233333,1,551.844721,374.877141,462.601614,360.776993,507.223167,367.827067,2.763326,5.867306,-1.520788,7.055728,0.621269,6.461517
2168,72.266667,1,552.182617,378.768425,459.929695,365.244808,506.056156,372.006616,2.664352,4.772647,-1.510959,128.245159,0.576696,66.508903
2169,72.3,1,552.902184,373.215394,461.060534,361.329861,506.981359,367.272627,2.763335,8.58655,-1.621317,44.013395,0.571009,26.299973
2170,72.333333,1,556.453638,369.30733,457.90596,356.100959,507.179799,362.704144,2.92186,4.179509,-1.828019,6.548614,0.54692,5.364061
2171,72.366667,1,557.337618,366.521142,458.284779,353.823168,507.811198,360.172155,2.880542,2.263377,-1.860519,3.210791,0.510012,2.737084
2172,72.4,1,558.246813,366.09333,459.115477,353.265349,508.681145,359.679339,2.883431,2.280709,-1.767829,1.970832,0.557801,2.12577
2173,72.433333,1,559.411297,366.214968,459.34557,353.57281,509.378433,359.893889,2.873073,2.092442,-1.782857,2.129479,0.545108,2.110961
2174,72.466667,1,560.048218,366.571659,460.936661,353.622211,510.492439,360.096935,2.877915,2.418191,-1.745118,2.082389,0.566398,2.25029
2175,72.5,1,560.912828,366.701864,461.599655,353.420327,511.256242,360.061095,2.881898,2.388557,-1.822884,2.333271,0.529507,2.360914
2176,72.533333,1,561.531277,366.862834,462.426281,353.688059,511.978779,360.275447,2.889607,2.364247,-1.789926,2.316635,0.549841,2.340441
2177,72.566667,1,562.963753,367.227057,462.759209,353.197135,512.861481,360.212096,2.899192,2.433333,-1.790877,2.170679,0.554158,2.302006
2178,72.6,1,563.73662,367.107972,463.327637,352.879964,513.532128,359.993968,2.893065,2.630797,-1.811524,2.085981,0.540771,2.358389
2179,72.633333,1,565.177441,367.630461,463.97357,352.627949,514.575505,360.129205,2.900422,2.6514,-1.812534,1.906405,0.543944,2.278902
2180,72.666667,1,566.600447,367.892169,465.436602,352.153637,516.018524,360.022903,2.895081,2.934603,-1.816867,1.942848,0.539107,2.438726
2181,72.7,1,568.181381,368.242246,466.243372,352.125297,517.212377,360.183772,2.859102,2.772957,-1.809547,1.945096,0.524777,2.359026
2182,72.733333,1,569.253874,368.819447,468.0268,352.390981,518.640337,360.605214,2.805957,2.435785,-1.807117,2.069755,0.49942,2.25277
2183,72.766667,1,571.041393,369.203453,470.278988,352.505903,520.660191,360.854678,2.796107,2.260294,-1.812969,2.123801,0.491569,2.192047
2184,72.8,1,572.084332,370.138975,470.912342,352.375542,521.498337,361.257259,2.795357,2.395588,-1.813623,1.914447,0.490867,2.155018
2185,72.833333,1,572.141981,370.675932,472.510118,352.985321,522.32605,361.830626,2.820161,2.572688,-1.842382,2.464788,0.488889,2.518738
2186,72.866667,1,567.95435,378.351803,476.106319,359.878839,522.030334,369.115321,2.671308,4.729653,-1.599434,30.599718,0.535937,17.664685
2187,72.9,1,568.649321,378.385491,476.250153,360.960896,522.449737,369.673194,2.681185,6.916226,-1.639034,83.967855,0.521075,45.442041
2188,72.933333,1,568.524704,378.514709,477.122669,361.381493,522.823687,369.948101,2.705576,6.771676,-1.600401,51.931254,0.552587,29.351465
2189,72.966667,1,570.207262,375.594878,473.90337,357.80804,522.055316,366.701459,2.796035,3.661518,-1.811048,39.022387,0.492494,21.341952
2190,73.0,1,572.081232,372.83496,472.913542,355.615618,522.497387,364.225289,2.8547,2.768528,-1.941437,5.502711,0.456631,4.135619
2191,73.033333,1,572.498293,370.835856,472.001801,353.752073,522.250047,362.293965,2.875696,2.885498,-1.907758,2.830789,0.483969,2.858143
2192,73.066667,1,572.167397,370.250609,471.652765,353.454123,521.910081,361.852366,2.875049,2.711268,-1.879523,2.397583,0.497763,2.554426
2193,73.1,1,572.094259,369.93943,471.377745,353.210583,521.736002,361.575007,2.869029,2.581143,-1.866926,2.030149,0.501051,2.305646
2194,73.133333,1,572.556267,370.015422,471.089783,353.008731,521.823025,361.512077,2.871878,2.479976,-1.866713,2.384396,0.502582,2.432186
2195,73.166667,1,573.103609,370.02158,471.414042,352.99289,522.258825,361.507235,2.864576,2.435648,-1.852814,2.254805,0.505881,2.345227
2196,73.2,1,573.194551,370.097466,471.965017,353.099143,522.579784,361.598304,2.833617,2.185453,-1.837417,2.291822,0.4981,2.238637
2197,73.233333,1,573.610373,370.144876,472.363672,352.836866,522.987022,361.490871,2.827714,2.252856,-1.829941,2.040357,0.498886,2.146607
2198,73.266667,1,574.031525,370.329691,472.725592,353.027281,523.378558,361.678486,2.820173,2.247068,-1.802846,1.981674,0.508664,2.114371
2199,73.3,1,574.542694,370.674967,473.27322,352.993614,523.907957,361.83429,2.832476,2.336209,-1.78414,1.943354,0.524168,2.139782
2200,73.333333,1,574.792147,370.651084,473.32715,353.080072,524.059649,361.865578,2.852924,2.241914,-1.793627,1.873557,0.529648,2.057735
2201,73.366667,1,575.015669,370.70976,473.292704,353.128014,524.154186,361.918887,2.858222,2.230435,-1.799462,1.850437,0.52938,2.040436
2202,73.4,1,574.860191,370.563279,473.192129,353.173639,524.02616,361.868459,2.833964,2.176065,-1.792177,1.843885,0.520893,2.009975
2203,73.433333,1,574.917593,370.527434,473.013153,352.933468,523.965373,361.730451,2.847921,2.269852,-1.78838,1.877258,0.529771,2.073555
2204,73.466667,1,574.744349,370.496771,473.043919,353.129629,523.894134,361.8132,2.839134,2.202003,-1.782932,1.848559,0.528101,2.025281
2205,73.5,1,574.78857,370.555286,472.924452,353.020785,523.856511,361.788036,2.849533,2.206673,-1.767387,1.768326,0.541073,1.9875
2206,73.533333,1,574.61257,370.499829,472.580824,353.116245,523.596697,361.808037,2.845499,2.227688,-1.764378,1.776072,0.54056,2.00188
2207,73.566667,1,574.412966,370.526758,472.562628,353.064462,523.487797,361.79561,2.850706,2.269209,-1.762503,1.724782,0.544102,1.996995
2208,73.6,1,574.251614,370.537702,472.448187,353.153511,523.3499,361.845607,2.835475,2.225814,-1.755916,1.722741,0.539779,1.974277
2209,73.633333,1,574.196358,370.558559,472.463112,353.165292,523.329735,361.861925,2.832928,2.294156,-1.75124,1.810775,0.540844,2.052466
2210,73.666667,1,574.251413,370.564824,472.528763,353.154514,523.390088,361.859669,2.832852,2.187258,-1.76632,1.898995,0.533266,2.043127
2211,73.7,1,574.462233,370.51515,472.729111,353.200096,523.595672,361.857623,2.840209,2.171734,-1.766609,1.859217,0.5368,2.015475
2212,73.733333,1,574.651146,370.608029,472.976856,353.33345,523.814001,361.97074,2.842765,2.177432,-1.777514,1.901019,0.532626,2.039226
2213,73.766667,1,574.833584,370.719727,473.020134,353.231215,523.926859,361.975471,2.852166,2.241763,-1.774879,1.748947,0.538644,1.995355
2214,73.8,1,575.004177,370.892708,473.167725,353.341684,524.085951,362.117196,2.836897,2.246152,-1.768455,1.757772,0.534221,2.001962
2215,73.833333,1,574.859667,370.995491,473.531685,353.216801,524.195676,362.106146,2.833102,2.174299,-1.773306,1.715906,0.529898,1.945103
2216,73.866667,1,574.929085,370.998366,473.612909,353.166574,524.270997,362.08247,2.83208,2.21701,-1.774045,1.706425,0.529017,1.961718
2217,73.9,1,575.129089,370.985717,473.578367,353.211941,524.353728,362.098829,2.843961,2.209256,-1.771738,1.730136,0.536112,1.969696
2218,73.933333,1,575.412912,370.785141,473.518715,353.263932,524.465814,362.024537,2.856575,2.273196,-1.767282,1.837758,0.544647,2.055477
2219,73.966667,1,574.962664,370.696446,473.396845,353.256481,524.179754,361.976463,2.838725,2.227034,-1.77317,1.826382,0.532777,2.026708
2220,74.0,1,574.778328,370.568032,472.954226,353.186985,523.866277,361.877509,2.854117,2.296729,-1.777753,1.709218,0.538182,2.002973
2221,74.033333,1,574.466867,370.40975,472.572947,353.183091,523.519907,361.79642,2.863855,2.178735,-1.78285,1.738471,0.540502,1.958603
2222,74.066667,1,573.578892,370.076534,471.359301,352.796064,522.469096,361.436299,2.867907,2.37682,-1.796544,1.619799,0.535682,1.99831
2223,74.1,1,572.477598,369.930278,470.611267,352.911587,521.544433,361.420932,2.847659,2.323547,-1.801955,1.601066,0.522852,1.962306
2224,74.133333,1,572.086926,369.86009,470.027161,352.907156,521.057043,361.383623,2.851101,2.290128,-1.790328,1.559831,0.530387,1.92498
2225,74.166667,1,571.699629,369.908563,469.649811,352.682054,520.67472,361.295308,2.849548,2.190993,-1.789568,1.54373,0.52999,1.867362
2226,74.2,1,571.177816,369.791361,469.143848,352.841334,520.160832,361.316348,2.869041,2.411998,-1.800643,1.601341,0.534199,2.00667
2227,74.233333,1,570.942402,369.734734,468.95278,352.575195,519.947591,361.154965,2.847305,2.311215,-1.792609,1.554517,0.527348,1.932866
2228,74.266667,1,570.88686,369.819192,468.892784,352.427711,519.889822,361.123451,2.857889,2.376609,-1.797158,1.489255,0.530365,1.932932
2229,74.3,1,570.821714,369.807057,468.896227,352.735913,519.858971,361.271485,2.849532,2.402172,-1.795553,1.564834,0.52699,1.983503
2230,74.333333,1,571.061935,369.868737,468.774929,352.364652,519.918432,361.116695,2.833379,2.277386,-1.80318,1.600333,0.5151,1.938859
2231,74.366667,1,570.88109,369.933615,468.779354,352.380713,519.830222,361.157164,2.834891,2.260651,-1.785128,1.607498,0.524882,1.934075
2232,74.4,1,571.020288,369.832066,468.722639,352.366578,519.871464,361.099322,2.834946,2.244816,-1.804432,1.629948,0.515257,1.937382
2233,74.433333,1,571.059713,369.872986,468.462038,351.97504,519.760876,360.924013,2.844937,2.403275,-1.804515,1.584351,0.520211,1.993813
2234,74.466667,1,571.045847,369.536873,468.939466,352.468352,519.992657,361.002612,2.823705,2.125233,-1.824566,1.753351,0.499569,1.939292
2235,74.5,1,570.953779,369.318906,469.059486,351.947848,520.006633,360.633377,2.853628,2.105443,-1.825541,1.739552,0.514044,1.922497
2236,74.533333,1,570.230932,369.004594,468.858986,352.426863,519.544959,360.715729,2.851185,2.068083,-1.83871,1.982995,0.506238,2.025539
2237,74.566667,1,569.468937,368.771306,468.251247,352.265738,518.860092,360.518522,2.851664,2.036095,-1.852147,2.003602,0.499758,2.019848
2238,74.6,1,569.072962,368.533314,467.50452,352.584432,518.288741,360.558873,2.853209,1.990112,-1.846125,1.964338,0.503542,1.977225
2239,74.633333,1,567.826138,368.219587,467.191849,351.845328,517.508993,360.032457,2.867788,2.276956,-1.794832,1.778938,0.536478,2.027947
2240,74.666667,1,567.053995,367.897249,466.3515,352.24112,516.702747,360.069185,2.848266,2.107851,-1.799251,1.799539,0.524508,1.953695
2241,74.7,1,566.594706,367.837157,466.123915,352.200603,516.35931,360.01888,2.854768,2.163499,-1.778794,1.736068,0.537987,1.949783
2242,74.733333,1,566.264544,367.730518,465.673332,352.336178,515.968938,360.033348,2.889025,2.278256,-1.791547,1.751361,0.548739,2.014809
2243,74.766667,1,566.066275,367.656832,465.22584,352.364084,515.646057,360.010458,2.889853,2.303035,-1.810825,1.785198,0.539514,2.044116
2244,74.8,1,565.64064,367.498158,464.677114,351.761456,515.158877,359.629807,2.882593,2.482209,-1.809618,1.730742,0.536488,2.106475
2245,74.833333,1,564.629269,367.284467,463.89245,352.301127,514.260859,359.792797,2.857566,2.246238,-1.795034,1.730844,0.531266,1.988541
2246,74.866667,1,564.982147,367.427723,463.821402,351.955787,514.401774,359.691755,2.854723,2.353426,-1.801036,1.621491,0.526843,1.987459
2247,74.9,1,565.236635,367.622285,463.868294,351.819107,514.552464,359.720696,2.846939,2.409344,-1.801426,1.674285,0.522757,2.041814
2248,74.933333,1,565.65423,367.617162,464.06127,351.867639,514.85775,359.742401,2.838228,2.478769,-1.795287,1.629299,0.52147,2.054034
2249,74.966667,1,566.056252,367.808404,464.04253,351.630542,515.049391,359.719473,2.847346,2.564981,-1.796312,1.518986,0.525517,2.041983
2250,75.0,1,566.239853,367.979228,464.533548,351.632624,515.386701,359.805926,2.841799,2.491412,-1.792803,1.548474,0.524498,2.019943
2251,75.033333,1,566.857767,367.863969,464.436331,352.472477,515.647049,360.168223,2.851156,2.291715,-1.81294,1.571724,0.519108,1.931719
2252,75.066667,1,567.023954,368.018909,464.341078,351.870836,515.682516,359.944873,2.855773,2.532038,-1.812728,1.583074,0.521523,2.057556
2253,75.1,1,566.938124,367.895458,464.517994,352.275699,515.728059,360.085579,2.830032,2.391923,-1.816318,1.566824,0.506857,1.979374
2254,75.133333,1,566.955013,367.781485,464.524527,352.191017,515.73977,359.986251,2.828473,2.471975,-1.820572,1.668406,0.503951,2.070191
2255,75.166667,1,566.910801,367.796956,464.552822,352.29978,515.731812,360.048368,2.813098,2.412583,-1.821344,1.678767,0.495877,2.045675
2256,75.2,1,566.922321,367.749739,464.572153,352.190636,515.747237,359.970187,2.825085,2.437856,-1.824233,1.648767,0.500426,2.043311
2257,75.233333,1,566.883383,367.747201,464.640684,352.160938,515.762033,359.95407,2.82155,2.434398,-1.822235,1.642123,0.499657,2.03826
2258,75.266667,1,566.905966,367.724681,464.56562,352.18304,515.735793,359.953861,2.827905,2.422122,-1.827236,1.693599,0.500335,2.05786
2259,75.3,1,566.904688,367.66791,464.618769,352.270185,515.761728,359.969047,2.820433,2.420971,-1.825379,1.684105,0.497527,2.052538
2260,75.333333,1,566.542749,367.951623,464.76263,352.300622,515.65269,360.126123,2.830405,2.447035,-1.848847,1.702909,0.490779,2.074972
2261,75.366667,1,564.821234,370.710919,465.743179,353.602712,515.282207,362.156815,2.883097,2.863874,-1.907555,2.612169,0.487771,2.738021
2262,75.4,1,561.706161,376.430472,467.580519,359.538531,514.64334,367.984502,2.76255,5.801274,-1.72205,59.665596,0.52025,32.733435
2263,75.433333,1,562.522888,375.560085,467.034769,359.921556,514.778829,367.74082,2.790271,4.969679,-1.741803,158.072289,0.524234,81.520984
2264,75.466667,1,565.468254,373.007555,467.165976,356.325958,516.317115,364.666757,2.899057,3.508579,-1.855776,11.602051,0.52164,7.555315
2265,75.5,1,566.262274,371.352353,467.807703,353.881967,517.034988,362.61716,2.854913,2.901856,-1.910994,3.596501,0.471959,3.249179
2266,75.533333,1,567.446499,369.757426,467.138062,353.473697,517.29228,361.615562,2.883037,2.742186,-1.877081,2.614897,0.502978,2.678541
2267,75.566667,1,568.075981,368.966539,467.2223,353.131619,517.64914,361.049079,2.903561,2.872621,-1.873835,2.334535,0.514863,2.603578
2268,75.6,1,568.391399,368.897413,467.375975,352.911447,517.883687,360.90443,2.886192,2.620883,-1.83965,2.072568,0.523271,2.346725
2269,75.633333,1,568.329763,368.774064,467.462788,352.915149,517.896276,360.844606,2.879056,2.524401,-1.826042,1.963378,0.526507,2.24389
2270,75.666667,1,568.637066,368.885407,467.458563,352.747221,518.047814,360.816314,2.886387,2.619035,-1.808859,1.723192,0.538764,2.171114
2271,75.7,1,568.598967,368.692557,467.438974,352.77091,518.01897,360.731733,2.890862,2.609311,-1.817505,1.841893,0.536679,2.225602
2272,75.733333,1,568.859806,368.832278,467.531643,352.286053,518.195724,360.559165,2.884558,2.778229,-1.809388,1.57293,0.537585,2.175579
2273,75.766667,1,568.429747,368.328366,467.655315,352.379742,518.042531,360.354054,2.881476,2.591699,-1.838288,1.942266,0.521594,2.266983
2274,75.8,1,569.276934,368.151813,467.7637,352.005402,518.520317,360.078607,2.906123,2.896928,-1.809303,1.844102,0.54841,2.370515
2275,75.833333,1,569.243135,367.993256,467.747803,351.805181,518.495469,359.899219,2.907943,2.708298,-1.826738,1.825233,0.540603,2.266765
2276,75.866667,1,569.74823,367.75594,467.734766,350.967259,518.741498,359.361599,2.888281,2.858621,-1.817389,1.878502,0.535446,2.368562
2277,75.9,1,570.000248,367.235017,467.994976,350.30566,518.997612,358.770339,2.870909,2.763305,-1.86974,1.612061,0.500584,2.187683
2278,75.933333,1,570.794268,366.690293,469.319782,350.538186,520.057025,358.614239,2.862548,2.594889,-1.859615,2.183518,0.501467,2.389203
2279,75.966667,1,571.582642,366.534044,469.876375,349.762491,520.729508,358.148267,2.872944,2.671976,-1.870169,2.133141,0.501387,2.402558
2280,76.0,1,572.336626,366.577528,470.426741,349.837587,521.381683,358.207557,2.900182,2.60863,-1.957178,2.460167,0.471502,2.534399
2281,76.033333,1,572.037592,367.031529,471.849089,350.749233,521.94334,358.890381,2.87381,3.283387,-2.047461,3.53973,0.413174,3.411558
2282,76.066667,1,569.455585,372.61061,480.762691,356.10827,525.109138,364.35944,2.777258,6.637343,-1.611723,47.894456,0.582767,27.265899
2283,76.1,1,567.661886,373.63752,478.808308,356.841833,523.235097,365.239677,2.711316,12.987038,-1.618014,95.258898,0.546651,54.122968
2284,76.133333,1,568.955278,370.821018,479.867134,355.990484,524.411206,363.405751,2.805221,5.162827,-1.686062,9.396265,0.55958,7.279546
2285,76.166667,1,570.64785,368.395593,477.087049,354.136337,523.86745,361.265965,2.956347,3.190156,-1.871008,5.809328,0.54267,4.499742
2286,76.2,1,570.670223,367.990161,474.533739,352.244076,522.601981,360.117119,2.937853,3.071423,-1.955374,5.199401,0.49124,4.135412
2287,76.233333,1,569.265099,367.433614,473.395262,351.230024,521.33018,359.331819,2.942638,3.569922,-1.947155,3.89816,0.497741,3.734041
2288,76.266667,1,568.427305,366.830363,472.837858,351.548215,520.632582,359.189289,2.967712,3.507101,-1.966599,4.437841,0.500557,3.972471
2289,76.3,1,567.608414,366.812135,471.901073,351.812568,519.754744,359.312351,2.961691,3.087975,-1.993821,4.908792,0.483935,3.998384
2290,76.333333,1,567.850466,367.232335,472.035036,351.979696,519.942751,359.606016,2.933512,3.522451,-1.977849,4.227077,0.477832,3.874764
2291,76.366667,1,568.240147,367.548498,472.688227,352.891631,520.464187,360.220065,2.95041,3.669373,-1.930123,4.152678,0.510143,3.911026
2292,76.4,1,569.639606,367.75255,478.04409,354.402691,523.841848,361.07762,3.009536,3.311295,-1.830872,4.814689,0.589332,4.062992
2293,76.433333,1,570.273933,367.924576,480.177565,355.719795,525.225749,361.822186,3.007078,3.66633,-1.77613,5.220885,0.615474,4.443608
2294,76.466667,1,572.65439,368.322283,481.478443,355.774298,527.066417,362.04829,3.011553,4.887619,-1.76413,4.525339,0.623711,4.706479
2295,76.5,1,572.794027,370.304006,477.078466,355.687571,524.936247,362.995789,2.931916,6.248431,-1.806047,4.563367,0.562934,5.405899
2296,76.533333,1,571.617775,373.48663,482.894812,357.504677,527.256293,365.495653,2.86376,22.40145,-1.525495,-83.012359,0.669132,-30.305454
2297,76.566667,1,571.713533,373.025311,483.729839,356.950371,527.721686,364.987841,2.678147,32.160044,-1.580479,30.73581,0.548834,31.447927
2298,76.6,1,573.658409,369.167522,485.832672,356.219217,529.745541,362.69337,2.68881,12.660801,-1.747149,34.512577,0.470831,23.586689
2299,76.633333,1,576.379128,367.640444,488.623075,355.038423,532.501101,361.339433,2.740563,5.620513,-1.921273,7.832192,0.409645,6.726352
2300,76.666667,1,578.184814,365.188277,491.094799,354.24104,534.639807,359.714659,2.772967,5.659425,-1.890285,3.006881,0.441341,4.333153
2301,76.7,1,580.685959,363.421925,492.73221,352.223278,536.709085,357.822601,2.795406,7.353159,-2.013728,8.454245,0.390839,7.903702
2302,76.733333,1,586.479759,362.011405,495.986052,350.817935,541.232905,356.41467,2.908254,7.131565,-1.989094,9.04377,0.45958,8.087668
2303,76.766667,1,588.140974,360.482744,496.6784,348.65638,542.409687,354.569562,2.890831,5.496856,-2.036239,8.614729,0.427296,7.055793
2304,76.8,1,589.094248,358.653322,499.586763,347.0121,544.340506,352.832711,2.847839,7.714608,-2.029216,5.818521,0.409312,6.766564
2305,76.833333,1,592.316904,357.146392,502.897186,345.043547,547.607045,351.09497,2.733476,5.855617,-2.058251,4.275939,0.337612,5.065778
2306,76.866667,1,595.799236,355.036921,505.671844,343.388801,550.73554,349.212861,2.727113,7.325487,-2.221863,2.728918,0.252625,5.027203
2307,76.9,1,596.804628,353.624786,510.584116,342.139589,553.694372,347.882187,2.720889,6.411049,-2.105984,2.074487,0.307452,4.242768
2308,76.933333,1,600.36747,352.996742,511.702156,341.176794,556.034813,347.086768,2.79036,7.289466,-2.117553,1.472406,0.336404,4.380936
2309,76.966667,1,601.009655,352.635711,511.865168,340.368832,556.437411,346.502271,2.794317,5.40944,-2.163426,0.040115,0.315445,2.724778
2310,77.0,1,602.28488,351.66658,512.646885,339.431008,557.465882,345.548794,2.785829,5.986527,-2.24007,0.746726,0.272879,3.366626
2311,77.033333,1,601.233416,350.903739,511.642389,338.84751,556.437902,344.875624,2.747104,5.469011,-2.220684,-0.388267,0.26321,2.540372
2312,77.066667,1,600.57332,350.088653,511.809864,338.46155,556.191592,344.275102,2.742572,5.254993,-2.190126,-0.862988,0.276223,2.196003
2313,77.1,1,601.000566,350.183437,512.026615,338.803446,556.513591,344.493442,2.750708,5.520289,-2.184055,-0.54998,0.283326,2.485155
2314,77.133333,1,600.716276,350.405459,511.534815,338.694468,556.125546,344.549964,2.756747,5.564142,-2.11948,-1.536758,0.318634,2.013692
2315,77.166667,1,597.153721,354.780491,510.585308,339.027679,553.869514,346.904085,2.591366,10.035823,-1.900242,-4.075001,0.345562,2.980411
2316,77.2,1,597.179585,353.912544,510.244923,339.496132,553.712254,346.704338,2.655639,9.416847,-1.78087,-8.639102,0.437385,0.388872
2317,77.233333,1,596.545372,350.992756,510.875349,338.092709,553.710361,344.542733,2.644787,6.074305,-1.865888,-5.063038,0.389449,0.505634
2318,77.266667,1,596.858044,348.63385,512.419891,337.753844,554.638968,343.193847,2.660366,5.328369,-1.920952,-1.530866,0.369707,1.898751
2319,77.3,1,597.922535,347.446672,512.894611,336.751599,555.408573,342.099136,2.719893,5.280066,-2.021433,-1.244781,0.34923,2.017643
2320,77.333333,1,599.445095,346.241888,514.061823,336.573066,556.753459,341.407477,2.740395,4.661031,-2.003791,-2.134037,0.368302,1.263497
2321,77.366667,1,602.313852,345.867124,511.143103,335.607562,556.728477,340.737343,2.819215,4.127735,-2.204584,-2.13906,0.307316,0.994337
2322,77.4,1,604.031944,345.173194,513.691149,334.53433,558.861547,339.853762,2.841417,4.426758,-2.148742,0.664334,0.346337,2.545546
2323,77.433333,1,603.877726,344.665237,514.423532,335.333279,559.150629,339.999258,2.810414,3.956696,-2.07784,0.422219,0.366287,2.189457
2324,77.466667,1,604.485092,344.429396,514.430342,335.15532,559.457717,339.792358,2.823936,4.230312,-2.111505,1.264788,0.356215,2.74755
2325,77.5,1,604.143105,344.295022,514.155951,334.900891,559.149528,339.597957,2.825702,4.635176,-2.108995,1.602422,0.358354,3.118799
2326,77.533333,1,604.504442,343.865864,515.785494,335.366297,560.144968,339.616081,2.816865,4.858722,-2.055114,0.60533,0.380875,2.732026
2327,77.566667,1,603.946648,343.841949,515.615301,334.877535,559.780974,339.359742,2.815155,5.23067,-2.067488,1.32285,0.373834,3.27676
2328,77.6,1,603.076563,343.080604,516.435223,335.280005,559.755893,339.180305,2.783621,4.703215,-2.031348,0.626335,0.376136,2.664775
2329,77.633333,1,600.724792,343.674177,513.787613,336.09883,557.256203,339.886504,2.732544,4.207391,-2.082437,-3.640662,0.325054,0.283365
2330,77.666667,1,600.73679,343.739526,516.160736,336.290871,558.448763,340.015199,2.706017,4.230965,-2.002718,-5.882922,0.35165,-0.825979
2331,77.7,1,600.361395,343.726416,514.751883,336.47391,557.556639,340.100163,2.704766,4.025556,-2.022677,-6.741585,0.341045,-1.358015
2332,77.733333,1,600.537586,343.988092,515.211601,336.187209,557.874594,340.08765,2.72116,4.285902,-2.022808,-5.757907,0.349176,-0.736003
2333,77.766667,1,601.060667,343.610013,515.123377,336.138301,558.092022,339.874157,2.714749,4.352098,-1.998003,-3.977635,0.358373,0.187232
2334,77.8,1,600.140715,343.62969,515.56056,335.916708,557.850637,339.773199,2.706783,4.678395,-2.008686,-5.00003,0.349048,-0.160817
2335,77.833333,1,601.144629,343.442563,515.37509,336.086025,558.259859,339.764294,2.73646,4.79942,-1.991741,-3.304958,0.372359,0.747231
2336,77.866667,1,599.8627,343.343573,512.324171,336.062277,556.093435,339.702925,2.70642,4.794882,-2.083292,-3.79246,0.311564,0.501211
2337,77.9,1,600.532312,342.94916,513.64522,335.781546,557.088766,339.365353,2.725052,5.24976,-2.050209,-0.815877,0.337422,2.216941
2338,77.933333,1,599.208117,342.618803,512.499723,335.828372,555.85392,339.223588,2.730854,4.317112,-2.072023,-2.63213,0.329416,0.842491
2339,77.966667,1,599.140444,342.408791,512.878981,335.945665,556.009712,339.177228,2.720444,4.781701,-2.084223,0.289565,0.31811,2.535633
2340,78.0,1,597.797012,342.507952,511.473103,336.223043,554.635057,339.365498,2.718173,4.45559,-2.077878,-0.363641,0.320148,2.045975
2341,78.033333,1,595.850878,342.55929,511.548872,335.809248,553.699875,339.184269,2.68876,4.421184,-2.008962,-1.714566,0.339899,1.353309
2342,78.066667,1,596.084461,342.614661,510.966845,336.786436,553.525653,339.700549,2.735518,4.610232,-1.949511,-0.752939,0.393004,1.928647
2343,78.1,1,596.125422,342.505807,512.123346,337.500692,554.124384,340.003249,2.740957,4.719979,-1.892875,0.678259,0.424041,2.699119
2344,78.133333,1,594.730759,343.125928,509.657211,337.992175,552.193985,340.559051,2.718933,4.337652,-1.940608,0.025244,0.389163,2.181448
2345,78.166667,1,594.063253,343.402764,508.723297,337.854518,551.393275,340.628641,2.681519,5.904263,-1.925921,-1.314978,0.377799,2.294642
2346,78.2,1,594.553623,343.205198,508.563347,338.287631,551.558485,340.746414,2.735749,5.230395,-1.891832,-2.441878,0.421958,1.394258
2347,78.233333,1,593.771772,344.390026,507.750025,338.369755,550.760899,341.37989,2.728253,5.813968,-1.913929,-0.968392,0.407162,2.422788
2348,78.266667,1,593.425293,345.276341,507.880602,339.090571,550.652947,342.183456,2.723584,6.308461,-1.921957,-1.011444,0.400813,2.648509
2349,78.3,1,594.153872,347.560768,506.040268,340.815269,550.09707,344.188018,2.689066,14.710204,-2.00631,-2.062748,0.341378,6.323728
2350,78.333333,1,592.555161,349.602234,506.9069,341.302144,549.73103,345.452189,2.647774,21.836203,-1.897323,-5.302761,0.375226,8.266721
2351,78.366667,1,593.313875,350.019811,507.405596,343.37561,550.359735,346.69771,2.666908,28.915608,-1.855113,-10.618309,0.405898,9.14865
2352,78.4,1,593.715115,350.09862,508.266649,343.942419,550.990882,347.02052,2.66213,31.562466,-1.87833,-1.836883,0.3919,14.862791
2353,78.433333,1,594.373693,350.408694,506.235895,343.539718,550.304794,346.974206,2.684902,24.048521,-1.922575,-8.362555,0.381164,7.842983
2354,78.466667,1,594.445105,349.644324,506.506701,343.509945,550.475903,346.577134,2.697207,17.594522,-1.919516,-11.697493,0.388846,2.948514
2355,78.5,1,595.556402,349.741822,505.446072,342.995315,550.501237,346.368569,2.704472,17.208271,-1.926802,-16.386681,0.388835,0.410795
2356,78.533333,1,595.908394,349.068947,508.758659,342.778308,552.333527,345.923628,2.739224,12.774208,-1.86083,-10.65691,0.439197,1.058649
2357,78.566667,1,596.665735,348.337787,509.382591,340.923325,553.024163,344.630556,2.745398,12.97362,-1.871829,-24.070009,0.436784,-5.548195
2358,78.6,1,597.501574,348.680236,507.806034,338.914055,552.653804,343.797145,2.738011,12.184147,-1.952829,-19.044111,0.392591,-3.429982
2359,78.633333,1,598.009701,348.51786,510.029116,339.32579,554.019408,343.921825,2.756481,7.664811,-1.902082,-23.445699,0.4272,-7.890444
2360,78.666667,1,598.883276,347.765104,511.192226,339.860575,555.037751,343.812839,2.773799,7.540409,-1.856443,-20.426312,0.458678,-6.442951
2361,78.7,1,598.982763,348.234168,507.375441,337.645429,553.179102,342.939799,2.719379,8.119227,-2.028602,-25.622606,0.345389,-8.75169
2362,78.733333,1,601.499109,343.738711,510.533543,333.606564,556.016326,338.672638,2.88511,6.592074,-1.994073,-2.095903,0.445519,2.248086
2363,78.766667,1,599.663897,347.994567,507.135019,329.421342,553.399458,338.707954,2.877904,4.747134,-2.080681,-20.561883,0.398612,-7.907375
2364,78.8,1,600.285501,344.784096,508.973083,319.232891,554.629292,332.008494,2.8917,5.746449,-2.083239,-9.644881,0.40423,-1.949216
2365,78.833333,1,599.289351,343.985673,505.414734,317.660333,552.352042,330.823003,2.73891,7.359598,-2.258751,-34.996838,0.240079,-13.81862
2366,78.866667,1,602.138033,340.131086,505.902386,317.815375,554.020209,328.973231,2.741701,6.855771,-2.2068,-11.410798,0.267451,-2.277514
2367,78.9,1,603.827085,341.187378,506.372414,316.860332,555.09975,329.023855,2.79914,6.812275,-2.201598,-8.229902,0.298771,-0.708813
2368,78.933333,1,603.472004,338.479355,507.028723,314.892395,555.250363,326.685875,2.705683,6.37301,-2.216738,-4.32553,0.244473,1.02374
2369,78.966667,1,604.757805,335.1944,507.617092,314.118889,556.187449,324.656644,2.69578,6.950689,-2.233614,-3.118825,0.231083,1.915932
2370,79.0,1,606.574974,332.824073,508.22216,313.900477,557.398567,323.362275,2.735052,6.02252,-2.206027,-0.145224,0.264512,2.938648
2371,79.033333,1,605.988512,338.278125,508.545427,314.847795,557.26697,326.56296,2.808668,5.620606,-2.220469,-0.723996,0.2941,2.448305
2372,79.066667,1,606.380444,333.820615,507.872057,312.866249,557.12625,323.343432,2.721407,6.012426,-2.236434,-0.690035,0.242486,2.661195
2373,79.1,1,605.124111,334.64717,509.292154,314.146773,557.208133,324.396972,2.751445,5.880597,-2.175918,-0.552827,0.287764,2.663885
2374,79.133333,1,605.934076,332.377598,508.295326,314.007931,557.114701,323.192765,2.750747,5.938306,-2.229819,-0.963995,0.260464,2.487155
2375,79.166667,1,605.823164,330.660952,507.510786,314.685768,556.666975,322.67336,2.738891,5.984272,-2.234579,0.395629,0.252156,3.189951
2376,79.2,1,605.388813,335.732666,509.045429,315.585038,557.217121,325.658852,2.835717,4.926625,-2.167886,-0.757849,0.333916,2.084388
2377,79.233333,1,602.681646,334.234577,508.194685,314.340021,555.438166,324.287299,2.670003,6.180557,-2.248043,-0.816339,0.21098,2.682109
2378,79.266667,1,606.943474,325.482572,509.305792,312.573985,558.124633,319.028278,2.763366,4.917137,-2.217907,0.273025,0.27273,2.595081
2379,79.3,1,607.080803,332.531433,507.885227,313.334166,557.483015,322.932799,2.835644,4.922552,-2.217829,-1.046434,0.308907,1.938059
2380,79.333333,1,601.620674,336.310821,507.833433,313.545143,554.727054,324.927982,2.640753,5.363992,-2.274324,-1.388535,0.183214,1.987729
2381,79.366667,1,603.680048,334.932498,510.090322,314.573572,556.885185,324.753035,2.730924,5.19274,-2.184974,-0.776691,0.272975,2.208025
2382,79.4,1,603.900976,330.952213,509.360704,312.967722,556.63084,321.959968,2.713396,5.257327,-2.251513,-0.627532,0.230941,2.314897
2383,79.433333,1,608.149376,322.694566,510.750313,311.484166,559.449844,317.089366,2.821997,4.66523,-2.166801,0.183608,0.327598,2.424419
2384,79.466667,1,605.378733,331.821833,509.666977,312.428057,557.522855,322.124945,2.815245,5.11041,-2.202891,-1.637763,0.306177,1.736324
2385,79.5,1,601.019897,333.515772,508.345509,312.086118,554.682703,322.800945,2.630213,6.408041,-2.245763,-1.107001,0.192225,2.65052
2386,79.533333,1,603.313856,327.716954,509.871292,311.890478,556.592574,319.803716,2.721566,5.367917,-2.213397,-0.806629,0.254084,2.280644
2387,79.566667,1,604.44582,324.966246,510.10603,311.326296,557.275925,318.146271,2.778845,5.206471,-2.207282,-0.707032,0.285782,2.24972
2388,79.6,1,605.300484,325.862448,509.273109,311.541495,557.286797,318.701971,2.86808,4.931561,-2.222027,-1.475298,0.323026,1.728132
2389,79.633333,1,606.610918,319.777873,510.970316,310.560601,558.790617,315.169237,2.848684,5.109444,-2.067753,-0.525564,0.390465,2.29194
2390,79.666667,1,610.040083,321.702883,508.702669,313.102927,559.371376,317.402905,2.964425,4.190425,-2.00897,1.118737,0.477728,2.654581
2391,79.7,1,607.965679,328.455521,509.480143,317.028796,558.722911,322.742159,2.945804,3.328517,-2.042136,-1.325207,0.451834,1.001655
2392,79.733333,1,603.851833,327.823432,511.047935,315.366878,557.449884,321.595155,2.877305,4.212928,-2.143424,-0.918544,0.366941,1.647192
2393,79.766667,1,606.942081,328.486823,508.896837,314.208276,557.919459,321.34755,2.872449,4.400403,-2.097046,-1.412345,0.387702,1.494029
2394,79.8,1,608.2512,320.573292,510.28924,311.884341,559.27022,316.228817,2.898443,5.079408,-2.157232,0.219635,0.370606,2.649521
2395,79.833333,1,610.000238,322.60506,507.261295,313.021485,558.630767,317.813272,2.93841,3.757637,-2.087759,0.421318,0.425326,2.089477
2396,79.866667,1,605.966358,328.572836,507.412004,313.95256,556.689181,321.262698,2.855691,4.532362,-2.217555,-0.614132,0.319068,1.959115
2397,79.9,1,606.817827,323.243989,507.069359,311.629364,556.943593,317.436677,2.789867,4.788129,-2.233974,-0.020778,0.277946,2.383676
2398,79.933333,1,609.355392,323.461613,505.272942,310.896059,557.314167,317.178836,2.853897,4.73517,-2.19848,-0.602757,0.327708,2.066206
2399,79.966667,1,609.498386,322.660233,505.688,311.10046,557.593193,316.880347,2.865689,4.598626,-2.178427,-0.452073,0.343631,2.073276
2400,80.0,1,607.687616,328.576446,505.269194,311.74088,556.478405,320.158663,2.857565,4.285998,-2.182884,-1.102358,0.33734,1.59182
2401,80.033333,1,606.47624,323.426299,507.313643,310.949258,556.894941,317.187779,2.771032,5.325235,-2.165094,-1.019004,0.302969,2.153115
2402,80.066667,1,608.585863,323.782963,505.056849,312.329105,556.821356,318.056034,2.884287,4.811635,-2.200785,-1.098737,0.341751,1.856449
2403,80.1,1,608.571234,322.880958,505.308399,312.436972,556.939816,317.658965,2.855758,4.649437,-2.196939,-0.973001,0.329409,1.838218
2404,80.133333,1,606.858873,326.354869,506.121111,313.520837,556.489992,319.937853,2.89705,4.858824,-2.152036,-1.545266,0.372507,1.656779
2405,80.166667,1,604.242887,329.175974,505.617552,316.584016,554.93022,322.879995,2.817908,6.49548,-2.163281,-1.045282,0.327314,2.725099
2406,80.2,1,603.45891,335.115017,501.674604,317.893476,552.566757,326.504247,2.88813,4.437478,-2.19914,-2.078034,0.344495,1.179722
2407,80.233333,1,601.41243,332.950598,502.149572,317.971056,551.781001,325.460827,2.79318,5.743988,-2.22218,-2.261428,0.2855,1.74128
2408,80.266667,1,602.906208,335.450191,501.449404,317.427973,552.177806,326.439082,2.920591,5.032275,-2.166898,-2.238272,0.376846,1.397001
2409,80.3,1,598.603802,336.712815,500.946751,318.249078,549.775276,327.480946,2.7096,5.9903,-2.230327,-2.707737,0.239636,1.641281
2410,80.333333,1,603.713036,331.432993,501.560507,317.017273,552.636771,324.225133,2.930704,4.778534,-2.146758,-2.2096,0.391973,1.284467
2411,80.366667,1,604.385195,324.946811,503.112202,314.24028,553.748698,319.593546,2.866429,5.0605,-2.250262,-2.353899,0.308083,1.3533
2412,80.4,1,602.320004,335.795386,501.624947,317.224978,551.972475,326.510182,2.872569,4.815628,-2.146398,-2.198734,0.363086,1.308447
2413,80.433333,1,599.818907,335.182309,504.235649,317.108345,552.027278,326.145327,2.74564,5.667222,-2.185504,-2.247253,0.280068,1.709984
2414,80.466667,1,603.39179,331.822515,502.830915,316.943813,553.111353,324.383164,2.878329,5.208127,-2.150091,-2.294713,0.364119,1.456707
2415,80.5,1,605.276814,328.89403,506.161642,315.976726,555.719228,322.435378,2.905283,4.666492,-2.117965,-1.603404,0.393659,1.531544
2416,80.533333,1,606.437225,326.69183,505.766277,313.168062,556.101751,319.929946,2.887935,5.43217,-2.178105,-1.432335,0.354915,1.999918
2417,80.566667,1,606.887465,331.528131,504.515953,311.511889,555.701709,321.52001,2.852077,6.004754,-2.156278,-2.293926,0.3479,1.855414
2418,80.6,1,609.568462,324.027527,506.433535,312.136458,558.000998,318.081992,2.816613,5.940513,-2.106602,-0.672496,0.355005,2.634008
2419,80.633333,1,609.051504,323.777824,507.494955,312.71103,558.27323,318.244427,2.811229,4.131377,-2.023852,-0.493177,0.393688,1.8191
2420,80.666667,1,609.480648,324.976857,508.117504,313.208435,558.799076,319.092646,2.875014,4.336325,-2.051,-0.438276,0.412007,1.949024
2421,80.7,1,609.059935,327.645704,505.755882,316.573829,557.407908,322.109766,2.838492,4.827713,-2.105639,-0.166008,0.366426,2.330852
2422,80.733333,1,608.375502,327.21088,506.735201,318.24101,557.555351,322.725945,2.940843,4.474103,-1.998789,0.446307,0.471027,2.460205
2423,80.766667,1,607.462673,327.679403,507.563248,315.457461,557.51296,321.568432,2.901014,5.784247,-1.746154,1.546755,0.57743,3.665501
2424,80.8,1,605.470009,328.831379,506.716852,317.738053,556.093431,323.284716,2.888826,6.640737,-1.794854,2.607241,0.546986,4.623989
2425,80.833333,1,604.677153,330.423399,505.653639,321.312375,555.165396,325.867887,2.927945,6.257908,-1.683855,2.754803,0.622045,4.506355
2426,80.866667,1,602.203159,330.350395,499.912825,323.814104,551.057992,327.082249,2.941395,5.484765,-1.874506,3.189395,0.533445,4.33708
2427,80.9,1,598.837299,330.671654,498.728266,323.033479,548.782783,326.852566,2.954967,5.146685,-1.887709,4.048145,0.533629,4.597415
2428,80.933333,1,597.343321,332.712525,494.324856,327.761237,545.834088,330.236881,2.99948,4.073097,-1.898927,4.065014,0.550277,4.069055
2429,80.966667,1,591.701212,337.994535,492.842684,343.515948,542.271948,340.755242,2.825324,5.694532,-1.781535,5.232316,0.521894,5.463424
2430,81.0,1,585.923958,349.860665,492.992744,342.75183,539.458351,346.306247,2.689015,5.186071,-1.846337,8.002205,0.421339,6.594138
2431,81.033333,1,577.098598,347.277322,490.597057,341.159011,533.847828,344.218166,2.603859,5.498725,-1.836266,3.152572,0.383796,4.325649
2432,81.066667,1,574.371042,345.471278,486.958227,338.979576,530.664635,342.225427,2.59171,4.401022,-1.924291,1.968705,0.333709,3.184863
2433,81.1,1,578.2516,343.274447,481.385746,337.997362,529.818673,340.635905,2.75487,4.255521,-2.072159,4.865807,0.341355,4.560664
2434,81.133333,1,574.438448,343.374252,478.897791,339.140949,526.668119,341.2576,2.736464,3.602639,-1.968144,2.870539,0.38416,3.236589
2435,81.166667,1,566.789341,350.79821,477.609749,345.838408,522.199545,348.318309,2.548403,5.796383,-1.740288,-4.137844,0.404058,0.82927
2436,81.2,1,564.066801,351.326954,474.90056,347.835898,519.483681,349.581426,2.559914,6.265716,-1.756677,153.837239,0.401618,80.051478
2437,81.233333,1,554.539967,348.580382,468.21208,347.653416,511.376023,348.116899,2.484466,2.999356,-1.711756,22.984628,0.386355,12.991992
2438,81.266667,1,555.63653,348.548936,470.680618,346.777155,513.158574,347.663046,2.490306,3.104443,-1.714415,19.026298,0.387945,11.06537
2439,81.3,1,550.935154,344.333775,465.934973,345.821961,508.435063,345.077868,2.597853,3.682552,-1.755131,1.387876,0.421361,2.535214
2440,81.333333,1,547.264204,342.999371,456.940365,345.96451,502.102284,344.48194,2.696898,3.59814,-1.958625,2.412557,0.369137,3.005348
2441,81.366667,1,548.91098,340.872937,454.614697,346.014383,501.762838,343.44366,2.80971,2.723688,-1.939209,6.728525,0.43525,4.726106
2442,81.4,1,544.458027,341.204973,449.51643,347.299944,496.987228,344.252459,2.868894,3.125114,-1.928718,2.941612,0.470088,3.033363
2443,81.433333,1,539.899282,341.786336,445.652046,349.366452,492.775664,345.576394,2.819721,3.002262,-1.896381,5.534425,0.46167,4.268344
2444,81.466667,1,532.818203,347.92609,447.876348,353.845103,490.347276,350.885596,2.539989,-0.794015,-1.597302,17.175939,0.471344,8.190962
2445,81.5,1,532.081041,348.11319,444.198675,356.980739,488.139858,352.546965,2.584302,0.863051,-1.534447,26.183713,0.524927,13.523382
2446,81.533333,1,527.701263,346.934225,439.617252,356.261167,483.659258,351.597696,2.552389,-3.542955,-1.642118,18.994927,0.455136,7.725986
2447,81.566667,1,526.415501,344.484161,433.488436,354.602092,479.951968,349.543127,2.723122,2.069805,-1.833596,3.380322,0.444763,2.725063
2448,81.6,1,527.993174,342.342541,431.568785,353.826424,479.780979,348.084482,2.918457,2.926178,-1.854636,5.269661,0.531911,4.097919
2449,81.633333,1,527.09075,342.35909,431.607761,353.629566,479.349256,347.994328,2.930903,2.909092,-1.794636,6.778098,0.568134,4.843595
2450,81.666667,1,525.829306,343.647811,428.758602,354.649723,477.293954,349.148767,2.971729,2.778874,-1.803563,7.837387,0.584083,5.30813
2451,81.7,1,523.91614,346.602296,431.055765,357.372041,477.485952,351.987169,2.789826,1.733122,-1.715053,15.730305,0.537387,8.731714
2452,81.733333,1,522.803326,349.441114,433.670416,359.683011,478.236871,354.562063,2.713546,-0.924269,-1.553182,18.272629,0.580182,8.67418
2453,81.766667,1,522.300625,352.090686,434.581108,360.936504,478.440866,356.513595,2.635732,-1.644506,-1.553761,12.433688,0.540986,5.394591
2454,81.8,1,524.852295,352.130903,435.083504,360.19725,479.967899,356.164076,2.687475,-0.679069,-1.573531,15.19823,0.556972,7.25958
2455,81.833333,1,530.778131,348.038233,434.762917,356.811696,482.770524,352.424964,2.879198,2.647505,-1.707665,10.780476,0.585766,6.71399
2456,81.866667,1,532.761517,344.131649,436.450424,352.567513,484.60597,348.349581,2.992899,3.621616,-1.793742,4.821018,0.599579,4.221317
2457,81.9,1,535.447025,342.263957,437.970276,350.68103,486.708651,346.472493,2.94863,2.182631,-1.887349,3.10997,0.530641,2.646301
2458,81.933333,1,538.397455,342.548658,438.28207,350.009083,488.339763,346.27887,2.948356,2.430076,-1.911212,2.757741,0.518572,2.593908
2459,81.966667,1,540.223732,343.218432,438.844919,349.179261,489.534326,346.198846,2.986033,2.481953,-1.914711,2.850719,0.535661,2.666336
2460,82.0,1,540.688581,344.045904,440.642624,349.033574,490.665603,346.539739,2.943689,2.691325,-1.922191,3.439149,0.510749,3.065237
2461,82.033333,1,538.577709,353.617898,446.736431,356.348258,492.65707,354.983078,2.829403,2.651316,-1.544516,9.721408,0.642443,6.186362
2462,82.066667,1,535.484915,354.462858,448.27878,357.02006,491.881847,355.741459,2.666561,1.009323,-1.512335,15.136457,0.577113,8.07289
2463,82.1,1,538.992014,350.634595,442.982159,354.64284,490.987086,352.638718,2.886249,4.613371,-1.741119,5.578999,0.572565,5.096185
2464,82.133333,1,540.544415,346.568586,441.904449,350.778716,491.224432,348.673651,2.932691,2.934511,-1.901591,5.354914,0.51555,4.144713
2465,82.166667,1,541.002569,345.763843,439.647274,350.049836,490.324922,347.90684,2.911476,2.258319,-1.927496,2.758167,0.49199,2.508243
2466,82.2,1,540.984058,346.98384,439.231234,349.99609,490.107646,348.489965,2.907818,2.42269,-1.823815,1.772791,0.542001,2.097741
2467,82.233333,1,540.722637,346.40936,438.551226,350.218552,489.636931,348.313956,2.921078,2.205673,-1.859707,1.941188,0.530685,2.07343
2468,82.266667,1,540.369511,346.443166,438.450985,350.04746,489.410248,348.245313,2.934089,2.179934,-1.822209,1.976286,0.55594,2.07811
2469,82.3,1,539.379168,346.301347,437.79088,350.461995,488.585024,348.381671,2.929468,2.312637,-1.79154,1.898769,0.568964,2.105703
2470,82.333333,1,539.092731,346.391898,437.169104,350.876868,488.130918,348.634383,2.965539,2.360256,-1.769461,1.910609,0.598039,2.135432
2471,82.366667,1,538.830137,346.511284,437.160339,350.997224,487.995238,348.754254,2.963754,2.395515,-1.795396,1.995977,0.584179,2.195746
2472,82.4,1,537.700558,347.561948,438.124809,351.823136,487.912683,349.692542,2.959268,2.50888,-1.795163,2.46844,0.582052,2.48866
2473,82.433333,1,534.966335,355.879789,441.140957,358.952495,488.053646,357.416142,2.829147,1.884467,-1.608095,34.618373,0.610526,18.25142
2474,82.466667,1,535.041323,357.287359,443.289585,360.978588,489.165454,359.132973,2.701426,-0.566726,-1.544054,56.694936,0.578686,28.064105
2475,82.5,1,537.684364,354.425978,442.448854,358.226684,490.066609,356.326331,2.900242,3.788865,-1.660111,13.348902,0.620066,8.568884
2476,82.533333,1,538.777857,350.407337,441.057711,354.514099,489.917784,352.460718,2.886795,3.391886,-1.851169,4.751355,0.517813,4.071621
2477,82.566667,1,541.140137,348.081797,441.702747,352.372913,491.421442,350.227355,2.937018,2.608476,-1.882904,3.561574,0.527057,3.085025
2478,82.6,1,541.757307,347.290642,441.535482,351.591634,491.646395,349.441138,2.910122,2.073701,-1.8405,2.474402,0.534811,2.274051
2479,82.633333,1,542.511129,346.859901,441.733255,351.311365,492.122192,349.085633,2.915528,2.165534,-1.845082,2.027913,0.535223,2.096724
2480,82.666667,1,542.495432,346.297812,441.485472,351.031573,491.990452,348.664692,2.915009,2.22202,-1.830948,2.027652,0.542031,2.124836
2481,82.7,1,542.560558,346.186827,440.866394,350.765138,491.713476,348.475983,2.912718,2.182687,-1.826015,2.020935,0.543352,2.101811
2482,82.733333,1,542.406998,345.980099,440.569115,350.414032,491.488056,348.197065,2.933111,2.122783,-1.798566,1.893237,0.567272,2.00801
2483,82.766667,1,542.247047,345.981697,440.896626,350.245922,491.571836,348.11381,2.941509,2.089726,-1.776312,1.878886,0.582598,1.984306
2484,82.8,1,542.158384,345.990356,441.181068,350.271703,491.669726,348.131029,2.913336,2.047348,-1.765706,1.87912,0.573815,1.963234
2485,82.833333,1,541.525822,345.953271,440.239487,349.956699,490.882654,347.954985,2.916016,2.003866,-1.773882,1.865749,0.571067,1.934807
2486,82.866667,1,541.260252,345.70492,439.456167,349.834267,490.35821,347.769594,2.965074,2.040008,-1.77651,1.876787,0.594282,1.958397
2487,82.9,1,540.556183,345.621622,439.083281,350.019613,489.819732,347.820617,2.975113,2.055812,-1.761031,1.893914,0.607041,1.974863
2488,82.933333,1,537.109671,350.610225,440.070944,353.901848,488.590307,352.256036,2.937739,4.122556,-1.755059,6.102297,0.59134,5.112426
2489,82.966667,1,533.392353,355.827652,443.969812,360.088143,488.681083,357.957897,2.709505,-1.377999,-1.501028,19.305335,0.604239,8.963668
2490,83.0,1,534.662895,354.412932,443.615875,360.134808,489.139385,357.27387,2.768373,0.261844,-1.544004,7.081991,0.612184,3.671917
2491,83.033333,1,536.893702,349.966253,439.186602,356.146658,488.040152,353.056456,2.937238,6.453363,-1.773214,5.834113,0.582012,6.143738
2492,83.066667,1,537.819166,347.738603,439.165401,352.65667,488.492284,350.197636,2.966543,3.098083,-1.864525,3.726869,0.551009,3.412476
2493,83.1,1,538.503599,346.060292,438.669558,351.793385,488.586578,348.926838,2.913925,1.803156,-1.862829,2.51341,0.525548,2.158283
2494,83.133333,1,538.939114,345.955417,438.422251,351.469991,488.680682,348.712704,2.907808,1.831283,-1.769073,1.850444,0.569367,1.840863
2495,83.166667,1,539.085255,345.599949,438.09659,351.236199,488.590922,348.418074,2.915712,1.758013,-1.758936,1.708539,0.578388,1.733276
2496,83.2,1,539.207516,345.620028,438.277435,350.937358,488.742476,348.278693,2.901046,1.781499,-1.753339,1.583231,0.573853,1.682365
2497,83.233333,1,539.160709,345.303855,437.89834,351.02034,488.529525,348.162097,2.922479,1.754735,-1.738862,1.66295,0.591809,1.708842
2498,83.266667,1,538.997631,345.430541,437.690439,350.904951,488.344035,348.167746,2.918369,1.716168,-1.738134,1.641912,0.590117,1.67904
2499,83.3,1,538.958941,345.229284,437.224903,350.881884,488.091922,348.055584,2.952115,1.693256,-1.745408,1.643055,0.603354,1.668156
2500,83.333333,1,538.525476,345.357472,437.350874,350.741181,487.938175,348.049327,2.945625,1.781215,-1.731529,1.613479,0.607048,1.697347
2501,83.366667,1,538.218842,344.889191,436.15634,350.857283,487.187591,347.873237,2.971129,1.724716,-1.755597,1.786389,0.607766,1.755552
2502,83.4,1,537.677107,345.111846,436.249943,350.710003,486.963525,347.910925,2.936042,1.589671,-1.745523,1.621724,0.59526,1.605697
2503,83.433333,1,536.439285,346.011363,436.754131,352.310021,486.596708,349.160692,2.946141,1.876961,-1.831293,2.442769,0.557424,2.159865
2504,83.466667,1,533.664312,354.794771,440.657101,360.459189,487.160707,357.62698,2.776103,0.357042,-1.540565,9.837806,0.617769,5.097424
2505,83.5,1,532.379131,354.617102,440.849886,361.322458,486.614509,357.96978,2.756506,-1.266784,-1.593732,11.78894,0.581387,5.261078
2506,83.533333,1,534.602213,350.780325,437.966509,357.74902,486.284361,354.264673,2.898053,1.996524,-1.783049,16.645069,0.557502,9.320796
2507,83.566667,1,536.473236,348.516739,437.484446,354.099548,486.978841,351.308143,3.011417,2.338443,-1.91169,3.160546,0.549864,2.749495
2508,83.6,1,536.935654,347.288486,438.273878,353.321906,487.604766,350.305196,2.988718,2.196323,-1.90313,2.346132,0.542794,2.271227
2509,83.633333,1,537.500076,346.548432,436.513157,352.638624,487.006617,349.593528,2.985756,2.19506,-1.871698,1.984943,0.557029,2.090001
2510,83.666667,1,537.95681,346.406763,436.944323,352.215183,487.450566,349.310973,2.973762,2.180596,-1.830341,1.751074,0.57171,1.965835
2511,83.7,1,538.082056,346.062169,437.448034,352.213204,487.765045,349.137686,2.926766,1.923582,-1.792977,1.718425,0.566894,1.821004
2512,83.733333,1,538.429899,346.016067,437.374125,351.774684,487.902012,348.895376,2.919257,1.971452,-1.807265,1.689297,0.555996,1.830375
2513,83.766667,1,538.730001,345.825706,437.121601,351.554341,487.925801,348.690023,2.928106,1.897862,-1.80572,1.695677,0.561193,1.796769
2514,83.8,1,538.933153,345.68843,437.56176,351.222305,488.247457,348.455367,2.916096,1.824212,-1.775397,1.692766,0.570349,1.758489
2515,83.833333,1,539.004402,345.729489,437.564144,351.39851,488.284273,348.564,2.926186,1.797798,-1.771483,1.672382,0.577351,1.73509
2516,83.866667,1,538.921118,345.682545,437.339993,351.231124,488.130555,348.456835,2.931074,1.875331,-1.774544,1.667392,0.578265,1.771361
2517,83.9,1,538.713245,345.659124,437.241011,350.899372,487.977128,348.279248,2.924927,1.846854,-1.767007,1.626829,0.57896,1.736841
2518,83.933333,1,538.665686,345.320581,437.154026,351.029255,487.909856,348.174918,2.946518,1.781236,-1.747448,1.677095,0.599535,1.729165
2519,83.966667,1,538.557558,345.093554,437.094507,350.919129,487.826033,348.006341,2.954662,1.795301,-1.754108,1.749077,0.600277,1.772189
2520,84.0,1,538.510695,345.19824,437.219419,350.680531,487.865057,347.939385,2.953979,1.77828,-1.747858,1.717589,0.603061,1.747934
2521,84.033333,1,538.467369,345.130305,436.804228,350.440682,487.635798,347.785494,2.955997,1.857633,-1.751903,1.704386,0.602047,1.78101
2522,84.066667,1,538.430948,344.993969,437.271862,350.428666,487.851405,347.711317,2.976734,1.8253,-1.744639,1.698903,0.616047,1.762101
2523,84.1,1,538.427782,344.906175,437.393303,350.444228,487.910542,347.675201,2.978793,1.767403,-1.740333,1.699661,0.61923,1.733532
2524,84.133333,1,538.693609,344.985026,437.160597,350.228707,487.927103,347.606867,2.988018,1.765281,-1.767293,1.760369,0.610363,1.762825
2525,84.166667,1,538.605509,344.934896,436.953592,350.30412,487.779551,347.619508,2.992172,1.769157,-1.762367,1.78431,0.614903,1.776733
2526,84.2,1,538.443346,344.89323,436.70001,350.239629,487.571678,347.56643,2.999282,1.860088,-1.751746,1.746916,0.623768,1.803502
2527,84.233333,1,538.245783,344.820129,436.435032,350.51529,487.340407,347.66771,2.994968,1.908912,-1.746556,1.699556,0.624206,1.804234
2528,84.266667,1,537.928371,344.981636,436.160975,350.64585,487.044673,347.813743,3.019381,1.924173,-1.742881,1.725056,0.63825,1.824615
2529,84.3,1,537.66201,344.828262,436.000547,350.85628,486.831279,347.842271,3.008047,1.869048,-1.751627,1.872682,0.62821,1.870865
2530,84.333333,1,537.437935,345.52768,436.274357,351.57597,486.856146,348.551825,3.016291,2.032721,-1.800853,1.992508,0.607719,2.012615
2531,84.366667,1,533.18491,351.701841,435.868664,357.155405,484.526787,354.428623,2.996491,2.343032,-1.743051,6.75875,0.62672,4.550891
2532,84.4,1,532.049675,353.145754,438.84223,359.100596,485.445952,356.123175,2.874425,1.494401,-1.661808,16.075809,0.606309,8.785105
2533,84.433333,1,532.926235,349.851605,435.999098,355.166799,484.462667,352.509202,2.996178,2.509952,-1.760987,7.40034,0.617596,4.955146
2534,84.466667,1,533.141928,347.199726,435.689011,353.612292,484.415469,350.406009,3.071821,2.626512,-1.858368,3.366421,0.606726,2.996466
2535,84.5,1,534.008446,346.466544,433.036423,352.387413,483.522434,349.426979,2.999444,2.059036,-1.843281,2.29774,0.578081,2.178388
2536,84.533333,1,534.422092,345.913194,433.06613,352.494181,483.744111,349.203688,3.002205,1.919253,-1.779705,1.919035,0.61125,1.919144
2537,84.566667,1,534.493084,345.681387,432.767525,352.173679,483.630304,348.927533,2.999189,1.782264,-1.780693,1.829833,0.609248,1.806049
2538,84.6,1,534.429932,345.425536,432.510662,352.023234,483.470297,348.724385,2.994826,1.827698,-1.765812,1.749138,0.614507,1.788418
2539,84.633333,1,534.537086,345.3029,432.69433,351.969193,483.615708,348.636046,2.987321,1.789197,-1.752805,1.717704,0.617258,1.75345
2540,84.666667,1,534.528904,345.216549,432.293568,351.805508,483.411236,348.511029,2.987426,1.867544,-1.755707,1.681225,0.615859,1.774385
2541,84.7,1,534.50922,345.099835,432.443428,351.740722,483.476324,348.420279,2.984779,1.862121,-1.74517,1.680674,0.619805,1.771398
2542,84.733333,1,534.370642,345.059195,432.895927,351.596897,483.633285,348.328046,2.986904,1.897868,-1.727848,1.66873,0.629528,1.783299
2543,84.766667,1,534.292555,345.044786,432.893,351.580707,483.592777,348.312746,3.000438,1.922374,-1.737685,1.696719,0.631376,1.809547
2544,84.8,1,534.184389,345.138325,432.719584,351.646045,483.451986,348.392185,3.0046,2.001405,-1.72768,1.715413,0.63846,1.858409
2545,84.833333,1,534.200563,345.063111,432.739239,351.570364,483.469901,348.316737,3.007114,1.957217,-1.727561,1.742168,0.639777,1.849693
2546,84.866667,1,534.1078,345.086135,432.504463,351.749557,483.306131,348.417846,3.004036,1.894078,-1.731863,1.699382,0.636087,1.79673
2547,84.9,1,534.215975,345.0748,432.595224,351.714672,483.4056,348.394736,2.996798,1.813152,-1.733647,1.625691,0.631576,1.719422
2548,84.933333,1,534.175167,345.113938,432.426186,351.882825,483.300676,348.498382,2.979708,1.813543,-1.734284,1.640585,0.622712,1.727064
2549,84.966667,1,534.199724,345.068829,432.35054,351.937205,483.275132,348.503017,2.965608,1.825177,-1.733382,1.61419,0.616113,1.719684
2550,85.0,1,534.881287,345.065863,432.561045,351.75291,483.721166,348.409386,2.987823,1.73879,-1.751051,1.668206,0.618386,1.703498
2551,85.033333,1,534.960041,344.879363,432.805176,351.528313,483.882608,348.203838,2.975518,1.769463,-1.746774,1.65636,0.614372,1.712912
2552,85.066667,1,534.925594,344.964572,432.946863,351.480628,483.936229,348.2226,2.973834,1.7914,-1.744667,1.643883,0.614584,1.717641
2553,85.1,1,534.848318,344.903471,432.696838,351.526891,483.772578,348.215181,2.961662,1.667837,-1.744112,1.633114,0.608775,1.650475
2554,85.133333,1,534.595051,344.880264,432.317476,351.504639,483.456264,348.192452,2.978439,1.655364,-1.748377,1.660987,0.615031,1.658176
2555,85.166667,1,534.231567,344.881273,432.287245,351.279039,483.259406,348.080156,2.990942,1.729394,-1.738512,1.618593,0.626215,1.673993
2556,85.2,1,534.08287,344.910788,432.07695,351.350552,483.07991,348.13067,2.984899,1.765082,-1.741374,1.637464,0.621762,1.701273
2557,85.233333,1,533.970413,344.84568,432.114248,351.414163,483.042331,348.129922,2.988687,1.691834,-1.735577,1.6118,0.626555,1.651817
2558,85.266667,1,534.23727,344.667292,432.176867,351.531107,483.207068,348.0992,2.972204,1.67327,-1.741859,1.678326,0.615173,1.675798
2559,85.3,1,534.64633,344.73204,432.806368,351.458023,483.726349,348.095031,2.968372,1.655784,-1.742473,1.679567,0.612949,1.667676
2560,85.333333,1,534.930162,344.805227,433.187571,351.319256,484.058867,348.062241,2.958211,1.710592,-1.758352,1.68012,0.59993,1.695356
2561,85.366667,1,535.222769,344.788356,433.185835,351.193594,484.204302,347.990975,2.972717,1.711348,-1.747307,1.671787,0.612705,1.691567
2562,85.4,1,535.364323,344.883934,432.927837,351.285841,484.14608,348.084887,2.984393,1.740192,-1.742876,1.646962,0.620758,1.693577
2563,85.433333,1,535.272865,344.954948,433.017921,351.248574,484.145393,348.101761,2.979002,1.74252,-1.737324,1.671319,0.620839,1.706919
2564,85.466667,1,534.551487,345.819762,433.233986,351.891382,483.892736,348.855572,2.979595,1.792176,-1.762892,1.854094,0.608352,1.823135
2565,85.5,1,531.190691,353.746703,436.042099,357.577236,483.616395,355.661969,2.906164,3.614987,-1.678849,11.259884,0.613657,7.437436
2566,85.533333,1,531.587591,353.970796,437.93107,358.649175,484.759331,356.309986,2.924816,3.029529,-1.616346,8.267221,0.654235,5.648375
2567,85.566667,1,531.512022,350.096732,432.960482,355.736098,482.236252,352.916415,3.021021,2.622383,-1.779026,6.046608,0.620997,4.334495
2568,85.6,1,532.654152,346.882491,433.731499,353.462008,483.192825,350.172249,3.079048,2.504385,-1.861187,3.776622,0.608931,3.140504
2569,85.633333,1,533.523512,346.098175,432.603569,352.537842,483.06354,349.318009,3.026294,1.926961,-1.804802,2.449469,0.610746,2.188215
2570,85.666667,1,534.164324,345.520685,432.372131,352.458224,483.268228,348.989454,3.030161,1.760467,-1.795342,2.078166,0.61741,1.919317
2571,85.7,1,534.212255,345.424903,432.743893,352.340904,483.478074,348.882903,3.014405,1.750605,-1.767688,1.963819,0.623358,1.857212
2572,85.733333,1,534.377365,345.106852,432.510681,351.99388,483.444023,348.550366,3.008947,1.701767,-1.749255,1.872016,0.629846,1.786892
2573,85.766667,1,534.529867,344.899035,432.698793,351.855365,483.61433,348.3772,3.033508,1.693897,-1.750545,1.859525,0.641482,1.776711
2574,85.8,1,534.505301,344.77995,432.946358,351.794415,483.725829,348.287182,2.998331,1.620456,-1.741427,1.749909,0.628452,1.685183
2575,85.833333,1,534.61875,344.602978,432.987614,351.825281,483.803182,348.21413,3.003569,1.591797,-1.744378,1.787418,0.629595,1.689607
2576,85.866667,1,534.825773,344.732164,432.931814,351.870584,483.878794,348.301374,2.993034,1.636569,-1.751828,1.780334,0.620603,1.708451
2577,85.9,1,534.882708,344.665264,432.996693,352.049611,483.9397,348.357437,3.000131,1.59197,-1.755638,1.792889,0.622246,1.69243
2578,85.933333,1,534.988356,344.651869,432.814951,351.927994,483.901653,348.289931,2.999155,1.596962,-1.746285,1.733695,0.626435,1.665328
2579,85.966667,1,535.002956,344.711988,432.948475,351.898162,483.975716,348.305075,2.993023,1.597219,-1.741579,1.740704,0.625722,1.668962
2580,86.0,1,535.001297,344.766233,432.844543,351.836085,483.92292,348.301159,2.998978,1.606281,-1.734939,1.699163,0.63202,1.652722
2581,86.033333,1,535.030699,344.803119,432.848196,351.865289,483.939447,348.334204,3.001908,1.59807,-1.73577,1.71361,0.633069,1.65584
2582,86.066667,1,535.117874,344.792958,432.950678,351.724479,484.034276,348.258719,3.006499,1.631306,-1.737633,1.71668,0.634433,1.673993
2583,86.1,1,535.100155,344.776007,432.952938,351.783423,484.026546,348.279715,2.997124,1.663485,-1.734606,1.725068,0.631259,1.694276
2584,86.133333,1,535.071306,344.804417,433.060904,351.756901,484.066105,348.280659,3.000872,1.624982,-1.730288,1.733651,0.635292,1.679316
2585,86.166667,1,535.113029,344.857804,433.119154,351.714565,484.116092,348.286184,3.011548,1.626927,-1.729196,1.726158,0.641176,1.676542
2586,86.2,1,535.107336,345.14333,433.084354,351.958228,484.095845,348.550779,3.01517,1.658517,-1.759064,1.793737,0.628053,1.726127
2587,86.233333,1,533.109379,352.287136,434.196806,357.149633,483.653092,354.718384,2.999909,2.573335,-1.784395,4.927758,0.607757,3.750547
2588,86.266667,1,530.685167,354.935335,439.584236,360.368112,485.134702,357.651723,2.868804,1.947781,-1.529758,20.784014,0.669523,11.365897
2589,86.3,1,533.691883,351.551803,434.942493,356.939385,484.317188,354.245594,3.032215,2.870058,-1.751639,9.118323,0.640288,5.99419
2590,86.333333,1,533.94105,347.823468,433.245802,354.023861,483.593426,350.923665,3.119969,2.264254,-1.824838,3.373786,0.647566,2.81902
2591,86.366667,1,533.901424,346.476436,431.965666,353.441602,482.933545,349.959019,3.043614,1.845114,-1.790145,2.074979,0.626734,1.960047
2592,86.4,1,533.812151,346.160864,431.237211,353.373093,482.524681,349.766978,3.019975,1.774615,-1.765412,1.817601,0.627282,1.796108
2593,86.433333,1,533.555555,346.160129,430.945578,352.880436,482.250566,349.520282,3.016802,1.649232,-1.728856,1.685045,0.643973,1.667138
2594,86.466667,1,533.256855,345.957643,430.503426,352.823535,481.88014,349.390589,3.011762,1.657571,-1.734151,1.690546,0.638805,1.674058
2595,86.5,1,533.13056,345.806479,430.127106,352.992638,481.628833,349.399559,2.992628,1.615466,-1.733871,1.664761,0.629378,1.640113
2596,86.533333,1,532.701235,345.839063,430.18878,352.712626,481.445007,349.275844,3.003531,1.726257,-1.718014,1.667242,0.642759,1.69675
2597,86.566667,1,532.845078,345.602835,429.459267,352.880183,481.152172,349.241509,3.011231,1.729796,-1.745961,1.689723,0.632635,1.70976
2598,86.6,1,532.62907,345.587225,430.159702,352.753261,481.394386,349.170243,3.008245,1.656187,-1.710673,1.647777,0.648786,1.651982
2599,86.633333,1,532.681713,345.520701,430.059614,352.719578,481.370664,349.120139,2.996178,1.635032,-1.725106,1.653503,0.635536,1.644267
2600,86.666667,1,532.76618,345.482726,430.251751,352.756019,481.508965,349.119372,3.002239,1.577753,-1.721387,1.688537,0.640426,1.633145
2601,86.7,1,532.683735,345.493299,430.17045,352.748723,481.427093,349.121011,3.000453,1.595713,-1.714873,1.677431,0.64279,1.636572
2602,86.733333,1,532.722216,345.437021,430.549612,352.563533,481.635914,349.000277,2.993151,1.634041,-1.707014,1.666917,0.643069,1.650479
2603,86.766667,1,532.944317,345.434098,430.959949,352.45154,481.952133,348.942819,2.970028,1.535261,-1.708041,1.684252,0.630994,1.609757
2604,86.8,1,533.265438,345.358599,431.194258,352.165643,482.229848,348.762121,3.003427,1.494471,-1.721625,1.606463,0.640901,1.550467
2605,86.833333,1,533.613377,345.489056,431.630001,352.445671,482.621689,348.967364,2.992563,1.456767,-1.716387,1.626853,0.638088,1.54181
2606,86.866667,1,533.717585,345.544251,431.463652,352.250133,482.590618,348.897192,2.988472,1.581631,-1.709415,1.589553,0.639529,1.585592
2607,86.9,1,533.712053,345.620924,431.649666,352.213145,482.68086,348.917035,2.989829,1.608375,-1.70235,1.582662,0.643739,1.595518
2608,86.933333,1,533.69709,345.703129,431.462259,352.204471,482.579675,348.9538,2.988801,1.575442,-1.707911,1.575419,0.640445,1.57543
2609,86.966667,1,533.705616,345.624642,431.470814,352.291369,482.588215,348.958005,2.98215,1.639717,-1.713723,1.574955,0.634213,1.607336
2610,87.0,1,533.585939,345.591581,431.060257,352.154485,482.323098,348.873033,2.995326,1.622928,-1.713885,1.619114,0.64072,1.621021
2611,87.033333,1,533.522873,345.732311,431.107407,352.17524,482.31514,348.953775,2.9916,1.550885,-1.704784,1.572476,0.643408,1.56168
2612,87.066667,1,533.444977,345.673758,430.803785,352.435162,482.124381,349.05446,2.981369,1.528695,-1.707089,1.610879,0.63714,1.569787
2613,87.1,1,533.270359,345.703611,430.713425,352.352512,481.991892,349.028062,2.978723,1.528106,-1.706054,1.606344,0.636334,1.567225
2614,87.133333,1,533.125267,345.651518,430.51878,352.304227,481.822023,348.977872,2.984663,1.468165,-1.729318,1.600538,0.627673,1.534351
2615,87.166667,1,532.996941,345.506469,430.217047,352.31376,481.606994,348.910114,2.994338,1.525044,-1.726945,1.638072,0.633696,1.581558
2616,87.2,1,532.766523,345.543939,429.951839,352.504181,481.359181,349.02406,2.982687,1.517169,-1.720859,1.620763,0.630914,1.568966
2617,87.233333,1,532.473001,345.597991,429.321156,352.432689,480.897079,349.01534,2.987732,1.618163,-1.730413,1.644177,0.62866,1.63117
2618,87.266667,1,532.055063,345.454692,429.022312,352.581691,480.538688,349.018191,2.992642,1.53305,-1.744846,1.689249,0.623898,1.61115
2619,87.3,1,531.66153,345.274318,428.492155,352.885537,480.076842,349.079928,2.979955,1.471791,-1.753931,1.719957,0.613012,1.595874
2620,87.333333,1,531.235228,345.270805,428.196316,352.92025,479.715772,349.095528,2.998317,1.445012,-1.74115,1.671639,0.628584,1.558325
2621,87.366667,1,530.975294,345.32388,427.956324,352.96419,479.465809,349.144035,2.99126,1.436405,-1.739132,1.672767,0.626064,1.554586
2622,87.4,1,530.8179,345.278712,427.331295,353.136506,479.074597,349.207609,2.973178,1.443603,-1.751574,1.723361,0.610802,1.583482
2623,87.433333,1,530.714016,345.177298,427.450409,353.064532,479.082212,349.120915,2.981919,1.412684,-1.737861,1.71887,0.622029,1.565777
2624,87.466667,1,530.605078,345.174106,427.389927,352.977939,478.997502,349.076023,2.986919,1.364633,-1.737147,1.722926,0.624886,1.543779
2625,87.5,1,530.540705,345.220562,427.351933,352.972902,478.946319,349.096732,2.987759,1.374199,-1.737928,1.709998,0.624916,1.542098
2626,87.533333,1,530.507221,345.077922,427.241468,352.805564,478.874345,348.941743,2.974458,1.394741,-1.738112,1.722876,0.618173,1.558809
2627,87.566667,1,530.566406,344.867685,427.205019,352.672634,478.885713,348.770159,2.983313,1.397835,-1.748915,1.737495,0.617199,1.567665
2628,87.6,1,530.411005,344.939863,427.074976,352.527655,478.74299,348.733759,2.982765,1.401959,-1.748817,1.743681,0.616974,1.57282
2629,87.633333,1,529.830027,345.089772,426.56106,352.699236,478.195543,348.894504,2.971881,1.443236,-1.753271,1.752827,0.609305,1.598032
2630,87.666667,1,529.574032,345.033504,426.594381,352.609586,478.084207,348.821545,2.958996,1.50549,-1.749375,1.738273,0.604811,1.621881
2631,87.7,1,529.344158,345.090657,426.146641,352.728252,477.745399,348.909455,2.947852,1.569437,-1.760142,1.747948,0.593855,1.658693
2632,87.733333,1,529.048481,345.11544,425.731087,352.769231,477.389784,348.942336,2.971948,1.572884,-1.758765,1.768719,0.606592,1.670802
2633,87.766667,1,523.997526,349.823399,427.331238,355.796823,475.664382,352.810111,2.991527,2.495725,-1.800279,5.855785,0.595624,4.175755
2634,87.8,1,524.458923,353.87193,429.618177,359.535849,477.03855,356.70389,2.955644,0.794833,-1.651091,17.747501,0.652277,9.271167
2635,87.833333,1,524.880247,350.797405,425.946064,356.580983,475.413156,353.689194,3.011152,1.664957,-1.806887,5.577883,0.602133,3.62142
2636,87.866667,1,525.837002,346.915047,424.166536,354.252804,475.001769,350.583926,3.051593,1.431609,-1.887068,3.138196,0.582262,2.284903
2637,87.9,1,526.418476,345.783799,423.935547,353.822508,475.177011,349.803153,3.015215,1.320661,-1.839467,2.74495,0.587874,2.032806
2638,87.933333,1,526.547356,345.778992,423.342257,353.399583,474.944806,349.589287,2.981484,1.458216,-1.786407,2.221883,0.597539,1.840049
2639,87.966667,1,526.739769,345.869683,423.191833,353.22423,474.965801,349.546957,2.961486,1.607929,-1.78875,1.956884,0.586368,1.782407
2640,88.0,1,526.640072,345.626621,422.877102,353.247415,474.758587,349.437018,2.950484,1.616685,-1.789529,1.991286,0.580477,1.803986
2641,88.033333,1,526.360855,345.579173,422.963305,353.17477,474.66208,349.376972,2.952339,1.598153,-1.771835,1.928664,0.590252,1.763409
2642,88.066667,1,526.550474,345.396724,423.320179,353.138963,474.935327,349.267843,2.959135,1.46997,-1.762584,1.931215,0.598275,1.700593
2643,88.1,1,526.667042,345.418997,423.301525,352.869937,474.984283,349.144467,2.959252,1.53909,-1.767363,1.849685,0.595945,1.694387
2644,88.133333,1,526.773281,345.429715,423.077583,352.957919,474.925432,349.193817,2.935834,1.395769,-1.778906,1.816373,0.578464,1.606071
2645,88.166667,1,526.965647,345.433449,423.385124,352.794385,475.175385,349.113917,2.962491,1.401293,-1.767477,1.825255,0.597507,1.613274
2646,88.2,1,527.211924,345.378072,423.164177,352.679694,475.18805,349.028883,2.948392,1.468246,-1.784368,1.82206,0.582012,1.645153
2647,88.233333,1,527.251625,345.303919,423.854752,352.620476,475.553188,348.962198,2.952679,1.321478,-1.779163,1.805859,0.586758,1.563668
2648,88.266667,1,527.466383,345.348288,423.942204,352.785303,475.704293,349.066796,2.940417,1.363659,-1.769625,1.786326,0.585396,1.574993
2649,88.3,1,527.579165,345.295047,424.53392,352.956557,476.056542,349.125802,2.947302,1.332594,-1.757216,1.788616,0.595043,1.560605
2650,88.333333,1,527.989264,345.382363,424.846315,352.809711,476.417789,349.096037,2.936618,1.378112,-1.762096,1.766404,0.587261,1.572258
2651,88.366667,1,528.559809,345.364398,425.317774,352.927519,476.938791,349.145958,2.962887,1.468825,-1.765486,1.780012,0.598701,1.624418
2652,88.4,1,528.95071,345.471595,425.883656,352.794535,477.417183,349.133065,2.941682,1.332417,-1.771063,1.687036,0.585309,1.509727
2653,88.433333,1,529.436951,345.54579,426.162872,352.823149,477.799911,349.18447,2.942226,1.458074,-1.774445,1.759694,0.583891,1.608884
2654,88.466667,1,530.015583,345.53703,427.029657,352.739695,478.52262,349.138362,2.942691,1.641637,-1.765713,1.676586,0.588489,1.659112
2655,88.5,1,530.638275,345.632195,428.391304,352.711177,479.51479,349.171686,2.939463,1.441905,-1.737646,1.561201,0.600909,1.501553
2656,88.533333,1,531.265459,345.569238,428.520947,352.696028,479.893203,349.132633,2.942171,1.559821,-1.749711,1.570222,0.59623,1.565022
2657,88.566667,1,531.729546,345.658405,429.321785,352.516733,480.525665,349.087569,2.941482,1.507252,-1.740913,1.575554,0.600285,1.541403
2658,88.6,1,532.060013,345.484571,429.930496,352.599657,480.995255,349.042114,2.937698,1.475089,-1.748217,1.641215,0.594741,1.558152
2659,88.633333,1,532.478819,345.665283,429.983311,352.591749,481.231065,349.128516,2.955731,1.427428,-1.762954,1.554774,0.596389,1.491101
2660,88.666667,1,532.77997,345.778579,429.78138,352.785893,481.280675,349.282236,2.950007,1.44832,-1.761127,1.527283,0.59444,1.487802
2661,88.7,1,532.817421,345.689578,430.075083,352.836603,481.446252,349.26309,2.952428,1.444435,-1.755497,1.545299,0.598465,1.494867
2662,88.733333,1,532.869749,345.634877,430.073948,352.79129,481.471848,349.213083,2.963588,1.46698,-1.751732,1.558126,0.605928,1.512553
2663,88.766667,1,532.787037,345.628799,430.202389,352.781087,481.494713,349.204943,2.959554,1.464045,-1.741784,1.556176,0.608885,1.51011
2664,88.8,1,532.749319,345.584323,430.310373,352.538937,481.529846,349.06163,2.954895,1.518805,-1.73802,1.595339,0.608437,1.557072
2665,88.833333,1,532.294722,345.983511,430.015574,352.931961,481.155148,349.457736,2.950549,1.512418,-1.73353,1.632143,0.608509,1.572281
2666,88.866667,1,528.909321,352.516229,432.093697,356.672119,480.501509,354.594174,2.978041,2.067321,-1.759043,6.026196,0.609499,4.046758
2667,88.9,1,529.114408,355.164015,435.262175,359.888839,482.188292,357.526427,2.907333,2.07566,-1.607991,15.436941,0.649671,8.7563
2668,88.933333,1,529.311914,351.278336,432.679415,356.755772,480.995665,354.017054,3.035118,2.956355,-1.730466,4.794347,0.652326,3.875351
2669,88.966667,1,530.949316,348.268511,429.553709,354.585505,480.251513,351.427008,3.033075,1.768723,-1.849292,3.124823,0.591891,2.446773
2670,89.0,1,531.027718,346.800431,429.111109,354.028443,480.069413,350.414437,2.992672,1.747818,-1.794549,2.109898,0.599061,1.928858
2671,89.033333,1,531.154089,346.612451,428.936615,353.580374,480.045352,350.096413,2.994284,1.699994,-1.767334,1.868609,0.613475,1.784302
2672,89.066667,1,531.495562,346.484606,428.864126,353.682829,480.179844,350.083718,2.979728,1.519126,-1.769196,1.781641,0.605266,1.650383
2673,89.1,1,531.56045,346.44123,428.775263,353.490086,480.167856,349.965658,2.974305,1.46599,-1.756496,1.739605,0.608904,1.602797
2674,89.133333,1,531.59503,346.332632,428.971605,353.317727,480.283318,349.82518,2.968922,1.527065,-1.751976,1.692501,0.608473,1.609783
2675,89.166667,1,531.652451,346.26525,429.184198,353.276823,480.418324,349.771037,2.958218,1.514396,-1.735685,1.651551,0.611267,1.582973
2676,89.2,1,531.733274,346.233112,429.155579,353.154906,480.444427,349.694009,2.969348,1.507381,-1.750198,1.657028,0.609575,1.582204
2677,89.233333,1,531.833963,346.245144,429.125681,353.157186,480.479822,349.701165,2.954511,1.51292,-1.755994,1.630808,0.599259,1.571864
2678,89.266667,1,532.006063,346.207958,429.075804,353.034073,480.540934,349.621015,2.961631,1.614489,-1.753322,1.588408,0.604154,1.601448
2679,89.3,1,532.039118,346.211493,428.98613,353.021992,480.512624,349.616742,2.962695,1.684912,-1.759792,1.600881,0.601451,1.642896
2680,89.333333,1,532.124424,346.110492,428.977518,352.983953,480.550971,349.547222,2.959342,1.6465,-1.758679,1.601988,0.600332,1.624244
2681,89.366667,1,532.177429,346.098186,429.083939,353.047875,480.630684,349.57303,2.959247,1.670738,-1.75951,1.612084,0.599869,1.641411
2682,89.4,1,532.025232,346.113963,428.972912,353.036315,480.499072,349.575139,2.959473,1.718506,-1.75995,1.599328,0.599762,1.658917
2683,89.433333,1,531.911192,346.05652,429.0518,352.980976,480.481496,349.518748,2.95036,1.64751,-1.75456,1.59554,0.5979,1.621525
2684,89.466667,1,531.861477,346.126977,429.090242,352.915519,480.47586,349.521248,2.953812,1.641922,-1.748309,1.576277,0.602751,1.609099
2685,89.5,1,531.889858,346.122567,429.028301,352.942368,480.45908,349.532467,2.95391,1.672101,-1.758678,1.598898,0.597616,1.6355
2686,89.533333,1,531.830101,346.00234,428.642693,353.282268,480.236397,349.642304,2.95947,1.666968,-1.775233,1.626722,0.592119,1.646845
2687,89.566667,1,531.533489,345.996664,428.52417,353.356581,480.02883,349.676623,2.966105,1.514475,-1.761969,1.607332,0.602068,1.560904
2688,89.6,1,531.613474,345.963061,428.632212,353.348132,480.122843,349.655597,2.965907,1.540094,-1.761819,1.641804,0.602044,1.590949
2689,89.633333,1,531.573706,346.011631,428.578997,353.305635,480.076351,349.658633,2.958896,1.631375,-1.76512,1.61465,0.596888,1.623012
2690,89.666667,1,531.529522,345.902111,428.414469,353.38703,479.971995,349.64457,2.9555,1.460292,-1.758762,1.634655,0.598369,1.547474
2691,89.7,1,531.307192,345.878744,428.227921,353.367326,479.767556,349.623035,2.955597,1.484935,-1.76319,1.660966,0.596204,1.572951
2692,89.733333,1,531.269741,345.860805,428.174648,353.389809,479.722195,349.625307,2.957012,1.522849,-1.759519,1.643486,0.598747,1.583167
2693,89.766667,1,531.274805,345.761896,427.965422,353.470044,479.620113,349.61597,2.953049,1.550295,-1.755088,1.668055,0.598981,1.609175
2694,89.8,1,531.322794,345.655578,427.881031,353.49001,479.601912,349.572794,2.944781,1.515696,-1.75979,1.712175,0.592496,1.613936
2695,89.833333,1,531.202564,345.784909,428.144741,353.576844,479.673653,349.680877,2.951888,1.46279,-1.746,1.684284,0.602944,1.573537
2696,89.866667,1,530.140295,348.895789,431.429195,355.747283,480.784745,352.321536,3.073905,1.834934,-1.805504,3.266467,0.6342,2.5507
2697,89.9,1,528.057108,356.917536,436.214008,361.997291,482.135558,359.457413,2.823982,-1.485368,-1.54047,16.883464,0.641756,7.699048
2698,89.933333,1,528.927898,355.126035,435.33145,361.087936,482.129674,358.106985,2.915111,-1.94538,-1.595942,18.475972,0.659585,8.265296
2699,89.966667,1,531.205988,351.149912,431.696625,356.896695,481.451306,354.023303,3.052707,2.320039,-1.774111,4.212675,0.639298,3.266357
2700,90.0,1,531.361895,347.707103,430.639391,354.914821,481.000643,351.310962,3.003638,1.808086,-1.808252,2.525502,0.597693,2.166794
2701,90.033333,1,531.528244,347.248939,429.83758,354.084758,480.682912,350.666849,2.988847,1.808218,-1.787275,2.007364,0.600786,1.907791
2702,90.066667,1,532.136602,346.951445,429.485817,353.795723,480.81121,350.373584,2.962696,1.806863,-1.772862,1.826623,0.594917,1.816743
2703,90.1,1,532.277203,346.822881,429.15513,353.712457,480.716166,350.267669,2.961446,1.721003,-1.772175,1.741818,0.594636,1.731411
2704,90.133333,1,532.110415,346.650458,429.211149,353.470886,480.660782,350.060672,2.968263,1.490708,-1.757159,1.664156,0.605552,1.577432
2705,90.166667,1,532.453442,346.322874,429.32209,353.418701,480.887766,349.870788,2.954265,1.603623,-1.768139,1.745446,0.593063,1.674535
2706,90.2,1,532.251921,346.373616,429.503641,353.280374,480.877781,349.826995,2.974473,1.597806,-1.754612,1.645007,0.609931,1.621406
2707,90.233333,1,532.359734,346.112482,429.476118,353.286045,480.917926,349.699263,2.967958,1.617785,-1.770972,1.776412,0.598493,1.697099
2708,90.266667,1,532.405176,346.148998,429.370794,353.266534,480.887985,349.707766,2.960382,1.706185,-1.771688,1.813334,0.594347,1.75976
2709,90.3,1,532.305326,346.095933,429.713717,353.264045,481.009521,349.679989,2.982047,1.577012,-1.775376,1.804004,0.603336,1.690508
2710,90.333333,1,532.530975,346.274026,429.338112,353.304509,480.934544,349.789267,2.946005,1.676944,-1.809187,1.939021,0.568409,1.807983
2711,90.366667,1,532.134972,346.109312,429.602213,352.980777,480.868592,349.545044,2.95716,1.542971,-1.779053,1.789215,0.589054,1.666093
2712,90.4,1,532.528572,346.418302,429.363985,353.17712,480.946279,349.797711,2.957481,1.639603,-1.80353,2.047009,0.576976,1.843306
2713,90.433333,1,532.052679,346.337943,429.767694,352.828084,480.910187,349.583014,2.958612,1.585661,-1.768217,1.775504,0.595197,1.680582
2714,90.466667,1,532.365952,346.517077,429.523401,352.999697,480.944676,349.758387,2.954169,1.611516,-1.788708,1.901419,0.582731,1.756467
2715,90.5,1,531.981297,347.916058,429.32106,354.278773,480.651178,351.097416,2.960959,1.650422,-1.828938,2.082088,0.56601,1.866255
2716,90.533333,1,527.669277,355.247367,434.565239,359.665926,481.117258,357.456646,2.887082,1.575922,-1.662462,49.446241,0.61231,25.511081
2717,90.566667,1,528.742161,355.344817,433.973541,360.645935,481.357851,357.995376,2.918661,2.051806,-1.654649,18.526692,0.632006,10.289249
2718,90.6,1,530.50046,351.988757,433.303194,357.174754,481.901827,354.581755,3.028793,2.540885,-1.755128,4.102138,0.636832,3.321511
2719,90.633333,1,532.913275,348.60228,431.679344,355.363533,482.296309,351.982907,3.02162,1.682685,-1.863396,2.853663,0.579112,2.268174
2720,90.666667,1,532.922602,347.96864,431.468601,354.461614,482.195601,351.215127,2.931859,1.607387,-1.864885,2.331212,0.533487,1.969299
2721,90.7,1,533.286409,347.602562,431.546192,354.198575,482.416301,350.900568,2.936016,1.638265,-1.823456,2.213821,0.55628,1.926043
2722,90.733333,1,533.568354,347.474315,431.794834,353.512686,482.681594,350.4935,2.944929,1.842885,-1.810509,1.949251,0.56721,1.896068
2723,90.766667,1,534.071989,347.731286,431.744518,353.408563,482.908254,350.569924,2.963717,1.946035,-1.80135,1.867734,0.581183,1.906884
2724,90.8,1,534.391613,347.768746,432.336407,353.649999,483.36401,350.709372,2.954972,2.016639,-1.800489,1.87247,0.577241,1.944554
2725,90.833333,1,534.508963,347.837046,432.686033,353.611788,483.597498,350.724417,2.95855,1.973488,-1.798835,1.948021,0.579858,1.960754
2726,90.866667,1,534.571667,347.546423,432.556496,353.590937,483.564081,350.56868,2.987277,2.180743,-1.868611,1.999046,0.559333,2.089894
2727,90.9,1,534.831457,347.441661,432.058153,353.251964,483.444805,350.346813,3.050399,2.560824,-1.905898,2.276683,0.57225,2.418753
2728,90.933333,1,534.895945,347.959365,432.612171,353.265241,483.754058,350.612303,3.066213,2.754305,-1.917241,2.497704,0.574486,2.626005
2729,90.966667,1,534.761486,348.347572,433.324881,353.104067,484.043183,350.72582,3.071331,2.667105,-1.907622,2.838,0.581855,2.752552
2730,91.0,1,531.95714,351.3818,431.568003,355.714549,481.762571,353.548174,3.118706,3.182857,-1.890414,10.47302,0.614146,6.827938
2731,91.033333,1,530.539141,358.032004,436.369543,361.4393,483.454342,359.735652,2.838314,2.93526,-1.635385,33.994732,0.601464,18.464996
2732,91.066667,1,530.956593,357.781008,436.741409,361.527604,483.849001,359.654306,2.84558,1.996594,-1.613693,40.917321,0.615944,21.456958
2733,91.1,1,532.975054,353.84124,436.471691,358.291583,484.723372,356.066412,3.037846,6.185835,-1.68696,11.652715,0.675443,8.919275
2734,91.133333,1,535.809631,350.95719,431.503077,354.750488,483.656354,352.853839,3.215027,2.302235,-1.979461,6.174293,0.617783,4.238264
2735,91.166667,1,535.67935,348.732507,433.200026,352.946337,484.439688,350.839422,3.205193,2.444086,-1.980174,3.427699,0.612509,2.935893
2736,91.2,1,535.805407,348.434942,433.468485,352.86217,484.636946,350.648556,3.156093,2.605572,-1.929113,2.977947,0.61349,2.79176
2737,91.233333,1,536.380644,348.057529,432.961082,352.851666,484.670863,350.454597,3.148946,2.663701,-1.946184,2.537468,0.601381,2.600584
2738,91.266667,1,536.406956,347.734612,433.599949,352.393261,485.003452,350.063936,3.135433,2.716429,-1.906309,2.329994,0.614562,2.523211
2739,91.3,1,536.572418,347.958936,433.193789,352.450976,484.883103,350.204956,3.143312,2.767676,-1.927387,2.319498,0.607962,2.543587
2740,91.333333,1,536.645737,347.884655,432.624531,352.439572,484.635134,350.162113,3.149132,2.948185,-1.937438,2.442055,0.605847,2.69512
2741,91.366667,1,536.707296,347.875493,433.269682,352.060854,484.988489,349.968174,3.155758,3.039756,-1.934636,2.455651,0.610561,2.747703
2742,91.4,1,536.541071,347.976381,432.766161,351.901242,484.653616,349.938811,3.172479,3.21837,-1.961265,2.570185,0.605607,2.894278
2743,91.433333,1,536.610107,347.978908,432.752991,351.950986,484.681549,349.964947,3.15982,3.166234,-1.959267,2.622638,0.600276,2.894436
2744,91.466667,1,536.559687,348.117675,433.132915,351.846744,484.846301,349.98221,3.171637,3.268159,-1.959146,2.653022,0.606246,2.960591
2745,91.5,1,536.455564,348.119906,433.100481,351.846299,484.778023,349.983103,3.165518,3.256953,-1.969502,2.701269,0.598008,2.979111
2746,91.533333,1,536.407986,348.221315,432.747974,351.872451,484.57798,350.046883,3.204841,3.143493,-1.967441,2.685384,0.6187,2.914438
2747,91.566667,1,532.634754,352.071471,432.941542,355.405934,482.788148,353.738702,3.153912,3.418169,-1.925946,6.670092,0.613983,5.04413
2748,91.6,1,531.128912,358.06735,436.992483,361.77839,484.060698,359.92287,2.874872,4.700357,-1.648422,40.675507,0.613225,22.687932
2749,91.633333,1,531.386948,357.668806,437.708635,359.612968,484.547791,358.640887,2.925648,4.488191,-1.619319,29.300858,0.653164,16.894525
2750,91.666667,1,533.506775,352.847809,434.641294,356.156561,484.074035,354.502185,3.091405,3.051193,-1.817547,7.114777,0.636929,5.082985
2751,91.7,1,535.699177,351.183386,432.963295,354.030588,484.331236,352.606987,3.194811,2.679175,-1.946559,3.368376,0.624126,3.023776
2752,91.733333,1,536.317081,350.229802,433.749828,353.492972,485.033455,351.861387,3.168551,2.392898,-1.952342,2.902041,0.608105,2.647469
2753,91.766667,1,536.402302,349.845189,434.497013,352.909977,485.449657,351.377583,3.152519,2.506253,-1.857001,2.262924,0.647759,2.384589
2754,91.8,1,536.584501,349.612615,435.427809,352.761641,486.006155,351.187128,3.166274,2.312772,-1.81635,2.159701,0.674962,2.236237
2755,91.833333,1,536.629572,349.364188,435.590124,352.687569,486.109848,351.025878,3.154403,2.167793,-1.803044,2.018167,0.675679,2.09298
2756,91.866667,1,536.595936,349.142514,435.228825,352.625851,485.91238,350.884183,3.155493,2.219192,-1.800578,2.041976,0.677457,2.130584
2757,91.9,1,536.655579,349.134157,435.131702,352.688465,485.893641,350.911311,3.147808,2.114628,-1.802571,2.055888,0.672619,2.085258
2758,91.933333,1,536.608353,348.980734,435.03911,352.378492,485.823731,350.679613,3.155882,2.109807,-1.793512,1.962977,0.681185,2.036392
2759,91.966667,1,536.578274,348.773963,434.734564,352.499819,485.656419,350.636891,3.139628,2.086843,-1.8013,2.114525,0.669164,2.100684
2760,92.0,1,536.523161,348.876772,434.325342,352.406822,485.424252,350.641797,3.130544,2.168402,-1.79633,2.03441,0.667107,2.101406
2761,92.033333,1,536.501551,348.893434,434.245205,352.429068,485.373378,350.661251,3.121047,2.243373,-1.793768,2.021931,0.66364,2.132652
2762,92.066667,1,536.434526,348.876482,434.079914,352.447468,485.25722,350.661975,3.12584,2.199778,-1.796957,1.951419,0.664441,2.075598
2763,92.1,1,536.382093,348.848904,434.108877,352.460064,485.245485,350.654484,3.122734,2.134577,-1.786186,2.007688,0.668274,2.071133
2764,92.133333,1,536.496859,348.873167,433.776388,352.42733,485.136623,350.650249,3.117861,2.237418,-1.799614,1.94224,0.659124,2.089829
2765,92.166667,1,536.488314,348.755718,433.979015,352.182396,485.233665,350.469057,3.145708,2.22469,-1.790768,1.927336,0.67747,2.076013
2766,92.2,1,536.530857,348.586133,434.189701,352.155182,485.360279,350.370658,3.12566,2.343496,-1.786882,1.95635,0.669389,2.149923
2767,92.233333,1,536.581268,348.622182,433.925953,352.10481,485.253611,350.363496,3.133072,2.191635,-1.79666,1.966884,0.668206,2.07926
2768,92.266667,1,536.619749,348.346735,433.749857,351.930885,485.184803,350.13881,3.134653,2.279181,-1.817541,2.011241,0.658556,2.145211
2769,92.3,1,536.547832,348.315949,433.709984,351.872215,485.128908,350.094082,3.136381,2.328615,-1.825415,2.039629,0.655483,2.184122
2770,92.333333,1,536.08799,349.768108,433.634787,352.361321,484.861388,351.064714,3.177872,2.783692,-1.870802,2.532633,0.653535,2.658162
2771,92.366667,1,532.620726,357.6813,436.258078,359.781132,484.439402,358.731216,2.933641,10.145573,-1.692288,33.847466,0.620677,21.99652
2772,92.4,1,531.87892,359.027367,438.6588,361.291773,485.26886,360.15957,2.846952,0.560125,-1.609261,20.495973,0.618845,10.528049
2773,92.433333,1,533.631496,355.385839,438.014841,357.178311,485.823169,356.282075,3.010024,4.058716,-1.68746,7.348247,0.661282,5.703481
2774,92.466667,1,535.379753,351.644136,437.105942,353.500187,486.242847,352.572161,3.153901,2.540475,-1.845752,3.586045,0.654074,3.06326
2775,92.5,1,536.472836,350.368316,435.938921,352.117487,486.205878,351.242901,3.204961,2.625194,-1.885516,3.231191,0.659722,2.928193
2776,92.533333,1,536.707764,349.921337,434.099226,351.343364,485.403495,350.63235,3.208064,2.844411,-1.90535,2.567024,0.651357,2.705718
2777,92.566667,1,537.590733,349.556138,434.552212,350.791032,486.071472,350.173585,3.18218,3.497294,-1.897617,2.510348,0.642281,3.003821
2778,92.6,1,538.137455,349.388859,434.048147,350.628244,486.092801,350.008551,3.202571,3.068124,-1.932915,2.457815,0.634828,2.76297
2779,92.633333,1,538.698626,349.152916,435.206938,350.110331,486.952782,349.631623,3.20274,3.033107,-1.865694,2.353143,0.668523,2.693125
2780,92.666667,1,538.775997,348.891588,436.410608,349.859775,487.593303,349.375682,3.151259,3.180547,-1.873159,2.315088,0.63905,2.747817
2781,92.7,1,539.239426,348.776275,436.230059,349.988682,487.734742,349.382478,3.163927,3.072903,-1.878497,2.234283,0.642715,2.653593
2782,92.733333,1,539.47896,348.460659,436.386547,350.078793,487.932754,349.269726,3.140013,3.050771,-1.860305,2.280109,0.639854,2.66544
2783,92.766667,1,539.227161,348.72718,437.033634,349.633171,488.130398,349.180175,3.144805,2.968811,-1.868893,2.28834,0.637956,2.628576
2784,92.8,1,539.417801,348.583247,436.525517,349.530308,487.971659,349.056778,3.161657,3.524931,-1.862775,2.338845,0.649441,2.931888
2785,92.833333,1,539.484415,348.580688,435.811491,349.586619,487.647953,349.083653,3.169758,3.532014,-1.872052,2.357297,0.648853,2.944656
2786,92.866667,1,538.610849,348.345367,435.895166,349.574479,487.253008,348.959923,3.155252,3.762646,-1.885355,2.233837,0.634949,2.998242
2787,92.9,1,537.345648,348.964137,435.861244,349.639694,486.603446,349.301915,3.15379,3.704794,-1.868465,2.72347,0.642662,3.214132
2788,92.933333,1,532.246799,357.473912,436.16786,358.294603,484.20733,357.884257,2.976178,3.13739,-1.696195,65.843,0.639991,34.490195
2789,92.966667,1,530.743542,358.923029,438.37821,360.186344,484.560876,359.554686,2.828017,0.72634,-1.644959,16.080771,0.591529,8.403556
2790,93.0,1,530.789089,355.792526,435.555649,356.5621,483.172369,356.177313,2.99064,2.393942,-1.717749,21.775167,0.636446,12.084554
2791,93.033333,1,534.504414,352.056692,435.333891,352.606582,484.919152,352.331637,3.144043,2.435574,-1.865127,5.115326,0.639458,3.77545
2792,93.066667,1,535.907202,350.210141,436.075544,351.754493,485.991373,350.982317,3.216469,2.042557,-1.884808,3.37727,0.66583,2.709914
2793,93.1,1,536.261349,349.323773,435.681982,349.821489,485.971665,349.572631,3.205662,2.521721,-1.890595,2.814308,0.657533,2.668015
2794,93.133333,1,536.608276,348.87026,435.016632,350.029022,485.812454,349.449641,3.197929,2.824738,-1.851324,2.532151,0.673303,2.678445
2795,93.166667,1,536.757517,348.844108,433.741665,349.713289,485.249591,349.278698,3.216399,2.77375,-1.838009,2.301844,0.689195,2.537797
2796,93.2,1,536.747475,348.517597,434.360933,349.807096,485.554204,349.162347,3.19652,2.595349,-1.829749,2.222051,0.683386,2.4087
2797,93.233333,1,536.756659,348.435372,433.496304,349.709458,485.126481,349.072415,3.215621,2.685173,-1.84763,2.219276,0.683995,2.452224
2798,93.266667,1,536.909618,348.249773,434.125671,349.786212,485.517645,349.017993,3.195704,2.644605,-1.82749,2.23274,0.684107,2.438672
2799,93.3,1,537.002544,348.379029,433.19169,349.742562,485.097117,349.060796,3.215359,2.636417,-1.847542,2.238105,0.683908,2.437261
2800,93.333333,1,536.969652,348.207995,434.281292,349.822819,485.625472,349.015407,3.206661,2.601115,-1.830662,2.220174,0.687999,2.410644
2801,93.366667,1,533.936348,349.657,433.795557,350.741889,483.865952,350.199444,3.24831,2.671208,-1.930056,3.641713,0.659127,3.15646
2802,93.4,1,528.825083,358.333597,434.816532,360.451486,481.820807,359.392541,2.860648,4.184675,-1.662925,104.421989,0.598861,54.303332
2803,93.433333,1,529.710903,359.182012,437.064791,360.332433,483.387847,359.757223,2.864252,-1.085491,-1.614551,19.810756,0.624851,9.362632
2804,93.466667,1,530.420122,355.778831,434.303579,356.472402,482.361851,356.125616,2.983292,3.721167,-1.725669,17.218314,0.628811,10.46974
2805,93.5,1,533.6057,351.047221,432.803707,352.131541,483.204703,351.589381,3.184442,2.453021,-1.879604,3.337722,0.652419,2.895372
2806,93.533333,1,533.235435,349.531215,434.132042,349.871871,483.683739,349.701543,3.154602,2.871094,-1.926781,3.220907,0.61391,3.046001
2807,93.566667,1,533.17853,348.204385,434.226151,349.258327,483.70234,348.731356,3.161463,2.621133,-1.934248,3.11494,0.613608,2.868036
2808,93.6,1,533.23719,348.050877,434.009895,348.552766,483.623543,348.301822,3.188618,2.675795,-1.888606,2.606049,0.650006,2.640922
2809,93.633333,1,533.225555,347.626766,434.484959,348.643205,483.855257,348.134986,3.212758,2.625714,-1.870726,2.723977,0.671016,2.674846
2810,93.666667,1,533.117695,347.669209,433.692617,348.116548,483.405156,347.892879,3.168049,2.902331,-1.889858,2.452545,0.639096,2.677438
2811,93.7,1,532.866602,347.363298,433.978834,348.357947,483.422718,347.860622,3.216886,2.81718,-1.896418,2.600438,0.660234,2.708809
2812,93.733333,1,533.39901,347.066501,433.555965,347.92227,483.477488,347.494386,3.215323,2.830858,-1.881816,2.43851,0.666754,2.634684
2813,93.766667,1,533.154449,347.071779,433.247194,347.949398,483.200822,347.510589,3.235311,2.913572,-1.888561,2.361466,0.673375,2.637519
2814,93.8,1,533.487673,346.958794,433.684359,347.927361,483.586016,347.443078,3.219865,2.665047,-1.868817,2.404076,0.675524,2.534562
2815,93.833333,1,533.344078,346.803505,433.375235,347.858096,483.359656,347.3308,3.229671,2.784318,-1.867819,2.479382,0.680926,2.63185
2816,93.866667,1,533.666172,346.900504,433.679199,347.884285,483.672686,347.392395,3.230892,2.763784,-1.855669,2.385086,0.687611,2.574435
2817,93.9,1,529.067831,352.17377,433.616018,352.63209,481.341925,352.40293,3.032193,3.208499,-1.786226,11.177718,0.622984,7.193108
2818,93.933333,1,528.104591,357.25065,435.758028,359.049114,481.93131,358.149882,2.823445,-3.295864,-1.621687,81.76499,0.600879,39.234563
2819,93.966667,1,529.288807,356.863516,436.398478,356.336124,482.843642,356.59982,2.879727,4.055063,-1.654519,15.564008,0.612604,9.809536
2820,94.0,1,531.770658,352.185057,435.902109,352.86902,483.836384,352.527038,3.032024,3.451626,-1.745287,7.135607,0.643368,5.293616
2821,94.033333,1,535.879259,350.21948,435.747795,350.062855,485.813527,350.141168,3.128151,2.770869,-1.864235,3.569644,0.631958,3.170256
2822,94.066667,1,537.742329,349.353771,436.693907,348.565443,487.218118,348.959607,3.099192,3.213979,-1.887073,2.98764,0.60606,3.10081
2823,94.1,1,539.816551,349.120703,437.683716,347.461998,488.750134,348.29135,3.156627,3.018631,-1.878608,2.824905,0.639009,2.921768
2824,94.133333,1,540.695877,348.585634,440.049019,347.668807,490.372448,348.127221,3.10493,3.436544,-1.884065,3.131726,0.610432,3.284135
2825,94.166667,1,541.661415,348.338946,441.081152,347.28435,491.371284,347.811648,3.136106,3.522459,-1.90139,2.908618,0.617358,3.215539
2826,94.2,1,542.220964,348.446771,441.705198,347.287332,491.963081,347.867052,3.130011,3.181395,-1.89698,2.67322,0.616515,2.927308
2827,94.233333,1,542.703505,348.11202,441.896267,347.261637,492.299886,347.686829,3.1283,3.009591,-1.884836,2.783294,0.621732,2.896442
2828,94.266667,1,542.178125,348.18363,441.590443,347.25506,491.884284,347.719345,3.143399,3.096749,-1.911065,3.052504,0.616167,3.074627
2829,94.3,1,535.504084,353.747197,440.63489,351.528275,488.069487,352.637736,2.930093,5.913356,-1.787318,13.194748,0.571388,9.554052
2830,94.333333,1,534.055281,357.955497,443.592606,358.347464,488.823943,358.151481,2.810202,-0.457035,-1.5786,130.796308,0.615801,65.169637
2831,94.366667,1,533.654623,356.911334,442.477951,356.392166,488.066287,356.65175,2.866192,-0.212436,-1.607913,20.103063,0.62914,9.945313
2832,94.4,1,532.586117,352.189123,438.910971,352.467,485.748544,352.328061,2.959581,3.826406,-1.751706,32.326949,0.603937,18.076677
2833,94.433333,1,534.747944,350.17487,436.35376,350.047932,485.550852,350.111401,3.120099,2.462228,-1.873687,6.041067,0.623206,4.251648
2834,94.466667,1,531.877079,348.870957,434.209814,349.067643,483.043447,348.9693,3.106279,2.428762,-1.935131,3.698858,0.585574,3.06381
2835,94.5,1,532.09692,347.600523,433.337994,348.59683,482.717457,348.098677,3.170027,2.053082,-1.937351,3.2291,0.616338,2.641091
2836,94.533333,1,530.445795,346.942116,431.913691,348.413485,481.179743,347.6778,3.158305,1.985033,-1.958094,3.488698,0.600106,2.736866
2837,94.566667,1,529.704332,346.492674,431.002169,348.243497,480.353251,347.368086,3.141565,2.259672,-1.928924,3.20387,0.606321,2.731771
2838,94.6,1,528.857889,346.183432,430.213213,347.990522,479.535551,347.086977,3.124685,1.979581,-1.976678,3.428612,0.574004,2.704096
2839,94.633333,1,528.946009,346.224523,429.768295,348.04872,479.357152,347.136622,3.135409,2.07921,-1.967617,3.299402,0.583896,2.689306
2840,94.666667,1,528.937979,346.776903,429.249458,348.679581,479.093719,347.728242,3.137627,1.989192,-1.969357,3.801073,0.584135,2.895132
2841,94.7,1,525.172815,355.154868,433.09742,353.931432,479.135118,354.54315,2.952294,2.745251,-1.59385,39.548083,0.679222,21.146667
2842,94.733333,1,527.383604,358.722984,433.405399,358.636,480.394502,358.679492,2.883355,-2.60215,-1.555135,36.699248,0.66411,17.048549
2843,94.766667,1,527.122278,355.634206,435.303583,355.306445,481.212931,355.470326,2.923743,-1.874232,-1.588312,15.162823,0.667715,6.644295
2844,94.8,1,530.07761,351.570675,431.926641,351.836917,481.002126,351.703796,3.096075,2.927472,-1.79741,9.353741,0.649333,6.140606
2845,94.833333,1,531.432686,349.426872,432.146702,349.66289,481.789694,349.544881,3.122761,2.749301,-1.882188,3.836617,0.620286,3.292959
2846,94.866667,1,530.61327,348.947877,432.749071,348.54582,481.68117,348.746848,3.109434,2.613769,-1.880717,3.068304,0.614358,2.841037
2847,94.9,1,531.133184,348.507534,432.70505,348.148037,481.919117,348.327785,3.127736,2.577005,-1.94913,3.504383,0.589303,3.040694
2848,94.933333,1,531.990118,348.424991,432.944317,348.200292,482.467217,348.312642,3.160121,2.79527,-1.978797,3.321557,0.590662,3.058413
2849,94.966667,1,533.61784,348.545675,433.710833,347.981799,483.664336,348.263737,3.163536,3.133742,-1.970597,3.093679,0.596469,3.11371
2850,95.0,1,534.140415,348.656852,433.691902,347.928649,483.916159,348.29275,3.17683,3.327408,-2.000394,3.400419,0.588218,3.363913
2851,95.033333,1,534.320707,348.687596,434.221649,347.765924,484.271178,348.22676,3.185816,3.422572,-1.995039,3.469619,0.595388,3.446096
2852,95.066667,1,534.758358,348.779773,434.883909,347.750593,484.821134,348.265183,3.197592,3.29888,-1.982897,3.48315,0.607347,3.391015
2853,95.1,1,535.139322,348.845884,435.280037,347.781669,485.20968,348.313776,3.187187,3.455426,-1.967049,3.667877,0.610069,3.561652
2854,95.133333,1,535.743418,349.081661,435.286179,347.854357,485.514798,348.468009,3.189738,3.479961,-1.962173,3.418998,0.613782,3.44948
2855,95.166667,1,536.051083,348.706559,435.786552,347.587579,485.918818,348.147069,3.212915,3.359536,-1.976385,3.494056,0.618265,3.426796
2856,95.2,1,536.288147,349.387749,435.561714,347.877134,485.924931,348.632441,3.221993,3.564221,-1.972385,3.385892,0.624804,3.475056
2857,95.233333,1,531.669302,355.749729,439.263477,354.112626,485.46639,354.931177,2.942066,5.497287,-1.634722,37.303277,0.653672,21.400282
2858,95.266667,1,532.41271,359.40095,440.360689,358.532183,486.3867,358.966566,2.817471,-0.581173,-1.587768,18.814352,0.614851,9.11659
2859,95.3,1,533.569775,357.182366,441.825514,355.069145,487.697644,356.125756,2.868611,3.710295,-1.593877,28.234679,0.637367,15.972487
2860,95.333333,1,535.938034,352.875318,441.464872,351.583673,488.701453,352.229496,3.053653,3.387668,-1.686369,10.741571,0.683642,7.064619
2861,95.366667,1,538.533869,351.341046,440.300245,349.666516,489.417057,350.503781,3.123123,2.971812,-1.801335,3.999839,0.660894,3.485825
2862,95.4,1,538.816538,350.987021,437.75135,348.456277,488.283944,349.721649,3.10737,3.391478,-1.881326,4.000908,0.613022,3.696193
2863,95.433333,1,539.761391,350.783989,438.743515,348.031849,489.252453,349.407919,3.129278,3.563125,-1.888787,3.781284,0.620245,3.672204
2864,95.466667,1,539.995804,350.346231,439.460678,348.043823,489.728241,349.195027,3.165081,3.412847,-1.879646,4.047269,0.642717,3.730058
2865,95.5,1,540.229702,350.275539,440.592356,347.867296,490.411029,349.071417,3.153222,3.537894,-1.876799,4.061773,0.638212,3.799833
2866,95.533333,1,540.146627,350.322987,440.018387,348.015289,490.082507,349.169138,3.145628,3.531485,-1.886156,4.045955,0.629736,3.78872
2867,95.566667,1,540.192671,350.393314,440.139608,347.962015,490.16614,349.177665,3.156385,3.48891,-1.899582,4.074708,0.628401,3.781809
2868,95.6,1,540.278187,350.405486,439.993238,348.011438,490.135713,349.208462,3.123989,3.599279,-1.900156,3.912821,0.611917,3.75605
2869,95.633333,1,540.489464,350.420871,439.710255,347.855119,490.099859,349.137995,3.141854,3.755675,-1.891229,3.757768,0.625312,3.756721
2870,95.666667,1,540.535946,350.214449,439.731436,347.896559,490.133691,349.055504,3.127483,3.486545,-1.897081,3.710751,0.615201,3.598648
2871,95.7,1,540.614023,350.264729,439.909945,347.881179,490.261984,349.072954,3.138407,3.460418,-1.890756,3.790196,0.623826,3.625307
2872,95.733333,1,540.815859,350.713833,440.284548,348.065414,490.550203,349.389624,3.117372,3.388801,-1.883606,3.979296,0.616883,3.684048
2873,95.766667,1,537.869062,357.621551,445.264788,354.526314,491.566925,356.073933,2.849005,10.225442,-1.593587,43.071831,0.627709,26.648637
2874,95.8,1,538.128767,360.363037,444.860163,357.816837,491.494465,359.089937,2.748259,0.154788,-1.598707,21.27444,0.574776,10.714614
2875,95.833333,1,539.923935,357.851899,444.677134,353.701277,492.300534,355.776588,2.881274,6.851325,-1.657578,12.311886,0.611848,9.581606
2876,95.866667,1,542.018957,353.964799,443.637457,350.670778,492.828207,352.317789,3.013119,3.529364,-1.767497,8.316882,0.622811,5.923123
2877,95.9,1,540.844269,352.152414,443.241577,349.545307,492.042923,350.848861,2.992582,2.940565,-1.840382,4.136614,0.5761,3.538589
2878,95.933333,1,542.162447,351.348943,442.84935,348.514432,492.505898,349.931687,3.012811,3.285027,-1.891487,4.086516,0.560662,3.685772
2879,95.966667,1,543.014803,350.499616,442.955027,348.061107,492.984915,349.280361,3.034407,3.224702,-1.924752,3.905836,0.554828,3.565269
2880,96.0,1,542.520304,350.086319,442.981958,347.941421,492.751131,349.01387,3.017695,3.100906,-1.929227,3.6363,0.544234,3.368603
2881,96.033333,1,542.606201,350.083728,442.4263,347.753554,492.516251,348.918641,3.020895,3.036124,-1.954323,3.828395,0.533286,3.43226
2882,96.066667,1,542.874327,350.277153,443.113937,347.739097,492.994132,349.008125,3.04996,3.173679,-1.908468,3.781819,0.570746,3.477749
2883,96.1,1,541.155624,356.144518,445.839157,351.832743,493.497391,353.98863,2.92326,7.841633,-1.670786,25.372643,0.626237,16.607138
2884,96.133333,1,541.039734,359.539706,446.254206,356.335223,493.64697,357.937464,2.779859,0.617918,-1.617714,28.118118,0.581073,14.368018
2885,96.166667,1,540.370655,356.342513,446.902704,353.319969,493.63668,354.831241,2.8398,2.894809,-1.637152,12.868467,0.601324,7.881638
2886,96.2,1,540.043087,353.006955,446.614933,350.276161,493.32901,351.641558,2.856266,2.958703,-1.71274,9.020538,0.571763,5.98962
2887,96.233333,1,542.635803,351.605791,444.262342,348.471989,493.449073,350.03889,2.994953,2.661849,-1.863012,3.541835,0.56597,3.101842
2888,96.266667,1,543.13014,351.549545,444.327526,348.203017,493.728833,349.876281,2.993637,2.870707,-1.889956,3.310555,0.55184,3.090631
2889,96.3,1,544.338665,350.544484,444.612379,347.840281,494.475522,349.192382,3.000985,2.450545,-1.88817,3.403063,0.556408,2.926804
2890,96.333333,1,544.442902,350.208537,444.51684,347.891677,494.479871,349.050107,2.983007,2.222736,-1.902102,3.58429,0.540453,2.903513
2891,96.366667,1,544.695206,350.09096,444.339972,347.747594,494.517589,348.919277,2.974524,2.171681,-1.919856,3.330578,0.527334,2.75113
2892,96.4,1,544.724894,350.137255,443.716593,348.204229,494.220743,349.170742,2.923884,1.928146,-1.950163,3.160518,0.486861,2.544332
2893,96.433333,1,544.710102,350.222576,443.850946,348.264188,494.280524,349.243382,2.925618,1.940619,-1.938526,2.997721,0.493546,2.46917
2894,96.466667,1,544.584417,350.132979,443.158445,348.395868,493.871431,349.264424,2.92607,1.852742,-1.959806,3.111393,0.483132,2.482067
2895,96.5,1,545.090599,350.415072,442.861376,348.576676,493.975987,349.495874,2.918865,1.979422,-1.974856,3.130394,0.472005,2.554908
2896,96.533333,1,544.764996,350.465809,442.65132,348.761657,493.708158,349.613733,2.934684,2.180351,-1.969155,3.024536,0.482764,2.602443
2897,96.566667,1,544.558897,350.960956,442.005148,349.000406,493.282022,349.980681,2.932547,2.051814,-1.927182,2.775836,0.502683,2.413825
2898,96.6,1,543.941603,350.861993,441.299419,348.85554,492.620511,349.858766,2.907718,2.162639,-1.909891,2.428407,0.498913,2.295523
2899,96.633333,1,543.502779,350.744206,440.661535,348.764403,492.082157,349.754305,2.904062,1.973471,-1.883018,2.120725,0.510522,2.047098
2900,96.666667,1,542.410097,350.390514,439.616508,348.951879,491.013303,349.671197,2.906089,1.832614,-1.865429,2.173462,0.52033,2.003038
2901,96.7,1,541.489248,350.385134,438.765306,348.839854,490.127277,349.612494,2.903102,1.819103,-1.843078,1.946508,0.530012,1.882806
2902,96.733333,1,540.861368,350.245203,438.094292,348.810044,489.47783,349.527623,2.914375,1.834805,-1.85229,2.091317,0.531042,1.963061
2903,96.766667,1,540.51053,350.411215,437.731209,349.043857,489.12087,349.727536,2.913308,1.777473,-1.857402,1.991394,0.527953,1.884433
2904,96.8,1,540.338287,350.562433,438.261633,349.06833,489.29996,349.815381,2.924013,1.777565,-1.857332,1.88573,0.533341,1.831647
2905,96.833333,1,540.624962,350.785786,438.271542,349.083125,489.448252,349.934455,2.927086,1.717814,-1.829704,1.793012,0.548691,1.755413
2906,96.866667,1,541.155033,351.171193,438.899765,349.028767,490.027399,350.09998,2.893967,1.817218,-1.845619,1.777731,0.524174,1.797474
2907,96.9,1,541.571217,351.163264,439.341364,348.885087,490.45629,350.024175,2.88984,1.569378,-1.811634,1.737826,0.539103,1.653602
2908,96.933333,1,541.748533,351.408509,439.393177,348.71902,490.570855,350.063765,2.900901,1.596704,-1.793461,1.760584,0.55372,1.678644
2909,96.966667,1,542.303505,351.21531,439.424992,348.648516,490.864248,349.931913,2.926814,1.673129,-1.773677,1.799994,0.576568,1.736561
2910,97.0,1,542.897348,351.399025,440.23098,348.593541,491.564164,349.996283,2.924627,1.64517,-1.759809,1.789142,0.582409,1.717156
2911,97.033333,1,543.122253,351.445663,440.262947,348.654342,491.6926,350.050002,2.941344,1.815405,-1.741239,1.847823,0.600052,1.831614
2912,97.066667,1,542.950296,351.65436,440.312881,348.809835,491.631589,350.232098,2.967047,1.75423,-1.703258,1.731016,0.631894,1.742623
2913,97.1,1,543.189516,351.611837,440.017967,348.874159,491.603742,350.242998,2.970117,1.730322,-1.693318,1.777896,0.6384,1.754109
2914,97.133333,1,543.175249,351.502848,439.65044,348.557509,491.412845,350.030178,2.962645,1.736187,-1.701452,1.702457,0.630597,1.719322
2915,97.166667,1,543.424244,351.118648,439.729691,348.128141,491.576967,349.623394,2.992944,1.67988,-1.754634,1.940347,0.619155,1.810114
2916,97.2,1,540.968037,353.181143,440.814743,350.624843,490.89139,351.902993,3.039729,2.591678,-1.733841,2.935609,0.652944,2.763644
2917,97.233333,1,535.654936,359.917662,441.669416,356.750826,488.662176,358.334244,2.909132,-3.326203,-1.569333,34.777382,0.6699,15.725589
2918,97.266667,1,533.051682,355.433893,435.811977,353.774148,484.431829,354.60402,2.972853,4.062689,-1.676555,26.259339,0.648149,15.161014
2919,97.3,1,527.664518,349.965379,425.044117,351.243145,476.354318,350.604262,2.972391,1.483988,-1.91379,4.116137,0.5293,2.800063
2920,97.333333,1,520.54038,349.252163,419.945717,349.800203,470.243049,349.526183,2.895869,1.122314,-1.865175,1.962539,0.515347,1.542426
2921,97.366667,1,515.673647,347.468505,415.455999,349.053159,465.564823,348.260832,2.791541,0.889974,-1.845259,1.613141,0.473141,1.251557
2922,97.4,1,512.450752,346.090241,411.939526,349.118139,462.195139,347.60419,2.806743,0.708517,-1.841105,1.59941,0.482819,1.153964
2923,97.433333,1,509.705763,344.994618,409.047346,349.177421,459.376554,347.086019,2.838429,0.490675,-1.858073,1.525559,0.490178,1.008117
2924,97.466667,1,507.134428,344.439138,406.846733,349.799264,456.990581,347.119201,2.855083,0.515018,-1.798227,1.539953,0.528428,1.027485
2925,97.5,1,505.675116,344.234662,405.088902,349.665953,455.382009,346.950307,2.849553,0.556632,-1.820278,1.427575,0.514637,0.992103
2926,97.533333,1,504.559183,343.728856,404.191046,349.991782,454.375114,346.860319,2.893997,0.464384,-1.805614,1.523207,0.544191,0.993795
2927,97.566667,1,503.11924,343.358518,402.964983,350.048929,453.042111,346.703724,2.86089,0.426601,-1.798893,1.559398,0.530998,0.993
2928,97.6,1,502.229052,343.142,401.99235,349.787918,452.110701,346.464959,2.884216,0.371693,-1.784863,1.540392,0.549676,0.956042
2929,97.633333,1,501.224623,342.911732,400.374165,349.418793,450.799394,346.165262,2.912309,0.354234,-1.78866,1.525104,0.561825,0.939669
2930,97.666667,1,499.91477,342.488244,399.361734,349.46571,449.638252,345.976977,2.940542,0.288274,-1.785586,1.483106,0.577478,0.88569
2931,97.7,1,498.69338,341.738158,398.470221,349.45371,448.5818,345.595934,2.941995,0.247137,-1.787979,1.519905,0.577008,0.883521
2932,97.733333,1,497.939444,341.167068,397.381477,348.931854,447.66046,345.049461,2.9341,0.313233,-1.787824,1.553326,0.573138,0.933279
2933,97.766667,1,496.000156,341.171021,395.728569,348.459554,445.864363,344.815288,2.952293,0.421757,-1.80211,1.325735,0.575092,0.873746
2934,97.8,1,495.779791,340.978836,395.696201,348.261521,445.737996,344.620179,2.943329,0.400006,-1.792996,1.308449,0.575166,0.854228
2935,97.833333,1,495.495815,340.900242,395.451927,348.034097,445.473871,344.467169,2.932999,0.445857,-1.797508,1.189874,0.567745,0.817866
2936,97.866667,1,495.383625,341.173612,395.820093,348.163851,445.601859,344.668732,2.923501,0.393378,-1.779861,1.197539,0.57182,0.795458
2937,97.9,1,495.309515,340.685472,395.702114,348.008278,445.505815,344.346875,2.891632,0.354401,-1.787658,1.340249,0.551987,0.847325
2938,97.933333,1,495.440941,340.549634,395.898361,348.321887,445.669651,344.435761,2.893892,0.281656,-1.788157,1.455878,0.552868,0.868767
2939,97.966667,1,496.110306,347.06826,400.021143,352.019801,448.065724,349.54403,2.995835,-1.421286,-1.699102,11.349866,0.648367,4.96429
2940,98.0,1,496.602116,350.105921,406.924114,355.275026,451.763115,352.690473,2.905327,-7.843526,-1.483865,58.751389,0.710731,25.453931
2941,98.033333,1,498.878994,346.263737,398.224878,352.463894,448.551936,349.363815,3.059473,-1.374857,-1.75686,7.616429,0.651307,3.120786
2942,98.066667,1,497.964954,343.077772,396.370592,350.783581,447.167773,346.930676,2.992619,0.133453,-1.867296,2.653801,0.562661,1.393627
2943,98.1,1,496.482258,342.458219,396.430416,350.08235,446.456337,346.270284,2.932456,0.27779,-1.878216,1.938006,0.52712,1.107898
2944,98.133333,1,496.633034,342.401608,397.213182,349.850559,446.923108,346.126083,2.944074,0.224006,-1.843439,1.846376,0.550317,1.035191
2945,98.166667,1,496.941805,342.116865,397.113857,349.521908,447.027831,345.819386,2.898989,0.297298,-1.822151,1.628525,0.538419,0.962911
2946,98.2,1,498.808908,341.586227,397.816,348.772885,448.312454,345.179556,2.948266,0.24676,-1.843182,1.789016,0.552542,1.017888
2947,98.233333,1,500.479851,341.828077,399.900417,347.339609,450.190134,344.583843,3.031192,0.327586,-1.716158,1.635219,0.657517,0.981402
2948,98.266667,1,500.433092,341.98836,399.359865,347.430804,449.896479,344.709582,3.027147,0.316521,-1.752216,1.504802,0.637465,0.910662
2949,98.3,1,500.207891,341.376457,398.968744,346.940432,449.588318,344.158444,3.022711,0.299108,-1.752729,1.525677,0.634991,0.912393
2950,98.333333,1,499.539661,341.082391,398.483238,346.689527,449.01145,343.885959,3.01012,0.281671,-1.728489,1.495035,0.640816,0.888353
2951,98.366667,1,499.254246,341.150808,398.160706,346.640507,448.707476,343.895658,3.009716,0.227642,-1.731108,1.498748,0.639304,0.863195
2952,98.4,1,498.801517,340.791113,397.72274,346.642256,448.262129,343.716685,3.035562,0.234065,-1.739708,1.565173,0.647927,0.899619
2953,98.433333,1,498.477993,340.692392,397.564516,346.489874,448.021255,343.591133,3.038736,0.251001,-1.731072,1.608909,0.653832,0.929955
2954,98.466667,1,497.983665,340.759147,397.485027,346.303836,447.734346,343.531491,3.03523,0.226761,-1.744083,1.55462,0.645574,0.89069
2955,98.5,1,497.619362,340.905874,397.254868,346.515017,447.437115,343.710446,3.026262,0.21486,-1.761462,1.524695,0.6324,0.869777
2956,98.533333,1,497.401485,340.898235,397.145443,346.56474,447.273464,343.731488,3.038461,0.206091,-1.757397,1.550615,0.640532,0.878353
2957,98.566667,1,497.584209,340.980869,396.853037,346.607162,447.218623,343.794015,3.031107,0.241066,-1.75357,1.609934,0.638768,0.9255
2958,98.6,1,497.459745,341.243119,396.685143,347.029105,447.072444,344.136112,3.03472,0.263161,-1.740608,1.566652,0.647056,0.914906
2959,98.633333,1,496.145706,344.843872,398.357868,349.564877,447.251787,347.204374,2.961037,-0.020536,-1.821979,1.926383,0.569529,0.952924
2960,98.666667,1,497.239017,351.935745,406.031942,356.864423,451.63548,354.400084,2.939873,-13.854272,-1.500716,26.852525,0.719578,6.499126
2961,98.7,1,498.767996,350.32391,404.20166,355.992941,451.484828,353.158425,3.054075,-5.49349,-1.57454,57.369315,0.739768,25.937913
2962,98.733333,1,502.703676,350.061074,404.69264,353.784024,453.698158,351.922549,3.061421,-1.221367,-1.658753,6.771781,0.701334,2.775207
2963,98.766667,1,503.93322,349.234337,405.581589,352.652491,454.757404,350.943414,3.006752,-0.396966,-1.707071,4.064745,0.64984,1.833889
2964,98.8,1,505.132523,348.617381,406.03652,352.119986,455.584521,350.368684,2.954186,-0.054692,-1.738588,2.693384,0.607799,1.319346
2965,98.833333,1,505.868549,347.684664,406.878719,352.002323,456.373634,349.843494,2.98611,0.012032,-1.736989,2.435306,0.624561,1.223669
2966,98.866667,1,506.249647,348.011127,406.950121,351.873277,456.599884,349.942202,2.963921,0.059466,-1.742771,2.083487,0.610575,1.071476
2967,98.9,1,506.627293,347.813072,406.595716,351.579693,456.611505,349.696383,2.954768,0.136114,-1.74044,2.100665,0.607164,1.11839
2968,98.933333,1,506.613445,347.71426,406.250486,351.51988,456.431966,349.61707,2.94275,0.171488,-1.737115,1.96341,0.602817,1.067449
2969,98.966667,1,506.315403,347.43215,406.087961,351.294118,456.201682,349.363134,2.941622,0.108453,-1.729858,2.01497,0.605882,1.061711
2970,99.0,1,506.042976,347.483563,405.626698,351.464921,455.834837,349.474242,2.944137,0.188109,-1.721195,1.877847,0.611471,1.032978
2971,99.033333,1,505.7897,347.827926,404.935436,351.70727,455.362568,349.767598,2.957575,0.206841,-1.72163,1.784487,0.617972,0.995664
2972,99.066667,1,505.25197,347.784968,404.778366,352.014742,455.015168,349.899855,2.966979,0.15357,-1.726352,1.75498,0.620314,0.954275
2973,99.1,1,505.133419,348.248175,404.262428,352.59426,454.697924,350.421217,2.969633,0.128974,-1.732812,1.849703,0.61841,0.989338
2974,99.133333,1,504.430189,348.126183,403.093948,352.932926,453.762069,350.529554,2.951105,0.141081,-1.742668,1.834199,0.604218,0.98764
2975,99.166667,1,504.214067,348.240981,403.375578,352.524517,453.794823,350.382749,2.968719,0.097792,-1.719297,1.78503,0.624711,0.941411
2976,99.2,1,504.129143,348.510897,403.329773,352.811149,453.729458,350.661023,2.96167,0.128909,-1.713584,1.72049,0.624043,0.924699
2977,99.233333,1,503.916206,348.726279,403.590345,352.813863,453.753276,350.770071,2.983801,0.139684,-1.697319,1.637282,0.643241,0.888483
2978,99.266667,1,504.136572,348.763969,403.3358,352.992133,453.736186,350.878051,2.942465,0.171744,-1.712868,1.690759,0.614799,0.931252
2979,99.3,1,504.029379,348.674963,403.563051,352.937781,453.796215,350.806372,2.963416,0.176624,-1.708195,1.781443,0.62761,0.979033
2980,99.333333,1,504.083004,348.7411,403.71644,353.232298,453.899722,350.986699,2.942222,0.18939,-1.716814,1.723109,0.612704,0.95625
2981,99.366667,1,503.993902,348.708796,403.783836,353.252791,453.888869,350.980793,2.946428,0.184981,-1.729885,1.781832,0.608271,0.983407
2982,99.4,1,503.92786,348.700191,403.76833,353.200917,453.848095,350.950554,2.932467,0.167675,-1.73538,1.790194,0.598544,0.978934
2983,99.433333,1,503.722916,348.765916,403.790188,353.155308,453.756552,350.960612,2.942548,0.157455,-1.724182,1.759292,0.609183,0.958374
2984,99.466667,1,503.827162,348.791172,403.455496,353.235383,453.641329,351.013277,2.936186,0.143218,-1.735368,1.827892,0.600409,0.985555
2985,99.5,1,503.842688,348.872378,403.297663,353.262323,453.570175,351.067351,2.947029,0.172781,-1.73513,1.81722,0.605949,0.995
2986,99.533333,1,503.715019,348.960709,403.183098,353.364574,453.449059,351.162642,2.94999,0.205296,-1.734023,1.801893,0.607983,1.003595
2987,99.566667,1,503.722172,348.994934,402.974129,353.430621,453.34815,351.212777,2.95327,0.228363,-1.734228,1.7806,0.609521,1.004482
2988,99.6,1,503.709459,348.973128,403.023224,353.444048,453.366342,351.208588,2.946612,0.204637,-1.733236,1.864374,0.606688,1.034505
2989,99.633333,1,503.50049,349.065331,402.882738,353.428561,453.191614,351.246946,2.9421,0.238042,-1.73091,1.787164,0.605595,1.012603
2990,99.666667,1,503.574142,349.023499,402.874193,353.439499,453.224168,351.231499,2.93159,0.215522,-1.723171,1.799128,0.604209,1.007325
2991,99.7,1,503.538027,349.076607,402.814589,353.39476,453.176308,351.235684,2.92311,0.206489,-1.72921,1.810551,0.59695,1.00852
2992,99.733333,1,503.545818,349.032442,402.80426,353.38725,453.175039,351.209846,2.934051,0.218823,-1.734185,1.8826,0.599933,1.050711
2993,99.766667,1,503.450232,349.06782,403.035936,353.652526,453.243084,351.360173,2.927452,0.204129,-1.726661,1.851634,0.600395,1.027882
2994,99.8,1,503.438978,349.08541,402.984724,353.714018,453.211851,351.399714,2.925392,0.233593,-1.732684,1.770989,0.596354,1.002291
2995,99.833333,1,503.419123,349.149681,403.080931,353.625226,453.250027,351.387454,2.934643,0.228176,-1.729117,1.800916,0.602763,1.014546
2996,99.866667,1,503.618488,349.211603,403.195591,353.664284,453.40704,351.437944,2.938394,0.206279,-1.72551,1.872874,0.606442,1.039576
2997,99.9,1,503.612671,349.346952,403.307447,353.618129,453.460059,351.482541,2.947898,0.232149,-1.721188,1.79954,0.613355,1.015844
2998,99.933333,1,503.601379,349.102957,403.294773,353.560064,453.448076,351.331511,2.960292,0.239274,-1.712364,1.879173,0.623964,1.059223
2999,99.966667,1,503.652048,350.145124,403.671875,354.129497,453.661962,352.137311,2.967961,0.09678,-1.721053,2.195977,0.623454,1.146379
3000,100.0,1,503.283138,357.438887,410.643606,359.423019,456.963372,358.430953,2.92138,-7.787763,-1.446613,32.018364,0.737383,12.1153
3001,100.033333,1,501.509247,355.397973,409.552927,358.282973,455.531087,356.840473,2.870036,-18.784241,-1.506902,51.062995,0.681567,16.139377
3002,100.066667,1,505.620384,351.553118,404.440432,353.789742,455.030408,352.67143,2.954266,-0.186793,-1.74813,6.437964,0.603068,3.125586
3003,100.1,1,505.48687,348.361986,404.055653,351.896376,454.771261,350.129181,2.916265,0.310937,-1.7022,2.055235,0.607033,1.183086
3004,100.133333,1,505.590744,347.726582,404.459915,351.154772,455.02533,349.440677,2.916257,0.319667,-1.681625,1.822899,0.617316,1.071283
3005,100.166667,1,505.959425,347.503459,404.336157,350.994097,455.147791,349.248778,2.894916,0.334215,-1.69113,1.747802,0.601893,1.041009
3006,100.2,1,506.084347,347.499484,404.513149,350.993673,455.298748,349.246579,2.932858,0.326634,-1.671407,1.747927,0.630726,1.037281
3007,100.233333,1,506.220751,347.713326,404.434729,350.799385,455.32774,349.256355,2.912644,0.389161,-1.664371,1.670742,0.624136,1.029951
3008,100.266667,1,506.314716,347.363722,404.676962,350.848517,455.495839,349.10612,2.94042,0.378741,-1.661999,1.674264,0.639211,1.026503
3009,100.3,1,506.603632,347.376044,404.486437,350.863575,455.545034,349.11981,2.930307,0.374757,-1.684461,1.686577,0.622923,1.030667
3010,100.333333,1,506.442175,347.457089,404.506655,351.172952,455.474415,349.315021,2.916811,0.386607,-1.664001,1.708681,0.626405,1.047644
3011,100.366667,1,506.515532,347.424833,404.342318,351.182699,455.428925,349.303766,2.906822,0.386225,-1.673162,1.652342,0.61683,1.019283
3012,100.4,1,506.314278,347.288427,404.588995,351.328901,455.451636,349.308664,2.921506,0.357254,-1.667191,1.65552,0.627158,1.006387
3013,100.433333,1,506.451473,347.38593,404.435167,351.282102,455.44332,349.334016,2.896609,0.36684,-1.676616,1.652104,0.609997,1.009472
3014,100.466667,1,506.240597,347.80244,404.320717,351.264276,455.280657,349.533358,2.879529,0.381899,-1.660905,1.529546,0.609312,0.955722
3015,100.5,1,506.26029,347.799216,404.402475,351.28127,455.331383,349.540243,2.88223,0.372977,-1.658482,1.543914,0.611874,0.958445
3016,100.533333,1,506.197233,347.781465,404.276905,351.329277,455.237069,349.555371,2.867375,0.373295,-1.668703,1.544267,0.599336,0.958781
3017,100.566667,1,506.074085,347.89077,404.458637,351.351024,455.266361,349.620897,2.892261,0.367083,-1.645422,1.492839,0.623419,0.929961
3018,100.6,1,505.8883,347.693773,403.919706,351.693129,454.904003,349.693451,2.868391,0.361684,-1.681899,1.549086,0.593246,0.955385
3019,100.633333,1,505.769739,347.723363,404.040298,351.70183,454.905019,349.712597,2.919746,0.337025,-1.672046,1.508676,0.62385,0.92285
3020,100.666667,1,505.857611,347.6506,403.931952,351.73517,454.894781,349.692885,2.898717,0.350074,-1.676145,1.539385,0.611286,0.944729
3021,100.7,1,505.763578,347.649232,404.197826,351.641207,454.980702,349.645219,2.947641,0.339989,-1.671894,1.518829,0.637873,0.929409
3022,100.733333,1,505.967903,347.672798,403.906488,351.707173,454.937196,349.689986,2.888252,0.372934,-1.674895,1.556087,0.606679,0.964511
3023,100.766667,1,505.947485,347.814773,404.267845,351.559571,455.107665,349.687172,2.932678,0.34793,-1.665391,1.55035,0.633643,0.94914
3024,100.8,1,506.179142,347.812171,404.1992,351.401069,455.189171,349.60662,2.899178,0.393385,-1.666115,1.569764,0.616531,0.981575
3025,100.833333,1,506.362019,347.844942,404.351368,351.30415,455.356693,349.574546,2.909955,0.402239,-1.664555,1.526539,0.6227,0.964389
3026,100.866667,1,506.344662,347.882863,404.388618,351.399363,455.36664,349.641113,2.908728,0.406969,-1.678992,1.521306,0.614868,0.964138
3027,100.9,1,506.553459,347.878228,404.285488,351.496872,455.419474,349.68755,2.902091,0.404678,-1.688476,1.540726,0.606807,0.972702
3028,100.933333,1,506.275282,347.820416,404.618759,351.355074,455.447021,349.587745,2.939513,0.382316,-1.676671,1.530686,0.631421,0.956501
3029,100.966667,1,506.597757,347.891731,404.284506,351.379777,455.441132,349.635754,2.89741,0.414453,-1.697709,1.533804,0.599851,0.974128
3030,101.0,1,506.337051,347.820035,404.549961,351.313468,455.443506,349.566751,2.934642,0.394265,-1.67584,1.527547,0.629401,0.960906
3031,101.033333,1,506.446533,347.846514,404.241552,351.422312,455.344043,349.634413,2.896489,0.395534,-1.703917,1.519543,0.596286,0.957538
3032,101.066667,1,506.191092,347.872113,404.549503,351.356029,455.370297,349.614071,2.933439,0.38913,-1.685859,1.563275,0.62379,0.976202
3033,101.1,1,506.348124,347.798781,404.26384,351.409169,455.305982,349.603975,2.897526,0.388875,-1.698488,1.513074,0.599519,0.950974
3034,101.133333,1,506.211376,347.846358,404.596472,351.323799,455.403924,349.585079,2.942103,0.390562,-1.67507,1.537656,0.633517,0.964109
3035,101.166667,1,506.31525,347.736533,404.346685,351.527068,455.330968,349.6318,2.886996,0.380814,-1.697005,1.527909,0.594996,0.954361
3036,101.2,1,506.25598,347.894461,404.593534,351.476664,455.424757,349.685563,2.930581,0.364957,-1.678185,1.556264,0.626198,0.96061
3037,101.233333,1,506.342592,347.574356,404.678955,351.653185,455.510774,349.613771,2.896175,0.369791,-1.682165,1.583765,0.607005,0.976778
3038,101.266667,1,506.77515,347.913054,405.20463,351.509939,455.98989,349.711497,2.934644,0.372809,-1.67439,1.556815,0.630127,0.964812
3039,101.3,1,507.105694,347.974359,405.590668,351.449257,456.348181,349.711808,2.904513,0.392064,-1.673542,1.528983,0.615485,0.960523
3040,101.333333,1,507.357626,347.970014,405.92742,351.158366,456.642523,349.56419,2.927638,0.396754,-1.67592,1.564866,0.625859,0.98081
3041,101.366667,1,507.425976,348.524775,406.005535,351.572869,456.715755,350.048822,2.891113,0.409468,-1.715244,1.715259,0.587934,1.062364
3042,101.4,1,507.098837,356.696715,411.212416,358.886309,459.155626,357.791512,2.992152,-9.148156,-1.494279,46.449223,0.748937,18.650534
3043,101.433333,1,507.238903,355.542238,409.573879,358.121896,458.406391,356.832067,2.968874,-5.860947,-1.560259,42.548751,0.704308,18.343902
3044,101.466667,1,509.225626,351.493079,406.897602,353.724774,458.061614,352.608926,3.015089,-0.360972,-1.763213,4.900279,0.625938,2.269654
3045,101.5,1,507.949953,349.147772,406.300039,352.033458,457.124996,350.590615,2.912445,0.358699,-1.729651,2.204809,0.591397,1.281754
3046,101.533333,1,508.007212,348.232226,406.234503,351.257458,457.120857,349.744842,2.92937,0.337019,-1.67837,1.910771,0.6255,1.123895
3047,101.566667,1,507.834187,348.056783,405.932274,351.127199,456.88323,349.591991,2.912692,0.390131,-1.672141,1.728591,0.620275,1.059361
3048,101.6,1,507.832899,347.929786,405.871735,351.225116,456.852317,349.577451,2.907916,0.349886,-1.671956,1.721688,0.61798,1.035787
3049,101.633333,1,507.857704,347.796201,405.922022,351.207268,456.889863,349.501735,2.908678,0.347564,-1.670545,1.693458,0.619066,1.020511
3050,101.666667,1,508.010044,347.792537,406.151676,351.151414,457.08086,349.471976,2.926565,0.375619,-1.658793,1.691021,0.633886,1.03332
3051,101.7,1,508.289833,347.595288,406.170588,351.106256,457.23021,349.350772,2.928145,0.387056,-1.665896,1.700938,0.631125,1.043997
3052,101.733333,1,508.951807,347.280412,407.044859,350.690353,457.998333,348.985383,2.956935,0.392281,-1.646119,1.700703,0.655408,1.046492
3053,101.766667,1,509.558382,347.577403,407.796822,350.440414,458.677602,349.008908,2.933775,0.412089,-1.620079,1.621882,0.656848,1.016986
3054,101.8,1,510.116253,347.494437,407.68465,350.431402,458.900452,348.962919,2.940355,0.379314,-1.647541,1.68964,0.646407,1.034477
3055,101.833333,1,510.511417,347.587445,408.577738,350.176908,459.544578,348.882177,2.942731,0.430326,-1.618165,1.684156,0.662283,1.057241
3056,101.866667,1,510.849466,347.50803,408.568459,350.08957,459.708962,348.7988,2.942996,0.409781,-1.620137,1.686397,0.66143,1.048089
3057,101.9,1,511.0818,347.469889,408.823175,350.229523,459.952488,348.849706,2.958168,0.384799,-1.630927,1.647642,0.663621,1.016221
3058,101.933333,1,511.215248,347.647027,409.193954,349.786652,460.204601,348.71684,2.955385,0.392115,-1.638609,1.755381,0.658388,1.073748
3059,101.966667,1,511.252756,347.579151,409.358339,349.682695,460.305548,348.630923,2.942686,0.388957,-1.635197,1.747114,0.653744,1.068035
3060,102.0,1,510.38084,347.799532,409.180565,350.445178,459.780703,349.122355,2.970893,0.407596,-1.7357,2.19415,0.617597,1.300873
3061,102.033333,1,510.141029,347.829933,409.284325,350.647684,459.712677,349.238808,2.979274,0.485279,-1.714383,2.429601,0.632446,1.45744
3062,102.066667,1,509.607925,348.697531,409.172659,351.809918,459.390292,350.253724,2.949813,0.276825,-1.757247,3.446249,0.596283,1.861537
3063,102.1,1,509.725389,348.709665,409.629498,351.519204,459.677444,350.114434,2.969998,0.31937,-1.74086,3.466334,0.614569,1.892852
3064,102.133333,1,509.773264,348.819872,409.700947,351.507112,459.737105,350.163492,2.97476,0.358594,-1.751657,3.692299,0.611552,2.025447
3065,102.166667,1,509.806566,348.781564,409.405136,351.660014,459.605851,350.220789,2.973963,0.270684,-1.759406,3.81094,0.607278,2.040812
3066,102.2,1,509.759855,348.58152,409.695816,351.520797,459.727836,350.051158,2.97668,0.292759,-1.773647,4.000506,0.601516,2.146632
3067,102.233333,1,510.017271,348.674796,409.930782,351.416566,459.974027,350.045681,2.966124,0.311795,-1.772777,3.903421,0.596674,2.107608
3068,102.266667,1,510.058613,348.582458,409.798307,351.534932,459.92846,350.058695,2.988053,0.325718,-1.775573,3.869933,0.60624,2.097826
3069,102.3,1,510.224571,348.583488,409.731455,351.481578,459.978013,350.032533,2.987073,0.343346,-1.78346,4.069152,0.601807,2.206249
3070,102.333333,1,510.183048,348.806466,410.338736,351.358743,460.260892,350.082605,2.981337,0.33418,-1.775151,3.945992,0.603093,2.140086
3071,102.366667,1,510.617743,349.205133,410.415878,351.399416,460.51681,350.302275,2.992666,0.405049,-1.789105,4.094995,0.601781,2.250022
3072,102.4,1,512.140245,351.658577,411.345577,352.707192,461.742911,352.182884,3.035364,0.393798,-1.713502,5.260656,0.660931,2.827227
3073,102.433333,1,511.437798,353.763161,415.249958,354.611329,463.343878,354.187245,2.986384,-1.847438,-1.548623,42.847789,0.718881,20.500176
3074,102.466667,1,510.749207,354.02303,415.707111,355.114206,463.228159,354.568618,2.986549,-1.631446,-1.535916,31.444463,0.725317,14.906508
3075,102.5,1,511.099129,354.336714,414.770784,356.459173,462.934957,355.397944,2.998877,-2.915783,-1.530987,46.40128,0.733945,21.742748
3076,102.533333,1,510.862904,354.515296,413.482018,356.654609,462.172461,355.584953,2.992194,-3.776189,-1.55161,45.513611,0.720292,20.868711
3077,102.566667,1,510.792503,354.289534,415.97373,356.040695,463.383117,355.165114,2.989246,-2.507903,-1.521492,44.455218,0.733877,20.973658
3078,102.6,1,511.227684,353.958791,416.471863,355.4181,463.849773,354.688446,3.012279,-1.822975,-1.51181,44.841664,0.750235,21.509344
3079,102.633333,1,511.007309,353.855944,416.167946,354.756716,463.587627,354.30633,3.021242,-0.619147,-1.531697,46.906473,0.744773,23.143663
3080,102.666667,1,511.441975,353.604884,416.1308,354.375697,463.786387,353.990291,3.031366,-0.722355,-1.547429,43.661135,0.741968,21.46939
3081,102.7,1,511.751099,353.328601,415.260401,354.063182,463.50575,353.695891,3.045251,-0.718196,-1.584511,37.684304,0.73037,18.483054
3082,102.733333,1,511.173925,352.443547,413.806734,352.940174,462.49033,352.69186,3.013996,0.212644,-1.655227,15.812901,0.679385,8.012772
3083,102.766667,1,511.386318,352.322107,413.581791,352.74492,462.484055,352.533513,3.041213,0.472036,-1.676321,12.650358,0.682446,6.561197
3084,102.8,1,511.493359,352.069792,413.882532,352.75537,462.687945,352.412581,3.042396,0.38105,-1.678954,11.376028,0.681721,5.878539
3085,102.833333,1,511.538029,351.82062,413.71685,352.48077,462.627439,352.150695,3.050367,0.373332,-1.680854,11.458473,0.684756,5.915902
3086,102.866667,1,511.654987,351.534755,412.771702,351.928026,462.213345,351.731391,3.059344,0.518674,-1.696467,9.217083,0.681438,4.867878
3087,102.9,1,511.66111,351.391869,412.763233,351.996326,462.212172,351.694097,3.054536,0.470013,-1.70474,7.607038,0.674898,4.038526
3088,102.933333,1,511.757717,351.175269,412.44875,351.824868,462.103233,351.500069,3.04108,0.519922,-1.727967,6.591387,0.656557,3.555655
3089,102.966667,1,512.307291,351.010598,412.54096,351.559759,462.424126,351.285178,3.038951,0.451047,-1.735152,6.500689,0.651899,3.475868
3090,103.0,1,512.664127,351.200246,412.762051,351.675732,462.713089,351.437989,3.075287,0.581822,-1.758279,5.636542,0.658504,3.109182
3091,103.033333,1,512.366543,351.807756,412.944593,352.603964,462.655568,352.20586,3.057974,0.387237,-1.733546,9.440463,0.662214,4.91385
3092,103.066667,1,513.865213,353.908575,414.966726,354.904178,464.41597,354.406376,3.093113,-0.430192,-1.62465,24.389787,0.734231,11.979798
3093,103.1,1,512.544394,355.923611,415.227757,357.415327,463.886075,356.669469,3.000417,-2.709892,-1.56901,40.073532,0.715703,18.68182
3094,103.133333,1,513.683834,356.122588,415.595961,357.974846,464.639897,357.048717,2.986441,-4.477377,-1.583145,44.749116,0.701648,20.135869
3095,103.166667,1,513.57935,356.152618,415.780439,357.974862,464.679894,357.06374,2.991155,-2.979459,-1.584688,38.529802,0.703234,17.775171
3096,103.2,1,513.730059,356.112476,416.261559,357.962122,464.995809,357.037299,2.983692,-3.225716,-1.574386,44.494088,0.704653,20.634186
3097,103.233333,1,513.95896,356.193709,416.224308,357.967384,465.091634,357.080547,2.9915,-2.909575,-1.58741,40.878592,0.702045,18.984508
3098,103.266667,1,514.257393,356.114268,416.941242,358.229238,465.599318,357.171753,2.999156,-4.859936,-1.559367,46.488645,0.719895,20.814355
3099,103.3,1,514.179811,356.102584,415.848265,358.254837,465.014038,357.17871,2.995133,-4.830055,-1.589534,49.595005,0.7028,22.382475
3100,103.333333,1,513.983088,356.035298,416.683493,358.435682,465.33329,357.23549,2.984054,-5.10525,-1.563376,53.253397,0.710339,24.074073
3101,103.366667,1,513.770924,355.969831,415.155287,358.769746,464.463105,357.369788,2.981782,-5.712907,-1.602524,51.786528,0.689629,23.036811
3102,103.4,1,513.847284,356.126756,415.180035,358.551022,464.513659,357.338889,2.979864,-7.761265,-1.590288,46.27159,0.694788,19.255162
3103,103.433333,1,513.580637,356.02973,415.164566,358.838609,464.372602,357.434169,2.973168,-7.226294,-1.590718,46.822071,0.691225,19.797888
3104,103.466667,1,513.433094,355.951849,414.026022,358.84996,463.729558,357.400905,2.9928,-6.541484,-1.609284,50.241237,0.691758,21.849876
3105,103.5,1,513.517971,356.061165,414.286232,359.021729,463.902102,357.541447,2.990708,-6.932518,-1.610055,53.00628,0.690326,23.036881
3106,103.533333,1,513.573494,356.167402,415.296803,358.7623,464.435148,357.464851,2.977669,-6.974141,-1.581134,52.238232,0.698267,22.632046
3107,103.566667,1,513.501406,356.133344,416.625919,358.762348,465.063663,357.447846,2.980079,-7.45739,-1.567822,51.093002,0.706129,21.817806
3108,103.6,1,513.153515,356.022059,416.826048,358.792856,464.989781,357.407457,2.970762,-7.748778,-1.560636,52.796781,0.705063,22.524002
3109,103.633333,1,513.050356,356.028442,416.288967,358.724626,464.669662,357.376534,2.980475,-6.291291,-1.571228,55.472892,0.704624,24.5908
3110,103.666667,1,513.256197,356.307215,416.583862,359.113063,464.92003,357.710139,2.988127,-5.366201,-1.56481,47.122488,0.711659,20.878144
3111,103.7,1,513.204708,356.236453,415.862246,358.971067,464.533477,357.60376,2.999238,-5.727142,-1.579172,51.717508,0.710033,22.995183
3112,103.733333,1,513.598013,356.38553,415.838737,358.866901,464.718375,357.626216,3.014052,-5.473105,-1.589051,50.660098,0.7125,22.593496
3113,103.766667,1,513.699083,356.406183,416.279202,359.035628,464.989142,357.720906,2.991732,-5.309111,-1.580408,54.104023,0.705662,24.397456
3114,103.8,1,513.561306,356.250422,416.755142,359.017518,465.158224,357.63397,2.991147,-5.204463,-1.571381,48.928298,0.709883,21.861918
3115,103.833333,1,513.786821,356.296561,416.749277,358.986796,465.268049,357.641678,2.995688,-6.488008,-1.571878,51.224917,0.711905,22.368454
3116,103.866667,1,514.297619,356.548576,416.456957,359.053615,465.377288,357.801096,3.002974,-5.641228,-1.581074,43.295397,0.71095,18.827084
3117,103.9,1,514.442873,356.634101,417.041645,359.076998,465.742259,357.85555,3.003333,-6.555759,-1.569563,46.041222,0.716885,19.742731
3118,103.933333,1,514.027452,356.435371,416.730042,359.259211,465.378747,357.847291,2.995515,-5.873116,-1.570121,46.872046,0.712697,20.499465
3119,103.966667,1,513.981991,356.438869,416.385059,359.210733,465.183525,357.824801,2.999151,-5.984141,-1.580061,43.776179,0.709545,18.896019
3120,104.0,1,514.00857,356.458433,416.077576,359.336802,465.043073,357.897618,2.994063,-5.876106,-1.583366,47.314151,0.705348,20.719023
3121,104.033333,1,513.895092,356.503821,417.141228,359.07724,465.51816,357.79053,2.988263,-6.363695,-1.562763,47.383796,0.71275,20.510051
3122,104.066667,1,513.961706,356.45207,417.903891,358.864599,465.932798,357.658335,3.009211,-5.39574,-1.543736,45.165582,0.732738,19.884921
3123,104.1,1,513.832369,356.361744,417.994652,358.859916,465.91351,357.61083,2.994301,-5.816045,-1.544062,47.983773,0.72512,21.083864
3124,104.133333,1,513.66683,356.274251,417.795916,358.736379,465.731373,357.505315,2.985659,-6.182684,-1.548643,44.256122,0.718508,19.036719
3125,104.166667,1,513.847761,356.12799,417.902155,358.686034,465.874958,357.407012,2.99589,-5.747358,-1.544116,46.47587,0.725887,20.364256
3126,104.2,1,515.063372,356.359191,417.321501,358.500592,466.192436,357.429891,3.04001,-5.147641,-1.569416,38.206047,0.735297,16.529203
3127,104.233333,1,515.17909,356.244451,417.287312,358.324687,466.233201,357.284569,3.052453,-4.538352,-1.564332,32.06962,0.744061,13.765634
3128,104.266667,1,514.977341,356.007945,417.643013,358.339171,466.310177,357.173558,3.017267,-4.16758,-1.555695,37.036932,0.730786,16.434676
3129,104.3,1,515.358477,355.982324,418.0266,358.214153,466.692538,357.098239,3.030096,-4.450064,-1.555954,27.826937,0.737071,11.688437
3130,104.333333,1,515.349817,355.842855,417.552176,358.126928,466.450996,356.984891,3.038201,-4.404572,-1.570572,28.630823,0.733814,12.113126
3131,104.366667,1,515.124454,355.793052,417.222042,358.28676,466.173248,357.039906,3.011085,-5.096601,-1.589519,34.416313,0.710783,14.659856
3132,104.4,1,515.26186,355.837147,417.533636,358.191757,466.397748,357.014452,3.023779,-4.982952,-1.579642,35.777665,0.722068,15.397357
3133,104.433333,1,515.347118,355.80458,416.874723,358.222752,466.110921,357.013666,3.036536,-4.889147,-1.590365,35.754969,0.723086,15.432911
3134,104.466667,1,515.490828,355.896456,416.959829,358.222146,466.225328,357.059301,3.030676,-4.846985,-1.595593,30.2433,0.717542,12.698158
3135,104.5,1,515.320721,355.872311,416.955137,358.205618,466.137929,357.038965,3.030828,-4.989272,-1.592776,32.099416,0.719026,13.555072
3136,104.533333,1,515.332031,355.980436,417.274027,358.21749,466.303029,357.098963,3.017527,-4.742614,-1.587386,34.54927,0.71507,14.903328
3137,104.566667,1,515.206451,355.837909,417.188435,358.214276,466.197443,357.026093,3.034293,-5.269725,-1.582583,34.269673,0.725855,14.499974
3138,104.6,1,514.640694,356.237199,417.767324,358.384516,466.204009,357.310857,3.008648,-4.460407,-1.583213,39.700587,0.712717,17.62009
3139,104.633333,1,513.253345,358.094553,420.588875,359.350868,466.92111,358.722711,2.916587,-8.109291,-1.499409,59.009184,0.708589,25.449946
3140,104.666667,1,512.791548,357.21157,421.041183,360.325475,466.916366,358.768523,2.95915,-6.14109,-1.468174,77.174027,0.745488,35.516468
3141,104.7,1,512.477551,356.014704,419.614267,360.107358,466.045909,358.061031,2.998517,-2.978781,-1.487558,24.488909,0.75548,10.755064
3142,104.733333,1,512.378778,355.421973,419.50901,359.887916,465.943894,357.654945,3.016557,-3.167887,-1.553056,25.872906,0.731751,11.35251
3143,104.766667,1,515.881424,355.937392,421.491661,358.697911,468.686543,357.317652,2.969789,-4.744771,-1.526111,72.287078,0.721839,33.771154
3144,104.8,1,518.313055,352.790866,428.473883,354.678546,473.393469,353.734706,2.963013,-2.022633,-1.566893,13.985564,0.69806,5.981466
3145,104.833333,1,530.782366,349.592128,433.089275,347.904262,481.935821,348.748195,3.091129,0.928341,-1.868874,3.983902,0.611127,2.456122
3146,104.866667,1,541.047583,350.196585,443.197823,345.744944,492.122703,347.970765,3.078207,1.748107,-1.736193,2.043592,0.671007,1.89585
3147,104.9,1,542.995806,360.156303,455.283279,352.957624,499.139543,356.556964,2.703703,-2.001649,-1.607513,5.076296,0.548095,1.537323
3148,104.933333,1,547.612343,362.19909,459.965963,355.677052,503.789153,358.938071,2.620317,-10.87673,-1.590122,-0.352249,0.515097,-5.61449
3149,104.966667,1,555.595999,358.652447,463.131113,351.302326,509.363556,354.977387,2.823048,0.68154,-1.614251,0.726309,0.604398,0.703924
3150,105.0,1,560.669384,356.177058,461.538572,347.429806,511.103978,351.803432,3.012618,1.718442,-1.764243,2.40928,0.624187,2.063861
3151,105.033333,1,562.813816,354.952061,461.693039,345.274892,512.253428,350.113477,3.04894,1.794085,-1.849151,1.795675,0.599894,1.79488
3152,105.066667,1,563.807087,355.391761,462.530737,344.772547,513.168912,350.082154,3.065451,1.66381,-1.858978,1.934558,0.603236,1.799184
3153,105.1,1,562.091446,360.773882,466.926947,347.005438,514.509196,353.88966,3.072713,1.942679,-1.687664,1.148766,0.692525,1.545722
3154,105.133333,1,556.380768,369.391154,467.052507,355.750625,511.716638,362.570889,2.674785,-2.911314,-1.536521,-7.409953,0.569132,-5.160633
3155,105.166667,1,560.924406,367.880759,466.905661,354.078932,513.915033,360.979846,2.74042,3.100395,-1.54768,5.922907,0.59637,4.511651
3156,105.2,1,565.200968,362.800553,466.896286,349.611917,516.048627,356.206235,2.958443,2.666271,-1.804129,4.05325,0.577157,3.359761
3157,105.233333,1,566.664181,360.027734,465.992508,346.961927,516.328344,353.49483,2.935838,2.281289,-1.905276,7.577815,0.515281,4.929552
3158,105.266667,1,568.604317,358.715565,466.21336,345.704303,517.408838,352.209934,2.916487,2.281994,-1.927331,3.866879,0.494578,3.074437
3159,105.3,1,569.405632,359.123288,466.43343,345.343208,517.919531,352.233248,2.927217,2.448814,-1.900663,2.899522,0.513277,2.674168
3160,105.333333,1,568.971462,359.785048,468.243141,345.837529,518.607302,352.811288,2.919311,2.40464,-1.87742,3.458806,0.520945,2.931723
3161,105.366667,1,563.204823,369.329174,471.586866,353.893565,517.395844,361.611369,2.737152,3.489825,-1.515009,8.496155,0.611071,5.99299
3162,105.4,1,561.440516,370.657629,471.810083,356.811315,516.625299,363.734472,2.666134,3.604384,-1.523014,34.095385,0.57156,18.849884
3163,105.433333,1,564.901314,367.723314,474.810715,352.854043,519.856014,360.288678,2.776703,2.443027,-1.541036,21.77627,0.617834,12.109649
3164,105.466667,1,570.682716,363.97086,472.690544,348.560588,521.68663,356.265724,2.931588,3.406651,-1.752363,7.346532,0.589612,5.376592
3165,105.5,1,573.185654,362.607847,472.290964,346.969351,522.738309,354.788599,2.885744,2.915725,-1.893627,3.680327,0.496058,3.298026
3166,105.533333,1,574.309797,363.194441,473.27673,346.151154,523.793263,354.672798,2.870042,2.796925,-1.877397,2.203531,0.496322,2.500228
3167,105.566667,1,576.521711,363.335617,475.162144,346.323078,525.841928,354.829347,2.851679,2.62273,-1.820996,2.003776,0.515342,2.313253
3168,105.6,1,577.726364,364.465712,477.184372,346.538261,527.455368,355.501986,2.864498,2.969609,-1.844125,1.846539,0.510187,2.408074
3169,105.633333,1,578.944798,365.217041,478.739004,347.009407,528.841901,356.113224,2.830454,3.101666,-1.838137,1.811782,0.496158,2.456724
3170,105.666667,1,580.316839,365.874022,481.171179,347.99226,530.744009,356.933141,2.803034,2.780191,-1.785607,1.745637,0.508714,2.262914
3171,105.7,1,580.796461,366.208767,480.360165,348.281504,530.578313,357.245135,2.803577,3.007066,-1.800771,1.677931,0.501403,2.342498
3172,105.733333,1,581.530952,366.188468,480.601568,348.317671,531.06626,357.253069,2.817303,2.939036,-1.844069,1.981594,0.486617,2.460315
3173,105.766667,1,582.464838,366.614285,480.809259,348.3856,531.637049,357.499942,2.825203,2.969916,-1.839565,1.726263,0.492819,2.34809
3174,105.8,1,582.954836,367.077813,481.178904,348.360119,532.06687,357.718966,2.825362,2.739013,-1.864645,1.958199,0.480358,2.348606
3175,105.833333,1,582.490721,367.43268,483.157434,349.450529,532.824078,358.441604,2.800011,2.825883,-1.838096,2.263142,0.480958,2.544513
3176,105.866667,1,583.153629,368.658482,483.772049,351.16284,533.462839,359.910661,2.853245,2.90505,-1.909317,3.761304,0.471964,3.333177
3177,105.9,1,580.536356,372.753174,485.895033,354.856263,533.215694,363.804719,2.769398,3.189466,-1.777783,7.644857,0.495808,5.417162
3178,105.933333,1,576.994495,379.910038,486.555586,359.773611,531.775041,369.841824,2.625257,6.06816,-1.598217,-5.77846,0.51352,0.14485
3179,105.966667,1,573.824472,382.080503,483.243952,363.342494,528.534212,372.711498,2.577152,17.483191,-1.506486,5.695463,0.535333,11.589327
3180,106.0,1,573.581858,385.031233,481.452894,366.687562,527.517376,375.859398,2.582743,41.106467,-1.524956,5.680913,0.528893,23.39369
3181,106.033333,1,572.465429,387.35836,479.315805,369.614872,525.890617,378.486616,2.530107,54.199152,-1.514876,9.629637,0.507615,31.914394
3182,106.066667,1,570.631704,389.319527,477.206402,371.796988,523.919053,380.558258,2.566259,78.260591,-1.563559,37.405313,0.50135,57.832952
3183,106.1,1,569.214172,391.188061,475.128088,374.67001,522.17113,382.929035,2.553055,72.66676,-1.550297,119.389787,0.501379,96.028274
3184,106.133333,1,568.069687,394.013243,474.158735,377.555165,521.114211,385.784204,2.535818,33.060263,-1.591885,162.135054,0.471966,97.597658
3185,106.166667,1,567.307386,396.574795,471.673365,380.602037,519.490376,388.588416,2.564972,54.955582,-1.603229,107.905407,0.480871,81.430494
3186,106.2,1,566.976528,398.873824,469.970455,383.218907,518.473492,391.046365,2.586605,41.601152,-1.637096,100.46059,0.474754,71.030871
3187,106.233333,1,566.483698,401.300955,469.44849,385.830081,517.966094,393.565518,2.55489,61.567761,-1.648386,91.04468,0.453252,76.306221
3188,106.266667,1,567.83967,402.346158,470.591812,385.55995,519.215741,393.953054,2.586744,45.322293,-1.612851,83.847888,0.486947,64.585091
3189,106.3,1,566.164799,403.99694,468.986015,387.629746,517.575407,395.813343,2.565716,51.935574,-1.625468,82.093767,0.470124,67.014671
3190,106.333333,1,565.700922,406.359708,467.652388,389.606191,516.676655,397.98295,2.568667,58.628191,-1.606171,68.45726,0.481248,63.542726
3191,106.366667,1,564.956846,407.087746,467.241316,390.753962,516.099081,398.920854,2.555409,55.694233,-1.637125,60.408946,0.459142,58.051589
3192,106.4,1,564.689579,408.265311,465.865002,392.349876,515.27729,400.307593,2.567372,49.414959,-1.628968,59.362977,0.469202,54.388968
3193,106.433333,1,563.888016,409.136814,465.551491,393.270067,514.719753,401.20344,2.560102,48.459106,-1.634979,61.213401,0.462562,54.836254
3194,106.466667,1,563.882532,410.05281,465.55583,394.407742,514.719181,402.230276,2.545562,47.728938,-1.648561,63.78439,0.448501,55.756664
3195,106.5,1,564.91745,411.977466,464.976749,395.252541,514.9471,403.615004,2.581408,46.94927,-1.636877,54.15198,0.472265,50.550625
3196,106.533333,1,563.905811,412.375903,464.860697,396.296489,514.383254,404.336196,2.538565,44.804276,-1.648534,56.498789,0.445015,50.651532
3197,106.566667,1,564.197845,413.624235,464.641705,397.49666,514.419775,405.560448,2.561124,45.900513,-1.631088,54.691022,0.465018,50.295768
3198,106.6,1,563.868055,414.809246,463.920355,399.308567,513.894205,407.058907,2.604994,40.707369,-1.622269,48.954806,0.491363,44.831087
3199,106.633333,1,563.109446,417.042196,462.073059,401.42469,512.591252,409.233443,2.57074,34.253365,-1.641014,49.728395,0.464863,41.99088
3200,106.666667,1,563.044491,419.437913,461.310453,404.158731,512.177472,411.798322,2.554383,33.378916,-1.651074,42.821391,0.451654,38.100153
3201,106.7,1,562.438412,422.566098,459.635277,407.451593,511.036844,415.008845,2.581833,29.823312,-1.659037,36.881282,0.461398,33.352297
3202,106.733333,1,561.788092,426.904228,456.730375,411.619971,509.259233,419.262099,2.577594,29.289669,-1.682981,37.956217,0.447307,33.622943
3203,106.766667,1,558.462362,430.737523,455.558767,417.258993,507.010565,423.998258,2.594411,25.833559,-1.640768,32.069484,0.476821,28.951521
3204,106.8,1,554.166212,437.464353,454.863005,422.719585,504.514608,430.091969,2.512018,22.745782,-1.677583,30.438163,0.417217,26.591972
3205,106.833333,1,559.458933,437.184523,453.860474,427.023253,506.659703,432.103888,2.706947,21.296122,-1.681279,20.409758,0.512834,20.85294
3206,106.866667,1,563.466396,431.074827,451.453152,433.241976,507.459774,432.158402,2.803504,18.76713,-1.683702,7.474135,0.559901,13.120633
3207,106.9,1,563.694162,436.147882,451.420584,435.506555,507.557373,435.827218,2.883308,18.696564,-1.716141,8.057291,0.583583,13.376928
3208,106.933333,1,558.673563,445.410494,452.522278,434.345491,505.59792,439.877992,2.814736,17.748617,-1.740068,29.775087,0.537334,23.761852
3209,106.966667,1,556.651716,440.961009,450.725479,428.911829,503.688598,434.936419,2.741122,15.052955,-1.657976,24.374115,0.541573,19.713535
3210,107.0,1,560.419188,432.272336,452.760696,421.322304,506.589942,426.79732,2.825351,6.837134,-1.738364,6.630196,0.543493,6.733665
3211,107.033333,1,561.335039,426.990809,453.132839,415.934004,507.233939,421.462407,2.746751,4.430844,-1.728528,3.875894,0.509112,4.153369
3212,107.066667,1,561.525307,425.877939,454.044991,413.30031,507.785149,419.589125,2.739364,3.797553,-1.765048,6.465758,0.487158,5.131655
3213,107.1,1,559.027042,431.633005,451.703606,418.321717,505.365324,424.977361,2.607475,26.732347,-1.63678,28.062446,0.485348,27.397396
3214,107.133333,1,560.963535,426.50887,455.068274,413.894269,508.015904,420.20157,2.548348,23.735754,-1.674362,30.584132,0.436993,27.159943
3215,107.166667,1,566.38339,415.787737,461.445694,404.703262,513.914542,410.2455,2.60628,19.929012,-1.702846,6.373065,0.451717,13.151039
3216,107.2,1,577.283688,407.687713,470.782337,398.632436,524.033012,403.160074,2.743137,2.892287,-1.716612,3.165312,0.513262,3.0288
3217,107.233333,1,581.777105,404.743388,476.344318,395.429353,529.060712,400.08637,2.743247,2.667762,-1.59451,1.858793,0.574369,2.263278
3218,107.266667,1,586.162539,402.167673,481.5483,393.395616,533.855419,397.781644,2.694112,2.927575,-1.629642,2.106994,0.532235,2.517284
3219,107.3,1,590.44158,401.114509,485.025616,393.286504,537.733598,397.200506,2.68366,3.383884,-1.734972,1.871933,0.474344,2.627909
3220,107.333333,1,592.125196,400.506195,488.191662,393.15147,540.158429,396.828833,2.621006,2.709339,-1.671794,1.663722,0.474606,2.186531
3221,107.366667,1,593.212223,399.82972,490.320063,392.329803,541.766143,396.079761,2.600878,2.735355,-1.722232,1.577543,0.439323,2.156449
3222,107.4,1,592.355452,398.841562,488.922033,390.793186,540.638742,394.817374,2.533295,3.132534,-1.861425,1.770359,0.335935,2.451446
3223,107.433333,1,591.035748,397.407031,487.828426,389.934633,539.432087,393.670832,2.475576,3.055035,-1.922458,1.91402,0.276559,2.484528
3224,107.466667,1,590.922995,396.545645,487.061691,389.162124,538.992343,392.853885,2.509536,3.25715,-1.934593,2.029379,0.287472,2.643264
3225,107.5,1,590.949478,395.941944,486.640568,388.705773,538.795023,392.323859,2.521892,3.320302,-1.914355,2.011357,0.303768,2.66583
3226,107.533333,1,590.891457,395.328491,486.386003,388.37849,538.63873,391.85349,2.517918,3.190669,-1.92058,1.948396,0.298669,2.569532
3227,107.566667,1,590.144997,394.803636,485.359278,387.757924,537.752137,391.28078,2.517832,3.392041,-1.925416,1.931529,0.296208,2.661785
3228,107.6,1,589.266777,393.975477,484.765778,387.756035,537.016277,390.865756,2.521886,3.378034,-1.919254,2.037214,0.301316,2.707624
3229,107.633333,1,588.23741,393.449775,483.822145,387.504938,536.029778,390.477356,2.494788,3.344926,-1.942064,2.071273,0.276362,2.7081
3230,107.666667,1,584.945936,393.308208,479.771328,387.359573,532.358632,390.33389,2.471719,3.43043,-1.951249,1.920405,0.260235,2.675418
3231,107.7,1,583.544779,392.778976,478.377533,387.305199,530.961156,390.042087,2.443934,3.656996,-1.858358,1.940598,0.292788,2.798797
3232,107.733333,1,583.456202,392.624449,477.200708,386.917266,530.328455,389.770857,2.515659,3.559176,-1.941477,2.128909,0.287091,2.844042
3233,107.766667,1,582.48476,391.910316,476.734228,386.573385,529.609494,389.24185,2.471689,3.683288,-1.886458,1.943697,0.292615,2.813493
3234,107.8,1,582.189369,391.669089,475.946703,386.180592,529.068036,388.92484,2.50722,3.455437,-1.936152,2.048209,0.285534,2.751823
3235,107.833333,1,581.210747,391.2877,475.765228,385.959964,528.487988,388.623832,2.48261,3.414531,-1.871584,2.068233,0.305513,2.741382
3236,107.866667,1,581.016607,391.57196,475.50065,386.084762,528.258629,388.828361,2.483618,3.466972,-1.868784,2.090519,0.307417,2.778746
3237,107.9,1,580.758934,391.841544,475.290689,386.323993,528.024812,389.082769,2.479392,3.452862,-1.858822,2.171506,0.310285,2.812184
3238,107.933333,1,580.911236,392.248338,474.744091,386.611387,527.827663,389.429862,2.51259,3.4663,-1.908853,2.172805,0.301868,2.819553
3239,107.966667,1,580.413857,395.574578,475.057058,389.370478,527.735457,392.472528,2.605914,5.003526,-2.053842,7.646464,0.276036,6.324995
3240,108.0,1,579.133091,403.732281,479.70191,396.772088,529.4175,400.252184,2.468514,30.252678,-1.859451,34.452386,0.304531,32.352532
3241,108.033333,1,579.11727,398.737074,480.406828,393.043753,529.762049,395.890414,2.558003,12.815382,-1.819763,44.085989,0.36912,28.450685
3242,108.066667,1,582.185726,393.618218,476.647062,388.622539,529.416394,391.120378,2.624815,4.198824,-1.967222,5.107624,0.328797,4.653224
3243,108.1,1,581.270008,391.330218,477.270756,386.393816,529.270382,388.862017,2.496507,3.520535,-1.906208,2.713876,0.295149,3.117205
3244,108.133333,1,581.754065,390.814472,477.210131,385.040342,529.482098,387.927407,2.497286,3.45044,-1.879128,2.298405,0.309079,2.874423
3245,108.166667,1,581.991634,389.13041,477.242289,383.763707,529.616961,386.447058,2.490284,3.281088,-1.844871,2.179958,0.322707,2.730523
3246,108.2,1,582.480297,388.624781,477.504473,382.608865,529.992385,385.616823,2.486956,3.380339,-1.818073,1.963286,0.334442,2.671812
3247,108.233333,1,582.036467,387.778941,477.262545,381.920654,529.649506,384.849797,2.478347,3.243114,-1.845541,2.068103,0.316403,2.655608
3248,108.266667,1,581.925936,386.857055,477.735357,380.886244,529.830647,383.87165,2.455722,3.097083,-1.805619,2.055453,0.325052,2.576268
3249,108.3,1,582.021608,386.447332,477.648735,380.097481,529.835172,383.272406,2.466509,3.096687,-1.815975,2.05411,0.325267,2.575398
3250,108.333333,1,581.905556,385.691088,478.096189,379.171872,530.000873,382.43148,2.455129,3.066238,-1.782757,1.973335,0.336186,2.519786
3251,108.366667,1,581.947069,385.539887,478.002882,378.834236,529.974976,382.187061,2.464224,3.089522,-1.795894,1.998838,0.334165,2.54418
3252,108.4,1,582.147598,385.361938,478.06983,378.715972,530.108714,382.038955,2.451229,2.940505,-1.798157,1.997563,0.326536,2.469034
3253,108.433333,1,582.185736,385.462779,477.924852,378.928092,530.055294,382.195435,2.461043,3.037283,-1.800514,2.056447,0.330264,2.546865
3254,108.466667,1,582.215824,385.446128,477.936888,378.991359,530.076356,382.218744,2.44889,2.948434,-1.803472,2.028186,0.322709,2.48831
3255,108.5,1,582.579365,385.796446,477.849207,379.070463,530.214286,382.433454,2.469445,3.111862,-1.811581,1.994415,0.328932,2.553138
3256,108.533333,1,582.733755,385.629129,478.435612,379.173439,530.584683,382.401284,2.460282,3.045772,-1.804245,1.963532,0.328019,2.504652
3257,108.566667,1,582.710848,385.755107,478.727722,379.150769,530.719285,382.452938,2.456333,3.129692,-1.795488,1.936124,0.330422,2.532908
3258,108.6,1,582.856007,385.892919,478.832769,379.324554,530.844388,382.608737,2.468483,3.248532,-1.806031,2.011759,0.331226,2.630145
3259,108.633333,1,582.819595,385.699039,478.825054,379.004878,530.822325,382.351958,2.457903,3.141076,-1.803325,1.972253,0.327289,2.556664
3260,108.666667,1,582.866983,385.558866,478.666077,378.964859,530.76653,382.261863,2.47417,3.175,-1.79925,1.961752,0.33746,2.568376
3261,108.7,1,583.011761,385.133725,478.876457,378.678442,530.944109,381.906084,2.471747,3.077271,-1.80237,2.014362,0.334688,2.545816
3262,108.733333,1,583.0721,384.951164,479.359665,378.075374,531.215882,381.513269,2.465172,3.100131,-1.794938,1.94767,0.335117,2.5239
3263,108.766667,1,583.262339,384.632292,479.02626,378.169005,531.1443,381.400648,2.459176,3.085425,-1.799472,1.977984,0.329852,2.531705
3264,108.8,1,583.458319,384.730611,479.468889,377.963505,531.463604,381.347058,2.462827,3.178742,-1.821841,1.95749,0.320493,2.568116
3265,108.833333,1,583.606834,384.664596,479.918013,377.862664,531.762424,381.26363,2.463794,3.153107,-1.810614,1.958199,0.32659,2.555653
3266,108.866667,1,583.026886,385.06828,479.683485,378.086125,531.355186,381.577202,2.456729,3.062347,-1.775873,1.883848,0.340428,2.473098
3267,108.9,1,580.796452,390.721818,482.695904,382.443084,531.746178,386.582451,2.566892,8.267929,-1.843101,27.356613,0.361895,17.812271
3268,108.933333,1,581.831369,393.513858,481.660337,386.269469,531.745853,389.891664,2.494612,11.867636,-1.856652,37.295165,0.31898,24.5814
3269,108.966667,1,584.109545,387.991587,479.503603,380.436974,531.806574,384.21428,2.671219,5.78549,-2.003663,9.598929,0.333778,7.69221
3270,109.0,1,583.363094,385.110197,480.006561,378.356169,531.684828,381.733183,2.533733,3.087709,-1.829124,2.79241,0.352304,2.940059
3271,109.033333,1,583.119621,384.222901,479.505215,378.230642,531.312418,381.226771,2.527413,2.927398,-1.803342,2.277219,0.362036,2.602308
3272,109.066667,1,581.90609,383.999087,478.183031,378.314434,530.04456,381.15676,2.509828,2.948419,-1.81654,2.264037,0.346644,2.606228
3273,109.1,1,580.610781,383.914264,476.809883,377.986615,528.710332,380.95044,2.525192,2.699897,-1.805048,2.225464,0.360072,2.46268
3274,109.133333,1,579.51376,383.99767,475.551624,378.032867,527.532692,381.015269,2.548951,2.89202,-1.917224,2.518155,0.315864,2.705087
3275,109.166667,1,576.044769,395.121274,476.168976,384.731287,526.106873,389.92628,2.625518,16.334521,-1.797795,68.266525,0.413861,42.300523
3276,109.2,1,573.7358,396.847265,476.783371,388.056529,525.259585,392.451897,2.53628,37.086328,-1.705931,40.728429,0.415175,38.907379
3277,109.233333,1,571.059093,392.987158,474.390726,384.917561,522.72491,388.95236,2.552438,20.711987,-1.764245,110.887319,0.394097,65.799653
3278,109.266667,1,571.931219,385.43541,468.708944,379.137486,520.320082,382.286448,2.686206,5.947091,-1.984281,9.286777,0.350963,7.616934
3279,109.3,1,570.991602,382.111552,467.379141,376.882156,519.185371,379.496854,2.643499,3.847857,-1.896653,3.583405,0.373423,3.715631
3280,109.333333,1,571.049328,381.909571,465.889101,376.27264,518.469214,379.091105,2.668696,3.657597,-1.887899,2.301298,0.390399,2.979447
3281,109.366667,1,570.95789,381.890227,465.213156,375.965055,518.085523,378.927641,2.672131,3.876344,-1.848177,2.124921,0.411977,3.000633
3282,109.4,1,570.523109,381.632305,464.848146,376.024354,517.685628,378.828329,2.686447,3.675984,-1.84824,2.381512,0.419104,3.028748
3283,109.433333,1,570.040102,381.66388,464.050531,376.197367,517.045317,378.930624,2.696502,4.024863,-1.852667,2.267925,0.421917,3.146394
3284,109.466667,1,569.968023,382.242883,464.420557,376.388061,517.19429,379.315472,2.690679,3.840487,-1.832623,2.337712,0.429028,3.089099
3285,109.5,1,570.017653,382.41845,464.482698,376.788172,517.250175,379.603311,2.693455,3.949255,-1.832478,2.386507,0.430489,3.167881
3286,109.533333,1,570.243788,383.077855,464.954844,377.234395,517.599316,380.156125,2.675361,3.736137,-1.809914,2.311702,0.432723,3.023919
3287,109.566667,1,570.639086,383.512115,465.262794,377.502519,517.95094,380.507317,2.671408,3.819812,-1.82295,2.32497,0.424229,3.072391
3288,109.6,1,570.833635,384.00856,465.57354,377.833289,518.203588,380.920925,2.679406,3.867994,-1.790871,2.261849,0.444267,3.064921
3289,109.633333,1,571.070337,384.13383,465.188093,378.041182,518.129215,381.087506,2.689511,3.915778,-1.804996,2.241885,0.442257,3.078831
3290,109.666667,1,571.104507,384.407437,465.11692,378.081468,518.110714,381.244453,2.690914,3.933554,-1.784209,2.227376,0.453352,3.080465
3291,109.7,1,571.073256,384.453067,464.596395,378.331386,517.834826,381.392226,2.699573,4.00734,-1.789769,2.167665,0.454902,3.087502
3292,109.733333,1,570.645838,384.433572,464.185467,378.715585,517.415652,381.574579,2.684957,3.791653,-1.795723,2.143772,0.444617,2.967712
3293,109.766667,1,570.441208,384.833683,463.851938,378.598287,517.146573,381.715985,2.68192,3.831115,-1.793022,2.14472,0.444449,2.987917
3294,109.8,1,570.327692,384.504383,463.696375,378.711337,517.012033,381.60786,2.692004,3.647047,-1.809828,2.196373,0.441088,2.92171
3295,109.833333,1,570.069675,384.352763,463.735762,378.397282,516.902719,381.375023,2.691524,3.613668,-1.803723,2.174998,0.4439,2.894333
3296,109.866667,1,569.636002,384.073234,463.123837,378.327566,516.379919,381.2004,2.678219,3.610684,-1.791388,2.090266,0.443415,2.850475
3297,109.9,1,569.242001,384.103843,462.584572,377.848256,515.913286,380.976049,2.692296,3.709541,-1.787037,2.114163,0.45263,2.911852
3298,109.933333,1,568.510551,383.573238,462.385817,377.980392,515.448184,380.776815,2.695618,3.715322,-1.772098,2.051142,0.46176,2.883232
3299,109.966667,1,567.94632,383.409612,462.202969,377.611299,515.074644,380.510455,2.687654,3.673848,-1.781637,2.113975,0.453009,2.893912
3300,110.0,1,566.762514,384.028977,461.86202,378.302783,514.312267,381.16588,2.689012,4.105553,-1.823954,2.374407,0.432529,3.23998
3301,110.033333,1,563.309498,394.431195,464.074402,387.059315,513.69195,390.745255,2.513322,34.958987,-1.710698,61.620605,0.401312,48.289796
3302,110.066667,1,563.04822,393.837848,463.626642,387.343308,513.337431,390.590578,2.525102,27.525477,-1.764,55.99271,0.380551,41.759093
3303,110.1,1,564.130611,386.746913,461.381826,381.725636,512.756219,384.236274,2.674989,6.288599,-1.880744,28.303757,0.397122,17.296178
3304,110.133333,1,564.847651,384.039878,460.758705,378.973614,512.803178,381.506746,2.667745,4.14597,-1.768385,2.442394,0.44968,3.294182
3305,110.166667,1,565.928669,382.752804,460.833597,378.02231,513.381133,380.387557,2.665796,4.083218,-1.774623,2.194082,0.445586,3.13865
3306,110.2,1,566.200829,382.83548,459.557343,377.858759,512.879086,380.34712,2.673717,3.930643,-1.836364,2.300693,0.418677,3.115668
3307,110.233333,1,566.087837,382.508723,459.637794,377.517915,512.862816,380.013319,2.671931,4.018922,-1.793422,2.017078,0.439255,3.018
3308,110.266667,1,565.906248,382.495054,458.616104,377.700198,512.261176,380.097626,2.677375,3.628011,-1.814447,2.090629,0.431464,2.85932
3309,110.3,1,565.611296,381.807239,458.723106,377.702236,512.167201,379.754738,2.665403,3.601704,-1.794855,2.012309,0.435274,2.807007
3310,110.333333,1,564.962721,381.74455,458.011589,377.400842,511.487155,379.572696,2.663339,3.654924,-1.789357,2.080656,0.436991,2.86779
3311,110.366667,1,564.466267,381.262096,457.411814,377.264864,510.93904,379.26348,2.655888,3.591997,-1.786115,2.0258,0.434887,2.808899
3312,110.4,1,563.936052,380.893915,457.271423,377.233515,510.603738,379.063715,2.65733,3.592545,-1.788243,1.999115,0.434544,2.79583
3313,110.433333,1,563.796577,381.251378,456.73008,377.111399,510.263329,379.181389,2.665249,3.583737,-1.829652,2.159392,0.417799,2.871565
3314,110.466667,1,563.079185,380.43604,456.551275,377.546432,509.81523,378.991236,2.644132,3.485309,-1.786036,1.867999,0.429048,2.676654
3315,110.5,1,562.649565,381.019077,455.816259,377.060502,509.232912,379.039789,2.657922,3.474742,-1.785385,2.097343,0.436269,2.786043
3316,110.533333,1,562.230854,380.362194,456.092501,377.447383,509.161677,378.904788,2.654421,3.595399,-1.796134,1.823449,0.429144,2.709424
3317,110.566667,1,561.796999,380.788043,455.21986,377.106196,508.50843,378.947119,2.670935,3.596255,-1.768744,2.12931,0.451095,2.862783
3318,110.6,1,561.552811,380.270033,455.431042,377.436494,508.491926,378.853263,2.661002,3.692088,-1.809552,1.921644,0.425725,2.806866
3319,110.633333,1,561.451769,380.572715,454.575615,376.876738,508.013692,378.724726,2.670522,3.597549,-1.772527,2.088311,0.448997,2.84293
3320,110.666667,1,561.254482,380.171735,455.035591,377.286955,508.145037,378.729345,2.672746,3.703508,-1.813112,1.908246,0.429817,2.805877
3321,110.7,1,561.218395,380.267951,454.517136,376.787506,507.867765,378.527729,2.661972,3.524652,-1.793048,2.19748,0.434462,2.861066
3322,110.733333,1,560.914011,379.97705,455.091248,376.818931,508.002629,378.39799,2.675567,3.721482,-1.812392,1.85898,0.431588,2.790231
3323,110.766667,1,561.075649,380.06552,454.026241,376.527879,507.550945,378.2967,2.668136,3.530433,-1.792489,2.21111,0.437823,2.870771
3324,110.8,1,560.630856,379.83883,454.924269,376.380841,507.777562,378.109835,2.647524,3.640823,-1.796107,1.834258,0.425708,2.737541
3325,110.833333,1,560.831022,379.610564,453.579216,376.319954,507.205119,377.965259,2.655993,3.413657,-1.81086,2.254317,0.422566,2.833987
3326,110.866667,1,560.217199,379.806,454.586887,376.203332,507.402043,378.004666,2.672723,3.820744,-1.809664,1.820059,0.43153,2.820401
3327,110.9,1,560.539751,379.455135,453.563862,376.325158,507.051806,377.890146,2.668866,3.506003,-1.837258,2.228131,0.415804,2.867067
3328,110.933333,1,559.892073,379.31257,453.737307,376.193708,506.81469,377.753139,2.666847,3.902332,-1.808554,1.882466,0.429146,2.892399
3329,110.966667,1,560.03315,379.680129,452.858219,376.241484,506.445684,377.960806,2.668976,3.57513,-1.834624,2.173572,0.417176,2.874351
3330,111.0,1,559.864435,379.607838,453.537664,376.503353,506.70105,378.055596,2.672141,3.807522,-1.814977,1.807589,0.428582,2.807556
3331,111.033333,1,560.168257,380.057119,453.075809,376.23481,506.622033,378.145965,2.667281,3.375037,-1.803502,2.143368,0.43189,2.759203
3332,111.066667,1,559.967318,380.289688,454.045753,376.653085,507.006536,378.471386,2.676622,3.868282,-1.799307,1.720609,0.438658,2.794446
3333,111.1,1,560.582972,380.664307,453.647594,376.708188,507.115283,378.686247,2.668,3.615126,-1.806401,2.121499,0.430799,2.868312
3334,111.133333,1,560.623493,380.834574,454.322071,376.904,507.472782,378.869287,2.68122,3.835441,-1.804198,1.796133,0.438511,2.815787
3335,111.166667,1,561.536064,381.331125,454.04624,376.917604,507.791152,379.124365,2.687489,3.678368,-1.798669,2.04245,0.44441,2.860409
3336,111.2,1,561.4046,380.953374,455.420732,376.911457,508.412666,378.932415,2.675581,3.693189,-1.814108,1.8193,0.430736,2.756244
3337,111.233333,1,561.938486,381.33958,454.514465,376.6957,508.226476,379.01764,2.679382,3.609121,-1.806224,2.088363,0.436579,2.848742
3338,111.266667,1,561.312466,381.176394,455.430975,376.659404,508.37172,378.917899,2.660853,3.61544,-1.794517,1.666101,0.433168,2.640771
3339,111.3,1,561.593485,380.645982,454.435291,376.567254,508.014388,378.606618,2.67376,3.606999,-1.826063,2.044061,0.423849,2.82553
3340,111.333333,1,560.267429,380.867028,454.495792,376.255581,507.381611,378.561305,2.638105,3.590999,-1.755617,1.650418,0.441244,2.620708
3341,111.366667,1,560.264244,379.941398,453.382082,376.171725,506.823163,378.056561,2.674286,3.768842,-1.818736,2.015783,0.427775,2.892313
3342,111.4,1,558.494549,380.37142,452.383642,375.90816,505.439095,378.13979,2.6739,3.232035,-1.74473,1.666124,0.464585,2.44908
3343,111.433333,1,558.020449,379.350421,451.488085,375.242479,504.754267,377.29645,2.702419,3.609255,-1.833997,1.940369,0.434211,2.774812
3344,111.466667,1,556.279039,379.423807,450.0776,374.68636,503.17832,377.055084,2.709452,3.342187,-1.698823,1.642228,0.505315,2.492207
3345,111.5,1,554.762278,379.095118,448.319273,374.783596,501.540775,376.939357,2.69186,3.024678,-1.699233,1.698209,0.496313,2.361444
3346,111.533333,1,552.778063,378.841242,446.015778,374.776332,499.39692,376.808787,2.711124,3.017823,-1.683655,1.633448,0.513735,2.325636
3347,111.566667,1,551.66399,378.247722,444.431744,374.428139,498.047867,376.337931,2.748621,3.376022,-1.674576,1.888236,0.537022,2.632129
3348,111.6,1,550.451841,378.079977,443.603182,374.339991,497.027512,376.209984,2.77356,3.222845,-1.645057,1.743108,0.564252,2.482977
3349,111.633333,1,550.261469,377.510061,443.055401,374.301978,496.658435,375.90602,2.751864,3.209892,-1.65528,1.888785,0.548292,2.549339
3350,111.666667,1,549.437885,377.966037,443.103161,374.954957,496.270523,376.460497,2.745053,2.941733,-1.658089,2.029342,0.543482,2.485537
3351,111.7,1,546.928148,387.026871,446.587925,383.366783,496.758037,385.196827,2.636171,22.258914,-1.634917,46.336376,0.500627,34.297645
3352,111.733333,1,546.400042,388.125386,446.912985,383.806311,496.656513,385.965849,2.628706,29.030287,-1.647247,95.260207,0.490729,62.145247
3353,111.766667,1,547.278795,381.312779,447.521658,379.113529,497.400227,380.213154,2.667123,8.613383,-1.742261,31.885399,0.462431,20.249391
3354,111.8,1,548.903046,377.788292,443.003511,375.706447,495.953279,376.74737,2.796936,3.93417,-1.763239,2.780792,0.516849,3.357481
3355,111.833333,1,548.894539,376.879925,442.597923,375.171411,495.746231,376.025668,2.771631,3.048032,-1.684857,2.230668,0.543387,2.63935
3356,111.866667,1,548.519821,376.650252,441.926537,373.98477,495.223179,375.317511,2.765539,3.139995,-1.665848,1.860678,0.549846,2.500336
3357,111.9,1,547.5879,375.995547,441.087141,373.369288,494.337521,374.682418,2.779473,3.338216,-1.676874,1.925279,0.5513,2.631748
3358,111.933333,1,547.398357,375.594653,440.097055,373.539791,493.747706,374.567222,2.79963,3.284445,-1.718777,2.13352,0.540427,2.708982
3359,111.966667,1,546.400127,375.387415,438.800211,373.431387,492.600169,374.409401,2.789539,2.90421,-1.719786,2.031915,0.534877,2.468063
3360,112.0,1,544.148941,375.378885,437.621288,372.890514,490.885115,374.1347,2.797643,2.84208,-1.73926,2.02001,0.529191,2.431045
3361,112.033333,1,541.681328,375.791634,435.748158,373.494719,488.714743,374.643177,2.816015,2.540341,-1.669122,1.963577,0.573446,2.251959
3362,112.066667,1,532.408028,381.333153,433.667517,379.917634,483.037772,380.625393,2.716558,9.505784,-1.631128,26.950291,0.542715,18.228038
3363,112.1,1,527.011433,384.794501,430.712748,382.720188,478.86209,383.757344,2.642851,78.917278,-1.539265,74.326681,0.551793,76.621979
3364,112.133333,1,523.455181,382.752707,425.326624,380.130601,474.390903,381.441654,2.837813,61.964972,-1.506282,62.245139,0.665765,62.105055
3365,112.166667,1,514.898949,377.044934,415.086794,375.555707,464.992871,376.300321,2.878605,8.756299,-1.672872,21.41517,0.602867,15.085734
3366,112.2,1,501.52997,371.299417,401.709471,369.840885,451.61972,370.570151,2.73967,1.289762,-1.728476,2.827666,0.505597,2.058714
3367,112.233333,1,494.063978,369.627489,395.777311,367.753408,444.920645,368.690448,2.880711,1.190849,-1.662019,1.38221,0.609346,1.286529
3368,112.266667,1,488.085613,368.22574,392.556038,366.436701,440.320826,367.33122,2.89815,1.187666,-1.621291,1.174972,0.63843,1.181319
3369,112.3,1,484.938488,367.309942,390.319967,365.658994,437.629228,366.484468,2.939008,1.069885,-1.567109,1.297531,0.685949,1.183708
3370,112.333333,1,483.337069,366.910298,389.196835,365.272188,436.266952,366.091243,2.927396,1.036243,-1.5344,1.291687,0.696498,1.163965
3371,112.366667,1,483.145008,366.953863,388.688126,364.445155,435.916567,365.699509,2.890061,0.9551,-1.556701,1.107347,0.66668,1.031224
3372,112.4,1,484.612732,366.508423,389.531889,364.27381,437.07231,365.391117,2.891709,1.016438,-1.541398,1.238278,0.675155,1.127358
3373,112.433333,1,486.430349,366.040088,391.346254,363.866007,438.888302,364.953048,2.823814,0.853856,-1.555104,1.200353,0.634355,1.027105
3374,112.466667,1,488.548012,365.858529,392.75322,363.127198,440.650616,364.492864,2.832815,0.811049,-1.55042,1.291669,0.641197,1.051359
3375,112.5,1,490.068188,365.566978,394.195662,362.863784,442.131925,364.215381,2.791532,0.906473,-1.576894,1.305299,0.607319,1.105886
3376,112.533333,1,491.659107,365.410219,394.970942,362.601684,443.315024,364.005952,2.820378,0.854463,-1.57437,1.407454,0.623004,1.130959
3377,112.566667,1,491.442499,366.027079,395.892591,362.256323,443.667545,364.141701,2.822235,0.915286,-1.579735,1.314,0.62125,1.114643
3378,112.6,1,491.756258,366.273258,396.655226,362.078256,444.205742,364.175757,2.829512,0.967439,-1.635817,1.230419,0.596848,1.098929
3379,112.633333,1,492.17844,366.181945,397.254229,362.19254,444.716334,364.187242,2.844017,0.992963,-1.657473,1.155337,0.593272,1.07415
3380,112.666667,1,491.892424,367.165849,398.104525,362.759344,444.998474,364.962596,2.922827,1.066241,-1.595742,1.291077,0.663542,1.178659
3381,112.7,1,498.543358,376.997652,406.606283,372.3399,452.574821,374.668776,2.972452,2.594865,-1.406646,26.273922,0.782903,14.434394
3382,112.733333,1,499.658737,378.089547,408.495712,373.809922,454.077225,375.949734,3.051243,-20.795638,-1.373761,52.651262,0.838741,15.927812
3383,112.766667,1,499.78241,373.774753,405.462675,371.347353,452.622542,372.561053,3.023751,2.202411,-1.455274,47.04146,0.784238,24.621935
3384,112.8,1,491.896076,367.822663,398.470392,365.02455,445.183234,366.423606,2.965083,1.031553,-1.727158,2.877807,0.618962,1.95468
3385,112.833333,1,493.528967,366.696628,397.916422,363.852897,445.722694,365.274763,2.883664,0.892732,-1.685282,2.028786,0.599191,1.460759
3386,112.866667,1,494.310198,366.2281,398.522959,363.105032,446.416578,364.666566,2.858225,0.959127,-1.640305,1.566931,0.60896,1.263029
3387,112.9,1,493.97028,366.468351,398.748894,362.785817,446.359587,364.627084,2.864266,1.022685,-1.640507,1.434596,0.61188,1.228641
3388,112.933333,1,494.04254,366.297993,399.096546,362.597483,446.569543,364.447738,2.842669,0.992249,-1.667962,1.422249,0.587353,1.207249
3389,112.966667,1,494.321423,367.03986,400.186424,363.578641,447.253923,365.30925,2.849177,0.939405,-1.69235,1.90023,0.578413,1.419817
3390,113.0,1,500.742369,374.755089,405.31189,371.689721,453.027129,373.222405,3.003005,1.119933,-1.470837,62.177934,0.766084,31.648934
3391,113.033333,1,502.498016,376.994691,410.748425,375.101588,456.62322,376.048139,2.830795,-7.566179,-1.400305,66.337337,0.715245,29.385579
3392,113.066667,1,506.258821,376.876041,413.330069,374.856498,459.794445,375.866269,2.916332,-19.777217,-1.418118,76.759519,0.749107,28.491151
3393,113.1,1,510.387115,375.950925,413.522406,372.340286,461.954761,374.145606,2.986175,-4.943493,-1.430377,70.723083,0.777899,32.889795
3394,113.133333,1,516.535358,373.938432,417.577667,368.516427,467.056513,371.227429,3.096378,0.839943,-1.469121,4.96493,0.813628,2.902436
3395,113.166667,1,518.339615,372.290665,420.895729,366.868751,469.617672,369.579708,3.050583,1.006673,-1.477348,2.705848,0.786617,1.85626
3396,113.2,1,521.094036,371.651666,422.931366,365.968602,472.012701,368.810134,2.995765,1.19315,-1.472161,2.412013,0.761802,1.802581
3397,113.233333,1,522.383451,370.95117,424.69099,365.74254,473.537221,368.346855,2.997847,1.191814,-1.47926,2.180435,0.759293,1.686125
3398,113.266667,1,523.765345,370.568998,425.575209,365.287144,474.670277,367.928071,3.039835,1.196144,-1.533269,2.007779,0.753283,1.601961
3399,113.3,1,526.175184,370.596614,427.94776,365.055814,477.061472,367.826214,3.015295,1.169558,-1.558009,2.084128,0.728643,1.626843
3400,113.333333,1,528.204489,370.805504,429.722195,364.78843,478.963342,367.796967,2.999021,1.142699,-1.547065,2.030896,0.725978,1.586797
3401,113.366667,1,530.624046,370.466924,431.029472,364.901994,480.826759,367.684459,2.971949,1.354187,-1.543098,1.894704,0.714426,1.624445
3402,113.4,1,531.354008,370.393989,432.211885,364.126884,481.782947,367.260437,2.959661,1.51094,-1.537894,1.830844,0.710883,1.670892
3403,113.433333,1,532.916441,370.255533,433.581905,364.456222,483.249173,367.355878,2.980712,1.396306,-1.543637,1.919957,0.718538,1.658132
3404,113.466667,1,534.097338,370.652897,435.352736,364.077231,484.725037,367.365064,2.99859,1.428528,-1.535187,1.856102,0.731701,1.642315
3405,113.5,1,535.3689,370.445874,436.793671,363.91065,486.081285,367.178262,2.957683,1.344736,-1.52248,1.813821,0.717601,1.579278
3406,113.533333,1,536.953411,369.782853,438.328562,363.231933,487.640986,366.507393,2.994838,1.520432,-1.527454,1.930934,0.733692,1.725683
3407,113.566667,1,538.593674,369.624131,439.144917,362.645291,488.869295,366.134711,2.989767,1.642485,-1.530743,1.847,0.729512,1.744743
3408,113.6,1,539.197359,369.52372,440.303898,361.949564,489.750628,365.736642,3.014076,1.918885,-1.526015,1.647605,0.74403,1.783245
3409,113.633333,1,540.321798,369.093997,440.812616,361.843209,490.567207,365.468603,2.976062,1.591485,-1.53187,1.797525,0.722096,1.694505
3410,113.666667,1,540.695744,370.409932,441.282148,362.063777,490.988946,366.236855,3.05833,1.806104,-1.571199,1.751048,0.743565,1.778576
3411,113.7,1,538.044701,377.083912,443.426418,369.167951,490.735559,373.125932,2.912068,21.777395,-1.496137,18.920199,0.707965,20.348797
3412,113.733333,1,539.075594,377.419456,443.14559,368.394542,491.110592,372.906999,2.956001,12.217555,-1.516449,38.812372,0.719776,25.514964
3413,113.766667,1,540.100775,375.847306,444.566841,366.919938,492.333808,371.383622,2.996138,10.441195,-1.494416,33.828395,0.750861,22.134795
3414,113.8,1,541.355448,375.503747,442.910309,365.59099,492.132878,370.547369,3.049635,4.687213,-1.568431,12.411681,0.740602,8.549447
3415,113.833333,1,542.768841,374.152751,444.082108,363.34501,493.425474,368.74888,3.130516,5.662712,-1.595291,7.703874,0.767613,6.683293
3416,113.866667,1,542.111387,372.322648,442.575912,361.900404,492.34365,367.111526,3.185364,3.537887,-1.652776,6.202495,0.766294,4.870191
3417,113.9,1,541.686859,371.535516,442.232666,361.378103,491.959763,366.456809,3.185853,3.334893,-1.674862,6.039913,0.755495,4.687403
3418,113.933333,1,541.650133,370.945591,442.021236,361.221086,491.835685,366.083339,3.189312,3.274668,-1.69754,4.918258,0.745886,4.096463
3419,113.966667,1,541.413555,370.504861,440.550394,361.1769,490.981975,365.84088,3.165974,3.169182,-1.727497,4.784394,0.719238,3.976788
3420,114.0,1,541.333284,370.704439,441.732378,361.522851,491.532831,366.113645,3.139465,2.996635,-1.716218,4.588648,0.711624,3.792641
3421,114.033333,1,540.93092,370.518444,441.323032,361.839008,491.126976,366.178726,3.165587,3.099295,-1.719508,4.45839,0.723039,3.778842
3422,114.066667,1,540.657196,371.068897,440.661325,362.253683,490.659261,366.66129,3.147136,2.767853,-1.72325,4.618584,0.711943,3.693218
3423,114.1,1,540.693789,371.128818,441.272774,362.265764,490.983281,366.697291,3.180144,2.855992,-1.707089,4.599919,0.736528,3.727955
3424,114.133333,1,541.027126,370.701499,440.987406,362.30671,491.007266,366.504105,3.158677,2.689554,-1.716106,4.68052,0.721285,3.685037
3425,114.166667,1,540.074911,370.85638,440.678701,362.348258,490.376806,366.602319,3.116854,2.428027,-1.72443,4.782439,0.696212,3.605233
3426,114.2,1,540.708809,370.448223,439.897013,361.481357,490.302911,365.96479,3.180151,2.690744,-1.750253,4.406501,0.714949,3.548623
3427,114.233333,1,541.439943,369.997902,440.342236,361.620666,490.891089,365.809284,3.197655,2.639297,-1.727123,4.014834,0.735266,3.327065
3428,114.266667,1,541.396189,370.051353,440.544577,361.608413,490.970383,365.829883,3.148675,2.675942,-1.730759,3.915908,0.708958,3.295925
3429,114.3,1,541.41304,369.815576,440.948305,361.738758,491.180673,365.777167,3.139085,2.739527,-1.743104,3.817995,0.69799,3.278761
3430,114.333333,1,542.131948,369.736172,441.297617,361.612641,491.714783,365.674406,3.139535,2.833028,-1.743918,3.748816,0.697808,3.290922
3431,114.366667,1,542.582607,369.795181,441.374846,361.710316,491.978726,365.752748,3.159819,2.94685,-1.74844,3.719817,0.70569,3.333334
3432,114.4,1,542.150316,369.564607,441.566601,361.771556,491.858459,365.668082,3.097108,2.555792,-1.755814,3.841653,0.670647,3.198722
3433,114.433333,1,542.133436,369.51739,441.965313,361.663002,492.049375,365.590196,3.09717,2.757197,-1.773634,3.811969,0.661768,3.284583
3434,114.466667,1,542.267532,369.515061,441.635876,361.738324,491.951704,365.626692,3.079579,2.793229,-1.755307,3.725848,0.662136,3.259538
3435,114.5,1,542.772083,369.528269,442.401791,361.479925,492.586937,365.504097,3.099368,2.939576,-1.773301,3.648875,0.663034,3.294226
3436,114.533333,1,542.418461,368.834403,441.256723,361.283646,491.837592,365.059024,3.114655,3.116738,-1.744582,3.609438,0.685036,3.363088
3437,114.566667,1,542.326632,368.453282,442.099791,360.845937,492.213211,364.649609,3.090305,3.216243,-1.787173,3.74811,0.651566,3.482176
3438,114.6,1,542.210541,368.50735,441.597414,361.052912,491.903977,364.780131,3.111612,2.89917,-1.734883,3.422864,0.688365,3.161017
3439,114.633333,1,541.547022,367.569784,441.001892,360.538459,491.274457,364.054121,3.094158,2.880288,-1.776364,3.606938,0.658897,3.243613
3440,114.666667,1,541.621695,367.125256,441.035128,359.969139,491.328411,363.547197,3.094355,2.775225,-1.771107,3.383258,0.661624,3.079241
3441,114.7,1,541.911688,366.876336,441.129065,359.537308,491.520376,363.206822,3.096875,2.943163,-1.797978,3.438228,0.649449,3.190696
3442,114.733333,1,542.422075,366.206546,441.199121,359.171165,491.810598,362.688856,3.102442,2.755766,-1.805535,3.530675,0.648453,3.143221
3443,114.766667,1,543.153419,365.648453,442.819195,358.501745,492.986307,362.075099,3.069615,2.877679,-1.801504,3.504386,0.634056,3.191033
3444,114.8,1,543.322601,364.832321,443.377209,357.702178,493.349905,361.26725,3.034672,2.719488,-1.80078,3.035288,0.616946,2.877388
3445,114.833333,1,543.606768,364.83996,443.486986,357.520604,493.546877,361.180282,3.051312,2.642657,-1.791107,3.259819,0.630102,2.951238
3446,114.866667,1,543.302355,364.572469,443.481951,357.389197,493.392153,360.980833,3.032968,2.632085,-1.771525,3.26078,0.630722,2.946432
3447,114.9,1,543.065519,364.324756,444.087276,357.2282,493.576398,360.776478,3.049484,2.698299,-1.756069,3.201359,0.646707,2.949829
3448,114.933333,1,542.74869,364.121847,442.966137,357.04905,492.857413,360.585448,3.056371,2.714982,-1.77344,3.592676,0.641465,3.153829
3449,114.966667,1,542.526808,363.909459,442.923651,356.725597,492.725229,360.317528,3.036918,2.783953,-1.778097,3.602928,0.629411,3.19344
3450,115.0,1,542.39748,363.973902,442.956038,356.830922,492.676759,360.402412,3.056062,2.80932,-1.765023,3.556568,0.645519,3.182944
3451,115.033333,1,542.341242,364.01126,442.607346,356.859723,492.474294,360.435492,3.065898,3.004235,-1.764678,3.623326,0.65061,3.313781
3452,115.066667,1,542.333632,364.132329,442.988577,356.721439,492.661104,360.426884,3.046419,3.024825,-1.752918,3.392645,0.646751,3.208735
3453,115.1,1,541.987171,363.946345,443.074989,356.76818,492.53108,360.357262,3.03871,2.982672,-1.745696,3.372981,0.646507,3.177827
3454,115.133333,1,542.110033,363.928396,443.152704,356.693094,492.631369,360.310745,3.039889,2.959498,-1.766279,3.602952,0.636805,3.281225
3455,115.166667,1,542.398939,364.144211,443.15815,356.712658,492.778544,360.428435,3.04639,2.948046,-1.768761,4.093959,0.638815,3.521002
3456,115.2,1,542.466183,364.210312,442.938499,356.765497,492.702341,360.487905,3.079695,2.944832,-1.784854,4.308199,0.647421,3.626516
3457,115.233333,1,542.330866,364.310052,443.284979,356.796906,492.807922,360.553479,3.061542,3.054791,-1.779328,4.243661,0.641107,3.649226
3458,115.266667,1,542.144508,364.692868,443.570452,357.241412,492.85748,360.96714,3.058734,2.960111,-1.773352,4.214726,0.642691,3.587419
3459,115.3,1,542.107916,365.157062,443.821259,357.680147,492.964587,361.418604,3.035989,2.99724,-1.787378,4.395306,0.624306,3.696273
3460,115.333333,1,541.908016,366.008754,444.059935,358.37934,492.983975,362.194047,3.050413,3.13036,-1.775211,4.577474,0.637601,3.853917
3461,115.366667,1,541.723013,368.474472,444.515314,359.796125,493.119164,364.135298,3.073876,3.813653,-1.736013,6.765057,0.668931,5.289355
3462,115.4,1,543.492403,373.26686,448.512974,363.500851,496.002688,368.383856,2.979701,5.107821,-1.493496,7.012338,0.743103,6.060079
3463,115.433333,1,542.518902,375.433795,446.109028,366.037706,494.313965,370.735751,2.92966,16.185354,-1.499392,46.647338,0.715134,31.416346
3464,115.466667,1,541.800909,376.070112,446.270065,366.681007,494.035487,371.37556,2.890021,13.360796,-1.490713,103.692672,0.699654,58.526734
3465,115.5,1,540.664644,376.270913,447.764311,367.319105,494.214478,371.795009,2.84226,12.757703,-1.466948,106.513666,0.687656,59.635685
3466,115.533333,1,541.038761,377.388943,447.675095,368.183237,494.356928,372.78609,2.793209,17.742838,-1.470836,103.095294,0.661187,60.419066
3467,115.566667,1,540.252609,378.139393,445.494022,368.93344,492.873316,373.536417,2.816041,26.343826,-1.502804,128.986036,0.656618,77.664931
3468,115.6,1,539.649506,379.10707,444.756575,369.778841,492.20304,374.442955,2.771845,29.857693,-1.505811,123.369322,0.633017,76.613508
3469,115.633333,1,539.215546,379.801472,445.72628,370.808498,492.470913,375.304985,2.745218,36.552035,-1.473931,116.538202,0.635644,76.545118
3470,115.666667,1,538.650379,380.936819,443.828268,371.954648,491.239324,376.445734,2.779456,51.137588,-1.498253,116.760829,0.640601,83.949208
3471,115.7,1,538.106823,382.295154,442.09651,372.955284,490.101666,377.625219,2.778119,33.690726,-1.486235,113.436537,0.645942,73.563632
3472,115.733333,1,538.312788,384.352795,443.047495,374.693034,490.680141,379.522914,2.783222,25.714754,-1.451244,106.267253,0.665989,65.991004
3473,115.766667,1,538.970623,386.702979,441.590691,376.325748,490.280657,381.514363,2.767547,42.325169,-1.471006,100.295624,0.64827,71.310397
3474,115.8,1,538.362141,388.271867,441.037283,377.784494,489.699712,383.028181,2.794266,32.898932,-1.450492,103.487564,0.671887,68.193248
3475,115.833333,1,539.167385,390.400715,441.748762,379.77318,490.458074,385.086948,2.816821,85.914202,-1.448615,80.571095,0.684103,83.242648
3476,115.866667,1,538.517914,392.352912,440.715275,381.979373,489.616594,387.166142,2.820023,78.66891,-1.490274,74.031983,0.664874,76.350447
3477,115.9,1,538.064117,394.816951,440.702724,384.731694,489.383421,389.774323,2.798297,72.081587,-1.482548,70.440566,0.657874,71.261077
3478,115.933333,1,536.343374,397.312971,438.529787,387.636452,487.436581,392.474712,2.744957,66.783787,-1.512706,78.570695,0.616125,72.677241
3479,115.966667,1,535.75882,401.094146,436.798096,391.602484,486.278458,396.348315,2.705833,52.329806,-1.500899,50.485106,0.602467,51.407456
3480,116.0,1,536.405783,404.063212,437.389612,394.837056,486.897697,399.450134,2.666419,44.36724,-1.521107,40.07916,0.572656,42.2232
3481,116.033333,1,540.436554,409.792346,437.204161,399.962436,488.820357,404.877391,2.709972,44.40723,-1.510805,31.842112,0.599583,38.124671
3482,116.066667,1,540.631275,415.716251,438.603115,406.120702,489.617195,410.918477,2.643505,32.978537,-1.564629,31.19404,0.539438,32.086288
3483,116.1,1,546.913605,424.172173,441.661158,411.674463,494.287381,417.923318,2.626011,28.402516,-1.615051,30.168753,0.50548,29.285635
3484,116.133333,1,549.427958,430.580184,446.16147,417.649652,497.794714,424.114918,2.620369,25.59251,-1.650552,28.751391,0.484908,27.171951
3485,116.166667,1,553.474846,434.691399,448.744516,421.212162,501.109681,427.951781,2.696727,23.407684,-1.647883,30.231163,0.524422,26.819423
3486,116.2,1,554.839315,438.678471,450.956144,425.413735,502.89773,432.046103,2.690065,22.580621,-1.674167,32.324188,0.507949,27.452405
3487,116.233333,1,555.724516,442.659738,452.630682,428.889245,504.177599,435.774491,2.705215,21.59336,-1.665207,31.208756,0.520004,26.401058
3488,116.266667,1,557.356014,446.981034,452.890339,432.336881,505.123177,439.658958,2.754479,21.545466,-1.660965,29.320839,0.546757,25.433152
3489,116.3,1,557.561274,449.822534,452.399082,435.743705,504.980178,442.78312,2.82172,22.109532,-1.6762,28.197397,0.57276,25.153465
3490,116.333333,1,556.621075,452.93483,451.650152,439.141173,504.135613,446.038002,2.827098,21.955558,-1.660031,28.299018,0.583534,25.127288
3491,116.366667,1,554.921036,454.571675,450.021877,441.577649,502.471457,448.074662,2.763562,22.288773,-1.634785,28.811092,0.564388,25.549932
3492,116.4,1,555.563459,456.909778,447.460222,443.440036,501.511841,450.174907,2.746211,20.626664,-1.698134,29.432742,0.524038,25.029703
3493,116.433333,1,554.608994,457.724537,446.474886,444.399312,500.54194,451.061924,2.760599,20.479622,-1.672611,26.844868,0.543994,23.662245
3494,116.466667,1,554.201136,458.419679,445.825996,445.951967,500.013566,452.185823,2.783023,19.845649,-1.687771,27.171901,0.547626,23.508775
3495,116.5,1,553.176737,459.064568,446.484833,446.657345,499.830785,452.860957,2.792641,18.34823,-1.666886,25.432728,0.562878,21.890479
3496,116.533333,1,553.489666,460.454296,445.211468,448.153943,499.350567,454.304119,2.811737,18.944514,-1.705548,26.988281,0.553095,22.966398
3497,116.566667,1,552.290821,460.47717,444.88821,449.145298,498.589516,454.811234,2.785469,18.327868,-1.697487,26.762532,0.543991,22.5452
3498,116.6,1,552.088499,460.853816,443.570671,450.083578,497.829585,455.468697,2.779987,18.178411,-1.712126,26.662058,0.53393,22.420235
3499,116.633333,1,551.954927,461.32213,444.868011,450.011523,498.411469,455.666826,2.814083,17.783387,-1.674301,27.212494,0.569891,22.497941
3500,116.666667,1,551.535387,462.245078,443.885088,450.50992,497.710238,456.377499,2.825851,18.594249,-1.699518,27.279706,0.563167,22.936978
3501,116.7,1,552.5033,462.435118,445.070076,450.920867,498.786688,456.677992,2.826208,17.314055,-1.662364,27.387663,0.581922,22.350859
3502,116.733333,1,551.541109,462.042131,445.136223,450.571289,498.338666,456.30671,2.82199,17.090552,-1.644817,27.590702,0.588586,22.340627
3503,116.766667,1,552.392597,462.911232,444.837694,451.033133,498.615146,456.972182,2.841046,17.308076,-1.684721,27.309751,0.578163,22.308914
3504,116.8,1,551.435308,462.432564,444.85321,451.301955,498.144259,456.86726,2.811545,17.119139,-1.658571,25.80268,0.576487,21.46091
3505,116.833333,1,551.400175,462.384285,444.759998,451.490353,498.080087,456.937319,2.832269,17.477435,-1.631988,25.73784,0.60014,21.607637
3506,116.866667,1,551.76795,462.977933,445.012093,451.566367,498.390021,457.27215,2.832087,17.303895,-1.653269,25.698626,0.589409,21.50126
3507,116.9,1,551.766195,463.202519,444.992895,451.750249,498.379545,457.476384,2.856084,17.290527,-1.637211,25.086735,0.609436,21.188631
3508,116.933333,1,551.479301,463.097699,445.039024,451.842839,498.259163,457.470269,2.85578,17.407294,-1.638922,25.389135,0.608429,21.398215
3509,116.966667,1,550.953693,462.973169,445.002537,451.797059,497.978115,457.385114,2.840246,17.722449,-1.632008,24.975492,0.604119,21.34897
3510,117.0,1,551.046848,463.142942,445.138311,451.839169,498.09258,457.491056,2.847352,17.422232,-1.639213,25.597815,0.60407,21.510024
3511,117.033333,1,550.823812,462.858413,445.156431,451.832389,497.990122,457.345401,2.843651,17.582984,-1.619897,26.048898,0.611877,21.815941
3512,117.066667,1,553.482895,463.691894,445.166302,451.854157,499.324598,457.773026,2.877365,17.447317,-1.663672,26.38302,0.606846,21.915168
3513,117.1,1,552.583895,460.967531,443.248949,451.007062,497.916422,455.987297,2.80031,16.459607,-1.67647,24.381555,0.56192,20.420581
3514,117.133333,1,556.025572,448.193629,442.896214,445.043492,499.460893,446.618561,2.914048,15.773074,-1.645935,6.670848,0.634057,11.221961
3515,117.166667,1,556.716757,440.050528,445.029087,438.554027,500.872922,439.302278,2.932699,15.44332,-1.604211,7.962139,0.664244,11.70273
3516,117.2,1,556.609249,430.735753,443.085051,432.426327,499.84715,431.58104,2.972752,19.485025,-1.671374,8.215371,0.650689,13.850198
3517,117.233333,1,554.124756,430.964931,443.513355,423.342726,498.819056,427.153829,2.81407,18.80873,-1.749413,27.340002,0.532328,23.074366
3518,117.266667,1,549.644327,422.468895,448.048477,410.794301,498.846402,416.631598,2.661576,16.444402,-1.68419,40.435226,0.488693,28.439814
3519,117.3,1,549.926262,407.024746,449.431953,396.4047,499.679108,401.714723,2.671951,10.263761,-1.742687,11.147296,0.464632,10.705529
3520,117.333333,1,554.80773,396.337656,450.490627,384.160341,502.649179,390.248998,2.784697,3.459613,-1.760391,3.760594,0.512153,3.610103
3521,117.366667,1,557.092371,388.536183,453.526154,375.870202,505.309262,382.203192,2.805049,2.891451,-1.649245,2.996414,0.577902,2.943933
3522,117.4,1,557.401772,384.477625,455.405216,371.163193,506.403494,377.820409,2.861393,3.455992,-1.805436,8.121274,0.527978,5.788633
3523,117.433333,1,555.164309,387.42739,461.202345,376.874496,508.183327,382.150943,2.577409,61.605514,-1.506559,171.487595,0.535425,116.546554
3524,117.466667,1,557.764158,382.035892,462.671442,369.590281,510.2178,375.813087,2.729732,79.797225,-1.569276,6.038066,0.580228,42.917645
3525,117.5,1,559.934483,375.359241,460.314522,362.649105,510.124502,369.004173,2.925722,5.067157,-1.743156,1.7283,0.591283,3.397729
3526,117.533333,1,560.198469,372.592767,459.982672,360.822296,510.09057,366.707532,2.969693,2.500451,-1.73837,1.214282,0.615662,1.857367
3527,117.566667,1,560.718555,373.201371,459.438868,360.74324,510.078712,366.972306,2.915693,2.499387,-1.73766,1.170299,0.589016,1.834843
3528,117.6,1,559.5189,375.375731,460.077877,362.835824,509.798388,369.105778,2.923439,3.027965,-1.720307,2.378675,0.601566,2.70332
3529,117.633333,1,554.799585,384.525851,460.674276,371.204993,507.736931,377.865422,2.543353,48.403413,-1.461418,36.230713,0.540967,42.317063
3530,117.666667,1,555.175991,380.923634,460.22296,368.96067,507.699475,374.942152,2.614135,16.542185,-1.531396,34.469031,0.54137,25.505608
3531,117.7,1,557.406502,374.098828,457.113647,362.832831,507.260075,368.465829,2.84015,5.275015,-1.769293,5.182642,0.535429,5.228828
3532,117.733333,1,557.87137,370.203584,456.905899,359.438694,507.388635,364.821139,2.841164,1.961108,-1.79053,2.202809,0.525317,2.081959
3533,117.766667,1,557.495279,368.913699,456.834993,357.805004,507.165136,363.359351,2.862257,2.119827,-1.777171,1.627833,0.542543,1.87383
3534,117.8,1,557.577629,367.645519,456.833448,356.655784,507.205539,362.150652,2.860865,2.11271,-1.755007,1.823946,0.552929,1.968328
3535,117.833333,1,557.976198,367.336099,456.675348,356.694435,507.325773,362.015267,2.876917,2.03889,-1.77204,1.905999,0.552438,1.972444
3536,117.866667,1,558.152895,367.86576,456.814957,357.179298,507.483926,362.522529,2.887432,2.012369,-1.748928,1.913677,0.569252,1.963023
3537,117.9,1,557.887478,368.667939,457.3598,357.543912,507.623639,363.105926,2.879212,2.066468,-1.716836,1.949188,0.581188,2.007828
3538,117.933333,1,557.936726,368.82649,457.497663,358.001695,507.717195,363.414093,2.885928,2.029666,-1.706432,1.954644,0.589748,1.992155
3539,117.966667,1,558.184853,369.089212,457.758274,358.222945,507.971563,363.656079,2.816235,2.10327,-1.694438,1.991129,0.560899,2.0472
3540,118.0,1,558.345957,368.816314,458.122721,358.259992,508.234339,363.538153,2.824695,2.162782,-1.726269,1.900626,0.549213,2.031704
3541,118.033333,1,559.200144,368.927604,458.345766,357.803357,508.772955,363.36548,2.840552,2.32379,-1.752678,1.9209,0.543937,2.122345
3542,118.066667,1,559.932728,368.990244,459.197617,358.11798,509.565172,363.554112,2.835687,2.490592,-1.726365,1.787033,0.554661,2.138813
3543,118.1,1,560.930824,369.22785,459.262247,357.838601,510.096536,363.533226,2.851507,2.573672,-1.740631,1.834797,0.555438,2.204234
3544,118.133333,1,561.850634,369.803023,459.928427,358.11364,510.88953,363.958332,2.863621,2.576144,-1.739052,1.746496,0.562284,2.16132
3545,118.166667,1,563.0616,370.316023,460.534439,358.168191,511.798019,364.242107,2.874057,2.630502,-1.759179,1.696604,0.557439,2.163553
3546,118.2,1,564.136124,370.726519,461.61623,358.246232,512.876177,364.486375,2.844842,2.485845,-1.727383,1.703457,0.558729,2.094651
3547,118.233333,1,565.489807,371.200165,462.876558,359.155592,514.183183,365.177878,2.809548,2.237483,-1.716545,1.624227,0.546502,1.930855
3548,118.266667,1,566.351318,371.457399,463.656464,359.036508,515.003891,365.246953,2.783472,2.271345,-1.73444,1.691943,0.524516,1.981644
3549,118.3,1,567.404432,371.634843,465.372829,358.600101,516.388631,365.117472,2.755977,2.200576,-1.721223,1.693533,0.517377,1.947054
3550,118.333333,1,568.543377,371.725996,467.469263,358.734137,518.00632,365.230066,2.720718,2.141758,-1.694928,1.620484,0.512895,1.881121
3551,118.366667,1,569.666519,372.137854,468.820009,358.915819,519.243264,365.526837,2.73189,2.076711,-1.704955,1.808481,0.513468,1.942596
3552,118.4,1,570.371017,373.136955,469.609327,358.946444,519.990172,366.0417,2.741821,2.126834,-1.711733,1.634335,0.515044,1.880585
3553,118.433333,1,568.616953,382.10946,477.423134,366.878922,523.020043,374.494191,2.745011,4.00299,-1.550115,26.532459,0.597448,15.267724
3554,118.466667,1,569.640398,384.716728,473.997002,370.327009,521.8187,377.521868,2.674932,12.927292,-1.62307,145.028863,0.525931,78.978078
3555,118.5,1,569.76347,381.816648,476.113319,367.710085,522.938395,374.763367,2.721906,5.774607,-1.668031,38.485626,0.526938,22.130117
3556,118.533333,1,571.829081,378.003652,473.285313,363.527861,522.557197,370.765757,2.849651,3.835057,-1.888299,12.658044,0.480676,8.24655
3557,118.566667,1,572.350569,374.616934,471.597633,361.011558,521.974101,367.814246,2.844321,2.834406,-1.912148,4.256537,0.466087,3.545471
3558,118.6,1,572.867308,373.701282,470.870886,360.048494,521.869097,366.874888,2.857066,3.061227,-1.782805,2.489412,0.53713,2.77532
3559,118.633333,1,572.743626,374.038564,470.519228,359.55802,521.631427,366.798292,2.831886,3.087667,-1.75729,1.900315,0.537298,2.493991
3560,118.666667,1,572.605743,374.069678,470.01873,359.515931,521.312237,366.792804,2.829588,3.064845,-1.753235,1.941124,0.538177,2.502985
3561,118.7,1,572.549582,373.968751,469.432917,359.505031,520.991249,366.736891,2.829874,2.961091,-1.748723,2.034908,0.540575,2.498
3562,118.733333,1,572.216606,374.068197,468.929462,359.436559,520.573034,366.752378,2.799292,3.064957,-1.73732,1.935145,0.530986,2.500051
3563,118.766667,1,572.227297,374.053198,468.892412,359.529299,520.559855,366.791249,2.805037,2.921768,-1.735074,1.911789,0.534981,2.416779
3564,118.8,1,571.770859,374.031955,468.224344,359.764143,519.997602,366.898049,2.831261,2.929389,-1.739724,1.792784,0.545769,2.361087
3565,118.833333,1,571.437101,374.066523,467.359982,359.666322,519.398541,366.866423,2.856111,2.902895,-1.770721,1.818611,0.542695,2.360753
3566,118.866667,1,570.492935,373.822861,466.358547,359.733142,518.425741,366.778001,2.86396,2.833493,-1.771908,1.946372,0.546026,2.389933
3567,118.9,1,569.408293,373.932831,465.721188,360.255985,517.56474,367.094408,2.843873,2.953485,-1.776142,1.854054,0.533865,2.40377
3568,118.933333,1,568.233652,374.014553,464.628,360.585934,516.430826,367.300243,2.825187,2.779725,-1.782093,1.908577,0.521547,2.344151
3569,118.966667,1,567.432861,374.028865,463.845549,360.716488,515.639205,367.372676,2.846737,2.777184,-1.791229,1.945252,0.527754,2.361218
3570,119.0,1,566.898699,374.004489,463.792772,361.00232,515.345736,367.503405,2.816945,2.718517,-1.795857,1.924193,0.510544,2.321355
3571,119.033333,1,566.67119,374.147848,463.753347,361.242372,515.212269,367.69511,2.812929,2.890462,-1.764769,1.922099,0.52408,2.406281
3572,119.066667,1,568.029089,374.351524,464.711971,361.360679,516.37053,367.856102,2.836072,3.143129,-1.848909,2.040817,0.493581,2.591973
3573,119.1,1,568.417234,374.473404,465.102243,361.59187,516.759739,368.032637,2.832317,3.079044,-1.827399,2.139397,0.502459,2.60922
3574,119.133333,1,568.225479,374.604414,464.788265,361.895024,516.506872,368.249719,2.844913,3.09243,-1.837878,2.226141,0.503518,2.659286
3575,119.166667,1,568.215466,374.996467,464.682693,362.036639,516.44908,368.516553,2.857707,3.207172,-1.845872,2.296071,0.505918,2.751622
3576,119.2,1,568.073654,375.60241,464.786434,362.479144,516.430044,369.040777,2.843511,3.058842,-1.835617,2.255733,0.503947,2.657288
3577,119.233333,1,568.207073,375.907989,464.825783,362.839413,516.516428,369.373701,2.861234,3.221443,-1.834478,2.31113,0.513378,2.766287
3578,119.266667,1,568.452635,376.077354,464.962597,363.03876,516.707616,369.558057,2.871451,3.342066,-1.822512,2.276963,0.524469,2.809515
3579,119.3,1,568.817444,376.366539,465.440798,363.337119,517.129121,369.851829,2.873838,3.742726,-1.82549,2.29817,0.524174,3.020448
3580,119.333333,1,568.930397,376.838822,465.381269,364.096409,517.155833,370.467616,2.853794,3.806879,-1.827108,2.382249,0.513343,3.094564
3581,119.366667,1,569.134321,377.156718,465.660238,364.483237,517.39728,370.819978,2.874687,3.888026,-1.812469,2.277135,0.531109,3.082581
3582,119.4,1,569.601507,377.39728,466.33769,364.435494,517.969599,370.916387,2.870912,3.919974,-1.810809,2.190668,0.530052,3.055321
3583,119.433333,1,569.572906,377.589068,466.384678,364.816872,517.978792,371.20297,2.86786,3.483887,-1.821929,2.270162,0.522965,2.877025
3584,119.466667,1,570.27071,377.527496,466.789856,364.830449,518.530283,371.178972,2.892797,3.554447,-1.81568,2.355201,0.538558,2.954824
3585,119.5,1,570.479393,378.026043,466.91555,364.905916,518.697472,371.46598,2.883672,3.666532,-1.81762,2.267805,0.533026,2.967169
3586,119.533333,1,570.266199,378.430681,466.84598,364.814774,518.556089,371.622728,2.870158,3.812634,-1.808955,2.217548,0.530601,3.015091
3587,119.566667,1,570.025854,378.625571,466.616812,365.026878,518.321333,371.826224,2.854779,3.628725,-1.802756,2.238123,0.526011,2.933424
3588,119.6,1,569.574518,378.571508,466.38546,365.106314,517.979989,371.838911,2.835327,3.442654,-1.815438,2.270815,0.509944,2.856734
3589,119.633333,1,569.536095,378.547336,466.176462,365.286709,517.856278,371.917022,2.853009,3.694616,-1.82635,2.285559,0.513329,2.990087
3590,119.666667,1,569.361982,378.574802,466.268406,365.29231,517.815194,371.933556,2.848187,3.771637,-1.819323,2.211562,0.514432,2.991599
3591,119.7,1,568.910999,378.750089,465.829496,365.255907,517.370248,372.002998,2.83633,3.70955,-1.811048,2.212452,0.512641,2.961001
3592,119.733333,1,568.767786,378.833023,465.374517,365.635643,517.071152,372.234333,2.837511,3.419195,-1.813684,2.216239,0.511913,2.817717
3593,119.766667,1,568.618059,378.856841,465.410624,365.640439,517.014341,372.24864,2.834045,3.643464,-1.825915,2.164596,0.504065,2.90403
3594,119.8,1,568.732042,378.750143,465.390434,365.769496,517.061238,372.25982,2.852705,3.723514,-1.820534,2.263681,0.516086,2.993598
3595,119.833333,1,568.77697,378.682369,465.410757,365.733388,517.093863,372.207879,2.848088,3.800577,-1.821297,2.256705,0.513396,3.028641
3596,119.866667,1,567.809877,378.534354,464.983711,365.571109,516.396794,372.052732,2.81713,3.58932,-1.769111,2.127503,0.524009,2.858411
3597,119.9,1,566.988878,378.298877,464.417801,365.297706,515.70334,371.798292,2.805311,3.413195,-1.738794,1.926426,0.533259,2.669811
3598,119.933333,1,567.358913,378.157257,464.631939,365.174292,515.995426,371.665775,2.810813,3.551991,-1.748961,2.05297,0.530926,2.80248
3599,119.966667,1,567.619972,378.130327,464.617748,365.078484,516.11886,371.604406,2.810503,3.555379,-1.756728,1.985118,0.526887,2.770248
3600,120.0,1,567.701139,378.117925,464.609356,364.844477,516.155248,371.481201,2.812373,3.593269,-1.757682,1.985011,0.527346,2.78914
3601,120.033333,1,567.642231,377.948302,464.658566,364.681313,516.150398,371.314808,2.809147,3.678369,-1.750158,2.016419,0.529495,2.847394
3602,120.066667,1,567.409306,377.886633,464.659433,364.721535,516.034369,371.304084,2.807274,3.769945,-1.752379,2.032184,0.527447,2.901065
3603,120.1,1,566.956272,377.771748,463.50297,364.490173,515.229621,371.130961,2.823152,3.49497,-1.761211,2.019834,0.53097,2.757402
3604,120.133333,1,566.364689,377.645105,463.597202,364.633709,514.980946,371.139407,2.807019,3.480324,-1.743314,2.035253,0.531852,2.757788
3605,120.166667,1,566.208887,377.544941,463.468237,364.566708,514.838562,371.055824,2.807559,3.493075,-1.753868,2.081826,0.526845,2.78745
3606,120.2,1,565.754814,377.500223,463.288774,364.40717,514.521794,370.953696,2.819953,3.556451,-1.744927,2.087161,0.537513,2.821806
3607,120.233333,1,563.853016,379.720931,464.301624,366.680481,514.07732,373.200706,2.838764,4.330898,-1.789554,3.775723,0.524605,4.05331
3608,120.266667,1,562.044716,385.789826,462.69558,372.697095,512.370148,379.24346,2.75836,17.845551,-1.740732,60.638296,0.508814,39.241924
3609,120.3,1,562.397776,383.772697,466.720781,371.078736,514.559278,377.425717,2.727352,18.745141,-1.714313,42.870787,0.50652,30.807964
3610,120.333333,1,564.067326,379.27783,462.434673,367.227164,513.250999,373.252497,2.851186,4.381073,-1.836589,3.55275,0.507299,3.966912
3611,120.366667,1,563.439798,377.497798,461.712294,365.785235,512.576046,371.641517,2.787986,3.26664,-1.800543,2.727938,0.493722,2.997289
3612,120.4,1,563.56802,376.940693,461.17074,364.679006,512.36938,370.80985,2.838133,3.390455,-1.793144,2.402323,0.522495,2.896389
3613,120.433333,1,563.1392,376.604172,460.87101,364.386747,512.005105,370.49546,2.806585,3.279283,-1.763699,2.455759,0.521443,2.867521
3614,120.466667,1,563.394213,376.183923,460.861187,363.770553,512.1277,369.977238,2.827924,3.258792,-1.767266,2.414068,0.530329,2.83643
3615,120.5,1,563.302116,375.916207,461.252842,363.562805,512.277479,369.739506,2.814314,3.239251,-1.769147,2.44742,0.522583,2.843336
3616,120.533333,1,564.315271,375.720502,461.674194,363.341534,512.994733,369.531018,2.843148,3.406881,-1.791567,2.397417,0.52579,2.902149
3617,120.566667,1,564.253073,375.685687,461.889439,363.254362,513.071256,369.470024,2.83789,3.433705,-1.77173,2.440848,0.53308,2.937276
3618,120.6,1,564.363556,375.243005,461.646805,362.870736,513.00518,369.05687,2.842395,3.199932,-1.784214,2.33337,0.529091,2.766651
3619,120.633333,1,564.786978,374.799711,461.793451,362.481397,513.290215,368.640554,2.847021,3.277783,-1.797872,2.246119,0.524574,2.761951
3620,120.666667,1,564.885979,374.35485,461.905766,362.105974,513.395872,368.230412,2.842805,3.198432,-1.804301,2.342262,0.519252,2.770347
3621,120.7,1,565.529327,373.866806,462.153149,361.636587,513.841238,367.751697,2.83195,3.178446,-1.822311,2.315888,0.504819,2.747167
3622,120.733333,1,565.701342,373.720862,462.407484,361.466884,514.054413,367.593873,2.829813,3.263547,-1.819378,2.241111,0.505217,2.752329
3623,120.766667,1,565.616007,373.387431,462.843142,361.196952,514.229574,367.292191,2.845757,3.202939,-1.829573,2.381998,0.508092,2.792469
3624,120.8,1,565.881214,373.101164,462.775412,360.956663,514.328313,367.028914,2.866176,2.91849,-1.840376,2.389626,0.5129,2.654058
3625,120.833333,1,565.740042,372.780147,463.436289,360.820268,514.588165,366.800207,2.866179,2.931298,-1.851605,2.479219,0.507287,2.705259
3626,120.866667,1,565.632858,372.313646,463.544149,360.697235,514.588504,366.50544,2.850865,2.687422,-1.841363,2.851151,0.504751,2.769287
3627,120.9,1,567.29681,372.048998,465.083179,360.447607,516.189995,366.248302,2.928389,3.508236,-1.910179,3.578581,0.509105,3.543409
3628,120.933333,1,568.293209,371.638309,467.926893,359.71074,518.110051,365.674524,2.979616,4.519349,-1.913113,3.612042,0.533252,4.065695
3629,120.966667,1,568.305969,371.547436,468.043833,359.53807,518.174901,365.542753,2.962896,3.912948,-1.908547,3.408441,0.527175,3.660694
3630,121.0,1,568.265524,371.994098,468.142138,359.320135,518.203831,365.657117,2.960276,3.931974,-1.91755,3.629523,0.521363,3.780748
3631,121.033333,1,565.199881,375.678606,470.34831,363.589933,517.774096,369.634269,2.808587,6.805198,-1.795917,9.000526,0.506335,7.902862
3632,121.066667,1,565.399857,380.126578,470.896673,367.935407,518.148265,374.030992,2.796028,12.828684,-1.686169,64.036403,0.55493,38.432543
3633,121.1,1,564.467726,379.842489,472.780027,367.32861,518.623877,373.58555,2.726791,13.338756,-1.675432,81.517754,0.525679,47.428255
3634,121.133333,1,564.33198,377.82683,473.454304,366.678647,518.893142,372.252738,2.776837,12.74882,-1.702544,40.409881,0.537146,26.57935
3635,121.166667,1,566.407738,375.150222,473.634825,365.677185,520.021281,370.413703,2.874156,16.834715,-1.753265,9.288657,0.560445,13.061686
3636,121.2,1,567.319832,374.314381,476.453037,364.267609,521.886435,369.290995,2.911287,7.264426,-1.771408,5.460136,0.56994,6.362281
3637,121.233333,1,569.083738,373.626577,475.651102,364.928559,522.36742,369.277568,2.955595,5.03198,-1.794409,5.260469,0.580593,5.146224
3638,121.266667,1,569.408407,373.445839,473.800678,363.911535,521.604543,368.678687,2.940667,3.596285,-1.784282,3.715766,0.578192,3.656025
3639,121.3,1,570.277195,372.380766,473.849058,361.965201,522.063127,367.172983,3.001635,4.542277,-1.765537,3.919435,0.618049,4.230856
3640,121.333333,1,569.831848,372.108479,472.565413,361.502772,521.19863,366.805625,2.991623,5.582132,-1.866094,4.246486,0.562764,4.914309
3641,121.366667,1,570.697212,372.209115,472.008171,361.785584,521.352692,366.99735,2.987277,4.537181,-1.83245,4.108542,0.577414,4.322862
3642,121.4,1,570.111265,372.658374,472.274418,362.043393,521.192842,367.350883,2.999227,4.961203,-1.867888,3.683932,0.565669,4.322568
3643,121.433333,1,566.418123,380.570118,474.267941,367.577911,520.343032,374.074015,2.805665,17.497103,-1.674158,126.220811,0.565753,71.858957
3644,121.466667,1,565.715199,381.054043,473.60446,368.357184,519.659829,374.705613,2.765079,12.236977,-1.644027,153.089327,0.560526,82.663152
3645,121.5,1,563.030443,377.016159,474.115629,365.630386,518.573036,371.323273,2.74431,17.455603,-1.705267,51.275367,0.519522,34.365485
3646,121.533333,1,568.888512,374.887526,472.886171,363.41994,520.887341,369.153733,2.964864,5.844268,-1.880277,6.111826,0.542293,5.978047
3647,121.566667,1,569.83346,373.56921,474.666348,362.309688,522.249904,367.939449,2.994773,5.29994,-1.854845,4.988241,0.569964,5.144091
3648,121.6,1,570.631351,373.25022,472.12122,361.647499,521.376286,367.448859,3.015415,4.637697,-1.950689,5.263214,0.532363,4.950456
3649,121.633333,1,570.958462,372.695003,471.546421,361.037822,521.252441,366.866412,2.979398,4.815091,-1.964672,4.329228,0.507363,4.572159
3650,121.666667,1,570.197239,372.330909,470.868073,360.923007,520.532656,366.626958,3.043776,4.702713,-1.942477,4.45367,0.55065,4.578191
3651,121.7,1,569.569874,371.575609,470.672398,360.031634,520.121136,365.803622,3.026809,5.075235,-1.956647,4.753213,0.535081,4.914224
3652,121.733333,1,568.908472,371.097071,470.475178,359.753076,519.691825,365.425074,3.023991,5.829201,-1.949229,4.737292,0.537381,5.283246
3653,121.766667,1,568.505621,371.106759,469.095659,359.441881,518.80064,365.27432,3.012031,6.082957,-1.94717,4.6157,0.532431,5.349328
3654,121.8,1,568.038521,370.879651,468.44306,358.974844,518.24079,364.927247,3.012055,6.440726,-1.956031,5.083612,0.528012,5.762169
3655,121.833333,1,567.586555,371.203061,467.570686,359.127976,517.578621,365.165519,2.99799,5.719793,-1.961144,5.151568,0.518423,5.435681
3656,121.866667,1,564.150381,373.726569,467.781296,360.567673,515.965838,367.147121,2.974995,5.207563,-1.856622,5.778515,0.559187,5.493039
3657,121.9,1,561.110191,375.379411,469.057627,364.166527,515.083909,369.772969,2.840653,11.475908,-1.711585,17.071889,0.564534,14.273899
3658,121.933333,1,561.528225,376.890771,468.684769,366.528502,515.106497,371.709637,2.803174,24.536518,-1.610166,-0.668473,0.596504,11.934023
3659,121.966667,1,561.636591,376.171671,468.492689,366.499593,515.06464,371.335632,2.818737,28.034609,-1.570983,18.909499,0.623877,23.472054
3660,122.0,1,562.399559,373.995928,470.809469,365.367631,516.604514,369.681779,2.900589,27.600132,-1.586982,14.815002,0.656803,21.207567
3661,122.033333,1,563.237324,371.696191,473.045044,365.286591,518.141184,368.491391,2.978442,17.477199,-1.567024,15.310424,0.705709,16.393811
3662,122.066667,1,563.191977,369.153081,473.84901,365.149852,518.520494,367.151467,2.959516,9.16511,-1.629111,9.725402,0.665202,9.445256
3663,122.1,1,564.505701,367.842844,472.847013,364.574132,518.676357,366.208488,2.944886,4.765773,-1.678074,12.972226,0.633406,8.868999
3664,122.133333,1,565.697393,367.483653,473.033009,364.641933,519.365201,366.062793,2.927112,2.845236,-1.688885,9.569556,0.619114,6.207396
3665,122.166667,1,565.661478,366.313904,471.865969,362.908775,518.763723,364.61134,2.904844,2.996663,-1.725285,9.63782,0.58978,6.317242
3666,122.2,1,567.315435,365.025934,470.515547,360.707014,518.915491,362.866474,2.949969,3.131444,-1.773372,6.723118,0.588299,4.927281
3667,122.233333,1,566.897631,363.27966,467.705402,358.63622,517.301517,360.95794,3.008672,3.968741,-1.862354,5.822987,0.573159,4.895864
3668,122.266667,1,566.308126,362.079039,467.187567,357.745523,516.747847,359.912281,3.012735,4.391059,-1.869976,5.129548,0.57138,4.760303
3669,122.3,1,565.729685,361.348808,467.415705,356.905289,516.572695,359.127048,3.025196,4.785562,-1.835396,5.554366,0.5949,5.169964
3670,122.333333,1,565.832958,361.684025,466.726761,356.577303,516.27986,359.130664,3.028238,4.35201,-1.877736,5.22499,0.575251,4.7885
3671,122.366667,1,565.602798,361.065974,466.803112,356.552455,516.202955,358.809215,3.000854,4.654855,-1.886805,6.481451,0.557025,5.568153
3672,122.4,1,565.41604,361.10492,468.23823,357.086075,516.827135,359.095497,2.98684,4.691063,-1.892346,4.557651,0.547247,4.624357
3673,122.433333,1,565.596399,361.676016,468.445797,357.438276,517.021098,359.557146,2.973577,4.898373,-1.864756,3.995884,0.554411,4.447128
3674,122.466667,1,565.050793,362.101446,469.161901,357.863588,517.106347,359.982517,2.958415,5.024641,-1.828528,3.566405,0.564944,4.295523
3675,122.5,1,565.332642,361.177994,468.590813,357.585647,516.961727,359.381821,2.973664,4.859468,-1.874622,4.331967,0.549521,4.595718
3676,122.533333,1,565.731707,362.52869,470.605793,357.883539,518.16875,360.206114,2.970728,5.892761,-1.786364,3.476974,0.592182,4.684868
3677,122.566667,1,566.741076,363.415058,471.738291,358.22802,519.239683,360.821539,2.98274,5.353026,-1.787798,3.144185,0.597471,4.248605
3678,122.6,1,563.756456,362.648842,474.407158,357.411475,519.081807,360.030159,2.895104,6.057595,-1.760643,2.361677,0.567231,4.209636
3679,122.633333,1,563.478374,367.492188,469.878922,360.918394,516.678648,364.205291,2.743319,17.770683,-1.71458,8.045753,0.51437,12.908218
3680,122.666667,1,565.830812,372.777346,473.800688,363.753097,519.81575,368.265222,2.800667,21.454334,-1.501695,60.668464,0.649486,41.061399
3681,122.7,1,566.690426,370.102626,469.998951,361.234889,518.344688,365.668758,2.786499,11.279118,-1.641615,16.091557,0.572442,13.685338
3682,122.733333,1,569.37396,367.517867,471.004992,361.935343,520.189476,364.726605,2.832845,9.690132,-1.799239,6.296284,0.516803,7.993208
3683,122.766667,1,569.39187,366.324145,473.130426,359.179223,521.261148,362.751684,2.770691,8.189256,-1.799287,3.834731,0.485702,6.011994
3684,122.8,1,562.66654,366.092407,473.211899,362.840288,517.939219,364.466347,2.65583,7.673502,-1.83977,1.835249,0.40803,4.754375
3685,122.833333,1,568.251324,366.61172,471.75046,361.354162,520.000892,363.982941,2.775513,9.184488,-1.833313,3.056255,0.4711,6.120372
3686,122.866667,1,568.750877,365.834743,470.891676,361.477125,519.821277,363.655934,2.777537,6.626063,-1.869411,2.738287,0.454063,4.682175
3687,122.9,1,568.993959,365.985564,471.415377,361.516601,520.204668,363.751083,2.786625,6.94743,-1.853442,2.956729,0.466592,4.95208
3688,122.933333,1,569.109678,366.083518,471.750116,361.287868,520.429897,363.685693,2.783091,7.1173,-1.854581,2.593983,0.464255,4.855642
3689,122.966667,1,569.687424,365.036657,472.566805,361.088955,521.127114,363.062806,2.817123,7.437135,-1.837617,3.741217,0.489753,5.589176
3690,123.0,1,569.553146,365.136784,473.972521,360.537289,521.762834,362.837037,2.810958,6.320607,-1.781886,2.871221,0.514536,4.595914
3691,123.033333,1,569.669781,364.653005,476.851959,360.074222,523.26087,362.363614,2.79417,6.869644,-1.733424,3.054359,0.530373,4.962001
3692,123.066667,1,568.996429,364.249778,477.365942,359.181701,523.181186,361.715739,2.79813,6.167975,-1.701485,3.911311,0.548323,5.039643
3693,123.1,1,568.512459,363.731811,479.483786,359.066827,523.998122,361.399319,2.857123,5.625396,-1.621781,3.088325,0.617671,4.35686
3694,123.133333,1,567.961931,363.811666,477.276106,357.152331,522.619019,360.481998,2.833774,6.36428,-1.639941,3.302218,0.596916,4.833249
3695,123.166667,1,567.945995,363.43879,473.456421,357.752497,520.701208,360.595644,2.89398,5.210545,-1.716116,3.994063,0.588932,4.602304
3696,123.2,1,566.903448,362.403061,471.417351,357.477227,519.160399,359.940144,2.86481,6.927994,-1.762846,3.606143,0.550982,5.267068
3697,123.233333,1,566.850424,363.838177,471.333351,357.630891,519.091887,360.734534,2.910063,7.009328,-1.720249,3.092837,0.594907,5.051082
3698,123.266667,1,566.375217,363.71752,468.34115,358.250524,517.358184,360.984022,2.96616,6.260603,-1.759604,2.862111,0.603278,4.561357
3699,123.3,1,565.495758,363.817529,470.500927,357.779769,517.998343,360.798649,2.960351,5.745107,-1.683924,2.635182,0.638214,4.190144
3700,123.333333,1,562.771549,362.013298,470.469179,357.744595,516.620364,359.878947,2.934555,4.816564,-1.666964,3.329659,0.633795,4.073111
3701,123.366667,1,559.53351,366.456978,468.534441,359.335451,514.033976,362.896214,2.853879,12.09834,-1.643008,17.188516,0.605436,14.643428
3702,123.4,1,560.141087,371.291381,462.630062,361.913724,511.385574,366.602553,2.783113,19.988544,-1.592406,-206.82991,0.595354,-93.420683
3703,123.433333,1,557.35177,366.580188,461.135979,359.663925,509.243875,363.122056,2.824051,11.947607,-1.732642,469.053421,0.545705,240.500514
3704,123.466667,1,560.197353,364.507383,467.158442,359.226429,513.677897,361.866906,2.978265,6.874236,-1.635634,17.483518,0.671316,12.178877
3705,123.5,1,558.29381,363.858883,462.80097,358.493065,510.54739,361.175974,2.967869,6.346833,-1.702146,7.504842,0.632861,6.925837
3706,123.533333,1,558.502607,363.197815,461.389837,358.463727,509.946222,360.830771,2.940111,6.734515,-1.747878,10.066838,0.596117,8.400676
3707,123.566667,1,558.884592,363.654483,459.102335,358.4684,508.993464,361.061441,3.005408,6.147626,-1.765461,10.735249,0.619973,8.441438
3708,123.6,1,557.08765,363.352096,459.594145,358.756233,508.340898,361.054164,2.949743,6.339182,-1.743304,9.647429,0.60322,7.993306
3709,123.633333,1,557.03084,363.893774,458.314981,358.373761,507.672911,361.133767,2.988249,6.709405,-1.769183,7.370577,0.609533,7.039991
3710,123.666667,1,553.941927,362.050694,457.013092,358.090385,505.477509,360.070539,2.873554,6.313256,-1.813803,6.962497,0.529876,6.637876
3711,123.7,1,552.497835,362.982863,456.287422,358.57998,504.392629,360.781421,2.893239,5.376152,-1.867022,5.617618,0.513108,5.496885
3712,123.733333,1,554.839067,361.445754,457.310104,358.164334,506.074586,359.805044,2.897583,6.856054,-1.80296,7.032937,0.547311,6.944496
3713,123.766667,1,551.254244,362.431551,457.412348,358.540417,504.333296,360.485984,2.834417,5.502856,-1.869172,3.525601,0.482622,4.514228
3714,123.8,1,553.790255,361.23395,456.705866,358.392643,505.24806,359.813297,2.874066,6.035921,-1.826963,8.249764,0.523551,7.142843
3715,123.833333,1,555.534353,362.291738,456.802893,358.865721,506.168623,360.57873,2.893546,5.002633,-1.85428,8.344491,0.519633,6.673562
3716,123.866667,1,556.027966,360.996108,456.936541,358.619977,506.482253,359.808042,2.866825,5.023562,-1.833657,10.450132,0.516584,7.736847
3717,123.9,1,557.07099,362.385707,456.887035,359.16137,506.979012,360.773538,2.886076,4.316272,-1.871287,8.689464,0.507395,6.502868
3718,123.933333,1,557.929077,362.012467,458.086939,359.43017,508.008008,360.721318,2.874648,4.451629,-1.869312,9.595558,0.502668,7.023594
3719,123.966667,1,558.701506,362.271289,460.054646,359.347794,509.378076,360.809542,2.941138,3.991652,-1.829471,9.538446,0.555833,6.765049
3720,124.0,1,558.157978,362.255293,460.365906,359.545564,509.261942,360.900428,2.892049,4.044625,-1.801591,8.667972,0.545229,6.356298
3721,124.033333,1,559.383583,363.118401,462.475863,359.954993,510.929723,361.536697,2.95579,4.343491,-1.815441,7.362787,0.570174,5.853139
3722,124.066667,1,558.26726,361.55736,463.248224,359.730213,510.757742,360.643786,2.811547,5.597554,-1.763539,9.889923,0.524004,7.743739
3723,124.1,1,561.948366,369.663967,467.229128,362.469006,514.588747,366.066486,2.952158,12.841978,-1.569248,20.641973,0.691455,16.741976
3724,124.133333,1,561.396503,371.818199,467.02611,363.916149,514.211307,367.867174,2.79682,32.427511,-1.541488,145.70529,0.627666,89.0664
3725,124.166667,1,563.066053,369.152577,468.894577,362.146808,515.980315,365.649692,2.895897,11.984148,-1.551488,43.88242,0.672204,27.933284
3726,124.2,1,563.161879,365.782419,471.009684,362.053274,517.085781,363.917846,2.818477,5.710446,-1.677198,8.133271,0.570639,6.921858
3727,124.233333,1,566.415033,366.125774,471.789293,362.409203,519.102163,364.267488,2.920253,6.750039,-1.781389,7.633601,0.569432,7.19182
3728,124.266667,1,568.384418,366.037481,473.827639,362.385063,521.106029,364.211272,2.934593,6.691913,-1.773161,8.659874,0.580716,7.675893
3729,124.3,1,568.939924,366.229205,474.745064,361.702511,521.842494,363.965858,2.912021,7.286695,-1.785806,9.354227,0.563107,8.320461
3730,124.333333,1,567.661848,366.030818,475.190735,362.088963,521.426291,364.059891,2.831949,8.097774,-1.728918,8.881816,0.551515,8.489795
3731,124.366667,1,567.932386,366.604081,476.115503,363.214939,522.023945,364.90951,2.863804,6.041284,-1.732457,9.060052,0.565674,7.550668
3732,124.4,1,569.044828,365.623042,474.868584,362.212168,521.956706,363.917605,2.902528,4.838868,-1.720277,10.992229,0.591125,7.915548
3733,124.433333,1,569.410963,366.585408,474.539013,361.910135,521.974988,364.247772,2.892409,5.176384,-1.789242,8.755312,0.551583,6.965848
3734,124.466667,1,569.651098,366.56866,475.917416,362.300617,522.784257,364.434638,2.932419,4.810594,-1.768069,10.402096,0.582175,7.606345
3735,124.5,1,564.151754,367.655915,476.338663,363.139107,520.245209,365.397511,2.772394,5.07773,-1.664009,17.216581,0.554193,11.147155
3736,124.533333,1,568.693485,372.095894,469.037075,364.209352,518.86528,368.152623,2.778623,13.627265,-1.724784,126.273241,0.526919,69.950253
3737,124.566667,1,570.597029,367.46161,470.609522,365.074766,520.603275,366.268188,2.827254,24.921662,-1.652141,62.116995,0.587557,43.519329
3738,124.6,1,570.000715,370.361245,471.987505,363.63891,520.99411,367.000077,2.900978,9.101865,-1.714229,30.161608,0.593374,19.631736
3739,124.633333,1,571.729927,364.703543,475.782022,363.868808,523.755975,364.286175,2.947823,4.653658,-1.603192,24.74321,0.672315,14.698434
3740,124.666667,1,568.708277,365.820383,474.236898,361.3827,521.472588,363.601542,2.905193,4.421196,-1.659349,12.971459,0.622922,8.696327
3741,124.7,1,569.863558,363.476411,474.34679,360.472938,522.105174,361.974674,2.919603,4.2094,-1.66729,20.820642,0.626157,12.515021
3742,124.733333,1,565.580425,363.625252,474.166422,360.47062,519.873424,362.047936,2.817612,5.178851,-1.640399,24.540098,0.588607,14.859475
3743,124.766667,1,567.864237,361.964112,470.594292,358.422228,519.229264,360.19317,2.904012,6.445108,-1.696271,11.565493,0.603871,9.005301
3744,124.8,1,565.381079,362.64447,470.642958,357.808598,518.012018,360.226534,2.815384,5.172015,-1.708524,8.308558,0.55343,6.740286
3745,124.833333,1,563.380804,360.182063,469.56871,356.331376,516.474757,358.25672,2.796842,5.302164,-1.725546,7.026249,0.535648,6.164206
3746,124.866667,1,566.574059,359.909835,468.893299,355.001575,517.733679,357.455705,2.860986,4.298761,-1.804873,8.508143,0.528057,6.403452
3747,124.9,1,564.460545,357.921363,468.034248,353.752288,516.247396,355.836825,2.825843,4.657644,-1.757209,10.75265,0.534317,7.705147
3748,124.933333,1,565.254765,356.912702,467.215195,351.709555,516.23498,354.311129,2.830625,4.342216,-1.749979,8.131053,0.540323,6.236635
3749,124.966667,1,563.185492,355.739826,466.863022,349.177614,515.024257,352.45872,2.844579,4.667153,-1.792181,15.995584,0.526199,10.331369
3750,125.0,1,560.556984,354.770073,465.895805,347.606499,513.226395,351.188286,2.809529,4.801477,-1.789219,11.846404,0.510155,8.32394
3751,125.033333,1,562.881489,353.521661,465.480175,346.95733,514.180832,350.239495,2.872737,4.207995,-1.78611,9.440211,0.543314,6.824103
3752,125.066667,1,562.85697,352.004705,465.45146,346.132507,514.154215,349.068606,2.890506,4.571294,-1.796175,13.802644,0.547165,9.186969
3753,125.1,1,563.882895,350.856666,465.664024,346.24803,514.773459,348.552348,2.890775,4.340404,-1.787439,13.0889,0.551668,8.714652
3754,125.133333,1,563.068647,353.578432,470.402927,349.278052,516.735787,351.428242,2.80249,5.329289,-1.598365,53.39658,0.602062,29.362935
3755,125.166667,1,561.9561,351.29319,470.177326,351.449021,516.066713,351.371106,2.655354,7.198721,-1.608979,223.130311,0.523188,115.164516
3756,125.2,1,563.046789,351.707967,466.559868,350.951284,514.803329,351.329625,2.756988,6.596169,-1.692521,105.10635,0.532233,55.851259
3757,125.233333,1,562.378101,350.051553,473.930817,349.329309,518.154459,349.690431,2.820443,4.55709,-1.506321,46.663406,0.657061,25.610248
3758,125.266667,1,562.076082,349.499302,470.688915,348.342245,516.382499,348.920774,2.849774,3.128214,-1.596132,24.378308,0.626821,13.753261
3759,125.3,1,562.567596,348.850352,470.004911,347.608103,516.286254,348.229228,2.875513,3.168193,-1.622529,29.405351,0.626492,16.286772
3760,125.333333,1,562.863073,348.910863,469.544468,347.962015,516.203771,348.436439,2.841853,3.241346,-1.652732,26.274932,0.59456,14.758139
3761,125.366667,1,564.644213,348.411017,469.511833,348.354546,517.078023,348.382781,2.886956,3.036451,-1.63373,19.566492,0.626613,11.301472
3762,125.4,1,566.16065,349.992973,473.993149,348.211241,520.0769,349.102107,2.885252,4.359997,-1.600883,48.919983,0.642185,26.63999
3763,125.433333,1,568.512697,348.036028,468.69523,350.643232,518.603964,349.33963,2.804179,5.49443,-1.721696,60.176877,0.541241,32.835653
3764,125.466667,1,569.59877,348.780148,470.025511,352.278033,519.81214,350.52909,2.832725,7.146614,-1.723834,28.026898,0.554445,17.586756
3765,125.5,1,573.831139,344.02347,471.824474,354.044627,522.827806,349.034049,2.979502,3.594759,-1.691929,9.582762,0.643787,6.58876
3766,125.533333,1,572.732162,349.986745,472.834778,355.119013,522.78347,352.552879,2.865046,13.351136,-1.700283,4.957948,0.582381,9.154542
3767,125.566667,1,574.703588,345.148834,473.723831,356.625856,524.21371,350.887345,2.880805,9.20028,-1.690897,4.168824,0.594954,6.684552
3768,125.6,1,579.206791,340.572562,474.54401,357.283131,526.875401,348.927847,2.942574,14.070713,-1.661808,3.573503,0.640383,8.822108
3769,125.633333,1,579.882288,338.394533,475.303507,356.524211,527.592897,347.459372,2.962731,14.872416,-1.589624,3.589322,0.686553,9.230869
3770,125.666667,1,576.236506,345.923375,475.904589,356.509035,526.070547,351.216205,2.912184,7.76543,-1.656054,3.872588,0.628065,5.819009
3771,125.7,1,580.879374,340.395659,481.850901,355.311322,531.365137,347.85349,2.977206,14.897166,-1.528323,4.406654,0.724441,9.65191
3772,125.733333,1,580.798893,346.487369,476.920576,355.704394,528.859735,351.095881,2.961331,2.418242,-1.614381,6.322262,0.673475,4.370252
3773,125.766667,1,582.941246,353.622276,482.163801,350.455424,532.552524,352.03885,2.944826,5.096469,-1.677965,4.871491,0.633431,4.98398
3774,125.8,1,582.763262,356.003283,479.166899,348.862787,530.96508,352.433035,2.933618,5.681486,-1.844956,4.548105,0.544331,5.114795
3775,125.833333,1,584.337616,355.374085,479.299927,347.109325,531.818771,351.241705,2.922327,4.016328,-1.833078,3.315909,0.544624,3.666118
3776,125.866667,1,580.64827,357.48853,478.526421,345.793642,529.587345,351.641086,2.768948,4.701656,-1.985047,2.915539,0.391951,3.808597
3777,125.9,1,581.57546,355.770548,479.597435,345.411986,530.586448,350.591267,2.785531,4.468762,-1.973245,4.837215,0.406143,4.652988
3778,125.933333,1,583.500042,357.398209,480.344028,345.501941,531.922035,351.450075,2.808762,4.857091,-1.941873,7.941394,0.433445,6.399242
3779,125.966667,1,584.599524,358.613148,482.805882,345.69564,533.702703,352.154394,2.819799,6.253408,-1.929076,4.688332,0.445362,5.47087
3780,126.0,1,585.812769,359.977437,484.130993,346.506574,534.971881,353.242005,2.830209,6.09265,-1.993269,2.873554,0.41847,4.483102
3781,126.033333,1,583.22752,360.749323,485.992374,347.763526,534.609947,354.256425,2.768947,5.368993,-1.936353,5.233371,0.416297,5.301182
3782,126.066667,1,585.570211,359.929753,488.089828,349.095533,536.83002,354.512643,2.759454,7.532506,-1.816814,3.795088,0.47132,5.663797
3783,126.1,1,587.563457,360.234774,487.645912,349.565375,537.604685,354.900075,2.831572,6.212002,-1.900262,2.719743,0.465655,4.465872
3784,126.133333,1,586.593256,361.159154,486.354361,348.28196,536.473808,354.720557,2.841839,5.405549,-2.008154,3.293939,0.416843,4.349744
3785,126.166667,1,587.392931,360.89559,487.318869,347.598088,537.3559,354.246839,2.874805,5.593151,-2.08827,2.204349,0.393267,3.89875
3786,126.2,1,587.093983,360.671968,485.917692,347.226173,536.505837,353.949071,2.870848,5.187919,-2.096656,1.765759,0.387096,3.476839
3787,126.233333,1,586.894865,360.212409,487.008924,347.974997,536.951895,354.093703,2.831976,5.024125,-2.006618,4.025804,0.412679,4.524964
3788,126.266667,1,583.910561,362.307622,488.838482,354.729196,536.374521,358.518409,2.614906,5.924726,-1.753015,4.643605,0.430945,5.284165
3789,126.3,1,584.966373,361.24955,488.524323,353.646673,536.745348,357.448111,2.671106,6.950361,-1.788247,14.032349,0.44143,10.491355
3790,126.333333,1,585.915785,359.330837,486.296444,349.245967,536.106114,354.288402,2.774263,4.626648,-2.001167,2.945973,0.386548,3.786311
3791,126.366667,1,585.366011,358.533347,486.375465,347.139194,535.870738,352.83627,2.775373,5.009177,-2.065406,3.165761,0.354984,4.087469
3792,126.4,1,585.552683,358.009039,484.337177,345.839031,534.94493,351.924035,2.780717,4.899701,-2.167888,3.079193,0.306414,3.989447
3793,126.433333,1,581.024294,357.895056,483.462496,345.903565,532.243395,351.89931,2.654924,4.405596,-2.110271,2.62869,0.272327,3.517143
3794,126.466667,1,581.6607,358.35851,482.764168,346.917005,532.212434,352.637757,2.74204,4.664429,-2.114427,3.066815,0.313806,3.865622
3795,126.5,1,578.497877,359.187307,482.877626,348.257745,530.687752,353.722526,2.736714,5.264848,-2.015539,2.831148,0.360587,4.047998
3796,126.533333,1,576.01656,363.700574,482.283258,353.685833,529.149909,358.693204,2.716008,6.026357,-1.780233,3.07052,0.467888,4.548439
3797,126.566667,1,573.491364,367.765821,478.821831,358.245798,526.156597,363.005809,2.613736,8.006411,-1.800178,13.730394,0.406779,10.868402
3798,126.6,1,575.136662,365.020285,478.02124,354.863302,526.578951,359.941793,2.761806,13.828681,-1.851996,24.299157,0.454905,19.063919
3799,126.633333,1,574.112329,361.693869,476.377411,351.932226,525.24487,356.813048,2.80536,6.900245,-1.980557,5.872062,0.412402,6.386154
3800,126.666667,1,571.844139,359.53299,472.065125,350.426402,521.954632,354.979696,2.763968,4.624812,-2.044667,3.509527,0.35965,4.067169
3801,126.7,1,570.009499,358.17679,470.331764,349.970904,520.170631,354.073847,2.713711,3.884705,-1.984762,2.687543,0.364475,3.286124
3802,126.733333,1,569.830427,357.630274,468.961811,349.206131,519.396119,353.418202,2.720186,3.480508,-2.036497,2.572286,0.341844,3.026397
3803,126.766667,1,569.170227,356.650227,468.610659,348.716102,518.890443,352.683164,2.695867,3.151144,-2.013552,2.400171,0.341157,2.775657
3804,126.8,1,569.284163,355.979932,467.726192,348.314527,518.505177,352.14723,2.735351,2.991543,-2.000335,2.181612,0.367508,2.586578
3805,126.833333,1,569.376125,355.108434,467.037802,347.801716,518.206964,351.455075,2.750202,2.929444,-2.002888,2.004421,0.373657,2.466933
3806,126.866667,1,569.001656,354.642282,467.170582,347.312862,518.086119,350.977572,2.750184,2.846831,-1.977285,1.928381,0.386449,2.387606
3807,126.9,1,568.927326,354.320616,466.385193,347.386612,517.65626,350.853614,2.752883,2.677698,-1.997312,1.82346,0.377786,2.250579
3808,126.933333,1,568.573704,354.26077,466.360874,347.43281,517.467289,350.84679,2.767855,2.609399,-1.999331,2.011403,0.384262,2.310401
3809,126.966667,1,568.17976,354.081089,466.475391,347.330473,517.327576,350.705781,2.774842,2.575945,-1.99546,1.872811,0.389691,2.224378
3810,127.0,1,568.283577,358.247525,466.796532,349.292541,517.540054,353.770033,2.797701,4.108117,-1.892168,5.185781,0.452767,4.646949
3811,127.033333,1,566.206274,362.714353,473.019247,356.317617,519.612761,359.515985,2.631992,8.066831,-1.616745,3.684131,0.507624,5.875481
3812,127.066667,1,564.319468,360.102519,474.339857,353.211463,519.329662,356.656991,2.626239,7.428231,-1.671665,6.858296,0.477287,7.143263
3813,127.1,1,564.810963,359.731447,473.836622,353.274034,519.323792,356.50274,2.633386,7.901849,-1.649505,14.151003,0.49194,11.026426
3814,127.133333,1,566.316338,355.951597,467.616968,349.179014,516.966653,352.565306,2.768629,4.057111,-1.956211,6.111073,0.406209,5.084092
3815,127.166667,1,568.088493,354.820676,466.212788,347.924904,517.15064,351.37279,2.805039,3.558908,-2.04852,3.803835,0.37826,3.681371
3816,127.2,1,568.747244,354.118039,467.453165,347.679187,518.100204,350.898613,2.823475,3.318606,-2.007579,3.061188,0.407948,3.189897
3817,127.233333,1,569.085894,354.473137,467.937613,347.559748,518.511753,351.016442,2.815759,3.362436,-2.0356,2.63792,0.390079,3.000178
3818,127.266667,1,569.729233,354.695261,467.688007,347.978168,518.70862,351.336714,2.818465,3.260356,-2.040473,2.756796,0.388996,3.008576
3819,127.3,1,570.698853,354.785378,468.527412,348.242773,519.613132,351.514075,2.815113,3.250979,-2.068146,2.776142,0.373483,3.013561
3820,127.333333,1,570.459099,354.666449,468.751144,348.367614,519.605122,351.517031,2.797747,3.15912,-2.029342,2.50347,0.384202,2.831295
3821,127.366667,1,570.390844,354.826598,468.072977,348.476533,519.231911,351.651565,2.798659,3.13305,-1.998096,2.067809,0.400281,2.60043
3822,127.4,1,570.328827,354.757279,467.838402,348.651579,519.083614,351.704429,2.783778,2.981452,-2.006882,2.062815,0.388448,2.522133
3823,127.433333,1,570.334625,354.717797,468.027897,348.759007,519.181261,351.738402,2.774393,3.034116,-2.012754,1.886164,0.380819,2.46014
3824,127.466667,1,570.110483,355.003383,467.442474,348.973932,518.776479,351.988657,2.778037,2.928107,-1.980275,1.950174,0.398881,2.43914
3825,127.5,1,569.703074,355.44997,467.249289,349.133915,518.476181,352.291943,2.750734,2.894882,-1.943777,1.648182,0.403479,2.271532
3826,127.533333,1,569.378605,355.524724,467.185459,349.343348,518.282032,352.434036,2.764194,2.759284,-1.938656,1.761974,0.412769,2.260629
3827,127.566667,1,569.298687,355.541396,466.867619,349.558777,518.083153,352.550087,2.759927,2.741706,-1.966167,1.788631,0.39688,2.265169
3828,127.6,1,568.585577,355.307695,465.802488,349.752443,517.194033,352.530069,2.749207,2.946861,-1.923922,1.82052,0.412642,2.383691
3829,127.633333,1,568.203163,355.214741,465.483103,349.676215,516.843133,352.445478,2.777052,2.90605,-1.910636,1.790339,0.433208,2.348195
3830,127.666667,1,567.512846,355.162867,464.226341,349.705108,515.869594,352.433987,2.774799,2.776926,-1.921969,1.783414,0.426415,2.28017
3831,127.7,1,567.258053,355.40698,463.822603,349.812782,515.540328,352.609881,2.783271,2.80979,-1.894271,1.716507,0.4445,2.263148
3832,127.733333,1,565.638447,356.162499,464.016752,350.384034,514.8276,353.273267,2.762193,2.884261,-1.878509,2.002379,0.441842,2.44332
3833,127.766667,1,563.260956,362.993324,469.828854,356.487744,516.544905,359.740534,2.683654,5.026918,-1.659263,42.716165,0.512195,23.871541
3834,127.8,1,564.191437,361.948319,469.583845,355.634699,516.887641,358.791509,2.686785,5.945052,-1.745025,9.60035,0.47088,7.772701
3835,127.833333,1,566.998091,359.210293,466.534996,352.626355,516.766543,355.918324,2.790456,4.551277,-1.922232,4.568449,0.434112,4.559863
3836,127.866667,1,567.999744,357.759122,465.833063,351.460565,516.916404,354.609843,2.765519,3.470752,-1.946004,3.611654,0.409757,3.541203
3837,127.9,1,567.862787,357.482318,465.95377,350.932868,516.908278,354.207593,2.782368,3.394723,-1.908076,2.089905,0.437146,2.742314
3838,127.933333,1,567.99758,357.445523,466.147461,351.040843,517.07252,354.243183,2.792726,3.253129,-1.870523,1.85154,0.461101,2.552335
3839,127.966667,1,568.104639,357.465302,466.433725,351.018484,517.269182,354.241893,2.793753,3.176513,-1.867461,1.781534,0.463146,2.479024
3840,128.0,1,568.39921,357.413428,466.398039,350.818042,517.398624,354.115735,2.797244,3.219383,-1.873125,1.809862,0.46206,2.514623
3841,128.033333,1,568.709517,357.304965,466.788054,350.957029,517.748785,354.130997,2.786945,3.241532,-1.871924,1.917405,0.457511,2.579469
3842,128.066667,1,568.986616,357.186754,467.237816,351.06281,518.112216,354.124782,2.784784,3.13366,-1.889546,1.997815,0.447619,2.565738
3843,128.1,1,569.171085,357.208995,467.229395,350.819314,518.20024,354.014154,2.789935,3.199491,-1.880527,1.860208,0.454704,2.529849
3844,128.133333,1,569.225311,357.019733,467.754936,350.790845,518.490124,353.905289,2.766028,3.081328,-1.883645,1.910489,0.441191,2.495908
3845,128.166667,1,569.344549,356.898449,468.731756,350.74088,519.038153,353.819665,2.734757,2.761631,-1.87368,1.880327,0.430538,2.320979
3846,128.2,1,569.548626,357.016895,468.476048,350.579336,519.012337,353.798116,2.754767,2.969087,-1.884137,1.828454,0.435315,2.398771
3847,128.233333,1,569.74679,357.075765,468.899984,350.429235,519.323387,353.7525,2.744121,2.793326,-1.879288,1.766481,0.432416,2.279903
3848,128.266667,1,569.682083,357.361339,468.978405,350.469307,519.330244,353.915323,2.738117,2.768559,-1.894786,1.832097,0.421666,2.300328
3849,128.3,1,569.598904,357.488492,468.48918,350.548818,519.044042,354.018655,2.743819,2.827413,-1.884083,1.692974,0.429868,2.260193
3850,128.333333,1,569.436598,357.629222,468.356724,350.418988,518.896661,354.024105,2.742254,2.860193,-1.853195,1.650726,0.444529,2.25546
3851,128.366667,1,569.25601,357.741414,468.209429,350.578875,518.732719,354.160144,2.750821,2.834381,-1.819339,1.560181,0.465741,2.197281
3852,128.4,1,568.966913,357.611573,467.390757,350.432324,518.178835,354.021949,2.771525,2.970342,-1.815999,1.717324,0.477763,2.343833
3853,128.433333,1,568.601799,356.966797,466.278477,350.769682,517.440138,353.86824,2.794638,2.915616,-1.816905,1.712198,0.488867,2.313907
3854,128.466667,1,568.085613,357.156199,465.646076,350.756083,516.865845,353.956141,2.786414,2.861112,-1.840244,1.559884,0.473085,2.210498
3855,128.5,1,567.572699,357.120638,464.939461,350.940287,516.25608,354.030462,2.791211,2.803007,-1.835527,1.629343,0.477842,2.216175
3856,128.533333,1,567.050982,357.076499,465.386677,350.799116,516.218829,353.937808,2.783822,2.806323,-1.838563,1.49679,0.472629,2.151556
3857,128.566667,1,566.766539,356.841699,464.367552,350.956112,515.567045,353.898905,2.805735,2.793794,-1.813718,1.59964,0.496008,2.196717
3858,128.6,1,566.14584,356.683003,464.282484,350.76708,515.214162,353.725042,2.802767,2.649146,-1.826422,1.388993,0.488173,2.019069
3859,128.633333,1,566.008062,356.542579,464.04233,350.865528,515.025196,353.704053,2.796727,2.732456,-1.822424,1.526764,0.487151,2.12961
3860,128.666667,1,565.731831,356.421847,463.291559,350.795528,514.511695,353.608688,2.804327,2.631723,-1.829436,1.527542,0.487445,2.079633
3861,128.7,1,565.621414,356.447935,463.086739,350.801493,514.354076,353.624714,2.80204,2.676522,-1.821667,1.522665,0.490187,2.099593
3862,128.733333,1,565.296497,356.458175,462.828197,350.807168,514.062347,353.632672,2.806518,2.645463,-1.819038,1.453002,0.49374,2.049232
3863,128.766667,1,565.196266,356.439722,462.261829,350.732828,513.729048,353.586275,2.818076,2.637943,-1.82207,1.461293,0.498003,2.049618
3864,128.8,1,564.976177,356.377044,462.377224,350.820719,513.676701,353.598881,2.807951,2.546306,-1.829329,1.444335,0.489311,1.995321
3865,128.833333,1,564.963055,356.573151,462.256985,350.869905,513.61002,353.721528,2.812379,2.542585,-1.817548,1.508897,0.497416,2.025741
3866,128.866667,1,564.8032,356.471753,462.399559,351.020367,513.601379,353.74606,2.80078,2.485525,-1.823054,1.482671,0.488863,1.984098
3867,128.9,1,564.783278,356.540723,462.120171,350.889947,513.451724,353.715335,2.810024,2.563383,-1.813176,1.538248,0.498424,2.050816
3868,128.933333,1,564.682903,356.659003,461.675978,351.025409,513.17944,353.842206,2.816126,2.542489,-1.815186,1.55195,0.50047,2.047219
3869,128.966667,1,564.360218,356.549156,461.28746,351.093827,512.823839,353.821491,2.807524,2.47141,-1.831477,1.533471,0.488024,2.00244
3870,129.0,1,563.917713,356.484252,461.683168,350.917718,512.800441,353.700985,2.798242,2.457792,-1.839336,1.479502,0.479453,1.968647
3871,129.033333,1,563.913107,356.453583,461.387911,351.016311,512.650509,353.734947,2.813389,2.605562,-1.81898,1.480385,0.497205,2.042974
3872,129.066667,1,563.853865,356.495286,460.629473,351.13141,512.241669,353.813348,2.824002,2.616976,-1.825995,1.519858,0.499003,2.068417
3873,129.1,1,563.812418,356.578209,460.460415,351.415145,512.136416,353.996677,2.822484,2.304905,-1.844014,1.557435,0.489235,1.93117
3874,129.133333,1,563.654861,356.474928,460.55109,351.22584,512.102976,353.850384,2.831551,2.348147,-1.83416,1.467182,0.498695,1.907664
3875,129.166667,1,563.639812,356.577244,460.48666,351.29871,512.063236,353.937977,2.827934,2.322799,-1.814206,1.45777,0.506864,1.890285
3876,129.2,1,563.282204,356.503971,460.59227,351.337355,511.937237,353.920663,2.815962,2.366654,-1.814213,1.448535,0.500874,1.907595
3877,129.233333,1,561.147442,357.27568,457.720423,352.555835,509.433932,354.915757,2.765308,2.412676,-1.926389,1.555715,0.419459,1.984196
3878,129.266667,1,558.001032,358.416204,456.997805,354.735832,507.499418,356.576018,2.743211,2.229042,-1.958311,1.96717,0.39245,2.098106
3879,129.3,1,557.847776,359.08401,456.91925,355.837737,507.383513,357.460873,2.752575,2.243036,-2.000858,2.046758,0.375859,2.144897
3880,129.333333,1,557.779865,359.292626,457.165051,355.823039,507.472458,357.557833,2.749296,2.214207,-2.00647,1.977131,0.371413,2.095669
3881,129.366667,1,557.954807,359.379412,457.374601,355.705134,507.664704,357.542273,2.766731,2.199247,-2.015407,2.111004,0.375662,2.155126
3882,129.4,1,558.086185,359.368179,457.135286,355.973784,507.610736,357.670982,2.754675,2.155375,-2.002082,2.012069,0.376297,2.083722
3883,129.433333,1,557.9846,359.373935,457.314873,355.655428,507.649736,357.514681,2.757994,2.285883,-2.011484,2.03886,0.373255,2.162372
3884,129.466667,1,558.061428,359.398622,457.312822,355.773992,507.687125,357.586307,2.756954,2.164981,-2.034696,2.126028,0.361129,2.145505
3885,129.5,1,558.272858,359.248225,457.437439,355.442605,507.855148,357.345415,2.756465,2.237109,-1.981277,2.007853,0.387594,2.122481
3886,129.533333,1,558.237228,359.348819,457.459183,355.881656,507.848206,357.615237,2.760587,2.159165,-2.001466,2.053992,0.379561,2.106578
3887,129.566667,1,559.221649,362.100229,460.166845,357.229616,509.694247,359.664922,2.756799,3.41451,-1.833537,22.433113,0.461631,12.923812
3888,129.6,1,557.671165,369.780568,463.980093,363.492429,510.825629,366.636499,2.611077,7.698752,-1.568278,-9.735269,0.5214,-1.018258
3889,129.633333,1,557.117205,367.801344,464.443712,363.084594,510.780458,365.442969,2.593422,7.890449,-1.559215,-9.701116,0.517103,-0.905333
3890,129.666667,1,557.729731,363.712542,464.03801,359.94148,510.88387,361.827011,2.645266,3.592512,-1.732512,70.950184,0.456377,37.271348
3891,129.7,1,560.526686,361.404469,457.453279,357.908397,508.989983,359.656433,2.823499,3.450909,-1.949122,30.74482,0.437189,17.097865
3892,129.733333,1,558.145657,360.1617,455.541735,356.936107,506.843696,358.548903,2.747841,2.657774,-2.143502,4.751297,0.30217,3.704535
3893,129.766667,1,557.172909,359.456863,455.749474,356.265314,506.461191,357.861089,2.720979,2.412692,-2.134147,3.032857,0.293416,2.722774
3894,129.8,1,557.091455,359.502606,455.621386,355.893243,506.356421,357.697924,2.727458,2.508619,-2.077174,2.573003,0.325142,2.540811
3895,129.833333,1,557.05596,359.530517,455.450258,355.954633,506.253109,357.742575,2.735844,2.453433,-2.056078,2.319578,0.339883,2.386505
3896,129.866667,1,556.477299,359.433893,454.935551,355.836343,505.706425,357.635118,2.722042,2.409098,-2.016408,2.224409,0.352817,2.316754
3897,129.9,1,555.620222,359.496142,454.133148,355.761305,504.876685,357.628723,2.705576,2.451294,-1.975206,2.015707,0.365185,2.2335
3898,129.933333,1,554.46497,359.05782,453.037415,355.861593,503.751192,357.459707,2.708905,2.350488,-1.958264,2.296195,0.37532,2.323341
3899,129.966667,1,553.660488,359.107801,451.773796,355.704871,502.717142,357.406336,2.714896,2.185482,-1.932394,2.250514,0.391251,2.217998
3900,130.0,1,552.257042,359.561926,451.256056,355.897551,501.756549,357.729738,2.74132,2.221968,-1.879421,1.885219,0.430949,2.053593
3901,130.033333,1,551.314335,359.899803,450.096998,355.983392,500.705667,357.941598,2.759542,2.363747,-1.916015,2.036906,0.421764,2.200327
3902,130.066667,1,551.917868,365.171889,455.136347,358.583976,503.527107,361.877933,2.818806,3.546529,-1.692929,20.960624,0.562938,12.253576
3903,130.1,1,550.218601,370.625389,458.688412,364.007344,504.453506,367.316366,2.665139,4.828318,-1.497931,29.049022,0.583604,16.93867
3904,130.133333,1,552.616091,368.064625,459.672298,362.071867,506.144195,365.068246,2.780523,4.51732,-1.5105,1.447954,0.635011,2.982637
3905,130.166667,1,551.917009,362.141293,455.533609,357.319229,503.725309,359.730261,2.838689,3.694568,-1.736245,8.085103,0.551222,5.889836
3906,130.2,1,554.561253,358.860394,453.488293,353.336594,504.024773,356.098494,2.871248,2.277708,-1.918765,2.913834,0.476242,2.595771
3907,130.233333,1,554.159126,357.998546,453.096514,352.811776,503.62782,355.405161,2.79164,2.058846,-1.82839,1.834641,0.481625,1.946743
3908,130.266667,1,554.360495,358.014999,453.402843,352.44419,503.881669,355.229595,2.788615,2.106488,-1.796231,1.475415,0.496192,1.790951
3909,130.3,1,554.72887,357.604095,453.400984,352.066471,504.064927,354.835283,2.791058,2.117999,-1.820794,1.54347,0.485132,1.830735
3910,130.333333,1,555.36829,357.560794,453.555832,352.18083,504.462061,354.870812,2.831443,2.157149,-1.816194,1.512068,0.507625,1.834609
3911,130.366667,1,556.055784,357.445443,453.698711,352.192449,504.877248,354.818946,2.846849,2.155168,-1.817726,1.533739,0.514561,1.844454
3912,130.4,1,556.262846,357.40168,453.846292,352.14345,505.054569,354.772565,2.833868,2.185472,-1.808786,1.569077,0.512541,1.877275
3913,130.433333,1,556.338778,357.304546,453.896732,352.164447,505.117755,354.734496,2.836194,2.135021,-1.809806,1.564213,0.513194,1.849617
3914,130.466667,1,556.410656,357.370759,454.019413,352.147436,505.215034,354.759098,2.836945,2.134634,-1.796514,1.498944,0.520216,1.816789
3915,130.5,1,556.253624,357.345477,454.097757,352.154437,505.175691,354.749957,2.833972,2.135525,-1.794862,1.507772,0.519555,1.821648
3916,130.533333,1,556.254654,357.327731,454.19569,352.187455,505.225172,354.757593,2.82609,2.078156,-1.785969,1.52448,0.520061,1.801318
3917,130.566667,1,555.368023,357.957798,454.227057,352.138708,504.79754,355.048253,2.813637,2.125414,-1.777229,1.569083,0.518204,1.847249
3918,130.6,1,553.120747,366.936493,458.526897,360.266756,505.823822,363.601625,2.810466,3.183743,-1.581467,52.759772,0.6145,27.971758
3919,130.633333,1,552.509575,367.538021,459.414473,361.727445,505.962024,364.632733,2.745889,3.925616,-1.556388,31.805018,0.594751,17.865317
3920,130.666667,1,554.895487,364.172074,457.684078,358.228685,506.289783,361.20038,2.949856,4.014796,-1.658572,7.14081,0.645642,5.577803
3921,130.7,1,555.327549,360.075456,453.958988,354.435666,504.643269,357.255561,2.950551,2.567565,-1.904408,3.827227,0.523072,3.197396
3922,130.733333,1,554.958754,359.214488,454.271154,353.420048,504.614954,356.317268,2.849313,2.061274,-1.795379,1.92643,0.526967,1.993852
3923,130.766667,1,554.624987,358.741765,453.938866,352.753315,504.281926,355.74754,2.856549,2.055531,-1.780667,1.604213,0.537941,1.829872
3924,130.8,1,554.629526,358.763335,453.501606,352.596787,504.065566,355.680061,2.850092,2.138355,-1.782724,1.518827,0.533684,1.828591
3925,130.833333,1,554.582605,358.719916,453.470163,352.253534,504.026384,355.486725,2.829514,2.005446,-1.786413,1.453253,0.521551,1.729349
3926,130.866667,1,554.485016,358.686962,453.340979,352.201746,503.912997,355.444354,2.827791,2.068892,-1.788302,1.44712,0.519744,1.758006
3927,130.9,1,554.414215,358.518788,453.033476,352.106693,503.723845,355.312741,2.828687,2.076511,-1.770435,1.472232,0.529126,1.774372
3928,130.933333,1,554.418287,358.486354,452.933617,352.155901,503.675952,355.321128,2.82572,2.003742,-1.777419,1.497523,0.524151,1.750633
3929,130.966667,1,554.424696,358.389725,452.951097,352.087505,503.687897,355.238615,2.827718,2.007124,-1.784969,1.525968,0.521375,1.766546
3930,131.0,1,554.519014,358.466737,453.001823,352.097493,503.760419,355.282115,2.83183,2.01879,-1.793465,1.491229,0.519183,1.75501
3931,131.033333,1,554.625778,358.412095,453.061666,352.128875,503.843722,355.270485,2.823446,2.056587,-1.798218,1.54834,0.512614,1.802464
3932,131.066667,1,554.800816,358.517806,453.476229,352.340684,504.138522,355.429245,2.807152,2.025481,-1.801091,1.547156,0.50303,1.786318
3933,131.1,1,555.027485,358.642652,453.570318,352.199138,504.298902,355.420895,2.812169,2.102597,-1.790062,1.518567,0.511054,1.810582
3934,131.133333,1,555.297022,358.597816,453.923044,352.258694,504.610033,355.428255,2.81444,2.034616,-1.815101,1.469005,0.49967,1.75181
3935,131.166667,1,555.51343,358.597258,453.861237,352.374174,504.687333,355.485716,2.818081,2.096838,-1.812242,1.567459,0.50292,1.832149
3936,131.2,1,555.560541,358.707079,454.169989,352.408335,504.865265,355.557707,2.806692,2.115086,-1.791031,1.435871,0.50783,1.775478
3937,131.233333,1,555.943165,358.732479,454.287682,352.472702,505.115423,355.602591,2.792303,2.031781,-1.783446,1.515649,0.504428,1.773715
3938,131.266667,1,555.877571,358.783919,454.27309,352.635271,505.075331,355.709595,2.799689,1.976527,-1.776635,1.569104,0.511527,1.772816
3939,131.3,1,556.224737,358.760396,454.589567,352.623839,505.407152,355.692118,2.795968,2.029111,-1.790432,1.573496,0.502768,1.801303
3940,131.333333,1,556.382856,358.894962,454.942503,352.539564,505.66268,355.717263,2.800358,1.984937,-1.771396,1.526514,0.514481,1.755725
3941,131.366667,1,556.47809,359.100462,454.949732,352.64504,505.713911,355.872751,2.803188,1.927826,-1.790873,1.527368,0.506157,1.727597
3942,131.4,1,556.552896,359.01564,455.061684,352.773829,505.80729,355.894734,2.802998,1.863217,-1.804132,1.564003,0.499433,1.71361
3943,131.433333,1,556.593447,359.128851,455.005627,352.722067,505.799537,355.925459,2.794862,1.962967,-1.812018,1.566535,0.491422,1.764751
3944,131.466667,1,556.563005,359.30173,455.034609,352.735816,505.798807,356.018773,2.805293,2.014305,-1.789656,1.484877,0.507819,1.749591
3945,131.5,1,556.774683,359.280433,455.557337,352.953789,506.16601,356.117111,2.812775,1.974513,-1.782493,1.485562,0.515141,1.730038
3946,131.533333,1,557.18173,359.383628,456.177998,352.925384,506.679864,356.154506,2.789941,2.081247,-1.760912,1.445673,0.514514,1.76346
3947,131.566667,1,557.51318,359.602218,456.154203,353.251369,506.833692,356.426793,2.798821,2.086838,-1.778631,1.487216,0.510095,1.787027
3948,131.6,1,558.202877,359.845725,456.863956,353.665663,507.533417,356.755694,2.79317,2.115809,-1.797773,1.541295,0.497698,1.828552
3949,131.633333,1,558.358288,360.091367,456.943598,353.926771,507.650943,357.009069,2.808862,2.103398,-1.787349,1.454163,0.510757,1.778781
3950,131.666667,1,558.988523,360.299039,457.165079,353.919185,508.076801,357.109112,2.814962,2.230352,-1.765229,1.473508,0.524867,1.85193
3951,131.7,1,558.947144,360.226974,457.080011,354.281568,508.013577,357.254271,2.811146,2.059115,-1.782362,1.497936,0.514392,1.778525
3952,131.733333,1,559.4631,360.272931,457.564669,354.374056,508.513885,357.323493,2.797981,2.037697,-1.780575,1.532846,0.508703,1.785272
3953,131.766667,1,560.010357,360.610943,457.879686,354.207957,508.945022,357.40945,2.779731,2.093561,-1.787627,1.493291,0.496052,1.793426
3954,131.8,1,560.289783,360.791434,458.242741,354.437721,509.266262,357.614577,2.800909,2.055066,-1.770548,1.531947,0.515181,1.793506
3955,131.833333,1,560.385742,360.765299,458.21208,354.392182,509.298911,357.57874,2.804465,2.052531,-1.777058,1.568162,0.513704,1.810346
3956,131.866667,1,560.143576,360.689258,458.281231,354.385149,509.212403,357.537204,2.798888,2.018851,-1.768491,1.545556,0.515198,1.782204
3957,131.9,1,559.931173,360.739287,458.221684,354.425538,509.076428,357.582412,2.797945,2.071252,-1.77348,1.569479,0.512232,1.820365
3958,131.933333,1,559.446402,360.732629,458.172779,354.537494,508.80959,357.635061,2.804962,1.891468,-1.749904,1.553954,0.527529,1.722711
3959,131.966667,1,558.888407,360.845357,458.081856,354.476742,508.485131,357.661049,2.78915,1.880452,-1.731477,1.45771,0.528836,1.669081
3960,132.0,1,558.611536,360.594587,457.459431,354.522795,508.035483,357.558691,2.811092,1.773091,-1.736234,1.521751,0.537429,1.647421
3961,132.033333,1,558.254929,360.659448,457.368259,354.443702,507.811594,357.551575,2.799418,1.886904,-1.735537,1.440237,0.53194,1.66357
3962,132.066667,1,558.221989,360.394601,457.306662,354.360446,507.764325,357.377524,2.805571,1.846033,-1.727602,1.498894,0.538985,1.672464
3963,132.1,1,558.276854,360.272292,457.000885,354.366379,507.638869,357.319336,2.796245,1.809665,-1.748009,1.527184,0.524118,1.668425
3964,132.133333,1,558.362246,360.376212,457.019367,354.37876,507.690806,357.377486,2.794162,1.832229,-1.741118,1.503687,0.526522,1.667958
3965,132.166667,1,558.491745,360.302827,457.068233,354.345796,507.779989,357.324311,2.798163,1.900084,-1.751282,1.537331,0.52344,1.718708
3966,132.2,1,558.025208,360.157768,456.787615,354.275125,507.406411,357.216446,2.790405,1.897864,-1.743374,1.523202,0.523516,1.710533
3967,132.233333,1,557.570982,360.289464,456.617785,354.351606,507.094383,357.320535,2.794833,1.985929,-1.726815,1.517599,0.534009,1.751764
3968,132.266667,1,557.295904,360.139534,456.162233,354.120786,506.729069,357.13016,2.811877,1.956457,-1.727312,1.470433,0.542283,1.713445
3969,132.3,1,557.092953,359.913772,455.780392,354.080338,506.436672,356.997055,2.816304,1.937573,-1.726729,1.48016,0.544788,1.708866
3970,132.333333,1,556.886806,359.869414,454.990215,354.09766,505.938511,356.983537,2.843864,1.949197,-1.734155,1.455976,0.554854,1.702587
3971,132.366667,1,556.434498,359.885255,455.042009,353.824235,505.738254,356.854745,2.805298,1.926742,-1.740362,1.440139,0.532468,1.683441
3972,132.4,1,556.446123,359.659381,454.706154,353.925977,505.576138,356.792679,2.842644,1.811572,-1.736321,1.446484,0.553162,1.629028
3973,132.433333,1,556.225758,359.626985,454.839182,353.738469,505.53247,356.682727,2.817999,1.834493,-1.722566,1.425313,0.547717,1.629903
3974,132.466667,1,556.155176,359.424956,454.623146,353.591511,505.389161,356.508233,2.826486,1.785641,-1.749948,1.51513,0.538269,1.650385
3975,132.5,1,556.133995,359.413583,454.620552,353.664595,505.377274,356.539089,2.82924,1.746854,-1.745714,1.463221,0.541763,1.605038
3976,132.533333,1,556.110859,359.409946,454.641123,353.54307,505.375991,356.476508,2.818131,1.767482,-1.748573,1.485244,0.534779,1.626363
3977,132.566667,1,556.662464,359.186164,454.790621,353.590636,505.726542,356.3884,2.822564,1.795679,-1.780148,1.514024,0.521208,1.654851
3978,132.6,1,556.604595,359.319803,454.780893,353.611536,505.692744,356.465669,2.808426,1.794734,-1.77532,1.479178,0.516553,1.636956
3979,132.633333,1,556.77618,359.358748,454.990969,353.537518,505.883574,356.448133,2.80879,1.852206,-1.772964,1.492001,0.517913,1.672104
3980,132.666667,1,556.696005,359.278722,454.890699,353.445024,505.793352,356.361873,2.823511,1.838904,-1.775063,1.495742,0.524224,1.667323
3981,132.7,1,556.486979,359.324555,454.853935,353.396219,505.670457,356.360387,2.809713,1.836067,-1.761532,1.455376,0.52409,1.645722
3982,132.733333,1,556.451187,359.294552,454.80175,353.39631,505.626469,356.345431,2.814295,1.782212,-1.764463,1.439889,0.524916,1.611051
3983,132.766667,1,556.344786,359.18942,454.699631,353.483423,505.522208,356.336422,2.806119,1.81423,-1.768519,1.482338,0.5188,1.648284
3984,132.8,1,556.118851,359.141259,454.405127,353.410864,505.261989,356.276061,2.815087,1.768326,-1.776672,1.472466,0.519207,1.620396
3985,132.833333,1,555.963469,359.203513,454.286509,353.380485,505.124989,356.291999,2.810678,1.755643,-1.772537,1.437796,0.519071,1.59672
3986,132.866667,1,555.761242,359.308119,454.140167,353.41706,504.950705,356.362589,2.809715,1.72559,-1.76862,1.409916,0.520548,1.567753
3987,132.9,1,555.670414,359.44003,453.733559,353.246959,504.701986,356.343495,2.818718,1.802764,-1.75969,1.349242,0.529514,1.576003
3988,132.933333,1,555.638285,359.280336,453.40538,353.082186,504.521832,356.181261,2.835682,1.804675,-1.749667,1.392523,0.543008,1.598599
3989,132.966667,1,555.342979,359.32035,453.521175,352.904297,504.432077,356.112323,2.812726,1.811171,-1.737428,1.304294,0.537649,1.557732
3990,133.0,1,555.368137,359.105768,453.490171,352.943993,504.429154,356.02488,2.825118,1.774924,-1.73741,1.394641,0.543854,1.584783
3991,133.033333,1,555.277462,359.137831,453.403339,352.910707,504.340401,356.024269,2.834419,1.7865,-1.730207,1.39027,0.552106,1.588385
3992,133.066667,1,555.20525,359.132826,453.501444,353.142992,504.353347,356.137909,2.815904,1.72981,-1.743874,1.445456,0.536015,1.587633
3993,133.1,1,555.297918,359.234165,453.39385,353.053551,504.345884,356.143858,2.81313,1.779647,-1.738777,1.404455,0.537176,1.592051
3994,133.133333,1,555.392303,359.180472,453.469505,353.093387,504.430904,356.13693,2.819282,1.790333,-1.748137,1.436766,0.535573,1.613549
3995,133.166667,1,555.5793,359.265053,453.539295,353.199028,504.559298,356.232041,2.821518,1.770663,-1.74658,1.425293,0.537469,1.597978
3996,133.2,1,555.70838,359.371462,454.029293,353.188648,504.868836,356.280055,2.811553,1.801836,-1.749973,1.357609,0.53079,1.579723
3997,133.233333,1,555.929022,359.442181,454.142151,353.084385,505.035586,356.263283,2.820838,1.783494,-1.76386,1.313341,0.528489,1.548417
3998,133.266667,1,556.200848,359.22158,454.423008,353.324481,505.311928,356.27303,2.830007,1.731294,-1.77524,1.368507,0.527383,1.5499
3999,133.3,1,556.333055,359.258546,454.507294,353.274865,505.420175,356.266706,2.79432,1.892575,-1.8054,1.38738,0.49446,1.639977
4000,133.333333,1,556.350975,359.246444,454.561453,353.324288,505.456214,356.285366,2.813724,1.816197,-1.795604,1.40965,0.50906,1.612923
4001,133.366667,1,556.204128,359.44754,454.382172,353.158774,505.29315,356.303157,2.803467,1.773048,-1.798954,1.338882,0.502257,1.555965
4002,133.4,1,555.952854,359.357493,454.183693,353.105264,505.068274,356.231378,2.776612,1.858923,-1.805797,1.326487,0.485407,1.592705
4003,133.433333,1,555.981798,359.349269,453.950653,352.99686,504.966226,356.173064,2.797102,1.837256,-1.79542,1.318028,0.500841,1.577642
4004,133.466667,1,555.661421,359.3604,453.783646,353.049898,504.722533,356.205149,2.79275,1.866891,-1.776345,1.272113,0.508202,1.569502
4005,133.5,1,555.641022,359.412484,453.5956,353.121673,504.618311,356.267079,2.787475,1.901016,-1.790708,1.276757,0.498383,1.588887
4006,133.533333,1,555.55397,359.280524,453.725529,353.04714,504.63975,356.163832,2.781411,1.908592,-1.788565,1.288303,0.496423,1.598448
4007,133.566667,1,555.573997,359.242947,453.772802,353.036605,504.6734,356.139776,2.780843,1.889161,-1.791666,1.307334,0.494588,1.598248
4008,133.6,1,555.497608,359.067519,453.650942,353.045107,504.574275,356.056313,2.785492,1.912034,-1.780416,1.340928,0.502538,1.626481
4009,133.633333,1,555.40638,359.036363,453.389597,353.090807,504.397988,356.063585,2.784412,1.893485,-1.789545,1.348276,0.497433,1.620881
4010,133.666667,1,555.292072,359.130578,453.45149,353.162765,504.371781,356.146671,2.782807,1.843294,-1.787391,1.379202,0.497708,1.611248
4011,133.7,1,555.04612,359.2034,453.470106,353.234863,504.258113,356.219131,2.782617,1.81737,-1.798679,1.361133,0.491969,1.589252
4012,133.733333,1,554.755383,359.129044,453.269615,353.501249,504.012499,356.315146,2.767459,1.819228,-1.797254,1.256232,0.485103,1.53773
4013,133.766667,1,554.662561,359.150775,453.080702,353.571002,503.871632,356.360889,2.767753,1.82954,-1.80288,1.296246,0.482436,1.562893
4014,133.8,1,554.145927,359.76027,452.535324,354.293756,503.340626,357.027013,2.859854,2.050888,-1.822282,1.474899,0.518786,1.762894
4015,133.833333,1,551.581612,368.251972,458.891516,361.090559,505.236564,364.671265,2.782363,5.743398,-1.560569,16.887352,0.610897,11.315375
4016,133.866667,1,551.862068,365.659171,454.302158,359.885824,503.082113,362.772498,2.862244,5.648593,-1.708931,16.317524,0.576656,10.983058
4017,133.9,1,554.24531,361.605409,451.133137,356.426895,502.689223,359.016152,2.981545,2.828219,-1.912907,3.339081,0.534319,3.08365
4018,133.933333,1,554.137516,360.310278,452.286453,355.087105,503.211985,357.698691,2.847864,2.143611,-1.806111,1.745995,0.520877,1.944803
4019,133.966667,1,553.72653,359.812616,452.146864,354.23677,502.936697,357.024693,2.852774,2.074462,-1.794135,1.432311,0.529319,1.753387
4020,134.0,1,553.589125,359.554828,452.332315,354.189171,502.96072,356.872,2.806914,1.936426,-1.791708,1.389554,0.507603,1.66299
4021,134.033333,1,553.638296,359.410515,452.106009,354.014972,502.872152,356.712744,2.806806,1.952591,-1.795523,1.348382,0.505641,1.650486
4022,134.066667,1,553.68679,359.321412,452.22867,353.882825,502.95773,356.602119,2.805225,1.99306,-1.802695,1.329545,0.501265,1.661303
4023,134.1,1,553.787861,359.154224,452.237005,353.907942,503.012433,356.531083,2.803739,1.883182,-1.810899,1.304766,0.49642,1.593974
4024,134.133333,1,553.819008,359.082749,452.223988,353.880047,503.021498,356.481398,2.806424,1.948896,-1.803776,1.348617,0.501324,1.648757
4025,134.166667,1,554.027433,359.081129,452.151003,353.700719,503.089218,356.390924,2.798209,2.081947,-1.78277,1.311561,0.50772,1.696754
4026,134.2,1,554.281378,358.908309,452.396698,353.676167,503.339038,356.292238,2.797209,2.015737,-1.796022,1.394781,0.500594,1.705259
4027,134.233333,1,554.551334,358.879572,452.479229,353.611557,503.515282,356.245565,2.7833,2.126808,-1.798304,1.376912,0.492498,1.75186
4028,134.266667,1,554.765282,358.821341,452.449293,353.619958,503.607287,356.220649,2.787027,2.091268,-1.796521,1.334332,0.495253,1.7128
4029,134.3,1,555.358419,358.626559,452.530451,353.494812,503.944435,356.060685,2.793001,2.176949,-1.810818,1.360724,0.491091,1.768837
4030,134.333333,1,554.827461,358.657351,452.493782,353.64678,503.660622,356.152065,2.78918,2.057615,-1.795421,1.337641,0.496879,1.697628
4031,134.366667,1,554.840012,358.650007,452.229795,353.603114,503.534904,356.12656,2.798467,2.016625,-1.826242,1.331996,0.486112,1.67431
4032,134.4,1,554.61484,358.771183,451.963673,353.546358,503.289256,356.158771,2.791989,2.08296,-1.817522,1.281103,0.487233,1.682032
4033,134.433333,1,554.404974,358.973492,451.945257,353.514065,503.175116,356.243778,2.808693,2.090652,-1.829374,1.284456,0.48966,1.687554
4034,134.466667,1,554.161701,358.828298,451.829185,353.38239,502.995443,356.105344,2.82268,2.059747,-1.823866,1.312547,0.499407,1.686147
4035,134.5,1,554.054585,358.692262,451.543169,353.383484,502.798877,356.037873,2.827734,2.055702,-1.823135,1.295916,0.5023,1.675809
4036,134.533333,1,553.972683,358.764355,451.574316,353.372251,502.773499,356.068303,2.806461,2.103889,-1.824712,1.28659,0.490874,1.69524
4037,134.566667,1,553.974943,358.620025,451.528053,353.384267,502.751498,356.002146,2.80218,2.125759,-1.813066,1.255742,0.494557,1.69075
4038,134.6,1,554.206953,358.579465,451.563969,353.330907,502.885461,355.955186,2.792571,2.169138,-1.823751,1.231732,0.48441,1.700435
4039,134.633333,1,554.391861,358.509936,451.862926,353.280696,503.127394,355.895316,2.798695,2.109415,-1.825627,1.280199,0.486534,1.694807
4040,134.666667,1,554.784536,358.417915,452.075958,353.437257,503.430247,355.927586,2.790572,2.027525,-1.822371,1.298911,0.4841,1.663218
4041,134.7,1,555.304203,358.319387,452.292147,353.488348,503.798175,355.903867,2.781786,2.123555,-1.84054,1.369144,0.470623,1.746349
4042,134.733333,1,555.404072,358.495367,452.255487,353.487623,503.82978,355.991495,2.790852,2.111178,-1.829829,1.315532,0.480512,1.713355
4043,134.766667,1,555.407562,358.404579,452.210979,353.450475,503.809271,355.927527,2.784015,2.15072,-1.836343,1.324821,0.473836,1.73777
4044,134.8,1,555.316706,358.483211,452.063999,353.469282,503.690352,355.976247,2.786598,2.136784,-1.819847,1.292638,0.483375,1.714711
4045,134.833333,1,555.356159,358.508955,452.308779,353.557919,503.832469,356.033437,2.776835,2.11369,-1.824724,1.288316,0.476056,1.701003
4046,134.866667,1,554.852743,358.509035,452.141628,353.543928,503.497186,356.026482,2.771999,2.106406,-1.816793,1.31643,0.477603,1.711418
4047,134.9,1,554.614668,358.508713,451.938057,353.725181,503.276362,356.116947,2.780249,1.99008,-1.821686,1.293716,0.479282,1.641898
4048,134.933333,1,554.485779,358.598106,451.661615,353.660926,503.073697,356.129516,2.785011,2.024688,-1.806304,1.282621,0.489353,1.653654
4049,134.966667,1,554.373522,358.329091,451.538134,353.730127,502.955828,356.029609,2.778382,2.01333,-1.805332,1.343658,0.486525,1.678494
4050,135.0,1,553.945341,358.357555,451.187582,353.637162,502.566462,355.997358,2.789795,2.014835,-1.789952,1.305962,0.499922,1.660399
4051,135.033333,1,553.807201,358.289706,451.237268,353.665658,502.522235,355.977682,2.796461,1.951253,-1.794684,1.308505,0.500888,1.629879
4052,135.066667,1,553.492365,358.343704,451.081533,353.555,502.286949,355.949352,2.806071,1.980611,-1.796159,1.254454,0.504956,1.617532
4053,135.1,1,553.294334,358.450552,450.759954,353.531649,502.027144,355.991101,2.816996,1.999702,-1.799267,1.220858,0.508864,1.61028
4054,135.133333,1,553.062162,358.430758,450.560017,353.313151,501.81109,355.871954,2.819016,2.018739,-1.792464,1.226785,0.513276,1.622762
4055,135.166667,1,552.839727,358.488452,450.586109,353.425326,501.712918,355.956889,2.810443,2.013066,-1.796341,1.231016,0.507051,1.622041
4056,135.2,1,552.550116,358.584228,450.099926,353.468456,501.325021,356.026342,2.807961,1.967732,-1.798564,1.202951,0.504698,1.585342
4057,135.233333,1,552.519207,358.695384,450.293694,353.462598,501.40645,356.078991,2.816496,1.932469,-1.787839,1.227621,0.514328,1.580045
4058,135.266667,1,552.399321,358.614516,449.916468,353.371752,501.157894,355.993134,2.823236,1.995631,-1.79124,1.24123,0.515998,1.61843
4059,135.3,1,552.158909,358.476441,449.632549,353.456987,500.895729,355.966714,2.823285,1.921947,-1.778606,1.219811,0.52234,1.570879
4060,135.333333,1,551.842642,358.41674,449.530983,353.343117,500.686812,355.879928,2.836223,1.893669,-1.757188,1.228305,0.539518,1.560987
4061,135.366667,1,551.759272,358.308063,449.405766,353.30401,500.582519,355.806036,2.821406,1.932851,-1.753487,1.223649,0.533959,1.57825
4062,135.4,1,551.674776,358.427324,449.210396,353.234557,500.442586,355.830941,2.831177,1.853496,-1.76732,1.235518,0.531928,1.544507
4063,135.433333,1,551.640606,358.292109,449.17531,353.332275,500.407958,355.812192,2.829289,1.794197,-1.780214,1.262092,0.524537,1.528144
4064,135.466667,1,551.405382,358.298659,448.993149,353.267462,500.199265,355.78306,2.837694,1.825471,-1.770713,1.246221,0.53349,1.535846
4065,135.5,1,551.342373,358.308089,448.444452,353.638524,499.893413,355.973307,2.833082,1.78535,-1.785786,1.283995,0.523648,1.534673
4066,135.533333,1,551.279917,358.312515,448.638535,353.538371,499.959226,355.925443,2.821734,1.836656,-1.773096,1.237657,0.524319,1.537156
4067,135.566667,1,551.349583,358.283161,448.434763,353.672637,499.892173,355.977899,2.808236,1.895459,-1.807623,1.247433,0.500306,1.571446
4068,135.6,1,551.302271,358.195855,448.377409,353.580256,499.83984,355.888056,2.794605,1.924379,-1.806115,1.232068,0.494245,1.578224
4069,135.633333,1,551.361303,358.162746,448.371267,353.722419,499.866285,355.942582,2.793412,1.912806,-1.820489,1.254258,0.486461,1.583532
4070,135.666667,1,551.556854,358.074571,448.566847,353.733244,500.061851,355.903907,2.78222,1.926882,-1.811509,1.274059,0.485355,1.600471
4071,135.7,1,551.974707,358.014307,448.990316,353.485998,500.482512,355.750152,2.759988,2.075703,-1.813039,1.262598,0.473474,1.669151
4072,135.733333,1,552.374725,357.942499,449.055452,353.731458,500.715089,355.836978,2.76092,1.973612,-1.82591,1.343433,0.467505,1.658522
4073,135.766667,1,552.870378,358.06617,448.990564,353.731087,500.930471,355.898629,2.774656,1.991175,-1.805796,1.275933,0.48443,1.633554
4074,135.8,1,552.708368,358.021635,449.182491,353.804194,500.94543,355.912914,2.765675,1.822131,-1.824691,1.328621,0.470492,1.575376
4075,135.833333,1,552.781868,357.998267,449.225321,353.735315,501.003594,355.866791,2.764928,1.836539,-1.831033,1.329165,0.466948,1.582852
4076,135.866667,1,552.743235,358.012016,449.233503,353.787001,500.988369,355.899509,2.767379,1.853515,-1.826621,1.31925,0.470379,1.586383
4077,135.9,1,552.721252,357.946222,449.243851,353.794693,500.982552,355.870458,2.768792,1.833689,-1.83047,1.351247,0.469161,1.592468
4078,135.933333,1,552.657022,357.989679,449.314985,353.759497,500.986004,355.874588,2.772141,1.834764,-1.82608,1.3279,0.47303,1.581332
4079,135.966667,1,552.684746,357.997034,449.19405,353.829138,500.939398,355.913086,2.770265,1.826012,-1.833159,1.338898,0.468553,1.582455
4080,136.0,1,552.734995,358.073782,449.216471,353.789656,500.975733,355.931719,2.76859,1.872809,-1.82274,1.292118,0.472925,1.582464
4081,136.033333,1,552.825804,357.991133,449.142389,353.841053,500.984097,355.916093,2.766863,1.868544,-1.830354,1.309672,0.468254,1.589108
4082,136.066667,1,552.606001,358.076797,449.208736,353.803132,500.907369,355.939964,2.763421,1.909167,-1.828667,1.270285,0.467377,1.589726
4083,136.1,1,552.537518,357.995977,449.067268,353.894182,500.802393,355.945079,2.753003,1.898517,-1.828694,1.297696,0.462155,1.598107
4084,136.133333,1,552.472906,357.984878,449.043188,353.850301,500.758047,355.917589,2.759468,1.890263,-1.835533,1.309272,0.461968,1.599767
4085,136.166667,1,552.273273,358.088121,448.970318,353.795101,500.621796,355.941611,2.751974,1.903129,-1.836442,1.325987,0.457766,1.614558
4086,136.2,1,551.733704,358.057512,449.205666,353.534718,500.469685,355.796115,2.777785,1.842821,-1.811981,1.301508,0.482902,1.572165
4087,136.233333,1,551.284847,357.814305,449.071541,353.50944,500.178194,355.661873,2.776373,1.798401,-1.795119,1.301427,0.490627,1.549914
4088,136.266667,1,551.077728,357.994475,448.573675,353.720648,499.825702,355.857562,2.775464,1.869014,-1.788166,1.278797,0.493649,1.573906
4089,136.3,1,551.159544,357.852677,448.118572,353.847796,499.639058,355.850236,2.756481,1.851468,-1.818283,1.328366,0.469099,1.589917
4090,136.333333,1,551.350298,357.778954,447.983532,353.823157,499.666915,355.801055,2.769818,1.950889,-1.817074,1.324094,0.476372,1.637491
4091,136.366667,1,551.383858,357.796206,447.97987,353.855563,499.681864,355.825885,2.768799,1.879965,-1.822914,1.331524,0.472943,1.605745
4092,136.4,1,551.163473,358.429288,448.930445,354.220811,500.046959,356.325049,2.769148,2.048696,-1.837614,1.584259,0.465767,1.816478
4093,136.433333,1,549.027452,366.829408,452.095652,361.944902,500.561552,364.387155,2.82135,5.447273,-1.611711,558.138787,0.604819,281.79303
4094,136.466667,1,549.541636,366.69364,454.437046,362.755691,501.989341,364.724666,2.84077,5.661064,-1.579603,23.101744,0.630584,14.381404
4095,136.5,1,549.851265,363.353072,448.466625,358.919869,499.158945,361.136471,2.923154,4.340745,-1.833177,9.967999,0.544989,7.154372
4096,136.533333,1,551.301289,360.400604,449.605827,356.102418,500.453558,358.251511,2.92002,2.252077,-1.900359,2.898133,0.509831,2.575105
4097,136.566667,1,552.017345,359.13554,449.850159,354.89206,500.933752,357.0138,2.834616,2.318796,-1.84998,2.015643,0.492318,2.167219
4098,136.6,1,551.937332,359.431533,450.808477,355.031256,501.372905,357.231394,2.862647,2.341724,-1.898159,3.279514,0.482244,2.810619
4099,136.633333,1,550.8535,359.7212,451.170645,355.29835,501.012073,357.509775,2.864138,2.242379,-1.861305,4.610018,0.501416,3.426199
4100,136.666667,1,549.893103,362.831817,451.787224,356.652018,500.840163,359.741918,2.895886,2.689984,-1.778925,7.528521,0.558481,5.109253
4101,136.7,1,548.550444,367.15726,455.353851,363.231064,501.952147,365.194162,2.73703,5.839947,-1.576617,9.390848,0.580206,7.615397
4102,136.733333,1,550.874052,367.538,455.042868,363.444675,502.95846,365.491337,2.79535,6.189863,-1.59679,65.02946,0.59928,35.609662
4103,136.766667,1,550.07575,365.547838,452.749634,361.233575,501.412692,363.390706,2.830553,8.310063,-1.697419,53.339071,0.566567,30.824567
4104,136.8,1,551.240692,364.038468,449.976444,358.351412,500.608568,361.19494,2.942955,4.35021,-1.820408,13.887441,0.561274,9.118826
4105,136.833333,1,550.694962,361.228725,450.84754,356.578934,500.771251,358.903829,2.91399,2.967027,-1.864737,7.946602,0.524627,5.456814
4106,136.866667,1,551.597023,360.087853,449.5051,355.8419,500.551062,357.964877,2.965447,2.714829,-1.948063,4.53245,0.508692,3.623639
4107,136.9,1,551.077404,359.210417,449.576283,355.105752,500.326843,357.158084,2.890477,2.637763,-1.941696,4.030404,0.47439,3.334084
4108,136.933333,1,551.308489,359.345149,449.78055,355.058931,500.544519,357.20204,2.906335,2.517284,-1.911459,3.485431,0.497438,3.001357
4109,136.966667,1,550.792627,359.385694,449.794044,355.2374,500.293336,357.311547,2.894487,2.512109,-1.903748,3.513035,0.495369,3.012572
4110,137.0,1,550.675688,359.408739,449.83202,355.323762,500.253854,357.36625,2.906176,2.500809,-1.894486,3.482831,0.505845,2.99182
4111,137.033333,1,551.102104,359.486035,450.062904,355.712821,500.582504,357.599428,2.892665,2.710421,-1.903557,3.522418,0.494554,3.116419
4112,137.066667,1,550.913448,359.811006,449.908781,355.842308,500.411115,357.826657,2.892223,2.871009,-1.900192,3.458189,0.496015,3.164599
4113,137.1,1,551.107664,360.627964,450.105333,356.359212,500.606499,358.493588,2.883673,2.934278,-1.89649,3.465051,0.493591,3.199664
4114,137.133333,1,550.340252,361.668162,450.298548,357.723695,500.3194,359.695929,2.875481,3.052174,-1.907037,5.294571,0.484222,4.173372
4115,137.166667,1,549.995098,365.155935,450.229578,359.653448,500.112338,362.404692,2.881391,4.720491,-1.824771,8.773127,0.52831,6.746809
4116,137.2,1,549.754763,369.035343,454.156504,363.884751,501.955633,366.460047,2.801734,13.077415,-1.652774,54.900945,0.57448,33.98918
4117,137.233333,1,549.554958,370.613523,456.013632,365.287712,502.784295,367.950617,2.753131,11.779733,-1.62058,32.963206,0.566276,22.37147
4118,137.266667,1,548.752441,371.411995,454.531212,366.487239,501.641827,368.949617,2.710781,17.290217,-1.634535,14.950174,0.538123,16.120195
4119,137.3,1,547.940645,372.148293,454.216747,367.554576,501.078696,369.851435,2.721401,39.631515,-1.605805,-0.69877,0.557798,19.466373
4120,137.333333,1,547.747641,372.901726,454.077005,368.134888,500.912323,370.518307,2.708202,46.612086,-1.626635,14.895031,0.540783,30.753558
4121,137.366667,1,548.46118,373.998846,454.015141,369.186866,501.23816,371.592856,2.731005,45.261934,-1.619728,25.636203,0.555638,35.449069
4122,137.4,1,548.009052,374.807864,453.933382,370.100094,500.971217,372.453979,2.733204,39.515758,-1.594986,32.753634,0.569109,36.134696
4123,137.433333,1,547.675819,375.649939,453.980989,371.005254,500.828404,373.327596,2.698749,32.229506,-1.571997,112.301777,0.563376,72.265642
4124,137.466667,1,547.166681,376.436137,453.6514,371.655153,500.40904,374.045645,2.715637,25.085441,-1.557395,56.243202,0.579121,40.664321
4125,137.5,1,547.065105,377.48855,453.421955,372.844906,500.24353,375.166728,2.722277,27.300054,-1.520434,109.284012,0.600922,68.292033
4126,137.533333,1,544.772568,377.969942,451.897697,374.056588,498.335133,376.013265,2.716759,52.05322,-1.519457,100.155013,0.598651,76.104116
4127,137.566667,1,544.798164,379.074368,451.923923,375.118679,498.361044,377.096524,2.727094,60.848079,-1.502014,145.339195,0.61254,103.093637
4128,137.6,1,545.252819,380.485822,451.128597,376.502752,498.190708,378.494287,2.738213,112.321453,-1.50723,125.127621,0.615492,118.724537
4129,137.633333,1,544.974899,381.455666,449.463911,377.883071,497.219405,379.669368,2.729059,148.864449,-1.515891,120.689676,0.606584,134.777062
4130,137.666667,1,544.471664,382.510107,447.827988,378.764284,496.149826,380.637195,2.71696,127.029896,-1.549239,107.853726,0.583861,117.441811
4131,137.7,1,544.943905,383.743998,447.053308,380.256075,495.998607,382.000036,2.727056,114.171382,-1.541768,85.866833,0.592644,100.019108
4132,137.733333,1,544.528522,385.253867,446.984625,381.299636,495.756574,383.276752,2.668858,101.330795,-1.529558,99.358246,0.56965,100.344521
4133,137.766667,1,543.434134,386.176257,446.861935,382.418289,495.148034,384.297273,2.660125,89.857154,-1.499255,105.58954,0.580435,97.723347
4134,137.8,1,542.889194,387.489681,445.192862,383.657502,494.041028,385.573592,2.649138,91.570641,-1.512214,90.721544,0.568462,91.146093
4135,137.833333,1,543.078499,388.804189,444.369202,385.005301,493.72385,386.904745,2.681501,88.666904,-1.530781,88.137136,0.57536,88.40202
4136,137.866667,1,542.462139,390.336707,444.385176,386.215611,493.423657,388.276159,2.634715,80.465936,-1.507015,108.651675,0.56385,94.558806
4137,137.9,1,542.370787,391.950206,444.15288,387.934445,493.261833,389.942325,2.623621,72.642225,-1.519964,91.953425,0.551829,82.297825
4138,137.933333,1,542.363148,393.889979,441.900101,390.158104,492.131624,392.024041,2.617471,56.121341,-1.567061,99.483657,0.525205,77.802499
4139,137.966667,1,541.631708,396.928482,441.286221,393.235949,491.458964,395.082216,2.585655,57.488158,-1.588976,75.456639,0.49834,66.472398
4140,138.0,1,542.593288,401.061798,441.434355,396.958426,492.013822,399.010112,2.51313,47.333196,-1.542487,45.084607,0.485321,46.208902
4141,138.033333,1,543.221445,405.284722,441.042061,401.982719,492.131753,403.63372,2.524159,35.323252,-1.560821,41.83051,0.481669,38.576881
4142,138.066667,1,545.279179,412.428946,440.678806,407.663734,492.978992,410.04634,2.513326,28.154959,-1.56455,48.748526,0.474388,38.451742
4143,138.1,1,544.933767,420.062116,441.030827,415.770035,492.982297,417.916076,2.479879,29.051431,-1.61739,35.633635,0.431245,32.342533
4144,138.133333,1,546.70146,428.405374,440.316744,426.678697,493.509102,427.542036,2.633507,25.330987,-1.67932,30.98775,0.477094,28.159369
4145,138.166667,1,549.140835,442.914129,441.62076,439.413525,495.380797,441.163827,2.728636,19.638497,-1.709346,28.824029,0.509645,24.231263
4146,138.2,1,551.106215,454.5588,442.687559,451.892341,496.896887,453.225571,2.698131,16.309169,-1.743093,25.753398,0.477519,21.031284
4147,138.233333,1,551.84701,466.122469,442.477503,463.784269,497.162256,464.953369,2.721271,13.916536,-1.714534,22.23867,0.503368,18.077603
4148,138.266667,1,553.311758,477.240483,443.87825,475.182799,498.595004,476.211641,2.728878,14.217371,-1.673793,19.07257,0.527542,16.64497
4149,138.3,1,553.565407,487.89279,443.286667,483.398974,498.426037,485.645882,2.729562,14.169222,-1.66666,17.192711,0.531451,15.680967
4150,138.333333,1,554.115105,495.643247,444.717379,490.918955,499.416242,493.281101,2.719563,13.364878,-1.667541,15.647219,0.526011,14.506049
4151,138.366667,1,555.34317,502.991148,444.232197,496.953861,499.787683,499.972504,2.742607,13.314317,-1.641778,14.657867,0.550415,13.986092
4152,138.4,1,558.337917,506.964015,447.670164,499.605407,503.004041,503.284711,2.792917,13.175305,-1.583991,14.298354,0.604463,13.73683
4153,138.433333,1,558.444052,506.113358,448.500671,497.837026,503.472362,501.975192,2.806529,12.941404,-1.613476,13.54163,0.596526,13.241517
4154,138.466667,1,559.23768,496.313918,449.526901,488.193626,504.382291,492.253772,2.723143,12.550578,-1.635876,15.800453,0.543633,14.175516
4155,138.5,1,559.558649,470.779073,453.177042,464.560404,506.367846,467.669739,2.599778,13.51584,-1.533174,20.67287,0.533302,17.094355
4156,138.533333,1,566.478853,439.111573,456.998434,431.930312,511.738644,435.520942,2.671641,12.567574,-1.695762,11.556145,0.487939,12.061859
4157,138.566667,1,569.891825,414.609035,459.185619,406.091294,514.538722,410.350165,2.632545,5.700753,-1.795742,3.588496,0.418402,4.644624
4158,138.6,1,566.802731,406.828108,463.07045,397.440172,514.93659,402.13414,2.482271,28.297937,-1.588603,54.574552,0.446834,41.436244
4159,138.633333,1,563.99559,401.937937,465.684052,391.21277,514.839821,396.575353,2.423882,27.425508,-1.586376,36.319307,0.418753,31.872407
4160,138.666667,1,563.515396,387.600746,464.268703,380.978855,513.89205,384.289801,2.643895,14.137044,-1.618707,7.638818,0.512594,10.887931
4161,138.7,1,563.393106,376.952816,457.516403,371.82278,510.454755,374.387798,2.813173,2.927514,-1.837544,1.694977,0.487815,2.311245
4162,138.733333,1,562.331591,372.569164,456.57073,366.728498,509.45116,369.648831,2.832737,2.255858,-1.858091,1.421202,0.487323,1.83853
4163,138.766667,1,560.383806,370.927877,456.130686,365.468193,508.257246,368.198035,2.84937,2.621458,-1.814076,1.680016,0.517647,2.150737
4164,138.8,1,555.866213,380.417876,460.415964,374.621129,508.141088,377.519503,2.659701,20.555429,-1.530443,12.474487,0.564629,16.514958
4165,138.833333,1,555.783243,379.333631,459.806366,374.824033,507.794805,377.078832,2.645452,23.989832,-1.542156,19.132238,0.551648,21.561035
4166,138.866667,1,558.773947,371.959648,455.257282,368.879485,507.015615,370.419567,2.831011,4.827675,-1.766894,6.023472,0.532059,5.425574
4167,138.9,1,560.289078,369.819256,454.065399,366.639218,507.177238,368.229237,2.857959,2.338635,-1.831174,2.035573,0.513392,2.187104
4168,138.933333,1,560.478392,368.710189,453.964357,365.191163,507.221375,366.950676,2.83945,2.083297,-1.83862,1.675216,0.500415,1.879256
4169,138.966667,1,561.020002,369.163794,454.351501,364.79028,507.685752,366.977037,2.835664,2.061247,-1.859579,1.405299,0.488042,1.733273
4170,139.0,1,561.553106,369.148521,455.037317,364.924375,508.295212,367.036448,2.827083,1.87765,-1.858698,1.390091,0.484192,1.633871
4171,139.033333,1,563.156252,371.249249,456.820927,366.508005,509.988589,368.878627,2.896515,2.2541,-1.83541,1.943192,0.530553,2.098646
4172,139.066667,1,559.909964,382.942543,461.266537,378.464241,510.58825,380.703392,2.636155,23.871293,-1.567972,50.128225,0.534091,36.999759
4173,139.1,1,560.496225,382.909949,462.443409,378.747686,511.469817,380.828817,2.603355,29.758233,-1.55635,27.347914,0.523502,28.553073
4174,139.133333,1,563.969841,377.400112,461.501646,372.862287,512.735744,375.131199,2.779244,15.977399,-1.692376,29.769695,0.543434,22.873547
4175,139.166667,1,566.208324,373.697559,458.642893,368.422211,512.425609,371.059885,2.855433,3.368051,-1.847276,2.275396,0.504078,2.821723
4176,139.2,1,566.372604,373.38962,457.789106,366.796449,512.080855,370.093035,2.750344,2.401562,-1.871387,1.329551,0.439478,1.865556
4177,139.233333,1,566.090031,373.695037,458.354578,366.579233,512.222304,370.137135,2.748207,2.351631,-1.869441,1.321346,0.439383,1.836489
4178,139.266667,1,565.842705,373.763809,458.409071,366.589141,512.125888,370.176475,2.742149,2.365558,-1.847545,1.339995,0.447302,1.852777
4179,139.3,1,565.286369,373.784484,458.297825,366.639047,511.792097,370.211765,2.74533,2.215538,-1.847825,1.402907,0.448753,1.809223
4180,139.333333,1,565.205107,373.785471,457.897959,366.293964,511.551533,370.039718,2.73909,2.224948,-1.836765,1.346699,0.451163,1.785824
4181,139.366667,1,564.94606,373.666048,458.109493,366.140628,511.527777,369.903338,2.753574,2.264377,-1.845048,1.390507,0.454263,1.827442
4182,139.4,1,564.890671,373.746235,458.217468,366.06661,511.55407,369.906422,2.751239,2.327058,-1.83279,1.268365,0.459224,1.797712
4183,139.433333,1,564.829063,373.882642,458.52191,366.208241,511.675487,370.045441,2.764414,2.292972,-1.838492,1.528801,0.462961,1.910886
4184,139.466667,1,563.552399,376.026038,459.083767,368.944861,511.318083,372.48545,2.830306,3.134474,-1.846716,3.13333,0.491795,3.133902
4185,139.5,1,565.928659,385.782123,463.161373,376.769278,514.545016,381.2757,2.733359,27.09764,-1.660428,34.022278,0.536466,30.559959
4186,139.533333,1,565.394545,381.821347,463.697157,374.45156,514.545851,378.136454,2.749212,34.516416,-1.712242,25.79305,0.518485,30.154733
4187,139.566667,1,567.747526,377.808913,461.985521,370.450165,514.866524,374.129539,2.895054,5.56621,-1.902441,7.689053,0.496307,6.627632
4188,139.6,1,566.571417,377.116184,461.904097,370.299007,514.237757,373.707595,2.822636,5.73869,-1.912454,6.437069,0.455091,6.087879
4189,139.633333,1,567.72974,376.320105,461.534615,367.825699,514.632177,372.072902,2.847247,4.148266,-1.837084,2.882911,0.505081,3.515589
4190,139.666667,1,567.297688,375.490294,461.658115,366.963546,514.477901,371.22692,2.810233,3.748331,-1.791651,2.014817,0.509291,2.881574
4191,139.7,1,567.559404,375.267799,461.948538,367.522904,514.753971,371.395352,2.862705,4.123524,-1.757142,2.184093,0.552781,3.153809
4192,139.733333,1,566.831522,375.568399,461.445398,368.352624,514.13846,371.960512,2.846947,3.771162,-1.754586,2.314135,0.54618,3.042648
4193,139.766667,1,566.761189,376.021929,461.498318,368.993608,514.129753,372.507768,2.843862,3.662237,-1.77798,2.193392,0.532941,2.927814
4194,139.8,1,566.249018,376.475576,461.332102,369.527754,513.79056,373.001665,2.81524,3.528336,-1.756035,2.267823,0.529603,2.89808
4195,139.833333,1,566.531792,376.851053,461.242218,369.740281,513.887005,373.295667,2.82525,3.691272,-1.753129,2.174822,0.536061,2.933047
4196,139.866667,1,566.611042,377.038518,461.075401,369.968687,513.843222,373.503603,2.815577,3.590121,-1.751358,2.23192,0.53211,2.91102
4197,139.9,1,566.775751,376.895846,460.859795,370.077617,513.817773,373.486732,2.808513,3.721274,-1.734674,2.372171,0.536919,3.046722
4198,139.933333,1,568.219347,376.627389,464.193745,370.114803,516.206546,373.371096,2.874234,4.669376,-1.710613,2.497944,0.58181,3.58366
4199,139.966667,1,568.011599,376.4353,464.206314,370.395126,516.108956,373.415213,2.88305,4.4745,-1.759968,2.860429,0.561541,3.667464
4200,140.0,1,567.978191,376.991526,464.226351,371.348705,516.102271,374.170116,2.880218,4.329645,-1.821334,4.056327,0.529442,4.192986
4201,140.033333,1,563.837709,388.221914,464.780531,379.825011,514.30912,384.023463,2.705061,37.614708,-1.663615,52.93549,0.520723,45.275099
4202,140.066667,1,563.385305,388.722306,462.903337,381.812207,513.144321,385.267256,2.687415,18.202218,-1.727777,60.293968,0.479819,39.248093
4203,140.1,1,565.452642,383.855181,463.308554,376.608421,514.380598,380.231801,2.773862,25.178501,-1.770836,20.494955,0.501513,22.836728
4204,140.133333,1,567.965345,378.632083,463.341541,372.503332,515.653443,375.567707,2.877401,3.793866,-1.843905,5.006117,0.516748,4.399992
4205,140.166667,1,568.912354,377.995734,464.333773,371.422863,516.623063,374.709299,2.88807,3.647534,-1.773853,2.769956,0.557109,3.208745
4206,140.2,1,568.979883,377.734036,463.765516,370.724663,516.3727,374.229349,2.91448,3.854,-1.764583,2.295683,0.574949,3.074841
4207,140.233333,1,569.175177,377.380661,463.777494,370.741925,516.476336,374.061293,2.90416,3.89069,-1.760953,2.377614,0.571604,3.134152
4208,140.266667,1,568.752708,377.482885,462.949705,371.046216,515.851207,374.264551,2.91183,3.168308,-1.769068,2.261758,0.571381,2.715033
4209,140.3,1,568.235521,377.395252,462.878475,371.132648,515.556998,374.26395,2.880763,3.303356,-1.754567,2.278561,0.563098,2.790959
4210,140.333333,1,568.314247,377.40273,462.84009,371.101331,515.577168,374.25203,2.879151,3.336769,-1.73829,2.275749,0.570431,2.806259
4211,140.366667,1,568.323088,377.51563,462.934637,370.982873,515.628862,374.249251,2.86024,3.484947,-1.741075,2.238239,0.559583,2.861593
4212,140.4,1,567.968321,377.690241,462.75094,371.122788,515.359631,374.406515,2.866899,3.495736,-1.73931,2.294975,0.563794,2.895355
4213,140.433333,1,567.916517,377.623347,462.55022,371.355615,515.233369,374.489481,2.870742,3.359319,-1.726826,2.293574,0.571958,2.826447
4214,140.466667,1,567.913294,377.842162,462.553577,371.256727,515.233436,374.549444,2.875714,3.554029,-1.708204,2.195804,0.583755,2.874917
4215,140.5,1,567.806911,377.945555,462.279663,371.356559,515.043287,374.651057,2.889857,3.464368,-1.7234,2.205553,0.583229,2.83496
4216,140.533333,1,567.404947,378.102926,462.0609,371.423228,514.732924,374.763077,2.871948,3.494457,-1.736805,2.175226,0.567571,2.834841
4217,140.566667,1,567.397566,378.091146,461.757936,371.511451,514.577751,374.801298,2.887875,3.657391,-1.720261,2.142868,0.583807,2.900129
4218,140.6,1,566.842966,378.120339,461.292553,371.733871,514.06776,374.927105,2.856434,3.341257,-1.726213,2.147689,0.565111,2.744473
4219,140.633333,1,566.43899,377.938689,460.987034,371.555729,513.713012,374.747209,2.877275,3.553361,-1.726925,2.181754,0.575175,2.867558
4220,140.666667,1,565.828705,377.740002,460.848246,371.520302,513.338475,374.630152,2.854612,3.548584,-1.70784,2.027839,0.573386,2.788211
4221,140.7,1,565.35099,377.764753,460.066938,371.615746,512.708964,374.69025,2.852214,3.472489,-1.708419,1.998018,0.571897,2.735253
4222,140.733333,1,565.281734,377.34149,459.99979,371.615456,512.640762,374.478473,2.868119,3.458639,-1.709777,1.995404,0.579171,2.727021
4223,140.766667,1,562.909327,380.584956,458.979654,374.436003,510.94449,377.51048,2.87908,7.306447,-1.81552,5.186662,0.53178,6.246554
4224,140.8,1,558.285952,387.320595,458.880634,382.157782,508.583293,384.739189,2.662126,39.823216,-1.665864,52.047062,0.498131,45.935139
4225,140.833333,1,558.51202,384.214178,459.489698,379.390504,509.000859,381.802341,2.702005,18.989756,-1.718255,47.445609,0.491875,33.217683
4226,140.866667,1,564.782171,379.436896,458.514376,374.432817,511.648273,376.934856,2.889014,9.597812,-1.874951,5.448128,0.507032,7.52297
4227,140.9,1,564.110413,377.929988,459.347744,373.182145,511.729078,375.556067,2.83003,3.857608,-1.788288,2.905453,0.520871,3.38153
4228,140.933333,1,564.295416,377.495331,459.440432,372.008303,511.867924,374.751817,2.859986,3.645043,-1.718834,2.362906,0.570576,3.003975
4229,140.966667,1,564.409037,377.623143,459.621439,371.783663,512.015238,374.703403,2.869348,3.625415,-1.717779,2.120776,0.575785,2.873095
4230,141.0,1,564.411383,377.534931,459.330091,371.722444,511.870737,374.628688,2.87799,3.638051,-1.712624,2.114688,0.582683,2.876369
4231,141.033333,1,564.502249,377.550852,459.590282,371.608708,512.046266,374.57978,2.868881,3.692438,-1.70816,2.086075,0.580361,2.889256
4232,141.066667,1,564.24716,377.385199,459.295101,371.819862,511.771131,374.602531,2.84664,3.610275,-1.70736,2.091169,0.56964,2.850722
4233,141.1,1,564.167252,377.264274,459.04748,371.748204,511.607366,374.506239,2.848319,3.649088,-1.71448,2.065684,0.56692,2.857386
4234,141.133333,1,564.190178,377.060791,459.423895,371.598827,511.807036,374.329809,2.85042,3.717108,-1.710681,2.020784,0.56987,2.868946
4235,141.166667,1,564.255638,376.832857,458.995333,371.364208,511.625485,374.098533,2.85311,3.631552,-1.715432,2.024346,0.568839,2.827949
4236,141.2,1,564.348412,376.534359,459.073915,371.04907,511.711164,373.791715,2.85753,3.720973,-1.70782,2.013675,0.574855,2.867324
4237,141.233333,1,564.352102,376.406504,458.967791,370.574266,511.659946,373.490385,2.874707,3.764807,-1.705812,1.952506,0.584448,2.858656
4238,141.266667,1,564.027128,376.139538,458.933725,370.236264,511.480427,373.187901,2.857343,3.667763,-1.707229,1.958341,0.575057,2.813052
4239,141.3,1,563.994217,375.878366,458.67691,370.14199,511.335564,373.010178,2.885492,3.432328,-1.704374,1.97215,0.590559,2.702239
4240,141.333333,1,563.430862,375.683101,458.632183,370.063192,511.031523,372.873147,2.837362,3.397479,-1.722806,2.027547,0.557278,2.712513
4241,141.366667,1,563.318748,375.489339,458.111906,369.682286,510.715327,372.585813,2.907364,3.530585,-1.72487,1.952619,0.591247,2.741602
4242,141.4,1,562.512026,375.308676,458.231478,369.559962,510.371752,372.434319,2.84794,3.24865,-1.692653,2.007412,0.577644,2.628031
4243,141.433333,1,562.534199,374.943638,457.700596,369.395961,510.117397,372.169799,2.852134,3.377355,-1.708717,2.041338,0.571709,2.709346
4244,141.466667,1,562.387505,374.739769,457.473631,369.281473,509.930568,372.010621,2.865905,3.441423,-1.695709,2.007414,0.585098,2.724419
4245,141.5,1,562.313843,374.743041,457.530994,369.271549,509.922419,372.007295,2.841057,3.310194,-1.700302,2.000242,0.570378,2.655218
4246,141.533333,1,562.389746,374.483339,457.383051,369.154492,509.886398,371.818915,2.860385,3.327547,-1.697613,2.00848,0.581386,2.668013
4247,141.566667,1,562.108355,374.480302,457.489071,369.432594,509.798713,371.956448,2.813857,3.051751,-1.701528,2.030575,0.556164,2.541163
4248,141.6,1,562.606459,374.383743,457.345009,369.130529,509.975734,371.757136,2.86243,3.203879,-1.714099,1.949931,0.574165,2.576905
4249,141.633333,1,562.098131,374.578042,457.856989,369.310495,509.97756,371.944268,2.815877,3.148405,-1.699704,2.04958,0.558086,2.598993
4250,141.666667,1,563.128948,374.632845,457.310944,369.220469,510.219946,371.926657,2.870054,3.245952,-1.71121,1.948028,0.579422,2.59699
4251,141.7,1,562.461281,375.36806,457.957811,369.100714,510.209546,372.234387,2.813588,2.993399,-1.70283,1.945624,0.555379,2.469512
4252,141.733333,1,563.363838,375.006112,457.963657,369.127353,510.663748,372.066733,2.889458,3.209934,-1.705788,1.805899,0.591835,2.507916
4253,141.766667,1,562.861347,375.302464,458.38727,369.192274,510.624309,372.247369,2.814748,3.070669,-1.704688,1.974905,0.55503,2.522787
4254,141.8,1,563.276367,375.051624,458.269997,369.35208,510.773182,372.201852,2.864987,3.115391,-1.706378,1.87838,0.579305,2.496885
4255,141.833333,1,562.964668,375.30314,458.402004,369.300817,510.683336,372.301978,2.809273,2.950509,-1.696994,1.982405,0.556139,2.466457
4256,141.866667,1,563.379221,374.885498,458.640881,369.029528,511.010051,371.957513,2.861843,3.136645,-1.708681,1.905873,0.576581,2.521259
4257,141.9,1,563.003426,375.01197,458.706207,368.995442,510.854816,372.003706,2.822573,3.022676,-1.702063,1.981829,0.560255,2.502253
4258,141.933333,1,563.294563,374.527123,458.763704,368.921714,511.029134,371.724418,2.867168,3.075896,-1.689414,1.916875,0.588877,2.496385
4259,141.966667,1,563.268375,374.638832,458.763285,368.737532,511.01583,371.688182,2.853926,3.030889,-1.694081,1.90791,0.579922,2.4694
4260,142.0,1,562.971382,374.627244,458.592424,368.645478,510.781903,371.636361,2.82141,2.97678,-1.691178,1.980892,0.565116,2.478836
4261,142.033333,1,563.335695,374.389579,458.483267,368.398029,510.909481,371.393804,2.848139,3.082569,-1.711286,1.915879,0.568426,2.499224
4262,142.066667,1,562.892294,374.492716,458.436623,368.476027,510.664458,371.484371,2.81755,3.067391,-1.679249,1.972312,0.56915,2.519852
4263,142.1,1,562.869205,374.451549,458.36112,368.346766,510.615163,371.399158,2.83804,3.186319,-1.699325,1.895538,0.569358,2.540928
4264,142.133333,1,562.452507,374.714245,458.353243,368.569915,510.402875,371.64208,2.82066,3.119316,-1.668363,1.850089,0.576148,2.484703
4265,142.166667,1,562.568817,374.606667,457.497797,368.564851,510.033307,371.585759,2.843016,3.060832,-1.697858,1.915179,0.572579,2.488005
4266,142.2,1,560.429897,373.640428,456.590176,369.328503,508.510036,371.484465,2.8066,2.966101,-1.667554,1.976826,0.569523,2.471464
4267,142.233333,1,559.608622,373.483593,454.815807,369.647289,507.212214,371.565441,2.799362,2.702291,-1.699631,2.050063,0.549865,2.376177
4268,142.266667,1,559.364367,373.474463,454.669809,369.917066,507.017088,371.695764,2.791727,2.820877,-1.702261,2.062218,0.544733,2.441547
4269,142.3,1,558.877211,373.524996,453.973055,370.146303,506.425133,371.83565,2.801151,2.81531,-1.700922,2.053954,0.550115,2.434632
4270,142.333333,1,558.487978,373.544834,453.550406,370.276755,506.019192,371.910794,2.790607,2.951802,-1.692911,2.031587,0.548848,2.491695
4271,142.366667,1,558.105459,373.524889,453.21867,370.274717,505.662065,371.899803,2.782906,2.949379,-1.700275,2.059725,0.541315,2.504552
4272,142.4,1,558.040695,373.91897,453.313665,370.506932,505.67718,372.212951,2.790299,3.071445,-1.705227,1.955517,0.542536,2.513481
4273,142.433333,1,557.836218,374.278589,453.09144,370.60347,505.463829,372.44103,2.781824,3.009995,-1.704739,1.988534,0.538543,2.499265
4274,142.466667,1,557.467375,374.682401,453.084145,370.99857,505.27576,372.840486,2.781578,3.006581,-1.685986,2.011546,0.547796,2.509064
4275,142.5,1,557.52285,374.856262,452.643414,371.34097,505.083132,373.098616,2.788291,3.091545,-1.707071,2.016326,0.54061,2.553935
4276,142.533333,1,557.592926,375.361805,452.302933,371.91934,504.947929,373.640572,2.778412,3.145058,-1.721968,1.990655,0.528222,2.567856
4277,142.566667,1,556.747599,375.818918,451.54295,372.054684,504.145274,373.936801,2.781206,3.138987,-1.708503,1.948882,0.536351,2.543935
4278,142.6,1,556.391459,376.175931,450.94347,372.475909,503.667464,374.32592,2.783663,3.123936,-1.707824,1.985026,0.537919,2.554481
4279,142.633333,1,556.078644,376.468924,450.497522,372.682149,503.288083,374.575537,2.793408,3.026663,-1.708855,2.011388,0.542277,2.519026
4280,142.666667,1,553.477182,376.177347,447.853575,373.449358,500.665379,374.813352,2.745083,2.95062,-1.693174,1.981707,0.525954,2.466163
4281,142.7,1,551.600113,376.369028,446.155596,373.723394,498.877854,375.046211,2.744189,2.889459,-1.656577,1.90978,0.543806,2.399619
4282,142.733333,1,550.265942,376.342421,445.16202,373.433318,497.713981,374.887869,2.787284,2.834712,-1.636175,1.895599,0.575555,2.365156
4283,142.766667,1,549.45652,376.447896,442.954979,373.453424,496.20575,374.95066,2.848479,2.627212,-1.653821,2.029372,0.597329,2.328292
4284,142.8,1,548.362389,376.353246,441.942806,373.645856,495.152597,374.999551,2.855294,2.509434,-1.646126,2.024015,0.604584,2.266724
4285,142.833333,1,548.327265,376.56881,439.966669,373.485825,494.146967,375.027317,2.86747,2.813906,-1.674718,2.014067,0.596376,2.413987
4286,142.866667,1,546.341429,378.230031,440.006561,374.339122,493.173995,376.284576,2.843583,2.85693,-1.736674,2.273568,0.553454,2.565249
4287,142.9,1,542.733641,385.25303,443.186541,380.99144,492.960091,383.122235,2.739045,18.747379,-1.564446,50.320633,0.587299,34.534006
4288,142.933333,1,541.862526,381.667668,438.510046,376.995023,490.186286,379.331346,3.030313,5.988953,-1.742277,14.077496,0.644018,10.033225
4289,142.966667,1,538.850679,378.437923,434.44459,373.39772,486.647635,375.917822,2.933554,2.984513,-1.6949,2.856625,0.619327,2.920569
4290,143.0,1,537.70318,378.07457,433.095951,373.257269,485.399566,375.665919,2.815489,2.129207,-1.606276,1.927285,0.604607,2.028246
4291,143.033333,1,536.256876,377.68183,431.418734,372.843715,483.837805,375.262772,2.782808,1.844047,-1.604715,1.77675,0.589046,1.810399
4292,143.066667,1,535.199661,377.641543,430.347366,372.883036,482.773514,375.26229,2.755555,1.836311,-1.626264,1.605942,0.564645,1.721126
4293,143.1,1,534.743071,377.850208,429.792843,372.849745,482.267957,375.349976,2.77188,1.731759,-1.64467,1.606489,0.563605,1.669124
4294,143.133333,1,534.762297,377.806242,429.818172,372.988468,482.290235,375.397355,2.758336,1.752987,-1.646656,1.63274,0.55584,1.692863
4295,143.166667,1,534.92897,377.582846,430.09161,372.838222,482.51029,375.210534,2.766714,1.727626,-1.620157,1.642354,0.573279,1.68499
4296,143.2,1,535.209942,377.779623,430.602827,372.768559,482.906384,375.274091,2.747423,1.790034,-1.612949,1.472878,0.567237,1.631456
4297,143.233333,1,535.531921,377.838686,431.305342,372.71999,483.418632,375.279338,2.740484,1.856914,-1.603068,1.37886,0.568708,1.617887
4298,143.266667,1,535.973768,378.002515,431.87974,372.738326,483.926754,375.37042,2.734928,2.032593,-1.596882,1.4342,0.569023,1.733396
4299,143.3,1,536.723719,377.842773,432.272587,372.741834,484.498153,375.292304,2.780339,1.982536,-1.581813,1.592862,0.599263,1.787699
4300,143.333333,1,537.21735,377.906588,432.487307,372.447606,484.852328,375.177097,2.765206,2.051124,-1.581432,1.60861,0.591887,1.829867
4301,143.366667,1,537.969742,377.839372,433.574257,372.100625,485.771999,374.969999,2.78958,2.163465,-1.587167,1.522647,0.601206,1.843056
4302,143.4,1,538.182745,377.689759,434.385815,372.198054,486.28428,374.943906,2.759067,2.241466,-1.573655,1.511389,0.592706,1.876427
4303,143.433333,1,538.467751,377.467554,434.466143,371.951376,486.466947,374.709465,2.778288,2.185201,-1.577908,1.602891,0.60019,1.894046
4304,143.466667,1,538.66643,377.512196,435.071392,371.859891,486.868911,374.686044,2.777036,2.338015,-1.573854,1.54926,0.601591,1.943637
4305,143.5,1,538.870621,377.339666,435.459194,371.790336,487.164907,374.565001,2.773106,2.318606,-1.588901,1.479508,0.592102,1.899057
4306,143.533333,1,539.040785,377.293832,435.490007,371.636249,487.265396,374.465041,2.763958,2.384195,-1.60529,1.518072,0.579334,1.951133
4307,143.566667,1,539.113731,377.253717,435.341902,371.481271,487.227817,374.367494,2.790437,2.425625,-1.599252,1.522323,0.595593,1.973974
4308,143.6,1,539.079084,377.439358,435.375853,371.603719,487.227468,374.521539,2.772887,2.237616,-1.607345,1.525452,0.582771,1.881534
4309,143.633333,1,539.048672,377.567686,435.216827,371.753086,487.13275,374.660386,2.765968,2.254035,-1.613331,1.518806,0.576319,1.886421
4310,143.666667,1,539.014225,377.617618,435.209246,371.6395,487.111735,374.628559,2.756051,2.201674,-1.612918,1.532068,0.571567,1.866871
4311,143.7,1,539.094429,377.668848,435.222158,371.756498,487.158294,374.712673,2.757241,2.192799,-1.606321,1.534414,0.57546,1.863607
4312,143.733333,1,539.11808,377.716388,434.984341,372.072676,487.05121,374.894532,2.768088,2.099918,-1.611407,1.598281,0.578341,1.849099
4313,143.766667,1,538.961487,377.676069,434.953938,372.084135,486.957712,374.880102,2.7628,2.203901,-1.600774,1.572267,0.581013,1.888084
4314,143.8,1,538.757868,377.641672,435.009422,372.024515,486.883645,374.833093,2.77576,2.275536,-1.580973,1.594345,0.597394,1.934941
4315,143.833333,1,538.663044,377.668633,434.971237,372.049556,486.817141,374.859095,2.753364,2.221228,-1.598327,1.541529,0.577519,1.881378
4316,143.866667,1,538.607311,377.611899,435.089073,372.024933,486.848192,374.818416,2.758739,2.235957,-1.588337,1.556019,0.585201,1.895988
4317,143.9,1,538.886156,377.653216,435.035448,371.982436,486.960802,374.817826,2.755072,2.180732,-1.587255,1.553622,0.583908,1.867177
4318,143.933333,1,538.90379,377.652529,434.969921,371.913782,486.936855,374.783156,2.772822,2.349103,-1.580003,1.551942,0.59641,1.950522
4319,143.966667,1,539.095364,377.472929,434.953346,371.834625,487.024355,374.653777,2.751991,2.351345,-1.577658,1.604227,0.587167,1.977786
4320,144.0,1,539.346256,377.707847,435.356092,371.809241,487.351174,374.758544,2.756274,2.446922,-1.575528,1.534219,0.590373,1.99057
4321,144.033333,1,539.485588,377.628733,435.641041,371.808232,487.563314,374.718482,2.766215,2.55578,-1.568143,1.627425,0.599036,2.091603
4322,144.066667,1,539.682264,377.480063,435.733271,371.854956,487.707767,374.66751,2.765556,2.417847,-1.570807,1.598958,0.597374,2.008402
4323,144.1,1,539.573975,377.446632,436.29777,371.942643,487.935872,374.694638,2.746885,2.422885,-1.570029,1.583821,0.588428,2.003353
4324,144.133333,1,539.866333,377.361778,436.274834,371.786892,488.070583,374.574335,2.748589,2.301048,-1.576358,1.568928,0.586116,1.934988
4325,144.166667,1,539.743786,377.304186,435.982294,371.758611,487.86304,374.531398,2.729431,2.271251,-1.592948,1.554638,0.568242,1.912944
4326,144.2,1,540.106487,377.462865,436.174097,371.846277,488.140292,374.654571,2.72311,2.350356,-1.5844,1.566284,0.569355,1.95832
4327,144.233333,1,539.997311,377.364085,436.239223,371.975623,488.118267,374.669854,2.705278,2.38792,-1.572143,1.645876,0.566567,2.016898
4328,144.266667,1,540.097084,377.542827,436.726322,371.635315,488.411703,374.589071,2.69675,2.443191,-1.582518,1.544219,0.557116,1.993705
4329,144.3,1,540.116024,377.504944,436.569004,371.630434,488.342514,374.567689,2.699515,2.439837,-1.592605,1.596311,0.553455,2.018074
4330,144.333333,1,540.447578,377.574928,436.37085,371.71223,488.409214,374.643579,2.70931,2.380992,-1.593102,1.642269,0.558104,2.01163
4331,144.366667,1,540.403671,377.566924,436.5734,371.736456,488.488536,374.65169,2.698126,2.585712,-1.580626,1.681641,0.55875,2.133676
4332,144.4,1,540.476074,377.612135,436.867342,371.981074,488.671708,374.796605,2.70761,2.479477,-1.579573,1.638276,0.564019,2.058876
4333,144.433333,1,540.489521,377.520694,436.879263,372.000461,488.684392,374.760577,2.699407,2.557928,-1.577821,1.676899,0.560793,2.117414
4334,144.466667,1,540.677938,377.55052,437.150183,372.039953,488.914061,374.795237,2.70605,2.653172,-1.578477,1.795186,0.563786,2.224179
4335,144.5,1,540.946836,377.440281,437.210522,372.023925,489.078679,374.732103,2.711004,2.694714,-1.585974,1.734783,0.562515,2.214749
4336,144.533333,1,541.173258,377.320354,437.183838,372.023506,489.178548,374.67193,2.711672,2.614329,-1.592593,1.787857,0.559539,2.201093
4337,144.566667,1,541.202803,377.21534,437.359657,372.050682,489.28123,374.633011,2.704196,2.625718,-1.592295,1.782388,0.555951,2.204053
4338,144.6,1,541.318617,377.28173,437.163744,372.053343,489.24118,374.667537,2.702737,2.561669,-1.594281,1.771049,0.554228,2.166359
4339,144.633333,1,541.397324,377.297888,437.176981,372.199652,489.287152,374.74877,2.703325,2.475136,-1.593693,1.740797,0.554816,2.107967
4340,144.666667,1,541.390362,377.237774,437.280226,372.308056,489.335294,374.772915,2.695217,2.462381,-1.593453,1.795264,0.550882,2.128823
4341,144.7,1,541.505613,377.306525,437.704582,372.118789,489.605098,374.712657,2.700027,2.617184,-1.593993,1.80524,0.553017,2.211212
4342,144.733333,1,542.143621,377.505512,437.782192,372.314687,489.962907,374.9101,2.689524,2.406856,-1.588397,1.878737,0.550563,2.142796
4343,144.766667,1,544.846115,377.475622,440.954027,372.18093,492.900071,374.828276,2.828937,2.907013,-1.6084,2.015533,0.610268,2.461273
4344,144.8,1,546.613693,377.683214,443.754797,372.789534,495.184245,375.236374,2.856558,2.934376,-1.581947,2.162707,0.637305,2.548541
4345,144.833333,1,548.753624,377.624677,444.544983,372.655392,496.649303,375.140035,2.879982,3.380814,-1.61879,2.17124,0.630596,2.776027
4346,144.866667,1,550.825911,377.886515,446.463041,371.791162,498.644476,374.838839,2.876706,3.784721,-1.598581,1.975851,0.639063,2.880286
4347,144.9,1,553.456182,378.404728,448.553667,372.198375,501.004925,375.301552,2.881071,2.802264,-1.577757,2.067513,0.651657,2.434889
4348,144.933333,1,557.837563,378.439511,454.504509,372.169923,506.171036,375.304717,2.779767,2.652723,-1.662727,1.986117,0.55852,2.31942
4349,144.966667,1,568.183784,379.174093,464.174194,373.545477,516.178989,376.359785,2.886642,2.979765,-1.634568,2.420481,0.626037,2.700123
4350,145.0,1,579.064865,380.815787,474.821844,374.900208,526.943355,377.857997,2.899712,3.207464,-1.581591,2.033703,0.659061,2.620584
4351,145.033333,1,586.06576,381.448209,484.157572,376.267254,535.111666,378.857732,2.861276,3.297166,-1.669298,1.981132,0.595989,2.639149
4352,145.066667,1,592.657108,381.760858,492.300196,378.14464,542.478652,379.952749,2.789383,2.484539,-1.553298,1.538829,0.618042,2.011684
4353,145.1,1,597.934799,381.990809,499.160376,378.491288,548.547587,380.241049,2.687341,2.651127,-1.655526,1.565525,0.515907,2.108326
4354,145.133333,1,603.024511,382.929143,504.003744,379.299867,553.514128,381.114505,2.728643,2.5819,-1.739423,1.322471,0.49461,1.952185
4355,145.166667,1,604.809847,382.962756,507.212887,379.466625,556.011367,381.214691,2.713333,2.693254,-1.802544,1.309483,0.455395,2.001368
4356,145.2,1,606.30331,383.38279,508.840113,379.857692,557.571712,381.620241,2.628477,2.58356,-1.873763,1.050433,0.377357,1.816996
4357,145.233333,1,606.599598,383.133602,509.137745,379.994152,557.868671,381.563877,2.635064,2.501522,-1.870731,0.973887,0.382166,1.737704
4358,145.266667,1,605.788012,383.024694,508.642864,379.799209,557.215438,381.411951,2.618926,2.54465,-1.835386,1.076794,0.39177,1.810722
4359,145.3,1,605.451946,383.469737,507.619524,379.747131,556.535735,381.608434,2.689452,2.535134,-1.86712,1.19567,0.411166,1.865402
4360,145.333333,1,604.628487,383.253711,506.49539,379.682243,555.561938,381.467977,2.706878,2.617974,-1.830309,1.320079,0.438284,1.969026
4361,145.366667,1,604.066696,383.144524,505.285072,379.404387,554.675884,381.274456,2.704546,2.785911,-1.812993,1.423572,0.445776,2.104742
4362,145.4,1,603.868656,383.158214,504.613361,379.449052,554.241009,381.303633,2.707726,2.849053,-1.800281,1.411193,0.453722,2.130123
4363,145.433333,1,603.238401,383.087543,504.007082,379.187311,553.622742,381.137427,2.705142,2.75595,-1.790498,1.44625,0.457322,2.1011
4364,145.466667,1,602.721319,382.822123,503.339977,379.289975,553.030648,381.056049,2.675437,2.813813,-1.788905,1.486227,0.443266,2.15002
4365,145.5,1,602.106409,382.67415,503.020754,379.453397,552.563581,381.063774,2.672457,2.719647,-1.758295,1.507831,0.457081,2.113739
4366,145.533333,1,601.748114,382.444886,502.542667,379.37705,552.145391,380.910968,2.658745,2.739577,-1.753297,1.568608,0.452724,2.154093
4367,145.566667,1,601.062355,382.419266,502.262468,379.297796,551.662412,380.858531,2.65497,2.628548,-1.733243,1.496316,0.460864,2.062432
4368,145.6,1,600.351448,382.224044,501.333675,379.231685,550.842562,380.727865,2.656188,2.58732,-1.712809,1.458477,0.471689,2.022898
4369,145.633333,1,599.658184,382.523421,500.444469,379.288151,550.051327,380.905786,2.667859,2.597062,-1.686303,1.349722,0.490778,1.973392
4370,145.666667,1,597.137232,384.563423,498.952045,379.778588,548.044639,382.171006,2.652139,2.803451,-1.772207,1.727567,0.439966,2.265509
4371,145.7,1,585.61409,390.055407,491.7202,385.644858,538.667145,387.850133,2.400484,31.679491,-1.857356,18.921369,0.271564,25.30043
4372,145.733333,1,582.690983,390.229923,488.325262,385.530124,535.508122,387.880023,2.413288,23.120852,-1.800555,26.61294,0.306366,24.866896
4373,145.766667,1,582.125978,386.910657,482.489977,382.271937,532.307978,384.591297,2.533693,9.297681,-1.915824,23.252442,0.308934,16.275061
4374,145.8,1,576.512623,383.478438,474.559984,380.156425,525.536304,381.817431,2.615982,3.95128,-1.887512,4.232651,0.364235,4.091966
4375,145.833333,1,572.437983,382.831371,470.540752,378.601753,521.489367,380.716562,2.573685,3.48967,-1.801561,2.151076,0.386062,2.820373
4376,145.866667,1,569.632835,382.865188,467.942991,379.03494,518.787913,380.950064,2.605467,2.925963,-1.706898,1.645854,0.449284,2.285909
4377,145.9,1,567.19471,382.641213,464.398088,378.870499,515.796399,380.755856,2.69229,2.805111,-1.691608,1.825132,0.500341,2.315122
4378,145.933333,1,565.022993,382.583374,461.535311,377.868147,513.279152,380.22576,2.759585,2.768519,-1.677001,1.749733,0.541292,2.259126
4379,145.966667,1,564.370079,382.544804,459.323463,378.012868,511.846771,380.278836,2.799938,2.732897,-1.685236,1.989798,0.557351,2.361347
4380,146.0,1,563.446274,382.521576,458.249559,377.575668,510.847917,380.048622,2.757844,2.729932,-1.725168,1.960286,0.516338,2.345109
4381,146.033333,1,562.226067,382.549825,457.382708,377.728318,509.804387,380.139071,2.75756,2.415949,-1.736081,1.945133,0.51074,2.180541
4382,146.066667,1,561.337748,382.348412,456.86739,378.116122,509.102569,380.232267,2.779395,2.326799,-1.717587,2.035662,0.530904,2.181231
4383,146.1,1,560.929689,382.408515,456.285172,377.927563,508.60743,380.168039,2.77263,2.324412,-1.714663,1.900563,0.528983,2.112488
4384,146.133333,1,560.668144,382.293845,456.328268,377.834458,508.498206,380.064152,2.768384,2.348254,-1.712233,1.912861,0.528076,2.130557
4385,146.166667,1,560.622654,382.222649,456.204844,378.002032,508.413749,380.11234,2.771732,2.309106,-1.721278,1.973775,0.525227,2.141441
4386,146.2,1,560.692129,382.553365,456.142941,378.177384,508.417535,380.365375,2.775532,2.313712,-1.738729,1.958227,0.518402,2.135969
4387,146.233333,1,560.769358,382.725499,456.171818,378.050387,508.470588,380.387943,2.780229,2.301626,-1.742233,1.959051,0.518998,2.130339
4388,146.266667,1,560.778112,382.910432,456.136608,378.316194,508.45736,380.613313,2.788996,2.343963,-1.744437,2.043317,0.522279,2.19364
4389,146.3,1,560.663204,383.047031,456.020842,378.56021,508.342023,380.803621,2.792552,2.375574,-1.751814,2.079213,0.520369,2.227393
4390,146.333333,1,560.607338,383.541502,455.82881,378.927823,508.218074,381.234663,2.790496,2.423209,-1.763261,2.095921,0.513617,2.259565
4391,146.366667,1,560.607481,383.926259,456.016512,379.078403,508.311996,381.502331,2.793391,2.592572,-1.74759,2.071356,0.5229,2.331964
4392,146.4,1,560.523062,384.532996,455.826902,379.465027,508.174982,381.999012,2.809432,2.57428,-1.745361,2.156925,0.532035,2.365603
4393,146.433333,1,560.488424,385.2891,455.872431,380.055038,508.180428,382.672069,2.791968,2.595339,-1.738241,2.220591,0.526864,2.407965
4394,146.466667,1,560.33206,385.711859,455.845318,380.530529,508.088689,383.121194,2.817945,2.759559,-1.743927,2.279003,0.537009,2.519281
4395,146.5,1,560.51301,386.528077,456.158304,380.909257,508.335657,383.718667,2.791035,3.020598,-1.747381,2.282961,0.521827,2.651779
4396,146.533333,1,560.386505,387.284417,456.021786,381.850187,508.204145,384.567302,2.79772,2.769887,-1.746609,2.230866,0.525555,2.500377
4397,146.566667,1,560.443869,388.344297,455.99062,382.760732,508.217244,385.552515,2.787638,2.900774,-1.746536,2.278307,0.520551,2.589541
4398,146.6,1,560.791187,390.965985,456.536179,384.533587,508.663683,387.749786,2.827607,4.014798,-1.769692,3.621295,0.528957,3.818046
4399,146.633333,1,555.951319,396.223072,455.726643,388.721212,505.838981,392.472142,2.668633,18.814911,-1.71369,43.253084,0.477471,31.033998
4400,146.666667,1,557.30938,402.203422,457.787113,395.749512,507.548246,398.976467,2.581133,47.813807,-1.627461,54.303154,0.476836,51.058481
4401,146.7,1,558.594131,406.339495,457.950258,398.64309,508.272195,402.491292,2.624554,41.925839,-1.646763,54.073896,0.488896,47.999868
4402,146.733333,1,558.741255,409.861804,457.695551,401.639364,508.218403,405.750584,2.570568,37.888758,-1.662108,60.599562,0.45423,49.24416
4403,146.766667,1,559.213715,413.35815,456.696911,405.464441,507.955313,409.411295,2.544165,31.90186,-1.697028,41.469952,0.423568,36.685906
4404,146.8,1,559.106293,418.784055,455.853157,410.594251,507.479725,414.689153,2.526158,31.558494,-1.688543,34.932396,0.418808,33.245445
4405,146.833333,1,559.474802,424.991802,456.894112,415.6472,508.184457,420.319501,2.554838,27.208364,-1.686583,38.263191,0.434127,32.735777
4406,146.866667,1,563.237123,424.827608,456.684456,421.615244,509.96079,423.221426,2.718972,21.927794,-1.708058,18.882052,0.505457,20.404923
4407,146.9,1,566.716022,425.272715,456.068716,431.273192,511.392369,428.272954,2.886032,22.913824,-1.666947,6.22276,0.609543,14.568292
4408,146.933333,1,568.309383,435.257581,456.047945,436.667168,512.178664,435.962375,2.94863,16.538904,-1.681518,3.617753,0.633556,10.078329
4409,146.966667,1,568.898125,445.673554,458.27116,444.446937,513.584642,445.060245,2.97634,13.384395,-1.565853,3.747642,0.705244,8.566018
4410,147.0,1,567.517157,453.740373,457.016878,450.2451,512.267017,451.992736,2.947663,14.215171,-1.597564,6.750087,0.675049,10.482629
4411,147.033333,1,561.805058,458.910159,458.261471,446.621919,510.033264,452.766039,2.815064,12.249312,-1.649648,21.808451,0.582708,17.028881
4412,147.066667,1,566.026974,450.018582,458.463402,436.611775,512.245188,443.315179,2.784363,5.670826,-1.654249,4.927664,0.565057,5.299245
4413,147.1,1,569.499121,443.620312,460.697136,430.902286,515.098128,437.261299,2.666102,4.085571,-1.662035,2.994196,0.502033,3.539883
4414,147.133333,1,569.834452,439.400307,460.06711,426.037166,514.950781,432.718737,2.652651,3.54071,-1.65724,2.498339,0.497706,3.019525
4415,147.166667,1,564.996872,438.923646,461.002083,423.086618,512.999477,431.005132,2.690047,5.665081,-1.638143,16.931193,0.525952,11.298137
4416,147.2,1,566.41346,442.369834,461.458559,426.817732,513.936009,434.593783,2.586352,23.93376,-1.638552,24.122262,0.4739,24.028011
4417,147.233333,1,566.843882,434.435849,463.397102,418.509718,515.120492,426.472784,2.587329,24.241269,-1.589631,25.670952,0.498849,24.956111
4418,147.266667,1,569.108887,423.642393,462.628918,407.505333,515.868902,415.573863,2.739294,5.975765,-1.687166,3.370161,0.526064,4.672963
4419,147.3,1,569.377584,417.362591,463.088646,401.529404,516.233115,409.445997,2.705066,3.51082,-1.679499,1.948526,0.512783,2.729673
4420,147.333333,1,569.919453,413.795339,463.232927,397.398598,516.57619,405.596969,2.643972,2.788416,-1.688716,1.453198,0.477628,2.120807
4421,147.366667,1,570.770187,412.081697,463.844671,395.775014,517.307429,403.928356,2.659793,2.677879,-1.664071,1.311385,0.497861,1.994632
4422,147.4,1,572.268524,409.963084,464.693117,393.602446,518.480821,401.782765,2.735107,2.5067,-1.618041,1.454908,0.558533,1.980804
4423,147.433333,1,573.486538,409.150976,466.341476,392.397126,519.914007,400.774051,2.69694,2.478998,-1.639366,1.402373,0.528787,1.940685
4424,147.466667,1,574.793587,407.987412,467.433596,391.579106,521.113591,399.783259,2.728607,2.266034,-1.615554,1.447987,0.556527,1.85701
4425,147.5,1,575.439329,406.949204,467.770948,390.402174,521.605139,398.675689,2.720309,2.228967,-1.647282,1.442145,0.536514,1.835556
4426,147.533333,1,576.959,406.542495,468.995943,389.773228,522.977471,398.157862,2.725792,2.254842,-1.645265,1.435492,0.540263,1.845167
4427,147.566667,1,577.748404,406.57686,469.83922,389.224277,523.793812,397.900568,2.747354,2.360645,-1.65865,1.401287,0.544352,1.880966
4428,147.6,1,578.308868,406.987882,470.25754,389.413469,524.283204,398.200675,2.777373,2.377907,-1.650807,1.39253,0.563283,1.885219
4429,147.633333,1,578.654299,407.58006,470.366354,389.374834,524.510326,398.477447,2.783332,2.356345,-1.677567,1.350126,0.552882,1.853235
4430,147.666667,1,578.739815,407.394526,470.534487,388.852887,524.637151,398.123707,2.766233,2.340769,-1.679381,1.357999,0.543426,1.849384
4431,147.7,1,578.639917,406.671746,470.677185,388.216109,524.658551,397.443928,2.760552,2.430809,-1.67227,1.295521,0.544141,1.863165
4432,147.733333,1,578.531475,405.767595,470.525198,387.670966,524.528337,396.71928,2.759952,2.318484,-1.675922,1.255103,0.542015,1.786793
4433,147.766667,1,578.520384,404.759814,470.209246,386.886978,524.364815,395.823396,2.781545,2.309215,-1.678777,1.325427,0.551384,1.817321
4434,147.8,1,578.475904,404.139762,469.792852,386.655815,524.134378,395.397788,2.779946,2.18535,-1.693022,1.19165,0.543462,1.6885
4435,147.833333,1,578.091459,403.992434,469.835825,386.398462,523.963642,395.195448,2.798603,2.331458,-1.702313,1.183865,0.548145,1.757661
4436,147.866667,1,574.006882,409.976614,469.294786,391.326925,521.650834,400.651769,2.620046,12.00919,-1.620853,34.784234,0.499596,23.396712
4437,147.9,1,572.495136,412.153816,471.422586,396.621037,521.958861,404.387426,2.530815,33.088325,-1.535059,32.62341,0.497878,32.855868
4438,147.933333,1,572.874174,412.412027,471.539574,396.124302,522.206874,404.268165,2.51868,31.805918,-1.540438,35.072055,0.489121,33.438987
4439,147.966667,1,574.987755,407.159768,467.271385,389.224834,521.12957,398.192301,2.787738,9.905196,-1.753133,6.704561,0.517302,8.304879
4440,148.0,1,576.568079,403.958584,467.211437,387.092178,521.889758,395.525381,2.8724,2.942479,-1.728962,2.311667,0.571719,2.627073
4441,148.033333,1,576.137295,402.246079,467.324638,386.351577,521.730967,394.298828,2.833811,2.527307,-1.711017,1.714894,0.561397,2.1211
4442,148.066667,1,575.667429,401.474494,466.968746,385.089523,521.318088,393.282008,2.814979,2.374524,-1.698435,1.559949,0.558272,1.967236
4443,148.1,1,574.702253,400.403316,466.579762,384.311832,520.641007,392.357574,2.812658,2.340745,-1.710056,1.311911,0.551301,1.826328
4444,148.133333,1,574.05467,399.613717,465.94305,383.603879,519.99886,391.608798,2.791817,2.240907,-1.700215,1.180515,0.545801,1.710711
4445,148.166667,1,573.410978,398.476846,464.970417,383.232275,519.190698,390.854561,2.756687,2.085786,-1.71164,1.271343,0.522524,1.678564
4446,148.2,1,572.617149,396.714646,464.476395,381.523826,518.546772,389.119236,2.731863,2.026435,-1.709882,1.228001,0.510991,1.627218
4447,148.233333,1,572.149134,395.434749,464.256105,380.062677,518.20262,387.748713,2.751403,2.243122,-1.706044,1.393967,0.52268,1.818545
4448,148.266667,1,571.307631,394.046792,463.515673,378.67679,517.411652,386.361791,2.761603,2.199841,-1.722795,1.161125,0.519404,1.680483
4449,148.3,1,570.167332,391.67367,463.319931,376.664296,516.743631,384.168983,2.80048,2.244535,-1.709082,1.168906,0.545699,1.70672
4450,148.333333,1,568.822565,389.487906,461.788101,375.017055,515.305333,382.25248,2.735202,2.179767,-1.680898,1.230392,0.527152,1.705079
4451,148.366667,1,561.545992,386.39019,456.723261,372.938086,509.134626,379.664138,2.698824,1.801174,-1.614579,1.231129,0.542123,1.516152
4452,148.4,1,553.534012,383.391019,449.383526,369.058957,501.458769,376.224988,2.75281,1.912661,-1.685929,1.143398,0.53344,1.528029
4453,148.433333,1,544.593153,381.229695,442.009487,367.941919,493.30132,374.585807,2.703354,1.915486,-1.761792,1.135212,0.470781,1.525349
4454,148.466667,1,537.409725,378.222038,436.549883,366.946964,486.979804,372.584501,2.681697,1.669313,-1.672311,1.178726,0.504693,1.42402
4455,148.5,1,531.189775,375.960313,430.917902,364.111451,481.053839,370.035882,2.820714,1.365921,-1.677778,1.039011,0.571468,1.202466
4456,148.533333,1,527.032251,373.644011,427.797842,362.750632,477.415047,368.197322,2.910135,1.391681,-1.640588,1.037915,0.634773,1.214798
4457,148.566667,1,522.047586,371.449277,425.091381,361.52475,473.569484,366.487014,3.024132,1.361457,-1.607614,0.727225,0.708259,1.044341
4458,148.6,1,520.087032,370.00214,423.755255,361.406218,471.921144,365.704179,2.9695,1.054847,-1.552379,0.958347,0.70856,1.006597
4459,148.633333,1,519.340706,369.558519,423.262186,361.014572,471.301446,365.286545,2.948236,1.052848,-1.597494,1.048923,0.675371,1.050885
4460,148.666667,1,518.876963,369.523612,423.044558,360.716236,470.96076,365.119924,2.923084,0.978717,-1.583818,1.092606,0.669633,1.035661
4461,148.7,1,518.953362,369.446858,423.083134,360.661701,471.018248,365.05428,2.93212,0.939018,-1.602172,1.084701,0.664974,1.011859
4462,148.733333,1,519.332161,369.786356,422.965126,361.077706,471.148643,365.432031,2.919238,0.940602,-1.618918,1.033536,0.65016,0.987069
4463,148.766667,1,517.263088,370.616784,422.852812,361.31851,470.05795,365.967647,2.896703,1.110051,-1.637872,0.951025,0.629415,1.030538
4464,148.8,1,517.761555,371.360872,422.803965,361.811746,470.28276,366.586309,2.885575,1.159854,-1.656749,0.9625,0.614413,1.061177
4465,148.833333,1,518.471384,371.999077,422.828236,362.237177,470.64981,367.118127,2.89209,1.155298,-1.637927,1.133868,0.627082,1.144583
4466,148.866667,1,518.705721,372.595428,422.60025,362.570259,470.652986,367.582844,2.867617,1.161794,-1.654571,1.112647,0.606523,1.13722
4467,148.9,1,518.714542,373.154165,422.512798,362.693818,470.61367,367.923991,2.852406,1.237326,-1.659073,1.039559,0.596666,1.138442
4468,148.933333,1,518.50421,373.370039,421.923504,363.212675,470.213857,368.291357,2.864993,1.220724,-1.6678,0.945594,0.598597,1.083159
4469,148.966667,1,518.173361,373.566334,421.8501,363.120171,470.01173,368.343253,2.877957,1.179095,-1.659994,1.034836,0.608982,1.106965
4470,149.0,1,517.915354,373.533075,421.462507,363.574977,469.688931,368.554026,2.879563,1.157204,-1.667119,1.039808,0.606222,1.098506
4471,149.033333,1,517.765141,373.888135,421.101351,363.574124,469.433246,368.731129,2.903396,1.204246,-1.659583,1.041809,0.621906,1.123028
4472,149.066667,1,517.244425,373.456407,420.557852,363.817449,468.901138,368.636928,2.871279,1.212289,-1.688693,0.967768,0.591293,1.090029
4473,149.1,1,516.813269,373.275529,420.217676,363.71546,468.515472,368.495495,2.850695,1.235392,-1.683824,1.005361,0.583436,1.120377
4474,149.133333,1,516.148472,372.419497,419.945297,363.638009,468.046885,368.028753,2.868618,1.215997,-1.659324,1.063014,0.604647,1.139506
4475,149.166667,1,515.900116,372.203043,419.761534,363.191432,467.830825,367.697237,2.875498,1.197792,-1.64873,1.057744,0.613384,1.127768
4476,149.2,1,515.60133,372.209641,419.676676,363.214048,467.639003,367.711844,2.866496,1.169824,-1.654185,1.021403,0.606156,1.095614
4477,149.233333,1,515.880995,372.369511,419.733191,363.224788,467.807093,367.797149,2.856471,1.204469,-1.663854,1.077494,0.596308,1.140981
4478,149.266667,1,516.110287,372.406268,419.87174,363.142873,467.991014,367.774571,2.830414,1.246597,-1.695444,1.099385,0.567485,1.172991
4479,149.3,1,517.34066,374.676833,420.240374,365.525436,468.790517,370.101135,2.93175,1.612014,-1.645191,1.365191,0.643279,1.488603
4480,149.333333,1,525.773687,381.063559,426.333113,370.842251,476.0534,375.952905,3.073669,8.15712,-1.477362,28.441988,0.798154,18.299554
4481,149.366667,1,527.885294,379.031893,428.650751,369.113438,478.268023,374.072666,3.029104,2.642765,-1.539237,4.472732,0.744933,3.557748
4482,149.4,1,531.186953,376.826098,432.992182,366.437715,482.089567,371.631906,2.941675,1.652896,-1.479758,1.655018,0.730958,1.653957
4483,149.433333,1,534.904041,375.35069,435.193291,365.863014,485.048666,370.606852,2.913748,1.430447,-1.467413,1.55941,0.723167,1.494929
4484,149.466667,1,537.324524,376.050307,436.714134,366.036354,487.019329,371.04333,2.881123,1.475485,-1.464074,1.435655,0.708524,1.45557
4485,149.5,1,541.310854,376.046283,438.216791,366.112416,489.763823,371.07935,2.920059,1.50058,-1.532872,1.30186,0.693594,1.40122
4486,149.533333,1,544.714174,376.811196,440.384636,365.890555,492.549405,371.350875,2.865271,1.672092,-1.545566,1.202428,0.659853,1.43726
4487,149.566667,1,548.045626,377.296708,444.385824,367.550005,496.215725,372.423356,2.865279,1.897312,-1.580039,1.119923,0.64262,1.508617
4488,149.6,1,552.750921,376.916327,447.922583,368.047437,500.336752,372.481882,2.839569,1.92878,-1.651144,1.344465,0.594212,1.636623
4489,149.633333,1,556.527033,377.446021,450.660219,368.135912,503.593626,372.790967,2.776095,1.69092,-1.693787,1.317723,0.541154,1.504322
4490,149.666667,1,559.206448,378.375707,453.545494,368.656749,506.375971,373.516228,2.73046,1.655009,-1.64978,1.278563,0.54034,1.466786
4491,149.7,1,560.957613,378.620957,454.902658,368.872651,507.930136,373.746804,2.686958,1.836319,-1.655634,1.351845,0.515662,1.594082
4492,149.733333,1,561.984987,378.628929,456.165371,369.33082,509.075179,373.979875,2.70432,1.752459,-1.645969,1.433924,0.529175,1.593191
4493,149.766667,1,562.16692,378.40843,457.424774,369.376863,509.795847,373.892646,2.679675,1.86459,-1.664243,1.364811,0.507716,1.6147
4494,149.8,1,562.238798,378.411852,457.401123,369.371869,509.819961,373.891861,2.678686,1.860445,-1.673832,1.40744,0.502427,1.633942
4495,149.833333,1,562.300577,378.317996,457.52533,369.608322,509.912953,373.963159,2.713988,1.849558,-1.698812,1.434784,0.507588,1.642171
4496,149.866667,1,562.667894,379.146756,459.092388,370.802318,510.880141,374.974537,2.790616,2.065044,-1.686435,1.484257,0.55209,1.77465
4497,149.9,1,562.300377,379.136724,458.927565,371.960099,510.613971,375.548412,2.772361,2.298359,-1.703961,1.604518,0.5342,1.951439
4498,149.933333,1,562.540941,378.768296,458.637381,372.549251,510.589161,375.658774,2.789779,2.373603,-1.712445,1.67879,0.538667,2.026196
4499,149.966667,1,562.165051,378.589822,458.156071,372.545475,510.160561,375.567648,2.781165,2.53253,-1.711828,1.694747,0.534669,2.113639
4500,150.0,1,561.66091,378.617438,457.898483,372.603657,509.779696,375.610548,2.771329,2.608982,-1.700927,1.658806,0.535201,2.133894
4501,150.033333,1,560.732155,378.330281,457.334538,372.812172,509.033346,375.571226,2.779966,2.401745,-1.701485,1.766794,0.539241,2.08427
4502,150.066667,1,560.049143,378.332255,456.57321,372.751318,508.311176,375.541787,2.79045,2.344773,-1.691709,1.747496,0.54937,2.046134
4503,150.1,1,559.237404,378.35,455.969267,372.648128,507.603335,375.499064,2.790738,2.407361,-1.671125,1.684516,0.559806,2.045939
4504,150.133333,1,558.767118,378.448309,455.687847,372.534789,507.227483,375.491549,2.772298,2.375104,-1.648841,1.724043,0.561728,2.049573
4505,150.166667,1,558.438358,378.543044,455.414553,372.57794,506.926455,375.560492,2.774739,2.415086,-1.64906,1.696454,0.56284,2.05577
4506,150.2,1,558.413973,378.154736,455.244904,372.676699,506.829438,375.415717,2.778452,2.449084,-1.65551,1.783723,0.561471,2.116403
4507,150.233333,1,558.482122,378.083292,455.266933,372.638676,506.874528,375.360984,2.773704,2.452861,-1.679756,1.796832,0.546974,2.124846
4508,150.266667,1,558.593321,377.420443,455.669804,372.273456,507.131562,374.84695,2.789622,2.501406,-1.695014,1.956527,0.547304,2.228966
4509,150.3,1,559.732294,375.135759,455.56694,370.401371,507.649617,372.768565,2.769091,2.580501,-1.759205,2.009916,0.504943,2.295208
4510,150.333333,1,560.384254,374.80383,455.171947,370.479417,507.778101,372.641624,2.783588,2.508445,-1.787168,1.898422,0.49821,2.203433
4511,150.366667,1,560.642977,374.973453,455.050392,370.080294,507.846684,372.526874,2.78263,2.551456,-1.772568,1.771881,0.505031,2.161669
4512,150.4,1,560.279722,374.55858,454.814453,370.255373,507.547088,372.406976,2.779893,2.341318,-1.766661,1.902138,0.506616,2.121728
4513,150.433333,1,560.018139,374.284115,454.452219,369.84603,507.235179,372.065072,2.766883,2.421633,-1.778815,1.869313,0.494034,2.145473
4514,150.466667,1,559.153824,373.771952,453.477411,370.084033,506.315618,371.927993,2.777223,2.337331,-1.765317,1.92161,0.505953,2.12947
4515,150.5,1,558.385782,373.302898,452.777243,370.162321,505.581512,371.73261,2.781518,2.308592,-1.767611,1.875828,0.506953,2.09221
4516,150.533333,1,557.442789,372.926252,451.573076,369.841561,504.507933,371.383907,2.790725,2.432642,-1.774069,1.838178,0.508328,2.13541
4517,150.566667,1,556.482162,372.396998,450.976524,369.500025,503.729343,370.948512,2.793675,2.347136,-1.758036,1.835879,0.51782,2.091507
4518,150.6,1,556.039057,371.945454,450.559111,369.194012,503.299084,370.569733,2.823244,2.369184,-1.752981,1.876238,0.535132,2.122711
4519,150.633333,1,555.247126,371.328578,450.159512,368.942785,502.703319,370.135682,2.823543,2.27668,-1.734121,1.873347,0.544711,2.075013
4520,150.666667,1,555.488424,371.326057,449.706221,368.770984,502.597322,370.048521,2.836092,2.402839,-1.745929,1.77786,0.545081,2.09035
4521,150.7,1,555.09059,370.961469,449.526463,368.732752,502.308526,369.847111,2.820489,2.179153,-1.744003,1.802922,0.538243,1.991037
4522,150.733333,1,555.624151,370.95692,449.779778,368.570382,502.701964,369.763651,2.822757,2.279295,-1.744737,1.798572,0.53901,2.038933
4523,150.766667,1,555.645161,370.727999,449.963465,368.568832,502.804313,369.648415,2.823239,2.163547,-1.745683,1.835888,0.538778,1.999717
4524,150.8,1,556.298199,370.890852,450.266504,368.430242,503.282351,369.660547,2.827003,2.243294,-1.753479,1.865385,0.536762,2.05434
4525,150.833333,1,556.498356,370.876862,450.742693,368.24613,503.620524,369.561496,2.81457,2.349823,-1.738204,1.80802,0.538183,2.078922
4526,150.866667,1,556.637669,370.960826,450.876789,368.310524,503.757229,369.635675,2.814097,2.339275,-1.742663,1.809437,0.535717,2.074356
4527,150.9,1,556.815434,370.909971,451.191034,368.32489,504.003234,369.617431,2.81517,2.287137,-1.744761,1.884836,0.535205,2.085986
4528,150.933333,1,556.842146,371.265428,451.306648,368.573445,504.074397,369.919437,2.800658,2.270752,-1.751175,1.847882,0.524741,2.059317
4529,150.966667,1,557.350521,371.557295,451.185093,368.474075,504.267807,370.015685,2.832355,2.413085,-1.752167,1.757915,0.540094,2.0855
4530,151.0,1,556.96126,371.430137,451.30578,368.553339,504.13352,369.991738,2.804744,2.323872,-1.735152,1.836498,0.534796,2.080185
4531,151.033333,1,557.373495,371.577895,451.283693,368.629085,504.328594,370.10349,2.817879,2.441222,-1.747209,1.849507,0.535335,2.145365
4532,151.066667,1,556.98513,372.06728,451.613655,369.048121,504.299393,370.5577,2.820351,2.401198,-1.732714,1.885372,0.543819,2.143285
4533,151.1,1,556.984167,372.90723,451.689301,369.141762,504.336734,371.024496,2.825825,2.595917,-1.709778,1.90191,0.558023,2.248914
4534,151.133333,1,555.751209,373.715444,451.759109,369.696572,503.755159,371.706008,2.812776,2.658014,-1.73017,2.17268,0.541303,2.415347
4535,151.166667,1,552.216883,381.831626,455.595236,377.443789,503.906059,379.637707,2.6973,17.297345,-1.640472,31.456112,0.528414,24.376728
4536,151.2,1,552.573376,382.1501,456.415825,378.969419,504.4946,380.55976,2.589959,38.627015,-1.589157,27.48376,0.500401,33.055387
4537,151.233333,1,555.121088,378.094064,452.150116,374.197619,503.635602,376.145841,2.808645,10.393944,-1.783225,16.815708,0.51271,13.604826
4538,151.266667,1,555.612707,374.773264,450.709972,371.313375,503.16134,373.04332,2.805335,3.511487,-1.868707,2.329149,0.468314,2.920318
4539,151.3,1,556.264601,374.525203,450.6775,370.503745,503.47105,372.514474,2.811285,3.040983,-1.735588,1.881947,0.537848,2.461465
4540,151.333333,1,555.677118,374.232402,450.262651,370.683775,502.969885,372.458088,2.79108,3.010038,-1.775637,1.97738,0.507722,2.493709
4541,151.366667,1,555.946569,373.820146,449.960222,370.318383,502.953396,372.069265,2.809144,2.883297,-1.761768,1.98716,0.523688,2.435229
4542,151.4,1,555.68841,373.86745,449.801865,370.616988,502.745137,372.242219,2.787628,2.905712,-1.757923,2.046282,0.514853,2.475997
4543,151.433333,1,555.885382,373.68227,449.701815,370.539815,502.793598,372.111043,2.823195,2.966831,-1.758619,2.098097,0.532288,2.532464
4544,151.466667,1,556.05217,373.139241,449.447355,370.618318,502.749763,371.87878,2.791334,2.897928,-1.793492,2.165442,0.498921,2.531685
4545,151.5,1,556.267023,372.642925,449.384165,369.990655,502.825594,371.31679,2.809641,3.051358,-1.773598,2.154777,0.518021,2.603067
4546,151.533333,1,556.723728,371.714709,449.316645,369.449648,503.020186,370.582178,2.830859,3.027116,-1.823463,2.11087,0.503698,2.568993
4547,151.566667,1,557.036095,371.038041,449.574337,368.444093,503.305216,369.741067,2.835857,2.873134,-1.76648,2.029159,0.534689,2.451146
4548,151.6,1,557.146339,370.380803,449.835358,367.951693,503.490849,369.166248,2.817494,2.710052,-1.793081,2.04034,0.512206,2.375196
4549,151.633333,1,557.566347,369.747813,449.665394,367.027275,503.61587,368.387544,2.819473,2.793914,-1.789015,1.986219,0.515229,2.390067
4550,151.666667,1,557.681351,369.216285,450.113688,366.515139,503.897519,367.865712,2.82031,2.50026,-1.79101,1.888744,0.51465,2.194502
4551,151.7,1,558.165159,368.522891,450.536518,365.83595,504.350839,367.179421,2.815968,2.450504,-1.783042,2.015651,0.516463,2.233078
4552,151.733333,1,558.570032,367.897738,451.336355,365.43231,504.953194,366.665024,2.813121,2.361297,-1.798882,1.928133,0.50712,2.144715
4553,151.766667,1,558.65859,367.863035,451.563969,365.362165,505.111279,366.6126,2.818679,2.369216,-1.776444,1.904307,0.521118,2.136761
4554,151.8,1,558.458538,367.526531,451.457043,364.874405,504.95779,366.200468,2.80617,2.326102,-1.808019,1.912015,0.499076,2.119058
4555,151.833333,1,558.350658,366.90818,451.531754,364.192749,504.941206,365.550464,2.821163,2.504328,-1.853266,1.831206,0.483948,2.167767
4556,151.866667,1,558.044243,366.516942,451.230345,363.832211,504.637294,365.174577,2.817295,2.48391,-1.85946,1.823191,0.478917,2.15355
4557,151.9,1,557.744093,366.049052,451.289206,363.736253,504.516649,364.892652,2.811752,2.429919,-1.851128,1.821677,0.480312,2.125798
4558,151.933333,1,557.733793,365.510706,451.243877,364.198413,504.488835,364.85456,2.839572,2.442856,-1.837826,1.821172,0.500873,2.132014
4559,151.966667,1,557.580643,365.440609,451.31506,364.0117,504.447851,364.726154,2.832856,2.472014,-1.848178,1.76096,0.492339,2.116487
4560,152.0,1,557.611504,365.228253,451.546068,363.956714,504.578786,364.592484,2.847847,2.780714,-1.851504,1.706171,0.498172,2.243442
4561,152.033333,1,557.555866,365.226982,451.752062,363.698117,504.653964,364.462549,2.849134,2.863561,-1.863191,1.79705,0.492972,2.330305
4562,152.066667,1,557.094231,365.668961,451.861734,364.178147,504.477983,364.923554,2.869017,3.234046,-1.869504,1.974449,0.499757,2.604247
4563,152.1,1,557.195911,365.885523,451.564178,364.17356,504.380045,365.029542,2.889822,3.083139,-1.833702,1.882187,0.52806,2.482663
4564,152.133333,1,554.174051,369.449176,454.464369,368.490543,504.31921,368.969859,2.807646,5.804338,-1.81006,10.350018,0.498793,8.077178
4565,152.166667,1,555.857038,374.448845,458.695526,371.942182,507.276282,373.195513,2.750551,37.243808,-1.647511,97.389745,0.55152,67.316776
4566,152.2,1,556.74922,369.919603,456.005468,369.212615,506.377344,369.566109,2.865875,5.964889,-1.780976,33.081947,0.542449,19.523418
4567,152.233333,1,558.331699,366.425521,456.215267,367.375796,507.273483,366.900659,2.928198,5.708483,-1.930454,4.566216,0.498872,5.137349
4568,152.266667,1,558.534145,364.922208,456.386442,365.980527,507.460294,365.451367,2.91601,4.573255,-1.911433,4.117062,0.502288,4.345159
4569,152.3,1,558.816681,364.436647,456.053009,365.935814,507.434845,365.186231,2.984105,4.595729,-1.889978,3.86459,0.547064,4.23016
4570,152.333333,1,559.111814,364.607343,456.467237,365.547854,507.789526,365.077599,3.000359,6.855962,-1.947194,3.939558,0.526582,5.39776
4571,152.366667,1,559.311552,365.887234,457.217684,367.595941,508.264618,366.741588,3.058223,8.959794,-1.954161,6.390277,0.552031,7.675035
4572,152.4,1,555.164471,370.912299,456.292324,371.942911,505.728397,371.427605,2.936852,29.574562,-1.739247,71.663011,0.598803,50.618786
4573,152.433333,1,553.542614,368.271246,455.224438,370.629423,504.383526,369.450334,3.011823,18.979979,-1.777348,64.77888,0.617238,41.879429
4574,152.466667,1,552.107401,364.105872,455.629253,367.507696,503.868327,365.806784,2.958537,21.745555,-1.830642,26.040066,0.563948,23.892811
4575,152.5,1,550.860806,360.862727,457.34704,364.770695,504.103923,362.816711,3.020183,36.286493,-1.839941,11.685273,0.590121,23.985883
4576,152.533333,1,552.415571,358.918415,457.229156,365.447851,504.822364,362.183133,3.148754,16.260997,-1.798205,6.157947,0.675275,11.209472
4577,152.566667,1,550.29604,358.240047,455.394249,364.863961,502.845144,361.552004,3.145038,18.639629,-1.828337,5.779241,0.658351,12.209435
4578,152.6,1,550.745974,357.271952,459.009266,364.674447,504.87762,360.973199,3.10296,10.287636,-1.771025,5.300057,0.665967,7.793846
4579,152.633333,1,551.488733,356.567963,458.217335,364.226212,504.853034,360.397088,3.046518,10.569244,-1.83434,5.467058,0.606089,8.018151
4580,152.666667,1,552.175655,356.289631,457.699881,363.369455,504.937768,359.829543,3.050732,12.849349,-1.867238,5.800445,0.591747,9.324897
4581,152.7,1,553.281107,355.989438,456.818333,363.256341,505.04972,359.622889,3.068075,14.569702,-1.926157,5.555729,0.570959,10.062716
4582,152.733333,1,553.308496,355.970367,458.921795,362.882667,506.115146,359.426517,3.032508,17.441356,-1.906735,5.667997,0.562887,11.554676
4583,152.766667,1,550.568142,357.079777,458.474989,362.876084,504.521565,359.977931,2.90321,25.277996,-1.812613,10.654254,0.545299,17.966125
4584,152.8,1,553.707428,363.75417,456.912889,366.5284,505.310159,365.141285,2.957063,55.891992,-1.757719,30.221578,0.599672,43.056785
4585,152.833333,1,554.098129,363.971912,456.736708,366.38966,505.417418,365.180786,2.934093,31.182707,-1.773246,40.767509,0.580423,35.975108
4586,152.866667,1,553.958902,360.130296,457.993908,363.783706,505.976405,361.957001,2.925413,25.494135,-1.766192,30.321658,0.57961,27.907897
4587,152.9,1,553.625479,356.844354,463.285007,362.085916,508.455243,359.465135,2.934566,26.033001,-1.741574,12.291394,0.596496,19.162197
4588,152.933333,1,554.268351,354.728864,464.601173,361.257827,509.434762,357.993346,2.913757,16.648397,-1.810333,6.469021,0.551712,11.558709
4589,152.966667,1,554.59053,353.735449,464.664011,362.85468,509.627271,358.295065,2.89316,5.754947,-1.844598,7.607842,0.524281,6.681395
4590,153.0,1,555.217743,352.779804,461.244259,365.737191,508.231001,359.258498,2.868815,2.838399,-1.990544,6.215998,0.439135,4.527199
4591,153.033333,1,554.891834,351.722054,460.745153,367.80069,507.818494,359.761372,2.876427,1.954944,-2.072471,6.508445,0.401978,4.231695
4592,153.066667,1,554.659357,350.960795,461.081829,367.908649,507.870593,359.434722,2.863214,1.737322,-2.059141,6.545928,0.402036,4.141625
4593,153.1,1,554.662886,350.892506,462.429447,367.019625,508.546166,358.956065,2.863968,1.534051,-2.008272,6.139626,0.427848,3.836839
4594,153.133333,1,555.529108,351.573792,462.403135,366.703988,508.966122,359.13889,2.878463,2.455814,-2.017637,7.360568,0.430413,4.908191
4595,153.166667,1,555.534687,356.707181,468.347826,361.528666,511.941257,359.117923,2.881513,8.382269,-1.638238,39.06575,0.621638,23.72401
4596,153.2,1,558.499422,360.27144,460.941629,365.49089,509.720526,362.881165,2.932628,12.981021,-1.701288,55.152202,0.61567,34.066611
4597,153.233333,1,557.947464,360.791885,461.226435,366.286508,509.586949,363.539196,2.944072,9.963084,-1.681358,63.553655,0.631357,36.75837
4598,153.266667,1,557.977276,360.440006,458.851738,366.754006,508.414507,363.597006,2.924318,6.502329,-1.774288,70.738205,0.575015,38.620267
4599,153.3,1,558.083096,360.758438,458.619556,369.674009,508.351326,365.216223,2.931955,3.928348,-1.755515,55.421876,0.58822,29.675112
4600,153.333333,1,556.30619,355.204865,455.87945,371.982629,506.09282,363.593747,2.865312,3.473099,-1.945261,9.795304,0.460026,6.634202
4601,153.366667,1,559.755573,336.943994,457.10187,372.069125,508.428721,354.50656,2.97044,1.448312,-1.86723,6.403255,0.551605,3.925784
4602,153.4,1,560.292549,339.18336,453.780355,373.412257,507.036452,356.297809,2.954546,1.223509,-1.882596,5.931041,0.535975,3.577275
4603,153.433333,1,559.738941,340.362019,456.325254,374.296732,508.032098,357.329375,2.897305,0.30606,-1.819498,5.114528,0.538904,2.710294
4604,153.466667,1,560.328293,337.667579,457.314997,373.860776,508.821645,355.764178,2.908133,-0.547564,-1.7739,5.586873,0.567116,2.519654
4605,153.5,1,560.302219,337.91872,457.536087,374.072617,508.919153,355.995668,2.947039,-0.508558,-1.77841,5.835993,0.584315,2.663718
4606,153.533333,1,561.658564,336.964674,458.209553,374.469219,509.934058,355.716947,2.919352,-0.573203,-1.814157,5.568073,0.552598,2.497435
4607,153.566667,1,560.447092,336.448091,454.860849,374.057436,507.653971,355.252764,2.912357,-0.601634,-1.897707,5.994678,0.507325,2.696522
4608,153.6,1,560.731602,336.409532,450.186777,373.454636,505.459189,354.932084,2.951152,-0.211168,-1.986901,6.210273,0.482125,2.999552
4609,153.633333,1,559.103613,336.607854,453.068552,371.925573,506.086082,354.266714,2.929981,0.244411,-2.010576,6.905038,0.459703,3.574724
4610,153.666667,1,557.050915,354.611437,460.48604,365.055481,508.768477,359.833459,2.864796,4.730827,-1.867251,24.63592,0.498772,14.683374
4611,153.7,1,555.407057,352.362415,460.509424,356.089597,507.958241,354.226006,2.781061,8.526855,-1.826851,13.086422,0.477105,10.806639
4612,153.733333,1,557.457609,347.486159,461.602612,351.968329,509.53011,349.727244,2.835867,5.939322,-1.908489,3.939637,0.463689,4.939479
4613,153.766667,1,558.646631,343.961576,456.327038,348.238975,507.486835,346.100275,2.874156,4.220182,-2.127683,2.43631,0.373236,3.328246
4614,153.8,1,560.067234,343.040323,455.377235,346.958279,507.722235,344.999301,2.915935,3.711405,-2.047948,0.892872,0.433994,2.302138
4615,153.833333,1,560.436859,342.215179,455.913334,345.716647,508.175097,343.965913,2.856613,3.356393,-2.160918,1.416766,0.347848,2.38658
4616,153.866667,1,560.604563,341.556079,455.71413,345.202655,508.159347,343.379367,2.926485,4.079148,-2.043371,1.246125,0.441557,2.662637
4617,153.9,1,560.382795,341.251402,456.184015,344.768888,508.283405,343.010145,2.897559,3.919265,-2.080707,1.13727,0.408426,2.528267
4618,153.933333,1,560.557861,340.42482,455.720081,344.428725,508.138971,342.426773,2.913069,3.993498,-2.076512,1.242628,0.418279,2.618063
4619,153.966667,1,560.09387,340.099956,455.462675,343.803626,507.778273,341.951791,2.880551,3.802534,-2.106483,1.349295,0.387034,2.575914
4620,154.0,1,559.271116,339.896184,454.746199,343.778509,507.008657,341.837347,2.887659,4.083467,-2.060394,0.833803,0.413633,2.458635
4621,154.033333,1,556.710863,340.911056,454.428072,344.399613,505.569468,342.655334,2.884596,3.917472,-2.103297,1.798122,0.39065,2.857797
4622,154.066667,1,551.367559,352.194493,460.126839,352.107278,505.747199,352.150885,2.633439,6.757924,-1.709295,82.600797,0.462072,44.67936
4623,154.1,1,550.11445,350.713259,457.793465,354.598144,503.953958,352.655701,2.624373,6.978296,-1.754456,17.901202,0.434959,12.439749
4624,154.133333,1,552.250996,347.294612,458.666801,350.115856,505.458899,348.705234,2.707521,6.300442,-1.722357,3.85744,0.492582,5.078941
4625,154.166667,1,553.099327,342.25502,448.693018,347.962664,500.896173,345.108842,2.866493,4.939789,-2.085619,1.35984,0.390437,3.149815
4626,154.2,1,553.505716,339.820315,450.166845,345.425434,501.836281,342.622874,2.917627,2.98292,-2.092698,1.574744,0.412465,2.278832
4627,154.233333,1,553.489351,339.099412,449.240103,344.491907,501.364727,341.79566,2.92397,3.058231,-2.061249,0.989592,0.43136,2.023911
4628,154.266667,1,552.920675,338.711055,448.177195,344.674931,500.548935,341.692993,2.959081,3.067785,-2.096258,1.289952,0.431412,2.178869
4629,154.3,1,552.14695,338.165032,447.908869,344.123699,500.027909,341.144366,2.97455,2.898852,-2.073774,1.22066,0.450388,2.059756
4630,154.333333,1,551.980228,337.991188,447.025623,343.508524,499.502926,340.749856,2.955801,2.885304,-2.085553,0.981863,0.435124,1.933584
4631,154.366667,1,551.248407,337.207564,446.287346,343.08143,498.767877,340.144497,2.946507,3.275914,-2.070213,0.843895,0.438147,2.059904
4632,154.4,1,551.073341,337.010813,446.54603,342.711908,498.809686,339.86136,2.952424,2.979045,-2.098385,0.834623,0.42702,1.906834
4633,154.433333,1,551.131878,336.606647,445.946465,342.242183,498.539171,339.424415,2.962857,3.206913,-2.081063,0.571829,0.440897,1.889371
4634,154.466667,1,551.007338,336.652701,446.379595,342.15779,498.693466,339.405245,2.967947,2.967047,-2.097904,0.836408,0.435022,1.901728
4635,154.5,1,551.632662,336.541926,446.446218,341.972342,499.03944,339.257134,2.966024,3.084539,-2.070702,0.612221,0.447661,1.84838
4636,154.533333,1,552.319603,336.229883,446.993227,341.570998,499.656415,338.90044,2.96366,3.000333,-2.070495,0.710024,0.446583,1.855178
4637,154.566667,1,552.550068,335.985324,447.567596,341.388838,500.058832,338.687081,2.944961,2.768969,-2.076258,0.676394,0.434352,1.722682
4638,154.6,1,553.538246,336.163337,447.917356,340.874256,500.727801,338.518797,2.990134,2.919434,-2.077486,0.851102,0.456324,1.885268
4639,154.633333,1,553.687305,335.994986,448.443203,341.257769,501.065254,338.626378,2.995112,3.008306,-2.105001,1.111168,0.445056,2.059737
4640,154.666667,1,553.307571,335.882928,448.153524,340.925347,500.730548,338.404138,3.006321,2.454559,-2.124678,1.416723,0.440822,1.935641
4641,154.7,1,554.013338,335.90018,448.414946,340.669835,501.214142,338.285007,3.035028,2.748083,-2.105532,1.355186,0.464748,2.051634
4642,154.733333,1,552.558899,336.060405,448.629351,340.666535,500.594125,338.36347,2.986551,2.850402,-2.077997,2.288445,0.454277,2.569424
4643,154.766667,1,549.787664,336.946451,451.94479,344.818112,500.866227,340.882282,2.8977,4.35027,-2.024108,4.781258,0.436796,4.565764
4644,154.8,1,548.499908,338.371031,453.299332,346.402241,500.89962,342.386636,2.83403,7.078625,-1.97974,6.88177,0.427145,6.980197
4645,154.833333,1,548.510981,337.731389,452.253027,346.232988,500.382004,341.982189,2.812271,7.230496,-2.101176,8.655949,0.355547,7.943222
4646,154.866667,1,548.154554,337.525765,455.396147,345.804092,501.775351,341.664929,2.823344,7.160715,-2.008238,20.008491,0.407553,13.584603
4647,154.9,1,546.492205,339.055386,456.020432,345.259175,501.256318,342.15728,2.770147,9.383495,-1.967743,26.740344,0.401202,18.061919
4648,154.933333,1,548.0334,343.04441,457.615728,345.545393,502.824564,344.294902,2.818553,13.871495,-1.810264,11.93181,0.504145,12.901653
4649,154.966667,1,548.792505,344.068655,457.072468,346.586825,502.932487,345.32774,2.858752,11.253102,-1.812038,14.502319,0.523357,12.87771
4650,155.0,1,549.894772,343.304515,454.704599,348.912655,502.299685,346.108585,2.903345,7.082742,-1.896853,16.983471,0.503246,12.033106
4651,155.033333,1,550.210819,334.433452,458.027554,350.63997,504.119186,342.536711,2.934677,6.866925,-1.873265,6.079986,0.530706,6.473455
4652,155.066667,1,550.77239,329.516228,455.382919,354.98266,503.077655,342.249444,2.943602,2.367436,-1.960463,6.449498,0.491569,4.408467
4653,155.1,1,551.535196,323.481612,452.482147,358.407428,502.008672,340.94452,2.977557,0.428673,-1.860012,6.245928,0.558772,3.337301
4654,155.133333,1,551.682749,326.834834,452.708263,358.47532,502.195506,342.655077,2.98093,0.081724,-1.903999,4.956699,0.538465,2.519211
4655,155.166667,1,551.712694,325.075729,448.475323,359.256433,500.094008,342.166081,2.936167,0.700933,-1.89104,4.723797,0.522563,2.712365
4656,155.2,1,551.302948,324.339189,444.409657,360.893186,497.856302,342.616188,2.938365,0.457506,-1.948136,5.150863,0.495115,2.804185
4657,155.233333,1,551.62549,325.527783,445.647202,363.425138,498.636346,344.476461,2.930237,-1.051567,-1.962691,5.413663,0.483773,2.181048
4658,155.266667,1,550.94842,325.763458,448.253832,364.223524,499.601126,344.993491,2.928246,-1.474515,-1.896168,5.363272,0.516039,1.944379
4659,155.3,1,550.888882,325.509024,452.128839,363.032039,501.508861,344.270531,2.927341,-1.429557,-1.798463,5.189979,0.564439,1.880211
4660,155.333333,1,551.473265,326.125326,452.121439,364.725784,501.797352,345.425555,2.917842,-1.736562,-1.873063,4.514681,0.52239,1.38906
4661,155.366667,1,551.232672,326.282664,450.355701,364.98502,500.794187,345.633842,2.941006,-1.698302,-1.916052,4.799494,0.512477,1.550596
4662,155.4,1,551.4112,326.670265,451.81551,365.930976,501.613355,346.30062,2.93986,-2.429879,-1.920818,4.749524,0.509521,1.159822
4663,155.433333,1,551.658707,327.123016,450.563631,365.408353,501.111169,346.265684,2.925284,-1.399643,-1.92066,4.326115,0.502312,1.463236
4664,155.466667,1,551.899147,327.238137,451.583643,366.125838,501.741395,346.681987,2.967611,-2.228,-1.915534,4.488693,0.526039,1.130346
4665,155.5,1,551.827936,328.101416,450.920563,365.661247,501.374249,346.881332,2.916292,-2.335024,-1.930619,3.887906,0.492836,0.776441
4666,155.533333,1,551.522923,328.124971,450.915298,366.666078,501.21911,347.395525,2.92142,-2.279778,-1.91621,4.63022,0.502605,1.175221
4667,155.566667,1,551.717043,328.058817,450.740013,365.098439,501.228528,346.578628,2.957294,-1.577323,-1.906419,3.951266,0.525437,1.186971
4668,155.6,1,551.500015,328.010956,449.870672,366.831157,500.685344,347.421057,2.923188,-3.317194,-1.846065,5.354431,0.538562,1.018619
4669,155.633333,1,551.610413,328.942369,448.70059,366.277876,500.155501,347.610123,2.965108,-1.853072,-1.94624,4.174088,0.509434,1.160508
4670,155.666667,1,551.961899,328.716061,450.447769,366.544472,501.204834,347.630266,2.942562,-3.053534,-1.845078,5.288246,0.548742,1.117356
4671,155.7,1,551.997347,329.359125,449.960003,366.224232,500.978675,347.791679,2.961487,-1.611098,-1.897309,4.203729,0.532089,1.296316
4672,155.733333,1,552.616835,328.633277,450.185881,367.447958,501.401358,348.040617,2.958905,-2.301361,-1.867604,5.113397,0.545651,1.406018
4673,155.766667,1,552.692671,329.459944,451.381063,366.613759,502.036867,348.036852,2.968761,-1.792185,-1.917238,4.105156,0.525761,1.156486
4674,155.8,1,553.149071,328.629785,450.609484,366.673433,501.879277,347.651609,2.979895,-1.584567,-1.897583,4.888109,0.541156,1.651771
4675,155.833333,1,553.095779,328.516788,451.23251,365.674101,502.164145,347.095445,2.971073,-1.386394,-1.863213,4.633627,0.55393,1.623617
4676,155.866667,1,553.363953,328.593596,450.749006,365.700644,502.056479,347.14712,2.985382,-1.299806,-1.907059,4.690636,0.539161,1.695415
4677,155.9,1,553.714685,328.01852,450.390072,365.674492,502.052379,346.846506,2.983561,-0.975358,-1.955156,4.929429,0.514203,1.977036
4678,155.933333,1,553.949366,328.060443,451.740465,365.518634,502.844915,346.789539,2.976737,-1.556623,-1.973095,4.6824,0.501821,1.562889
4679,155.966667,1,553.887272,326.710836,449.259634,365.058941,501.573453,345.884888,3.009108,-0.647773,-2.035118,4.789449,0.486995,2.070838
4680,156.0,1,553.943653,325.456903,448.901539,365.118025,501.422596,345.287464,2.937774,-0.979558,-2.023885,4.995264,0.456944,2.007853
4681,156.033333,1,555.015745,326.000635,451.807528,365.083483,503.411636,345.542059,2.961375,-1.022193,-1.961923,4.548483,0.499726,1.763145
4682,156.066667,1,555.536423,325.255115,451.694298,363.796742,503.61536,344.525928,2.935375,-0.637509,-2.044463,4.64871,0.445456,2.005601
4683,156.1,1,555.889492,325.103291,453.895321,363.506994,504.892406,344.305142,2.88863,-1.345469,-2.017422,4.395903,0.435604,1.525217
4684,156.133333,1,556.122551,324.354815,451.872854,363.456869,503.997703,343.905842,2.898972,-1.267966,-2.042481,4.848272,0.428246,1.790153
4685,156.166667,1,556.797876,324.222615,453.567362,362.239242,505.182619,343.230928,2.910486,-1.602405,-1.988046,4.588759,0.46122,1.493177
4686,156.2,1,557.273712,323.472009,454.472055,362.386748,505.872884,342.929378,2.922019,-1.494989,-2.033796,4.85004,0.444112,1.677526
4687,156.233333,1,557.76124,323.200479,451.623611,362.434486,504.692426,342.817482,2.939281,-1.130465,-2.060844,4.607283,0.439219,1.738409
4688,156.266667,1,558.702526,323.072323,455.351009,363.361157,507.026768,343.21674,2.955495,-1.953212,-2.04766,4.447084,0.453918,1.246936
4689,156.3,1,557.718019,322.478825,452.758694,361.753725,505.238357,342.116275,2.964632,-1.411443,-2.064355,4.287118,0.450138,1.437838
4690,156.333333,1,558.407001,321.708999,454.147663,362.435279,506.277332,342.072139,2.948312,-2.109237,-2.085024,4.595885,0.431644,1.243324
4691,156.366667,1,558.604965,321.613641,453.035908,361.405993,505.820436,341.509817,2.917044,-1.625849,-2.096725,4.438689,0.41016,1.40642
4692,156.4,1,558.925724,321.199915,452.701626,361.090415,505.813675,341.145165,2.880397,-2.140972,-2.116586,4.641154,0.381905,1.250091
4693,156.433333,1,559.679432,320.673634,450.443697,359.713621,505.061564,340.193627,2.915721,-1.068098,-2.191407,4.479707,0.362157,1.705805
4694,156.466667,1,557.795153,333.31636,453.160639,356.283724,505.477896,344.800042,2.803003,0.528083,-2.365887,3.39375,0.218558,1.960916
4695,156.5,1,555.257502,338.598257,456.078596,348.763422,505.668049,343.68084,2.745861,-0.492194,-2.262177,10.572473,0.241842,5.040139
4696,156.533333,1,553.312092,337.942446,461.890621,343.203884,507.601357,340.573165,2.624565,9.227564,-2.034587,10.551918,0.294989,9.889741
4697,156.566667,1,552.406025,335.639464,459.592495,337.543833,505.99926,336.591648,2.625379,6.339995,-2.09087,6.297746,0.267255,6.318871
4698,156.6,1,554.704762,333.641058,457.846279,336.464694,506.27552,335.052876,2.740808,3.91356,-2.133915,5.983088,0.303446,4.948324
4699,156.633333,1,553.499956,333.072333,454.992085,334.907618,504.24602,333.989975,2.728954,3.295512,-2.294431,6.040407,0.217261,4.667959
4700,156.666667,1,553.243275,332.622859,455.232754,334.599921,504.238014,333.61139,2.738617,3.732917,-2.201623,7.684975,0.268497,5.708946
4701,156.7,1,552.477121,332.668687,455.609312,334.707241,504.043217,333.687964,2.71554,3.330544,-2.268934,6.432809,0.223303,4.881676
4702,156.733333,1,549.823818,332.577615,455.750113,334.946355,502.786965,333.761985,2.683008,3.440334,-2.258502,6.283909,0.212253,4.862121
4703,156.766667,1,551.965809,332.267772,455.376806,334.735372,503.671308,333.501572,2.721744,3.503749,-2.246411,7.150747,0.237666,5.327248
4704,156.8,1,552.402096,332.452914,455.762739,335.035415,504.082417,333.744164,2.734229,3.650302,-2.224804,7.418624,0.254712,5.534463
4705,156.833333,1,552.590027,332.379502,455.451288,335.406552,504.020658,333.893027,2.731664,4.011011,-2.252176,7.586745,0.239744,5.798878
4706,156.866667,1,552.073526,332.447947,455.131807,336.181045,503.602667,334.314496,2.720219,3.820335,-2.25957,7.07485,0.230325,5.447592
4707,156.9,1,551.362772,332.963709,455.881023,336.730759,503.621898,334.847234,2.695339,3.848369,-2.273265,6.64556,0.211037,5.246964
4708,156.933333,1,550.908146,333.543468,456.668215,336.922359,503.78818,335.232914,2.671613,3.534091,-2.256899,5.498183,0.207357,4.516137
4709,156.966667,1,551.947069,334.629436,457.785187,336.727787,504.866128,335.678611,2.68367,3.586355,-2.244792,5.707536,0.219439,4.646945
4710,157.0,1,553.20879,335.158592,458.900299,337.734103,506.054544,336.446348,2.668666,3.754752,-2.216565,6.665099,0.226051,5.209925
4711,157.033333,1,553.699169,336.293687,459.993048,338.535805,506.846108,337.414746,2.666702,4.689355,-2.186001,6.83444,0.240351,5.761897
4712,157.066667,1,553.781929,337.149156,462.346716,338.560894,508.064322,337.855025,2.661249,5.396439,-2.130033,6.937792,0.265608,6.167116
4713,157.1,1,552.51338,340.701823,460.341053,341.894923,506.427217,341.298373,2.614449,13.421216,-1.979123,23.10116,0.317663,18.261188
4714,157.133333,1,552.543869,344.987408,461.740923,344.564944,507.142396,344.776176,2.496029,12.552722,-2.050712,151.670811,0.222659,82.111767
4715,157.166667,1,553.21331,344.840219,463.409338,344.080805,508.311324,344.460512,2.542681,73.543635,-2.007102,170.812398,0.26779,122.178016
4716,157.2,1,554.665165,342.144046,459.557638,343.756666,507.111402,342.950356,2.62019,18.762179,-2.12453,50.260857,0.24783,34.511518
4717,157.233333,1,551.70393,340.077329,458.029642,342.080258,504.866786,341.078794,2.606998,6.95611,-2.149121,42.277069,0.228938,24.61659
4718,157.266667,1,548.301735,337.84314,455.798759,340.966305,502.050247,339.404722,2.642231,4.634453,-2.164506,11.61197,0.238863,8.123211
4719,157.3,1,550.351429,337.132816,453.33992,339.6503,501.845675,338.391558,2.791698,4.386436,-2.216461,8.988348,0.287619,6.687392
4720,157.333333,1,550.36953,337.426577,449.610748,339.932667,499.990139,338.679622,2.815827,4.11243,-2.281328,6.524218,0.267249,5.318324
4721,157.366667,1,547.501526,337.882521,448.16762,340.869589,497.834573,339.376055,2.747857,3.102067,-2.256819,5.504886,0.245519,4.303476
4722,157.4,1,543.692284,350.193415,452.706795,349.35156,498.199539,349.772488,2.515401,-2.525131,-1.953404,22.421308,0.280999,9.948089
4723,157.433333,1,543.973274,351.508555,452.8759,351.167893,498.424587,351.338224,2.506298,4.589574,-1.93219,41.577135,0.287054,23.083354
4724,157.466667,1,547.67252,347.719431,448.893309,348.620846,498.282914,348.170139,2.685791,6.233978,-1.996707,7.478007,0.344542,6.855993
4725,157.5,1,552.904778,343.486809,448.842583,344.770176,500.87368,344.128492,2.856208,3.194063,-2.144107,4.38608,0.356051,3.790072
4726,157.533333,1,555.204773,342.591299,448.762884,344.333507,501.983829,343.462403,2.903388,2.665971,-2.236251,2.932223,0.333569,2.799097
4727,157.566667,1,558.286705,342.479135,450.55253,343.832856,504.419618,343.155996,2.92597,2.666053,-2.268433,2.719837,0.328769,2.692945
4728,157.6,1,561.202908,342.784928,454.258814,343.82871,507.730861,343.306819,2.923114,2.216102,-2.219865,2.362207,0.351624,2.289155
4729,157.633333,1,563.36709,343.573546,456.330776,344.008525,509.848933,343.791035,2.905997,2.25827,-2.168655,2.138886,0.368671,2.198578
4730,157.666667,1,565.990591,344.197728,459.445353,344.570357,512.717972,344.384042,2.812659,2.308866,-2.160674,2.503433,0.325992,2.40615
4731,157.7,1,569.252748,345.758479,463.513947,344.858024,516.383348,345.308251,2.771562,2.926708,-2.1117,1.793163,0.329931,2.359935
4732,157.733333,1,571.46368,345.335805,465.474691,344.597796,518.469186,344.966801,2.737515,2.836569,-2.117426,1.786258,0.310045,2.311414
4733,157.766667,1,572.814417,345.896167,467.635431,344.765895,520.224924,345.331031,2.747107,2.971447,-2.120968,1.795282,0.313069,2.383365
4734,157.8,1,575.386038,345.555752,469.262362,345.620221,522.3242,345.587987,2.792681,3.589675,-2.157925,2.574864,0.317378,3.08227
4735,157.833333,1,577.890177,346.019136,471.215782,347.02659,524.552979,346.522863,2.823542,4.213834,-2.031809,2.099817,0.395867,3.156826
4736,157.866667,1,577.072163,350.230789,473.528328,352.493323,525.300245,351.362056,2.738765,5.450545,-1.909954,4.150573,0.414406,4.800559
4737,157.9,1,576.561184,356.714745,479.535685,361.52629,528.048434,359.120517,2.569991,24.689839,-1.828907,5.121116,0.370542,14.905478
4738,157.933333,1,579.964333,361.573523,486.68292,367.551287,533.323627,364.562405,2.467834,19.026722,-1.848935,-5.294617,0.309449,6.866053
4739,157.966667,1,584.078512,369.519428,487.659492,376.925436,535.869002,373.222432,2.483755,4.740463,-2.010517,40.243777,0.236619,22.49212
4740,158.0,1,583.606033,373.665469,476.388121,381.978943,529.997077,377.822206,2.665047,1.908565,-2.316638,34.809409,0.174204,18.358987
4741,158.033333,1,581.721621,377.941886,467.523203,376.304269,524.622412,377.123078,2.657821,0.139101,-2.223862,41.058213,0.21698,20.598657
4742,158.066667,1,576.978922,383.838422,467.923183,381.101367,522.451053,382.469895,2.489364,2.396565,-2.718945,135.0751,-0.114791,68.735833
4743,158.1,1,560.391998,358.516948,472.543173,386.242583,516.467586,372.379765,2.136119,-3.554319,-2.521194,3.683539,-0.192537,0.06461
4744,158.133333,0,,,,,,,,,,,,
4745,158.166667,0,,,,,,,,,,,,
4746,158.2,0,,,,,,,,,,,,
4747,158.233333,0,,,,,,,,,,,,
4748,158.266667,0,,,,,,,,,,,,
4749,158.3,0,,,,,,,,,,,,
4750,158.333333,0,,,,,,,,,,,,
4751,158.366667,0,,,,,,,,,,,,
4752,158.4,0,,,,,,,,,,,,
4753,158.433333,0,,,,,,,,,,,,
4754,158.466667,0,,,,,,,,,,,,
4755,158.5,0,,,,,,,,,,,,
4756,158.533333,0,,,,,,,,,,,,
4757,158.566667,0,,,,,,,,,,,,
4758,158.6,0,,,,,,,,,,,,
4759,158.633333,0,,,,,,,,,,,,
4760,158.666667,0,,,,,,,,,,,,
4761,158.7,0,,,,,,,,,,,,
4762,158.733333,1,585.777054,371.386975,490.474958,392.49449,538.126006,381.940733,2.26413,3.191945,-2.434389,1.420517,-0.08513,2.306231
4763,158.766667,1,585.413799,369.693922,489.56543,384.855183,537.489614,377.274553,2.332524,2.139773,-2.351721,0.706328,-0.009598,1.423051
4764,158.8,1,583.438492,368.220692,487.34643,379.313686,535.392461,373.767189,2.288164,1.995683,-2.23454,0.870152,0.026812,1.432917
4765,158.833333,1,581.336212,367.4036,482.675705,376.077729,532.005959,371.740665,2.376807,2.536114,-2.24089,1.288339,0.067958,1.912227
4766,158.866667,1,579.169769,373.695509,483.752079,381.734766,531.460924,377.715138,2.287886,27.017431,-1.914801,154.509225,0.186543,90.763328
4767,158.9,1,574.47752,370.592827,480.401897,374.667091,527.439709,372.629959,2.330635,34.678868,-1.839495,-72.842625,0.24557,-19.081878
4768,158.933333,1,574.540873,363.029099,469.375286,364.302081,521.958079,363.66559,2.525705,10.228428,-2.123869,5.352966,0.200918,7.790697
4769,158.966667,1,571.376686,359.034694,467.128859,357.528661,519.252772,358.281678,2.578252,3.060501,-2.00706,1.915667,0.285596,2.488084
4770,159.0,1,570.520201,356.206546,466.415291,352.033013,518.467746,354.11978,2.601161,2.49151,-1.994886,1.995446,0.303137,2.243478
4771,159.033333,1,570.017395,354.087167,466.129141,348.658601,518.073268,351.372884,2.662369,2.499406,-1.87041,2.15017,0.395979,2.324788
4772,159.066667,1,569.115334,352.800211,466.274214,346.666165,517.694774,349.733188,2.7048,2.624603,-1.955073,1.883893,0.374864,2.254248
4773,159.1,1,563.37903,358.803268,474.108133,349.750389,518.743582,354.276828,2.500366,4.123979,-1.68881,5.881454,0.405778,5.002717
4774,159.133333,1,567.253551,358.76039,477.346087,348.153251,522.299819,353.456821,2.554455,1.756569,-1.562865,7.214391,0.495795,4.48548
4775,159.166667,1,572.476025,354.115153,479.298658,343.825952,525.887341,348.970553,2.795252,4.33985,-1.733799,2.67155,0.530726,3.5057
4776,159.2,1,574.942503,350.595231,476.867161,338.715041,525.904832,344.655136,2.810383,2.794813,-1.957087,3.355872,0.426648,3.075342
4777,159.233333,1,577.834892,350.43285,477.127705,336.48348,527.481298,343.458165,2.88967,2.553731,-1.923251,1.76317,0.483209,2.158451
4778,159.266667,1,578.604908,351.600534,478.137016,335.807215,528.370962,343.703874,2.855579,2.376241,-1.875364,1.137069,0.490107,1.756655
4779,159.3,1,578.626318,351.939763,476.672153,335.381087,527.649236,343.660425,2.837523,2.404573,-1.946566,1.325887,0.445479,1.86523
4780,159.333333,1,578.865747,352.656809,476.689777,337.013447,527.777762,344.835128,2.822291,2.065682,-1.863595,1.846196,0.479348,1.955939
4781,159.366667,1,573.188896,359.371124,477.825766,342.471174,525.507331,350.921149,2.816061,2.264404,-1.724558,3.825814,0.545751,3.045109
4782,159.4,1,569.285774,361.022646,478.462009,347.358749,523.873892,354.190697,2.700457,0.933128,-1.564953,11.244452,0.567752,6.08879
4783,159.433333,1,569.139166,357.996486,474.391975,344.191618,521.765571,351.094052,2.860222,2.231509,-1.725474,6.86225,0.567374,4.546879
4784,159.466667,1,569.259195,355.66952,470.535059,342.391813,519.897127,349.030666,2.893093,1.607201,-1.893308,3.175278,0.499892,2.39124
4785,159.5,1,567.524672,354.664512,467.800703,341.204613,517.662687,347.934563,2.847386,1.685742,-1.895769,1.38109,0.475808,1.533416
4786,159.533333,1,566.011133,354.382532,466.27553,340.823691,516.143332,347.603112,2.880456,1.732469,-1.851054,1.585471,0.514701,1.65897
4787,159.566667,1,564.570131,354.48658,464.186411,342.071761,514.378271,348.27917,2.913376,1.86705,-1.782179,1.57492,0.565598,1.720985
4788,159.6,1,563.096809,354.578644,462.281427,343.778585,512.689118,349.178614,2.9463,2.021816,-1.799856,1.773107,0.573222,1.897462
4789,159.633333,1,557.418108,359.175639,462.581158,348.291734,509.999633,353.733687,2.937606,1.768928,-1.709509,5.85263,0.614049,3.810779
4790,159.666667,1,554.939175,361.905946,462.959862,352.756196,508.949518,357.331071,2.724224,2.514696,-1.588819,23.260659,0.567702,12.887678
4791,159.7,1,558.100958,358.67464,461.186047,350.271113,509.643502,354.472876,2.941077,2.943818,-1.761924,5.089993,0.589576,4.016905
4792,159.733333,1,559.461432,356.996725,459.518948,348.153208,509.49019,352.574967,2.917386,2.510177,-1.911893,2.834339,0.502746,2.672258
4793,159.766667,1,558.014364,355.166724,457.114096,347.277092,507.56423,351.221908,2.89201,1.890274,-1.842288,1.768939,0.524861,1.829607
4794,159.8,1,557.360315,354.603401,456.636209,347.406846,506.998262,351.005124,2.868996,1.791679,-1.81864,1.691744,0.525178,1.741712
4795,159.833333,1,556.452351,354.943156,455.480289,347.903414,505.96632,351.423285,2.892121,1.689476,-1.74249,1.703752,0.574815,1.696614
4796,159.866667,1,555.141191,354.885537,453.589573,347.542732,504.365382,351.214135,2.887976,1.822662,-1.735008,1.601142,0.576484,1.711902
4797,159.9,1,554.282742,354.665054,452.246294,347.499356,503.264518,351.082205,2.939015,1.76902,-1.725902,1.684522,0.606557,1.726771
4798,159.933333,1,552.992764,354.794658,451.537209,348.644503,502.264986,351.719581,2.844488,1.70227,-1.73033,1.533542,0.557079,1.617906
4799,159.966667,1,551.589832,355.309852,450.941496,349.578953,501.265664,352.444402,2.865426,1.738309,-1.720257,1.366,0.572585,1.552155
4800,160.0,1,547.638865,357.369483,446.659889,352.249199,497.149377,354.809341,2.933785,2.06051,-1.843963,1.462271,0.544911,1.76139
4801,160.033333,1,544.148436,359.158612,445.461798,355.582922,494.805117,357.370767,2.856339,1.935774,-1.845711,4.962284,0.505314,3.449029
4802,160.066667,1,544.863071,359.699641,445.318613,355.976397,495.090842,357.838019,2.877399,2.075546,-1.827806,6.757937,0.524797,4.416742
4803,160.1,1,543.36236,359.811258,445.228548,356.1776,494.295454,357.994429,2.845128,2.201785,-1.835877,5.025823,0.504625,3.613804
4804,160.133333,1,543.193235,360.147039,445.150099,356.518782,494.171667,358.332911,2.828,2.182515,-1.819917,4.698118,0.504041,3.440316
4805,160.166667,1,543.378544,360.11393,445.019636,356.425447,494.19909,358.269688,2.836797,2.134189,-1.838157,4.530008,0.49932,3.332099
4806,160.2,1,543.970585,360.172514,445.046692,356.25687,494.508638,358.214692,2.84155,2.188938,-1.845762,4.837455,0.497894,3.513196
4807,160.233333,1,543.78417,360.223675,445.122814,356.283644,494.453492,358.253659,2.832849,2.261047,-1.853286,4.199892,0.489781,3.230469
4808,160.266667,1,544.348917,360.215011,445.5373,356.204401,494.943109,358.209706,2.836195,2.326664,-1.853028,4.137603,0.491583,3.232134
4809,160.3,1,544.311409,360.270726,445.446186,356.108276,494.878798,358.189501,2.837413,2.192529,-1.862257,3.609269,0.487578,2.900899
4810,160.333333,1,544.624596,360.292586,445.536652,356.199921,495.080624,358.246254,2.839859,2.23613,-1.861656,3.50158,0.489101,2.868855
4811,160.366667,1,544.487104,360.504459,445.732574,356.349878,495.109839,358.427169,2.826799,2.257399,-1.86271,2.892736,0.482044,2.575068
4812,160.4,1,545.457859,360.462123,446.453609,356.218509,495.955734,358.340316,2.829177,2.34152,-1.861889,2.956799,0.483644,2.649159
4813,160.433333,1,545.436363,360.30729,446.512613,356.2431,495.974488,358.275195,2.839839,2.289375,-1.866799,3.193645,0.48652,2.74151
4814,160.466667,1,545.652971,360.404729,446.612053,356.088535,496.132512,358.246632,2.820348,2.296417,-1.875481,3.051405,0.472433,2.673911
4815,160.5,1,545.94944,360.661073,446.898098,356.556805,496.423769,358.608939,2.82342,2.297691,-1.867421,3.319619,0.478,2.808655
4816,160.533333,1,546.269426,361.181577,447.899456,356.416295,497.084441,358.798936,2.825211,2.273264,-1.872239,2.675825,0.476486,2.474545
4817,160.566667,1,548.271017,363.649043,452.135029,357.898774,500.203023,360.773908,2.843336,2.337333,-1.722779,5.885619,0.560278,4.111476
4818,160.6,1,549.114466,368.934331,454.4732,362.359325,501.793833,365.646828,2.778278,2.169865,-1.541838,-2.057512,0.61822,0.056177
4819,160.633333,1,548.774872,367.090661,456.066904,359.136758,502.420888,363.113709,2.774579,5.057379,-1.567138,5.186111,0.60372,5.121745
4820,160.666667,1,551.402721,361.573486,455.840149,355.394561,503.621435,358.484024,2.827428,3.17393,-1.750334,3.878533,0.538547,3.526232
4821,160.7,1,555.159283,358.47128,454.332008,351.430857,504.745646,354.951069,2.898542,2.566625,-1.886392,2.82638,0.506075,2.696503
4822,160.733333,1,556.66029,358.133698,454.845257,350.306899,505.752773,354.220298,2.862046,2.187932,-1.806519,1.679178,0.527764,1.933555
4823,160.766667,1,557.195187,358.066696,455.437965,350.28403,506.316576,354.175363,2.875191,1.889065,-1.764783,1.429993,0.555204,1.659529
4824,160.8,1,557.594872,357.426689,455.591545,350.021877,506.593208,353.724283,2.869435,1.770795,-1.765523,1.533615,0.551956,1.652205
4825,160.833333,1,558.788252,357.941319,455.833092,349.549293,507.310672,353.745306,2.837876,1.850265,-1.754933,1.39092,0.541471,1.620592
4826,160.866667,1,559.948606,357.939109,456.152983,349.13531,508.050795,353.537209,2.835825,1.920221,-1.73748,1.431119,0.549173,1.67567
4827,160.9,1,560.578012,358.093228,457.119246,349.269716,508.848629,353.681472,2.807698,1.746709,-1.7439,1.464581,0.531899,1.605645
4828,160.933333,1,561.418009,358.401226,457.124529,348.865356,509.271269,353.633291,2.802233,1.888572,-1.730484,1.397306,0.535874,1.642939
4829,160.966667,1,561.684093,358.268141,457.549934,348.375113,509.617014,353.321627,2.832649,1.992333,-1.746559,1.443711,0.543045,1.718022
4830,161.0,1,562.032614,358.355479,457.489204,348.313862,509.760909,353.33467,2.810591,1.921975,-1.740759,1.39035,0.534916,1.656162
4831,161.033333,1,562.024364,358.335528,457.641764,348.164254,509.833064,353.249891,2.820047,1.918832,-1.767297,1.431077,0.526375,1.674955
4832,161.066667,1,561.962605,358.203076,457.794657,348.222329,509.878631,353.212702,2.816811,1.864805,-1.769926,1.406511,0.523443,1.635658
4833,161.1,1,561.670837,358.679516,458.403873,348.585881,510.037355,353.632699,2.841065,1.986791,-1.783903,1.660975,0.528581,1.823883
4834,161.133333,1,556.45421,366.539006,461.731577,356.338919,509.092894,361.438962,2.82185,4.319194,-1.608835,1.329278,0.606508,2.824236
4835,161.166667,1,554.857101,366.836924,461.441259,359.254287,508.14918,363.045605,2.743979,3.287748,-1.563418,19.636559,0.59028,11.462153
4836,161.2,1,556.726303,363.005506,460.746536,355.3113,508.73642,359.158403,2.888945,3.871924,-1.706534,8.342002,0.591206,6.106963
4837,161.233333,1,559.040747,360.46399,457.689543,352.381073,508.365145,356.422531,2.884777,2.505246,-1.848767,2.987986,0.518005,2.746616
4838,161.266667,1,559.725647,359.555166,457.286644,351.118997,508.506145,355.337082,2.847905,1.990053,-1.824066,1.95873,0.51192,1.974392
4839,161.3,1,560.07946,359.610651,457.194662,350.784069,508.637061,355.19736,2.845036,1.9915,-1.808292,1.531172,0.518372,1.761336
4840,161.333333,1,560.348415,359.427289,456.767349,350.119021,508.557882,354.773155,2.843354,1.908641,-1.791798,1.449013,0.525778,1.678827
4841,161.366667,1,560.401974,359.146516,456.776447,349.902561,508.589211,354.524539,2.840777,1.955932,-1.789107,1.426993,0.525835,1.691462
4842,161.4,1,560.669937,359.088548,456.507759,349.694824,508.588848,354.391686,2.842381,1.986924,-1.783827,1.315492,0.529277,1.651208
4843,161.433333,1,560.442505,358.731943,456.168232,349.553826,508.305368,354.142884,2.847647,1.926625,-1.785952,1.373014,0.530847,1.64982
4844,161.466667,1,560.121431,358.594565,456.137772,349.472732,508.129601,354.033649,2.84545,1.912373,-1.78368,1.355713,0.530885,1.634043
4845,161.5,1,560.054178,358.536941,456.115341,349.33227,508.08476,353.934605,2.842043,1.907862,-1.779595,1.424589,0.531224,1.666225
4846,161.533333,1,559.95553,358.364164,455.994263,349.334786,507.974896,353.849475,2.839112,1.918984,-1.776649,1.403058,0.531232,1.661021
4847,161.566667,1,559.890089,358.307054,455.803394,349.173891,507.846742,353.740472,2.833748,1.910486,-1.772617,1.308641,0.530566,1.609563
4848,161.6,1,559.915028,358.366562,455.769653,349.096777,507.84234,353.731669,2.840442,1.936522,-1.771261,1.287539,0.534591,1.61203
4849,161.633333,1,559.865618,358.323727,455.542374,349.179314,507.703996,353.751521,2.838926,1.880094,-1.779353,1.300902,0.529786,1.590498
4850,161.666667,1,559.859114,358.270345,455.445385,349.042677,507.652249,353.656511,2.841263,1.903646,-1.775513,1.266606,0.532875,1.585126
4851,161.7,1,559.952002,358.180985,455.454655,349.001505,507.703328,353.591245,2.84243,1.931057,-1.770815,1.270604,0.535807,1.60083
4852,161.733333,1,560.033035,358.159248,455.483284,349.049426,507.75816,353.604337,2.84263,1.933722,-1.762814,1.239521,0.539908,1.586622
4853,161.766667,1,560.066404,358.197534,455.42222,349.064736,507.744312,353.631135,2.842613,1.926294,-1.760862,1.212514,0.540876,1.569404
4854,161.8,1,560.065451,358.156373,455.446663,349.04198,507.756057,353.599176,2.830313,1.901769,-1.758562,1.204889,0.535876,1.553329
4855,161.833333,1,559.991665,358.020519,455.401125,348.99326,507.696395,353.50689,2.837179,1.924143,-1.755441,1.228757,0.540869,1.57645
4856,161.866667,1,560.009251,358.023539,455.290022,349.113488,507.649636,353.568513,2.835304,1.87365,-1.760596,1.24005,0.537354,1.55685
4857,161.9,1,560.030451,358.023416,455.143642,348.965607,507.587047,353.494511,2.844088,1.861446,-1.76178,1.215408,0.541154,1.538427
4858,161.933333,1,559.972534,357.929469,455.253687,348.856393,507.613111,353.392931,2.842903,1.808522,-1.758172,1.223833,0.542365,1.516177
4859,161.966667,1,559.931746,357.825158,455.151062,348.946799,507.541404,353.385978,2.846355,1.761524,-1.765548,1.243603,0.540403,1.502563
4860,162.0,1,559.963093,357.791662,455.057421,348.944959,507.510257,353.368311,2.840591,1.806785,-1.758777,1.228707,0.540907,1.517746
4861,162.033333,1,559.961729,357.827716,455.039206,348.952802,507.500467,353.390259,2.838646,1.803503,-1.751996,1.205229,0.543325,1.504366
4862,162.066667,1,560.001621,357.738335,455.070086,348.941612,507.535853,353.339973,2.83926,1.790641,-1.756984,1.226735,0.541138,1.508688
4863,162.1,1,560.095787,357.935091,455.04756,348.947942,507.571673,353.441516,2.84644,1.816504,-1.753681,1.218247,0.546379,1.517375
4864,162.133333,1,560.128412,357.999035,454.874868,348.96183,507.50164,353.480432,2.838865,1.843354,-1.751026,1.220098,0.543919,1.531726
4865,162.166667,1,560.085144,357.996562,454.98498,348.918636,507.535062,353.457599,2.838721,1.836839,-1.75259,1.204661,0.543065,1.52075
4866,162.2,1,560.136089,358.090895,455.051546,349.000465,507.593818,353.54568,2.844655,1.837827,-1.753751,1.261332,0.545452,1.549579
4867,162.233333,1,559.8563,357.858986,455.065699,349.052918,507.460999,353.455952,2.839855,1.821613,-1.757638,1.26985,0.541108,1.545732
4868,162.266667,1,559.591446,357.791367,454.927111,349.012712,507.259278,353.402039,2.825858,1.813616,-1.741288,1.267018,0.542285,1.540317
4869,162.3,1,559.267426,357.691321,454.829016,349.017947,507.048221,353.354634,2.828911,1.793254,-1.755816,1.246043,0.536547,1.519648
4870,162.333333,1,559.303188,357.681933,454.612036,349.045166,506.957612,353.36355,2.832617,1.839842,-1.765336,1.276901,0.533641,1.558371
4871,162.366667,1,558.914413,357.681193,454.404593,349.045038,506.659503,353.363115,2.811265,1.74209,-1.766685,1.292222,0.52229,1.517156
4872,162.4,1,558.737793,357.529616,454.334774,349.136329,506.536283,353.332973,2.820097,1.757172,-1.765186,1.309363,0.527456,1.533267
4873,162.433333,1,558.474092,357.635021,454.144773,349.115837,506.309433,353.375429,2.823777,1.724621,-1.77087,1.308672,0.526454,1.516647
4874,162.466667,1,558.413506,357.505846,453.966303,349.06105,506.189904,353.283448,2.825652,1.71491,-1.79034,1.367418,0.517656,1.541164
4875,162.5,1,558.213453,357.351168,453.881483,349.02409,506.047468,353.187629,2.819257,1.733645,-1.758347,1.266434,0.530455,1.500039
4876,162.533333,1,558.126373,357.351168,453.788786,349.050944,505.95758,353.201056,2.826226,1.715749,-1.767126,1.280362,0.52955,1.498055
4877,162.566667,1,558.24296,357.405113,453.724756,349.085893,505.983858,353.245503,2.822211,1.696567,-1.760222,1.262391,0.530994,1.479479
4878,162.6,1,558.045235,357.254909,453.869534,349.146999,505.957384,353.200954,2.82292,1.657891,-1.769482,1.319828,0.526719,1.48886
4879,162.633333,1,557.794685,357.331143,453.65777,349.137048,505.726228,353.234096,2.816067,1.634155,-1.763547,1.279662,0.52626,1.456909
4880,162.666667,1,557.541256,357.364821,453.610306,349.245109,505.575781,353.304965,2.820403,1.660122,-1.766678,1.288207,0.526862,1.474165
4881,162.7,1,557.080441,357.262613,453.334208,349.480355,505.207324,353.371484,2.825896,1.625134,-1.761411,1.306097,0.532243,1.465615
4882,162.733333,1,556.917667,357.21186,452.992125,349.421298,504.954896,353.316579,2.815913,1.714725,-1.774435,1.336699,0.520739,1.525712
4883,162.766667,1,556.861782,357.217122,453.003368,349.607068,504.932575,353.412095,2.822535,1.683007,-1.756187,1.266225,0.533174,1.474616
4884,162.8,1,556.71567,357.053266,452.802744,349.715166,504.759207,353.384216,2.81595,1.680665,-1.761786,1.309509,0.527082,1.495087
4885,162.833333,1,556.423073,357.206029,452.451029,349.65369,504.437051,353.429859,2.816726,1.719739,-1.769375,1.348338,0.523675,1.534039
4886,162.866667,1,556.373653,357.188669,452.447224,349.767882,504.410439,353.478276,2.822546,1.657575,-1.758272,1.344539,0.532137,1.501057
4887,162.9,1,556.306734,357.098563,452.462816,349.791963,504.384775,353.445263,2.820825,1.672125,-1.765999,1.376372,0.527413,1.524249
4888,162.933333,1,556.389847,357.184045,452.488842,349.760748,504.439344,353.472396,2.8234,1.691742,-1.768946,1.362591,0.527227,1.527167
4889,162.966667,1,556.455307,357.284735,452.454891,349.756215,504.455099,353.520475,2.824534,1.717618,-1.756922,1.329735,0.533806,1.523676
4890,163.0,1,556.366053,357.132778,452.48518,349.693403,504.425616,353.41309,2.823967,1.708185,-1.767289,1.37497,0.528339,1.541578
4891,163.033333,1,556.40666,357.260129,452.609987,349.767238,504.508324,353.513684,2.828844,1.701325,-1.766109,1.376344,0.531368,1.538835
4892,163.066667,1,556.389179,357.129484,452.537889,349.8798,504.463534,353.504642,2.824567,1.661114,-1.762094,1.419981,0.531236,1.540547
4893,163.1,1,556.472826,357.239792,452.59306,349.816838,504.532943,353.528315,2.831239,1.678737,-1.764538,1.380505,0.533351,1.529621
4894,163.133333,1,556.629047,357.269028,452.598705,349.8837,504.613876,353.576364,2.830272,1.646019,-1.773309,1.349794,0.528482,1.497907
4895,163.166667,1,556.539869,357.278389,452.583275,349.760442,504.561572,353.519416,2.824362,1.690778,-1.766828,1.345633,0.528767,1.518206
4896,163.2,1,556.541185,357.276067,452.581863,349.725809,504.561524,353.500938,2.826843,1.695206,-1.767738,1.40455,0.529552,1.549878
4897,163.233333,1,556.319523,357.111315,452.573605,349.74437,504.446564,353.427842,2.821012,1.697456,-1.770836,1.447154,0.525088,1.572305
4898,163.266667,1,556.398706,357.161869,452.591448,349.654387,504.495077,353.408128,2.829449,1.70674,-1.764241,1.42283,0.532604,1.564785
4899,163.3,1,554.545069,359.19795,453.732634,350.184681,504.138851,354.691316,2.905301,2.924071,-1.857206,3.931547,0.524048,3.427809
4900,163.333333,1,551.749029,366.633806,455.137682,358.281761,503.443356,362.457783,2.777216,4.127615,-1.61043,133.921036,0.583393,69.024325
4901,163.366667,1,553.553877,364.656165,456.339302,356.047786,504.946589,360.351976,2.857146,6.955304,-1.623766,32.382463,0.61669,19.668884
4902,163.4,1,553.272419,360.41851,453.966331,352.903422,503.619375,356.660966,2.867072,3.393442,-1.846708,8.391868,0.510182,5.892655
4903,163.433333,1,554.748545,358.628597,452.880268,350.697922,503.814406,354.66326,2.831373,2.174586,-1.849491,2.165532,0.490941,2.170059
4904,163.466667,1,554.586859,357.890587,452.709274,350.112342,503.648067,354.001465,2.813497,1.88665,-1.791927,1.758913,0.510785,1.822782
4905,163.5,1,554.635601,357.885051,452.525826,350.21293,503.580713,354.048991,2.817225,1.859099,-1.787123,1.685584,0.515051,1.772341
4906,163.533333,1,554.722967,357.954724,452.467365,349.882042,503.595166,353.918383,2.815774,1.866852,-1.786227,1.541735,0.514773,1.704293
4907,163.566667,1,554.595079,357.73554,452.445641,349.992437,503.52036,353.863988,2.812469,1.763891,-1.76649,1.638142,0.52299,1.701016
4908,163.6,1,554.879999,357.54631,452.275028,349.913263,503.577514,353.729787,2.815878,1.764619,-1.772205,1.545611,0.521837,1.655115
4909,163.633333,1,555.147524,357.508968,452.078247,349.821848,503.612885,353.665408,2.825249,1.758758,-1.780012,1.520313,0.522618,1.639535
4910,163.666667,1,555.184126,357.306322,452.042084,349.810326,503.613105,353.558324,2.82018,1.727549,-1.781164,1.60115,0.519508,1.664349
4911,163.7,1,555.058117,357.2313,452.044201,349.549856,503.551159,353.390578,2.818158,1.714034,-1.783931,1.494861,0.517113,1.604447
4912,163.733333,1,554.86743,357.118471,451.876011,349.582327,503.37172,353.350399,2.809771,1.747558,-1.782472,1.557132,0.51365,1.652345
4913,163.766667,1,554.772596,357.017437,451.611767,349.47315,503.192182,353.245294,2.809853,1.758698,-1.770716,1.457216,0.519569,1.607957
4914,163.8,1,554.510517,356.806401,451.309271,349.406004,502.909894,353.106202,2.809868,1.711348,-1.762425,1.422401,0.523721,1.566875
4915,163.833333,1,554.065619,356.742859,451.14893,349.498921,502.607274,353.12089,2.804993,1.724664,-1.753443,1.477284,0.525775,1.600974
4916,163.866667,1,553.807821,356.811342,450.950308,349.63809,502.379065,353.224716,2.805968,1.685178,-1.751095,1.512024,0.527437,1.598601
4917,163.9,1,553.606167,356.911533,450.657549,349.444617,502.131858,353.178075,2.807718,1.730833,-1.760238,1.477926,0.52374,1.60438
4918,163.933333,1,553.078032,356.676995,450.462685,349.570418,501.770358,353.123707,2.797093,1.69708,-1.739925,1.450423,0.528584,1.573752
4919,163.966667,1,553.161573,356.719825,450.339441,349.582509,501.750507,353.151167,2.797551,1.73716,-1.748478,1.436009,0.524537,1.586585
4920,164.0,1,553.217354,356.887093,450.335779,349.602519,501.776567,353.244806,2.800145,1.750431,-1.748187,1.409901,0.525979,1.580166
4921,164.033333,1,553.16577,356.84922,450.394917,349.56323,501.780343,353.206225,2.800579,1.755696,-1.74079,1.422619,0.529895,1.589158
4922,164.066667,1,553.246851,356.965676,450.415039,349.642532,501.830945,353.304104,2.802327,1.725646,-1.72817,1.412699,0.537079,1.569173
4923,164.1,1,553.657999,357.149622,450.385609,349.524445,502.021804,353.337033,2.808025,1.825248,-1.762779,1.404959,0.522623,1.615104
4924,164.133333,1,553.581629,357.117698,450.384359,349.559051,501.982994,353.338374,2.803031,1.776184,-1.752903,1.395734,0.525064,1.585959
4925,164.166667,1,553.547449,357.095811,450.539141,349.782221,502.043295,353.439016,2.80656,1.71404,-1.735753,1.374574,0.535403,1.544307
4926,164.2,1,553.657217,357.10463,450.529327,349.517514,502.093272,353.311072,2.808381,1.786571,-1.74199,1.309111,0.533195,1.547841
4927,164.233333,1,553.358383,356.970059,450.471239,349.684433,501.914811,353.327246,2.799769,1.711862,-1.74095,1.396648,0.529409,1.554255
4928,164.266667,1,553.308392,356.981796,450.420914,349.894778,501.864653,353.438287,2.800588,1.769584,-1.737136,1.416763,0.531726,1.593173
4929,164.3,1,553.096237,357.019722,450.408754,350.046778,501.752496,353.53325,2.803543,1.777288,-1.728699,1.407121,0.537422,1.592205
4930,164.333333,1,552.941971,357.197912,450.27585,350.128157,501.608911,353.663034,2.806923,1.742888,-1.73009,1.374441,0.538417,1.558664
4931,164.366667,1,552.728119,356.971507,450.18714,350.119654,501.457629,353.545581,2.804892,1.697158,-1.729659,1.393919,0.537616,1.545538
4932,164.4,1,552.815161,357.044179,450.09202,350.020782,501.45359,353.532481,2.801743,1.70873,-1.737517,1.380552,0.532113,1.544641
4933,164.433333,1,552.789755,357.141082,450.118065,350.102021,501.45391,353.621551,2.809568,1.718059,-1.733279,1.392435,0.538145,1.555247
4934,164.466667,1,552.693987,357.065175,450.171976,350.07566,501.432981,353.570418,2.806577,1.72257,-1.721933,1.370812,0.542322,1.546691
4935,164.5,1,553.06097,357.197977,450.105047,350.096646,501.583009,353.647311,2.808728,1.755489,-1.727165,1.297749,0.540782,1.526619
4936,164.533333,1,552.986336,357.011676,450.399933,350.164259,501.693134,353.587967,2.800597,1.694382,-1.726931,1.391182,0.536833,1.542782
4937,164.566667,1,553.433456,357.061592,450.429897,350.047234,501.931677,353.554413,2.805162,1.745906,-1.725807,1.307031,0.539678,1.526468
4938,164.6,1,553.266239,356.879373,450.505867,350.074346,501.886053,353.47686,2.806589,1.748647,-1.713952,1.346073,0.546318,1.54736
4939,164.633333,1,554.07774,357.20354,451.061201,350.073418,502.56947,353.638479,2.817551,1.786076,-1.72928,1.261265,0.544136,1.523671
4940,164.666667,1,554.371529,357.199811,451.711092,349.960266,503.04131,353.580039,2.806537,1.757905,-1.720477,1.32529,0.54303,1.541597
4941,164.7,1,554.415483,357.182881,451.57444,349.964134,502.994962,353.573508,2.806388,1.742657,-1.729628,1.386162,0.53838,1.564409
4942,164.733333,1,554.35811,357.115799,451.704121,349.858037,503.031116,353.486918,2.803324,1.74401,-1.723557,1.36672,0.539883,1.555365
4943,164.766667,1,554.356613,357.103016,451.64134,350.033743,502.998977,353.568379,2.799629,1.750403,-1.725519,1.422318,0.537055,1.586361
4944,164.8,1,554.490204,357.183627,451.446886,350.193055,502.968545,353.688341,2.801385,1.779309,-1.725892,1.386358,0.537747,1.582833
4945,164.833333,1,554.356575,357.19494,451.554804,350.200818,502.955689,353.697879,2.801601,1.782128,-1.721585,1.368493,0.540008,1.575311
4946,164.866667,1,554.112549,357.26648,451.264191,350.162848,502.68837,353.714664,2.791153,1.818057,-1.729931,1.376914,0.530611,1.597486
4947,164.9,1,554.213047,357.41405,451.232681,350.322075,502.722864,353.868062,2.796075,1.837004,-1.734638,1.36734,0.530718,1.602172
4948,164.933333,1,553.999348,357.314894,451.299353,350.245471,502.64935,353.780183,2.786711,1.846834,-1.726079,1.36363,0.530316,1.605232
4949,164.966667,1,554.007387,357.479453,451.427851,350.27792,502.717619,353.878687,2.79266,1.832279,-1.716113,1.350772,0.538273,1.591525
4950,165.0,1,553.896379,357.452078,451.534691,350.267347,502.715535,353.859713,2.786308,1.839864,-1.717762,1.34628,0.534273,1.593072
4951,165.033333,1,553.838282,357.494044,451.707983,350.503596,502.773132,353.99882,2.785905,1.771427,-1.71465,1.300697,0.535628,1.536062
4952,165.066667,1,553.895178,357.51326,451.692123,350.530697,502.793651,354.021978,2.777586,1.802401,-1.725688,1.349179,0.525949,1.57579
4953,165.1,1,554.052162,357.660695,451.589804,350.558195,502.820983,354.109445,2.776432,1.847998,-1.738086,1.37842,0.519173,1.613209
4954,165.133333,1,553.90686,357.560005,451.742411,350.654562,502.824636,354.107283,2.78762,1.805105,-1.724333,1.366764,0.531643,1.585935
4955,165.166667,1,554.213009,357.677073,451.536913,350.781205,502.874961,354.229139,2.787576,1.791088,-1.739186,1.393538,0.524195,1.592313
4956,165.2,1,554.154367,357.620242,451.563168,350.715807,502.858768,354.168025,2.787078,1.810142,-1.731274,1.410125,0.527902,1.610133
4957,165.233333,1,554.264145,357.778637,451.479855,350.574852,502.872,354.176745,2.78511,1.881348,-1.742862,1.392604,0.521124,1.636976
4958,165.266667,1,554.232845,357.700092,451.548119,350.595092,502.890482,354.147592,2.791949,1.867852,-1.738561,1.46897,0.526694,1.668411
4959,165.3,1,554.27,357.771766,451.640568,350.524356,502.955284,354.148061,2.796779,1.926727,-1.739978,1.456962,0.528401,1.691845
4960,165.333333,1,554.243431,357.718969,451.728773,350.612901,502.986102,354.165935,2.80166,1.889865,-1.728846,1.469511,0.536407,1.679688
4961,165.366667,1,554.487782,357.708986,451.749315,350.730479,503.118548,354.219732,2.801875,1.856056,-1.743038,1.496486,0.529419,1.676271
4962,165.4,1,554.615927,357.694593,451.835518,350.764366,503.225722,354.229479,2.813355,1.916537,-1.745111,1.527978,0.534122,1.722258
4963,165.433333,1,554.588633,357.917238,451.993952,350.775213,503.291292,354.346225,2.810372,1.871923,-1.751048,1.471809,0.529662,1.671866
4964,165.466667,1,554.605665,357.769952,452.234411,350.974624,503.420038,354.372288,2.815342,1.786079,-1.748872,1.557631,0.533235,1.671855
4965,165.5,1,554.605494,357.812294,452.173929,350.918212,503.389711,354.365253,2.810196,1.807976,-1.75041,1.556864,0.529893,1.68242
4966,165.533333,1,554.595718,357.782028,452.660971,350.855695,503.628345,354.318861,2.7972,1.866118,-1.734251,1.531741,0.531474,1.69893
4967,165.566667,1,554.508677,357.931234,452.635689,351.103177,503.572183,354.517205,2.813231,2.150888,-1.760795,1.811635,0.526218,1.981261
4968,165.6,1,554.543314,358.348054,452.843361,351.551927,503.693337,354.949991,2.828946,2.296905,-1.798305,2.093725,0.51532,2.195315
4969,165.633333,1,554.448013,358.987745,452.95023,352.299609,503.699121,355.643677,2.847328,2.235723,-1.803463,2.172266,0.521932,2.203994
4970,165.666667,1,554.517288,359.093167,452.908487,352.280763,503.712888,355.686965,2.838619,2.428395,-1.818259,2.212231,0.51018,2.320313
4971,165.7,1,554.757261,359.367417,452.880802,352.735215,503.819032,356.051316,2.826994,2.189222,-1.813581,2.089237,0.506706,2.139229
4972,165.733333,1,555.074663,359.483766,452.775211,352.793387,503.924937,356.138577,2.819918,2.291806,-1.841829,2.100715,0.489045,2.196261
4973,165.766667,1,555.16408,359.487306,452.710323,352.697906,503.937201,356.092606,2.815267,2.368408,-1.834006,2.070697,0.49063,2.219552
4974,165.8,1,554.960499,359.472007,452.630758,352.824694,503.795629,356.148351,2.816162,2.375332,-1.833168,2.095782,0.491497,2.235557
4975,165.833333,1,555.156221,359.4599,452.688122,353.12861,503.922172,356.294255,2.834538,2.227619,-1.8135,2.057647,0.510519,2.142633
4976,165.866667,1,555.123768,359.636464,452.55209,353.167534,503.837929,356.401999,2.828331,2.271288,-1.824365,2.106206,0.501983,2.188747
4977,165.9,1,555.266666,359.726822,452.322359,353.350917,503.794513,356.538869,2.84397,2.267518,-1.825631,2.126881,0.50917,2.197199
4978,165.933333,1,555.260382,359.908504,452.223263,353.504135,503.741822,356.70632,2.860128,2.399452,-1.821157,2.190235,0.519485,2.294843
4979,165.966667,1,554.892302,359.949322,451.922941,353.777769,503.407621,356.863545,2.862469,2.4848,-1.825626,2.134793,0.518422,2.309797
4980,166.0,1,554.773951,359.871892,451.496496,353.812487,503.135223,356.84219,2.871698,2.58982,-1.812292,2.105559,0.529703,2.347689
4981,166.033333,1,554.376783,360.184069,451.202393,354.157264,502.789588,357.170666,2.881274,2.611615,-1.806262,2.066543,0.537506,2.339079
4982,166.066667,1,554.188156,360.236195,451.06451,354.270265,502.626333,357.25323,2.897389,2.626747,-1.790565,2.039608,0.553412,2.333178
4983,166.1,1,554.096231,360.362238,450.908527,354.500195,502.502379,357.431216,2.913262,2.622964,-1.807898,2.168036,0.552682,2.3955
4984,166.133333,1,553.831806,360.731481,450.419283,354.674302,502.125545,357.702892,2.915182,2.667305,-1.81895,2.160022,0.548116,2.413664
4985,166.166667,1,553.483591,360.820364,450.289478,354.847809,501.886535,357.834087,2.893302,2.64022,-1.856727,2.282756,0.518287,2.461488
4986,166.2,1,553.055277,360.676839,449.88698,355.053915,501.471128,357.865377,2.876019,2.699114,-1.850996,2.371734,0.512511,2.535424
4987,166.233333,1,552.842169,361.010426,449.791985,355.29002,501.317077,358.150223,2.868781,2.65579,-1.875638,2.42023,0.496572,2.53801
4988,166.266667,1,552.361565,361.431125,449.855928,355.304589,501.108747,358.367857,2.852127,2.687568,-1.896778,2.45944,0.477674,2.573504
4989,166.3,1,551.6926,361.181476,449.711971,355.381048,500.702286,358.281262,2.845731,2.682181,-1.929321,2.876602,0.458205,2.779391
4990,166.333333,1,550.391626,362.77224,449.499493,356.762391,499.94556,359.767316,2.880837,3.37553,-1.929965,4.486571,0.475436,3.93105
4991,166.366667,1,549.446716,363.921787,448.310547,357.804081,498.878632,360.862934,2.918933,3.360818,-1.945198,6.676614,0.486868,5.018716
4992,166.4,1,548.950052,363.860815,448.419638,358.078117,498.684845,360.969466,2.884287,3.239139,-1.943755,5.526212,0.470266,4.382676
4993,166.433333,1,550.054274,363.416056,448.63884,357.668737,499.346557,360.542396,2.938088,3.081325,-1.951863,5.900914,0.493112,4.49112
4994,166.466667,1,549.747171,362.840599,448.339319,357.473617,499.043245,360.157108,2.903122,3.28679,-1.96864,4.588685,0.467241,3.937737
4995,166.5,1,549.538202,362.470384,448.269053,357.453414,498.903627,359.961899,2.902194,3.173076,-1.970503,4.482536,0.465845,3.827806
4996,166.533333,1,549.514894,362.468684,448.055401,357.335773,498.785148,359.902228,2.897855,3.243385,-1.982622,4.476762,0.457616,3.860074
4997,166.566667,1,549.274912,362.684387,447.863159,357.450791,498.569036,360.067589,2.918621,3.272729,-1.987754,4.66395,0.465434,3.968339
4998,166.6,1,549.031277,362.862727,447.902813,357.620253,498.467045,360.24149,2.910553,3.299351,-1.979621,4.95174,0.465466,4.125546
4999,166.633333,1,548.756037,362.966829,447.408133,357.846084,498.082085,360.406457,2.89376,3.09462,-1.964658,4.902146,0.464551,3.998383
5000,166.666667,1,548.394089,363.412317,447.033072,358.270345,497.71358,360.841331,2.899242,2.988369,-1.946834,4.752929,0.476204,3.870649
5001,166.7,1,547.699547,363.026535,446.83322,358.701183,497.266383,360.863859,2.905154,2.916742,-1.957512,4.831871,0.473821,3.874307
5002,166.733333,1,547.888489,362.63446,446.851645,358.515982,497.370067,360.575221,2.921417,3.063151,-1.98051,4.867758,0.470453,3.965455
5003,166.766667,1,548.493443,362.933468,446.838665,358.497679,497.666054,360.715573,2.923777,3.214801,-1.951528,4.761929,0.486125,3.988365
5004,166.8,1,548.264475,363.391519,446.272469,358.75421,497.268472,361.072865,2.920557,3.179449,-1.957076,4.923856,0.48174,4.051652
5005,166.833333,1,547.812414,363.343813,446.416483,359.127644,497.114449,361.235729,2.928083,2.915082,-1.954316,4.789409,0.486883,3.852246
5006,166.866667,1,548.193054,363.574237,446.055813,359.258536,497.124434,361.416386,2.943218,3.061999,-1.946003,4.752191,0.498607,3.907095
5007,166.9,1,547.069502,367.589616,446.288815,360.54701,496.679158,364.068313,2.978815,3.638929,-1.833676,5.251752,0.572569,4.44534
5008,166.933333,1,544.369459,371.197375,448.88257,363.229326,496.626015,367.213351,2.877024,5.299126,-1.672262,71.014755,0.602381,38.156941
5009,166.966667,1,544.656067,371.744567,446.487513,364.872056,495.57179,368.308311,2.845306,7.547702,-1.692676,24.691233,0.576315,16.119467
5010,167.0,1,544.469166,372.345253,446.489458,365.728614,495.479312,369.036933,2.853353,8.185334,-1.682759,29.363227,0.585297,18.774281
5011,167.033333,1,544.516068,372.876095,446.180725,366.314784,495.348396,369.595439,2.829586,9.223429,-1.684487,37.403782,0.572549,23.313605
5012,167.066667,1,544.571304,373.250949,446.289015,366.957575,495.43016,370.104262,2.803295,11.859703,-1.655303,44.496291,0.573996,28.177997
5013,167.1,1,544.084482,373.618788,449.832573,367.118797,496.958528,370.368792,2.782036,15.505319,-1.574532,54.581935,0.603752,35.043627
5014,167.133333,1,543.982687,374.376522,448.912268,368.093984,496.447477,371.235253,2.734282,14.300391,-1.597597,38.578176,0.568343,26.439284
5015,167.166667,1,543.368654,374.510279,448.115044,369.101079,495.741849,371.805679,2.707364,14.491869,-1.633154,40.735838,0.537105,27.613854
5016,167.2,1,542.836266,375.131865,447.651958,369.624184,495.244112,372.378024,2.712778,21.082736,-1.614171,41.484699,0.549303,31.283717
5017,167.233333,1,542.431965,375.663328,447.218199,370.028801,494.825082,372.846065,2.697041,30.113468,-1.603718,51.981917,0.546662,41.047693
5018,167.266667,1,542.406311,376.788504,445.949316,371.198373,494.177814,373.993438,2.686497,22.491108,-1.598926,70.979708,0.543786,46.735408
5019,167.3,1,541.062536,377.279756,445.197563,372.257899,493.13005,374.768828,2.626887,28.791747,-1.579969,57.263107,0.523459,43.027427
5020,167.333333,1,540.740776,378.620034,445.665379,373.426784,493.203077,376.023409,2.650378,30.980126,-1.548884,47.74931,0.550747,39.364718
5021,167.366667,1,539.827929,379.399474,443.410025,374.708966,491.618977,377.05422,2.681155,40.69899,-1.566884,66.844107,0.557135,53.771549
5022,167.4,1,539.323006,380.729291,441.827126,376.13427,490.575066,378.431781,2.678314,67.262603,-1.561821,63.293849,0.558247,65.278226
5023,167.433333,1,538.62895,382.260683,442.638369,377.689458,490.633659,379.97507,2.614991,74.384563,-1.511442,60.141533,0.551775,67.263048
5024,167.466667,1,538.027143,383.942363,440.532932,379.700707,489.280038,381.821535,2.644867,75.092303,-1.50792,61.570952,0.568474,68.331628
5025,167.5,1,538.036804,386.571025,438.054562,382.145766,488.045683,384.358395,2.614745,49.943409,-1.531291,82.056601,0.541727,66.000005
5026,167.533333,1,538.268585,388.59164,438.389521,384.617625,488.329053,386.604633,2.636566,55.766859,-1.546988,78.218182,0.544789,66.99252
5027,167.566667,1,538.21208,391.681813,437.780075,387.184253,487.996078,389.433033,2.580429,52.540162,-1.549293,86.842444,0.515568,69.691303
5028,167.6,1,537.888584,394.801737,436.578093,390.842743,487.233338,392.82224,2.559515,49.259887,-1.546515,78.894243,0.5065,64.077065
5029,167.633333,1,538.115587,398.309788,435.374231,395.292485,486.744909,396.801136,2.585546,48.952584,-1.57241,63.908684,0.506568,56.430634
5030,167.666667,1,538.416357,402.867751,434.67061,399.290403,486.543484,401.079077,2.596416,40.661936,-1.591928,52.78277,0.502244,46.722353
5031,167.7,1,538.689613,407.236083,434.426394,404.506356,486.558003,405.871219,2.597467,41.340441,-1.571731,38.246095,0.512868,39.793268
5032,167.733333,1,542.884178,415.210891,434.199476,410.113631,488.541827,412.662261,2.602872,37.329944,-1.59519,43.103045,0.503841,40.216494
5033,167.766667,1,542.787237,422.613047,433.571463,418.087496,488.17935,420.350271,2.701937,31.735566,-1.624288,36.191082,0.538825,33.963324
5034,167.8,1,542.478304,431.384901,434.691648,426.345867,488.584976,428.865384,2.750027,24.545498,-1.677878,34.613417,0.536074,29.579458
5035,167.833333,1,544.008188,443.136603,434.755259,437.263777,489.381723,440.20019,2.808962,20.14233,-1.653243,29.897476,0.57786,25.019903
5036,167.866667,1,542.518482,455.441891,430.959568,450.282233,486.739025,452.862062,2.78181,17.168613,-1.677075,27.192546,0.552367,22.18058
5037,167.9,1,542.538462,470.769289,431.443253,464.674044,486.990857,467.721666,2.809981,17.005735,-1.718124,26.19549,0.545929,21.600613
5038,167.933333,1,541.219044,486.474148,429.902048,481.933651,485.560546,484.2039,2.785095,15.373527,-1.680478,18.442675,0.552308,16.908101
5039,167.966667,1,531.116133,504.436033,430.676517,496.929367,480.896325,500.6827,2.621597,12.206178,-1.567447,14.886603,0.527075,13.546391
5040,168.0,1,533.587456,521.946287,429.465504,511.662633,481.52648,516.80446,2.697176,10.499162,-1.544147,14.174059,0.576515,12.33661
5041,168.033333,1,525.943727,530.757033,429.839315,520.080199,477.891521,525.418616,2.583757,10.532077,-1.406999,12.687662,0.588379,11.60987
5042,168.066667,1,526.54273,534.748181,430.105352,522.390032,478.324041,528.569106,2.577027,9.702045,-1.452778,12.586012,0.562124,11.144028
5043,168.1,1,526.812401,530.788189,429.030285,519.466875,477.921343,525.127532,2.648791,10.85402,-1.434706,11.899797,0.607042,11.376909
5044,168.133333,1,534.077253,525.57007,428.792629,513.438771,481.434941,519.50442,2.762603,11.306417,-1.546964,14.395312,0.607819,12.850864
5045,168.166667,1,536.40729,515.274668,428.895512,505.767299,482.651401,510.520983,2.793344,14.12703,-1.561815,14.863677,0.615764,14.495354
5046,168.2,1,539.048481,508.199987,428.796091,498.170779,483.922286,503.185383,2.872774,14.255503,-1.588146,14.874881,0.642314,14.565192
5047,168.233333,1,538.880434,501.645259,426.332417,492.057574,482.606425,496.851416,2.942669,14.719397,-1.62995,16.238777,0.656359,15.479087
5048,168.266667,1,537.270927,497.184713,426.986351,486.843939,482.128639,492.014326,2.922725,14.862349,-1.591562,17.364506,0.665582,16.113427
5049,168.3,1,537.313814,494.504403,426.351328,485.445178,481.832571,489.97479,2.959643,14.866211,-1.586149,18.511435,0.686747,16.688823
5050,168.333333,1,537.041998,495.418886,425.267658,486.089777,481.154828,490.754331,2.951273,14.912852,-1.617977,19.244592,0.666648,17.078722
5051,168.366667,1,535.256901,497.520579,426.412115,488.417355,480.834508,492.968967,2.908201,13.659698,-1.573251,18.498421,0.667475,16.07906
5052,168.4,1,535.891466,499.372612,426.741028,491.93769,481.316247,495.655151,2.896076,12.243304,-1.556508,15.170427,0.669784,13.706866
5053,168.433333,1,538.014355,502.731993,426.396332,494.737465,482.205343,498.734729,2.890522,12.744314,-1.570354,15.908171,0.660084,14.326243
5054,168.466667,1,538.228445,502.534153,427.821388,495.295837,483.024917,498.914995,2.847438,14.331709,-1.540745,18.23035,0.653346,16.281029
5055,168.5,1,540.436077,499.653461,428.913031,491.292243,484.674554,495.472852,2.777741,20.028384,-1.576581,19.120418,0.60058,19.574401
5056,168.533333,1,541.88242,489.488951,430.244846,483.149539,486.063633,486.319245,2.66005,18.817336,-1.518907,17.568558,0.570572,18.192947
5057,168.566667,1,547.29291,477.988164,435.08707,470.548897,491.18999,474.268531,2.736804,8.606148,-1.523644,12.870539,0.60658,10.738343
5058,168.6,1,553.764315,467.573833,435.546551,459.640653,494.655433,463.607243,2.875773,5.811714,-1.621125,9.932606,0.627324,7.87216
5059,168.633333,1,552.054195,464.521866,438.190613,455.760623,495.122404,460.141245,2.554547,21.99175,-1.580993,21.744901,0.486777,21.868326
5060,168.666667,1,555.360975,451.297106,440.721588,444.678894,498.041282,447.988,2.528437,23.799813,-1.601568,21.849463,0.463435,22.824638
5061,168.7,1,557.195425,434.729766,440.659523,428.328395,498.927474,431.52908,2.683767,17.003609,-1.68249,17.755533,0.500639,17.379571
5062,168.733333,1,558.565998,417.84306,442.825317,414.659815,500.695658,416.251438,2.712998,2.67464,-1.789925,2.974195,0.461536,2.824417
5063,168.766667,1,557.976809,418.150023,442.138968,414.826659,500.057888,416.488341,2.746585,3.788286,-1.771213,2.755213,0.487686,3.271749
5064,168.8,1,558.073978,406.75925,442.51091,404.106256,500.292444,405.432753,2.665954,2.032541,-1.769932,2.096755,0.448011,2.064648
5065,168.833333,1,556.939983,404.229026,443.511038,397.643452,500.225511,400.936239,2.664869,8.382529,-1.730078,7.678252,0.467396,8.030391
5066,168.866667,1,554.134245,405.946037,446.116037,399.241383,500.125141,402.59371,2.476084,29.493374,-1.56026,30.530846,0.457912,30.01211
5067,168.9,1,554.469213,393.605804,445.433321,389.741943,499.951267,391.673874,2.666982,18.232729,-1.581603,19.48558,0.542689,18.859154
5068,168.933333,1,555.037451,381.653666,443.456221,378.708526,499.246836,380.181096,2.844179,5.954239,-1.734728,2.631719,0.554725,4.292979
5069,168.966667,1,553.476439,376.163324,442.029657,373.905516,497.753048,375.03442,2.784932,2.643927,-1.810668,1.671059,0.487132,2.157493
5070,169.0,1,551.656408,372.962966,441.515255,371.710428,496.585832,372.336697,2.819758,1.863086,-1.842795,1.398249,0.488482,1.630667
5071,169.033333,1,552.587204,371.960528,442.300711,370.094789,497.443957,371.027658,2.828856,1.875663,-1.825677,1.233484,0.50159,1.554573
5072,169.066667,1,549.257059,378.85005,444.480581,374.252862,496.86882,376.551456,2.815731,5.378692,-1.62743,5.532584,0.594151,5.455638
5073,169.1,1,550.584021,384.809361,446.802702,381.225017,498.693361,383.017189,2.710432,31.810544,-1.528269,17.232203,0.591082,24.521373
5074,169.133333,1,552.717924,380.195253,447.010593,376.610663,499.864259,378.402958,2.8235,11.139221,-1.607296,30.005616,0.608102,20.572418
5075,169.166667,1,553.275862,373.870872,442.841043,372.246183,498.058453,373.058528,2.934581,3.058815,-1.778251,2.275056,0.578165,2.666935
5076,169.2,1,553.551779,372.41012,443.021469,371.166787,498.286624,371.788453,2.873918,1.764016,-1.820233,1.271751,0.526842,1.517884
5077,169.233333,1,553.539019,371.941645,443.280687,370.60693,498.409853,371.274287,2.871171,1.723645,-1.829191,1.294662,0.52099,1.509153
5078,169.266667,1,553.196335,372.104316,443.58592,370.733272,498.391128,371.418794,2.861009,1.623933,-1.854291,1.209837,0.503359,1.416885
5079,169.3,1,553.324442,372.497174,443.6625,370.186279,498.493471,371.341726,2.838565,1.740299,-1.857999,1.147122,0.490283,1.443711
5080,169.333333,1,553.026171,372.35404,443.53076,370.449908,498.278465,371.401974,2.827659,1.674848,-1.841448,1.281731,0.493105,1.47829
5081,169.366667,1,553.180151,372.682106,443.401699,370.320368,498.290925,371.501237,2.830889,1.731309,-1.853665,1.23662,0.488612,1.483964
5082,169.4,1,552.545605,372.605631,443.095427,370.663342,497.820516,371.634487,2.810422,1.742891,-1.844127,1.30996,0.483148,1.526426
5083,169.433333,1,552.369556,372.947012,442.852192,370.679457,497.610874,371.813234,2.822927,1.685072,-1.832886,1.221213,0.49502,1.453143
5084,169.466667,1,551.6049,372.850624,442.443495,371.457179,497.024198,372.153902,2.787706,1.683345,-1.848536,1.407143,0.469585,1.545244
5085,169.5,1,551.3871,375.545547,442.336874,373.374256,496.861987,374.459901,2.843162,2.646824,-1.765021,1.861149,0.53907,2.253986
5086,169.533333,1,550.351219,385.552493,445.043383,382.546381,497.697301,384.049437,2.644102,48.768729,-1.609553,27.489223,0.517274,38.128976
5087,169.566667,1,551.244125,381.191082,445.031776,379.002239,498.137951,380.09666,2.832792,23.920884,-1.623881,14.187924,0.604456,19.054404
5088,169.6,1,555.259533,377.423319,444.964218,374.869298,500.111876,376.146308,2.899781,3.393424,-1.756461,2.139961,0.57166,2.766693
5089,169.633333,1,555.799894,375.628384,445.548553,374.747171,500.674224,375.187778,2.852468,2.335171,-1.81537,1.695889,0.518549,2.01553
5090,169.666667,1,556.034975,374.654689,445.556688,373.633668,500.795832,374.144179,2.846203,2.025251,-1.802639,1.353109,0.521782,1.68918
5091,169.7,1,556.136227,374.772695,445.778418,372.937968,500.957322,373.855332,2.835468,1.90363,-1.781002,1.364505,0.527233,1.634067
5092,169.733333,1,555.225277,374.484969,445.280533,373.219181,500.252905,373.852075,2.811144,1.76871,-1.832023,1.380201,0.48956,1.574456
5093,169.766667,1,555.242462,373.916427,445.088844,373.097409,500.165653,373.506918,2.823682,1.7653,-1.803221,1.394869,0.51023,1.580084
5094,169.8,1,554.895363,373.912264,444.881477,372.937206,499.88842,373.424735,2.819494,1.779552,-1.810129,1.323032,0.504683,1.551292
5095,169.833333,1,554.730206,373.616878,444.939461,372.720065,499.834833,373.168471,2.824142,1.751591,-1.811543,1.349948,0.506299,1.550769
5096,169.866667,1,551.049528,378.077263,445.458651,374.593266,498.254089,376.335264,2.817444,3.533892,-1.701543,5.211415,0.557951,4.372653
5097,169.9,1,551.2465,387.281059,447.973909,383.953553,499.610205,385.617306,2.465105,56.282663,-1.541329,49.081177,0.461888,52.68192
5098,169.933333,1,551.313877,384.732907,447.656012,380.834359,499.484944,382.783633,2.688815,44.408597,-1.559894,69.08561,0.564461,56.747104
5099,169.966667,1,553.241386,379.003354,446.981745,376.520873,500.111566,377.762114,2.824212,8.924571,-1.75292,8.130912,0.535646,8.527741
5100,170.0,1,557.189121,375.551094,447.541084,373.907608,502.365103,374.729351,2.922968,2.624762,-1.797061,3.002355,0.562953,2.813559
5101,170.033333,1,556.718531,374.077199,447.615461,372.730086,502.166996,373.403642,2.862272,2.008354,-1.766814,1.970245,0.547729,1.989299
5102,170.066667,1,556.787996,373.518054,448.404284,371.948286,502.59614,372.73317,2.883568,1.999033,-1.745,1.599954,0.569284,1.799493
5103,170.1,1,556.801901,373.178079,448.606005,371.525667,502.703953,372.351873,2.881819,1.79061,-1.734295,1.579785,0.573762,1.685197
5104,170.133333,1,556.633339,372.741405,448.551311,371.280513,502.592325,372.010959,2.86865,1.764785,-1.746135,1.521276,0.561258,1.64303
5105,170.166667,1,556.670427,372.720752,448.611908,370.847154,502.641168,371.783953,2.866899,1.796181,-1.73769,1.448912,0.564604,1.622547
5106,170.2,1,556.539316,372.756565,448.491278,370.95471,502.515297,371.855637,2.887594,1.775728,-1.758016,1.497052,0.564789,1.63639
5107,170.233333,1,556.577396,372.840475,448.519106,370.93123,502.548251,371.885853,2.889153,1.791569,-1.760566,1.487674,0.564293,1.639622
5108,170.266667,1,556.008453,374.570457,448.412476,371.783266,502.210464,373.176861,2.933138,2.002519,-1.790505,2.134694,0.571316,2.068607
5109,170.3,1,550.806818,384.346937,447.02363,380.335608,498.915224,382.341272,2.649793,43.602572,-1.650509,36.91401,0.499642,40.258291
5110,170.333333,1,550.862751,383.784424,446.053963,380.302402,498.458357,382.043413,2.694212,51.279232,-1.665164,31.596693,0.514524,41.437962
5111,170.366667,1,551.622486,378.3837,447.519522,375.81939,499.571004,377.101545,2.749505,11.207338,-1.73146,4.567711,0.509022,7.887525
5112,170.4,1,555.583668,374.139544,447.055693,372.605116,501.31968,373.37233,2.889409,2.977002,-1.791778,3.057865,0.548816,3.017434
5113,170.433333,1,555.233145,373.076048,447.164888,371.265535,501.199017,372.170792,2.953172,2.413819,-1.767017,2.185947,0.593078,2.299883
5114,170.466667,1,554.87154,372.564347,447.5284,370.698001,501.19997,371.631174,2.942563,2.012036,-1.781775,2.058065,0.580394,2.035051
5115,170.5,1,554.852791,372.108908,447.343769,370.433396,501.09828,371.271152,2.957785,1.923608,-1.77296,2.00609,0.592413,1.964849
5116,170.533333,1,554.956017,372.001019,447.4786,369.934012,501.217308,370.967515,2.944724,1.927358,-1.763628,1.955261,0.590548,1.94131
5117,170.566667,1,554.673338,371.771368,447.490149,369.579944,501.081743,370.675656,2.946902,1.964669,-1.785233,2.035327,0.580835,1.999998
5118,170.6,1,554.87833,371.327119,447.454672,369.259393,501.166501,370.293256,2.965968,2.004274,-1.768167,1.90429,0.598901,1.954282
5119,170.633333,1,554.215097,371.030531,447.470512,369.066832,500.842805,370.048681,2.95949,1.948111,-1.777664,1.930489,0.590913,1.9393
5120,170.666667,1,554.924402,370.988528,447.516727,368.934985,501.220565,369.961756,2.971964,1.977497,-1.761397,1.870493,0.605283,1.923995
5121,170.7,1,555.028791,370.826597,447.879972,368.779702,501.454382,369.803149,2.971261,2.022585,-1.768757,1.883905,0.601252,1.953245
5122,170.733333,1,555.308342,370.541993,448.223429,368.627899,501.765885,369.584946,2.973514,1.925807,-1.754486,1.811998,0.609514,1.868903
5123,170.766667,1,555.815468,370.105748,448.249912,368.43934,502.03269,369.272544,2.985749,1.924118,-1.74682,1.915324,0.619464,1.919721
5124,170.8,1,556.266508,369.56597,448.695793,368.265356,502.481151,368.915663,2.975903,1.978073,-1.735777,1.950051,0.620063,1.964062
5125,170.833333,1,556.176519,369.503995,448.478432,368.132232,502.327476,368.818114,2.956824,1.988962,-1.741626,1.929275,0.607599,1.959118
5126,170.866667,1,556.347561,369.1594,448.693209,367.889535,502.520385,368.524468,2.934571,1.930638,-1.739152,1.904946,0.597709,1.917792
5127,170.9,1,556.580448,368.962499,449.18788,367.535827,502.884164,368.249163,2.943042,1.930033,-1.710604,1.897018,0.616219,1.913525
5128,170.933333,1,556.260633,368.837857,448.98181,367.65467,502.621222,368.246264,2.937148,1.884398,-1.716542,1.845733,0.610303,1.865066
5129,170.966667,1,556.422195,368.721337,449.123497,367.711388,502.772846,368.216363,2.923304,1.904122,-1.719293,1.916163,0.602005,1.910142
5130,171.0,1,557.069664,368.643966,449.354305,367.48538,503.211985,368.064673,2.935158,2.166639,-1.702276,1.917675,0.616441,2.042157
5131,171.033333,1,557.403069,368.61709,449.966831,367.710428,503.68495,368.163759,2.933232,2.231635,-1.701339,2.006649,0.615946,2.119142
5132,171.066667,1,557.784224,368.019751,450.257721,367.650872,504.020972,367.835312,2.943606,2.288119,-1.702287,2.143203,0.62066,2.215661
5133,171.1,1,557.590923,367.651216,450.25713,367.519079,503.924026,367.585148,2.904178,2.244886,-1.672411,2.113041,0.615884,2.178964
5134,171.133333,1,556.756792,368.219694,450.165701,367.563309,503.461246,367.891501,2.911846,2.265999,-1.677396,2.01858,0.617225,2.14229
5135,171.166667,1,548.388672,374.769766,447.506294,372.478795,497.947483,373.624281,2.843369,6.734107,-1.665363,14.901987,0.589003,10.818047
5136,171.2,1,547.883873,380.725579,446.602783,379.804916,497.243328,380.265248,2.690148,30.103287,-1.649897,89.318707,0.520126,59.710997
5137,171.233333,1,548.044853,376.669242,445.454788,376.190779,496.749821,376.430011,2.783847,37.827397,-1.690636,30.377836,0.546605,34.102616
5138,171.266667,1,550.955896,372.245797,444.22781,371.078231,497.591853,371.662014,2.863978,6.423594,-1.840812,4.593955,0.511583,5.508775
5139,171.3,1,553.114119,371.054327,445.273371,369.579027,499.193745,370.316677,2.946595,2.680246,-1.80693,2.85228,0.569832,2.766263
5140,171.333333,1,551.458454,370.73596,444.91292,369.252377,498.185687,369.994168,2.93559,2.223251,-1.738734,1.986844,0.598428,2.105048
5141,171.366667,1,551.596861,370.797747,444.991846,369.03353,498.294353,369.915639,2.935273,2.332946,-1.749778,1.895151,0.592747,2.114049
5142,171.4,1,550.585318,370.797286,444.158506,368.865334,497.371912,369.83131,2.9092,2.136851,-1.700205,1.816165,0.604498,1.976508
5143,171.433333,1,549.969912,370.892086,443.880682,368.60105,496.925297,369.746568,2.887986,2.194114,-1.686877,1.709176,0.600555,1.951645
5144,171.466667,1,549.321642,370.470314,443.302135,368.279057,496.311889,369.374685,2.905034,2.07905,-1.667858,1.753891,0.618588,1.91647
5145,171.5,1,549.060669,370.233228,442.837725,368.326703,495.949197,369.279966,2.911128,2.047332,-1.676951,1.860682,0.617088,1.954007
5146,171.533333,1,548.705645,370.029418,442.556143,368.227633,495.630894,369.128526,2.915204,2.047207,-1.668774,1.930881,0.623215,1.989044
5147,171.566667,1,548.368931,369.995381,441.769848,368.036794,495.069389,369.016087,2.939916,2.073261,-1.653901,2.010735,0.643008,2.041998
5148,171.6,1,547.95598,369.718201,441.121387,368.5033,494.538684,369.110751,2.9539,2.178412,-1.7037,3.320486,0.6251,2.749449
5149,171.633333,1,546.782894,372.698039,439.47279,370.686865,493.127842,371.692452,3.02357,3.230566,-1.719974,4.379773,0.651798,3.80517
5150,171.666667,1,545.175495,373.315762,438.066769,371.7215,491.621132,372.518631,2.977626,2.933892,-1.693185,4.67549,0.64222,3.804691
5151,171.7,1,543.734713,372.890514,437.550764,371.069487,490.642738,371.980001,2.952519,2.381796,-1.666202,3.225964,0.643158,2.80388
5152,171.733333,1,542.814016,371.970688,436.853981,371.090945,489.833999,371.530817,2.950869,2.09633,-1.662784,2.977871,0.644042,2.5371
5153,171.766667,1,542.393131,371.952277,436.311178,370.696971,489.352155,371.324624,2.968512,2.059549,-1.609767,2.387468,0.679372,2.223508
5154,171.8,1,541.992207,371.733774,435.769386,370.694182,488.880796,371.213978,2.934027,2.013921,-1.643102,2.626631,0.645462,2.320276
5155,171.833333,1,541.466131,371.468611,435.681801,370.600294,488.573966,371.034452,2.945666,2.050015,-1.612076,2.388099,0.666795,2.219057
5156,171.866667,1,541.239195,371.509016,435.412083,370.499861,488.325639,371.004438,2.946676,2.048642,-1.625511,2.337358,0.660583,2.193
5157,171.9,1,541.448259,371.315757,435.469341,370.810225,488.4588,371.062991,2.969765,1.909068,-1.617023,2.466749,0.676371,2.187909
5158,171.933333,1,542.214956,371.378843,436.230316,370.73949,489.222636,371.059166,2.964629,1.88597,-1.596006,2.210016,0.684311,2.047993
5159,171.966667,1,542.263889,372.120527,436.297159,370.620207,489.280524,371.370367,2.998364,1.943507,-1.5905,1.982869,0.703932,1.963188
5160,172.0,1,542.261353,371.999538,436.12134,370.690781,489.191346,371.345159,2.96484,2.012046,-1.606057,2.017279,0.679392,2.014662
5161,172.033333,1,541.941051,371.826246,435.746231,370.630077,488.843641,371.228161,2.999769,1.958115,-1.630814,2.045804,0.684478,2.001959
5162,172.066667,1,541.878242,371.981632,435.74439,370.911655,488.811316,371.446643,2.961727,1.928205,-1.633806,2.03064,0.663961,1.979423
5163,172.1,1,541.891136,372.546698,435.463915,370.939701,488.677526,371.743199,2.964505,1.958386,-1.630761,2.122341,0.666872,2.040364
5164,172.133333,1,536.072874,377.093182,435.83374,376.571567,485.953307,376.832374,2.861194,14.461878,-1.654123,8.909647,0.603535,11.685762
5165,172.166667,1,536.330786,383.798865,435.39463,382.411519,485.862708,383.105192,2.675949,98.415265,-1.50599,63.900386,0.58498,81.157826
5166,172.2,1,536.659651,379.989774,435.563841,379.352825,486.111746,379.671299,2.743628,58.439802,-1.563478,39.699268,0.590075,49.069535
5167,172.233333,1,537.818317,377.592384,434.209728,376.966796,486.014023,377.27959,2.877647,26.568506,-1.637584,8.549479,0.620031,17.558992
5168,172.266667,1,538.915215,375.765703,433.324308,373.722149,486.119761,374.743926,2.956344,3.523773,-1.688603,3.348509,0.63387,3.436141
5169,172.3,1,539.695024,374.652328,433.645563,372.347753,486.670294,373.500041,2.987983,2.2691,-1.628907,2.499875,0.679538,2.384488
5170,172.333333,1,539.273109,374.27462,433.583269,372.118725,486.428189,373.196672,2.966998,2.092179,-1.638432,2.172162,0.664283,2.13217
5171,172.366667,1,539.402885,373.816777,433.380175,371.760178,486.39153,372.788478,2.999641,2.038391,-1.577911,2.07212,0.710865,2.055255
5172,172.4,1,539.465914,373.989694,433.539371,371.684432,486.502643,372.837063,2.991272,2.091967,-1.618136,2.001204,0.686568,2.046586
5173,172.433333,1,539.678164,373.522464,433.347044,371.624994,486.512604,372.573729,3.01648,2.031704,-1.594851,2.026448,0.710815,2.029076
5174,172.466667,1,539.634972,373.639945,433.215809,371.524519,486.42539,372.582232,3.0031,2.041035,-1.618122,1.991122,0.692489,2.016078
5175,172.5,1,539.552298,373.214203,433.236294,371.327688,486.394296,372.270945,3.02114,2.04416,-1.603459,1.862082,0.708841,1.953121
5176,172.533333,1,539.584475,373.239974,433.308878,371.338534,486.446676,372.289254,3.009363,1.941131,-1.604501,1.851847,0.702431,1.896489
5177,172.566667,1,539.379215,373.128952,433.090305,371.437443,486.23476,372.283198,3.004427,2.012576,-1.611114,1.856105,0.696657,1.93434
5178,172.6,1,539.278698,373.194323,432.886019,371.501044,486.082358,372.347683,3.017784,2.050044,-1.613533,1.955285,0.702125,2.002664
5179,172.633333,1,539.253836,373.214321,432.979279,371.403916,486.116557,372.309119,3.021476,2.043289,-1.608516,1.974231,0.70648,2.00876
5180,172.666667,1,540.096884,373.344355,434.304609,371.777505,487.200747,372.56093,2.959836,1.904035,-1.617283,2.116883,0.671277,2.010459
5181,172.7,1,544.3536,372.490404,438.5184,370.338693,491.436,371.414548,2.996678,2.302425,-1.586886,2.141233,0.704896,2.221829
5182,172.733333,1,547.544193,372.105281,442.337751,369.999447,494.940972,371.052364,3.078787,2.069644,-1.504852,1.895005,0.786967,1.982325
5183,172.766667,1,552.416096,370.609413,447.475491,370.061985,499.945793,370.335699,3.070377,2.430744,-1.450372,1.83861,0.810003,2.134677
5184,172.8,1,556.386404,369.545842,450.879908,369.786329,503.633156,369.666086,3.112854,2.312151,-1.470013,2.145668,0.821421,2.22891
5185,172.833333,1,560.304899,367.965447,456.442719,367.605479,508.373809,367.785463,3.065259,3.044701,-1.39334,1.845985,0.835959,2.445343
5186,172.866667,1,565.560083,367.578753,460.371351,368.196584,512.965717,367.887669,3.061496,2.639399,-1.454925,2.236821,0.803285,2.43811
5187,172.9,1,568.381681,366.667585,463.372507,367.538831,515.877094,367.103208,2.97562,2.707964,-1.511583,1.798931,0.732019,2.253447
5188,172.933333,1,568.888845,366.802195,464.153147,367.580282,516.520996,367.191238,2.98757,2.591895,-1.432979,1.799934,0.777296,2.195915
5189,172.966667,1,570.270681,366.55173,467.590675,367.471288,518.930678,367.011509,2.954056,2.030088,-1.503245,1.737625,0.725406,1.883857
5190,173.0,1,572.867365,365.331255,470.932245,366.182588,521.899805,365.756922,2.938785,1.930627,-1.492032,1.625676,0.723377,1.778151
5191,173.033333,1,576.688318,365.333133,472.98192,365.497102,524.835119,365.415117,2.90867,2.081293,-1.527125,1.68395,0.690772,1.882622
5192,173.066667,1,578.887854,364.528486,476.446228,364.50668,527.667041,364.517583,2.876474,2.219706,-1.532316,1.779144,0.672079,1.999425
5193,173.1,1,580.938492,364.399477,478.139582,364.184353,529.539037,364.291915,2.860152,2.298321,-1.581819,1.562961,0.639167,1.930641
5194,173.133333,1,582.873554,363.958667,479.864597,363.288082,531.369076,363.623375,2.86966,2.06314,-1.586621,1.46272,0.641519,1.76293
5195,173.166667,1,584.414654,363.72053,481.736298,362.264047,533.075476,362.992288,2.878693,1.880562,-1.629129,1.417576,0.624782,1.649069
5196,173.2,1,585.671635,363.207182,483.632593,362.115485,534.652114,362.661333,2.869692,1.625176,-1.659188,1.53557,0.605252,1.580373
5197,173.233333,1,586.569767,363.133598,484.65744,361.315398,535.613604,362.224498,2.871819,1.709398,-1.635985,1.388763,0.617917,1.549081
5198,173.266667,1,587.395773,363.030022,485.512524,361.001274,536.454148,362.015648,2.840565,1.804906,-1.702144,1.490825,0.56921,1.647865
5199,173.3,1,587.678528,362.839488,485.927715,360.839617,536.803122,361.839553,2.825234,1.777793,-1.707531,1.517202,0.558851,1.647497
5200,173.333333,1,587.49959,362.685573,485.878077,360.53009,536.688833,361.607831,2.814341,1.7738,-1.719734,1.504331,0.547303,1.639066
5201,173.366667,1,587.270966,362.417314,485.602026,360.189745,536.436496,361.303529,2.803702,1.807346,-1.718139,1.555901,0.542782,1.681623
5202,173.4,1,587.277985,362.223551,485.489168,359.761637,536.383576,360.992594,2.805882,1.914754,-1.674992,1.488388,0.565445,1.701571
5203,173.433333,1,586.980047,361.818028,485.386381,359.236268,536.183214,360.527148,2.80058,1.850665,-1.720649,1.469147,0.539966,1.659906
5204,173.466667,1,586.530714,361.88747,484.887152,358.958911,535.708933,360.423191,2.791109,1.882941,-1.73308,1.507453,0.529014,1.695197
5205,173.5,1,585.921822,361.804783,484.859638,358.5677,535.39073,360.186242,2.786591,1.932227,-1.724725,1.549349,0.530933,1.740788
5206,173.533333,1,585.012455,361.814053,484.240685,358.807265,534.62657,360.310659,2.766276,1.843014,-1.736315,1.567851,0.51498,1.705433
5207,173.566667,1,584.626684,361.884268,483.20591,359.172378,533.916297,360.528323,2.775938,1.832405,-1.72404,1.566657,0.525949,1.699531
5208,173.6,1,583.978357,361.934838,482.480288,359.361296,533.229322,360.648067,2.768948,1.749725,-1.704852,1.527915,0.532048,1.63882
5209,173.633333,1,583.20364,362.216341,481.975098,359.411507,532.589369,360.813924,2.774852,1.712822,-1.688327,1.460536,0.543263,1.586679
5210,173.666667,1,582.03434,361.862403,481.287174,360.158964,531.660757,361.010683,2.767092,1.601519,-1.681848,1.616037,0.542622,1.608778
5211,173.7,1,581.29405,361.942182,479.9405,360.209266,530.617275,361.075724,2.771763,1.670206,-1.669784,1.626337,0.55099,1.648272
5212,173.733333,1,580.578194,361.73084,479.516239,360.596754,530.047216,361.163797,2.777345,1.721405,-1.648464,1.71731,0.56444,1.719357
5213,173.766667,1,580.005665,361.819021,479.007187,360.813686,529.506426,361.316353,2.778316,1.652785,-1.638691,1.682408,0.569812,1.667596
5214,173.8,1,579.188643,361.962685,477.849741,360.845588,528.519192,361.404136,2.789324,1.669094,-1.692233,1.832199,0.548545,1.750646
5215,173.833333,1,578.309174,362.089999,476.557102,360.391613,527.433138,361.240806,2.825569,1.765485,-1.690646,1.778748,0.567462,1.772116
5216,173.866667,1,577.519188,361.954054,475.45331,360.071256,526.486249,361.012655,2.821211,1.846813,-1.669515,1.742572,0.575848,1.794692
5217,173.9,1,576.285429,362.165181,473.845129,359.712929,525.065279,360.939055,2.856168,1.747993,-1.575387,1.783291,0.640391,1.765642
5218,173.933333,1,570.760593,366.275591,472.688122,362.376308,521.724358,364.32595,2.853861,2.23754,-1.673013,3.066759,0.590424,2.652149
5219,173.966667,1,559.899092,372.614987,465.592346,368.322251,512.745719,370.468619,2.575586,15.923043,-1.661191,112.96904,0.457197,64.446042
5220,174.0,1,560.245924,370.93277,461.296644,366.671367,510.771284,368.802069,2.694029,9.204347,-1.724546,6.887168,0.484742,8.045758
5221,174.033333,1,558.240347,368.574486,456.098919,365.101127,507.169633,366.837806,2.747455,3.620066,-1.821416,8.200709,0.463019,5.910387
5222,174.066667,1,554.466276,368.2772,448.906641,364.540846,501.686459,366.409023,2.752165,3.749235,-1.891089,4.194098,0.430538,3.971666
5223,174.1,1,549.749136,367.29857,445.779552,364.529103,497.764344,365.913836,2.714914,2.556833,-1.850404,2.463017,0.432255,2.509925
5224,174.133333,1,547.400551,367.282101,442.41807,364.416338,494.90931,365.849219,2.789402,2.701147,-1.818425,1.887917,0.485489,2.294532
5225,174.166667,1,544.358025,368.496873,440.488491,364.96891,492.423258,366.732892,2.804956,2.449165,-1.765326,1.677663,0.519815,2.063414
5226,174.2,1,541.936855,367.902319,438.099308,365.009369,490.018082,366.455844,2.778975,1.962803,-1.699678,1.881027,0.539648,1.921915
5227,174.233333,1,540.305967,367.891665,436.008902,364.926231,488.157434,366.408948,2.835425,2.02256,-1.687459,1.951787,0.573983,1.987173
5228,174.266667,1,538.907747,368.283423,433.839903,365.291601,486.373825,366.787512,2.90552,1.897967,-1.658969,1.785622,0.623275,1.841795
5229,174.3,1,538.043785,368.454275,433.085117,365.852349,485.564451,367.153312,2.944402,1.526353,-1.648203,1.966266,0.6481,1.74631
5230,174.333333,1,536.972704,369.01587,432.482929,365.987152,484.727817,367.501511,2.975447,1.744683,-1.665136,1.912619,0.655156,1.828651
5231,174.366667,1,532.931595,375.067685,432.471914,369.326985,482.701755,372.197335,2.935313,5.033949,-1.673263,20.108421,0.631025,12.571185
5232,174.4,1,534.14094,376.400775,433.233547,371.005307,483.687243,373.703041,2.927233,26.455733,-1.604133,29.926363,0.66155,28.191048
5233,174.433333,1,534.775448,370.473844,432.296658,365.402623,483.536053,367.938234,2.93233,4.674561,-1.755998,11.365226,0.588166,8.019893
5234,174.466667,1,536.769934,367.199312,432.569313,362.949883,484.669623,365.074597,3.010856,2.062661,-1.680193,2.234206,0.665331,2.148434
5235,174.5,1,538.182793,366.185292,433.413382,361.791705,485.798087,363.988498,3.017458,1.738807,-1.641084,1.758017,0.688187,1.748412
5236,174.533333,1,539.127789,365.667282,434.105139,360.608448,486.616464,363.137865,3.011251,1.79765,-1.642519,1.727598,0.684366,1.762624
5237,174.566667,1,540.344725,364.85158,435.633478,359.868969,487.989101,362.360274,3.008836,1.68266,-1.628539,1.694772,0.690148,1.688716
5238,174.6,1,541.186752,363.788862,437.625675,359.162974,489.406214,361.475918,2.959315,1.436812,-1.636502,1.540063,0.661407,1.488437
5239,174.633333,1,542.738304,363.230731,438.868704,357.864248,490.803504,360.54749,2.916654,1.557922,-1.645898,1.550297,0.635378,1.554109
5240,174.666667,1,544.259777,362.44228,440.343189,356.891143,492.301483,359.666711,2.978808,1.556294,-1.64258,1.629038,0.668114,1.592666
5241,174.7,1,545.381155,361.821177,441.654043,355.900233,493.517599,358.860705,2.968578,1.648734,-1.66192,1.641482,0.653329,1.645108
5242,174.733333,1,546.306438,361.42023,442.790585,355.622689,494.548512,358.521459,2.946841,1.484606,-1.664956,1.627283,0.640943,1.555944
5243,174.766667,1,547.32686,361.057965,444.022217,354.935823,495.674539,357.996894,2.889958,1.378116,-1.665241,1.577904,0.612358,1.47801
5244,174.8,1,548.442945,360.479327,445.270138,354.357651,496.856542,357.418489,2.946302,1.448971,-1.654952,1.731848,0.645675,1.590409
5245,174.833333,1,548.773603,360.236909,446.201725,353.502413,497.487664,356.869661,2.904265,1.441412,-1.646711,1.703568,0.628777,1.57249
5246,174.866667,1,549.803925,359.575835,446.951876,352.884325,498.3779,356.23008,2.96312,1.432057,-1.674056,1.786762,0.644532,1.609409
5247,174.9,1,550.593119,359.161547,448.189526,352.16266,499.391322,355.662104,3.00949,1.470101,-1.669719,1.825185,0.669885,1.647643
5248,174.933333,1,551.147461,358.77923,448.845806,351.699352,499.996634,355.239291,2.974001,1.505455,-1.669773,1.809584,0.652114,1.657519
5249,174.966667,1,551.765175,358.597875,449.694986,351.168575,500.730081,354.883225,2.973682,1.517588,-1.662123,1.785119,0.655779,1.651354
5250,175.0,1,552.408295,358.919649,450.356197,351.349109,501.382246,355.134379,2.963032,1.520064,-1.66603,1.814512,0.648501,1.667288
5251,175.033333,1,552.053223,360.129417,449.937429,352.969973,500.995326,356.549695,3.056565,1.991329,-1.853532,2.903208,0.601517,2.447269
5252,175.066667,1,548.699102,369.865047,455.347176,360.59198,502.023139,365.228513,2.909863,7.515686,-1.60138,20.445184,0.654242,13.980435
5253,175.1,1,549.118013,369.310945,454.350939,361.753478,501.734476,365.532212,2.889171,6.031482,-1.613638,62.189741,0.637767,34.110612
5254,175.133333,1,551.909723,365.593323,453.296919,357.301553,502.603321,361.447438,2.977268,5.359342,-1.740929,6.942314,0.61817,6.150828
5255,175.166667,1,554.0802,361.464175,452.325411,354.694381,503.202806,358.079278,3.074882,2.323618,-1.853823,3.881975,0.610529,3.102796
5256,175.2,1,554.346142,361.089631,452.694273,353.275514,503.520207,357.182573,2.878959,1.765272,-1.710377,1.937748,0.584291,1.85151
5257,175.233333,1,554.644299,361.082797,452.244263,352.860426,503.444281,356.971612,2.954094,1.709831,-1.68555,1.755478,0.634272,1.732654
5258,175.266667,1,554.604607,361.433673,451.973028,352.965204,503.288817,357.199439,2.940672,1.708696,-1.674318,1.617802,0.633177,1.663249
5259,175.3,1,554.719896,361.154476,452.187843,352.785593,503.45387,356.970035,2.950333,1.723496,-1.660909,1.721804,0.644712,1.72265
5260,175.333333,1,554.750519,361.57686,452.103014,353.384567,503.426766,357.480714,2.905357,1.652988,-1.672077,1.543282,0.61664,1.598135
5261,175.366667,1,554.870539,361.817873,452.303152,353.384567,503.586845,357.60122,2.888431,1.656872,-1.678007,1.476394,0.605212,1.566633
5262,175.4,1,555.297213,361.890002,452.570524,353.420466,503.933868,357.655234,2.914663,1.674703,-1.670808,1.545659,0.621928,1.610181
5263,175.433333,1,555.532856,361.835103,452.670364,353.841611,504.10161,357.838357,2.894706,1.590354,-1.687019,1.559204,0.603844,1.574779
5264,175.466667,1,555.989103,361.978408,453.286505,353.592981,504.637804,357.785694,2.842341,1.575391,-1.700882,1.503184,0.57073,1.539287
5265,175.5,1,556.766644,362.202018,453.957357,353.847034,505.362,358.024526,2.852402,1.530441,-1.696827,1.518616,0.577788,1.524529
5266,175.533333,1,557.103796,362.326891,454.629488,353.832775,505.866642,358.079833,2.845144,1.551022,-1.704516,1.515188,0.570314,1.533105
5267,175.566667,1,557.434969,362.457461,454.775562,353.64368,506.105266,358.05057,2.857641,1.540497,-1.681201,1.53735,0.58822,1.538924
5268,175.6,1,557.621403,362.511921,454.866505,353.672551,506.243954,358.092236,2.877907,1.438572,-1.673355,1.564316,0.602276,1.501444
5269,175.633333,1,557.602377,362.445316,454.7509,353.633337,506.176639,358.039327,2.865516,1.47366,-1.675172,1.553259,0.595172,1.51346
5270,175.666667,1,557.570782,362.535449,454.872475,353.667122,506.221628,358.101286,2.877468,1.442965,-1.673229,1.546957,0.602119,1.494961
5271,175.7,1,557.579603,362.509351,454.768076,353.722091,506.17384,358.115721,2.869839,1.393195,-1.673742,1.556874,0.598049,1.475034
5272,175.733333,1,557.399864,362.384114,454.218264,353.572231,505.809064,357.978172,2.906953,1.409822,-1.666942,1.575535,0.620005,1.492678
5273,175.766667,1,557.042189,362.29662,454.319334,353.664654,505.680761,357.980637,2.891413,1.422199,-1.668702,1.542541,0.611356,1.48237
5274,175.8,1,556.902971,362.149077,453.901834,353.366902,505.402403,357.75799,2.89624,1.43937,-1.668027,1.495096,0.614106,1.467233
5275,175.833333,1,556.762199,362.084388,453.834505,353.412988,505.298352,357.748688,2.880805,1.370534,-1.658754,1.508921,0.611026,1.439727
5276,175.866667,1,556.384506,361.708632,453.721151,353.011483,505.052829,357.360057,2.873349,1.388891,-1.648594,1.562327,0.612378,1.475609
5277,175.9,1,556.11515,361.76977,453.378897,352.79254,504.747024,357.281155,2.909179,1.384973,-1.64927,1.476895,0.629955,1.430934
5278,175.933333,1,555.812235,361.646973,453.025122,352.990283,504.418678,357.318628,2.886161,1.382681,-1.6652,1.55419,0.610481,1.468435
5279,175.966667,1,555.418777,361.520426,452.409792,352.852229,503.914285,357.186328,2.875509,1.44023,-1.660379,1.500747,0.607565,1.470488
5280,176.0,1,555.167818,361.545843,452.419624,352.734894,503.793721,357.140368,2.904034,1.440289,-1.649426,1.559212,0.627304,1.49975
5281,176.033333,1,555.793972,361.326964,453.90172,352.758685,504.847846,357.042824,2.927733,1.453657,-1.671391,1.641451,0.628171,1.547554
5282,176.066667,1,559.793682,360.060484,457.896376,352.568479,508.845029,356.314481,3.116183,1.48078,-1.713197,2.311092,0.701493,1.895936
5283,176.1,1,560.816956,360.314682,460.073519,352.306121,510.445237,356.310402,3.042476,1.467131,-1.648878,1.997435,0.696799,1.732283
5284,176.133333,1,561.500883,360.503955,459.011507,352.227007,510.256195,356.365481,3.090602,1.457743,-1.683019,1.994928,0.703791,1.726336
5285,176.166667,1,560.810022,360.336617,459.849577,351.856315,510.3298,356.096466,3.052088,1.468657,-1.647022,1.980324,0.702533,1.72449
5286,176.2,1,561.718302,360.281841,458.823185,351.741124,510.270743,356.011483,3.069457,1.44133,-1.691589,2.048438,0.688934,1.744884
5287,176.233333,1,561.314001,360.31929,459.846106,351.671639,510.580053,355.995465,3.068755,1.528735,-1.667673,1.896262,0.700541,1.712499
5288,176.266667,1,562.218142,359.962047,459.592314,351.567988,510.905228,355.765017,3.0353,1.504391,-1.692378,1.920505,0.671461,1.712448
5289,176.3,1,562.705212,360.082199,462.01767,351.681204,512.361441,355.881701,2.959774,1.403533,-1.70592,1.850073,0.626927,1.626803
5290,176.333333,1,567.279339,361.421115,465.446835,352.147619,516.363087,356.784367,3.071153,1.623651,-1.614326,1.87433,0.728414,1.74899
5291,176.366667,1,572.987118,362.992841,471.584549,354.348634,522.285833,358.670737,3.128722,1.750233,-1.541177,1.938356,0.793772,1.844295
5292,176.4,1,576.437922,365.008296,476.895361,354.641193,526.666641,359.824744,3.103344,2.154585,-1.510086,1.810568,0.796629,1.982577
5293,176.433333,1,580.601435,366.700153,480.700684,356.293375,530.651059,361.496764,3.090477,1.846707,-1.511748,1.536964,0.789364,1.691836
5294,176.466667,1,582.723646,367.264908,483.032684,356.944041,532.878165,362.104475,3.039029,1.650158,-1.538109,1.722575,0.75046,1.686366
5295,176.5,1,584.933109,368.130097,484.977131,357.318,534.95512,362.724049,3.043541,1.850906,-1.547609,1.861754,0.747966,1.85633
5296,176.533333,1,586.006184,369.101347,486.121206,357.063196,536.063695,363.082271,3.063075,1.906233,-1.548151,1.688192,0.757462,1.797213
5297,176.566667,1,586.808643,369.364514,487.371874,357.192736,537.090259,363.278625,3.078135,1.854051,-1.548561,1.804996,0.764787,1.829523
5298,176.6,1,587.908802,369.606643,488.32159,356.973594,538.115196,363.290118,3.094097,1.88184,-1.550833,1.774221,0.771632,1.828031
5299,176.633333,1,588.505955,370.063026,489.154263,357.29261,538.830109,363.677818,3.097656,1.973427,-1.527836,1.685561,0.78491,1.829494
5300,176.666667,1,588.994427,370.003728,489.639854,357.124972,539.317141,363.56435,3.08502,1.831092,-1.505589,1.626775,0.789716,1.728934
5301,176.7,1,588.772764,370.16951,489.977665,356.531233,539.375215,363.350371,3.102257,1.950435,-1.520914,1.681254,0.790671,1.815845
5302,176.733333,1,589.016657,370.100148,490.006285,356.430382,539.511471,363.265265,3.109118,1.91569,-1.514138,1.599239,0.79749,1.757465
5303,176.766667,1,589.048634,370.18997,490.188694,356.393346,539.618664,363.291658,3.107892,1.95506,-1.525301,1.6104,0.791295,1.78273
5304,176.8,1,588.819742,370.136851,490.073538,356.343972,539.44664,363.240412,3.102045,2.037602,-1.522938,1.608896,0.789554,1.823249
5305,176.833333,1,588.843985,370.138246,490.213575,356.318647,539.52878,363.228446,3.101094,2.004679,-1.535316,1.70843,0.782889,1.856554
5306,176.866667,1,588.261871,369.983461,490.333481,356.140344,539.297676,363.061903,3.071429,1.959223,-1.540998,1.794266,0.765215,1.876744
5307,176.9,1,588.967104,369.818333,490.325251,356.194004,539.646177,363.006169,3.064984,1.949465,-1.530962,1.709092,0.767011,1.829278
5308,176.933333,1,589.509592,370.255319,490.769749,356.073128,540.13967,363.164223,3.064718,1.950737,-1.527641,1.636557,0.768539,1.793647
5309,176.966667,1,589.356213,370.555598,490.978899,356.173732,540.167556,363.364665,3.046743,1.887279,-1.551345,1.632575,0.747699,1.759927
5310,177.0,1,587.511415,371.632075,490.811996,356.680005,539.161706,364.15604,3.028649,2.153952,-1.550837,1.498365,0.738906,1.826159
5311,177.033333,1,575.65361,375.565192,482.805157,361.102999,529.229383,368.334095,2.677791,5.292474,-1.675747,5.72796,0.501022,5.510217
5312,177.066667,1,573.953085,375.778062,479.893017,362.103667,526.923051,368.940865,2.624335,4.909366,-1.673878,-504.509151,0.475229,-249.799892
5313,177.1,1,573.577375,375.541749,480.161419,362.216932,526.869397,368.87934,2.612775,3.96582,-1.659805,-77.038398,0.476485,-36.536289
5314,177.133333,1,577.576284,371.763107,482.421017,357.624164,529.998651,364.693635,2.779393,3.324191,-1.732504,3.505334,0.523444,3.414763
5315,177.166667,1,580.7724,368.220182,481.503363,353.868835,531.137881,361.044509,2.861168,2.312503,-1.82489,2.784199,0.518139,2.548351
5316,177.2,1,580.425014,366.296298,479.320469,352.715786,529.872742,359.506042,2.837761,1.773787,-1.747597,1.715502,0.545082,1.744644
5317,177.233333,1,579.599457,366.621097,478.479309,352.111473,529.039383,359.366285,2.846483,1.768207,-1.690259,1.292058,0.578112,1.530133
5318,177.266667,1,579.212399,366.415372,477.486792,351.833162,528.349595,359.124267,2.842487,1.803964,-1.7007,1.300931,0.570893,1.552447
5319,177.3,1,578.95937,366.360896,476.644335,351.619749,527.801852,358.990323,2.863382,1.758278,-1.721558,1.505598,0.570912,1.631938
5320,177.333333,1,578.387022,366.318179,476.277151,351.402152,527.332087,358.860166,2.867866,1.559534,-1.730505,1.417382,0.568681,1.488458
5321,177.366667,1,577.924833,365.64686,476.084108,351.116508,527.004471,358.381684,2.848677,1.558005,-1.746489,1.517968,0.551094,1.537986
5322,177.4,1,577.5741,365.334967,475.189819,351.167963,526.38196,358.251465,2.845955,1.519782,-1.75488,1.597859,0.545538,1.558821
5323,177.433333,1,577.135677,365.199634,474.751635,350.820343,525.943656,358.009989,2.855216,1.538767,-1.747123,1.615817,0.554046,1.577292
5324,177.466667,1,576.610889,364.849407,474.189768,350.881155,525.400329,357.865281,2.830573,1.594899,-1.757273,1.669044,0.53665,1.631971
5325,177.5,1,576.083717,364.590488,473.397303,350.686206,524.74051,357.638347,2.84284,1.695607,-1.771154,1.731717,0.535843,1.713662
5326,177.533333,1,575.47698,364.357367,472.863903,350.888407,524.170442,357.622887,2.83645,1.695225,-1.760401,1.724063,0.538025,1.709644
5327,177.566667,1,574.99589,364.328586,472.713594,350.727367,523.854742,357.527977,2.858981,1.688789,-1.729621,1.666101,0.56468,1.677445
5328,177.6,1,574.409256,363.99927,472.063675,350.94012,523.236465,357.469695,2.846536,1.778975,-1.766435,1.683757,0.54005,1.731366
5329,177.633333,1,573.731422,363.807541,471.675119,351.295835,522.703271,357.551688,2.854199,1.806454,-1.749451,1.661974,0.552374,1.734214
5330,177.666667,1,572.32892,363.731173,470.630569,351.76035,521.479745,357.745762,2.852185,1.799231,-1.764983,1.639335,0.543601,1.719283
5331,177.7,1,571.348562,363.762844,469.626331,352.148198,520.487447,357.955521,2.831351,1.697395,-1.773835,1.658657,0.528758,1.678026
5332,177.733333,1,570.182781,363.866227,469.018192,352.85135,519.600487,358.358788,2.84178,1.730182,-1.759229,1.621361,0.541276,1.675771
5333,177.766667,1,568.794174,364.079318,468.022289,353.405145,518.408232,358.742232,2.847812,1.641733,-1.74784,1.6094,0.549986,1.625566
5334,177.8,1,568.196735,363.829867,466.998396,353.291264,517.597566,358.560566,2.87387,1.73442,-1.756752,1.689529,0.558559,1.711974
5335,177.833333,1,567.448845,363.637928,466.278467,353.123471,516.863656,358.380699,2.858881,1.650055,-1.744678,1.670885,0.557102,1.66047
5336,177.866667,1,566.708117,363.755983,465.397739,353.161772,516.052928,358.458878,2.871752,1.774328,-1.723352,1.604716,0.5742,1.689522
5337,177.9,1,566.278896,363.814289,464.710159,353.265858,515.494528,358.540074,2.871863,1.807226,-1.721762,1.592474,0.57505,1.69985
5338,177.933333,1,566.268673,363.879011,464.752626,353.595808,515.51065,358.737409,2.870631,1.786184,-1.722417,1.602689,0.574107,1.694437
5339,177.966667,1,566.12009,364.106902,464.881783,353.716711,515.500937,358.911806,2.889902,1.767789,-1.709309,1.637178,0.590296,1.702484
5340,178.0,1,566.088743,364.034772,464.836159,353.814885,515.462451,358.924828,2.885139,1.756201,-1.718508,1.550424,0.583316,1.653313
5341,178.033333,1,566.062574,363.857258,464.96603,353.742508,515.514302,358.799883,2.885485,1.715378,-1.715299,1.556713,0.585093,1.636045
5342,178.066667,1,566.060162,363.758789,464.996576,353.67401,515.528369,358.716399,2.888666,1.76613,-1.721854,1.576855,0.583406,1.671492
5343,178.1,1,566.142635,363.744568,464.883032,353.616922,515.512834,358.680745,2.889697,1.715192,-1.725947,1.579874,0.581875,1.647533
5344,178.133333,1,566.034746,363.545644,465.050573,353.443651,515.54266,358.494648,2.892303,1.74848,-1.73934,1.589878,0.576481,1.669179
5345,178.166667,1,566.146889,363.548477,465.003557,353.426056,515.575223,358.487266,2.892667,1.734427,-1.737875,1.573604,0.577396,1.654015
5346,178.2,1,565.906839,363.482119,464.655762,353.216302,515.281301,358.34921,2.868798,1.772699,-1.742772,1.493832,0.563013,1.633266
5347,178.233333,1,565.717163,363.546385,464.552317,353.140588,515.13474,358.343486,2.877715,1.752176,-1.731408,1.516028,0.573153,1.634102
5348,178.266667,1,565.217381,363.247656,463.903112,353.093902,514.560246,358.170779,2.840711,1.715687,-1.747907,1.530633,0.546402,1.62316
5349,178.3,1,564.754868,363.127048,463.459196,353.309729,514.107032,358.218388,2.86431,1.68173,-1.731639,1.605834,0.566335,1.643782
5350,178.333333,1,564.314852,363.002701,462.765894,353.274103,513.540373,358.138402,2.861192,1.734006,-1.744255,1.632981,0.558468,1.683493
5351,178.366667,1,563.999662,362.923683,462.158709,353.156451,513.079185,358.040067,2.899946,1.688019,-1.71684,1.651193,0.591553,1.669606
5352,178.4,1,563.321877,362.628769,461.624365,353.1928,512.473121,357.910784,2.841545,1.875662,-1.722229,1.595304,0.559658,1.735483
5353,178.433333,1,562.931538,362.655205,461.264648,353.301349,512.098093,357.978277,2.879079,1.82589,-1.700914,1.664926,0.589082,1.745408
5354,178.466667,1,562.503901,362.45067,460.825615,353.611944,511.664758,358.031307,2.856204,1.773394,-1.704509,1.61699,0.575847,1.695192
5355,178.5,1,562.400436,362.637362,460.601797,353.585787,511.501117,358.111575,2.872737,1.782176,-1.694174,1.658306,0.589282,1.720241
5356,178.533333,1,561.721315,362.698849,460.712824,353.896215,511.21707,358.297532,2.836949,1.859362,-1.694712,1.55847,0.571119,1.708916
5357,178.566667,1,561.846447,362.576873,460.105505,353.81959,510.975976,358.198231,2.86724,1.797152,-1.69591,1.670535,0.585665,1.733844
5358,178.6,1,561.552973,362.729867,460.332794,353.917372,510.942883,358.323619,2.824811,1.795833,-1.699698,1.553188,0.562557,1.67451
5359,178.633333,1,561.446314,362.956932,459.910898,353.612995,510.678606,358.284963,2.853235,1.849223,-1.690273,1.558058,0.581481,1.70364
5360,178.666667,1,561.040163,363.207203,458.952589,354.406908,509.996376,358.807055,2.810843,1.588966,-1.70803,1.576963,0.551406,1.582965
5361,178.7,1,561.116648,363.37254,458.844557,354.263248,509.980602,358.817894,2.834382,1.748296,-1.704526,1.554864,0.564928,1.65158
5362,178.733333,1,560.913401,363.492263,458.812141,354.244452,509.862771,358.868357,2.83174,1.735681,-1.702287,1.497265,0.564726,1.616473
5363,178.766667,1,560.710764,363.2893,458.583746,354.054186,509.647255,358.671743,2.853335,1.792257,-1.699075,1.493178,0.57713,1.642717
5364,178.8,1,560.45104,363.277252,458.496857,354.39877,509.473948,358.838011,2.809503,1.632118,-1.698688,1.514159,0.555407,1.573139
5365,178.833333,1,560.48975,363.29187,458.344069,354.38287,509.416909,358.83737,2.832445,1.636232,-1.696672,1.543065,0.567887,1.589649
5366,178.866667,1,560.257692,363.094218,458.368282,354.375402,509.312987,358.73481,2.819997,1.613623,-1.691903,1.508144,0.564047,1.560883
5367,178.9,1,560.230513,363.071725,458.439064,354.17679,509.334788,358.624257,2.813682,1.621084,-1.685673,1.551458,0.564005,1.586271
5368,178.933333,1,560.162029,362.835803,457.965355,353.88672,509.063692,358.361261,2.84578,1.612588,-1.692092,1.509917,0.576844,1.561252
5369,178.966667,1,560.085592,362.547895,457.844868,353.721657,508.96523,358.134776,2.838322,1.647105,-1.689229,1.593486,0.574547,1.620296
5370,179.0,1,559.845324,362.491745,457.673874,353.770124,508.759599,358.130935,2.801464,1.558441,-1.693106,1.506862,0.554179,1.532652
5371,179.033333,1,559.700766,362.426112,457.47776,353.660379,508.589263,358.043245,2.813595,1.637353,-1.696752,1.487544,0.558421,1.562448
5372,179.066667,1,559.541283,362.423987,457.105265,353.695849,508.323274,358.059918,2.820804,1.56375,-1.713825,1.436055,0.553489,1.499903
5373,179.1,1,559.530792,362.377988,457.0574,353.904449,508.294096,358.141218,2.814645,1.470498,-1.702541,1.47405,0.556052,1.472274
5374,179.133333,1,559.314194,362.545797,457.212582,353.773182,508.263388,358.15949,2.809997,1.525233,-1.703319,1.404937,0.553339,1.465085
5375,179.166667,1,559.391155,362.333758,457.007046,353.79663,508.1991,358.065194,2.817848,1.489745,-1.695298,1.473324,0.561275,1.481534
5376,179.2,1,559.015684,362.419267,456.656771,353.94465,507.836227,358.181958,2.794037,1.417925,-1.708469,1.389921,0.542784,1.403923
5377,179.233333,1,558.809834,362.238936,456.56209,353.937188,507.685962,358.088062,2.788846,1.40728,-1.72175,1.422029,0.533548,1.414655
5378,179.266667,1,558.648844,362.332985,456.258202,353.915902,507.453523,358.124444,2.79492,1.430226,-1.727387,1.400284,0.533766,1.415255
5379,179.3,1,558.701754,362.317311,456.072922,353.989636,507.387338,358.153473,2.808252,1.426279,-1.72285,1.384213,0.542701,1.405246
5380,179.333333,1,558.489561,362.325025,456.088762,353.917007,507.289162,358.121016,2.801001,1.421739,-1.723656,1.31958,0.538673,1.37066
5381,179.366667,1,558.486967,362.262443,456.080675,353.950326,507.283821,358.106385,2.811186,1.428093,-1.725754,1.345891,0.542716,1.386992
5382,179.4,1,558.528786,362.280124,455.926552,353.910522,507.227669,358.095323,2.807559,1.415193,-1.717959,1.334339,0.5448,1.374766
5383,179.433333,1,558.5289,362.411875,456.087809,353.93545,507.308354,358.173662,2.802804,1.42948,-1.722164,1.295295,0.54032,1.362387
5384,179.466667,1,558.675804,362.252916,456.457291,353.87259,507.566547,358.062753,2.803845,1.43129,-1.717291,1.335092,0.543277,1.383191
5385,179.5,1,558.748045,362.420967,456.478109,353.906584,507.613077,358.163776,2.812664,1.422796,-1.718188,1.341014,0.547238,1.381905
5386,179.533333,1,559.540749,363.650159,459.125519,355.76358,509.333134,359.706869,2.804032,1.430437,-1.66123,1.473743,0.571401,1.45209
5387,179.566667,1,559.507551,365.75999,459.549379,356.671486,509.528465,361.215738,2.817863,1.708068,-1.696606,1.415379,0.560628,1.561723
5388,179.6,1,559.58704,365.776459,459.38117,356.951374,509.484105,361.363917,2.840334,1.681655,-1.688051,1.519092,0.576141,1.600374
5389,179.633333,1,559.543409,365.919405,459.083109,356.996285,509.313259,361.457845,2.863576,1.753104,-1.689048,1.492073,0.587264,1.622589
5390,179.666667,1,559.401283,366.157386,459.023895,357.042886,509.212589,361.600136,2.865535,1.73629,-1.689885,1.479674,0.587825,1.607982
5391,179.7,1,559.359474,366.446958,458.88875,357.004954,509.124112,361.725956,2.86953,1.74682,-1.680871,1.472646,0.594329,1.609733
5392,179.733333,1,558.857689,366.283107,458.622513,356.873558,508.740101,361.578332,2.855551,1.732696,-1.664442,1.451609,0.595554,1.592152
5393,179.766667,1,558.450518,366.433198,457.842216,357.17558,508.146367,361.804389,2.892873,1.663622,-1.660003,1.358593,0.616435,1.511108
5394,179.8,1,558.044558,366.345962,457.676401,357.091198,507.860479,361.71858,2.879105,1.701373,-1.642429,1.329814,0.618338,1.515593
5395,179.833333,1,555.417919,365.628042,454.56893,357.40183,504.993424,361.514936,2.873359,1.696988,-1.715718,1.413901,0.578821,1.555444
5396,179.866667,1,554.418678,365.107661,452.01211,357.986246,503.215394,361.546953,2.903341,1.456827,-1.768961,1.552098,0.56719,1.504463
5397,179.9,1,553.251915,365.121013,452.310438,358.051134,502.781177,361.586073,2.866337,1.504376,-1.760371,1.588525,0.552983,1.54645
5398,179.933333,1,553.393383,364.869609,451.092262,358.117685,502.242823,361.493647,2.870568,1.460462,-1.762037,1.588624,0.554266,1.524543
5399,179.966667,1,552.651014,364.768292,450.389729,358.206611,501.520371,361.487451,2.845899,1.403993,-1.77922,1.534467,0.53334,1.46923
5400,180.0,1,552.681313,364.857067,450.496197,358.424234,501.588755,361.640651,2.834459,1.374899,-1.783078,1.581774,0.52569,1.478337
5401,180.033333,1,552.680798,364.820251,450.482206,358.359395,501.581502,361.589823,2.842431,1.383578,-1.780709,1.542547,0.530861,1.463063
5402,180.066667,1,552.82074,364.839478,450.525045,358.277877,501.672893,361.558677,2.848597,1.40265,-1.781027,1.54681,0.533785,1.47473
5403,180.1,1,552.958984,364.804282,450.458221,358.392665,501.708603,361.598473,2.8502,1.388979,-1.78494,1.636609,0.53263,1.512794
5404,180.133333,1,552.689247,364.778945,450.389338,358.403935,501.539292,361.59144,2.831221,1.404669,-1.783057,1.544419,0.524082,1.474544
5405,180.166667,1,552.965879,364.819093,450.494671,358.4157,501.730275,361.617396,2.84689,1.390812,-1.782608,1.596014,0.532141,1.493413
5406,180.2,1,552.83843,364.731867,450.556116,358.345147,501.697273,361.538507,2.829991,1.420376,-1.78401,1.573111,0.52299,1.496743
5407,180.233333,1,552.792654,364.820842,450.458145,358.327492,501.6254,361.574167,2.838899,1.397438,-1.780262,1.582856,0.529319,1.490147
5408,180.266667,1,552.710905,365.063485,450.205288,358.335024,501.458097,361.699255,2.838194,1.3932,-1.791656,1.547099,0.523269,1.470149
5409,180.3,1,552.491112,365.130519,450.323229,358.467203,501.40717,361.798861,2.827642,1.401074,-1.781751,1.460211,0.522946,1.430643
5410,180.333333,1,552.23547,365.053309,449.99259,358.509287,501.11403,361.781298,2.816314,1.380493,-1.790963,1.470684,0.512675,1.425589
5411,180.366667,1,551.898909,365.023048,449.999743,358.505538,500.949326,361.764293,2.827411,1.340127,-1.77107,1.432925,0.528171,1.386526
5412,180.4,1,551.864023,365.000115,449.656706,358.659754,500.760365,361.829934,2.828715,1.25097,-1.788769,1.475827,0.519973,1.363398
5413,180.433333,1,551.954536,364.91775,449.254513,358.624585,500.604525,361.771167,2.834937,1.270451,-1.800008,1.543539,0.517464,1.406995
5414,180.466667,1,551.790524,364.836275,448.948002,358.726916,500.369263,361.781596,2.843817,1.268587,-1.78916,1.549874,0.527329,1.409231
5415,180.5,1,551.587954,364.83157,448.990021,358.77194,500.288987,361.801755,2.840152,1.248372,-1.784437,1.557927,0.527857,1.40315
5416,180.533333,1,551.645937,364.921526,449.112425,358.75236,500.379181,361.836943,2.86042,1.232468,-1.783489,1.552749,0.538466,1.392608
5417,180.566667,1,551.642494,364.945103,448.996086,358.645442,500.31929,361.795272,2.851838,1.239398,-1.784664,1.499647,0.533587,1.369522
5418,180.6,1,551.624327,364.927765,449.022388,358.88242,500.323358,361.905093,2.837549,1.208951,-1.78838,1.523625,0.524584,1.366288
5419,180.633333,1,551.495981,364.922352,449.223986,358.837482,500.359983,361.879917,2.844767,1.180628,-1.785703,1.538479,0.529532,1.359553
5420,180.666667,1,551.456938,365.089079,448.680305,358.720012,500.068622,361.904545,2.832851,1.200756,-1.799818,1.604957,0.516516,1.402857
5421,180.7,1,551.233206,364.951948,448.135557,358.919713,499.684381,361.935831,2.850169,1.166417,-1.80811,1.61412,0.521029,1.390269
5422,180.733333,1,551.554632,364.478506,449.281902,358.993683,500.418267,361.736095,2.82801,1.117978,-1.736962,1.657277,0.545524,1.387628
5423,180.766667,1,552.787495,364.082467,452.266493,356.924456,502.526994,360.503461,2.866477,1.161337,-1.66223,1.560585,0.602124,1.360961
5424,180.8,1,552.694483,363.69765,451.929226,356.907333,502.311854,360.302491,2.911783,1.19968,-1.641125,1.580569,0.635329,1.390124
5425,180.833333,1,552.610741,363.988724,451.991491,357.04147,502.301116,360.515097,2.908112,1.233945,-1.650374,1.542121,0.628869,1.388033
5426,180.866667,1,552.555265,363.821676,451.639547,356.93313,502.097406,360.377403,2.915295,1.16747,-1.64354,1.50764,0.635878,1.337555
5427,180.9,1,552.507305,363.948238,451.610851,356.87888,502.059078,360.413559,2.894806,1.167246,-1.651155,1.457237,0.621826,1.312242
5428,180.933333,1,552.534781,363.970914,451.545477,356.849622,502.040129,360.410268,2.899795,1.206667,-1.648245,1.407916,0.625775,1.307292
5429,180.966667,1,552.47695,364.087155,451.666231,356.797818,502.07159,360.442487,2.903275,1.193351,-1.6553,1.413029,0.623987,1.30319
5430,181.0,1,552.552128,364.115539,451.714096,356.792872,502.133112,360.454205,2.911023,1.161629,-1.651433,1.449021,0.629795,1.305325
5431,181.033333,1,552.566814,364.188929,451.722546,356.794755,502.14468,360.491842,2.908836,1.192327,-1.654387,1.446991,0.627225,1.319659
5432,181.066667,1,552.524347,364.084768,451.640749,356.80227,502.082548,360.443519,2.908571,1.177207,-1.650494,1.47687,0.629039,1.327039
5433,181.1,1,552.072964,364.137924,451.312132,356.77489,501.692548,360.456407,2.903548,1.265594,-1.661241,1.402837,0.621153,1.334215
5434,181.133333,1,551.82272,364.078503,451.066656,356.691297,501.444688,360.3849,2.897631,1.257787,-1.65565,1.429781,0.620991,1.343784
5435,181.166667,1,551.716042,364.097482,450.870667,356.717743,501.293354,360.407613,2.907964,1.220494,-1.664383,1.436229,0.621791,1.328361
5436,181.2,1,551.542921,364.015578,450.670624,356.833153,501.106772,360.424366,2.898681,1.208497,-1.663247,1.408856,0.617717,1.308677
5437,181.233333,1,551.61952,364.048564,450.65196,356.773104,501.13574,360.410834,2.907876,1.176615,-1.665733,1.433361,0.621072,1.304988
5438,181.266667,1,551.598158,364.027133,450.615807,356.829463,501.106982,360.428298,2.909928,1.197658,-1.66097,1.413441,0.624479,1.30555
5439,181.3,1,551.622,364.089816,450.494566,356.799207,501.058283,360.444512,2.916672,1.239696,-1.658416,1.460914,0.629128,1.350305
5440,181.333333,1,551.535883,364.663428,450.797768,357.514177,501.166825,361.088803,2.913785,1.255783,-1.769814,1.896928,0.571985,1.576355
5441,181.366667,1,547.978077,372.419422,452.038631,362.95477,500.008354,367.687096,2.90425,4.100653,-1.639897,12.543254,0.632177,8.321954
5442,181.4,1,549.552155,368.325137,450.608397,360.357104,500.080276,364.34112,2.977546,2.333696,-1.720257,16.503117,0.628645,9.418406
5443,181.433333,1,550.778513,363.690714,450.673141,355.9247,500.725827,359.807707,2.943794,1.57069,-1.753427,2.280016,0.595184,1.925353
5444,181.466667,1,551.859207,362.065768,450.267706,355.111991,501.063457,358.588879,2.985446,1.48967,-1.687511,1.717675,0.648968,1.603672
5445,181.5,1,551.494398,361.894809,449.98064,354.097247,500.737519,357.996028,2.916023,1.304241,-1.701572,1.305187,0.607226,1.304714
5446,181.533333,1,551.874599,361.717418,449.614353,353.894434,500.744476,357.805926,2.984131,1.326378,-1.658022,1.331746,0.663055,1.329062
5447,181.566667,1,552.071009,361.710724,449.611568,353.778933,500.841289,357.744828,2.973417,1.370698,-1.67268,1.37774,0.650368,1.374219
5448,181.6,1,551.611624,361.597787,449.745302,354.1539,500.678463,357.875843,2.944529,1.336693,-1.655466,1.278528,0.644531,1.307611
5449,181.633333,1,551.987238,361.737556,449.799423,353.870654,500.893331,357.804105,2.960528,1.419179,-1.668799,1.372057,0.645864,1.395618
