frame,time_sec,face_detected,left_iris_center_x_px,left_iris_center_y_px,right_iris_center_x_px,right_iris_center_y_px,iris_center_x_px,iris_center_y_px,left_iris_x_norm,left_iris_y_norm,right_iris_x_norm,right_iris_y_norm,iris_x_norm,iris_y_norm
184,6.133333,1,672.243061,347.453109,565.650377,348.611126,618.946719,348.032117,3.312341,2.748181,-1.620291,2.685468,0.846025,2.716825
185,6.166667,1,668.877754,344.14535,565.551348,348.281085,617.214551,346.213218,2.918348,2.227217,-1.658334,2.467637,0.630007,2.347427
186,6.2,1,669.025574,344.562696,566.093588,346.990605,617.559581,345.776651,2.95683,1.871601,-1.612145,2.629747,0.672342,2.250674
187,6.233333,1,659.589195,342.903374,562.341156,340.53647,610.965176,341.719922,2.8642,2.697759,-1.71662,1.531797,0.57379,2.114778
188,6.266667,1,658.018436,343.169063,561.410418,339.16982,609.714427,341.169442,2.876387,2.853581,-1.770838,1.723945,0.552774,2.288763
189,6.3,1,662.22887,340.542135,565.813723,336.867857,614.021297,338.704996,2.887292,3.128824,-1.593055,2.38497,0.647119,2.756897
190,6.333333,1,657.402,341.348943,564.548922,335.417581,610.975461,338.383262,2.853492,2.979702,-1.589133,2.296972,0.632179,2.638337
191,6.366667,1,656.297398,339.332362,566.067076,331.056261,611.182237,335.194311,2.784369,3.113595,-1.501902,2.139846,0.641233,2.626721
192,6.4,1,656.135349,336.110787,566.324596,333.594189,611.229973,334.852488,2.679982,2.844747,-1.564316,2.739161,0.557833,2.791954
193,6.433333,1,658.905582,336.360099,568.858013,330.834137,613.881798,333.597118,2.691062,2.872544,-1.637083,2.088996,0.52699,2.48077
194,6.466667,1,662.867775,334.216526,569.243975,330.373151,616.055875,332.294838,2.794568,2.827669,-1.639279,2.728591,0.577645,2.77813
195,6.5,1,662.204685,339.262887,571.470175,328.081654,616.83743,333.67227,2.798732,3.245915,-1.578994,2.44081,0.609869,2.843362
196,6.533333,1,660.141621,338.035128,572.363005,326.096583,616.252313,332.065855,2.750851,3.22748,-1.562635,2.015737,0.594108,2.621609
197,6.566667,1,654.219685,333.584565,572.729559,326.803045,613.474622,330.193805,2.586565,2.478335,-1.557323,2.484726,0.514621,2.481531
198,6.6,1,657.54652,334.408454,574.475594,325.941535,616.011057,330.174994,2.574463,2.616412,-1.566247,2.295555,0.504108,2.455983
199,6.633333,1,672.073402,338.291933,571.759195,331.162916,621.916299,334.727425,3.02208,2.932677,-1.64514,2.616413,0.68847,2.774545
200,6.666667,1,665.975933,337.957832,571.671448,335.199764,618.82369,336.578798,2.921964,2.589206,-1.647125,2.620613,0.63742,2.60491
201,6.7,1,676.165257,340.283446,570.027361,336.320997,623.096309,338.302222,3.07547,2.692309,-1.656015,2.848632,0.709728,2.77047
202,6.733333,1,672.949295,342.340894,569.258156,336.892292,621.103725,339.616593,3.057922,2.814283,-1.604741,2.629004,0.72659,2.721644
203,6.766667,1,668.86158,341.294843,569.871674,335.331016,619.366627,338.312929,2.92597,2.658227,-1.598303,2.686434,0.663834,2.672331
204,6.8,1,677.26223,342.369336,573.608351,335.904965,625.43529,339.137151,3.273832,3.236689,-1.518639,2.477894,0.877596,2.857292
205,6.833333,1,678.866501,343.269421,575.146656,338.608037,627.006578,340.938729,3.311919,2.626224,-1.580091,2.798581,0.865914,2.712403
206,6.866667,1,680.858707,343.143411,574.073448,342.245643,627.466078,342.694527,3.353547,2.919103,-1.499002,2.644694,0.927272,2.781899
207,6.9,1,683.268795,343.527583,578.092995,347.068534,630.680895,345.298059,3.510881,2.197784,-1.41397,2.416904,1.048455,2.307344
208,6.933333,1,682.038097,345.064833,574.480038,344.523364,628.259068,344.794098,3.169937,2.767655,-1.504324,2.378334,0.832807,2.572994
209,6.966667,1,676.268253,345.211984,569.294739,340.24007,622.781496,342.726027,3.099369,2.452043,-1.729867,2.329254,0.684751,2.390648
210,7.0,1,676.645775,346.168261,568.518896,339.908511,622.582335,343.038386,3.188399,2.621308,-1.544185,1.88722,0.822107,2.254264
211,7.033333,1,679.103718,344.637782,565.033312,339.784979,622.068515,342.211381,3.291722,3.190699,-1.542006,2.161581,0.874858,2.67614
212,7.066667,1,662.918415,344.035149,561.666803,337.962456,612.292609,340.998802,2.942261,2.143916,-1.695864,1.553121,0.623199,1.848518
213,7.1,1,667.33614,345.185339,562.130718,345.803524,614.733429,345.494431,3.159762,2.020899,-1.716351,2.008112,0.721705,2.014506
214,7.133333,1,666.088734,344.594336,563.615093,347.477742,614.851913,346.036039,3.123975,1.969515,-1.623964,1.592839,0.750005,1.781177
215,7.166667,1,662.737598,343.269212,561.977797,347.804752,612.357697,345.536982,3.108853,2.07001,-1.768566,1.912195,0.670143,1.991103
216,7.2,1,667.988129,341.494362,566.257076,346.928018,617.122602,344.21119,3.073449,2.185772,-1.558064,1.853864,0.757693,2.019818
217,7.233333,1,667.725658,340.013911,562.977476,345.594161,615.351567,342.804036,2.93826,2.197095,-1.62358,1.985331,0.65734,2.091213
218,7.266667,1,655.058441,338.692918,564.614229,343.728856,609.836335,341.210887,2.673764,1.890833,-1.639679,2.204689,0.517043,2.047761
219,7.3,1,658.47847,337.118863,564.758348,341.966479,611.618409,339.542671,2.708585,2.051069,-1.65098,2.17212,0.528802,2.111594
220,7.333333,1,659.060974,337.933847,565.59454,343.221903,612.327757,340.577875,2.819754,2.162064,-1.656763,2.363657,0.581495,2.26286
221,7.366667,1,665.952721,338.006959,566.962337,343.461837,616.457529,340.734398,2.941212,2.358428,-1.611569,1.657852,0.664822,2.00814
222,7.4,1,668.439884,338.863737,569.425545,344.328609,618.932714,341.596173,3.090512,1.948039,-1.598226,1.792686,0.746143,1.870363
223,7.433333,1,670.07555,339.500037,570.343523,344.800104,620.209537,342.150071,3.146791,2.171542,-1.60975,1.905146,0.768521,2.038344
224,7.466667,1,674.100914,340.345464,570.49408,344.241496,622.297497,342.29348,3.156829,2.350349,-1.613844,2.213713,0.771493,2.282031
225,7.5,1,670.904503,339.179927,570.009832,344.65476,620.457168,341.917343,2.754172,2.861875,-1.719513,1.625196,0.51733,2.243535
226,7.533333,1,672.112713,338.470863,569.804459,345.597766,620.958586,342.034315,2.865254,2.231129,-1.695043,2.445269,0.585105,2.338199
227,7.566667,1,672.956867,340.6861,569.509001,345.70403,621.232934,343.195065,3.137058,2.409862,-1.705025,2.45153,0.716016,2.430696
228,7.6,1,671.47913,341.051862,569.854574,346.13578,620.666852,343.593821,3.066673,2.869872,-1.601943,2.080714,0.732365,2.475293
229,7.633333,1,670.709782,342.041082,570.39649,345.254695,620.553136,343.647889,2.810185,3.217633,-1.652216,1.923002,0.578985,2.570318
230,7.666667,1,672.1768,343.477582,570.862665,347.626932,621.519732,345.552257,2.877794,2.53677,-1.600343,2.076001,0.638725,2.306386
231,7.7,1,672.458191,345.800428,569.97611,352.453927,621.217151,349.127178,2.893835,2.652502,-1.706847,2.434581,0.593494,2.543541
232,7.733333,1,668.568707,344.605665,568.67157,352.115668,618.620138,348.360667,3.101522,1.980487,-1.689533,1.883508,0.705994,1.931998
233,7.766667,1,670.296669,346.929435,570.207863,351.882707,620.252266,349.406071,3.169281,1.898397,-1.639538,1.6878,0.764872,1.793098
234,7.8,1,668.325882,347.20531,567.438374,352.707508,617.882128,349.956409,3.182264,2.19583,-1.578459,1.505158,0.801903,1.850494
235,7.833333,1,668.250675,344.999344,566.420918,351.965513,617.335796,348.482428,3.089407,2.270285,-1.742138,1.999094,0.673634,2.13469
236,7.866667,1,665.688782,347.119238,563.247156,350.558512,614.467969,348.838875,3.200939,2.916301,-1.622222,1.417641,0.789358,2.166971
237,7.9,1,666.49786,345.058851,563.409243,349.258756,614.953551,347.158804,2.797246,2.833469,-1.729877,1.741957,0.533684,2.287713
238,7.933333,1,666.851234,346.208687,561.787062,350.12843,614.319148,348.168559,2.910496,2.946038,-1.711637,1.979591,0.59943,2.462815
239,7.966667,1,665.274963,345.6581,572.29845,351.125654,618.786707,348.391877,2.927422,2.587304,-1.46614,1.922082,0.730641,2.254693
240,8.0,1,662.583809,345.541644,559.68298,354.519287,611.133394,350.030465,2.891554,2.658863,-1.694178,1.926022,0.598688,2.292443
241,8.033333,1,662.731876,346.148504,558.671675,355.15312,610.701776,350.650812,2.967804,2.623585,-1.684727,1.94168,0.641538,2.282632
242,8.066667,1,662.847843,346.351907,556.41943,355.305179,609.633636,350.828543,2.944917,3.052723,-1.619378,1.757945,0.662769,2.405334
243,8.1,1,663.95155,345.792387,556.753988,354.917884,610.352769,350.355136,2.917478,3.281056,-1.71201,1.540432,0.602734,2.410744
244,8.133333,1,661.664505,347.210734,556.034803,354.925443,608.849654,351.068088,2.913572,2.8596,-1.690025,1.546563,0.611773,2.203081
245,8.166667,1,660.178871,347.231639,558.415861,355.398563,609.297366,351.315101,2.850122,2.890419,-1.59052,1.783537,0.629801,2.336978
246,8.2,1,660.72279,347.098644,558.850336,354.417368,609.786563,350.758006,2.772174,3.263007,-1.551337,1.917604,0.610418,2.590306
247,8.233333,1,660.28368,348.586471,559.512491,355.538805,609.898086,352.062638,2.83469,2.807811,-1.57299,1.962093,0.63085,2.384952
248,8.266667,1,659.742069,347.453983,560.851965,355.536992,610.297017,351.495488,2.74605,3.229453,-1.505113,1.736592,0.620468,2.483022
249,8.3,1,659.348927,347.214012,566.440086,355.554357,612.894506,351.384184,2.743744,3.107236,-1.427205,1.50719,0.658269,2.307213
250,8.333333,1,659.50985,347.160051,564.633522,355.919759,612.071686,351.539905,2.730234,2.908105,-1.445841,1.641386,0.642197,2.274746
251,8.366667,1,657.247429,346.992724,570.870581,353.710923,614.059005,350.351823,2.645921,3.082183,-1.275467,1.540306,0.685227,2.311245
252,8.4,1,658.136692,346.449518,567.095661,354.309409,612.616177,350.379463,2.776593,3.216892,-1.4113,1.696521,0.682646,2.456706
253,8.433333,1,658.361206,347.063438,561.916056,355.511785,610.138631,351.287611,2.767842,3.144216,-1.546512,2.066325,0.610665,2.605271
254,8.466667,1,654.914551,347.896092,556.584311,356.785067,605.749431,352.340579,2.787666,3.13701,-1.638734,2.112962,0.574466,2.624986
255,8.5,1,657.682114,348.997895,554.996853,357.279108,606.339483,353.138502,2.854652,2.912253,-1.698035,2.022411,0.578309,2.467332
256,8.533333,1,657.246418,349.050869,555.729408,357.961408,606.487913,353.506139,2.881662,2.721634,-1.678692,2.087495,0.601485,2.404565
257,8.566667,1,659.731731,349.697104,554.939489,357.333729,607.33561,353.515416,2.872239,3.052133,-1.698349,2.196375,0.586945,2.624254
258,8.6,1,660.69603,349.486207,556.0604,356.553984,608.378215,353.020096,2.949607,3.089352,-1.711288,2.087516,0.61916,2.588434
259,8.633333,1,659.747772,349.824391,556.445494,355.901263,608.096633,352.862827,2.864876,3.159505,-1.725022,1.939064,0.569927,2.549284
260,8.666667,1,655.991154,349.658153,556.786079,356.165841,606.388617,352.911997,2.745907,3.07707,-1.64997,1.800305,0.547968,2.438688
261,8.7,1,661.533833,349.801887,559.180374,356.486617,610.357103,353.144252,2.88472,3.026202,-1.647493,1.916763,0.618614,2.471483
262,8.733333,1,663.292084,349.417886,560.649652,354.863629,611.970868,352.140757,2.870599,3.304928,-1.572465,1.85234,0.649067,2.578634
263,8.766667,1,663.731499,350.290301,562.43556,355.292509,613.083529,352.791405,2.963828,3.300299,-1.572714,2.177124,0.695557,2.738712
264,8.8,1,664.894238,350.562846,562.303715,355.175859,613.598976,352.869353,2.938489,3.089212,-1.668254,2.302656,0.635118,2.695934
265,8.833333,1,663.175507,349.938235,560.96179,355.428754,612.068648,352.683494,2.931438,2.921932,-1.638084,2.094573,0.646677,2.508252
266,8.866667,1,662.166386,349.365658,559.854345,355.082046,611.010365,352.223852,2.859451,2.635343,-1.669577,2.113722,0.594937,2.374533
267,8.9,1,664.434528,349.023194,560.690298,355.154037,612.562413,352.088615,2.917559,2.732729,-1.686146,2.018046,0.615706,2.375388
268,8.933333,1,664.47916,349.358051,561.005716,356.060892,612.742438,352.709472,2.992517,2.472961,-1.635257,2.17254,0.67863,2.322751
269,8.966667,1,663.440666,349.42066,560.581903,355.428277,612.011285,352.424468,2.92104,2.560218,-1.639287,1.923327,0.640877,2.241773
270,9.0,1,664.174709,349.002353,561.137791,354.960971,612.65625,351.981662,2.953983,2.554738,-1.607362,1.904901,0.67331,2.22982
271,9.033333,1,664.121113,349.326729,560.906372,354.961326,612.513742,352.144027,2.929165,2.923803,-1.670319,1.973444,0.629423,2.448623
272,9.066667,1,664.01947,347.920334,560.743761,356.295204,612.381616,352.107769,2.964852,2.543084,-1.593192,2.118982,0.68583,2.331033
273,9.1,1,661.788578,348.505377,556.709785,355.596194,609.249182,352.050785,2.878288,2.816982,-1.63208,1.811074,0.623104,2.314028
274,9.133333,1,655.247746,348.55002,553.389368,355.041277,604.318557,351.795648,2.774897,2.943858,-1.637986,1.756745,0.568456,2.350302
275,9.166667,1,656.140003,348.496462,550.601816,352.966443,603.37091,350.731452,2.949579,3.320584,-1.639885,1.779193,0.654847,2.549888
276,9.2,1,653.909225,348.42136,549.934196,355.102984,601.921711,351.762172,2.984966,2.830893,-1.664675,1.985943,0.660145,2.408418
277,9.233333,1,655.245628,349.096751,551.837311,355.955679,603.54147,352.526215,2.999284,2.58603,-1.646563,2.165733,0.67636,2.375881
278,9.266667,1,653.143425,349.357998,551.430197,355.395344,602.286811,352.376671,2.915749,2.362758,-1.572724,2.362948,0.671512,2.362853
279,9.3,1,655.32177,350.109639,550.571737,355.445357,602.946754,352.777498,3.025102,2.373005,-1.579463,2.456206,0.72282,2.414605
280,9.333333,1,652.802773,349.741838,551.07296,355.451848,601.937866,352.596843,2.974297,2.349387,-1.533957,2.280092,0.72017,2.31474
281,9.366667,1,657.304306,350.314774,550.113487,355.480081,603.708897,352.897427,3.06639,2.66604,-1.518446,2.360702,0.773972,2.513371
282,9.4,1,656.222591,349.697587,552.204952,355.62463,604.213772,352.661109,3.049436,2.386664,-1.520835,2.470439,0.764301,2.428552
283,9.433333,1,659.597969,349.774684,551.661863,357.13892,605.629916,353.456802,3.057015,2.257263,-1.549091,2.361031,0.753962,2.309147
284,9.466667,1,662.144184,350.359207,553.695717,356.807039,607.91995,353.583123,3.313988,2.232887,-1.493232,2.833497,0.910378,2.533192
285,9.5,1,657.943897,350.616817,555.205631,356.969495,606.574764,353.793156,3.057858,2.056122,-1.504149,2.677617,0.776855,2.36687
286,9.533333,1,657.822075,351.098918,554.834194,357.651168,606.328135,354.375043,3.027891,2.042278,-1.51012,2.585368,0.758886,2.313823
287,9.566667,1,655.462189,351.393258,554.031305,356.219276,604.746747,353.806267,3.070586,2.027307,-1.577513,2.462172,0.746537,2.244739
288,9.6,1,658.889713,351.842914,556.790066,357.378216,607.83989,354.610565,3.004259,2.36917,-1.544488,2.248616,0.729886,2.308893
289,9.633333,1,648.749399,351.262382,555.766726,358.511417,602.258062,354.8869,2.783093,2.12743,-1.549265,2.356622,0.616914,2.242026
290,9.666667,1,657.799339,351.186309,557.492914,358.248056,607.646127,354.717183,3.033948,2.005028,-1.514215,2.379186,0.759866,2.192107
291,9.7,1,654.270859,351.353025,559.405146,358.172096,606.838002,354.76256,2.947164,2.174319,-1.505183,2.30328,0.72099,2.238799
292,9.733333,1,647.70257,351.215615,556.847811,357.061318,602.27519,354.138467,2.635328,2.198552,-1.524651,2.12082,0.555339,2.159686
293,9.766667,1,648.260098,352.924917,557.337112,358.610246,602.798605,355.767581,2.738347,2.161885,-1.539924,1.969151,0.599211,2.065518
294,9.8,1,649.304829,352.725286,556.246014,358.34615,602.775421,355.535718,2.749972,2.223268,-1.571523,2.162676,0.589224,2.192972
295,9.833333,1,651.973228,351.752363,555.325861,358.345324,603.649545,355.048843,2.833786,2.414409,-1.581787,2.125632,0.625999,2.270021
296,9.866667,1,651.492252,351.388634,555.209303,357.576726,603.350778,354.48268,2.833375,2.307886,-1.581898,2.334252,0.625739,2.321069
297,9.9,1,652.832375,350.327386,554.605637,357.779136,603.719006,354.053261,2.918751,2.307586,-1.587762,2.646403,0.665494,2.476995
298,9.933333,1,659.384995,350.888761,553.891659,358.446668,606.638327,354.667715,3.084785,2.527809,-1.574366,2.438507,0.755209,2.483158
299,9.966667,1,659.641781,350.703646,552.735691,357.988611,606.188736,354.346129,3.025502,2.776264,-1.610855,2.485186,0.707323,2.630725
300,10.0,1,658.029423,350.301728,551.690664,357.356029,604.860044,353.828878,2.934672,3.174842,-1.619986,2.448637,0.657343,2.81174
301,10.033333,1,660.287113,349.936754,551.570816,357.085614,605.928965,353.511184,3.016913,3.160588,-1.646723,2.167745,0.685095,2.664167
302,10.066667,1,660.434742,349.884054,549.519711,356.447232,604.977226,353.165643,3.073948,3.105303,-1.675847,1.959799,0.699051,2.532551
303,10.1,1,660.651836,349.826081,550.650434,356.901646,605.651135,353.363864,3.026305,3.063211,-1.658451,2.154333,0.683927,2.608772
304,10.133333,1,656.101074,349.827889,549.91457,358.08979,603.007822,353.958839,2.933472,2.8671,-1.673694,2.671448,0.629889,2.769274
305,10.166667,1,660.358028,350.103448,549.339314,357.767764,604.848671,353.935606,3.006003,3.111773,-1.697009,2.323436,0.654497,2.717604
306,10.2,1,659.011936,350.603519,550.881901,358.337883,604.946918,354.470701,2.996863,2.986779,-1.668383,2.114225,0.66424,2.550502
307,10.233333,1,659.681053,349.491985,549.214172,358.479633,604.447613,353.985809,3.011429,3.174885,-1.661912,2.594203,0.674758,2.884544
308,10.266667,1,658.633995,349.463977,550.635872,359.446397,604.634933,354.455187,2.970352,2.734913,-1.612218,2.872056,0.679067,2.803484
309,10.3,1,658.773403,350.589792,549.366989,361.764057,604.070196,356.176924,2.987847,2.884742,-1.601046,3.081204,0.693401,2.982973
310,10.333333,1,659.344292,350.950334,549.687815,361.367058,604.516053,356.158696,3.011974,2.981576,-1.650168,2.96484,0.680903,2.973208
311,10.366667,1,659.629269,350.383648,548.84037,360.888793,604.234819,355.63622,3.017317,2.863029,-1.626774,3.167762,0.695272,3.015395
312,10.4,1,658.895779,350.575195,549.128351,360.944266,604.012065,355.759731,3.042732,3.101856,-1.654431,2.716701,0.694151,2.909279
313,10.433333,1,657.789841,350.606459,549.211416,358.57285,603.500628,354.589655,2.986621,3.384569,-1.694233,2.544419,0.646194,2.964494
314,10.466667,1,657.50351,351.221044,551.060581,359.825624,604.282045,355.523334,3.017731,3.068746,-1.681738,2.767541,0.667997,2.918143
315,10.5,1,657.64555,351.402243,549.353399,360.035995,603.499475,355.719119,3.043009,3.297892,-1.709074,2.849349,0.666967,3.07362
316,10.533333,1,656.821499,351.891178,549.034557,357.880765,602.928028,354.885972,3.068373,3.225563,-1.683072,2.985766,0.69265,3.105665
317,10.566667,1,656.476707,351.925328,549.584818,357.04295,603.030763,354.484139,3.065693,3.099711,-1.628624,2.467835,0.718535,2.783773
318,10.6,1,655.489693,351.262479,547.165852,358.965622,601.327772,355.114051,3.058116,3.147222,-1.724798,2.830075,0.666659,2.988649
319,10.633333,1,656.65987,351.213169,547.450371,358.809968,602.05512,355.011569,3.026437,3.17425,-1.729453,2.56514,0.648492,2.869695
320,10.666667,1,656.529312,350.709574,545.953369,359.603285,601.241341,355.156429,3.001659,3.166186,-1.692003,3.155714,0.654828,3.16095
321,10.7,1,655.732002,350.918223,548.995399,357.054725,602.363701,353.986474,2.938455,3.026222,-1.649085,3.060694,0.644685,3.043458
322,10.733333,1,658.390579,349.915983,551.755352,356.599324,605.072966,353.257653,2.868947,3.206471,-1.652476,3.103917,0.608235,3.155194
323,10.766667,1,659.731655,351.228737,554.778042,356.185416,607.254848,353.707076,2.877624,3.365848,-1.689729,2.162596,0.593948,2.764222
324,10.8,1,659.494457,350.685128,555.391054,354.434851,607.442756,352.559989,2.914113,3.18197,-1.735174,2.338876,0.589469,2.760423
325,10.833333,1,660.721531,350.973278,556.14459,355.628091,608.433061,353.300684,2.970984,3.080779,-1.69724,2.511244,0.636872,2.796011
326,10.866667,1,661.445656,351.457057,556.299639,354.934047,608.872647,353.195552,3.038003,3.214863,-1.700122,2.566812,0.668941,2.890837
327,10.9,1,660.993481,350.808397,558.561621,354.905815,609.777551,352.857106,2.834395,3.078207,-1.67193,2.152074,0.581232,2.61514
328,10.933333,1,659.887848,351.289762,556.46162,354.278473,608.174734,352.784117,2.83887,3.439526,-1.657114,2.330116,0.590878,2.884821
329,10.966667,1,660.23386,351.127816,555.424948,353.688789,607.829404,352.408302,2.762218,3.667885,-1.683836,2.64976,0.539191,3.158823
330,11.0,1,660.017109,351.228973,555.101223,353.451365,607.559166,352.340169,2.78458,3.637544,-1.65063,2.567894,0.566975,3.102719
331,11.033333,1,659.996395,352.032085,557.343636,355.864629,608.670015,353.948357,2.919097,2.792127,-1.623029,2.146552,0.648034,2.469339
332,11.066667,1,656.839333,351.01232,557.464981,357.20156,607.152157,354.10694,2.900908,2.510632,-1.52338,2.268082,0.688764,2.389357
333,11.1,1,659.173203,351.574972,555.444622,359.382888,607.308912,355.47893,3.004623,2.651277,-1.583929,2.164563,0.710347,2.40792
334,11.133333,1,659.79475,351.52305,555.992012,358.274202,607.893381,354.898626,2.920082,2.80047,-1.522034,2.111162,0.699024,2.455816
335,11.166667,1,659.618111,350.616732,557.1628,358.196965,608.390455,354.406849,2.90239,2.801446,-1.595253,2.189035,0.653568,2.49524
336,11.2,1,654.869099,351.194302,556.958542,359.846841,605.91382,355.520571,2.874566,2.961398,-1.606292,2.121951,0.634137,2.541675
337,11.233333,1,659.90757,352.117508,556.440382,359.607373,608.173976,355.86244,3.041587,2.917092,-1.661824,2.067393,0.689882,2.492242
338,11.266667,1,659.662704,352.183743,556.400061,361.932381,608.031383,357.058062,3.092009,3.564911,-1.642841,2.012721,0.724584,2.788816
339,11.3,1,658.680058,352.37294,553.968325,360.58742,606.324191,356.48018,3.139969,3.865244,-1.704886,2.115204,0.717541,2.990224
340,11.333333,1,658.640556,352.184772,554.95347,358.651654,606.797013,355.418213,3.156928,3.008146,-1.594995,2.221108,0.780966,2.614627
341,11.366667,1,661.324749,352.376631,559.919014,358.528149,610.621881,355.45239,2.874996,2.765444,-1.481703,2.088296,0.696647,2.42687
342,11.4,1,660.456696,351.902363,561.040182,358.876943,610.748439,355.389653,2.880344,2.829954,-1.52835,2.307424,0.675997,2.568689
343,11.433333,1,659.659042,353.188627,558.904028,357.553439,609.281535,355.371033,2.960446,2.697319,-1.519254,1.85828,0.720596,2.277799
344,11.466667,1,660.849304,353.692882,557.638874,360.062099,609.244089,356.87749,3.001612,2.789138,-1.558709,2.222821,0.721452,2.505979
345,11.5,1,660.74028,353.310925,557.717266,359.547071,609.228773,356.428998,3.085653,2.23944,-1.541145,2.001499,0.772254,2.120469
346,11.533333,1,661.13287,353.341706,556.040726,360.899908,608.586798,357.120807,3.118581,2.662582,-1.571868,1.984481,0.773356,2.323532
347,11.566667,1,661.785355,353.587584,558.001261,359.547125,609.893308,356.567355,3.121845,2.844731,-1.558762,2.164041,0.781542,2.504386
348,11.6,1,661.548176,351.892487,557.227392,358.856794,609.387784,355.374641,3.02846,2.685251,-1.565013,1.988852,0.731724,2.337051
349,11.633333,1,660.967121,352.666454,559.192505,357.668672,610.079813,355.167563,2.975756,2.526749,-1.56983,2.07238,0.702963,2.299565
350,11.666667,1,659.439793,351.917512,555.61101,359.003205,607.525401,355.460359,2.989795,2.859109,-1.490496,1.824766,0.74965,2.341937
351,11.7,1,658.233318,351.647,557.206192,360.491944,607.719755,356.069472,2.971014,2.908103,-1.493727,2.030762,0.738644,2.469432
352,11.733333,1,656.153049,352.947013,558.951759,360.548362,607.552404,356.747687,2.852714,2.864626,-1.455777,2.393709,0.698469,2.629167
353,11.766667,1,658.047619,352.372597,559.143076,359.555622,608.595347,355.96411,2.884337,2.691683,-1.442225,2.484976,0.721056,2.58833
354,11.8,1,657.300606,352.580232,561.521215,360.194546,609.410911,356.387389,2.913666,2.559068,-1.457298,2.944614,0.728184,2.751841
355,11.833333,1,659.10738,352.762011,560.63199,359.922833,609.869685,356.342422,2.92351,2.615534,-1.423979,2.563057,0.749766,2.589295
356,11.866667,1,658.357868,352.246158,564.432192,360.638655,611.39503,356.442406,2.988026,2.705368,-1.377189,2.632417,0.805418,2.668893
357,11.9,1,656.594543,352.687912,562.197027,359.551175,609.395785,356.119544,3.043125,3.0545,-1.379388,2.264712,0.831868,2.659606
358,11.933333,1,657.152615,350.81242,564.481239,358.70091,610.816927,354.756665,3.156409,2.827653,-1.325193,2.087815,0.915608,2.457734
359,11.966667,1,658.908081,351.052204,561.304855,355.333326,610.106468,353.192765,3.226697,3.008697,-1.414391,1.696158,0.906153,2.352427
360,12.0,1,659.580021,351.135905,563.400812,356.32746,611.490417,353.731683,3.170201,2.804501,-1.509018,1.625633,0.830591,2.215067
361,12.033333,1,659.913082,351.098676,558.498297,361.534304,609.205689,356.31649,3.188914,3.033359,-1.621762,1.737421,0.783576,2.38539
362,12.066667,1,659.7402,351.865472,556.35848,359.327323,608.04934,355.596398,3.160908,2.971131,-1.626056,1.635506,0.767426,2.303318
363,12.1,1,661.082115,351.956216,559.83758,360.659325,610.459847,356.30777,3.146917,1.985148,-1.604774,1.87045,0.771072,1.927799
364,12.133333,1,661.712055,352.074008,557.324648,360.077671,609.518352,356.07584,3.15746,2.031568,-1.685075,2.07559,0.736192,2.053579
365,12.166667,1,661.362534,352.141154,558.329153,357.717231,609.845843,354.929193,3.144161,2.126536,-1.647155,1.599809,0.748503,1.863172
366,12.2,1,661.967735,352.026206,556.857233,359.65216,609.412484,355.839183,3.157295,2.09075,-1.660918,1.745275,0.748189,1.918013
367,12.233333,1,661.679249,351.865,557.936974,359.524364,609.808111,355.694682,3.215452,2.135142,-1.614441,2.053755,0.800506,2.094449
368,12.266667,1,659.172401,352.022064,556.448183,358.935571,607.810292,355.478818,3.138118,2.143328,-1.662024,1.974845,0.738047,2.059086
369,12.3,1,659.4133,352.327139,558.729172,359.08762,609.071236,355.707379,3.04889,2.14199,-1.648856,1.934069,0.700017,2.03803
370,12.333333,1,661.388397,352.219909,558.648243,358.662152,610.01832,355.441031,3.165529,2.194878,-1.62119,1.685409,0.772169,1.940144
371,12.366667,1,660.36974,351.798154,556.873693,360.712759,608.621716,356.255457,3.163269,2.212269,-1.617959,2.176197,0.772655,2.194233
372,12.4,1,660.496597,352.158122,558.543444,360.2699,609.52002,356.214011,3.198988,2.261787,-1.6037,2.043215,0.797644,2.152501
373,12.433333,1,660.444069,351.99771,559.492369,359.607335,609.968219,355.802523,3.119798,2.16999,-1.553691,1.771992,0.783053,1.970991
374,12.466667,1,659.017773,351.8784,558.802366,358.814893,608.910069,355.346646,3.026626,2.169944,-1.490502,1.661744,0.768062,1.915844
375,12.5,1,659.445,352.386791,559.230852,359.991471,609.337926,356.189131,3.041465,2.496744,-1.497465,1.709643,0.772,2.103194
376,12.533333,1,658.711929,352.196912,561.092777,360.257117,609.902353,356.227014,3.07977,2.275221,-1.48072,2.098856,0.799525,2.187038
377,12.566667,1,659.397144,352.206321,560.344849,360.169113,609.870996,356.187717,3.084258,2.326453,-1.512224,2.121757,0.786017,2.224105
378,12.6,1,659.100666,352.399231,561.065149,360.087225,610.082908,356.243228,3.147021,2.635255,-1.485483,2.091111,0.830769,2.363183
379,12.633333,1,659.087925,351.544626,560.70735,360.527376,609.897637,356.036001,3.178109,2.361514,-1.471523,2.181394,0.853293,2.271454
380,12.666667,1,659.191284,351.58385,559.778624,362.764875,609.484954,357.174363,3.240533,2.792495,-1.480606,2.416346,0.879963,2.604421
381,12.7,1,660.091915,351.56161,562.574949,361.728517,611.333432,356.645063,3.233373,2.450837,-1.452407,2.208386,0.890483,2.329611
382,12.733333,1,660.382061,351.591559,561.11989,362.558173,610.750976,357.074866,3.309746,2.567427,-1.498106,2.247427,0.90582,2.407427
383,12.766667,1,660.5093,351.549658,559.963961,363.083038,610.23663,357.316348,3.343643,2.477842,-1.518965,2.319921,0.912339,2.398882
384,12.8,1,660.471573,351.571496,559.8174,365.207015,610.144486,358.389256,3.267045,2.41137,-1.523098,2.454184,0.871973,2.432777
385,12.833333,1,660.024548,350.535563,560.420799,363.778766,610.222673,357.157164,3.207925,2.657761,-1.588807,2.613665,0.809559,2.635713
386,12.866667,1,657.547646,352.202454,565.348778,362.460514,611.448212,357.331484,3.207495,2.862745,-1.34234,2.128593,0.932577,2.495669
387,12.9,1,659.67741,351.142911,563.272638,362.698227,611.475024,356.920569,3.268817,2.707025,-1.449048,2.491532,0.909885,2.599278
388,12.933333,1,659.243145,352.355361,564.152908,361.242201,611.698027,356.798781,3.203263,2.900419,-1.422921,2.085385,0.890171,2.492902
389,12.966667,1,659.747162,351.08798,560.600548,360.940812,610.173855,356.014396,3.224401,2.652974,-1.486519,2.401856,0.868941,2.527415
390,13.0,1,659.730759,351.850408,559.480009,361.559769,609.605384,356.705089,3.120565,2.494853,-1.535736,2.296711,0.792415,2.395782
391,13.033333,1,658.776512,352.210393,560.766096,360.720377,609.771304,356.465385,3.007913,2.551463,-1.491747,2.111849,0.758083,2.331656
392,13.066667,1,659.792061,351.015866,561.697187,360.62761,610.744624,355.821738,3.092762,2.707184,-1.497072,2.362698,0.797845,2.534941
393,13.1,1,658.985004,350.567599,559.399481,361.034501,609.192243,355.80105,3.083449,2.978446,-1.509432,2.66809,0.787009,2.823268
394,13.133333,1,658.21907,350.317397,557.416563,361.087266,607.817817,355.702331,3.093049,3.24791,-1.549068,2.396384,0.771991,2.822147
395,13.166667,1,657.447624,350.955811,555.696154,363.746617,606.571889,357.351214,3.060065,3.354697,-1.582908,2.904339,0.738578,3.129518
396,13.2,1,655.803299,352.083524,554.104099,363.570986,604.953699,357.827255,3.100521,3.397094,-1.547282,2.49139,0.77662,2.944242
397,13.233333,1,656.343002,350.799208,553.217297,364.002779,604.780149,357.400993,3.108658,3.133662,-1.632667,2.694027,0.737995,2.913844
398,13.266667,1,654.965439,352.352604,552.335014,363.323354,603.650227,357.837979,2.99047,3.144178,-1.65999,2.29272,0.66524,2.718449
399,13.3,1,654.007492,352.942529,553.231573,363.238966,603.619533,358.090747,2.960471,3.156056,-1.631633,2.217891,0.664419,2.686974
400,13.333333,1,654.910755,352.975482,551.088829,363.800647,602.999792,358.388065,2.938128,2.906229,-1.702729,2.118854,0.617699,2.512542
401,13.366667,1,655.189514,351.421351,549.888744,365.236461,602.539129,358.328906,3.047094,3.108765,-1.679429,2.500381,0.683832,2.804573
402,13.4,1,654.547291,351.964102,550.199842,365.184018,602.373567,358.57406,2.933726,3.19983,-1.717161,2.248363,0.608282,2.724096
403,13.433333,1,654.664536,350.974334,548.602991,366.0697,601.633763,358.522017,2.960181,2.826423,-1.649671,2.540565,0.655255,2.683494
404,13.466667,1,654.885235,350.730693,550.511484,366.54165,602.698359,358.636172,2.972495,2.858578,-1.650365,3.290619,0.661065,3.074599
405,13.5,1,654.228802,350.873006,550.436754,367.436038,602.332778,359.154522,2.981351,2.962167,-1.592788,2.816512,0.694281,2.889339
406,13.533333,1,652.834835,350.6092,550.422382,366.422582,601.628609,358.515891,2.872189,2.789915,-1.596659,2.650317,0.637765,2.720116
407,13.566667,1,653.866882,350.866327,551.593704,366.25496,602.730293,358.560643,2.982911,2.892456,-1.621515,2.971502,0.680698,2.931979
408,13.6,1,654.855251,351.175489,551.740189,366.529033,603.29772,358.852261,2.933156,2.927728,-1.608103,3.066751,0.662527,2.99724
409,13.633333,1,655.750713,351.422124,551.671438,365.157008,603.711076,358.289566,2.838002,3.293086,-1.619386,2.999542,0.609308,3.146314
410,13.666667,1,655.925198,351.513281,552.596874,365.722182,604.261036,358.617732,2.91563,3.421628,-1.583026,2.782684,0.666302,3.102156
411,13.7,1,653.205338,352.596148,551.578941,364.024917,602.392139,358.310533,2.90967,3.452662,-1.549727,2.177484,0.679971,2.815073
412,13.733333,1,655.839748,354.039874,552.623987,364.342754,604.231868,359.191314,3.090134,3.617808,-1.520126,2.402816,0.785004,3.010312
413,13.766667,1,656.038342,353.609111,553.055191,363.332001,604.546766,358.470556,3.186935,3.722974,-1.540349,2.539419,0.823293,3.131197
414,13.8,1,655.652962,355.189458,557.86787,361.430363,606.760416,358.309911,3.141416,3.429037,-1.475608,2.309815,0.832904,2.869426
415,13.833333,1,659.984722,353.052365,558.860636,360.670509,609.422679,356.861437,3.10263,3.336668,-1.481401,2.405156,0.810614,2.870912
416,13.866667,1,658.878365,353.717939,558.174906,360.083631,608.526635,356.900785,3.040348,3.043228,-1.550559,2.392338,0.744895,2.717783
417,13.9,1,660.770741,353.209092,560.246983,360.933983,610.508862,357.071537,3.125874,3.132887,-1.502747,2.321936,0.811564,2.727412
418,13.933333,1,662.385635,352.808145,564.446325,360.666111,613.41598,356.737128,3.229707,3.271779,-1.389334,2.077921,0.920186,2.67485
419,13.966667,1,662.180996,352.559407,560.553589,361.371612,611.367292,356.96551,3.224123,3.195124,-1.522661,2.246322,0.850731,2.720723
420,14.0,1,662.251911,351.573647,559.952536,360.788451,611.102223,356.181049,3.134102,2.994235,-1.573223,2.396342,0.78044,2.695288
421,14.033333,1,663.144417,352.682987,561.548042,362.662189,612.34623,357.672588,3.146204,2.740902,-1.580879,2.397608,0.782662,2.569255
422,14.066667,1,661.185207,352.330261,560.957861,361.681589,611.071534,357.005925,3.098968,2.31408,-1.568039,2.373713,0.765465,2.343897
423,14.1,1,660.455074,353.995811,561.167059,360.738466,610.811067,357.367138,3.037501,2.560131,-1.534182,2.387565,0.75166,2.473848
424,14.133333,1,661.454239,352.774392,560.700731,361.238735,611.077485,357.006564,3.091617,2.506929,-1.597829,2.632971,0.746894,2.56995
425,14.166667,1,660.60154,351.798846,559.854021,361.136667,610.22778,356.467756,3.046206,2.314098,-1.591695,2.543921,0.727256,2.429009
426,14.2,1,662.136631,353.883212,559.821348,360.939433,610.97899,357.411322,3.051135,2.497284,-1.569984,2.681055,0.740576,2.589169
427,14.233333,1,662.946701,352.744936,559.762812,360.390674,611.354756,356.567805,3.134929,2.502976,-1.595972,2.499071,0.769478,2.501023
428,14.266667,1,662.597733,352.74603,559.594383,361.210985,611.096058,356.978508,3.214607,2.532118,-1.574799,2.73522,0.819904,2.633669
429,14.3,1,663.583164,352.975804,559.50573,360.979763,611.544447,356.977783,3.193641,2.72737,-1.594647,3.08194,0.799497,2.904655
430,14.333333,1,663.238029,353.247523,559.185419,361.795122,611.211724,357.521322,3.297846,2.812949,-1.565639,2.539266,0.866103,2.676108
431,14.366667,1,663.024559,352.522999,559.180918,362.027718,611.102738,357.275358,3.134015,3.03089,-1.608261,2.944278,0.762877,2.987584
432,14.4,1,663.778629,352.373675,559.392328,361.737127,611.585479,357.055401,3.357221,2.714951,-1.55569,2.535261,0.900765,2.625106
433,14.433333,1,662.63361,352.332262,559.952888,361.4287,611.293249,356.880481,3.273016,2.697067,-1.57468,2.91217,0.849168,2.804619
434,14.466667,1,661.111164,351.319476,559.467373,361.340246,610.289268,356.329861,3.20616,2.626121,-1.61371,2.80912,0.796225,2.71762
435,14.5,1,660.114689,351.474277,559.94483,361.778766,610.029759,356.626521,3.082641,2.323489,-1.601261,2.570725,0.74069,2.447107
436,14.533333,1,658.408413,350.594249,559.529018,361.620194,608.968716,356.107222,2.872086,1.892123,-1.652168,2.458947,0.609959,2.175535
437,14.566667,1,659.268856,350.582732,560.108452,361.774807,609.688654,356.178769,2.916303,1.908338,-1.610297,2.349469,0.653003,2.128904
438,14.6,1,659.965591,351.019846,560.201759,361.619475,610.083675,356.319661,2.92616,1.985038,-1.598249,2.422829,0.663955,2.203934
439,14.633333,1,659.11684,350.883123,560.281219,361.510438,609.69903,356.196781,2.953696,2.272417,-1.590304,2.547512,0.681696,2.409965
440,14.666667,1,660.044708,349.933037,560.785627,362.833529,610.415168,356.383283,2.969144,2.558704,-1.644162,3.14304,0.662491,2.850872
441,14.7,1,661.353474,349.061463,561.124487,360.583756,611.23898,354.82261,2.979784,2.169807,-1.719302,3.114016,0.630241,2.641911
442,14.733333,1,657.331657,345.63684,559.473963,357.225491,608.40281,351.431166,2.806292,2.069042,-1.69443,2.572742,0.555931,2.320892
443,14.766667,1,656.998081,344.80991,563.194046,353.29393,610.096064,349.05192,2.657923,2.484902,-1.494996,1.929696,0.581464,2.207299
444,14.8,1,660.737858,341.082959,560.053778,350.531732,610.395818,345.807346,2.858965,2.735716,-1.606452,1.49264,0.626256,2.114178
445,14.833333,1,662.81374,337.874833,563.377991,350.541093,613.095865,344.207963,2.696028,2.580482,-1.804402,1.766733,0.445813,2.173607
446,14.866667,1,663.850441,338.361531,561.468067,347.221983,612.659254,342.791757,2.923781,3.067869,-1.720485,1.496616,0.601648,2.282243
447,14.9,1,665.087814,336.41017,567.092123,347.668877,616.089969,342.039523,2.819253,2.378577,-1.582877,1.624566,0.618188,2.001571
448,14.933333,1,666.50404,336.873752,568.388805,348.457371,617.446423,342.665562,2.923436,2.265362,-1.508372,1.524281,0.707532,1.894822
449,14.966667,1,666.151867,335.984477,565.587664,347.661517,615.869765,341.822997,2.961019,2.341393,-1.566783,1.538845,0.697118,1.940119
450,15.0,1,666.238461,338.701549,565.715694,348.511632,615.977077,343.606591,2.970842,2.264757,-1.5935,1.641484,0.688671,1.95312
451,15.033333,1,670.29398,337.499104,566.267271,348.524163,618.280625,343.011634,3.008325,2.220066,-1.591128,1.790142,0.708598,2.005104
452,15.066667,1,671.479816,338.891128,570.064268,347.352456,620.772042,343.121792,3.030777,2.326836,-1.60145,1.779881,0.714664,2.053359
453,15.1,1,673.383541,339.383222,570.640869,348.016046,622.012205,343.699634,2.987643,2.077597,-1.698702,1.942801,0.64447,2.010199
1123,37.433333,1,680.671597,360.038034,591.525335,356.421386,636.098466,358.22971,2.690277,1.691877,-1.818185,3.289025,0.436046,2.490451
1124,37.466667,1,691.580544,360.936627,590.894966,358.031248,641.237755,359.483938,3.038028,2.40602,-1.751579,3.829484,0.643224,3.117752
1125,37.5,1,691.313972,360.309044,591.08098,357.59923,641.197476,358.954137,2.952601,2.459906,-1.744727,4.161328,0.603937,3.310617
1126,37.533333,1,683.327541,359.685559,591.216345,356.54053,637.271943,358.113045,2.773524,2.512675,-1.763537,2.809608,0.504994,2.661142
1127,37.566667,1,691.747017,361.765269,592.044659,358.227398,641.895838,359.996333,2.961922,2.142549,-1.655193,2.220107,0.653365,2.181328
1128,37.6,1,691.166534,361.905178,593.576498,357.55742,642.371516,359.731299,2.917498,2.356886,-1.780127,2.456463,0.568685,2.406674
1129,37.633333,1,688.603096,360.260335,595.691538,358.239403,642.147317,359.249869,2.650664,1.502948,-1.777784,2.714455,0.43644,2.108702
1130,37.666667,1,698.755589,361.495219,594.776011,358.947753,646.7658,360.221486,2.991672,1.811005,-1.798377,2.915821,0.596647,2.363413
1131,37.7,1,700.047379,360.962532,594.885006,358.973363,647.466192,359.967948,2.905619,2.059519,-1.806006,2.947732,0.549806,2.503626
1132,37.733333,1,701.937141,362.999128,598.80662,359.572783,650.371881,361.285956,2.963226,2.085956,-1.72676,2.696777,0.618233,2.391366
1133,37.766667,1,704.890156,363.887106,600.95026,360.023019,652.920208,361.955062,3.021169,2.105899,-1.658556,2.867491,0.681306,2.486695
1134,37.8,1,705.236607,365.088751,602.686224,361.039152,653.961415,363.063952,2.912779,1.96001,-1.74455,2.761297,0.584114,2.360654
1135,37.833333,1,707.232742,365.660201,604.190216,360.651267,655.711479,363.155734,3.050571,2.167215,-1.740147,2.772791,0.655212,2.470003
1136,37.866667,1,707.053928,364.822939,605.286045,361.633476,656.169987,363.228208,2.970128,2.197769,-1.754282,2.455253,0.607923,2.326511
1137,37.9,1,710.323257,367.879536,608.132315,361.524439,659.227786,364.701988,3.048088,2.137766,-1.628173,2.587513,0.709957,2.36264
1138,37.933333,1,709.321098,364.641772,607.453775,362.813664,658.387437,363.727718,2.881273,2.072126,-1.628102,2.484933,0.626586,2.278529
1139,37.966667,1,709.171734,366.732656,612.047749,363.705697,660.609741,365.219176,2.961797,2.253235,-1.423499,2.679573,0.769149,2.466404
1140,38.0,1,705.918674,369.623111,606.952524,363.641329,656.435599,366.63222,3.074272,2.226386,-1.476955,2.397871,0.798658,2.312128
1141,38.033333,1,705.508804,365.942466,605.615568,363.674562,655.562186,364.808514,2.886557,2.219819,-1.771521,2.863318,0.557518,2.541568
1142,38.066667,1,709.051323,365.570519,601.795559,361.545886,655.423441,363.558202,2.794199,2.580188,-1.69101,3.004192,0.551595,2.79219
1143,38.1,1,679.501762,364.652056,600.063314,361.698493,639.782538,363.175274,2.369442,1.937002,-1.568701,3.264037,0.40037,2.60052
1144,38.133333,1,698.799038,363.719564,601.663923,363.64848,650.231481,363.684022,3.113493,1.861127,-1.720742,2.831173,0.696375,2.34615
1145,38.166667,1,701.99564,362.052367,599.852743,362.951878,650.924191,362.502123,3.12548,2.257092,-1.71033,3.147265,0.707575,2.702178
1146,38.2,1,704.354725,360.685192,602.006092,361.680329,653.180408,361.18276,3.161083,1.907825,-1.705363,2.412502,0.72786,2.160164
1147,38.233333,1,706.163864,360.522516,605.789957,361.409211,655.976911,360.965863,3.034873,2.262096,-1.64871,2.894959,0.693082,2.578528
1148,38.266667,1,708.305588,360.418071,605.701551,362.461399,657.00357,361.439735,2.930664,2.952179,-1.759008,3.060016,0.585828,3.006097
1149,38.3,1,709.619083,359.759878,609.884071,362.651836,659.751577,361.205857,2.911168,2.058073,-1.736744,2.816832,0.587212,2.437452
1150,38.333333,1,712.366924,360.668026,610.03665,361.750125,661.201787,361.209075,3.038478,2.457492,-1.773333,3.047889,0.632573,2.75269
1151,38.366667,1,716.374321,359.630515,616.945543,361.292599,666.659932,360.461557,3.029395,2.182866,-1.757071,3.321697,0.636162,2.752282
1152,38.4,1,713.544197,355.839309,612.822523,361.733775,663.18336,358.786542,2.939321,1.503737,-1.790686,3.669605,0.574318,2.586671
1153,38.433333,1,708.593254,361.636577,607.798309,360.837836,658.195782,361.237206,2.956145,2.318803,-1.761034,2.913041,0.597555,2.615922
1154,38.466667,1,706.634254,360.003927,605.199089,361.943534,655.916672,360.97373,2.92908,1.929996,-1.78388,3.620444,0.5726,2.77522
1155,38.5,1,705.55685,357.753795,606.525583,363.147148,656.041217,360.450472,3.029958,2.478417,-1.773817,3.342362,0.628071,2.91039
1156,38.533333,1,704.634094,358.828325,606.247177,364.089784,655.440636,361.459055,2.942062,2.417015,-1.727149,2.686433,0.607456,2.551724
1157,38.566667,1,702.608948,356.21139,603.385153,363.752657,652.99705,359.982024,2.876147,1.485878,-1.761093,2.397074,0.557527,1.941476
1158,38.6,1,702.848377,353.546627,602.218637,363.774785,652.533507,358.660706,2.824686,1.534938,-1.873017,2.885793,0.475834,2.210365
1159,38.633333,1,701.789284,354.919403,598.135996,363.173563,649.96264,359.046483,3.066424,2.130748,-1.784353,2.326057,0.641035,2.228403
1160,38.666667,1,701.922035,351.151854,597.776403,363.896633,649.849219,357.524243,3.117064,1.96504,-1.675908,2.462479,0.720578,2.213759
1161,38.7,1,699.353371,350.409075,596.053734,362.658091,647.703552,356.533583,2.996275,2.133569,-1.752455,2.831055,0.62191,2.482312
1162,38.733333,1,698.675098,346.805967,597.479649,366.95456,648.077374,356.880264,2.975348,1.983587,-1.870681,3.601943,0.552334,2.792765
1163,38.766667,1,698.01033,348.094999,600.404787,365.745099,649.207559,356.920049,2.964586,2.336241,-1.694452,2.981345,0.635067,2.658793
1164,38.8,1,698.379917,347.355139,597.438087,363.623841,647.909002,355.48949,2.931945,2.249578,-1.803717,2.64107,0.564114,2.445324
1165,38.833333,1,700.97908,348.069352,599.149132,364.723842,650.064106,356.396597,2.887403,2.017019,-1.902766,2.837324,0.492318,2.427172
1166,38.866667,1,699.730282,348.949036,600.734062,364.559455,650.232172,356.754245,2.95415,1.87959,-1.744707,2.820344,0.604722,2.349967
1167,38.9,1,702.627506,348.789466,606.728439,363.688724,654.677973,356.239095,2.871971,2.130658,-1.759395,3.084858,0.556288,2.607758
1168,38.933333,1,702.146149,348.804411,605.750532,361.641871,653.94834,355.223141,2.951339,2.393922,-1.828486,3.293077,0.561427,2.8435
1169,38.966667,1,703.538589,349.233533,603.369846,360.507994,653.454218,354.870763,2.857229,2.100564,-1.919869,3.694929,0.46868,2.897747
1170,39.0,1,702.315369,348.730785,602.079296,358.61325,652.197332,353.672017,2.887725,2.486422,-1.918629,3.767093,0.484548,3.126758
1171,39.033333,1,701.4995,348.392553,599.865341,358.125345,650.682421,353.258949,2.87239,2.21537,-1.906305,3.632081,0.483043,2.923725
1172,39.066667,1,699.115391,348.832338,596.891909,355.790439,648.00365,352.311389,2.865353,2.65324,-1.918209,3.209128,0.473572,2.931184
1173,39.1,1,696.365147,349.255891,593.702412,354.744962,645.033779,352.000427,2.974098,2.687654,-1.828195,2.809318,0.572951,2.748486
1174,39.133333,1,696.310272,347.899836,591.076689,354.433488,643.69348,351.166662,2.954405,2.432529,-1.730206,2.96307,0.6121,2.6978
1175,39.166667,1,698.026695,350.513172,589.929953,355.764481,643.978324,353.138826,2.984398,2.549346,-1.799974,3.37241,0.592212,2.960878
1176,39.2,1,690.295029,351.262865,591.031981,356.682451,640.663505,353.972658,2.896453,1.992539,-1.607937,2.516981,0.644258,2.25476
1177,39.233333,1,688.648663,351.507708,589.400864,356.997712,639.024763,354.25271,2.99441,1.710005,-1.512614,1.98387,0.740898,1.846937
1178,39.266667,1,688.124332,352.504181,587.98914,358.611485,638.056736,355.557833,2.896933,2.099631,-1.622087,2.141639,0.637423,2.120635
1179,39.3,1,688.464489,352.872207,585.915203,360.04063,637.189846,356.456418,2.838714,2.127991,-1.766989,2.323027,0.535863,2.225509
1180,39.333333,1,687.57082,353.574945,584.687138,360.683282,636.128979,357.129114,2.967134,2.838557,-1.858445,2.346488,0.554345,2.592522
1181,39.366667,1,685.040321,355.461032,582.251959,361.462281,633.64614,358.461657,3.131231,2.626631,-1.793306,2.107042,0.668962,2.366837
1182,39.4,1,685.856762,355.582466,581.503057,360.927781,633.67991,358.255124,2.998913,2.917045,-1.790039,2.11005,0.604437,2.513547
1183,39.433333,1,684.26775,353.790386,582.013931,360.119272,633.140841,356.954829,2.951659,2.752264,-1.840543,2.371443,0.555558,2.561853
1184,39.466667,1,681.302242,357.746488,579.754457,358.872018,630.52835,358.309253,3.091214,2.622312,-1.828135,2.376236,0.631539,2.499274
1185,39.5,1,676.485729,358.533631,586.508751,359.659258,631.49724,359.096444,2.854972,2.464669,-1.697624,2.007129,0.578674,2.235899
1186,39.533333,1,674.955425,358.67191,583.067341,360.196525,629.011383,359.434218,2.74301,2.272759,-1.662456,2.505461,0.540277,2.38911
1187,39.566667,1,679.23975,356.961036,579.941778,359.833574,629.590764,358.397305,2.890883,2.413618,-1.667824,2.502863,0.61153,2.45824
1188,39.6,1,677.77689,356.574819,580.736942,359.552929,629.256916,358.063874,2.862159,2.406957,-1.72524,2.343203,0.56846,2.37508
1189,39.633333,1,678.204422,357.41206,577.327871,359.905195,627.766147,358.658627,2.787881,2.707357,-1.695282,2.468352,0.546299,2.587854
1190,39.666667,1,678.606224,357.830474,575.738754,359.605538,627.172489,358.718006,2.803941,3.064482,-1.702176,2.777122,0.550883,2.920802
1191,39.7,1,673.661041,356.050372,574.81307,359.88378,624.237056,357.967076,2.842295,2.690487,-1.691617,2.033889,0.575339,2.362188
1192,39.733333,1,671.87315,356.764183,574.777765,360.561714,623.325458,358.662948,2.742417,2.609153,-1.737485,2.060602,0.502466,2.334877
1193,39.766667,1,671.779938,357.224461,575.199194,360.917729,623.489566,359.071095,2.713193,2.650779,-1.800789,2.181829,0.456202,2.416304
1194,39.8,1,671.521225,357.498631,579.746675,361.315827,625.63395,359.407229,2.684573,2.336598,-1.694394,2.093863,0.49509,2.215231
1195,39.833333,1,671.317463,357.572005,579.551115,360.768662,625.434289,359.170334,2.651271,2.307688,-1.66689,2.008665,0.492191,2.158176
1196,39.866667,1,671.420708,356.633195,582.479076,361.169218,626.949892,358.901206,2.687011,2.084187,-1.607501,2.094454,0.539755,2.089321
1197,39.9,1,657.636528,357.001956,572.533007,361.531219,615.084767,359.266587,2.478266,1.940895,-1.830556,2.691645,0.323855,2.31627
1198,39.933333,1,670.298595,356.67397,570.278702,361.883066,620.288649,359.278518,2.935183,2.587359,-1.728556,2.5811,0.603313,2.584229
1199,39.966667,1,670.222321,356.024044,569.693909,360.640115,619.958115,358.332079,2.866831,2.545332,-1.798523,3.187115,0.534154,2.866224
1200,40.0,1,669.916496,357.257538,573.253622,362.185437,621.585059,359.721487,2.828689,2.436273,-1.839632,2.859291,0.494528,2.647782
1201,40.033333,1,669.804554,356.569262,575.913248,361.439155,622.858901,359.004208,2.828477,2.250107,-1.777157,2.278854,0.52566,2.26448
1202,40.066667,1,671.10527,357.088135,569.705944,361.819557,620.405607,359.453846,2.922445,2.634478,-1.839767,2.69074,0.541339,2.662609
1203,40.1,1,668.432426,354.908985,574.505672,361.576345,621.469049,358.242665,2.736686,2.235308,-1.756916,2.345613,0.489885,2.29046
1204,40.133333,1,671.690521,354.202877,574.710321,361.914754,623.200421,358.058816,2.707743,2.313704,-1.788107,2.582984,0.459818,2.448344
1205,40.166667,1,662.848835,356.180255,570.825672,362.05424,616.837254,359.117247,2.679815,2.462761,-1.840175,2.200962,0.41982,2.331862
1206,40.2,1,668.509903,357.916873,569.936962,363.186711,619.223433,360.551792,2.965527,2.45632,-1.800772,2.056013,0.582378,2.256167
1207,40.233333,1,671.36694,358.669683,565.610704,364.853683,618.488822,361.761683,2.994828,2.655696,-1.918964,2.696938,0.537932,2.676317
1208,40.266667,1,670.414906,358.17701,565.490904,364.042035,617.952905,361.109523,2.915878,2.872633,-1.800605,2.736081,0.557636,2.804357
1209,40.3,1,661.512108,355.354596,565.062466,363.432198,613.287287,359.393397,2.685339,2.313755,-1.645785,2.253216,0.519777,2.283485
1210,40.333333,1,665.215454,356.218649,564.397583,363.434107,614.806519,359.826378,2.887234,2.521176,-1.713096,1.546682,0.587069,2.033929
1211,40.366667,1,665.661049,354.954094,564.395828,363.652262,615.028439,359.303178,2.884783,2.374495,-1.702796,1.935338,0.590994,2.154916
1212,40.4,1,664.523678,354.666304,563.407621,363.863561,613.96565,359.264933,2.879128,2.396296,-1.703046,2.019113,0.588041,2.207705
1213,40.433333,1,665.676823,355.308747,562.886858,363.662642,614.28184,359.485694,2.926422,2.568312,-1.709301,2.22657,0.608561,2.397441
1214,40.466667,1,665.635891,355.300577,564.296598,363.317989,614.966245,359.309283,2.891461,2.472008,-1.700261,2.40908,0.5956,2.440544
1215,40.5,1,664.954987,355.481921,564.306641,363.33412,614.630814,359.40802,2.91352,2.47982,-1.739122,2.866087,0.587199,2.672954
1216,40.533333,1,664.903297,355.111948,563.859158,362.885875,614.381227,358.998911,2.93137,2.511887,-1.808521,2.83539,0.561424,2.673639
1217,40.566667,1,665.992393,356.365129,562.700958,362.487373,614.346676,359.426251,2.945316,2.734247,-1.787087,2.521402,0.579114,2.627825
1218,40.6,1,663.940983,355.131265,560.762539,363.144794,612.351761,359.138029,2.932012,2.537059,-1.729977,2.575974,0.601018,2.556517
1219,40.633333,1,663.921814,355.683446,560.604925,362.204304,612.26337,358.943875,2.965129,2.526792,-1.754847,3.30837,0.605141,2.917581
1220,40.666667,1,662.805786,357.403075,559.458199,363.308387,611.131992,360.355731,2.882596,2.840006,-1.772298,2.674943,0.555149,2.757474
1221,40.7,1,662.405758,357.366398,559.603281,362.753781,611.004519,360.06009,2.927741,2.272085,-1.755032,2.163222,0.586355,2.217654
1222,40.733333,1,661.58411,357.604267,559.07238,362.95183,610.328245,360.278049,2.902364,2.486162,-1.741015,2.019612,0.580674,2.252887
1223,40.766667,1,660.629063,356.868076,559.147873,363.171219,609.888468,360.019647,2.906201,2.382315,-1.665938,1.974094,0.620132,2.178205
1224,40.8,1,660.523434,356.416579,559.942961,363.143275,610.233197,359.779927,2.817294,2.623166,-1.744128,2.257804,0.536583,2.440485
1225,40.833333,1,661.037827,357.893184,561.293135,363.47073,611.165481,360.681957,2.847887,2.473441,-1.744437,2.138693,0.551725,2.306067
1226,40.866667,1,662.254391,358.732715,577.075691,362.830449,619.665041,360.781582,2.768897,2.663006,-1.468776,2.090383,0.650061,2.376694
1227,40.9,1,662.21571,359.237142,580.198708,362.513841,621.207209,360.875492,2.661913,2.611282,-1.411788,1.821545,0.625062,2.216414
1228,40.933333,1,661.459599,358.260378,572.729673,361.439713,617.094636,359.850046,2.752707,2.504435,-1.59523,2.177057,0.578739,2.340746
1229,40.966667,1,661.137009,358.159908,568.266325,363.752727,614.701667,360.956317,3.071154,2.41064,-1.628838,2.465609,0.721158,2.438124
1230,41.0,1,660.210094,358.482293,557.168121,363.705413,608.689108,361.093853,2.891826,2.655996,-1.875352,2.655944,0.508237,2.65597
1231,41.033333,1,659.760914,357.958887,556.415987,363.616524,608.08845,360.787706,2.962741,2.522924,-1.836796,2.532254,0.562973,2.527589
1232,41.066667,1,659.300728,356.818058,573.459368,361.253659,616.380048,359.035859,2.741648,2.681903,-1.514867,2.233469,0.613391,2.457686
1233,41.1,1,659.27433,357.164803,559.517326,362.423344,609.395828,359.794073,2.819233,2.862099,-1.799428,2.183875,0.509903,2.522987
1234,41.133333,1,661.489239,359.105762,557.946358,364.167568,609.717798,361.636665,3.047438,2.535319,-1.873228,2.712907,0.587105,2.624113
1235,41.166667,1,661.489887,358.799615,561.159115,363.693461,611.324501,361.246538,3.043346,2.548169,-1.816595,2.899475,0.613376,2.723822
1236,41.2,1,661.484489,357.520673,559.161625,364.418934,610.323057,360.969804,3.011437,2.506077,-1.882424,2.830157,0.564506,2.668117
1237,41.233333,1,663.637505,359.083988,557.537737,362.241367,610.587621,360.662677,2.904037,3.441239,-1.826515,2.047209,0.538761,2.744224
1238,41.266667,1,664.694691,359.032651,561.059189,362.733042,612.87694,360.882846,3.006746,3.421672,-1.818802,2.645061,0.593972,3.033367
1239,41.3,1,662.58112,357.264404,559.97014,362.257331,611.27563,359.760868,2.987997,2.845558,-1.848328,2.51188,0.569835,2.678719
1240,41.333333,1,662.117844,358.138842,562.136602,362.920014,612.127223,360.529428,2.922707,2.457757,-1.902511,2.492132,0.510098,2.474944
1241,41.366667,1,662.740784,359.108686,561.4608,364.559224,612.100792,361.833955,2.938532,2.404903,-1.938641,2.511226,0.499946,2.458064
1242,41.4,1,663.654861,357.906573,562.106905,366.170733,612.880883,362.038653,2.973389,2.185869,-1.882269,2.896778,0.54556,2.541324
1243,41.433333,1,664.674911,357.48832,562.859039,367.717359,613.766975,362.60284,3.005625,2.18593,-1.851728,3.261074,0.576949,2.723502
1244,41.466667,1,664.222736,357.153264,564.245472,366.41034,614.234104,361.781802,2.90193,2.245273,-1.811626,3.310672,0.545152,2.777973
1245,41.5,1,663.947334,356.470578,564.258862,366.113784,614.103098,361.292181,2.90458,2.538627,-1.781397,3.600054,0.561592,3.069341
1246,41.533333,1,665.395432,356.671894,563.388939,364.381603,614.392185,360.526748,2.898755,2.513647,-1.823266,3.668591,0.537745,3.091119
1247,41.566667,1,667.715111,357.859522,566.229572,365.943829,616.972342,361.901675,3.008391,2.355478,-1.799719,3.299508,0.604336,2.827493
1248,41.6,1,666.711712,357.664402,563.983231,363.747776,615.347471,360.706089,2.942826,2.668807,-1.836943,3.364081,0.552942,3.016444
1249,41.633333,1,668.952312,357.850987,566.500397,366.581771,617.726355,362.216379,2.946518,2.621773,-1.794036,3.22182,0.576241,2.921797
1250,41.666667,1,669.301491,357.674434,564.727964,364.785157,617.014728,361.229796,3.010218,2.685692,-1.835389,3.226824,0.587414,2.956258
1251,41.7,1,668.930531,357.196507,566.283274,365.281409,617.606902,361.238958,3.057722,2.222988,-1.800217,3.158153,0.628753,2.69057
1252,41.733333,1,669.513607,356.881825,565.921392,365.234427,617.7175,361.058126,3.050462,2.118401,-1.840587,3.056364,0.604938,2.587383
1253,41.766667,1,670.334225,356.373804,566.511307,365.13937,618.422766,360.756587,3.033961,2.005043,-1.814447,2.83511,0.609757,2.420077
1254,41.8,1,669.908619,357.310157,568.429375,364.820225,619.168997,361.065191,2.997507,2.181161,-1.77728,2.86158,0.610114,2.521371
1255,41.833333,1,669.216499,357.584998,572.877064,363.315886,621.046782,360.450442,2.958054,2.729256,-1.663646,3.147193,0.647204,2.938225
1256,41.866667,1,669.559746,357.70073,563.82473,363.457142,616.692238,360.578936,2.916766,2.751578,-1.899339,2.933271,0.508713,2.842424
1257,41.9,1,669.408226,357.717907,568.298674,363.601171,618.85345,360.659539,2.948379,2.301189,-1.835328,2.630556,0.556525,2.465872
1258,41.933333,1,669.936485,360.313931,569.473925,362.749822,619.705205,361.531877,2.779531,2.556491,-1.880223,2.42894,0.449654,2.492716
1259,41.966667,1,670.739365,358.151325,572.573891,361.992592,621.656628,360.071958,2.863821,2.220627,-1.790417,2.78943,0.536702,2.505028
1260,42.0,1,670.342197,358.91459,578.147697,362.367049,624.244947,360.64082,2.803887,2.112998,-1.634148,2.715188,0.58487,2.414093
1261,42.033333,1,669.916344,356.786891,566.623335,363.087115,618.269839,359.937003,2.775105,2.12495,-1.902424,2.772201,0.43634,2.448576
1262,42.066667,1,670.052891,358.731519,564.783716,362.940345,617.418303,360.835932,2.824095,2.085014,-1.862229,2.645371,0.480933,2.365193
1263,42.1,1,670.588169,358.030164,563.985443,362.530417,617.286806,360.280291,2.821946,2.146061,-1.935632,2.75682,0.443157,2.451441
1264,42.133333,1,670.510597,357.509671,563.364954,363.347837,616.937776,360.428754,2.855275,2.342551,-1.970823,2.72324,0.442226,2.532896
1265,42.166667,1,669.410801,358.32002,564.016991,363.36268,616.713896,360.84135,2.951953,2.835117,-1.9051,2.701375,0.523426,2.768246
1266,42.2,1,667.261353,358.746636,563.573055,363.532121,615.417204,361.139378,2.913699,2.916612,-1.853322,3.034501,0.530189,2.975557
1267,42.233333,1,667.729549,358.672376,564.095774,362.587135,615.912662,360.629756,2.882252,2.865135,-1.839149,3.27621,0.521551,3.070673
1268,42.266667,1,667.011929,358.743085,564.445982,363.790176,615.728955,361.26663,2.890446,2.332936,-1.756897,2.78259,0.566774,2.557763
1269,42.3,1,667.433395,359.269769,564.131041,362.17915,615.782218,360.724459,2.928613,2.540816,-1.809936,2.570572,0.559339,2.555694
1270,42.333333,1,669.094334,360.112508,564.499941,361.881827,616.797137,360.997168,2.960078,2.439496,-1.797526,2.862401,0.581276,2.650948
1271,42.366667,1,670.437469,357.705955,565.671644,362.931724,618.054557,360.31884,3.06383,2.063929,-1.643943,3.241329,0.709944,2.652629
1272,42.4,1,670.912113,354.723161,569.074116,363.388585,619.993114,359.055873,3.018604,1.78276,-1.808352,3.205811,0.605126,2.494286
1273,42.433333,1,667.596474,357.560756,569.737749,361.65606,618.667111,359.608408,2.753363,2.282262,-1.870361,2.953241,0.441501,2.617752
1274,42.466667,1,664.528217,356.432399,578.999882,361.164476,621.76405,358.798437,2.521964,1.946166,-1.665481,2.535837,0.428242,2.241002
1275,42.5,1,660.553913,357.642891,576.490154,360.59434,618.522034,359.118615,2.355341,2.158397,-1.776026,2.46886,0.289658,2.313629
1276,42.533333,1,664.979248,357.608516,580.833635,360.727635,622.906442,359.168075,2.497104,2.260483,-1.623555,2.140698,0.436774,2.200591
1277,42.566667,1,671.549072,356.854375,573.346548,360.582098,622.44781,358.718237,2.740729,2.626278,-1.777888,1.995971,0.481421,2.311124
1278,42.6,1,673.573475,356.64784,573.471632,360.589646,623.522553,358.618743,2.838693,2.362632,-1.765576,2.154771,0.536558,2.258701
1279,42.633333,1,673.957405,357.78883,576.150074,360.777503,625.05374,359.283166,2.844951,2.384241,-1.679318,2.138277,0.582817,2.261259
1280,42.666667,1,674.873047,358.001475,575.259638,360.853747,625.066342,359.427611,2.830085,2.438837,-1.691576,1.919348,0.569255,2.179092
1281,42.7,1,673.942909,357.497907,575.723886,361.34008,624.833398,359.418993,2.823843,2.319695,-1.614559,1.999702,0.604642,2.159699
1282,42.733333,1,671.883774,357.081859,573.29875,361.246836,622.591262,359.164347,2.793586,2.396196,-1.642688,2.020269,0.575449,2.208232
1283,42.766667,1,670.049801,356.876197,572.635431,361.171315,621.342616,359.023756,2.658863,2.299548,-1.675393,2.084591,0.491735,2.19207
1284,42.8,1,669.333134,357.325494,570.911646,361.460436,620.12239,359.392965,2.785053,2.554406,-1.734792,2.37988,0.52513,2.467143
1285,42.833333,1,667.955608,357.617431,568.190804,361.173069,618.073206,359.39525,2.788299,2.866022,-1.791764,2.257715,0.498268,2.561869
1286,42.866667,1,667.742271,357.93045,568.695259,361.673082,618.218765,359.801766,2.817502,2.485872,-1.746337,2.797093,0.535583,2.641482
1287,42.9,1,668.217793,358.665912,568.64933,361.432101,618.433561,360.049007,2.870827,2.250848,-1.673093,3.218849,0.598867,2.734848
1288,42.933333,1,668.088627,357.375716,567.490225,362.376561,617.789426,359.876138,2.840333,2.170043,-1.711333,2.959045,0.5645,2.564544
1289,42.966667,1,668.313999,357.418004,567.522478,362.944492,617.918239,360.181248,2.796863,2.268408,-1.686292,3.020307,0.555285,2.644357
1290,43.0,1,667.542515,356.741057,566.189699,362.431787,616.866107,359.586422,2.813003,2.114175,-1.700957,2.539145,0.556023,2.32666
1291,43.033333,1,667.233677,357.273079,564.476461,362.906367,615.855069,360.089723,2.749744,2.367547,-1.763353,2.72352,0.493195,2.545534
1292,43.066667,1,666.25555,357.433501,564.487238,361.764341,615.371394,359.598921,2.666694,2.594842,-1.81957,2.51394,0.423562,2.554391
1293,43.1,1,661.90609,357.10124,562.953959,361.761058,612.430024,359.431149,2.616409,2.789873,-1.709002,2.381066,0.453704,2.58547
1294,43.133333,1,662.70647,356.634718,563.725128,361.155989,613.215799,358.895354,2.826623,2.444153,-1.75341,2.516153,0.536607,2.480153
1295,43.166667,1,661.057625,358.689312,565.046339,362.471843,613.051982,360.580578,2.646087,2.674722,-1.700181,2.224418,0.472953,2.44957
1296,43.2,1,661.54707,358.277807,564.996719,362.853366,613.271894,360.565587,2.695736,2.78298,-1.675101,2.789035,0.510318,2.786007
1297,43.233333,1,661.469059,358.022735,564.456425,364.282839,612.962742,361.152787,2.717062,2.541157,-1.763738,2.549992,0.476662,2.545574
1298,43.266667,1,660.014553,358.370118,564.872303,363.76183,612.443428,361.065974,2.733209,2.525305,-1.709229,2.829267,0.51199,2.677286
1299,43.3,1,660.935726,357.653807,564.385576,364.342952,612.660651,360.99838,2.873069,2.553963,-1.714888,2.585445,0.57909,2.569704
1300,43.333333,1,657.682915,358.303787,564.905605,362.572866,611.29426,360.438327,2.614596,2.550832,-1.622736,2.548467,0.49593,2.54965
1301,43.366667,1,662.380314,358.153106,566.085653,362.66095,614.232984,360.407028,2.72975,2.433579,-1.668855,2.929166,0.530447,2.681373
1302,43.4,1,664.131966,356.370837,563.985462,363.198046,614.058714,359.784442,2.800625,2.595883,-1.754424,3.186476,0.5231,2.891179
2597,86.566667,1,693.867207,349.461075,590.702095,354.529157,642.284651,351.995116,2.87101,2.592015,-1.768112,3.742904,0.551449,3.16746
2598,86.6,1,692.89196,350.528213,587.744656,355.034797,640.318308,352.781505,2.899789,2.454572,-1.843721,3.666043,0.528034,3.060308
2599,86.633333,1,692.237015,350.007205,588.802547,354.569621,640.519781,352.288413,2.968315,2.63092,-1.792938,3.523774,0.587688,3.077347
2600,86.666667,1,692.452583,350.844719,588.060637,356.341724,640.25661,353.593222,2.780244,2.570463,-1.855279,3.418655,0.462483,2.994559
2601,86.7,1,693.066826,350.346059,588.269997,356.4235,640.668411,353.384779,2.814696,2.550684,-1.801422,3.188759,0.506637,2.869721
2602,86.733333,1,691.607895,349.916031,589.805708,355.771578,640.706801,352.843805,2.813093,2.620605,-1.797006,3.273011,0.508043,2.946808
2603,86.766667,1,691.456661,349.669644,589.094429,355.810524,640.275545,352.740084,2.824842,2.768152,-1.783229,3.393906,0.520806,3.081029
2604,86.8,1,690.629635,350.231727,593.133726,354.864471,641.88168,352.548099,2.856483,3.019694,-1.662971,3.037072,0.596756,3.028383
2605,86.833333,1,689.483738,350.799009,594.856234,354.350324,642.169986,352.574666,2.859452,3.168411,-1.691549,2.836171,0.583952,3.002291
2606,86.866667,1,687.908344,350.854939,588.318233,354.946691,638.113289,352.900815,2.840058,2.754278,-1.826277,2.98914,0.50689,2.871709
2607,86.9,1,687.259083,350.567765,588.573475,355.373157,637.916279,352.970461,2.819977,2.566872,-1.757988,2.952356,0.530994,2.759614
2608,86.933333,1,688.601246,349.139596,586.330423,355.956956,637.465835,352.548276,2.899508,2.811404,-1.842393,3.348908,0.528557,3.080156
2609,86.966667,1,688.532124,348.440773,586.273632,356.052336,637.402878,352.246554,2.920554,2.565326,-1.846268,3.757412,0.537143,3.161369
2610,87.0,1,686.744804,347.761139,585.230932,356.216095,635.987868,351.988617,2.743494,2.263926,-1.81234,3.293748,0.465577,2.778837
2611,87.033333,1,686.302929,348.266457,585.358505,355.981128,635.830717,352.123792,2.890963,2.495371,-1.766164,2.952276,0.562399,2.723823
2612,87.066667,1,686.063004,347.930977,585.338917,356.064405,635.70096,351.997691,2.787767,2.299427,-1.752713,2.950806,0.517527,2.625117
2613,87.1,1,686.173115,348.11532,585.172606,355.732546,635.67286,351.923933,2.800104,2.432149,-1.771073,2.938114,0.514516,2.685132
2614,87.133333,1,689.641476,347.94412,587.097559,355.247877,638.369517,351.595998,2.896913,2.689905,-1.716617,3.332473,0.590148,3.011189
2615,87.166667,1,689.104214,348.124933,586.006126,355.548386,637.55517,351.836659,2.814679,2.385277,-1.738784,3.046321,0.537948,2.715799
2616,87.2,1,688.586273,348.62569,585.658731,355.490064,637.122502,352.057877,2.769826,2.301234,-1.778032,3.142109,0.495897,2.721672
2617,87.233333,1,688.362484,349.527363,585.680761,355.469331,637.021623,352.498347,2.771582,2.334435,-1.765795,3.181217,0.502893,2.757826
2618,87.266667,1,686.683617,349.267495,585.36355,355.0581,636.023583,352.162797,2.868292,2.283674,-1.722686,2.943344,0.572803,2.613509
2619,87.3,1,686.398525,348.31472,586.089802,355.157475,636.244164,351.736098,2.959404,2.047951,-1.720923,2.906141,0.619241,2.477046
2620,87.333333,1,685.684338,349.191207,585.043755,355.524783,635.364046,352.357995,2.882614,1.911949,-1.777119,3.012318,0.552747,2.462134
2621,87.366667,1,684.091778,350.894587,584.420767,355.286109,634.256272,353.090348,2.787291,2.251096,-1.752864,2.776365,0.517214,2.51373
2622,87.4,1,684.604683,349.921154,584.182987,355.376472,634.393835,352.648813,2.829319,2.016998,-1.79727,2.75191,0.516024,2.384454
2623,87.433333,1,683.498096,348.643661,583.481808,355.560086,633.489952,352.101873,2.874514,1.99376,-1.797683,3.058209,0.538416,2.525985
2624,87.466667,1,683.317833,347.947338,583.866749,355.238248,633.592291,351.592793,2.884001,1.793769,-1.843667,2.894505,0.520167,2.344137
2625,87.5,1,686.517353,346.629601,584.123945,355.209891,635.320649,350.919746,2.94586,1.828061,-1.931843,2.953315,0.507008,2.390688
2626,87.533333,1,682.388172,349.558648,583.221903,355.379069,632.805037,352.468859,2.942585,1.961678,-1.795807,2.866308,0.573389,2.413993
2627,87.566667,1,682.752399,348.795936,582.59244,355.610238,632.67242,352.203087,2.943411,1.970059,-1.82814,2.74883,0.557636,2.359444
2628,87.6,1,684.976597,348.289492,583.012905,355.065079,633.994751,351.677285,2.922217,2.063468,-1.904731,2.7958,0.508743,2.429634
2629,87.633333,1,683.416805,349.248177,583.187828,355.543681,633.302317,352.395929,2.91387,1.993885,-1.830911,2.910899,0.541479,2.452392
2630,87.666667,1,684.334164,348.056252,583.450642,355.015994,633.892403,351.536123,2.913671,2.015731,-1.854163,2.825279,0.529754,2.420505
2631,87.7,1,684.71571,349.259673,582.914972,355.539755,633.815341,352.399714,2.979552,2.015431,-1.837395,3.049403,0.571079,2.532417
2632,87.733333,1,684.076252,348.830718,582.518606,355.064371,633.297429,351.947545,2.966609,2.024468,-1.903335,2.893021,0.531637,2.458745
2633,87.766667,1,684.364491,348.35667,582.603598,355.474201,633.484044,351.915436,2.975585,1.98021,-1.932613,2.972873,0.521486,2.476541
2634,87.8,1,684.203281,348.448176,582.964287,354.984285,633.583784,351.716231,2.996061,2.037592,-1.920578,3.119714,0.537741,2.578653
2635,87.833333,1,684.117146,348.534597,583.2055,355.453961,633.661323,351.994279,3.008619,1.89622,-1.915991,2.799582,0.546314,2.347901
2636,87.866667,1,684.29678,349.293174,583.980484,354.685487,634.138632,351.989331,3.008033,2.179236,-1.894437,2.554016,0.556798,2.366626
2637,87.9,1,684.381714,350.121263,583.851881,355.506045,634.116797,352.813654,2.989047,2.276508,-1.881836,2.636604,0.553606,2.456556
2638,87.933333,1,684.739342,350.700293,583.042707,355.356495,633.891025,353.028394,2.9686,2.27319,-1.896165,2.678486,0.536218,2.475838
2639,87.966667,1,684.082623,350.139749,582.064743,354.197733,633.073683,352.168741,3.015323,2.337083,-1.905234,2.559492,0.555044,2.448288
2640,88.0,1,683.235722,349.364886,582.076683,353.8009,632.656202,351.582893,3.057153,2.144451,-1.77718,2.500749,0.639986,2.3226
2641,88.033333,1,683.174305,349.780408,582.781086,354.216846,632.977695,351.998627,3.011748,2.006183,-1.773137,2.487002,0.619305,2.246592
2642,88.066667,1,680.510693,350.279637,583.00457,354.924842,631.757631,352.60224,2.881592,2.006748,-1.668476,1.998177,0.606558,2.002462
2643,88.1,1,682.060928,350.959078,583.849173,355.911611,632.95505,353.435344,2.88343,1.812574,-1.760695,1.955237,0.561368,1.883906
2644,88.133333,1,682.026978,349.966924,584.108467,355.97011,633.067722,352.968517,2.810003,2.179166,-1.684052,2.466699,0.562976,2.322932
2645,88.166667,1,680.191689,351.016574,583.073511,355.15607,631.6326,353.086322,2.710548,2.176626,-1.765306,1.993055,0.472621,2.08484
2646,88.2,1,678.622875,350.370537,583.177576,355.252345,630.900226,352.811441,2.710655,2.002325,-1.768642,1.983244,0.471006,1.992785
2647,88.233333,1,679.752598,351.144403,583.056316,355.029137,631.404457,353.08677,2.696294,2.024686,-1.833381,2.078705,0.431456,2.051696
2648,88.266667,1,677.488804,349.735562,589.421806,354.671878,633.455305,352.20372,2.77928,1.951463,-1.513364,1.587092,0.632958,1.769278
2649,88.3,1,677.209187,349.896784,583.145037,355.033756,630.177112,352.46527,2.835473,1.95224,-1.7496,1.548753,0.542937,1.750497
2650,88.333333,1,674.432468,349.556213,580.131159,354.8356,627.281814,352.195906,2.92511,2.290598,-1.773164,1.953522,0.575973,2.12206
2651,88.366667,1,670.047169,349.657316,580.653543,355.305984,625.350356,352.48165,2.789451,2.130477,-1.671899,2.217017,0.558776,2.173747
2652,88.4,1,665.889034,351.018768,580.609941,355.117097,623.249488,353.067933,2.664262,1.892701,-1.709272,2.030442,0.477495,1.961571
2653,88.433333,1,669.134693,351.878604,581.116285,354.974195,625.125489,353.426399,2.718766,2.061102,-1.712331,2.199515,0.503217,2.130309
2654,88.466667,1,677.17001,352.484633,579.388332,354.99606,628.279171,353.740346,2.910477,2.222058,-1.764361,2.422059,0.573058,2.322058
2655,88.5,1,680.986538,350.631763,581.005669,354.648494,630.996103,352.640128,2.933682,1.923041,-1.814157,2.533287,0.559763,2.228164
2656,88.533333,1,678.372498,349.261664,579.90654,354.903127,629.139519,352.082395,2.840252,1.765123,-1.898149,2.90046,0.471052,2.332792
2657,88.566667,1,668.90852,350.721408,579.50964,354.684366,624.20908,352.702887,2.678325,1.888599,-1.804284,2.463767,0.43702,2.176183
2658,88.6,1,679.110756,351.977164,579.011469,355.0871,629.061112,353.532132,3.011575,2.175468,-1.784303,2.686936,0.613636,2.431202
2659,88.633333,1,670.797482,349.963866,583.187981,354.345345,626.992731,352.154606,2.735528,1.934908,-1.770135,2.015205,0.482696,1.975057
2660,88.666667,1,670.599689,351.137166,579.872074,354.909044,625.235882,353.023105,2.767076,2.01312,-1.768771,2.376764,0.499153,2.194942
2661,88.7,1,674.806843,350.956653,580.323792,355.614143,627.565317,353.285398,2.881899,1.801559,-1.759527,2.551296,0.561186,2.176427
2662,88.733333,1,680.016785,349.986729,581.864424,354.683245,630.940604,352.334987,2.995871,1.971955,-1.756994,2.916881,0.619439,2.444418
2663,88.766667,1,682.623215,350.660682,581.806765,354.800473,632.21499,352.730578,2.96392,2.515876,-1.788388,2.715666,0.587766,2.615771
2664,88.8,1,683.511181,350.355383,581.897736,354.200335,632.704458,352.277859,3.02396,2.788558,-1.76106,2.778446,0.63145,2.783502
2665,88.833333,1,684.050922,351.583829,581.916103,354.686936,632.983513,353.135382,3.01535,2.786761,-1.766058,2.470157,0.624646,2.628459
2666,88.866667,1,684.383698,351.722993,581.827593,354.408356,633.105645,353.065674,3.011888,3.016353,-1.740958,2.442449,0.635465,2.729401
2667,88.9,1,684.797478,350.983599,582.029467,354.275141,633.413472,352.62937,3.031172,2.610153,-1.800795,2.636293,0.615188,2.623223
2668,88.933333,1,685.376415,350.63577,582.10515,354.535804,633.740783,352.585787,3.085128,2.406616,-1.77295,2.478553,0.656089,2.442584
2669,88.966667,1,684.578819,351.560928,581.414099,355.518796,632.996459,353.539862,3.06965,2.498624,-1.758205,2.383007,0.655723,2.440816
2670,89.0,1,681.011124,350.910632,582.136955,355.948969,631.574039,353.4298,2.879715,2.183334,-1.722474,2.276413,0.578621,2.229874
2671,89.033333,1,680.858002,350.755541,580.907526,357.272376,630.882764,354.013959,3.031142,1.75836,-1.752409,2.346041,0.639367,2.052201
2672,89.066667,1,681.174145,351.386107,581.209431,357.156939,631.191788,354.271523,3.066884,1.835364,-1.716253,2.262035,0.675316,2.048699
2673,89.1,1,682.365932,352.401254,581.103334,357.699947,631.734633,355.0506,3.017221,2.020442,-1.717973,2.175329,0.649624,2.097886
2674,89.133333,1,681.66769,352.197953,581.185055,357.423336,631.426373,354.810644,2.942855,2.228286,-1.737548,2.162312,0.602653,2.195299
2675,89.166667,1,681.948204,352.811202,581.595249,358.227199,631.771727,355.519201,2.949908,2.173332,-1.699096,2.219286,0.625406,2.196309
2676,89.2,1,681.24197,352.43374,580.909586,357.712961,631.075778,355.073351,2.944262,2.207556,-1.74224,2.216132,0.601011,2.211844
2677,89.233333,1,680.53833,352.870013,580.310812,357.585738,630.424571,355.227875,2.958881,2.279639,-1.747695,2.086441,0.605593,2.18304
2678,89.266667,1,680.191154,351.210803,579.941816,357.318499,630.066485,354.264651,3.018331,1.981738,-1.748209,2.319071,0.635061,2.150404
2679,89.3,1,679.599686,352.834387,580.105419,356.798746,629.852552,354.816567,2.914503,2.368609,-1.755269,1.933384,0.579617,2.150997
2680,89.333333,1,681.565304,353.577129,579.986448,357.54028,630.775876,355.558704,2.893553,2.465475,-1.775781,2.168145,0.558886,2.31681
2681,89.366667,1,680.818214,355.105387,578.883667,358.82935,629.850941,356.967368,2.810251,2.467446,-1.789681,2.369052,0.510285,2.418249
2682,89.4,1,681.398411,356.394709,578.703966,359.058062,630.051188,357.726385,2.821005,2.553519,-1.824627,2.638677,0.498189,2.596098
2683,89.433333,1,681.726494,355.706427,578.425531,358.450279,630.076013,357.078353,2.85048,2.475894,-1.774998,2.373318,0.537741,2.424606
2684,89.466667,1,677.895699,353.896226,577.404337,358.066814,627.650018,355.98152,2.754871,2.366519,-1.748653,2.483809,0.503109,2.425164
2685,89.5,1,680.047607,354.26909,577.48683,359.102163,628.767219,356.685627,2.851353,2.499702,-1.696728,2.659156,0.577313,2.579429
2686,89.533333,1,680.755615,353.908585,576.896925,359.017759,628.82627,356.463172,2.922022,2.036634,-1.781938,2.970875,0.570042,2.503754
2687,89.566667,1,680.901508,354.04636,577.465925,359.12663,629.183717,356.586495,2.914626,2.280443,-1.755933,3.022688,0.579346,2.651565
2688,89.6,1,681.238346,354.131772,577.600822,359.341518,629.419584,356.736645,2.901554,2.17274,-1.730266,2.861882,0.585644,2.517311
2689,89.633333,1,681.367931,354.421617,578.174887,359.028402,629.771409,356.725009,3.004683,2.584662,-1.679032,2.792996,0.662825,2.688829
2690,89.666667,1,679.976368,353.867601,576.629944,359.265971,628.303156,356.566786,2.984476,2.855006,-1.772775,3.102107,0.60585,2.978557
2691,89.7,1,679.547348,353.494254,576.197214,359.496313,627.872281,356.495284,3.222345,2.145016,-1.727497,3.214934,0.747424,2.679975
2692,89.733333,1,678.278751,353.826478,575.547581,359.080394,626.913166,356.453436,3.25206,2.408284,-1.703243,2.995909,0.774408,2.702097
2693,89.766667,1,677.049713,353.30202,575.461082,359.93471,626.255398,356.618365,3.223017,2.344426,-1.704268,2.714416,0.759374,2.529421
2694,89.8,1,676.345463,352.691662,573.873491,359.761364,625.109477,356.226513,3.065458,2.573742,-1.634185,2.861192,0.715636,2.717467
2695,89.833333,1,672.512703,353.50656,573.278847,361.225566,622.895775,357.366063,2.940953,2.348843,-1.685622,2.583886,0.627666,2.466365
2696,89.866667,1,676.225262,353.645182,572.257328,360.889045,624.241295,357.267113,3.213428,2.53929,-1.660124,2.848954,0.776652,2.694122
2697,89.9,1,673.974304,355.070459,571.498823,360.764059,622.736564,357.917259,3.163792,2.492,-1.711505,2.675672,0.726143,2.583836
2698,89.933333,1,675.514717,356.930201,571.521444,361.738125,623.518081,359.334163,2.956506,2.686349,-1.755227,2.667794,0.600639,2.677072
2699,89.966667,1,676.03138,354.291921,571.495008,361.252189,623.763194,357.772055,3.119843,2.851253,-1.658188,3.061255,0.730828,2.956254
2700,90.0,1,670.831966,354.044005,569.927454,361.976402,620.37971,358.010203,3.070714,2.558612,-1.68674,3.337818,0.691987,2.948215
2701,90.033333,1,671.25061,353.497134,571.83075,361.413395,621.54068,357.455265,3.241749,2.405907,-1.637498,2.917768,0.802126,2.661837
2702,90.066667,1,670.095901,353.653266,571.143532,361.274897,620.619717,357.464081,3.067348,2.592731,-1.640993,3.32278,0.713177,2.957755
2703,90.1,1,670.675583,353.312255,570.816078,360.90097,620.745831,357.106613,3.052353,2.526921,-1.670021,3.404709,0.691166,2.965815
2704,90.133333,1,670.910778,353.858589,571.920547,361.146677,621.415663,357.502633,3.020736,2.31417,-1.67516,3.16544,0.672788,2.739805
2705,90.166667,1,670.036545,354.127539,571.486015,360.866579,620.76128,357.497059,3.046336,2.697188,-1.65083,3.330991,0.697753,3.01409
2706,90.2,1,670.086708,354.580801,571.874142,362.260163,620.980425,358.420482,3.05966,2.362806,-1.640709,3.416168,0.709476,2.889487
2707,90.233333,1,671.409168,354.79247,572.953691,362.54915,622.18143,358.67081,2.892023,2.180142,-1.690116,3.162865,0.600953,2.671504
2708,90.266667,1,672.301674,354.145516,572.382002,360.921162,622.341838,357.533339,3.115766,2.556104,-1.640766,2.897586,0.7375,2.726845
2709,90.3,1,674.633617,354.923791,571.562071,362.307284,623.097844,358.615538,3.105048,2.81664,-1.692285,2.657192,0.706382,2.736916
2710,90.333333,1,674.0448,355.815534,571.260681,363.16505,622.65274,359.490292,2.989398,2.333722,-1.80805,2.748235,0.590674,2.540978
2711,90.366667,1,673.626671,355.085818,572.134352,361.46145,622.880511,358.273634,2.912741,2.834036,-1.788259,2.3454,0.562241,2.589718
2712,90.4,1,676.715317,355.844861,572.787294,361.010646,624.751306,358.427753,3.132326,2.691181,-1.711416,2.118513,0.710455,2.404847
2713,90.433333,1,676.750107,356.700169,572.770386,360.884045,624.760246,358.792107,3.175056,2.532049,-1.676172,2.121373,0.749442,2.326711
2714,90.466667,1,675.424538,356.44088,572.745924,360.602542,624.085231,358.521711,3.08608,2.368828,-1.734165,2.409383,0.675957,2.389105
2715,90.5,1,675.272179,355.865917,572.902765,361.166959,624.087472,358.516438,2.992201,2.193375,-1.763296,2.677298,0.614453,2.435336
2716,90.533333,1,675.685673,355.674772,572.484789,361.223559,624.085231,358.449166,2.894964,2.183463,-1.796047,2.625456,0.549459,2.404459
2717,90.566667,1,675.429783,356.166893,572.124138,361.328836,623.77696,358.747864,2.932585,2.163468,-1.785347,2.362468,0.573619,2.262968
2718,90.6,1,675.544147,357.099041,572.325506,361.869205,623.934827,359.484123,2.968722,2.177318,-1.759558,2.274928,0.604582,2.226123
2719,90.633333,1,675.08152,356.72049,571.689911,361.869097,623.385715,359.294794,2.899422,2.267433,-1.782272,2.318671,0.558575,2.293052
2720,90.666667,1,675.323524,356.630148,571.684408,362.160509,623.503966,359.395328,2.966945,2.126637,-1.757324,2.395073,0.60481,2.260855
2721,90.7,1,674.762669,356.883541,571.283979,362.453057,623.023324,359.668299,2.887199,2.145278,-1.796756,2.31085,0.545222,2.228064
2722,90.733333,1,675.314789,357.776422,571.210546,362.983561,623.262668,360.379991,2.971373,2.322239,-1.75089,2.413326,0.610242,2.367782
2723,90.766667,1,675.45372,358.317692,571.201935,362.770277,623.327827,360.543984,2.915272,2.321409,-1.784125,2.492813,0.565573,2.407111
2724,90.8,1,674.942417,358.200179,572.14324,362.523503,623.542829,360.361841,2.827119,2.355416,-1.732773,2.319707,0.547173,2.337562
2725,90.833333,1,675.331745,357.46947,571.409693,362.593492,623.370719,360.031481,2.916874,2.191251,-1.781302,2.13007,0.567786,2.16066
2726,90.866667,1,674.62101,357.817084,570.941601,362.909982,622.781305,360.363533,2.812238,2.47291,-1.782879,2.29722,0.514679,2.385065
2727,90.9,1,674.515877,358.047309,571.081533,362.572297,622.798705,360.309803,2.832462,2.499076,-1.776238,2.061878,0.528112,2.280477
2728,90.933333,1,674.361038,357.917576,571.13801,362.667993,622.749524,360.292785,2.843418,2.399404,-1.727135,2.138052,0.558142,2.268728
2729,90.966667,1,674.042091,357.527137,571.336861,362.335238,622.689476,359.931188,2.883173,2.397627,-1.725411,2.479475,0.578881,2.438551
2730,91.0,1,674.017658,356.916533,571.25927,362.279561,622.638464,359.598047,2.874081,2.312948,-1.722927,2.654311,0.575577,2.483629
2731,91.033333,1,674.507351,357.242394,571.731901,362.232703,623.119626,359.737549,2.886981,2.457159,-1.724327,2.427986,0.581327,2.442573
2732,91.066667,1,674.437428,357.021412,571.77597,362.417003,623.106699,359.719208,2.919081,2.368619,-1.70282,2.529103,0.60813,2.448861
2733,91.1,1,675.53957,357.548788,571.176271,362.33121,623.357921,359.939999,2.981753,2.327798,-1.727964,2.481578,0.626894,2.404688
2734,91.133333,1,675.661621,357.459052,571.054602,362.205173,623.358111,359.832112,2.955724,2.400857,-1.752717,2.272505,0.601504,2.336681
2735,91.166667,1,674.82523,357.955878,571.351585,362.521411,623.088408,360.238644,2.870141,2.394141,-1.739993,2.280783,0.565074,2.337462
2736,91.2,1,675.127964,356.730221,571.509857,362.679135,623.318911,359.704678,2.860275,2.313091,-1.701101,2.524953,0.579587,2.419022
2737,91.233333,1,674.500027,356.557288,571.015835,362.143707,622.757931,359.350498,2.890014,2.546299,-1.770884,2.137733,0.559565,2.342016
2738,91.266667,1,675.724735,356.655698,571.109333,362.295048,623.417034,359.475373,2.965317,2.682799,-1.764466,2.31072,0.600426,2.49676
2739,91.3,1,676.473694,357.428121,571.426315,362.3605,623.950005,359.89431,2.969077,2.534174,-1.785995,2.018754,0.591541,2.276464
2740,91.333333,1,675.096455,357.96232,571.866684,362.859047,623.481569,360.410684,2.893976,2.389445,-1.780744,2.196372,0.556616,2.292909
2741,91.366667,1,675.619144,357.308961,571.593885,364.205173,623.606515,360.757067,2.860951,2.441283,-1.783225,2.228063,0.538863,2.334673
2742,91.4,1,675.798378,357.616407,571.713572,363.849764,623.755975,360.733085,2.860983,2.406984,-1.804856,2.398282,0.528063,2.402633
2743,91.433333,1,675.565491,358.859745,571.572828,363.421555,623.56916,361.14065,2.913842,2.446556,-1.774931,2.34433,0.569456,2.395443
2744,91.466667,1,675.329094,359.130144,571.823082,363.389921,623.576088,361.260032,2.919271,2.417876,-1.754564,2.262419,0.582353,2.340148
2745,91.5,1,675.382957,358.735569,572.137737,363.554646,623.760347,361.145107,2.935839,2.364668,-1.762171,2.335448,0.586834,2.350058
2746,91.533333,1,675.468025,359.10153,572.691269,363.498394,624.079647,361.299962,2.906515,2.25372,-1.70705,2.317366,0.599733,2.285543
2747,91.566667,1,674.603043,358.30979,572.20274,363.889219,623.402891,361.099505,2.877057,2.285194,-1.737188,2.360743,0.569935,2.322969
2748,91.6,1,674.395695,358.340796,571.676483,363.892926,623.036089,361.116861,2.863135,2.351002,-1.77218,2.597377,0.545477,2.47419
2749,91.633333,1,674.474163,358.396956,571.539879,364.428574,623.007021,361.412765,2.911665,2.281984,-1.813798,2.54485,0.548934,2.413417
2750,91.666667,1,674.857311,358.97369,571.601114,365.022297,623.229213,361.997994,2.964233,2.330023,-1.828255,2.407223,0.567989,2.368623
2751,91.7,1,675.120659,360.40525,571.24342,363.760993,623.182039,362.083122,2.921684,2.751615,-1.792781,2.328489,0.564452,2.540052
2752,91.733333,1,675.995998,360.468931,571.179352,364.158459,623.587675,362.313695,2.935355,2.733427,-1.741588,2.292118,0.596884,2.512773
2753,91.766667,1,675.063133,359.878748,571.140013,363.66048,623.101573,361.769614,2.997362,2.351729,-1.738788,1.936869,0.629287,2.144299
2754,91.8,1,674.811039,359.749192,570.397654,363.540891,622.604346,361.645042,2.980596,2.386395,-1.746709,2.213623,0.616944,2.300009
2755,91.833333,1,674.074039,359.018537,569.669552,363.810078,621.871796,361.414307,2.933059,2.368621,-1.727388,2.275631,0.602835,2.322126
2756,91.866667,1,672.621784,358.316431,569.991922,364.040608,621.306853,361.17852,2.936621,2.26941,-1.71994,2.431521,0.60834,2.350465
2757,91.9,1,672.932796,359.474164,569.685726,364.076293,621.309261,361.775228,2.962289,2.510657,-1.733424,2.350556,0.614432,2.430606
2758,91.933333,1,672.985954,360.278091,569.628916,364.329863,621.307435,362.303977,2.911641,2.685562,-1.723446,2.105369,0.594098,2.395465
2759,91.966667,1,673.391762,360.074142,569.985504,364.552385,621.688633,362.313263,2.9829,2.602621,-1.696351,2.012497,0.643275,2.307559
2760,92.0,1,674.752083,360.489621,569.950352,364.510328,622.351217,362.499974,3.146704,2.309791,-1.67844,1.958313,0.734132,2.134052
2761,92.033333,1,674.540405,359.694867,571.142187,364.64925,622.841296,362.172058,3.171533,2.196603,-1.641419,2.07682,0.765057,2.136712
2762,92.066667,1,675.348301,359.511087,570.259829,364.722973,622.804065,362.11703,3.159378,2.327216,-1.670245,2.15471,0.744566,2.240963
2763,92.1,1,674.063396,360.140285,570.560684,364.698163,622.31204,362.419224,3.138639,2.367097,-1.653987,2.253642,0.742326,2.31037
2764,92.133333,1,673.260899,360.078278,570.394831,364.643215,621.827865,362.360746,3.119103,2.261541,-1.685428,2.259805,0.716838,2.260673
2765,92.166667,1,672.740765,359.395296,570.146208,364.838415,621.443486,362.116856,3.076421,2.227571,-1.722902,2.208798,0.67676,2.218184
2766,92.2,1,672.769413,359.226038,570.005674,364.523524,621.387544,361.874781,3.056854,2.306835,-1.751997,2.400313,0.652429,2.353574
2767,92.233333,1,671.99276,358.98134,570.669775,364.777529,621.331267,361.879435,3.066196,1.981623,-1.729627,2.408698,0.668285,2.19516
2768,92.266667,1,672.12656,359.030698,570.412006,364.511974,621.269283,361.771336,3.008799,2.245379,-1.769674,2.451784,0.619562,2.348582
2769,92.3,1,671.953373,357.99065,570.417089,365.527292,621.185231,361.758971,2.980653,2.332076,-1.771839,2.36069,0.604407,2.346383
2770,92.333333,1,673.363609,357.555102,575.204725,363.284783,624.284167,360.419943,2.947238,2.331927,-1.599903,1.993113,0.673668,2.16252
2771,92.366667,1,674.482479,357.594686,570.28389,364.061905,622.383184,360.828296,3.102868,2.293519,-1.739605,2.505553,0.681631,2.399536
2772,92.4,1,675.597553,357.889193,570.331697,363.890051,622.964625,360.889622,3.160374,2.507282,-1.769956,2.776591,0.695209,2.641937
2773,92.433333,1,675.458107,357.36068,570.026941,364.374318,622.742524,360.867499,3.243682,2.773297,-1.694155,2.64463,0.774764,2.708963
2774,92.466667,1,675.688992,358.205275,569.071341,364.027557,622.380166,361.116416,3.122196,2.754197,-1.762933,2.858097,0.679632,2.806147
2775,92.5,1,673.99456,357.726066,568.896885,364.588739,621.445723,361.157403,3.195625,2.906802,-1.603317,2.431873,0.796154,2.669338
2776,92.533333,1,672.38205,357.862038,568.805752,364.547825,620.593901,361.204931,3.197125,2.549523,-1.712608,2.19016,0.742258,2.369841
2777,92.566667,1,671.728001,357.601558,567.981491,363.764475,619.854746,360.683016,3.1554,2.727709,-1.663651,2.250434,0.745875,2.489072
2778,92.6,1,670.563221,357.762839,568.162937,364.188441,619.363079,360.97564,3.167812,2.460845,-1.620777,2.197806,0.773518,2.329325
2779,92.633333,1,670.962067,356.92349,567.557564,364.045876,619.259815,360.484683,3.03306,2.535462,-1.712791,2.315929,0.660134,2.425695
2780,92.666667,1,670.276489,357.484313,568.621912,364.032969,619.449201,360.758641,3.155474,2.413236,-1.595689,2.266775,0.779893,2.340006
2781,92.7,1,670.080643,357.376059,567.240381,363.712778,618.660512,360.544419,2.998608,2.623195,-1.651755,2.304328,0.673426,2.463762
2782,92.733333,1,670.116901,356.91156,566.699333,363.690505,618.408117,360.301032,2.958512,2.482841,-1.653977,2.35369,0.652268,2.418266
2783,92.766667,1,669.624844,357.047097,566.770535,363.439697,618.197689,360.243397,3.066543,2.660111,-1.633023,2.214363,0.71676,2.437237
2784,92.8,1,669.923286,356.534661,565.988693,363.690425,617.95599,360.112543,2.977419,2.421703,-1.639641,2.436634,0.668889,2.429168
2785,92.833333,1,668.188725,356.102085,566.183023,363.652048,617.185874,359.877066,2.97637,2.360103,-1.589214,2.377698,0.693578,2.368901
2786,92.866667,1,668.551426,355.765146,566.44474,363.879697,617.498083,359.822422,2.976731,2.424859,-1.586636,2.285846,0.695048,2.355352
2787,92.9,1,669.123783,356.085101,565.897293,363.678204,617.510538,359.881653,2.944721,2.494155,-1.630013,2.418094,0.657354,2.456124
2788,92.933333,1,668.214149,355.371323,566.966324,364.061224,617.590237,359.716273,2.932799,2.277356,-1.590009,2.520876,0.671395,2.399116
2789,92.966667,1,669.806843,356.738412,565.647535,363.49825,617.727189,360.118331,2.937545,2.468324,-1.663366,3.135577,0.637089,2.80195
2790,93.0,1,669.484901,357.253466,565.792294,364.860495,617.638597,361.056981,2.862736,2.356569,-1.661262,3.307969,0.600737,2.832269
2791,93.033333,1,669.109955,356.694548,565.794973,364.086984,617.452464,360.390766,2.81309,2.252559,-1.659493,2.828647,0.576798,2.540603
2792,93.066667,1,669.396,357.440802,567.644739,363.979663,618.52037,360.710233,2.89252,1.998445,-1.62306,3.283496,0.63473,2.64097
2793,93.1,1,668.020763,357.329008,564.583855,364.156748,616.302309,360.742878,2.991242,2.094204,-1.648019,3.204494,0.671611,2.649349
2794,93.133333,1,667.369156,355.316005,565.047598,363.843788,616.208377,359.579896,2.92902,2.281084,-1.592293,2.406404,0.668364,2.343744
2795,93.166667,1,666.741943,355.59724,564.466801,364.05417,615.604372,359.825705,2.869058,2.198957,-1.630973,2.516899,0.619042,2.357928
2796,93.2,1,667.274818,355.913837,564.983692,363.54992,616.129255,359.731878,2.870418,2.376659,-1.616194,2.494694,0.627112,2.435676
2797,93.233333,1,666.739674,355.48897,564.423161,364.283895,615.581417,359.886433,2.879928,2.118433,-1.710756,2.640552,0.584586,2.379492
2798,93.266667,1,667.000599,355.520942,564.78013,363.880014,615.890365,359.700478,2.848785,2.222662,-1.607459,2.407847,0.620663,2.315255
2799,93.3,1,667.548637,355.401658,565.726404,364.259777,616.637521,359.830718,2.868602,2.147674,-1.656429,2.362333,0.606086,2.255003
2800,93.333333,1,668.754082,355.76418,566.229458,363.829787,617.49177,359.796984,2.929587,2.171802,-1.596755,2.150283,0.666416,2.161042
2801,93.366667,1,670.158768,356.058365,567.928829,364.608732,619.043798,360.333549,3.005282,2.18237,-1.664781,2.712843,0.670251,2.447607
2802,93.4,1,672.077656,357.301762,567.181082,363.814278,619.629369,360.55802,3.071641,2.570342,-1.69788,2.416137,0.686881,2.493239
2803,93.433333,1,672.518559,357.926422,568.885775,364.730129,620.702167,361.328276,3.07341,2.353536,-1.717156,2.577251,0.678127,2.465394
2804,93.466667,1,672.759533,356.019591,569.251633,363.795197,621.005583,359.907394,3.084657,2.302296,-1.719483,2.586158,0.682587,2.444227
2805,93.5,1,672.780895,355.619336,569.923716,364.260362,621.352305,359.939849,3.09296,1.889289,-1.682304,2.327085,0.705328,2.108187
2806,93.533333,1,672.560062,356.646402,569.902105,363.325843,621.231084,359.986122,3.067487,2.199453,-1.685254,1.982751,0.691116,2.091102
2807,93.566667,1,672.879677,356.071363,569.727144,362.936708,621.303411,359.504035,3.168,1.98557,-1.65943,2.309295,0.754285,2.147433
2808,93.6,1,673.431759,357.684315,571.026516,362.914274,622.229137,360.299294,3.325889,2.099188,-1.598884,2.183305,0.863502,2.141247
2809,93.633333,1,673.802509,357.143211,569.986143,362.693485,621.894326,359.918348,3.258507,2.097412,-1.587246,2.089399,0.835631,2.093406
2810,93.666667,1,673.419914,357.943153,569.000616,364.133713,621.210265,361.038433,3.205884,2.214564,-1.655952,2.208378,0.774966,2.211471
2811,93.7,1,673.631477,357.462829,570.034943,364.860721,621.83321,361.161775,3.31695,1.976952,-1.582776,2.030279,0.867087,2.003616
2812,93.733333,1,672.940292,358.322933,568.827467,364.151416,620.88388,361.237174,3.149423,2.300514,-1.617541,2.283852,0.765941,2.292183
2813,93.766667,1,673.864326,357.496067,568.754301,364.529269,621.309314,361.012668,3.216328,2.620482,-1.613823,2.402573,0.801252,2.511527
2814,93.8,1,673.829498,358.10069,569.042397,364.509802,621.435947,361.305246,3.196106,2.429892,-1.61515,2.417489,0.790478,2.42369
2815,93.833333,1,674.002876,358.07162,568.379583,364.575548,621.19123,361.323584,3.080185,2.605432,-1.673886,2.609242,0.70315,2.607337
2816,93.866667,1,673.602409,358.217629,568.486166,364.478479,621.044288,361.348054,3.147715,2.417211,-1.667964,2.34691,0.739876,2.382061
2817,93.9,1,672.497749,358.098437,569.000587,363.693402,620.749168,360.89592,3.143272,2.323861,-1.60583,2.416114,0.768721,2.369987
2818,93.933333,1,672.602615,357.871217,568.689699,363.655658,620.646157,360.763437,3.064202,2.614299,-1.658353,2.75861,0.702924,2.686454
2819,93.966667,1,672.449436,357.362965,569.246645,363.899358,620.848041,360.631161,3.048346,2.215514,-1.633835,2.526019,0.707255,2.370767
2820,94.0,1,673.314419,358.572502,568.242092,363.919861,620.778255,361.246181,3.01424,2.26789,-1.684168,2.623469,0.665036,2.44568
2821,94.033333,1,672.43763,357.850708,569.859915,364.50447,621.148772,361.177589,3.138442,1.909419,-1.608832,2.310475,0.764805,2.109947
2822,94.066667,1,673.288593,358.558645,567.924147,363.964546,620.60637,361.261596,3.03558,2.462647,-1.675073,2.577437,0.680254,2.520042
2823,94.1,1,671.437092,357.842544,567.999868,363.849946,619.71848,360.846245,3.073778,2.290797,-1.582706,2.353569,0.745536,2.322183
2824,94.133333,1,670.931072,358.187191,566.950359,364.105046,618.940716,361.146119,3.067519,2.396505,-1.628859,1.976796,0.71933,2.186651
2825,94.166667,1,670.460739,357.827116,567.535753,363.909443,618.998246,360.868279,3.041452,2.4716,-1.618192,2.336718,0.71163,2.404159
2826,94.2,1,670.916271,357.812519,566.278305,364.287479,618.597288,361.049999,3.1026,2.443909,-1.719465,2.644907,0.691567,2.544408
2827,94.233333,1,669.945698,358.152317,566.08078,365.047644,618.013239,361.599981,3.119608,2.47157,-1.698591,2.747234,0.710509,2.609402
2828,94.266667,1,669.388542,358.480014,565.879145,364.55025,617.633843,361.515132,2.982631,2.719114,-1.650289,2.381733,0.666171,2.550424
2829,94.3,1,668.79631,358.152017,566.91515,364.628259,617.85573,361.390138,2.995767,2.873007,-1.651211,2.377035,0.672278,2.625021
2830,94.333333,1,669.160519,358.54031,566.308594,364.417309,617.734556,361.478809,2.92054,2.904228,-1.588867,2.265314,0.665836,2.584771
2831,94.366667,1,668.950787,358.426203,566.199913,365.196185,617.57535,361.811194,2.932595,2.679489,-1.62959,2.368902,0.651502,2.524195
2832,94.4,1,668.20034,357.723706,566.65925,364.626982,617.429795,361.175344,2.826808,2.685996,-1.596675,2.217972,0.615067,2.451984
2833,94.433333,1,669.53146,357.835677,565.298395,365.260413,617.414927,361.548045,2.935866,2.637902,-1.630919,2.431847,0.652473,2.534875
2834,94.466667,1,667.203388,357.887717,566.718159,365.087888,616.960773,361.487803,2.872315,2.858888,-1.60926,2.19914,0.631528,2.529014
2835,94.5,1,667.725239,358.080193,566.849785,364.732935,617.287512,361.406564,2.82589,2.714424,-1.567024,2.255334,0.629433,2.484879
2836,94.533333,1,667.630043,358.137758,566.156616,364.769649,616.89333,361.453704,2.805984,2.639579,-1.616136,2.214946,0.594924,2.427262
2837,94.566667,1,668.206787,358.191547,565.019474,365.012459,616.613131,361.602003,2.823225,2.55607,-1.651301,2.361918,0.585962,2.458994
2838,94.6,1,666.710987,357.316048,566.125822,364.775228,616.418405,361.045638,2.865586,2.749454,-1.67364,2.17134,0.595973,2.460397
2839,94.633333,1,667.85778,357.779056,565.604992,365.072379,616.731386,361.425717,2.816572,2.642646,-1.619159,2.336995,0.598707,2.489821
2840,94.666667,1,667.999821,357.369665,565.877209,365.137787,616.938515,361.253726,2.874335,2.642337,-1.65909,2.162689,0.607622,2.402513
2841,94.7,1,669.640636,357.672771,563.797407,365.136269,616.719022,361.40452,2.832789,2.92105,-1.645493,2.281909,0.593648,2.601479
2842,94.733333,1,667.000675,356.997476,563.964396,365.061522,615.482535,361.029499,2.799365,2.929833,-1.672269,2.203852,0.563548,2.566843
2843,94.766667,1,668.733234,357.57796,564.310322,365.400612,616.521778,361.489286,2.845208,2.628602,-1.665605,2.336242,0.589802,2.482422
2844,94.8,1,668.461075,357.466305,564.191561,364.511111,616.326318,360.988708,2.899422,3.073644,-1.634716,2.003356,0.632353,2.5385
2845,94.833333,1,670.478249,356.629874,563.990898,366.873826,617.234573,361.75185,2.959861,3.075332,-1.720058,2.373159,0.619901,2.724245
2846,94.866667,1,668.615246,356.065441,564.007254,365.927886,616.31125,360.996663,2.956043,2.899676,-1.717489,2.747514,0.619277,2.823595
2847,94.9,1,670.662308,355.785702,564.211607,366.933419,617.436957,361.359561,2.901345,3.157922,-1.696347,2.558241,0.602499,2.858081
2848,94.933333,1,666.840324,355.702474,564.315653,364.780072,615.577989,360.241273,3.0088,2.969081,-1.631828,2.531959,0.688486,2.75052
2849,94.966667,1,669.829941,356.295311,564.054976,366.249477,616.942458,361.272394,2.937014,3.399905,-1.661063,2.255438,0.637976,2.827672
2850,95.0,1,666.506367,356.026302,564.546127,363.962701,615.526247,359.994501,3.037915,3.229007,-1.644599,2.343065,0.696658,2.786036
2851,95.033333,1,670.017643,356.787926,563.092184,366.399214,616.554914,361.59357,2.959353,3.65725,-1.658118,2.166871,0.650618,2.91206
2852,95.066667,1,667.423134,356.545889,563.629112,364.362313,615.526123,360.454101,3.029562,3.361412,-1.629317,2.372605,0.700123,2.867009
2853,95.1,1,670.279522,356.029853,562.618475,366.004441,616.448998,361.017147,2.986753,3.642709,-1.686631,2.442488,0.650061,3.042599
2854,95.133333,1,667.834511,356.167815,565.286846,363.816183,616.560678,359.991999,3.105394,3.026053,-1.584275,2.226274,0.76056,2.626164
2855,95.166667,1,670.64146,356.825847,563.820372,364.764075,617.230916,360.794961,2.970203,3.390113,-1.66368,2.104876,0.653262,2.747494
2856,95.2,1,670.146313,357.100178,564.69203,364.379023,617.419171,360.7396,2.987687,3.172321,-1.667787,2.129165,0.65995,2.650743
2857,95.233333,1,669.734421,356.77253,563.87125,363.999329,616.802835,360.38593,2.91709,3.097761,-1.648219,1.916905,0.634435,2.507333
2858,95.266667,1,669.864426,356.625395,564.867735,364.492904,617.36608,360.559149,2.923015,3.022355,-1.655215,2.28818,0.6339,2.655267
2859,95.3,1,669.780922,356.792947,563.327818,364.123548,616.55437,360.458247,3.003206,3.050082,-1.672578,2.2231,0.665314,2.636591
2860,95.333333,1,669.885769,356.323786,563.473988,364.002054,616.679878,360.16292,2.984381,2.979514,-1.679932,2.14852,0.652225,2.564017
2861,95.366667,1,669.737091,355.987957,563.356762,363.104239,616.546926,359.546098,3.046541,3.007695,-1.734947,2.393599,0.655797,2.700647
2862,95.4,1,669.660339,356.573296,564.384832,363.86457,617.022586,360.218933,2.944042,3.107622,-1.631309,1.992799,0.656367,2.55021
2863,95.433333,1,670.047665,356.358778,563.566685,363.70059,616.807175,360.029684,2.977279,3.04263,-1.688176,2.173313,0.644552,2.607972
2864,95.466667,1,669.105186,356.710147,564.563513,363.184109,616.83435,359.947128,2.965397,2.925435,-1.653308,2.04424,0.656045,2.484837
2865,95.5,1,670.826683,356.648864,565.213585,363.353657,618.020134,360.001261,3.001433,3.139169,-1.667517,1.920185,0.666958,2.529677
2866,95.533333,1,671.000156,357.700199,565.950737,362.606962,618.475447,360.153581,2.947051,2.840203,-1.667459,1.983419,0.639796,2.411811
4306,143.533333,1,699.71014,355.585089,596.299515,354.770207,648.004827,355.177648,2.981264,2.942347,-1.807168,3.235239,0.587048,3.088793
4307,143.566667,1,700.834522,355.69808,601.091251,354.142689,650.962887,354.920384,3.063185,2.959354,-1.678148,3.196604,0.692518,3.077979
4308,143.6,1,698.62648,353.608312,602.159376,353.237969,650.392928,353.42314,3.156724,2.922673,-1.619612,3.506058,0.768556,3.214365
4309,143.633333,1,695.475025,353.4139,595.839272,354.191709,645.657148,353.802804,3.212512,2.413095,-1.693523,3.453298,0.759494,2.933197
4310,143.666667,1,696.093521,352.594893,588.578148,355.558997,642.335835,354.076945,3.154551,2.255786,-1.801788,4.069265,0.676381,3.162525
4311,143.7,1,696.058731,354.48658,590.036268,354.353762,643.0475,354.420171,2.994535,2.180758,-1.801384,2.862153,0.596576,2.521456
4312,143.733333,1,692.649651,353.175736,592.418518,355.545672,642.534084,354.360704,2.953911,2.117688,-1.740804,2.84697,0.606553,2.482329
4313,143.766667,1,698.097248,354.95168,588.859625,354.710904,643.478436,354.831292,3.047931,1.871398,-1.850865,2.855607,0.598533,2.363502
4314,143.8,1,693.098278,351.761,589.452925,353.949763,641.275601,352.855381,2.953043,2.003028,-1.798289,3.222997,0.577377,2.613013
4315,143.833333,1,693.847885,350.816739,588.138647,354.946042,640.993266,352.88139,2.967363,1.981273,-1.794221,3.141235,0.586571,2.561254
4316,143.866667,1,690.47369,352.394757,588.627357,354.525703,639.550524,353.46023,2.955651,2.000601,-1.617531,2.783315,0.66906,2.391958
4317,143.9,1,691.628265,352.301416,589.373598,354.483882,640.500932,353.392649,2.981496,2.160983,-1.710816,2.801153,0.63534,2.481068
4318,143.933333,1,692.837048,352.889137,592.000685,353.903264,642.418866,353.3962,3.037429,2.302874,-1.72777,2.596724,0.65483,2.449799
4319,143.966667,1,693.046474,352.254934,593.286152,354.485904,643.166313,353.370419,3.032323,2.312895,-1.820311,2.933028,0.606006,2.622962
4320,144.0,1,692.893696,354.125179,590.530071,354.92268,641.711884,354.52393,3.076378,2.358136,-1.864784,2.878696,0.605797,2.618416
4321,144.033333,1,693.481731,353.488192,590.700903,354.647491,642.091317,354.067841,2.929111,2.216584,-1.891579,3.196457,0.518766,2.70652
4322,144.066667,1,696.452141,354.823975,594.041071,354.96264,645.246606,354.893307,3.208735,2.110189,-1.836679,2.698073,0.686028,2.404131
4323,144.1,1,697.360249,354.253925,596.27327,355.335301,646.816759,354.794613,3.164971,2.340233,-1.845207,2.885268,0.659882,2.61275
4324,144.133333,1,698.757286,354.397504,606.398792,355.396348,652.578039,354.896926,3.113211,2.468049,-1.594387,3.024426,0.759412,2.746238
4325,144.166667,1,699.600811,354.389323,606.409407,355.014562,653.005109,354.701943,3.147176,2.538283,-1.618122,3.111805,0.764527,2.825044
4326,144.2,1,699.022236,355.865627,602.378969,355.898956,650.700603,355.882291,2.861709,2.281284,-1.685922,3.376566,0.587894,2.828925
4327,144.233333,1,698.971634,356.071519,597.567062,356.236668,648.269348,356.154093,2.853371,2.280204,-1.772864,3.491728,0.540253,2.885966
4328,144.266667,1,698.269119,354.867534,596.468906,356.890274,647.369013,355.878904,2.798427,2.070188,-1.828626,3.630137,0.4849,2.850162
4329,144.3,1,699.879169,354.930351,606.282482,355.614315,653.080826,355.272333,2.829866,2.373414,-1.569032,3.611494,0.630417,2.992454
4330,144.333333,1,698.633137,354.412143,591.612644,356.670708,645.12289,355.541426,2.751027,2.195629,-1.950498,4.136197,0.400265,3.165913
4331,144.366667,1,698.926773,357.474824,596.812267,356.258726,647.86952,356.866775,2.706873,2.437585,-1.728916,3.51752,0.488979,2.977553
4332,144.4,1,704.558582,358.271665,596.131964,356.442656,650.345273,357.35716,2.879487,2.363756,-1.878793,3.774662,0.500347,3.069209
4333,144.433333,1,704.897594,359.25551,601.837053,356.37272,653.367324,357.814115,2.950025,3.122783,-1.653435,3.501198,0.648295,3.31199
4334,144.466667,1,704.69326,358.340067,595.684032,360.167295,650.188646,359.253681,2.990268,3.235765,-1.836978,4.546789,0.576645,3.891277
4335,144.5,1,704.337482,357.619416,598.836298,362.34615,651.58689,359.982783,2.976503,2.992885,-1.850704,4.392909,0.5629,3.692897
4336,144.533333,1,705.584927,355.436393,604.851828,360.806208,655.218377,358.1213,2.983934,2.694684,-1.723957,3.673136,0.629989,3.18391
4337,144.566667,1,699.667645,354.295564,604.530926,359.518007,652.099285,356.906785,2.793961,2.261301,-1.659504,3.177368,0.567228,2.719335
4338,144.6,1,693.407116,353.662772,597.320166,358.957704,645.363641,356.310238,2.738858,1.760116,-1.883819,2.867289,0.42752,2.313702
4339,144.633333,1,692.735691,354.007167,597.926359,357.305855,645.331025,355.656511,2.76314,1.957791,-1.823638,2.917206,0.469751,2.437499
4340,144.666667,1,693.370438,355.096294,601.584558,357.092249,647.477498,356.094272,2.823835,1.939084,-1.626417,2.242878,0.598709,2.090981
4341,144.7,1,692.880535,354.868419,589.403839,357.108332,641.142187,355.988376,2.815294,2.126828,-1.986754,3.017693,0.41427,2.572261
4342,144.733333,1,693.386135,354.756571,592.554998,357.361618,642.970567,356.059095,2.792357,1.994445,-1.87755,2.498119,0.457404,2.246282
4343,144.766667,1,693.195038,353.471165,598.40848,357.581077,645.801759,355.526121,2.760474,1.855579,-1.854969,2.826472,0.452753,2.341026
4344,144.8,1,693.029785,351.891199,592.107573,356.426262,642.568679,354.158731,2.780131,2.029493,-1.948636,2.638276,0.415747,2.333885
4345,144.833333,1,693.941593,353.202901,599.508066,356.146942,646.72483,354.674922,2.835466,2.06536,-1.70274,2.308097,0.566363,2.186729
4346,144.866667,1,693.795109,353.552624,599.477701,356.297774,646.636405,354.925199,2.824696,2.145118,-1.668462,2.350604,0.578117,2.247861
4347,144.9,1,691.598186,352.945098,595.933847,357.540806,643.766017,355.242952,2.782932,1.966077,-1.798785,2.543853,0.492074,2.254965
4348,144.933333,1,692.895603,353.727257,596.72904,356.682612,644.812322,355.204934,2.785852,2.025829,-1.702556,2.277477,0.541648,2.151653
4349,144.966667,1,692.126865,353.891044,594.714031,357.940509,643.420448,355.915776,2.780645,2.098728,-1.855615,2.546462,0.462515,2.322595
4350,145.0,1,692.870865,353.53012,601.610813,357.200675,647.240839,355.365398,2.808235,2.021563,-1.627174,2.253068,0.59053,2.137315
4351,145.033333,1,692.828941,353.495659,596.71073,357.775,644.769835,355.63533,2.825799,1.941346,-1.829276,2.692449,0.498261,2.316898
4352,145.066667,1,693.720818,353.981257,600.633202,356.610074,647.17701,355.295666,2.868035,1.942092,-1.657751,2.146483,0.605142,2.044288
4353,145.1,1,694.192047,353.953722,593.455076,356.827489,643.823562,355.390605,2.804966,1.886934,-2.019095,2.981901,0.392936,2.434417
4354,145.133333,1,698.064613,354.249242,598.495502,356.071224,648.280058,355.160233,2.835834,2.123898,-1.926243,2.722999,0.454796,2.423449
4355,145.166667,1,696.183434,354.562937,608.234234,356.20586,652.208834,355.384398,2.716034,1.970427,-1.65791,2.078038,0.529062,2.024232
4356,145.2,1,698.888893,356.303857,606.442976,358.265002,652.665935,357.28443,2.786025,1.937227,-1.722806,2.238953,0.53161,2.08809
4357,145.233333,1,699.830112,355.506833,600.233326,358.621538,650.031719,357.064185,2.787614,2.223515,-1.794343,2.299173,0.496635,2.261344
4358,145.266667,1,700.259647,356.70195,605.102892,358.1051,652.68127,357.403525,2.818427,2.08629,-1.715619,2.365461,0.551404,2.225876
4359,145.3,1,700.954647,356.863157,608.810816,358.790866,654.882731,357.827011,2.78886,2.109463,-1.634853,2.43768,0.577004,2.273571
4360,145.333333,1,700.450039,357.807262,593.468542,357.518967,646.959291,357.663115,2.742739,2.190638,-1.946013,2.933067,0.398363,2.561852
4361,145.366667,1,701.494255,357.869124,600.384731,359.296135,650.939493,358.58263,2.830073,2.30012,-1.732149,3.025332,0.548962,2.662726
4362,145.4,1,701.081562,358.066503,602.519045,355.577311,651.800303,356.821907,2.92694,3.028206,-1.684474,2.774294,0.621233,2.90125
4363,145.433333,1,699.432335,356.085058,605.400667,356.890081,652.416501,356.48757,2.86226,2.647963,-1.537809,2.773127,0.662226,2.710545
4364,145.466667,1,698.208313,357.633052,607.261362,355.302819,652.734838,356.467936,2.890103,2.455416,-1.429585,2.61379,0.730259,2.534603
4365,145.5,1,698.017769,356.952335,601.384373,357.108032,649.701071,357.030183,2.908064,2.431576,-1.600319,2.433704,0.653872,2.43264
4366,145.533333,1,696.949329,355.724097,603.631783,357.566501,650.290556,356.645299,2.773768,1.906603,-1.676236,2.634004,0.548766,2.270303
4367,145.566667,1,696.82785,356.359304,609.58848,357.157926,653.208165,356.758615,2.725324,2.28261,-1.581417,2.756219,0.571954,2.519414
4368,145.6,1,699.016209,356.281187,603.500652,357.280825,651.25843,356.781006,2.798567,2.326496,-1.690961,2.709233,0.553803,2.517865
4369,145.633333,1,695.559978,355.699561,604.66239,355.714592,650.111184,355.707076,2.730019,2.427856,-1.711873,2.867064,0.509073,2.64746
4370,145.666667,1,697.621117,356.193742,596.47193,357.055959,647.046523,356.62485,2.788686,2.389485,-1.866263,2.781548,0.461212,2.585516
4371,145.7,1,696.502972,355.137219,596.829071,357.976139,646.666021,356.556679,2.760404,2.031123,-1.974986,3.050318,0.392709,2.54072
4372,145.733333,1,694.24778,355.418047,593.701067,357.450346,643.974423,356.434196,2.675163,2.12781,-1.951524,2.658275,0.36182,2.393042
4373,145.766667,1,694.728756,354.688175,597.381792,358.645318,646.055274,356.666746,2.711326,1.814847,-1.920853,2.807133,0.395237,2.31099
4374,145.8,1,696.12833,355.623423,589.298096,359.125037,642.713213,357.37423,2.675211,2.004242,-2.204992,2.787645,0.235109,2.395944
4375,145.833333,1,696.314487,356.053639,591.89785,359.096755,644.106169,357.575197,2.699221,1.890178,-2.143939,2.772626,0.277641,2.331402
4376,145.866667,1,697.213707,356.075783,605.487213,357.35046,651.35046,356.713122,2.748672,2.136092,-1.70542,2.76369,0.521626,2.449891
4377,145.9,1,696.263199,354.835922,592.540884,358.161169,644.402041,356.498545,2.759862,2.045414,-2.053896,3.19613,0.352983,2.620772
4378,145.933333,1,694.828739,355.106358,587.386513,357.807165,641.107626,356.456762,2.785715,2.099252,-2.08995,2.928288,0.347883,2.51377
4379,145.966667,1,694.324112,354.919322,588.700686,357.271222,641.512399,356.095272,2.784113,2.179543,-1.915402,2.513327,0.434355,2.346435
4380,146.0,1,694.060307,354.465653,585.272541,357.450818,639.666424,355.958236,2.813522,2.242974,-2.051385,2.525652,0.381068,2.384313
4381,146.033333,1,693.992386,355.246852,589.964037,357.87848,641.978211,356.562666,2.791284,2.202401,-1.873129,2.436287,0.459077,2.319344
4382,146.066667,1,692.513905,353.874629,601.800699,356.907467,647.157302,355.391048,2.72648,2.155125,-1.695827,2.298147,0.515327,2.226636
4383,146.1,1,694.711533,353.930365,588.910093,359.099416,641.810813,356.51489,2.741226,1.924827,-2.00935,2.744276,0.365938,2.334551
4384,146.133333,1,693.059063,353.33786,595.447979,357.176256,644.253521,355.257058,2.750324,2.503755,-1.891018,2.592727,0.429653,2.548241
4385,146.166667,1,692.72522,353.049114,590.940189,357.217417,641.832705,355.133266,2.697034,2.625885,-1.996161,2.540794,0.350436,2.58334
4386,146.2,1,692.508163,353.79575,597.376356,357.358818,644.94226,355.577284,2.833307,2.547548,-1.84065,2.393089,0.496328,2.470319
4387,146.233333,1,693.123951,353.794806,585.873384,358.403437,639.498668,356.099121,2.832677,2.205462,-2.113021,3.180986,0.359828,2.693224
4388,146.266667,1,693.618622,354.928468,591.635656,357.425954,642.627139,356.177211,2.94273,2.678757,-1.851752,2.515877,0.545489,2.597317
4389,146.3,1,694.272156,353.720552,598.928041,358.79608,646.600099,356.258316,2.710093,2.301836,-1.758285,2.730235,0.475904,2.516036
4390,146.333333,1,693.772278,354.606754,591.874304,358.316812,642.823291,356.461783,2.739133,2.647192,-1.884555,2.972458,0.427289,2.809825
4391,146.366667,1,692.988949,353.987834,596.16374,358.050334,644.576344,356.019084,2.644756,2.290804,-1.928447,2.883882,0.358155,2.587343
4392,146.4,1,696.471272,357.430862,591.041365,359.287659,643.756318,358.359261,2.728679,2.470947,-2.065763,3.745876,0.331458,3.108411
4393,146.433333,1,699.299583,360.782175,587.776527,359.964294,643.538055,360.373235,2.824953,2.779685,-2.081041,3.572085,0.371956,3.175885
4394,146.466667,1,697.172699,361.260021,594.578962,359.516913,645.875831,360.388467,2.834868,2.323556,-1.909965,3.4984,0.462451,2.910978
4395,146.5,1,696.540508,361.657219,592.270908,358.096994,644.405708,359.877107,2.936703,2.167737,-1.914788,3.095163,0.510957,2.63145
4499,149.966667,1,687.450638,354.697053,585.237942,362.423875,636.34429,358.560464,2.871489,2.439959,-1.995322,2.922476,0.438083,2.681217
4500,150.0,1,686.78297,354.246737,597.1805,361.182135,641.981735,357.714436,2.785137,2.543976,-1.696397,2.394294,0.54437,2.469135
4501,150.033333,1,687.0434,354.456099,595.794001,360.995947,641.4187,357.726023,2.81366,2.406333,-1.721828,2.378893,0.545916,2.392613
4502,150.066667,1,688.824787,355.084621,587.789917,362.372103,638.307352,358.728362,2.870432,2.446899,-1.917743,3.080518,0.476345,2.763708
4503,150.1,1,689.831924,353.67276,585.480547,362.740552,637.656236,358.206656,2.920692,2.550938,-1.995221,2.920822,0.462736,2.73588
4504,150.133333,1,689.444103,355.595738,590.796528,361.803426,640.120316,358.699582,2.813352,2.561386,-1.862812,2.872844,0.47527,2.717115
4505,150.166667,1,689.124832,355.399379,591.870289,361.091434,640.497561,358.245406,2.7647,2.461036,-1.877057,2.577789,0.443822,2.519413
4506,150.2,1,689.919567,356.220285,593.40703,360.869519,641.663299,358.544902,2.775202,2.475423,-1.875903,2.635882,0.449649,2.555653
4507,150.233333,1,687.26469,354.720318,594.51292,359.494892,640.888805,357.107605,2.692083,2.617365,-1.805924,2.311704,0.44308,2.464534
4508,150.266667,1,689.702435,353.930343,593.573112,359.867654,641.637774,356.898999,2.757717,2.731245,-1.790286,2.951144,0.483715,2.841195
4509,150.3,1,688.857651,354.393534,593.867769,360.478034,641.36271,357.435784,2.798702,2.613517,-1.74809,2.735236,0.525306,2.674377
4510,150.333333,1,687.404842,355.538419,593.382616,360.541517,640.393729,358.039968,2.686539,2.445074,-1.760423,2.654256,0.463058,2.549665
4511,150.366667,1,685.995102,352.238191,589.728374,361.000062,637.861738,356.619126,2.723689,1.871743,-1.8736,2.628069,0.425044,2.249906
4512,150.4,1,685.735588,352.215393,593.650427,360.529506,639.693007,356.372449,2.778274,1.979776,-1.75275,2.563237,0.512762,2.271506
4513,150.433333,1,685.934048,351.276786,589.74885,361.647536,637.841449,356.462161,2.792027,1.932964,-1.865017,2.601927,0.463505,2.267445
4514,150.466667,1,686.030235,351.83336,591.950378,360.301228,638.990307,356.067294,2.83163,2.197898,-1.808291,2.786391,0.511669,2.492145
4515,150.5,1,685.738544,351.587541,594.080667,360.418012,639.909606,356.002776,2.789299,2.106054,-1.758542,2.933318,0.515379,2.519686
4516,150.533333,1,687.990742,352.432743,589.03636,360.292538,638.513551,356.36264,2.878867,3.002457,-1.80476,2.778663,0.537053,2.89056
4517,150.566667,1,687.193813,353.209242,588.601131,359.934876,637.897472,356.572059,2.823214,2.694324,-1.805997,2.505171,0.508608,2.599747
4518,150.6,1,685.701618,352.838561,585.804396,360.812591,635.753007,356.825576,2.834062,2.583378,-1.769163,2.503038,0.53245,2.543208
4519,150.633333,1,686.545429,352.945608,588.782368,360.820091,637.663898,356.882849,2.889665,2.549378,-1.669408,2.558615,0.610129,2.553996
4520,150.666667,1,686.400948,353.829326,588.435736,360.516765,637.418342,357.173046,2.831164,2.667729,-1.696705,2.488713,0.56723,2.578221
4521,150.7,1,686.853123,353.390114,588.747416,359.863856,637.800269,356.626985,2.84274,2.82048,-1.712145,2.355836,0.565297,2.588158
4522,150.733333,1,686.961422,354.78393,590.856276,359.898269,638.908849,357.341099,2.807197,2.914224,-1.624609,2.203614,0.591294,2.558919
4523,150.766667,1,688.175678,354.708356,591.097422,358.95646,639.63655,356.832408,2.883098,2.890433,-1.716351,2.422377,0.583374,2.656405
4524,150.8,1,688.701649,354.339064,591.946268,358.797415,640.323958,356.56824,2.793396,2.866501,-1.806422,2.787548,0.493487,2.827025
4525,150.833333,1,687.061043,354.397541,590.724506,358.83266,638.892775,356.615101,2.824359,2.82741,-1.816048,2.420892,0.504156,2.624151
4526,150.866667,1,687.032089,354.179285,593.499794,358.417743,640.265942,356.298514,2.83223,2.711718,-1.748274,2.635075,0.541978,2.673396
4527,150.9,1,688.04945,354.803284,592.129431,358.151073,640.08944,356.477179,2.832119,2.964964,-1.82059,2.737885,0.505765,2.851424
4528,150.933333,1,687.673931,354.355457,591.403017,358.32944,639.538474,356.342449,2.812334,2.905445,-1.818266,2.748256,0.497034,2.826851
4529,150.966667,1,687.714291,354.44396,591.778965,358.388293,639.746628,356.416126,2.800951,2.876309,-1.844969,2.857342,0.477991,2.866825
4530,151.0,1,687.731056,354.253024,589.284868,359.384803,638.507962,356.818914,2.818335,2.83582,-1.857585,3.013806,0.480375,2.924813
4531,151.033333,1,686.39164,353.879194,588.81896,359.837088,637.6053,356.858141,2.74432,2.657499,-1.874096,3.054374,0.435112,2.855936
4532,151.066667,1,685.849934,354.956358,585.244122,359.980018,635.547028,357.468188,2.808919,2.855028,-1.897951,2.907815,0.455484,2.881421
4533,151.1,1,686.730976,354.880323,586.321592,359.50458,636.526284,357.192451,2.838362,2.873559,-1.868077,2.874575,0.485142,2.874067
4534,151.133333,1,686.225281,354.523192,589.200535,359.622034,637.712908,357.072613,2.82598,2.723876,-1.812858,2.651849,0.506561,2.687862
4535,151.166667,1,685.898933,355.080882,592.361479,359.421421,639.130206,357.251152,2.780874,2.661239,-1.703739,2.567118,0.538568,2.614179
4536,151.2,1,684.984207,356.329386,588.695192,359.79237,636.8397,358.060878,2.804876,2.719112,-1.698184,2.462738,0.553346,2.590925
4537,151.233333,1,684.252014,356.131493,588.680429,359.49884,636.466222,357.815166,2.791298,2.732897,-1.70197,2.354785,0.544664,2.543841
4538,151.266667,1,684.881401,355.070599,587.265625,359.904481,636.073513,357.48754,2.829608,2.665366,-1.715473,2.21177,0.557068,2.438568
4539,151.3,1,684.304428,355.381397,587.954226,359.948346,636.129327,357.664872,2.886457,2.723802,-1.6782,2.260715,0.604129,2.492258
4540,151.333333,1,685.840492,355.967422,588.810139,359.295818,637.325315,357.63162,2.900745,3.288198,-1.632062,2.688894,0.634341,2.988546
4541,151.366667,1,684.482784,355.749487,588.120079,360.308599,636.301432,358.029043,2.879313,3.186697,-1.612898,2.315776,0.633208,2.751236
4542,151.4,1,684.183464,355.388419,587.960663,360.142329,636.072063,357.765374,2.856938,2.855114,-1.661497,2.249368,0.59772,2.552241
4543,151.433333,1,684.709702,354.686936,587.19079,359.712478,635.950246,357.199707,2.857709,2.803618,-1.698562,2.519927,0.579573,2.661772
4544,151.466667,1,684.124126,354.932207,587.922497,359.838365,636.023312,357.385286,2.848104,2.764973,-1.739392,2.332309,0.554356,2.548641
4545,151.5,1,684.050617,355.360733,586.373825,359.755442,635.212221,357.558087,2.890131,2.998265,-1.663626,2.499072,0.613252,2.748668
4546,151.533333,1,683.749866,355.41257,581.917496,360.68186,632.833681,358.047215,2.893656,3.021326,-1.790817,2.755978,0.55142,2.888652
4547,151.566667,1,683.910542,356.065457,582.7215,359.693139,633.316021,357.879298,2.923929,3.281293,-1.75538,2.767521,0.584275,3.024407
4548,151.6,1,683.951206,356.949851,583.340273,359.596666,633.64574,358.273258,2.884208,3.50423,-1.795464,2.464586,0.544372,2.984408
4549,151.633333,1,680.772057,355.240452,578.838282,359.766766,629.805169,357.503609,2.821578,3.395081,-1.950317,2.420603,0.43563,2.907842
4550,151.666667,1,680.806599,355.283335,579.669724,359.149606,630.238161,357.216471,2.84609,3.618433,-1.976035,2.331425,0.435027,2.974929
4551,151.7,1,681.496964,356.206208,578.683825,359.762211,630.090394,357.98421,2.90258,2.960503,-2.004214,2.280392,0.449183,2.620447
4552,151.733333,1,679.794922,356.171576,579.017477,360.129358,629.406199,358.150467,2.821693,3.365508,-1.812148,2.607557,0.504773,2.986533
4553,151.766667,1,680.021439,353.865986,578.694906,359.68182,629.358172,356.773903,2.834369,4.050318,-1.967653,2.311694,0.433358,3.181006
4554,151.8,1,680.46524,354.788666,578.886099,359.37217,629.67567,357.080418,2.803493,3.631985,-1.950062,2.418748,0.426715,3.025366
4555,151.833333,1,681.092052,355.083479,581.303434,359.028568,631.197743,357.056023,2.861713,3.553522,-1.911654,2.089467,0.47503,2.821494
4556,151.866667,1,682.467384,355.012121,580.289907,358.993571,631.378646,357.002846,2.900446,2.668303,-1.846552,2.018145,0.526947,2.343224
4557,151.9,1,682.334709,355.015227,582.171917,358.426831,632.253313,356.721029,2.725787,3.009376,-1.856844,1.567737,0.434471,2.288557
4558,151.933333,1,683.578796,355.448597,583.186979,357.925236,633.382888,356.686917,2.877663,2.973842,-1.65436,1.963763,0.611651,2.468803
4559,151.966667,1,683.354549,354.488828,583.738136,357.065572,633.546343,355.7772,2.909479,2.642199,-1.84919,1.976155,0.530144,2.309177
4560,152.0,1,680.189724,352.729594,584.782791,357.198508,632.486258,354.964051,2.68159,2.615214,-1.741391,1.7661,0.4701,2.190657
4561,152.033333,1,681.212082,354.584663,583.211937,356.68156,632.212009,355.633112,2.861266,2.588783,-1.780102,2.116904,0.540582,2.352843
4562,152.066667,1,681.690865,355.440191,582.419214,355.044195,632.055039,355.242193,2.918135,3.087437,-1.700076,1.524997,0.60903,2.306217
4563,152.1,1,681.391735,355.049769,583.555365,355.589429,632.47355,355.319599,2.893797,2.860673,-1.692894,1.637625,0.600452,2.249149
4564,152.133333,1,680.852833,354.689054,582.938471,355.236043,631.895652,354.962549,2.888486,3.057997,-1.700081,1.688854,0.594202,2.373425
4565,152.166667,1,681.30312,355.170822,586.068316,355.263004,633.685718,355.216913,2.785952,3.029974,-1.67672,1.44449,0.554616,2.237232
4566,152.2,1,680.236702,354.210286,587.217064,355.699148,633.726883,354.954717,2.909548,2.571339,-1.605852,1.791415,0.651848,2.181377
4567,152.233333,1,678.847675,353.653024,585.522051,356.534098,632.184863,355.093561,2.782569,2.59425,-1.771757,2.203754,0.505406,2.399002
4568,152.266667,1,678.898735,354.408946,583.57439,355.972411,631.236563,355.190679,2.737402,2.896385,-1.702123,1.619189,0.517639,2.257787
4569,152.3,1,679.814072,354.32135,589.933739,356.258485,634.873905,355.289918,2.798838,2.814438,-1.530499,1.465229,0.634169,2.139834
4570,152.333333,1,678.53096,353.928187,587.470713,356.812693,633.000836,355.37044,2.753299,3.03412,-1.668353,1.661716,0.542473,2.347918
4571,152.366667,1,676.819363,353.541976,586.85545,357.3294,631.837406,355.435688,2.725606,3.076411,-1.623777,1.480669,0.550915,2.27854
4572,152.4,1,676.37989,354.2509,585.465717,358.176087,630.922804,356.213493,2.684538,3.060161,-1.651557,1.479221,0.516491,2.269691
4573,152.433333,1,678.290501,354.870731,583.346052,358.353344,630.818276,356.612037,2.703894,3.048196,-1.639502,1.518057,0.532196,2.283127
4574,152.466667,1,677.880116,355.48471,587.63093,357.888651,632.755523,356.686681,2.69508,2.93762,-1.559268,1.278166,0.567906,2.107893
4575,152.5,1,678.074455,355.157915,581.418104,359.007272,629.74628,357.082593,2.717335,2.821426,-1.660647,1.522218,0.528344,2.171822
4576,152.533333,1,677.469463,354.588568,579.543686,359.503759,628.506575,357.046164,2.760048,2.827391,-1.751632,1.69186,0.504208,2.259626
4577,152.566667,1,676.332264,352.979431,575.608273,360.086313,625.970268,356.532872,2.733062,2.607004,-1.863255,1.163892,0.434904,1.885448
4578,152.6,1,677.280464,354.342197,576.214495,360.25607,626.747479,357.299134,2.71264,2.589691,-1.934924,1.268617,0.388858,1.929154
4579,152.633333,1,675.871964,352.515489,573.077269,361.395725,624.474616,356.955607,2.756988,2.317637,-1.990765,1.397696,0.383111,1.857667
4580,152.666667,1,676.055374,352.172198,575.021877,360.94844,625.538626,356.560319,2.722822,2.446521,-1.96937,1.246995,0.376726,1.846758
4581,152.7,1,676.079235,352.344965,570.648527,361.958361,623.363881,357.151663,2.735772,2.146234,-2.12605,1.666379,0.304861,1.906307
4582,152.733333,1,676.193085,353.364456,574.480457,361.5299,625.336771,357.447178,2.654743,2.253149,-2.060514,1.979186,0.297115,2.116168
4583,152.766667,1,676.010971,353.366291,583.006811,360.945806,629.508891,357.156048,2.706771,2.005236,-1.807592,1.608366,0.44959,1.806801
4584,152.8,1,676.615353,353.472024,577.105379,361.480547,626.860366,357.476285,2.709042,2.16073,-1.929362,1.748497,0.38984,1.954614
4585,152.833333,1,675.09922,352.227511,578.121567,361.581033,626.610394,356.904272,2.653993,2.066932,-2.013944,2.07297,0.320025,2.069951
4586,152.866667,1,676.712742,353.506211,584.087219,360.301282,630.399981,356.903746,2.727364,2.078282,-1.737827,1.363683,0.494769,1.720982
4587,152.9,1,676.332932,353.931121,584.764624,361.058974,630.548778,357.495047,2.690152,1.987415,-1.769352,1.442391,0.4604,1.714903
4588,152.933333,1,675.602741,353.494495,589.75461,359.811634,632.678676,356.653064,2.709791,1.853089,-1.648819,1.53659,0.530486,1.694839
5021,167.366667,1,688.775425,352.258576,590.572615,351.662627,639.67402,351.960602,2.886189,2.740285,-1.70228,2.214405,0.591955,2.477345
5022,167.4,1,688.513775,353.406186,592.301702,352.406436,640.407739,352.906311,2.846906,2.995271,-1.828561,2.396434,0.509173,2.695852
5023,167.433333,1,690.250931,352.218193,592.654409,351.553316,641.45267,351.885754,2.786851,2.566112,-1.71049,2.122561,0.53818,2.344337
5024,167.466667,1,690.175018,353.578877,594.266214,351.983757,642.220616,352.781317,2.83567,2.207937,-1.738631,1.97827,0.54852,2.093104
5025,167.5,1,688.793297,353.444021,593.328104,354.527827,641.0607,353.985924,2.862943,2.080087,-1.782943,2.144051,0.54,2.112069
5026,167.533333,1,690.069199,359.470865,588.455286,354.432217,639.262242,356.951541,3.019686,2.732512,-1.878292,2.178706,0.570697,2.455609
5027,167.566667,1,687.583752,355.866002,593.82412,355.94914,640.703936,355.907571,2.937656,2.222833,-1.595658,2.996296,0.670999,2.609565
5028,167.6,1,687.437325,356.761662,592.835178,355.784935,640.136251,356.273299,3.050629,2.303279,-1.644561,3.040037,0.703034,2.671658
5029,167.633333,1,677.657776,350.862406,583.321619,353.314369,630.489697,352.088387,3.02321,2.150758,-1.674811,2.419874,0.6742,2.285316
5030,167.666667,1,674.72084,350.241271,575.630808,351.569168,625.175824,350.905219,3.002769,2.498314,-1.785852,2.403638,0.608459,2.450976
5031,167.7,1,671.562595,350.250256,571.745396,352.450161,621.653996,351.350209,2.976243,2.38888,-1.811723,2.462349,0.58226,2.425614
5032,167.733333,1,668.764687,349.473966,570.80452,353.59614,619.784603,351.535053,2.984444,2.13461,-1.851391,2.637355,0.566526,2.385983
5033,167.766667,1,667.009468,351.213341,565.679417,353.781545,616.344442,352.497443,2.833453,2.630232,-2.029292,3.105952,0.402081,2.868092
5034,167.8,1,666.404858,353.458618,574.532661,353.163564,620.46876,353.311091,2.855112,2.748094,-1.719282,2.74874,0.567915,2.748417
5035,167.833333,1,665.29108,354.151282,563.178062,354.729143,614.234571,354.440213,2.935549,3.459231,-1.978489,2.991003,0.47853,3.225117
5036,167.866667,1,664.5368,352.030481,564.442024,353.986799,614.489412,353.00864,3.006606,3.182781,-1.924255,3.187455,0.541175,3.185118
5037,167.9,1,664.441795,352.26135,564.290056,354.302967,614.365926,353.282158,2.954203,3.615422,-1.895977,3.160361,0.529113,3.387891
5038,167.933333,1,664.895515,353.228205,563.175678,353.80959,614.035597,353.518898,2.870899,3.488281,-1.935456,3.17692,0.467722,3.3326
5039,167.966667,1,667.15004,353.843831,564.231024,354.363145,615.690532,354.103488,2.973481,3.495879,-1.866818,2.752838,0.553331,3.124358
5040,168.0,1,667.730865,350.140699,565.757942,353.480676,616.744404,351.810687,2.852447,2.71972,-2.017998,2.928442,0.417225,2.824081
5041,168.033333,1,668.674736,349.88885,570.51527,355.246106,619.595003,352.567478,2.871163,2.134034,-1.916462,2.900302,0.47735,2.517168
5042,168.066667,1,668.128529,350.766367,566.237984,353.999303,617.183256,352.382835,2.925736,2.469088,-2.004497,2.625603,0.460619,2.547346
5043,168.1,1,668.300037,350.059932,567.902203,353.614781,618.10112,351.837357,2.912431,2.233971,-2.008417,2.713708,0.452007,2.473839
5044,168.133333,1,667.708855,351.649956,567.131596,352.457816,617.420225,352.053886,2.84311,3.291363,-1.961206,2.715376,0.440952,3.00337
5045,168.166667,1,667.486801,352.568441,564.663115,353.178408,616.074958,352.873424,2.995478,3.217021,-1.915664,2.83669,0.539907,3.026856
5046,168.2,1,667.405281,351.151993,566.073132,353.297986,616.739206,352.22499,2.987037,2.375815,-1.926418,3.035748,0.53031,2.705782
5047,168.233333,1,667.73428,351.69874,566.448431,355.243633,617.091355,353.471187,3.085094,2.458098,-1.887739,2.919748,0.598677,2.688923
5048,168.266667,1,665.979176,350.603664,567.079935,351.208062,616.529555,350.905863,3.088219,1.792328,-1.879063,2.502926,0.604578,2.147627
5049,168.3,1,666.748352,350.438874,568.130512,350.293086,617.439432,350.36598,3.071007,2.094606,-1.840265,2.429399,0.615371,2.262003
5050,168.333333,1,666.761284,350.592495,565.374975,354.964045,616.06813,352.77827,3.055888,2.611727,-1.909072,2.950356,0.573408,2.781042
5051,168.366667,1,667.68877,352.089345,565.509157,353.69601,616.598964,352.892677,2.98704,3.378134,-1.919036,3.130737,0.534002,3.254436
5052,168.4,1,667.368355,351.866866,565.777283,353.441763,616.572819,352.654315,2.918812,3.189388,-1.923509,3.013256,0.497651,3.101322
5053,168.433333,1,666.528378,352.888278,565.229712,352.643559,615.879045,352.765919,2.892121,3.612039,-1.991812,3.032456,0.450154,3.322247
5054,168.466667,1,666.494904,352.542434,565.179777,352.044412,615.83734,352.293423,2.935062,3.531657,-1.943474,3.256633,0.495794,3.394145
5055,168.5,1,666.669044,352.373815,573.191633,352.507651,619.930339,352.440733,2.952567,2.886163,-1.801148,2.870687,0.575709,2.878425
5056,168.533333,1,666.753616,350.895939,565.760851,353.427746,616.257234,352.161842,2.968695,2.924624,-1.952957,3.265214,0.507869,3.094919
5057,168.566667,1,666.620102,352.030991,566.730108,353.583797,616.675105,352.807394,2.906822,2.742284,-1.933182,3.046166,0.48682,2.894225
5058,168.6,1,664.982662,353.098167,566.518946,353.99661,615.750804,353.547388,3.051267,2.72365,-1.887421,2.969271,0.581923,2.846461
5059,168.633333,1,665.33556,353.692437,565.24106,353.992109,615.28831,353.842273,3.06211,3.183403,-1.949408,3.180795,0.556351,3.182099
5060,168.666667,1,666.478138,352.890558,566.353168,353.624969,616.415653,353.257763,2.949836,2.854503,-2.035353,3.099163,0.457242,2.976833
5061,168.7,1,665.788593,352.250406,565.681868,353.523002,615.73523,352.886704,3.001003,2.957597,-1.991077,3.101864,0.504963,3.029731
5062,168.733333,1,665.421619,348.852085,565.112848,351.916546,615.267234,350.384316,3.034368,3.035344,-1.950807,2.92633,0.541781,2.980837
5063,168.766667,1,665.287056,349.024755,565.062609,351.441007,615.174832,350.232881,3.082405,3.006208,-1.925167,2.830745,0.578619,2.918477
5064,168.8,1,665.005398,347.464476,564.700489,351.61983,614.852943,349.542153,3.03637,2.585991,-1.881889,2.666998,0.57724,2.626494
5065,168.833333,1,665.551434,346.304662,565.860462,350.970869,615.705948,348.637766,3.00526,2.695897,-1.857284,2.534507,0.573988,2.615202
5066,168.866667,1,665.099564,346.699521,565.915527,351.687099,615.507545,349.19331,3.03439,2.380121,-1.842544,2.325593,0.595923,2.352857
5067,168.9,1,666.326027,348.615085,568.231039,350.530633,617.278533,349.572859,2.937068,2.315687,-1.815644,2.577927,0.560712,2.446807
5068,168.933333,1,668.867226,348.894442,570.876188,352.049627,619.871707,350.472035,2.985111,2.324108,-1.855421,2.527589,0.564845,2.425848
5069,168.966667,1,669.394531,349.256524,568.71727,354.647722,619.055901,351.952123,3.120967,2.062322,-1.792067,2.132021,0.66445,2.097172
5070,169.0,1,670.797367,350.50697,569.057112,353.824337,619.927239,352.165654,3.104614,2.386248,-1.890457,2.326507,0.607078,2.356377
5071,169.033333,1,671.066017,350.932331,569.216452,354.452017,620.141234,352.692174,3.190947,2.328485,-1.855358,2.417678,0.667795,2.373082
5072,169.066667,1,671.675968,351.28833,570.511074,353.928659,621.093521,352.608494,3.070049,2.147621,-1.893604,2.521778,0.588223,2.3347
5073,169.1,1,670.766678,351.740529,568.075914,352.739512,619.421296,352.240021,3.168832,2.443451,-1.909246,2.560292,0.629793,2.501872
5074,169.133333,1,671.820335,351.668533,568.265619,352.750171,620.042977,352.209352,3.296595,2.444184,-1.824133,2.430545,0.736231,2.437365
5075,169.166667,1,668.525295,351.420488,567.854691,352.54171,618.189993,351.981099,3.13849,1.926512,-1.870586,2.148861,0.633952,2.037686
5076,169.2,1,667.317982,352.373723,566.757679,352.480009,617.03783,352.426866,3.174562,2.132524,-1.822191,1.919569,0.676186,2.026047
5077,169.233333,1,665.365143,352.517141,566.294003,352.674973,615.829573,352.596057,3.168633,2.626212,-1.661245,2.430816,0.753694,2.528514
5078,169.266667,1,665.583172,352.237934,563.49122,354.861998,614.537196,353.549966,3.185026,2.615304,-1.720513,2.647916,0.732256,2.63161
5079,169.3,1,665.42263,353.98704,562.874527,355.524058,614.148579,354.755549,3.242844,2.408203,-1.640858,2.244626,0.800993,2.326415
5080,169.333333,1,661.800232,352.934251,573.44348,353.752196,617.621856,353.343224,3.276478,2.185996,-1.345586,1.869956,0.965446,2.027976
5081,169.366667,1,657.616119,350.097402,577.056341,353.688537,617.33623,351.89297,3.120462,1.762056,-1.263984,1.680317,0.928239,1.721186
5082,169.4,1,656.433487,350.285473,558.122578,355.207703,607.278032,352.746588,3.150327,2.340671,-1.602671,2.470114,0.773828,2.405393
5083,169.433333,1,656.294003,350.138435,559.154539,357.574967,607.724271,353.856701,3.155571,2.138482,-1.638122,2.114797,0.758724,2.12664
5084,169.466667,1,656.468582,349.875637,556.966181,357.163607,606.717381,353.519622,3.148283,2.233583,-1.638546,1.901269,0.754869,2.067426
5085,169.5,1,657.409725,350.079287,556.65699,355.729864,607.033358,352.904575,3.271356,2.401151,-1.603705,2.015587,0.833825,2.208369
5086,169.533333,1,657.791805,349.992673,557.23834,356.989489,607.515073,353.491081,3.182577,2.568913,-1.59853,2.386633,0.792024,2.477773
5087,169.566667,1,657.952805,351.523232,559.387865,357.906724,608.670335,354.714978,3.123755,2.721386,-1.562654,2.218595,0.78055,2.46999
5088,169.6,1,659.568596,351.758924,558.338041,357.550575,608.953319,354.654749,3.177852,2.402854,-1.595401,2.363613,0.791225,2.383233
5089,169.633333,1,659.648304,353.167314,558.990965,355.621846,609.319634,354.39458,3.175046,2.046232,-1.584419,1.946275,0.795314,1.996253
5090,169.666667,1,662.445717,352.141251,559.665775,353.390683,611.055746,352.765967,3.406559,2.216008,-1.628954,2.249259,0.888803,2.232634
5091,169.7,1,663.507137,354.288601,560.874529,354.158052,612.190833,354.223326,3.314575,2.65124,-1.645513,2.355911,0.834531,2.503576
5092,169.733333,1,664.237309,352.786403,559.886427,355.964643,612.061868,354.375523,3.229343,2.663394,-1.698453,2.414783,0.765445,2.539089
5093,169.766667,1,664.187641,355.72141,560.824108,357.274264,612.505875,356.497837,3.127103,2.944123,-1.713231,2.272527,0.706936,2.608325
5094,169.8,1,664.106388,355.049785,561.795397,357.339458,612.950892,356.194621,3.039935,3.163943,-1.703253,2.588937,0.668341,2.87644
5095,169.833333,1,663.558502,355.509194,562.229881,357.556073,612.894192,356.532633,3.068043,2.652769,-1.719471,2.534048,0.674286,2.593408
5096,169.866667,1,663.474827,353.932167,567.499857,356.723451,615.487342,355.327809,3.120924,2.331924,-1.609052,2.488901,0.755936,2.410413
5097,169.9,1,663.532867,355.423636,563.407974,356.433338,613.470421,355.928487,3.065335,2.467262,-1.701589,2.26194,0.681873,2.364601
5098,169.933333,1,663.235073,355.177254,563.507996,356.060661,613.371534,355.618958,3.078841,2.375582,-1.745725,2.509715,0.666558,2.442648
5099,169.966667,1,662.651482,352.537821,561.67223,356.305155,612.161856,354.421488,3.053115,2.507579,-1.789267,2.652722,0.631924,2.58015
5100,170.0,1,660.841522,349.023033,564.83469,359.075614,612.838106,354.049323,3.13658,1.719043,-1.681752,3.027364,0.727414,2.373204
5101,170.033333,1,659.788609,344.807652,559.000673,351.220819,609.394641,348.014235,3.219218,1.670686,-1.729554,2.157542,0.744832,1.914114
5102,170.066667,1,661.212406,347.837255,558.228426,347.920082,609.720416,347.878668,3.239872,2.652239,-1.67012,2.431359,0.784876,2.541799
5103,170.1,1,657.926788,343.748528,557.021475,344.798747,607.474132,344.273637,3.153891,3.008721,-1.761257,2.610263,0.696317,2.809492
5104,170.133333,1,656.312027,343.065294,553.4799,344.556077,604.895964,343.810685,3.233354,3.00867,-1.720621,2.632128,0.756366,2.820399
5105,170.166667,1,654.588757,342.957813,551.408596,346.292453,602.998676,344.625133,3.244054,2.757618,-1.726518,2.847266,0.758768,2.802442
5106,170.2,1,651.764832,349.039346,549.09874,346.137979,600.431786,347.588663,3.152501,3.446388,-1.624802,2.27135,0.76385,2.858869
5107,170.233333,1,651.03878,344.196011,548.40106,346.081148,599.71992,345.13858,3.324376,2.453089,-1.534197,2.161425,0.89509,2.307257
5108,170.266667,1,648.963566,344.462113,546.815357,348.691152,597.889462,346.576633,3.241919,2.446964,-1.535742,2.449639,0.853089,2.448301
5109,170.3,1,645.529327,348.729583,542.391768,354.643232,593.960547,351.686407,3.204449,2.860887,-1.523251,2.783676,0.840599,2.822281
5110,170.333333,1,640.154438,348.354508,540.460787,353.16615,590.307612,350.760329,3.431237,2.380555,-1.411474,2.406277,1.009881,2.393416
6189,206.3,1,653.885269,338.179677,555.497684,347.747251,604.691477,342.963464,2.980791,2.196907,-1.829439,1.704936,0.575676,1.950922
6190,206.333333,1,660.374336,338.166357,557.079182,345.543521,608.726759,341.854939,3.134659,2.240236,-1.737521,1.865051,0.698569,2.052644
6191,206.366667,1,653.302956,337.209061,557.740259,347.36576,605.521607,342.28741,2.883221,1.860733,-1.711214,1.770192,0.586004,1.815463
6192,206.4,1,657.765751,338.399302,558.913622,346.913046,608.339686,342.656174,3.025124,2.454894,-1.744042,1.918462,0.640541,2.186678
6193,206.433333,1,658.04842,337.370948,566.385841,344.654042,612.217131,341.012495,2.983155,2.248121,-1.619821,1.911795,0.681667,2.079958
6194,206.466667,1,658.961086,336.240065,571.538,341.065911,615.249543,338.652988,3.0978,2.247428,-1.48251,1.673162,0.807645,1.960295
6195,206.5,1,657.745094,336.399629,572.940769,340.140495,615.342932,338.270062,3.082052,2.386095,-1.434162,1.679369,0.823945,2.032732
6196,206.533333,1,664.775372,337.658004,565.378666,343.647838,615.077019,340.652921,3.118668,2.454393,-1.606669,2.034341,0.756,2.244367
6197,206.566667,1,663.610229,336.868318,562.531137,343.859099,613.070683,340.363709,3.048286,2.280609,-1.713521,2.11024,0.667383,2.195425
6198,206.6,1,661.226044,336.43262,562.016277,344.45433,611.621161,340.443475,2.997168,2.299909,-1.720024,2.257822,0.638572,2.278865
6199,206.633333,1,658.189621,336.557788,561.775875,342.680408,609.982748,339.619098,2.918679,2.190283,-1.721323,2.177197,0.598678,2.18374
6200,206.666667,1,658.395519,337.415065,561.407728,343.306966,609.901624,340.361016,2.876318,2.148981,-1.728078,1.98581,0.57412,2.067396
6201,206.7,1,665.69273,338.814175,561.790371,343.628601,613.74155,341.221388,2.917547,2.499662,-1.685382,1.789485,0.616083,2.144573
6202,206.733333,1,666.287041,341.006495,562.977934,345.752299,614.632487,343.379397,2.977942,2.385766,-1.681766,2.089957,0.648088,2.237862
6203,206.766667,1,667.99511,343.45231,562.341413,347.438588,615.168262,345.445449,2.895379,2.469272,-1.692999,1.723629,0.60119,2.096451
6204,206.8,1,667.974911,345.210359,563.479986,351.029127,615.727448,348.119743,2.817176,2.526777,-1.749595,1.965926,0.533791,2.246351
6205,206.833333,1,669.43697,347.245098,564.27949,350.979388,616.85823,349.112243,2.849411,2.461511,-1.810917,1.931325,0.519247,2.196418
6206,206.866667,1,669.161263,346.731192,563.014402,350.661659,616.087832,348.696426,2.88717,2.62318,-1.846761,2.200779,0.520205,2.411979
6207,206.9,1,668.822918,346.773121,562.105064,348.817517,615.463991,347.795319,3.06004,3.015129,-1.682557,1.968577,0.688741,2.491853
6208,206.933333,1,667.210693,346.443365,563.093805,348.860555,615.152249,347.65196,2.924551,2.728519,-1.615257,1.719019,0.654647,2.223769
6209,206.966667,1,666.639252,346.6697,563.274193,349.486722,614.956722,348.078211,2.956417,2.506728,-1.627655,1.673402,0.664381,2.090065
6210,207.0,1,664.999866,347.997404,562.613878,349.931991,613.806872,348.964697,2.899028,2.714507,-1.610648,1.952884,0.64419,2.333696
6211,207.033333,1,665.87347,348.129648,561.835918,351.697195,613.854694,349.913422,2.886174,2.921841,-1.625192,1.800057,0.630491,2.360949
6212,207.066667,1,666.741657,349.253563,560.93051,354.094747,613.836083,351.674155,2.906419,3.117149,-1.730773,2.222927,0.587823,2.670038
6213,207.1,1,664.030457,349.014246,561.599731,352.110416,612.815094,350.562331,2.93911,2.529632,-1.773016,1.914021,0.583047,2.221826
6214,207.133333,1,665.607586,347.980887,561.758928,352.512072,613.683257,350.24648,2.938244,2.413136,-1.776484,2.166036,0.58088,2.289586
6215,207.166667,1,666.136532,348.574347,561.43569,352.087934,613.786111,350.331141,3.001875,2.475182,-1.745463,1.924561,0.628206,2.199871
6216,207.2,1,666.418743,349.24086,561.968966,352.01008,614.193854,350.62547,2.999756,2.481331,-1.761929,1.997356,0.618914,2.239343
6217,207.233333,1,665.6217,349.680914,561.574879,354.525756,613.598289,352.103335,3.037707,2.382378,-1.725974,2.282751,0.655866,2.332565
6218,207.266667,1,664.067116,349.118004,560.888939,354.864133,612.478027,351.991069,3.022136,2.54493,-1.710977,2.413751,0.655579,2.479341
6219,207.3,1,660.761356,350.115716,560.727434,354.931784,610.744395,352.52375,3.018267,2.069003,-1.752667,2.093973,0.6328,2.081488
6220,207.333333,1,661.411133,349.51319,562.556295,356.281718,611.983714,352.897454,3.079988,1.975658,-1.669881,2.248418,0.705053,2.112038
6221,207.366667,1,666.929131,349.34927,560.669279,356.142667,613.799205,352.745968,3.110451,1.886417,-1.700001,2.458386,0.705225,2.172401
6222,207.4,1,662.54364,348.137738,562.416945,355.32514,612.480292,351.731439,3.030903,1.785934,-1.651857,2.603481,0.689523,2.194707
6223,207.433333,1,666.004333,347.926068,562.145367,356.462547,614.07485,352.194308,3.127777,1.810509,-1.644024,2.730856,0.741876,2.270682
6224,207.466667,1,664.04047,348.091507,562.200928,355.204983,613.120699,351.648245,3.044931,1.924337,-1.64365,2.909897,0.70064,2.417117
6225,207.5,1,664.776917,348.806959,562.254238,356.325111,613.515577,352.566035,3.110099,1.9296,-1.64844,2.582035,0.73083,2.255818
6226,207.533333,1,664.473763,350.024967,560.785971,357.212257,612.629867,353.618612,3.02402,2.332031,-1.628037,2.486444,0.697991,2.409237
6227,207.566667,1,665.750103,351.110752,560.039902,355.560408,612.895002,353.33558,3.075685,2.363808,-1.619892,2.149642,0.727897,2.256725
6228,207.6,1,663.921013,352.218525,559.273195,357.009219,611.597104,354.613872,2.945996,2.226267,-1.691906,2.311124,0.627045,2.268696
6229,207.633333,1,668.421097,350.991393,558.883085,358.248593,613.652091,354.619993,3.12929,2.162279,-1.652899,2.754702,0.738195,2.45849
6230,207.666667,1,664.456177,348.65564,557.401562,357.733786,610.928869,353.194713,3.033211,2.343449,-1.673697,2.612726,0.679757,2.478087
6231,207.7,1,661.834793,349.728717,554.902391,357.688966,608.368592,353.708841,3.01077,2.694756,-1.648901,1.498883,0.680934,2.09682
6232,207.733333,1,663.882465,353.174964,556.542702,357.898827,610.212584,355.536895,2.892496,2.26474,-1.612005,2.266652,0.640246,2.265696
6233,207.766667,1,661.463814,351.18175,557.626314,358.599426,609.545064,354.890588,3.043555,3.102034,-1.582542,2.024183,0.730506,2.563108
6234,207.8,1,661.509228,352.001728,556.91185,357.869312,609.210539,354.93552,2.996592,3.110358,-1.674718,1.866542,0.660937,2.48845
6235,207.833333,1,663.054676,354.186988,557.780085,358.160504,610.41738,356.173746,3.021834,3.16598,-1.666094,1.912543,0.67787,2.539261
6236,207.866667,1,660.8041,353.122446,557.029514,357.755029,608.916807,355.438737,2.986041,2.645464,-1.561273,1.622201,0.712384,2.133832
6237,207.9,1,663.718185,353.535946,557.5951,358.584904,610.656643,356.060425,3.044573,2.420963,-1.543419,1.56524,0.750577,1.993101
6238,207.933333,1,664.758778,353.70058,557.374401,357.324663,611.066589,355.512621,3.081981,2.664441,-1.569343,1.735912,0.756319,2.200177
6239,207.966667,1,664.049969,355.724242,559.022131,358.345694,611.53605,357.034968,2.997829,2.456572,-1.664654,1.832704,0.666587,2.144638
6240,208.0,1,665.238171,355.26832,559.943466,359.885593,612.590818,357.576957,3.092175,2.145244,-1.663408,2.189365,0.714384,2.167305
6241,208.033333,1,664.841137,356.309468,559.047432,360.082784,611.944284,358.196126,3.092037,2.314105,-1.687085,2.257623,0.702476,2.285864
6242,208.066667,1,666.320896,356.037551,560.907021,359.234964,613.613958,357.636258,3.132153,2.331673,-1.633424,2.317025,0.749364,2.324349
6243,208.1,1,666.62674,356.459414,559.171715,361.409619,612.899227,358.934517,2.947204,2.274253,-1.694507,2.275155,0.626348,2.274704
6244,208.133333,1,665.520935,357.398971,561.924086,361.173799,613.72251,359.286385,3.248764,2.611055,-1.625754,2.375438,0.811505,2.493247
6245,208.166667,1,668.627739,356.095664,561.281118,362.020411,614.954429,359.058038,3.093557,2.215595,-1.629197,1.94913,0.73218,2.082363
6246,208.2,1,670.287323,356.973202,562.348118,362.989928,616.31772,359.981565,3.090465,2.149017,-1.737556,1.706894,0.676455,1.927955
6247,208.233333,1,670.261631,355.805309,566.55879,361.204349,618.410211,358.504829,2.893928,2.495889,-1.730662,1.907599,0.581633,2.201744
6248,208.266667,1,670.401993,356.92592,566.291676,359.610184,618.346834,358.268052,2.837297,3.162797,-1.762579,1.434634,0.537359,2.298715
6249,208.3,1,673.246899,358.255438,568.324289,360.437393,620.785594,359.346415,2.81329,2.734533,-1.743245,1.990692,0.535022,2.362613
6250,208.333333,1,673.554554,358.706553,568.257265,359.654649,620.90591,359.180601,2.778634,2.709729,-1.795941,1.797516,0.491347,2.253622
6251,208.366667,1,674.317875,358.274444,572.744646,358.680965,623.53126,358.477704,3.045953,2.480809,-1.688612,1.680898,0.67867,2.080854
6252,208.4,1,673.973846,358.119578,573.172655,358.334037,623.573251,358.226808,3.067177,2.956778,-1.708739,1.846744,0.679219,2.401761
6253,208.433333,1,675.794182,357.769142,574.523621,357.719355,625.158901,357.744249,2.998284,2.447063,-1.602945,1.84855,0.69767,2.147806
6254,208.466667,1,677.090054,357.752309,573.176937,356.404912,625.133495,357.07861,2.873121,2.04164,-1.638753,1.927035,0.617184,1.984338
6255,208.5,1,676.466198,357.611606,572.693377,355.991272,624.579787,356.801439,3.018167,2.186194,-1.618067,2.05366,0.70005,2.119927
6256,208.533333,1,677.367973,356.799712,572.02467,354.74463,624.696321,355.772171,3.002661,2.216119,-1.673678,1.960725,0.664491,2.088422
6257,208.566667,1,675.142307,357.37673,573.773346,355.654355,624.457827,356.515542,2.953137,2.058575,-1.598408,1.650471,0.677364,1.854523
6258,208.6,1,674.664841,357.29533,573.846321,354.985819,624.255581,356.140575,2.91999,1.994965,-1.601378,1.470161,0.659306,1.732563
6259,208.633333,1,674.897995,357.461455,572.636566,354.10532,623.767281,355.783388,2.934675,2.183554,-1.572385,1.547346,0.681145,1.86545
6260,208.666667,1,673.989143,357.321315,574.560356,354.139443,624.27475,355.730379,2.94278,2.366305,-1.539246,1.617208,0.701767,1.991757
6261,208.7,1,673.110123,357.132874,575.149908,353.984819,624.130015,355.558847,2.906046,2.07465,-1.508371,1.656504,0.698838,1.865577
6262,208.733333,1,673.395348,357.770596,569.597301,354.33569,621.496325,356.053143,2.894731,2.351853,-1.595087,2.161222,0.649822,2.256537
6263,208.766667,1,673.077297,357.309578,570.38969,354.267545,621.733494,355.788562,2.979575,2.302003,-1.594404,1.737559,0.692586,2.019781
6264,208.8,1,672.311363,356.928184,571.16786,355.076408,621.739612,356.002296,2.915148,2.072947,-1.649017,1.946098,0.633066,2.009522
6265,208.833333,1,672.352848,356.449571,571.933508,355.417671,622.143178,355.933621,2.853635,2.352821,-1.63528,1.910749,0.609177,2.131785
6266,208.866667,1,672.922783,356.620819,571.69939,355.289864,622.311087,355.955341,2.869771,2.588588,-1.681901,1.793957,0.593935,2.191273
6267,208.9,1,674.014282,356.98245,571.952124,355.347172,622.983203,356.164811,2.907675,2.393526,-1.626618,1.883787,0.640529,2.138656
6268,208.933333,1,675.182133,356.628383,576.191931,355.260676,625.687032,355.944529,2.937574,2.242229,-1.588736,2.067969,0.674419,2.155099
6269,208.966667,1,676.478195,357.219917,572.219677,354.90214,624.348936,356.061029,3.024243,2.324248,-1.655512,2.221106,0.684365,2.272677
6270,209.0,1,676.041088,357.314277,573.075285,355.260467,624.558187,356.287372,2.986508,2.259601,-1.614313,2.082755,0.686097,2.171178
6271,209.033333,1,676.907482,357.308763,571.170492,356.277099,624.038987,356.792931,3.056705,2.483106,-1.690361,2.112669,0.683172,2.297888
6272,209.066667,1,676.556034,356.886036,571.445875,357.06039,624.000955,356.973213,3.021572,2.384057,-1.574018,1.786073,0.723777,2.085065
6273,209.1,1,676.137581,356.01082,572.918119,356.919987,624.52785,356.465404,2.967723,2.454624,-1.569753,1.754936,0.698985,2.10478
6274,209.133333,1,674.677181,356.5356,573.237553,357.246112,623.957367,356.890856,2.783,2.006429,-1.579769,1.806299,0.601616,1.906364
6275,209.166667,1,677.121716,355.676826,573.561487,356.976587,625.341601,356.326707,2.938624,1.963681,-1.619466,1.973329,0.659579,1.968505
6276,209.2,1,677.627125,355.67342,573.176155,355.259491,625.40164,355.466455,3.045618,2.126377,-1.597559,2.157301,0.72403,2.141839
6277,209.233333,1,678.172245,354.402015,573.346329,353.618821,625.759287,354.010418,2.994992,1.877274,-1.638278,2.11042,0.678357,1.993847
6278,209.266667,1,670.38023,353.031943,572.670097,351.268047,621.525164,352.149995,2.975503,2.817472,-1.834011,2.219277,0.570746,2.518375
8240,274.666667,1,689.082241,348.222098,589.606771,352.709638,639.344506,350.465868,2.726448,2.504273,-1.848024,2.73905,0.439212,2.621662
8241,274.7,1,691.212025,349.18727,592.266455,352.332659,641.73924,350.759964,2.720664,2.619651,-1.831981,2.988178,0.444342,2.803915
8242,274.733333,1,692.776871,350.27578,590.728502,352.824131,641.752687,351.549955,2.709519,2.751828,-1.90611,2.920072,0.401704,2.83595
8243,274.766667,1,691.961269,350.107337,591.515942,352.708179,641.738605,351.407758,2.652563,2.787421,-2.027255,3.01574,0.312654,2.901581
8244,274.8,1,693.283272,350.104371,586.417456,353.147321,639.850364,351.625846,2.72284,2.920866,-2.124129,3.160983,0.299356,3.040925
8245,274.833333,1,694.664307,349.73134,586.835604,352.870662,640.749955,351.301001,2.755415,2.806801,-2.078928,3.294149,0.338243,3.050475
8246,274.866667,1,693.189259,349.549717,586.167498,353.679509,639.678378,351.614613,2.751144,2.641936,-2.121124,3.373416,0.31501,3.007676
8247,274.9,1,691.950684,349.272961,590.339022,353.888292,641.144853,351.580626,2.753249,2.459604,-1.997781,3.132757,0.377734,2.796181
8248,274.933333,1,691.8396,349.475795,595.718498,351.823753,643.779049,350.649774,2.799259,2.592859,-1.818514,3.092649,0.490372,2.842754
8249,274.966667,1,690.462074,348.982167,597.23052,350.904538,643.846297,349.943352,2.787269,2.630541,-1.768229,3.147665,0.50952,2.889103
8250,275.0,1,688.492565,348.991517,593.898516,352.357534,641.19554,350.674525,2.780474,2.515728,-1.799041,3.492442,0.490717,3.004085
8251,275.033333,1,687.58461,348.671958,581.801596,353.761472,634.693103,351.216715,2.783972,2.555684,-2.064653,3.827377,0.35966,3.191531
8252,275.066667,1,686.624088,348.357019,579.201469,353.95915,632.912779,351.158085,2.734043,2.519521,-2.097173,3.692918,0.318435,3.10622
8253,275.1,1,685.166702,348.232554,583.088436,353.06767,634.127569,350.650112,2.734397,2.669364,-1.893413,3.30635,0.420492,2.987857
8254,275.133333,1,683.709011,348.141734,588.286715,354.120373,635.997863,351.131053,2.72451,2.470512,-1.784262,2.870463,0.470124,2.670488
8255,275.166667,1,686.095104,348.317596,587.968893,355.530136,637.031999,351.923866,2.724715,2.464243,-1.846174,2.864491,0.439271,2.664367
8256,275.2,1,682.195873,348.243674,601.294127,350.762504,641.745,349.503089,2.649261,2.320229,-1.384477,1.928751,0.632392,2.12449
8257,275.233333,1,681.458778,347.810621,594.024248,353.110709,637.741513,350.460665,2.677538,2.193912,-1.516406,2.304362,0.580566,2.249137
8258,275.266667,1,682.03146,346.824705,600.07658,350.582646,641.05402,348.703676,2.687997,2.446937,-1.366628,2.03336,0.660685,2.240149
8259,275.3,1,681.521187,346.734781,598.254242,351.203181,639.887714,348.968981,2.718182,2.151788,-1.371958,1.821591,0.673112,1.986689
8260,275.333333,1,682.367287,347.000717,599.323359,350.325535,640.845323,348.663126,2.72259,2.321155,-1.374622,1.649016,0.673984,1.985085
8261,275.366667,1,682.16938,347.514462,598.976965,350.812136,640.573173,349.163299,2.774794,2.360754,-1.370733,1.873539,0.70203,2.117147
8262,275.4,1,680.244808,347.541638,598.480787,350.610986,639.362798,349.076312,2.731198,2.402625,-1.311551,1.512478,0.709823,1.957552
8263,275.433333,1,680.937138,347.598313,597.203808,351.350825,639.070473,349.474569,2.777474,2.373481,-1.399983,1.906405,0.688745,2.139943
8264,275.466667,1,679.019928,347.985946,589.557457,352.795141,634.288692,350.390544,2.752363,2.544275,-1.555783,1.998666,0.59829,2.271471
8265,275.5,1,680.419788,348.913529,596.434755,351.939672,638.427272,350.426601,2.793291,2.535757,-1.464682,2.277092,0.664304,2.406425
8266,275.533333,1,682.548485,348.861832,598.18676,352.738042,640.367622,350.799937,2.809297,2.496842,-1.37417,2.316583,0.717563,2.406712
8267,275.566667,1,683.207912,350.101383,598.272657,352.991688,640.740285,351.546535,2.861387,2.62313,-1.341787,2.504774,0.7598,2.563952
8268,275.6,1,684.950962,350.691624,588.727264,355.443951,636.839113,353.067788,2.933363,2.622458,-1.514156,2.86383,0.709603,2.743144
8269,275.633333,1,687.271194,349.170586,587.471075,353.221178,637.371135,351.195882,2.965952,2.530745,-1.553599,2.647296,0.706177,2.589021
8270,275.666667,1,687.31638,349.489791,575.968971,354.077935,631.642675,351.783863,2.923053,2.447777,-1.838511,2.936154,0.542271,2.691965
8271,275.7,1,687.015438,350.456706,578.593359,354.566633,632.804399,352.511669,2.947826,2.618339,-1.750306,2.543373,0.59876,2.580856
8272,275.733333,1,684.011688,350.012854,578.598251,354.423103,631.30497,352.217978,2.902444,2.345149,-1.750527,2.640698,0.575958,2.492924
8273,275.766667,1,684.480972,349.999904,578.167839,354.92393,631.324406,352.461917,2.909712,2.365077,-1.829433,2.703326,0.540139,2.534201
8274,275.8,1,685.002098,350.393883,579.816532,355.736682,632.409315,353.065283,2.914263,2.291571,-1.719819,2.943179,0.597222,2.617375
8275,275.833333,1,684.574604,351.895019,582.370062,355.815716,633.472333,353.855368,2.915613,2.293866,-1.673898,3.042717,0.620857,2.668292
8276,275.866667,1,683.927307,352.39274,596.208,353.573722,640.067654,352.983231,2.956054,2.509895,-1.353526,2.747771,0.801264,2.628833
8277,275.9,1,681.444206,352.441594,595.38887,354.752859,638.416538,353.597226,2.799814,2.325893,-1.348452,2.269904,0.725681,2.297898
8278,275.933333,1,682.035122,352.305745,593.639374,354.803284,637.837248,353.554515,2.811507,2.470638,-1.433712,2.069824,0.688897,2.270231
8279,275.966667,1,683.447609,351.812439,597.043276,355.430905,640.245442,353.621672,2.836809,2.091202,-1.357426,2.104328,0.739691,2.097765
8280,276.0,1,686.944351,353.906085,582.354069,356.684248,634.64921,355.295167,2.961502,2.672397,-1.600491,2.58935,0.680505,2.630873
8281,276.033333,1,685.344238,352.83737,585.33679,355.91661,635.340514,354.37699,2.93741,2.450134,-1.547153,2.183698,0.695128,2.316916
8282,276.066667,1,683.538265,352.229598,578.599854,357.3414,631.069059,354.785499,2.934396,2.325711,-1.756,2.518436,0.589198,2.422073
8283,276.1,1,676.488914,349.44231,573.674669,357.547817,625.081792,353.495064,2.927695,2.082331,-1.796998,1.946893,0.565349,2.014612
8284,276.133333,1,675.759697,352.314452,575.273781,357.208014,625.516739,354.761233,2.860955,2.458912,-1.617838,2.723618,0.621558,2.591265
8285,276.166667,1,676.095104,351.336363,592.510328,356.344943,634.302716,353.840653,2.806018,2.117944,-1.346928,1.568851,0.729545,1.843398
8286,276.2,1,677.985039,353.023247,572.687092,359.231461,625.336065,356.127354,2.909934,2.95662,-1.871875,2.018939,0.51903,2.487779
8287,276.233333,1,675.57478,351.480151,572.625856,360.804207,624.100318,356.142179,2.857397,2.740365,-1.768403,2.608733,0.544497,2.674549
8288,276.266667,1,672.911682,348.263356,570.479345,361.074879,621.695514,354.669118,2.759591,2.291928,-1.898019,2.501805,0.430786,2.396866
8289,276.3,1,673.98447,351.2321,586.503439,359.292015,630.243955,355.262057,2.711804,2.289656,-1.500277,2.034517,0.605763,2.162087
8290,276.333333,1,671.931038,348.222265,576.854057,361.275836,624.392548,354.74905,2.786097,2.21666,-1.768136,2.695685,0.508981,2.456173
8291,276.366667,1,673.577576,350.519866,571.694632,361.367766,622.636104,355.943816,2.789527,2.99257,-1.828746,3.113029,0.48039,3.0528
8292,276.4,1,674.40546,351.585873,572.282095,359.873137,623.343778,355.729505,2.74599,2.928546,-1.86731,2.619766,0.43934,2.774156
8293,276.433333,1,674.439278,352.042395,571.23683,363.293286,622.838054,357.667841,2.837606,2.893892,-1.885702,3.062748,0.475952,2.97832
8294,276.466667,1,676.759949,354.122416,573.270569,362.309221,625.015259,358.215819,2.896065,2.72855,-1.913266,2.227144,0.491399,2.477847
8295,276.5,1,678.12912,351.427993,573.235693,361.865358,625.682406,356.646675,2.911453,2.750016,-1.858363,2.456937,0.526545,2.603476
8296,276.533333,1,677.504349,350.96573,574.844666,363.05818,626.174507,357.011955,2.954419,2.382048,-1.801743,2.403548,0.576338,2.392798
8297,276.566667,1,679.618263,353.423234,576.744061,362.304822,628.181162,357.864028,2.93829,2.700162,-1.905865,2.346148,0.516213,2.523155
8298,276.6,1,679.364643,354.91775,576.414757,364.23171,627.8897,359.57473,2.952105,2.422479,-1.890426,2.173696,0.53084,2.298088
8299,276.633333,1,680.199051,354.99539,576.934557,362.088513,628.566804,358.541951,3.011443,2.912531,-1.768059,2.471509,0.621692,2.69202
8300,276.666667,1,681.980495,358.645817,580.93565,362.398174,631.458073,360.521995,2.989228,2.941538,-1.797607,2.1352,0.595811,2.538369
8301,276.7,1,681.054897,355.828607,582.512989,362.461619,631.783943,359.145113,2.907497,2.465605,-1.748851,2.499474,0.579323,2.48254
8302,276.733333,1,680.068073,353.227256,579.056139,363.221108,629.562106,358.224182,2.833263,2.149717,-1.89251,2.34342,0.470377,2.246569
8303,276.766667,1,681.741619,355.253021,580.635328,363.227207,631.188474,359.240114,2.882797,2.469491,-1.833207,2.293839,0.524795,2.381665
8304,276.8,1,682.013512,355.825308,576.708241,363.058995,629.360876,359.442151,2.910066,2.541252,-1.919906,2.142807,0.49508,2.34203
8305,276.833333,1,679.303493,355.938969,576.477594,364.586905,627.890544,360.262937,2.910141,2.66302,-1.912343,1.961388,0.498899,2.312204
8306,276.866667,1,677.648869,354.381931,575.120173,364.013588,626.384521,359.197759,2.949621,2.529305,-1.796385,2.071999,0.576618,2.300652
8307,276.9,1,677.130413,351.812251,574.497061,361.975565,625.813737,356.893908,3.085043,2.543361,-1.616377,2.008102,0.734333,2.275732
8308,276.933333,1,672.036362,352.933972,568.61557,365.328879,620.325966,359.131426,3.076464,2.274926,-1.7483,2.567649,0.664082,2.421287
8309,276.966667,1,671.154747,351.570423,569.29328,364.462745,620.224013,358.016584,2.906411,2.12917,-1.867398,2.38025,0.519507,2.25471
8310,277.0,1,671.560936,350.478072,565.864544,363.93626,618.71274,357.207166,2.892426,2.80626,-1.956631,2.455022,0.467897,2.630641
8311,277.033333,1,668.173904,351.29783,567.054195,363.42178,617.61405,357.359805,2.965819,2.109648,-1.648871,2.209304,0.658474,2.159476
8312,277.066667,1,668.761902,350.818369,563.448534,363.326958,616.105218,357.072664,3.042004,2.874595,-1.739563,2.683949,0.65122,2.779272
8313,277.1,1,669.463558,352.073305,564.787416,363.435014,617.125487,357.75416,2.960656,2.233804,-1.639095,2.470694,0.660781,2.352249
8314,277.133333,1,667.862244,351.561878,563.535252,362.689843,615.698748,357.12586,2.983064,2.400975,-1.537172,2.586516,0.722946,2.493746
8315,277.166667,1,664.983521,350.85467,562.519102,362.453116,613.751311,356.653893,2.994543,2.359577,-1.593032,2.627517,0.700756,2.493547
8316,277.2,1,669.058743,351.153694,561.775274,362.861863,615.417008,357.007779,2.974084,2.159443,-1.665856,1.97428,0.654114,2.066861
8317,277.233333,1,669.03492,351.099781,562.193871,362.535203,615.614395,356.817492,2.977627,2.648271,-1.624766,2.215129,0.67643,2.4317
8318,277.266667,1,667.197762,351.080132,561.077757,361.652284,614.137759,356.366208,3.048963,2.264819,-1.705155,2.149169,0.671904,2.206994
8319,277.3,1,667.46664,351.097502,560.748501,362.007054,614.107571,356.552278,3.081216,2.366475,-1.698016,2.760949,0.6916,2.563712
8320,277.333333,1,666.55901,351.58605,559.263296,360.805467,612.911153,356.195759,2.986162,2.358756,-1.688937,2.492073,0.648612,2.425414
8321,277.366667,1,667.882538,351.409641,561.257906,361.095189,614.570222,356.252415,3.026452,2.635425,-1.620916,2.172043,0.702768,2.403734
8322,277.4,1,666.347942,352.37787,562.565994,361.138131,614.456968,356.758001,3.018137,2.378304,-1.607881,1.72897,0.705128,2.053637
8323,277.433333,1,666.25679,352.256227,565.391064,362.226094,615.823927,357.24116,2.888253,2.382281,-1.525626,1.582729,0.681313,1.982505
8324,277.466667,1,672.59882,351.830227,570.346804,360.634761,621.472812,356.232494,2.873362,2.993676,-1.586541,1.336258,0.643411,2.164967
8325,277.5,1,672.595463,350.594088,572.137079,358.716751,622.366271,354.65542,2.946389,2.052583,-1.571059,1.419325,0.687665,1.735954
8326,277.533333,1,671.618023,351.773815,573.301649,358.398914,622.459836,355.086365,2.903335,2.283514,-1.639317,1.817825,0.632009,2.050669
8327,277.566667,1,675.610313,352.324752,576.133423,358.635362,625.871868,355.480057,2.93973,2.341298,-1.774006,1.521189,0.582862,1.931243
8328,277.6,1,680.792656,352.730747,579.395781,358.97141,630.094218,355.851079,2.786254,2.136776,-1.819114,2.071006,0.48357,2.103891
8329,277.633333,1,682.922611,355.348325,586.672325,359.611369,634.797468,357.479847,2.771965,2.611228,-1.596455,1.883092,0.587755,2.24716
8330,277.666667,1,686.430149,353.800868,580.859375,360.37979,633.644762,357.090329,3.07976,2.419047,-1.787585,2.533397,0.646088,2.476222
8331,277.7,1,686.640873,354.226647,586.095152,358.904232,636.368012,356.565439,2.753048,2.807618,-1.627902,2.269107,0.562573,2.538362
8332,277.733333,1,688.863449,353.801817,585.616932,359.610913,637.240191,356.706365,2.880951,2.63817,-1.726219,1.950305,0.577366,2.294238
8333,277.766667,1,689.514484,356.0619,588.266621,358.117395,638.890553,357.089648,2.8328,2.517784,-1.745365,1.702873,0.543717,2.110329
8334,277.8,1,692.893238,356.064781,587.149706,357.829213,640.021472,356.946997,2.743621,2.614176,-1.89365,2.435648,0.424986,2.524912
8335,277.833333,1,696.618633,357.628922,591.65452,357.847103,644.136577,357.738013,2.81464,2.592356,-1.760289,2.394578,0.527176,2.493467
8336,277.866667,1,695.900364,357.903376,591.232557,358.043801,643.566461,357.973588,2.825426,2.531593,-1.776231,2.964263,0.524597,2.747928
8337,277.9,1,694.11541,357.640879,596.01059,358.265651,645.063,357.953265,2.910402,2.478469,-1.616474,2.891543,0.646964,2.685006
8338,277.933333,1,689.463806,354.093245,585.315657,357.44916,637.389731,355.771202,2.880199,2.597088,-1.841087,2.848579,0.519556,2.722834
8339,277.966667,1,685.772629,354.669083,586.967545,358.061728,636.370087,356.365406,3.004045,2.512207,-1.643499,2.314138,0.680273,2.413173
8340,278.0,1,684.736843,355.840221,581.128101,359.597127,632.932472,357.718674,3.173236,2.267102,-1.713548,2.729185,0.729844,2.498143
8341,278.033333,1,682.091446,356.330475,577.156973,359.165034,629.624209,357.747754,3.053514,2.520567,-1.835003,2.411996,0.609255,2.466281
8342,278.066667,1,679.020615,355.742015,576.278963,360.850947,627.649789,358.296481,2.830471,2.506881,-1.695192,2.374936,0.56764,2.440908
8343,278.1,1,677.619228,356.174886,575.166283,359.874392,626.392756,358.024639,2.969036,2.445726,-1.639276,1.914526,0.66488,2.180126
8344,278.133333,1,673.248234,353.491926,570.876656,359.176835,622.062445,356.334381,2.987892,2.423416,-1.643356,2.323212,0.672268,2.373314
8345,278.166667,1,667.303677,352.217866,569.975853,360.439351,618.639765,356.328608,2.849121,2.037704,-1.460572,2.727218,0.694275,2.382461
8346,278.2,1,669.712505,353.593528,567.05677,361.4588,618.384638,357.526164,2.976266,2.492311,-1.567509,2.329911,0.704379,2.411111
8347,278.233333,1,669.311924,353.256422,567.943344,360.948896,618.627634,357.102659,2.881452,2.128523,-1.630722,2.359362,0.625365,2.243942
8348,278.266667,1,672.17289,353.816371,566.84906,361.957026,619.510975,357.886698,3.015026,2.647475,-1.559625,2.112833,0.7277,2.380154
8349,278.3,1,670.588055,354.686732,567.49404,362.896094,619.041047,358.791413,2.91693,2.379603,-1.544495,2.254368,0.686218,2.316986
8350,278.333333,1,668.676949,355.540495,568.010817,362.124342,618.343883,358.832418,2.933593,2.588605,-1.643094,1.935745,0.645249,2.262175
8351,278.366667,1,673.783092,356.322289,569.426737,360.979902,621.604915,358.651096,3.016053,3.294729,-1.800354,1.850967,0.60785,2.572848
8352,278.4,1,671.108761,354.207035,570.318136,360.701156,620.713449,357.454095,2.896969,2.870955,-1.662034,1.764652,0.617467,2.317803
8353,278.433333,1,673.968563,353.603602,573.632784,362.479273,623.800673,358.041438,2.922171,2.002418,-1.839823,2.555709,0.541174,2.279064
8354,278.466667,1,675.773373,352.176581,575.399847,361.517331,625.58661,356.846956,2.850322,2.202357,-1.754056,2.928838,0.548133,2.565597
8355,278.5,1,668.35989,353.907539,576.645651,362.707116,622.50277,358.307328,2.553859,1.890034,-1.880967,2.930903,0.336446,2.410468
8356,278.533333,1,677.486706,354.266392,574.676876,362.032524,626.081791,358.149458,2.773247,2.072666,-1.936892,2.610421,0.418178,2.341544
8357,278.566667,1,677.080479,353.728641,575.89057,361.956586,626.485524,357.842613,2.745229,1.896192,-1.916902,2.778565,0.414163,2.337379
8358,278.6,1,676.538525,353.299837,577.381191,362.164596,626.959858,357.732216,2.75019,1.702997,-1.873808,2.626016,0.438191,2.164507
8359,278.633333,1,672.144947,353.875562,579.115105,361.789237,625.630026,357.8324,2.641994,1.669475,-1.834941,2.715106,0.403527,2.19229
8360,278.666667,1,678.724937,355.046405,577.602673,362.139158,628.163805,358.592782,2.831995,1.912766,-1.806004,2.21065,0.512995,2.061708
8361,278.7,1,679.367218,353.960588,577.090321,361.658394,628.228769,357.809491,2.832995,2.105774,-1.845283,2.195903,0.493856,2.150839
8362,278.733333,1,680.084095,355.796877,578.554163,363.061109,629.319129,359.428993,2.836095,2.152907,-1.818562,2.525098,0.508767,2.339002
8363,278.766667,1,679.908485,355.112259,578.064899,362.969978,628.986692,359.041118,2.919409,2.545648,-1.7941,2.665649,0.562654,2.605648
8364,278.8,1,679.829617,355.568508,576.504745,362.889984,628.167181,359.229246,2.969815,3.00606,-1.83586,2.701324,0.566978,2.853692
8365,278.833333,1,679.37582,357.026031,576.940804,363.101964,628.158312,360.063998,2.985928,2.969922,-1.776891,2.545812,0.604518,2.757867
8366,278.866667,1,681.475735,356.242091,579.91003,361.904476,630.692883,359.073283,2.897899,2.588607,-1.795376,2.538918,0.551262,2.563762
8367,278.9,1,681.282539,358.194155,584.106464,362.18313,632.694502,360.188642,2.879937,2.531572,-1.661324,2.492036,0.609306,2.511804
8368,278.933333,1,680.177174,359.510052,585.176468,363.065599,632.676821,361.287825,2.924433,2.470041,-1.652242,2.633414,0.636095,2.551727
8369,278.966667,1,682.949905,359.467877,582.831717,363.531724,632.890811,361.4998,2.934162,2.687058,-1.705824,2.638216,0.614169,2.662637
8370,279.0,1,680.996208,360.64079,579.907379,363.995156,630.451794,362.317973,2.949959,2.587579,-1.804094,2.576213,0.572932,2.581896
8371,279.033333,1,683.573837,357.61535,587.422132,361.880223,635.497985,359.747787,2.804775,2.436175,-1.720526,2.324696,0.542125,2.380436
8372,279.066667,1,683.568058,357.416834,583.287907,361.992656,633.427982,359.704745,2.805649,2.522342,-1.831938,2.360723,0.486856,2.441532
8373,279.1,1,683.51387,357.111368,581.091623,361.720787,632.302747,359.416078,2.737138,2.503177,-1.874897,2.426338,0.43112,2.464757
8374,279.133333,1,683.835049,356.970745,579.881058,361.289257,631.858053,359.130001,2.74004,2.846163,-1.845929,2.251754,0.447056,2.548959
8375,279.166667,1,683.157463,357.443013,576.497517,361.95864,629.82749,359.700826,2.74314,3.370481,-1.967698,2.827792,0.387721,3.099137
8376,279.2,1,682.623653,356.907016,575.395479,363.52748,629.009566,360.217248,2.885624,2.525558,-1.918133,2.495478,0.483745,2.510518
8377,279.233333,1,682.235699,355.64862,574.764967,364.49653,628.500333,360.072575,2.916256,2.506883,-1.930013,2.341061,0.493122,2.423972
8378,279.266667,1,683.154602,355.605807,576.676855,364.026849,629.915729,359.816328,2.980975,2.459368,-1.707285,2.316226,0.636845,2.387797
8379,279.3,1,682.427158,355.853992,586.899529,360.379146,634.663343,358.116569,2.727743,2.478745,-1.678718,1.833749,0.524513,2.156247
8380,279.333333,1,678.479977,356.010713,571.529627,364.20896,625.004802,360.109836,2.922807,2.927966,-1.855126,2.008949,0.533841,2.468458
8381,279.366667,1,680.134125,356.551301,585.00968,361.347681,632.571902,358.949491,2.833108,2.517131,-1.577527,1.835472,0.627791,2.176302
8382,279.4,1,679.58828,356.821647,578.806381,362.848871,629.19733,359.835259,2.856552,2.68775,-1.684105,2.156122,0.586224,2.421936
8383,279.433333,1,677.736092,356.559638,580.465984,361.846679,629.101038,359.203159,2.777566,2.772824,-1.668566,1.949997,0.5545,2.36141
8384,279.466667,1,678.454838,356.567883,573.720827,363.290915,626.087832,359.929399,2.825355,3.104891,-1.808279,1.808859,0.508538,2.456875
8385,279.5,1,677.128201,355.112785,585.590343,361.939344,631.359272,358.526064,2.742865,2.169624,-1.502809,1.962597,0.620028,2.06611
8386,279.533333,1,677.943039,353.924958,584.033298,361.491539,630.988169,357.708248,2.843879,2.233719,-1.582728,1.8669,0.630575,2.05031
8387,279.566667,1,678.715019,354.204932,584.406271,361.799269,631.560645,358.0021,2.891713,2.437231,-1.587226,2.092689,0.652243,2.26496
8388,279.6,1,679.899101,356.201332,581.307459,363.153666,630.60328,359.677499,2.907944,2.494056,-1.712056,2.0077,0.597944,2.250878
8389,279.633333,1,680.909328,357.157856,581.993198,362.906485,631.451263,360.03217,2.927151,2.237087,-1.740716,1.894879,0.593218,2.065983
8390,279.666667,1,683.78376,356.736052,582.034149,363.13127,632.908955,359.933661,2.97554,2.588827,-1.726926,1.770792,0.624307,2.17981
8391,279.7,1,683.365822,356.928999,578.352394,363.830184,630.859108,360.379592,2.866395,1.955747,-2.043261,1.514004,0.411567,1.734876
8392,279.733333,1,683.689098,353.993225,582.21384,364.396688,632.951469,359.194956,2.863005,1.990885,-1.956016,2.315855,0.453494,2.15337
8393,279.766667,1,688.029423,352.931178,578.629599,362.33136,633.329511,357.631269,2.859567,2.597639,-2.069248,2.761398,0.39516,2.679518
8394,279.8,1,686.81776,353.693435,582.248268,362.110614,634.533014,357.902024,2.801131,1.933105,-2.033134,2.418167,0.383999,2.175636
8395,279.833333,1,687.439423,352.818546,578.755903,363.330998,633.097663,358.074772,2.690374,1.886004,-2.134993,3.101128,0.27769,2.493566
8396,279.866667,1,686.88406,353.834932,585.994024,363.755425,636.439042,358.795179,2.682847,1.92431,-1.872276,2.892186,0.405286,2.408248
8397,279.9,1,686.007938,354.028786,583.721256,364.813798,634.864597,359.421292,2.617399,1.82174,-1.991273,2.764775,0.313063,2.293257
8398,279.933333,1,687.70977,354.83855,585.840197,365.245843,636.774983,360.042197,2.696061,1.93975,-1.908238,2.562632,0.393911,2.251191
8399,279.966667,1,688.456593,354.386389,583.438377,364.472777,635.947485,359.429583,2.798337,2.189726,-1.956779,2.618261,0.420779,2.403994
8400,280.0,1,688.156281,354.604468,578.926401,364.094129,633.541341,359.349299,2.768748,2.007146,-2.034893,2.681673,0.366928,2.34441
8401,280.033333,1,688.485317,354.75317,592.733612,361.818817,640.609465,358.285993,2.744342,2.007549,-1.698729,2.229861,0.522807,2.118705
8402,280.066667,1,688.572559,355.886934,588.948736,363.246412,638.760648,359.566673,2.780792,1.980716,-1.834819,2.742515,0.472987,2.361615
8403,280.1,1,689.983177,356.847417,584.247112,363.384744,637.115145,360.116081,2.745915,2.275441,-1.966947,2.92824,0.389484,2.60184
8404,280.133333,1,689.416275,356.869487,590.505257,362.384666,639.960766,359.627076,2.783974,2.09233,-1.875072,2.601943,0.454451,2.347137
8405,280.166667,1,689.946098,355.371918,593.559179,362.944502,641.752639,359.15821,2.845234,1.801761,-1.804761,2.772546,0.520236,2.287154
8406,280.2,1,687.003498,354.023191,584.647379,362.465261,635.825438,358.244226,2.80726,1.850797,-1.931759,2.983724,0.43775,2.417261
8407,280.233333,1,687.003555,353.522766,591.232309,362.912922,639.117932,358.217844,2.787744,1.731611,-1.790388,2.949498,0.498678,2.340555
8408,280.266667,1,687.414856,355.370105,588.947458,362.048328,638.181157,358.709216,2.778249,2.310067,-1.812274,2.572922,0.482987,2.441494
8409,280.3,1,685.870361,355.542469,594.36348,362.877479,640.11692,359.209974,2.751171,1.989001,-1.725106,2.172757,0.513033,2.080879
8410,280.333333,1,686.992531,356.103593,596.74387,362.429593,641.8682,359.266593,2.774625,1.891292,-1.673159,2.34474,0.550733,2.118016
8411,280.366667,1,685.442066,354.343784,594.373503,362.527537,639.907784,358.435661,2.758849,1.60613,-1.783185,2.294542,0.487832,1.950336
8412,280.4,1,684.844761,355.393011,579.227486,362.362951,632.036123,358.877981,2.910818,2.796876,-1.98672,2.21635,0.462049,2.506613
8413,280.433333,1,686.536827,356.1338,581.627035,362.417716,634.081931,359.275758,3.041856,3.009464,-1.853858,2.255961,0.593999,2.632713
8414,280.466667,1,683.886471,356.341504,576.694803,363.527614,630.290637,359.934559,3.034592,3.092481,-1.889358,2.5368,0.572617,2.814641
8415,280.5,1,683.506908,355.116261,575.769548,364.438203,629.638228,359.777232,3.001128,2.750546,-1.868707,2.522464,0.566211,2.636505
8416,280.533333,1,682.482777,355.218673,574.456787,365.062777,628.469782,360.140725,2.933091,2.363597,-1.871779,2.481997,0.530656,2.422797
8417,280.566667,1,682.132721,354.583966,573.919506,364.589469,628.026114,359.586717,2.92748,2.41988,-1.880913,2.408821,0.523283,2.41435
8418,280.6,1,681.649132,352.956396,576.416407,365.333358,629.032769,359.144877,2.956039,2.395338,-1.843726,2.525643,0.556157,2.460491
8419,280.633333,1,681.615887,354.632599,575.430698,363.827577,628.523293,359.230088,2.904675,2.821908,-2.041486,2.534123,0.431595,2.678015
9367,312.233333,1,658.888474,338.378107,556.428194,341.690115,607.658334,340.034111,3.03908,2.661299,-1.626772,2.299482,0.706154,2.48039
9368,312.266667,1,658.238735,337.299762,556.544704,342.589588,607.39172,339.944675,3.000152,2.416914,-1.681724,2.300542,0.659214,2.358728
9369,312.3,1,657.380466,337.014472,556.978636,342.545831,607.179551,339.780151,2.961998,2.721593,-1.660876,2.289039,0.650561,2.505316
9370,312.333333,1,660.912361,337.576776,556.962395,341.801748,608.937378,339.689262,3.160524,2.371473,-1.718285,2.564161,0.721119,2.467817
9371,312.366667,1,658.761711,339.696912,556.510344,343.814714,607.636027,341.755813,3.017002,2.544778,-1.738288,2.327762,0.639357,2.43627
9372,312.4,1,658.83007,340.878789,555.430574,343.245356,607.130322,342.062073,3.063167,2.511527,-1.68513,1.962734,0.689018,2.23713
9373,312.433333,1,657.513237,338.985348,555.586414,344.065876,606.549826,341.525612,3.033149,2.358445,-1.544404,2.150616,0.744372,2.25453
9374,312.466667,1,657.23423,338.491178,554.803267,343.453619,606.018748,340.972399,3.069707,2.270341,-1.674329,2.658081,0.697689,2.464211
9375,312.5,1,655.763149,337.564309,554.872122,342.037514,605.317636,339.800912,3.022751,2.418162,-1.619768,2.54762,0.701491,2.482891
9376,312.533333,1,654.300652,337.65861,555.469704,342.432974,604.885178,340.045792,2.994396,2.100121,-1.61287,2.275306,0.690763,2.187713
9377,312.566667,1,654.045792,338.918079,557.147255,342.996769,605.596523,340.957424,3.070126,2.402841,-1.575027,2.367069,0.74755,2.384955
9378,312.6,1,652.961273,338.332096,556.044531,342.396539,604.502902,340.364318,3.0162,2.172179,-1.592434,2.097179,0.711883,2.134679
9379,312.633333,1,656.358166,338.220989,557.510929,343.622083,606.934547,340.921536,3.077156,2.409726,-1.601668,2.648976,0.737744,2.529351
9380,312.666667,1,657.997589,338.380355,555.962448,343.083329,606.980019,340.731842,3.08351,2.113214,-1.601232,2.457481,0.741139,2.285348
9381,312.7,1,657.747345,340.69324,557.33367,347.113402,607.540507,343.903321,3.082528,2.351971,-1.655329,2.261162,0.7136,2.306567
9382,312.733333,1,655.626183,339.996986,556.277723,343.951287,605.951953,341.974137,3.015472,2.417874,-1.709628,2.036186,0.652922,2.22703
9383,312.766667,1,658.056011,340.564676,556.271286,344.859086,607.163649,342.711881,3.026526,2.300084,-1.689054,2.169368,0.668736,2.234726
9384,312.8,1,657.104282,340.154861,556.764364,345.955975,606.934323,343.055418,3.0467,1.980595,-1.671038,2.073945,0.687831,2.02727
9385,312.833333,1,659.838238,340.392811,556.974039,346.136209,608.406138,343.26451,3.206564,2.395105,-1.639046,2.296713,0.783759,2.345909
9386,312.866667,1,659.274578,341.068701,554.941893,346.593702,607.108235,343.831201,3.112603,2.64573,-1.657018,2.427106,0.727793,2.536418
9387,312.9,1,657.437496,339.683291,555.10026,345.973651,606.268878,342.828471,3.153518,2.24558,-1.576279,2.629759,0.788619,2.437669
9388,312.933333,1,655.860062,339.4936,555.786438,346.831834,605.82325,343.162717,3.123561,2.288998,-1.571209,2.517779,0.776176,2.403389
9389,312.966667,1,660.15625,340.5891,559.596176,349.038724,609.876213,344.813912,3.256067,2.457416,-1.551766,2.537595,0.852151,2.497505
9390,313.0,1,657.503452,341.362097,554.948492,347.3121,606.225972,344.337098,3.189384,2.528074,-1.601134,2.723148,0.794125,2.625611
9391,313.033333,1,654.560146,340.242022,556.304483,349.62896,605.432315,344.935491,3.029343,1.983812,-1.660144,2.810593,0.6846,2.397203
9392,313.066667,1,653.697414,340.61022,554.392643,348.385043,604.045029,344.497631,3.047767,2.258535,-1.645157,2.447649,0.701305,2.353092
9393,313.1,1,653.647728,341.00974,556.846228,347.323859,605.246978,344.166799,3.061591,2.278936,-1.57616,2.367691,0.742715,2.323313
9394,313.133333,1,653.769531,341.305556,556.364908,348.672881,605.06722,344.989218,3.055774,1.99635,-1.597505,2.5351,0.729134,2.265725
9395,313.166667,1,652.370567,340.510436,556.674738,349.418305,604.522653,344.96437,3.037762,1.853382,-1.581563,2.594309,0.7281,2.223845
9396,313.2,1,653.058834,340.206247,556.301727,349.135476,604.680281,344.670862,3.016661,1.930635,-1.606207,2.648163,0.705227,2.289399
9397,313.233333,1,653.232002,338.970339,556.122656,348.594357,604.677329,343.782348,3.045312,1.972699,-1.593854,2.628727,0.725729,2.300713
9398,313.266667,1,652.824249,338.826916,558.822365,347.187989,605.823307,343.007452,3.017928,2.121608,-1.541826,2.644095,0.738051,2.382852
9399,313.3,1,655.531483,341.019917,557.618437,348.573768,606.57496,344.796842,3.065167,2.441891,-1.553678,2.774168,0.755745,2.60803
9400,313.333333,1,655.811539,341.279302,555.126619,348.015348,605.469079,344.647325,2.991272,2.205081,-1.628939,2.675094,0.681167,2.440088
9401,313.366667,1,657.112026,342.272299,555.508556,349.253258,606.310291,345.762778,3.027393,2.204181,-1.695732,2.558444,0.66583,2.381312
9402,313.4,1,656.701546,344.334773,555.488663,350.40996,606.095104,347.372366,2.998471,2.107774,-1.766669,2.262692,0.615901,2.185233
9403,313.433333,1,656.970692,344.028583,555.751333,349.387701,606.361012,346.708142,2.914926,2.099912,-1.712278,1.968134,0.601324,2.034023
9404,313.466667,1,657.491817,343.095673,559.33672,349.867617,608.414268,346.481645,2.948238,2.214292,-1.672371,2.394258,0.637934,2.304275
9405,313.5,1,655.931396,342.659615,554.874735,348.208103,605.403066,345.433859,2.810565,2.149195,-1.782995,2.178517,0.513785,2.163856
9406,313.533333,1,655.052204,341.084225,556.682396,350.186087,605.8673,345.635156,2.946965,1.943736,-1.752337,2.677345,0.597314,2.31054
9407,313.566667,1,653.171825,342.058393,557.391167,349.894284,605.281496,345.976338,2.890178,1.840257,-1.703995,2.06811,0.593092,1.954183
9408,313.6,1,655.982647,342.581745,556.035967,350.566944,606.009307,346.574345,2.927858,1.459869,-1.764112,2.370838,0.581873,1.915354
9409,313.633333,1,658.224773,342.281778,557.57803,350.743718,607.901402,346.512748,2.982804,1.778142,-1.707477,2.241621,0.637664,2.009882
9410,313.666667,1,655.579967,342.140474,556.088314,349.770184,605.834141,345.955329,2.919651,1.848286,-1.709285,2.276564,0.605183,2.062425
9411,313.7,1,655.272217,341.893507,556.055889,350.076073,605.664053,345.98479,2.972773,2.26982,-1.699431,2.225758,0.636671,2.247789
9412,313.733333,1,651.102905,340.801198,558.243389,349.370245,604.673147,345.085722,2.88019,1.793309,-1.633575,2.135822,0.623307,1.964565
9413,313.766667,1,650.562115,340.603831,561.787195,348.916157,606.174655,344.759994,2.967547,1.915967,-1.539854,1.972111,0.713847,1.944039
9414,313.8,1,650.081329,340.579181,555.39403,349.301848,602.737679,344.940515,2.928273,2.159774,-1.620707,2.294743,0.653783,2.227258
9415,313.833333,1,649.699116,340.806858,555.524158,350.073885,602.611637,345.440371,2.912209,1.797385,-1.625483,2.073037,0.643363,1.935211
9416,313.866667,1,651.129665,341.528404,555.863161,350.461791,603.496413,345.995098,2.961194,1.779022,-1.598423,2.216251,0.681385,1.997637
9417,313.9,1,652.402287,341.995173,559.328098,350.073617,605.865192,346.034395,2.969218,1.648041,-1.560813,2.168429,0.704203,1.908235
9418,313.933333,1,652.087212,340.342932,561.046562,351.328585,606.566887,345.835758,2.992187,1.736167,-1.593751,2.479024,0.699218,2.107596
9419,313.966667,1,655.098743,341.412426,556.092844,351.74017,605.595794,346.576298,2.990292,2.157501,-1.788303,2.600852,0.600994,2.379177
9420,314.0,1,658.223381,341.673496,557.315807,351.110553,607.769594,346.392024,3.053968,1.843865,-1.724689,2.554161,0.66464,2.199013
9421,314.033333,1,656.801739,340.387071,556.213417,351.045145,606.507578,345.716108,2.944504,1.602939,-1.813778,2.378226,0.565363,1.990582
9422,314.066667,1,661.544304,340.29093,558.916874,350.347728,610.230589,345.319329,3.03796,1.661042,-1.736055,2.166519,0.650953,1.91378
9423,314.1,1,659.224758,341.218298,557.82218,350.46214,608.523469,345.840219,2.969487,1.721916,-1.770847,2.060201,0.59932,1.891059
9424,314.133333,1,662.783775,341.310196,559.601059,349.61247,611.192417,345.461333,3.012676,2.313174,-1.67153,1.757783,0.670573,2.035479
9425,314.166667,1,663.300972,343.223915,559.2484,350.333024,611.274686,346.778469,3.079773,2.153356,-1.741599,2.033906,0.669087,2.093631
9426,314.2,1,662.946472,345.720177,560.095568,349.703128,611.52102,347.711653,3.000968,2.693749,-1.795944,2.090896,0.602512,2.392322
9427,314.233333,1,663.804321,344.04938,561.875277,349.152482,612.839799,346.600931,3.005377,2.274079,-1.751321,2.610926,0.627028,2.442503
9428,314.266667,1,664.182568,342.125266,561.91227,349.138395,613.047419,345.63183,2.976601,2.390373,-1.748628,2.561031,0.613986,2.475702
9429,314.3,1,664.774704,343.023473,562.637587,349.400253,613.706145,346.211863,3.001468,2.599852,-1.720108,2.443344,0.64068,2.521598
9430,314.333333,1,663.864098,342.89882,561.498671,349.667927,612.681384,346.283374,3.008443,2.484413,-1.727051,2.108498,0.640696,2.296456
9431,314.366667,1,663.307972,343.619015,561.603746,349.468891,612.455859,346.543953,2.999951,2.754251,-1.731414,2.231029,0.634268,2.49264
9432,314.4,1,663.918266,343.455529,561.101694,349.746564,612.50998,346.601046,2.993501,2.306926,-1.766764,2.162826,0.613369,2.234876
9433,314.433333,1,663.54208,342.667732,561.262665,349.67371,612.402372,346.170721,3.001072,2.258163,-1.698705,2.14952,0.651184,2.203842
9434,314.466667,1,661.677589,343.300111,561.347494,349.567489,611.512542,346.4338,2.947696,2.302774,-1.735001,2.204378,0.606348,2.253576
9435,314.5,1,662.856789,343.376768,560.851202,349.738153,611.853995,346.55746,2.992553,2.508043,-1.780477,2.115752,0.606038,2.311898
9436,314.533333,1,662.456799,343.437338,559.671917,349.668592,611.064358,346.552965,2.946382,2.159752,-1.748179,2.138321,0.599102,2.149037
9437,314.566667,1,662.471657,343.165995,559.718962,349.353878,611.095309,346.259936,2.952295,2.239633,-1.718371,1.979252,0.616962,2.109442
9438,314.6,1,661.999359,343.609664,560.98299,349.844781,611.491175,346.727223,2.947888,2.476602,-1.777332,2.249208,0.585278,2.362905
9439,314.633333,1,663.41341,342.348034,558.997355,349.510739,611.205382,345.929386,3.004596,2.018542,-1.746775,2.123882,0.62891,2.071212
9440,314.666667,1,658.738003,343.938133,560.044699,348.937631,609.391351,346.437882,2.867607,2.386367,-1.7641,2.177269,0.551754,2.281818
9441,314.7,1,661.257687,342.882641,560.6355,349.108815,610.946593,345.995728,2.931277,2.287152,-1.758464,1.854486,0.586406,2.070819
9442,314.733333,1,662.552357,342.149824,558.824177,349.536933,610.688267,345.843379,2.988077,1.998198,-1.710501,1.980013,0.638788,1.989105
9443,314.766667,1,662.946453,342.042536,558.363543,349.342736,610.654998,345.692636,2.974471,2.045923,-1.752728,2.18745,0.610872,2.116687
9444,314.8,1,661.707573,343.154402,559.950027,349.62741,610.8288,346.390906,2.955081,2.321195,-1.76608,2.395778,0.594501,2.358487
9445,314.833333,1,663.03299,342.364138,560.688839,349.012476,611.860914,345.688307,2.997454,2.254799,-1.729539,2.071356,0.633958,2.163078
9446,314.866667,1,663.309498,342.008772,558.975048,349.34648,611.142273,345.677626,3.049271,2.117022,-1.724676,2.106562,0.662298,2.111792
9447,314.9,1,662.736778,341.708547,560.526505,349.395806,611.631641,345.552177,3.105165,2.224337,-1.698781,2.033175,0.703192,2.128756
9448,314.933333,1,663.472958,341.541177,560.443392,350.038539,611.958175,345.789858,3.041962,2.020592,-1.72028,2.009401,0.660841,2.014997
9449,314.966667,1,663.550587,341.806061,560.382624,349.661618,611.966605,345.73384,3.076408,2.192213,-1.723865,1.972749,0.676271,2.082481
9450,315.0,1,662.89093,342.054241,560.515413,349.158141,611.703172,345.606191,3.084343,2.067805,-1.706578,1.937456,0.688882,2.00263
9451,315.033333,1,661.276741,342.292582,559.905233,349.505498,610.590987,345.89904,3.00004,1.867905,-1.69396,2.008514,0.65304,1.93821
9452,315.066667,1,658.654308,341.906258,559.910049,349.452513,609.282179,345.679386,2.878014,1.934247,-1.706494,2.142342,0.58576,2.038295
9453,315.1,1,659.495945,343.15246,560.219316,349.222777,609.857631,346.187619,2.920167,2.115269,-1.76417,1.982113,0.577999,2.048691
9454,315.133333,1,660.321865,342.448381,560.214567,350.035256,610.268216,346.241818,2.968096,2.152859,-1.692569,1.710623,0.637764,1.931741
9455,315.166667,1,660.487976,344.534871,560.220394,349.79641,610.354185,347.165641,2.974954,2.242513,-1.699923,2.095188,0.637516,2.168851
9456,315.2,1,662.352161,344.986432,559.925117,349.863052,611.138639,347.424742,2.9807,2.40289,-1.651398,1.84555,0.664651,2.12422
9457,315.233333,1,664.260464,346.060216,560.389643,349.943803,612.325053,348.00201,3.005445,2.212252,-1.719229,1.955843,0.643108,2.084048
9458,315.266667,1,662.693596,345.654967,559.089966,350.152935,610.891781,347.903951,2.992106,2.735374,-1.623971,1.575483,0.684067,2.155429
9459,315.3,1,661.872292,345.424774,559.29821,350.497143,610.585251,347.960958,2.921239,2.888954,-1.641656,1.682309,0.639791,2.285632
9460,315.333333,1,661.078758,344.363027,560.023422,350.251415,610.55109,347.307221,2.945848,2.869622,-1.58283,1.40677,0.681509,2.138196
9461,315.366667,1,662.653885,344.685906,559.693336,351.03933,611.173611,347.862618,2.930931,2.801401,-1.583418,1.248314,0.673756,2.024858
9462,315.4,1,662.052975,344.404762,560.53462,351.369714,611.293797,347.887238,2.834432,2.699546,-1.576047,1.426211,0.629193,2.062879
9463,315.433333,1,661.224232,343.945777,560.072336,351.583577,610.648284,347.764677,2.755986,3.159068,-1.605095,1.799789,0.575446,2.479428
9464,315.466667,1,660.819988,343.36575,559.139309,352.18319,609.979649,347.77447,2.807492,3.002437,-1.630686,1.978789,0.588403,2.490613
9465,315.5,1,661.320229,343.781943,559.871778,352.523755,610.596004,348.152849,2.804899,2.928,-1.590094,1.882825,0.607403,2.405412
9466,315.533333,1,659.420967,344.991635,559.557133,352.343667,609.48905,348.667651,2.73559,3.474163,-1.635421,1.857064,0.550085,2.665613
9467,315.566667,1,659.509735,347.022813,560.535698,351.883104,610.022717,349.452959,2.694514,3.393361,-1.578373,1.735486,0.55807,2.564423
9468,315.6,1,661.998768,346.232425,559.068518,351.764352,610.533643,348.998389,2.77188,3.594082,-1.619139,1.888884,0.57637,2.741483
9469,315.633333,1,663.030739,346.544318,558.811607,351.626551,610.921173,349.085434,2.788351,3.154602,-1.589558,1.81436,0.599396,2.484481
9470,315.666667,1,662.397461,344.971969,558.060875,352.193715,610.229168,348.582842,2.829566,3.051182,-1.600268,1.460624,0.614649,2.255903
9471,315.7,1,662.874737,345.852023,558.853512,351.33566,610.864124,348.593842,2.850313,3.023238,-1.575362,1.516878,0.637475,2.270058
9472,315.733333,1,662.431145,344.701205,558.119278,351.43841,610.275211,348.069808,2.923511,2.939641,-1.564815,1.20813,0.679348,2.073885
9473,315.766667,1,663.647022,345.217064,558.292189,351.63537,610.969605,348.426217,2.986732,2.784677,-1.562146,1.447798,0.712293,2.116237
9474,315.8,1,662.980194,345.154268,558.406324,350.875302,610.693259,348.014785,2.851996,2.818486,-1.618444,1.375367,0.616776,2.096926
9475,315.833333,1,662.162552,344.459399,559.569826,351.119962,610.866189,347.789681,2.918333,2.619422,-1.544401,1.406362,0.686966,2.012892
9476,315.866667,1,663.256054,345.159659,564.860678,351.455002,614.058366,348.307331,2.764158,2.409829,-1.485382,1.306308,0.639388,1.858068
9477,315.9,1,662.9175,344.754077,568.776979,351.230555,615.847239,347.992316,2.729224,2.204353,-1.418955,1.443087,0.655134,1.82372
9478,315.933333,1,663.421879,344.632423,571.245222,351.160303,617.33355,347.896363,2.784324,1.986721,-1.377557,1.587238,0.703383,1.786979
9479,315.966667,1,663.641853,344.75699,570.784426,350.17965,617.21314,347.46832,2.927848,2.281129,-1.476916,2.133701,0.725466,2.207415
9480,316.0,1,664.71365,346.779011,563.036766,351.065819,613.875208,348.922415,3.056979,2.375701,-1.580716,1.821161,0.738131,2.098431
9481,316.033333,1,665.737305,346.447361,563.964005,350.456958,614.850655,348.452159,2.97231,2.53512,-1.605826,1.969973,0.683242,2.252547
9482,316.066667,1,665.90704,346.300242,565.490246,350.837842,615.698643,348.569042,2.948454,2.47924,-1.617362,2.174212,0.665546,2.326726
9483,316.1,1,665.607491,346.327515,568.208561,350.776817,616.908026,348.552166,2.927583,2.411619,-1.613003,2.70915,0.65729,2.560384
9484,316.133333,1,665.12537,346.198007,568.915691,350.553276,617.020531,348.375641,2.997207,2.632774,-1.629268,2.434698,0.68397,2.533736
9485,316.166667,1,665.560951,346.245589,568.966427,351.20825,617.263689,348.72692,2.977586,2.6059,-1.638104,2.440794,0.669741,2.523347
9486,316.2,1,664.069157,345.033553,562.880783,350.598015,613.47497,347.815784,3.020417,2.61439,-1.70918,2.201026,0.655618,2.407708
9487,316.233333,1,664.60638,347.553794,565.792007,351.505787,615.199194,349.529791,2.789612,2.401701,-1.746841,1.929976,0.521385,2.165839
9488,316.266667,1,664.675064,348.038244,566.500359,351.150872,615.587711,349.594558,2.891506,2.587627,-1.740977,2.30121,0.575265,2.444418
9489,316.3,1,664.873028,346.833529,566.950073,351.236118,615.911551,349.034824,2.785246,2.529228,-1.716906,1.771506,0.53417,2.150367
9490,316.333333,1,664.481907,347.705478,567.467213,351.604965,615.97456,349.655221,2.840105,2.249633,-1.63491,1.945213,0.602598,2.097423
9491,316.366667,1,664.355888,348.02222,569.148989,351.721571,616.752439,349.871896,2.740028,2.311663,-1.636831,2.075211,0.551599,2.193437
9492,316.4,1,664.323597,347.865853,568.227997,351.514097,616.275797,349.689975,2.808779,2.446117,-1.61193,2.062965,0.598424,2.254541
9493,316.433333,1,664.590893,347.121545,567.918234,352.51426,616.254563,349.817903,2.752761,2.012537,-1.669548,1.848631,0.541607,1.930584
9494,316.466667,1,664.018936,346.658075,564.106274,352.458192,614.062605,349.558133,2.911281,2.125996,-1.755448,2.181362,0.577916,2.153679
9495,316.5,1,664.126205,347.85035,565.666685,353.443211,614.896445,350.64678,2.957181,2.049153,-1.748971,2.003219,0.604105,2.026186
9496,316.533333,1,664.966793,348.509738,563.613338,353.061662,614.290066,350.7857,2.99253,2.586421,-1.809689,1.593899,0.59142,2.09016
9497,316.566667,1,666.538086,349.58583,565.438671,354.123312,615.988379,351.854571,2.968172,2.529773,-1.877964,2.019023,0.545104,2.274398
9498,316.6,1,668.267803,348.852096,563.159294,354.525654,615.713549,351.688875,2.934858,2.757156,-1.92187,2.069229,0.506494,2.413193
9499,316.633333,1,666.720333,349.896231,564.259272,356.195442,615.489802,353.045837,2.987193,2.408955,-1.90286,2.007533,0.542166,2.208244
9500,316.666667,1,668.184471,349.829466,564.913568,356.928774,616.54902,353.37912,3.039207,2.034792,-1.835659,2.136681,0.601774,2.085736
9501,316.7,1,667.145786,349.814445,565.856953,358.08508,616.501369,353.949763,2.880892,2.148533,-1.816405,1.659405,0.532244,1.903969
9502,316.733333,1,668.680153,349.577376,564.584045,358.562958,616.632099,354.070167,3.132219,2.136974,-1.766679,2.11746,0.68277,2.127217
9503,316.766667,1,667.798309,348.72284,563.136787,357.411695,615.467548,353.067268,2.992046,2.170577,-1.856915,1.767454,0.567565,1.969016
9504,316.8,1,668.835793,349.974868,564.530525,358.639889,616.683159,354.307379,3.089109,2.129971,-1.752044,1.916096,0.668532,2.023033
9505,316.833333,1,666.608467,348.689801,562.571201,358.595719,614.589834,353.64276,2.919445,2.16963,-1.876953,1.85117,0.521246,2.0104
9506,316.866667,1,668.80331,349.444789,564.22924,357.026031,616.516275,353.23541,2.942113,2.116849,-1.910294,2.060817,0.51591,2.088833
9507,316.9,1,666.715736,348.206075,562.371664,357.414452,614.5437,352.810264,2.965681,2.43963,-1.75249,1.815794,0.606596,2.127712
9508,316.933333,1,667.442894,348.06403,564.378672,354.39679,615.910783,351.23041,3.035039,2.442606,-1.84689,1.924357,0.594075,2.183482
9509,316.966667,1,666.782227,347.976075,564.972744,354.501933,615.877485,351.239004,2.925621,2.27702,-1.871448,1.913802,0.527086,2.095411
9510,317.0,1,667.358894,347.708868,565.30241,353.996412,616.330652,350.85264,3.00507,2.148818,-1.866858,2.223744,0.569106,2.186281
9511,317.033333,1,667.823086,347.4231,564.873676,353.144789,616.348381,350.283945,3.070965,2.32804,-1.86321,2.162272,0.603878,2.245156
9512,317.066667,1,667.653465,347.243671,564.764318,352.976743,616.208892,350.110207,3.049691,2.214821,-1.817528,1.946671,0.616081,2.080746
9513,317.1,1,667.835121,347.057912,564.955416,353.253863,616.395268,350.155888,2.953432,2.13143,-1.817602,1.884598,0.567915,2.008014
9514,317.133333,1,668.542233,346.5152,563.304319,352.541195,615.923276,349.528197,3.092411,2.391374,-1.806664,2.018831,0.642873,2.205103
9515,317.166667,1,668.107281,347.314197,564.837732,352.188297,616.472507,349.751247,2.808797,2.501959,-1.838778,1.594223,0.48501,2.048091
9516,317.2,1,670.790749,348.158385,564.327059,352.80852,617.558904,350.483453,3.044908,2.602073,-1.742789,2.133335,0.65106,2.367704
9517,317.233333,1,670.863209,347.958362,564.515352,354.089795,617.689281,351.024079,3.154478,2.353624,-1.695732,1.92871,0.729373,2.141167
9518,317.266667,1,670.860004,348.722835,564.070435,353.521725,617.465219,351.12228,3.163857,2.381552,-1.708205,1.538843,0.727826,1.960197
9519,317.3,1,670.039597,350.618953,564.168501,353.645911,617.104049,352.132432,3.173511,2.694299,-1.733711,1.835853,0.7199,2.265076
9520,317.333333,1,666.355152,349.768376,563.160124,354.376824,614.757638,352.0726,2.896278,2.302244,-1.724123,1.360139,0.586078,1.831192
9521,317.366667,1,665.940914,349.904176,561.669655,354.063134,613.805285,351.983655,3.056836,2.442111,-1.694999,2.436347,0.680918,2.439229
9522,317.4,1,661.390018,348.415164,559.412956,355.203368,610.401487,351.809266,2.806124,2.613832,-1.676424,2.10832,0.56485,2.361076
9523,317.433333,1,659.631042,347.614396,555.028791,355.980817,607.329917,351.797606,3.007102,2.968663,-1.692169,2.354638,0.657466,2.661651
9524,317.466667,1,653.72015,349.098934,554.79558,357.822846,604.257865,353.46089,2.836686,3.02881,-1.550136,2.198893,0.643275,2.613851
9525,317.5,1,658.046589,348.565931,554.808331,359.28194,606.42746,353.923936,3.047408,3.280298,-1.495062,2.836123,0.776173,3.058211
9526,317.533333,1,658.680305,347.98535,553.233337,359.157937,605.956821,353.571644,2.952353,3.459021,-1.530404,2.933266,0.710975,3.196144
9527,317.566667,1,657.991829,348.678208,553.574629,358.825514,605.783229,353.751861,2.944748,3.328696,-1.449408,2.460537,0.74767,2.894617
9528,317.6,1,658.776741,348.271676,554.135723,358.423462,606.456232,353.347569,2.99512,3.318987,-1.498048,2.57162,0.748536,2.945304
9529,317.633333,1,658.05254,348.950264,553.983793,359.053931,606.018167,354.002098,2.997424,3.137043,-1.487783,2.491313,0.75482,2.814178
9530,317.666667,1,659.723721,348.248078,552.45657,358.172498,606.090145,353.210288,2.979153,3.415879,-1.640166,3.19008,0.669494,3.30298
9531,317.7,1,658.402023,349.037801,551.827126,357.112275,605.114574,353.075038,3.051479,3.338923,-1.582577,2.812601,0.734451,3.075762
9532,317.733333,1,653.8377,350.113211,551.901188,359.057649,602.869444,354.58543,3.111704,2.8566,-1.544492,3.311064,0.783606,3.083832
9533,317.766667,1,654.727306,350.347384,549.981785,357.132241,602.354546,353.739813,3.140549,3.166972,-1.656645,3.084829,0.741952,3.1259
9534,317.8,1,654.104805,351.436817,544.854097,357.205948,599.479451,354.321383,3.289955,4.079621,-1.636183,2.913282,0.826886,3.496451
9535,317.833333,1,653.14764,349.417484,544.453325,358.174113,598.800483,353.795798,3.137402,3.466203,-1.661931,3.194572,0.737735,3.330388
9536,317.866667,1,652.53809,349.433132,546.5417,357.950197,599.539895,353.691664,3.127257,3.348446,-1.610547,2.845186,0.758355,3.096816
9537,317.9,1,643.362036,350.475556,544.139252,357.500288,593.750644,353.987922,2.859753,3.30358,-1.627291,2.962025,0.616231,3.132803
9538,317.933333,1,644.982576,348.522667,547.168207,357.560118,596.075392,353.041392,2.935093,3.041399,-1.593422,2.793067,0.670835,2.917233
9539,317.966667,1,649.922504,349.276421,545.272408,358.554112,597.597456,353.915267,3.036928,2.928117,-1.660671,2.880223,0.688128,2.90417
9540,318.0,1,653.361282,350.405486,551.664648,357.014669,602.512965,353.710078,2.995788,2.937911,-1.661938,2.985712,0.666925,2.961811
9541,318.033333,1,653.484039,351.067037,551.619205,356.168228,602.551622,353.617633,2.835426,2.698613,-1.632392,2.513251,0.601517,2.605932
9542,318.066667,1,647.703724,350.465793,550.889788,356.569245,599.296756,353.517519,2.766844,2.771032,-1.636608,2.56793,0.565118,2.669481
9543,318.1,1,648.067942,349.506168,551.183043,357.930574,599.625492,353.718371,2.737677,2.69204,-1.63192,2.829472,0.552879,2.760756
9544,318.133333,1,653.449192,349.835882,549.484835,358.374211,601.467013,354.105046,2.878317,2.745574,-1.694375,2.501758,0.591971,2.623666
9545,318.166667,1,653.24358,350.670896,550.854368,357.038053,602.048974,353.854474,2.920233,2.93986,-1.676014,3.012836,0.62211,2.976348
9546,318.2,1,656.412029,351.581174,558.428822,355.599375,607.420425,353.590274,2.947437,2.884868,-1.50488,2.442646,0.721278,2.663757
16298,543.266667,1,686.302834,350.593396,579.182491,355.139451,632.742662,352.866424,3.039866,3.004294,-1.720916,3.036267,0.659475,3.020281
16299,543.3,1,681.620045,346.260379,578.446426,356.147527,630.033236,351.203953,2.913825,2.125478,-1.660421,2.665111,0.626702,2.395294
16300,543.333333,1,679.00362,348.760831,576.24752,359.181068,627.62557,353.970949,2.839596,2.670874,-1.602759,2.549552,0.618418,2.610213
16301,543.366667,1,680.030308,353.080148,574.52033,362.508445,627.275319,357.794296,3.00742,3.031579,-1.738161,1.907859,0.634629,2.469719
16302,543.4,1,678.189144,354.83134,573.459558,364.073868,625.824351,359.452604,2.934936,3.031126,-1.815379,2.498178,0.559779,2.764652
16303,543.433333,1,676.53326,352.384533,572.330008,364.787217,624.431634,358.585875,2.883016,2.844518,-1.74929,2.759135,0.566863,2.801827
16304,543.466667,1,675.70713,353.609422,572.603054,364.666486,624.155092,359.137954,2.800513,2.75969,-1.857847,2.809728,0.471333,2.784709
16305,543.5,1,675.71682,351.810588,571.526909,363.140212,623.621864,357.4754,2.811796,2.863348,-1.83029,2.769451,0.490753,2.8164
16306,543.533333,1,676.071701,348.544301,572.076855,360.703114,624.074278,354.623708,2.810115,2.760949,-1.807231,2.959403,0.501442,2.860176
16307,543.566667,1,676.181221,346.887737,573.334551,359.514037,624.757886,353.200887,2.853017,2.514241,-1.709649,3.282964,0.571684,2.898603
16308,543.6,1,677.29969,345.267887,575.277452,359.966011,626.288571,352.616949,2.956786,2.41529,-1.670207,3.169247,0.64329,2.792268
16309,543.633333,1,679.881306,349.05251,578.430414,359.102587,629.15586,354.077548,2.959953,2.704003,-1.72455,2.90631,0.617702,2.805157
16310,543.666667,1,680.390854,348.47789,578.904829,358.469945,629.647841,353.473917,2.868666,2.275807,-1.723737,2.815948,0.572465,2.545877
16311,543.7,1,683.194675,346.49408,578.208618,357.268996,630.701647,351.881538,3.104022,1.985072,-1.617707,2.704742,0.743157,2.344907
16312,543.733333,1,682.445641,349.061657,578.729982,357.706202,630.587811,353.383929,2.995325,2.265272,-1.680126,3.115779,0.657599,2.690525
16313,543.766667,1,682.271042,348.706478,580.448713,357.609465,631.359878,353.157972,2.928351,2.137047,-1.717223,3.366508,0.605564,2.751777
16314,543.8,1,682.64719,350.696232,580.501795,357.471176,631.574492,354.083704,2.924105,2.358362,-1.86962,3.133621,0.527243,2.745992
16315,543.833333,1,684.240131,349.724822,583.737764,357.906353,633.988948,353.815588,2.941754,2.259489,-1.801126,3.195122,0.570314,2.727305
16316,543.866667,1,687.292824,353.09601,585.238333,356.870077,636.265578,354.983043,3.047569,2.864135,-1.773791,3.007031,0.636889,2.935583
16317,543.9,1,686.077881,351.189147,585.370245,357.426297,635.724063,354.307722,3.112306,2.786488,-1.738873,2.856318,0.686716,2.821403
16318,543.933333,1,686.330929,352.975901,586.679058,359.744015,636.504993,356.359958,3.060388,2.285433,-1.796238,2.970043,0.632075,2.627738
16319,543.966667,1,686.491108,350.462252,587.417212,358.806964,636.95416,354.634608,2.965336,2.333075,-1.751878,3.162357,0.606729,2.747716
16320,544.0,1,688.054447,350.330561,582.107248,358.402278,635.080848,354.36642,2.90758,3.259102,-1.879953,3.124048,0.513813,3.191575
16321,544.033333,1,688.578243,350.046896,584.392796,358.24215,636.485519,354.144523,2.887003,3.101775,-1.845058,3.26161,0.520973,3.181692
16322,544.066667,1,689.273548,348.575447,582.692003,358.08515,635.982776,353.330298,3.005826,2.314233,-1.917354,3.138577,0.544236,2.726405
16323,544.1,1,685.854492,347.981204,583.041573,358.49939,634.448032,353.240297,3.11139,2.385006,-1.78469,3.049975,0.66335,2.71749
16324,544.133333,1,685.206261,346.795791,583.183708,359.203829,634.194984,352.99981,3.118939,2.185923,-1.734025,3.336244,0.692457,2.761083
16325,544.166667,1,683.809814,348.466271,582.023935,357.307609,632.916875,352.88694,2.935661,2.66081,-1.741279,2.997365,0.597191,2.829087
16326,544.2,1,685.143814,349.913848,579.705658,356.509078,632.424736,353.211463,2.959117,2.841524,-1.772828,2.696247,0.593144,2.768885
16327,544.233333,1,680.442619,349.053487,578.455734,358.391238,629.449177,353.722362,2.911564,2.031896,-1.751233,2.679003,0.580165,2.355449
16328,544.266667,1,681.414261,354.594625,576.054878,359.935268,628.73457,357.264946,2.865554,2.945577,-1.805661,2.40033,0.529947,2.672953
16329,544.3,1,676.523132,348.054267,575.45826,361.618177,625.990696,354.836222,2.850635,2.794934,-1.620513,2.910667,0.615061,2.8528
16330,544.333333,1,659.935436,351.17071,569.204426,363.249689,614.569931,357.2102,2.581084,2.902877,-1.696131,1.80977,0.442477,2.356323
16331,544.366667,1,671.520939,348.890365,567.996206,365.487059,619.758573,357.188712,2.912337,2.300296,-1.813723,3.12289,0.549307,2.711593
16332,544.4,1,669.187889,354.201316,565.225039,364.358107,617.206464,359.279712,2.962705,2.721037,-1.838104,2.935773,0.562301,2.828405
16333,544.433333,1,669.728584,352.252391,562.975121,368.985357,616.351852,360.618874,2.905794,2.963518,-1.941744,2.941758,0.482025,2.952638
16334,544.466667,1,670.265541,354.962538,563.34075,369.8199,616.803145,362.391219,2.904403,2.612551,-1.881852,2.471903,0.511275,2.542227
16335,544.5,1,670.00946,351.228361,567.758932,368.608121,618.884196,359.918241,2.98538,2.54406,-1.785316,2.539181,0.600032,2.541621
16336,544.533333,1,669.314213,349.173596,568.956337,366.083035,619.135275,357.628316,2.888594,1.903691,-1.879156,1.965558,0.504719,1.934624
16337,544.566667,1,670.645256,347.869833,565.32629,369.787263,617.985773,358.828548,2.946213,2.393137,-1.85202,2.342782,0.547096,2.36796
16338,544.6,1,669.894047,349.102276,566.155968,368.673481,618.025007,358.887878,3.037986,2.769362,-1.887415,2.921142,0.575286,2.845252
16339,544.633333,1,670.720291,346.965837,567.815847,367.002255,619.268069,356.984046,2.986923,2.910795,-1.841559,3.18893,0.572682,3.049863
16340,544.666667,1,672.17001,346.885865,570.993786,366.731776,621.581898,356.80882,3.03305,2.651149,-1.82682,3.039389,0.603115,2.845269
16341,544.7,1,672.791901,346.762848,580.007229,364.92592,626.399565,355.844384,2.962534,2.670133,-1.701506,2.573641,0.630514,2.621887
16342,544.733333,1,674.038544,346.856221,574.751682,365.888624,624.395113,356.372422,2.974713,2.441521,-1.758116,2.845468,0.608298,2.643494
16343,544.766667,1,674.302082,345.812413,574.446096,365.351318,624.374089,355.581865,2.886615,2.674563,-1.769221,3.221453,0.558697,2.948008
16344,544.8,1,673.398552,345.13707,574.267988,364.250234,623.83327,354.693652,2.953252,2.754751,-1.794207,3.174627,0.579523,2.964689
16345,544.833333,1,672.185516,345.01614,572.293205,364.804684,622.239361,354.910412,2.852389,2.437089,-1.815677,3.169323,0.518356,2.803206
16346,544.866667,1,671.585617,344.128162,570.689316,365.277954,621.137466,354.703058,2.89069,2.513635,-1.901269,2.959744,0.49471,2.736689
16347,544.9,1,670.899239,344.230499,570.242729,366.023705,620.570984,355.127102,2.979521,2.228363,-1.914662,2.626438,0.532429,2.4274
16348,544.933333,1,670.765743,344.492025,568.92601,366.46849,619.845877,355.480258,2.939373,2.314536,-1.895015,2.515682,0.522179,2.415109
16349,544.966667,1,670.447369,343.03432,568.297319,364.941697,619.372344,353.988008,2.830309,2.642995,-1.824499,3.366737,0.502905,3.004866
16350,545.0,1,671.542835,344.469371,568.273439,366.247509,619.908137,355.35844,2.992782,2.513751,-1.836792,3.106868,0.577995,2.81031
16351,545.033333,1,673.196888,346.249468,568.395929,365.867053,620.796409,356.058261,3.069655,2.869582,-1.892326,2.766201,0.588664,2.817891
16352,545.066667,1,675.466881,348.698131,567.895327,365.974336,621.681104,357.336234,3.144047,2.558086,-1.809722,2.89706,0.667163,2.727573
16353,545.1,1,672.539253,347.269887,567.766123,365.912189,620.152688,356.591038,2.957381,2.74332,-1.824063,3.365891,0.566659,3.054605
16354,545.133333,1,669.740047,344.79232,566.773891,366.039337,618.256969,355.415829,2.850551,2.119266,-1.801572,2.889716,0.52449,2.504491
16355,545.166667,1,669.418087,345.850419,565.807705,365.522025,617.612896,355.686222,2.91214,2.176445,-1.758254,2.772917,0.576943,2.474681
16356,545.2,1,672.705956,350.178046,571.077318,371.247994,621.891637,360.71302,2.873792,2.42541,-1.789852,2.452555,0.54197,2.438982
16357,545.233333,1,674.251099,356.556821,560.854158,364.611704,617.552629,360.584263,3.001291,2.937712,-1.985994,1.358805,0.507648,2.148259
16358,545.266667,1,677.619057,359.88894,562.21714,367.071242,619.918098,363.480091,3.023682,3.192779,-2.140354,1.911301,0.441664,2.55204
16359,545.3,1,674.512234,359.719371,562.332516,370.276744,618.422375,364.998058,2.808195,2.869094,-2.088778,2.030174,0.359709,2.449634
16360,545.333333,1,674.216461,359.859672,563.118763,372.765073,618.667612,366.312372,2.819719,2.991886,-2.105483,2.005709,0.357118,2.498798
16361,545.366667,1,674.150658,359.5051,565.257454,377.823451,619.704056,368.664275,2.878316,2.592572,-2.038894,2.346309,0.419711,2.469441
16362,545.4,1,672.399921,357.842174,563.148413,377.654707,617.774167,367.748441,2.895648,2.40276,-2.137615,2.386365,0.379017,2.394563
16363,545.433333,1,672.066002,355.189195,560.754128,368.13706,616.410065,361.663128,2.85476,2.618861,-2.099971,1.565652,0.377395,2.092256
16364,545.466667,1,673.107452,356.372028,564.496479,371.388381,618.801966,363.880204,2.885697,2.515507,-2.031527,1.708463,0.427085,2.111985
16365,545.5,1,674.749355,355.002733,568.704758,365.615194,621.727057,360.308964,2.825668,2.284485,-2.131411,2.290143,0.347129,2.287314
16366,545.533333,1,676.083164,352.661186,572.705431,361.172866,624.394298,356.917026,2.805101,2.175149,-2.008665,2.007743,0.398218,2.091446
16367,545.566667,1,680.853405,357.778187,576.590357,362.649454,628.721881,360.21382,2.726253,2.828045,-1.942305,1.862845,0.391974,2.345445
16368,545.6,1,682.365589,357.210964,575.259142,364.798429,628.812366,361.004696,2.943139,2.764402,-1.920471,1.908826,0.511334,2.336614
16369,545.633333,1,684.035606,355.837668,578.921156,364.54017,631.478381,360.188919,2.971911,2.700833,-1.914292,1.311788,0.528809,2.00631
16370,545.666667,1,685.32629,355.906981,579.82111,364.287795,632.5737,360.097388,2.929312,2.663058,-1.919853,1.501332,0.50473,2.082195
16371,545.7,1,683.278522,355.515749,580.478296,363.951468,631.878409,359.733608,2.878655,2.427126,-1.823961,1.794953,0.527347,2.11104
16372,545.733333,1,683.884525,356.032063,581.490765,364.205725,632.687645,360.118894,2.907461,2.355263,-1.869593,1.638686,0.518934,1.996974
16373,545.766667,1,685.13361,356.137201,579.552631,364.370306,632.343121,360.253753,3.019125,2.718626,-1.881514,1.635674,0.568805,2.17715
16374,545.8,1,685.215778,356.678647,582.660561,364.478704,633.938169,360.578676,3.097939,2.5011,-1.854736,1.81737,0.621602,2.159235
16375,545.833333,1,684.807262,351.029422,581.203661,363.777612,633.005462,357.403517,2.949819,2.186206,-1.846511,2.112072,0.551654,2.149139
16376,545.866667,1,687.050476,347.64603,580.591755,357.195724,633.821115,352.420877,3.020366,2.47415,-1.80518,2.280139,0.607593,2.377145
16377,545.9,1,690.751572,355.183219,582.253809,356.86262,636.50269,356.02292,2.923271,2.657834,-2.041675,1.731431,0.440798,2.194633
16378,545.933333,1,692.299709,359.635397,587.246428,358.75185,639.773068,359.193623,2.825288,2.971185,-2.159589,2.42922,0.33285,2.700202
16379,545.966667,1,689.00177,357.733512,585.207748,358.920808,637.104759,358.32716,2.851911,2.950876,-1.917646,2.369468,0.467132,2.660172
16380,546.0,1,688.328838,353.223329,585.606775,358.703914,636.967807,355.963621,2.870276,2.769522,-1.873046,2.551526,0.498615,2.660524
16381,546.033333,1,688.104248,357.787119,583.059483,355.476406,635.581865,356.631762,2.970599,2.995431,-1.898852,1.975903,0.535873,2.485667
16382,546.066667,1,687.280102,358.943349,581.613989,355.993059,634.447045,357.468204,2.938446,2.746206,-2.03691,1.456449,0.450768,2.101327
16383,546.1,1,685.846806,355.654752,580.289326,356.891524,633.068066,356.273138,2.890166,2.197439,-1.903543,1.811748,0.493311,2.004593
16384,546.133333,1,683.45129,356.652716,577.674198,357.177066,630.562744,356.914891,2.883315,2.494116,-1.98328,2.083477,0.450017,2.288796
16385,546.166667,1,683.721104,360.2242,575.205517,360.237724,629.46331,360.230962,2.875865,2.627724,-2.075277,1.812467,0.400294,2.220096
16386,546.2,1,682.095642,360.900868,574.793062,360.275087,628.444352,360.587978,2.791009,2.379495,-2.013979,1.912044,0.388515,2.14577
16387,546.233333,1,683.54826,369.215888,574.839458,361.276367,629.193859,365.246127,2.796043,3.072571,-2.015169,2.096094,0.390437,2.584333
16388,546.266667,1,680.857716,368.487384,576.928272,367.067932,628.892994,367.777658,2.729184,3.021719,-1.983955,2.401912,0.372615,2.711816
16389,546.3,1,682.002487,368.52612,576.303101,365.220684,629.152794,366.873402,2.884837,3.265054,-1.887753,2.480824,0.498542,2.872939
16390,546.333333,1,683.379269,374.812832,576.357288,367.113444,629.868279,370.963138,2.783286,3.467048,-1.934588,2.151679,0.424349,2.809363
16391,546.366667,1,685.782452,370.753545,576.691008,363.956687,631.23673,367.355116,2.824797,3.011795,-1.986928,1.73858,0.418935,2.375188
16392,546.4,1,687.425404,367.195337,578.357267,364.320095,632.891335,365.757716,3.054958,2.74244,-1.947158,1.614883,0.5539,2.178662
16393,546.433333,1,688.781986,364.338151,598.887119,360.49373,643.834553,362.415941,2.90845,2.472859,-1.506988,1.437228,0.700731,1.955043
16394,546.466667,1,691.669674,361.665244,583.931961,357.190268,637.800817,359.427756,2.907677,2.378443,-2.000169,1.457597,0.453754,1.91802
16395,546.5,1,691.061916,357.407913,584.88308,356.893981,637.972498,357.150947,2.892081,2.09199,-1.870382,1.817937,0.510849,1.954963
16396,546.533333,1,692.78162,359.695129,586.412153,356.514523,639.596887,358.104826,2.859749,2.452039,-1.90047,1.960488,0.479639,2.206263
16397,546.566667,1,692.242489,362.243394,588.255863,356.903749,640.249176,359.573572,2.870616,2.339386,-1.955479,2.144959,0.457568,2.242173
16398,546.6,1,693.492279,363.814509,587.498455,354.663418,640.495367,359.238963,2.87346,2.492821,-2.032376,2.089733,0.420542,2.291277
16399,546.633333,1,693.385429,364.839896,587.360096,354.249918,640.372763,359.544907,2.982586,2.461631,-2.005681,2.033599,0.488453,2.247615
16400,546.666667,1,694.257908,360.495527,590.236292,357.103611,642.2471,358.799569,2.910748,2.204267,-1.977554,2.122429,0.466597,2.163348
16401,546.7,1,695.41666,358.09855,591.316977,356.889115,643.366818,357.493832,2.819718,2.325037,-1.965007,2.307658,0.427355,2.316347
16402,546.733333,1,697.347736,354.407267,600.765448,358.453052,649.056592,356.43016,2.809903,1.994435,-1.692579,2.497226,0.558662,2.24583
16403,546.766667,1,699.372692,359.249148,606.399221,357.989164,652.885957,358.619156,2.831102,2.49853,-1.578018,2.036175,0.626542,2.267352
16404,546.8,1,698.050957,356.440296,596.94313,356.379517,647.497044,356.409906,2.752153,2.241433,-1.855429,2.199971,0.448362,2.220702
16405,546.833333,1,701.112843,354.356772,599.741211,354.261248,650.427027,354.30901,2.821639,2.015365,-1.863358,1.994203,0.47914,2.004784
16406,546.866667,1,699.95903,351.642757,595.396156,352.264976,647.677593,351.953866,2.854409,2.143601,-1.761988,2.281635,0.54621,2.212618
16407,546.9,1,704.004402,355.737766,604.695873,352.612998,654.350138,354.175382,2.810319,2.100386,-1.851486,1.698522,0.479417,1.899454
16408,546.933333,1,700.98978,351.585063,601.208153,353.412639,651.098967,352.498851,2.818078,2.132488,-1.682649,2.284093,0.567714,2.208291
16409,546.966667,1,702.337875,357.698407,599.041643,351.433641,650.689759,354.566024,2.970919,2.782652,-1.843586,2.006189,0.563667,2.394421
16410,547.0,1,700.997829,355.746242,603.353844,353.144435,652.175837,354.445338,2.79246,2.558883,-1.662816,2.176588,0.564822,2.367736
16411,547.033333,1,700.462399,358.484954,597.379961,353.76373,648.92118,356.124342,2.858662,2.362031,-1.898295,2.256136,0.480183,2.309084
16412,547.066667,1,699.259892,362.265823,596.878958,355.59644,648.069425,358.931132,2.669871,3.050913,-1.889679,2.289723,0.390096,2.670318
16413,547.1,1,697.387199,363.80062,604.424152,355.945187,650.905676,359.872904,2.915327,2.732329,-1.644391,1.885048,0.635468,2.308688
16414,547.133333,1,695.799885,358.222108,597.222443,357.274044,646.511164,357.748076,2.884622,2.625245,-1.778493,2.692213,0.553065,2.658729
16415,547.166667,1,695.988674,362.657758,589.40773,356.117443,642.698202,359.387601,2.825055,2.870951,-1.978287,2.404236,0.423384,2.637593
16416,547.2,1,694.237061,363.184689,587.633114,355.589499,640.935087,359.387094,2.823916,2.860783,-2.057861,2.451628,0.383027,2.656205
16417,547.233333,1,695.688305,357.782956,588.681936,356.23869,642.185121,357.010823,2.770209,2.446054,-2.002415,2.182605,0.383897,2.314329
16418,547.266667,1,696.596718,358.212367,596.836023,355.945433,646.716371,357.0789,2.838566,2.434888,-1.812168,2.268776,0.513199,2.351832
16419,547.3,1,698.184166,357.962637,598.240528,356.742285,648.212347,357.352461,2.861265,2.566487,-1.773661,2.094013,0.543802,2.33025
16420,547.333333,1,696.628208,354.019269,598.456287,357.173719,647.542248,355.596494,2.983995,2.450728,-1.774123,2.87223,0.604936,2.661479
16421,547.366667,1,695.038853,355.853573,604.096603,357.057563,649.567728,356.455568,2.81776,2.383638,-1.661136,2.226372,0.578312,2.305005
16422,547.4,1,692.235126,355.956205,605.575008,357.963715,648.905067,356.95996,2.708738,2.066458,-1.636728,2.057636,0.536005,2.062047
16423,547.433333,1,697.591515,357.883834,595.579185,354.143595,646.58535,356.013714,2.929279,2.921846,-1.863309,1.974386,0.532985,2.448116
16424,547.466667,1,696.325779,357.409759,595.14369,352.4483,645.734735,354.929029,2.833019,2.718,-1.915768,2.38703,0.458625,2.552515
16425,547.5,1,699.18314,356.92511,597.35961,354.500629,648.271375,355.71287,2.943557,2.313299,-1.954915,2.374337,0.494321,2.343818
16426,547.533333,1,700.292053,354.79358,597.357235,352.627299,648.824644,353.71044,2.745687,2.613825,-1.980863,2.908715,0.382412,2.76127
16427,547.566667,1,700.568943,349.868358,598.007832,351.943722,649.288387,350.90604,2.875893,2.269603,-1.883706,3.117754,0.496093,2.693678
16428,547.6,1,701.636524,348.16523,596.66297,351.980109,649.149747,350.07267,2.915974,2.163418,-1.879617,3.032255,0.518178,2.597836
16429,547.633333,1,702.512379,346.400852,598.407536,353.64736,650.459957,350.024106,2.886748,1.925903,-1.873019,2.742678,0.506864,2.334291
16430,547.666667,1,703.892918,350.773888,602.386265,352.509577,653.139591,351.641732,3.000442,2.209164,-1.842898,2.83621,0.578772,2.522687
16431,547.7,1,703.400478,353.432134,596.489601,352.044391,649.94504,352.738262,2.94978,2.159703,-2.033096,2.639501,0.458342,2.399602
16432,547.733333,1,701.766548,354.320551,594.922094,351.324357,648.344321,352.822454,2.91547,2.926295,-1.997018,3.377043,0.459226,3.151669
16433,547.766667,1,699.043064,354.618909,593.928776,349.425214,646.48592,352.022062,2.75698,3.131308,-1.968888,2.793735,0.394046,2.962521
16434,547.8,1,696.665192,352.054192,592.688284,354.80793,644.676738,353.431061,2.735867,2.522232,-1.987169,2.159404,0.374349,2.340818
16435,547.833333,1,696.812458,353.120145,591.395273,353.248735,644.103866,353.18444,2.873853,2.412369,-1.928674,2.611983,0.472589,2.512176
16436,547.866667,1,693.874512,354.968922,590.028124,354.40782,641.951318,354.688371,2.96504,2.710236,-1.843501,2.927858,0.56077,2.819047
16437,547.9,1,691.329193,352.983872,589.272728,357.404174,640.300961,355.194023,2.86545,2.55515,-1.869534,2.644988,0.497958,2.600069
16438,547.933333,1,694.639854,357.749069,588.282852,356.036897,641.461353,356.892983,2.873709,3.021997,-1.8828,2.724842,0.495455,2.87342
16439,547.966667,1,692.311001,355.309857,592.537708,358.522521,642.424355,356.916189,2.855311,2.611722,-1.77225,2.763432,0.541531,2.687577
16440,548.0,1,692.784843,356.432099,592.673569,359.121582,642.729206,357.77684,2.819708,2.660999,-1.797134,2.916177,0.511287,2.788588
16441,548.033333,1,693.220959,355.525335,589.968319,358.64491,641.594639,357.085123,2.870303,2.514884,-1.839805,2.921794,0.515249,2.718339
16442,548.066667,1,692.150936,354.976239,587.887697,356.407873,640.019317,355.692056,2.908141,2.712431,-1.840851,2.652855,0.533645,2.682643
16443,548.1,1,692.484112,356.026694,589.776201,355.688177,641.130157,355.857435,2.969669,2.359111,-1.88418,2.343084,0.542744,2.351097
16444,548.133333,1,692.078209,351.741645,592.27705,356.542853,642.177629,354.142249,2.852613,2.379503,-1.872582,2.924949,0.490015,2.652226
16445,548.166667,1,694.293518,353.550199,595.555696,354.021195,644.924607,353.785697,2.861906,2.530247,-1.934519,2.827117,0.463693,2.678682
16446,548.2,1,691.788769,350.313567,594.970131,356.521298,643.37945,353.417433,2.790218,2.037643,-1.89608,2.924783,0.447069,2.481213
16447,548.233333,1,697.111187,357.152503,593.158989,354.795227,645.135088,355.973865,2.835509,2.681241,-2.051737,2.990267,0.391886,2.835754
16448,548.266667,1,695.74791,353.760871,596.320343,355.588158,646.034126,354.674514,2.776907,2.625157,-1.934512,3.175631,0.421197,2.900394
16449,548.3,1,697.757626,355.262645,597.01767,352.001942,647.387648,353.632294,2.871682,2.304716,-1.891537,2.920177,0.490073,2.612447
16450,548.333333,1,698.349075,358.34932,597.343674,352.342814,647.846375,355.346067,2.823201,2.786027,-2.00676,2.971061,0.40822,2.878544
16451,548.366667,1,699.082222,354.710641,597.496729,352.28564,648.289475,353.49814,2.845341,2.598494,-1.847179,3.196551,0.499081,2.897522
16452,548.4,1,699.64632,356.763325,595.581255,349.921557,647.613788,353.342441,2.831568,3.079162,-1.954434,3.361225,0.438567,3.220193
16453,548.433333,1,699.866161,354.746636,595.554066,350.147774,647.710114,352.447205,2.831056,2.55545,-1.975105,3.256381,0.427975,2.905916
16454,548.466667,1,701.889286,354.558291,593.607864,350.983256,647.748575,352.770773,2.91331,2.709825,-1.970447,3.039313,0.471431,2.874569
16455,548.5,1,701.649342,355.560499,595.63982,353.874494,648.644581,354.717497,2.899396,2.619791,-1.917457,3.441696,0.490969,3.030744
16456,548.533333,1,701.788063,355.904589,596.58103,353.166633,649.184546,354.535611,2.89418,3.027638,-1.939986,3.14418,0.477097,3.085909
16457,548.566667,1,699.444942,355.711733,596.255369,352.491869,647.850156,354.101801,2.801581,2.973027,-1.94683,2.472723,0.427375,2.722875
16458,548.6,1,699.438305,356.496043,595.485382,350.009984,647.461843,353.253013,2.931805,2.825486,-1.966009,2.446203,0.482898,2.635845
16459,548.633333,1,697.459679,356.622369,594.068003,350.416752,645.763841,353.51956,2.843638,2.698779,-1.939925,2.786093,0.451857,2.742436
16460,548.666667,1,697.970028,357.680962,593.425503,348.329891,645.697765,353.005427,2.858683,3.072767,-1.760757,2.303191,0.548963,2.687979
16461,548.7,1,700.911789,356.51602,593.880672,353.784919,647.396231,355.15047,3.141271,2.633485,-1.780545,2.943871,0.680363,2.788678
16462,548.733333,1,695.497608,360.000746,597.236576,356.269444,646.367092,358.135095,2.82215,2.54573,-1.699133,2.447986,0.561508,2.496858
16463,548.766667,1,693.265934,363.085109,597.58481,357.575063,645.425372,360.330086,2.8719,2.440054,-1.657757,2.212455,0.607071,2.326254
16464,548.8,1,691.772137,359.637542,596.433792,356.575119,644.102964,358.106331,2.941941,2.519504,-1.641074,2.336425,0.650434,2.427964
16465,548.833333,1,693.023567,363.584531,595.896463,357.624625,644.460015,360.604578,2.979915,2.64814,-1.59212,2.32423,0.693898,2.486185
16466,548.866667,1,692.706547,363.498089,594.609499,353.448291,643.658023,358.47319,2.96414,2.64503,-1.674842,1.824575,0.644649,2.234803
16467,548.9,1,694.503021,361.160066,594.180555,353.930606,644.341788,357.545336,2.901582,2.507287,-1.742273,2.33644,0.579654,2.421864
16468,548.933333,1,697.458725,359.104722,595.557652,351.871571,646.508188,355.488146,2.925515,2.297368,-1.789018,2.488045,0.568249,2.392706
16469,548.966667,1,696.181221,353.944945,595.55851,347.07304,645.869865,350.508993,2.881421,2.48846,-1.781345,2.099662,0.550038,2.294061
16470,549.0,1,696.605663,352.345276,596.36405,351.774625,646.484857,352.059951,2.80899,2.223048,-1.68035,2.00523,0.56432,2.114139
16471,549.033333,1,697.631569,355.768214,596.67613,353.460817,647.15385,354.614516,2.860029,2.40383,-1.719985,2.188314,0.570022,2.296072
16472,549.066667,1,699.667702,356.589046,596.860046,346.599501,648.263874,351.594273,2.967578,2.442591,-1.712173,1.868879,0.627703,2.155735
16473,549.1,1,701.128235,349.551535,598.964453,346.810623,650.046344,348.181079,2.949564,2.642547,-1.647148,2.431136,0.651208,2.536841
16474,549.133333,1,700.212498,352.980466,600.367498,353.434467,650.289998,353.207467,2.990659,1.802689,-1.699851,2.317638,0.645404,2.060163
16475,549.166667,1,702.217827,350.828342,599.223642,353.695033,650.720735,352.261688,2.893304,1.890238,-1.694015,2.577709,0.599645,2.233974
16476,549.2,1,704.232121,349.766707,598.545351,352.345458,651.388736,351.056083,3.024051,2.391208,-1.690152,2.720934,0.66695,2.556071
16477,549.233333,1,703.277874,349.435476,598.940935,354.229694,651.109405,351.832585,3.018679,2.421653,-1.679491,2.726925,0.669594,2.574289
16676,555.866667,1,671.397057,350.879561,575.182228,363.065947,623.289642,356.972754,2.836827,1.850547,-1.705366,3.079577,0.56573,2.465062
16677,555.9,1,670.290012,351.486663,572.836504,364.102111,621.563258,357.794387,2.840396,2.30099,-1.736222,2.905666,0.552087,2.603328
16678,555.933333,1,669.719639,350.384152,577.220583,363.011085,623.470111,356.697619,2.902655,1.7062,-1.688422,2.737452,0.607116,2.221826
16679,555.966667,1,669.206047,351.22489,577.520428,363.702516,623.363237,357.463703,2.885107,1.828128,-1.69911,2.780822,0.592998,2.304475
16680,556.0,1,669.857025,352.313867,575.409489,364.437404,622.633257,358.375635,2.923265,1.887478,-1.692479,2.81231,0.615393,2.349894
16681,556.033333,1,669.772511,350.57947,577.456274,364.275441,623.614392,357.427456,2.909529,1.778277,-1.619533,3.125456,0.644998,2.451866
16682,556.066667,1,669.451942,350.501456,581.065416,364.384232,625.258679,357.442844,2.925391,1.610243,-1.523562,2.875606,0.700914,2.242925
16683,556.1,1,669.673252,352.356058,580.888271,365.055631,625.280762,358.705845,2.913144,1.77277,-1.517424,2.815592,0.69786,2.294181
16684,556.133333,1,672.344055,352.082634,581.058378,363.826016,626.701217,357.954325,2.936971,2.14365,-1.435168,3.029017,0.750902,2.586333
16685,556.166667,1,670.405827,352.694339,577.444677,364.935141,623.925252,358.81474,2.912456,1.872868,-1.579632,2.931123,0.666412,2.401996
16686,556.2,1,670.991879,352.297098,572.815561,364.550877,621.90372,358.423988,2.979369,1.847973,-1.683492,3.032294,0.647939,2.440133
16687,556.233333,1,672.790337,350.147983,572.713451,363.781453,622.751894,356.964718,3.035242,2.221263,-1.628982,3.112518,0.70313,2.666891
16688,556.266667,1,673.220692,351.379069,573.161249,363.758242,623.19097,357.568655,3.059185,2.296802,-1.592192,2.905476,0.733497,2.601139
16689,556.3,1,671.95116,350.657163,572.480316,362.501766,622.215738,356.579465,3.064447,2.364767,-1.57242,2.477891,0.746013,2.421329
16690,556.333333,1,675.640049,353.319089,573.657522,362.063981,624.648786,357.691535,3.073805,2.393889,-1.664691,2.52738,0.704557,2.460634
16691,556.366667,1,676.127167,355.597513,573.126745,362.727184,624.626956,359.162349,3.125968,2.633646,-1.821518,2.653418,0.652225,2.643532
16692,556.4,1,674.964638,353.28649,575.040102,362.219887,625.00237,357.753189,3.00394,1.931968,-1.731592,2.844614,0.636174,2.388291
16693,556.433333,1,674.745331,354.928485,574.679737,362.592382,624.712534,358.760433,3.033327,2.215612,-1.738913,3.047953,0.647207,2.631783
16694,556.466667,1,674.842548,353.779694,576.168098,363.593388,625.505323,358.686541,3.074606,2.084052,-1.711923,2.89251,0.681342,2.488281
16695,556.5,1,674.335194,351.783487,575.730572,363.785235,625.032883,357.784361,3.051921,1.806579,-1.672026,2.756245,0.689948,2.281412
16696,556.533333,1,676.658516,351.504178,576.110706,364.114552,626.384611,357.809365,3.128558,1.96088,-1.669407,2.569986,0.729576,2.265433
16697,556.566667,1,676.870956,353.245425,577.152128,364.627551,627.011542,358.936488,3.067637,2.198617,-1.752077,2.641572,0.65778,2.420095
16698,556.6,1,679.240875,361.047998,577.739058,365.565712,628.489966,363.306855,2.998765,2.671822,-1.800257,2.91377,0.599254,2.792796
16699,556.633333,1,674.944534,355.474743,576.910944,364.834118,625.927739,360.154431,2.87891,2.23488,-1.923355,2.730037,0.477777,2.482458
16700,556.666667,1,674.674473,355.713674,579.333344,365.828236,627.003908,360.770955,2.845301,2.229227,-1.963435,2.947137,0.440933,2.588182
16701,556.7,1,677.58337,357.644393,577.800846,365.206752,627.692108,361.425573,2.909395,2.76729,-1.974607,2.891953,0.467394,2.829621
16702,556.733333,1,680.346394,360.176768,600.580683,358.354052,640.463538,359.26541,2.936935,2.583115,-1.394809,1.821238,0.771063,2.202176
16703,556.766667,1,677.599812,356.948687,581.87645,362.294356,629.738131,359.621522,3.065243,2.142385,-1.785497,2.539672,0.639873,2.341029
16704,556.8,1,674.658794,355.001194,575.755844,363.593983,625.207319,359.297588,3.077274,1.496387,-1.818999,3.069463,0.629138,2.282925
16705,556.833333,1,671.38546,353.529804,579.939585,363.765961,625.662522,358.647882,2.841019,1.911098,-1.585956,2.773899,0.627532,2.342498
16706,556.866667,1,669.561844,354.090938,570.143204,364.015803,619.852524,359.053371,3.001065,2.707091,-1.880495,3.007588,0.560285,2.857339
16707,556.9,1,669.02319,353.177807,566.54788,364.543619,617.785535,358.860713,3.022091,2.130045,-1.902934,3.067383,0.559579,2.598714
16708,556.933333,1,666.038475,352.029456,563.298416,365.164191,614.668446,358.596824,2.952308,2.227796,-1.92445,3.111626,0.513929,2.669711
16709,556.966667,1,665.586739,352.133934,563.602867,365.921019,614.594803,359.027477,2.933207,2.332018,-1.951089,3.164595,0.491059,2.748306
16710,557.0,1,669.519176,356.954802,562.896662,364.124379,616.207919,360.539591,3.040496,2.813703,-1.889046,2.753176,0.575725,2.78344
16711,557.033333,1,668.111572,354.711987,562.025461,364.346455,615.068517,359.529221,3.099919,2.715325,-1.949531,3.225822,0.575194,2.970574
16712,557.066667,1,666.975212,353.684932,563.189907,364.256086,615.08256,358.970509,3.03264,2.66677,-1.953613,2.936225,0.539514,2.801497
16713,557.1,1,667.770729,354.973621,564.660873,364.291808,616.215801,359.632714,3.030114,2.920568,-1.989175,2.982356,0.520469,2.951462
16714,557.133333,1,665.00103,353.559426,564.439478,364.250802,614.720254,358.905114,2.974784,2.851892,-1.866968,2.732207,0.553908,2.79205
16715,557.166667,1,663.408203,352.896883,561.615725,364.019655,612.511964,358.458269,2.951664,2.914955,-1.975556,2.931767,0.488054,2.923361
16716,557.2,1,664.258385,353.038471,562.39974,364.513305,613.329062,358.775888,2.964748,2.737162,-1.933558,2.789984,0.515595,2.763573
16717,557.233333,1,664.175282,353.433341,562.087851,364.147511,613.131566,358.790426,2.898733,3.004767,-1.961059,2.773284,0.468837,2.889025
16718,557.266667,1,664.075375,353.722435,561.753836,364.116542,612.914605,358.919488,2.889709,3.164514,-1.994446,2.623578,0.447632,2.894046
16719,557.3,1,663.959408,353.191738,561.408453,363.672212,612.68393,358.431975,2.841495,3.115156,-1.982224,2.791252,0.429636,2.953204
16720,557.333333,1,663.867874,352.725436,562.204905,363.105209,613.036389,357.915323,2.832891,3.250291,-1.895852,2.775692,0.46852,3.012992
16721,557.366667,1,663.886852,353.611423,561.260061,363.809204,612.573457,358.710313,2.90533,3.176966,-1.965853,2.86536,0.469738,3.021163
16722,557.4,1,663.690071,353.199973,561.50815,363.361897,612.599111,358.280935,2.83335,3.097438,-1.950051,2.88566,0.441649,2.991549
16723,557.433333,1,663.96843,352.977784,561.123667,362.968315,612.546048,357.973049,2.861473,3.413367,-1.950338,2.816787,0.455568,3.115077
16724,557.466667,1,663.787193,354.173475,561.552935,363.336883,612.670064,358.755179,2.987302,2.874362,-1.961302,2.791563,0.513,2.832962
16725,557.5,1,665.074463,356.073627,560.622454,363.658683,612.848458,359.866155,3.025991,3.058185,-1.9504,2.49148,0.537795,2.774832
16726,557.533333,1,667.314892,355.989856,560.307045,362.451625,613.810968,359.22074,3.051877,3.18936,-1.929098,2.258853,0.56139,2.724107
16727,557.566667,1,669.004955,354.788436,561.630411,363.39249,615.317683,359.090463,3.075218,3.122845,-2.231031,2.690396,0.422094,2.90662
16728,557.6,1,669.717274,354.117647,561.064672,363.740727,615.390973,358.929187,3.096334,2.573766,-2.049965,2.394992,0.523184,2.484379
16729,557.633333,1,666.10014,352.813788,563.162165,365.830854,614.631152,359.322321,2.994826,2.108013,-1.793101,2.958645,0.600862,2.533329
16730,557.666667,1,665.215816,352.076186,564.31097,366.315926,614.763393,359.196056,2.797005,1.865217,-1.816617,2.814819,0.490194,2.340018
16731,557.7,1,665.680962,352.12998,563.7187,365.560337,614.699831,358.845159,2.841776,1.867967,-1.857689,2.956785,0.492044,2.412376
16732,557.733333,1,666.801815,352.204669,568.412199,365.524653,617.607007,358.864661,2.866755,1.820577,-1.773963,2.672197,0.546396,2.246387
16733,557.766667,1,668.351326,353.517042,567.702131,365.61734,618.026729,359.567191,3.05289,1.994248,-1.867408,3.09637,0.592741,2.545309
16734,557.8,1,668.656883,354.028169,573.872719,365.952809,621.264801,359.990489,2.959344,1.82058,-1.785379,2.970773,0.586983,2.395676
16735,557.833333,1,667.337837,353.965856,567.087011,366.368519,617.212424,360.167187,2.989058,1.989311,-1.880862,3.121627,0.554098,2.555469
16736,557.866667,1,668.271465,353.783884,568.880129,366.269943,618.575797,360.026913,2.993205,1.900997,-1.892714,3.042695,0.550245,2.471846
16737,557.9,1,667.296314,354.050227,567.540646,366.179359,617.41848,360.114793,3.058146,1.830212,-1.880357,3.14781,0.588895,2.489011
16738,557.933333,1,666.884575,354.227151,564.99342,365.774066,615.938997,360.000609,3.03451,1.893161,-1.927309,3.049717,0.553601,2.471439
16739,557.966667,1,668.185787,353.988236,564.95553,365.743237,616.570659,359.865737,2.997838,2.124117,-1.941995,3.089926,0.527922,2.607022
16740,558.0,1,668.107204,354.488838,567.106533,365.926378,617.606869,360.207608,2.9678,2.067183,-1.901373,3.054195,0.533213,2.560689
16741,558.033333,1,667.162571,354.069593,569.08164,366.188843,618.122106,360.129218,2.991542,1.900938,-1.81458,2.926483,0.588481,2.41371
16742,558.066667,1,668.910904,355.97998,566.761055,364.923409,617.835979,360.451695,2.997466,2.688579,-1.899817,2.693391,0.548825,2.690985
16743,558.1,1,668.627567,356.91363,565.71764,363.893033,617.172604,360.403332,3.032574,3.07203,-1.940819,2.747364,0.545878,2.909697
16744,558.133333,1,668.944435,356.453814,569.00753,364.625228,618.975983,360.539521,2.829413,2.496719,-1.818068,2.934717,0.505673,2.715718
16745,558.166667,1,667.915115,354.672596,568.841925,364.466656,618.37852,359.569626,2.953487,2.084595,-1.760669,3.075225,0.596409,2.57991
16746,558.2,1,668.611698,354.644342,567.863207,365.635455,618.237453,360.139899,3.017696,2.096889,-1.876707,2.868967,0.570494,2.482928
16747,558.233333,1,669.222183,356.720168,570.464821,362.439898,619.843502,359.580033,2.869807,2.276411,-1.837445,2.9349,0.516181,2.605655
16748,558.266667,1,666.857948,353.983312,566.931143,365.649483,616.894546,359.816397,2.939516,1.829615,-1.961888,3.220091,0.488814,2.524853
16749,558.3,1,668.606815,355.725068,567.139072,365.386439,617.872944,360.555754,3.019088,2.244024,-1.916222,3.064099,0.551433,2.654061
16750,558.333333,1,669.929409,356.346467,573.19047,363.573502,621.559939,359.959984,2.878811,1.875847,-1.754706,2.669241,0.562052,2.272544
16751,558.366667,1,669.400311,353.741521,574.173727,366.68856,621.787019,360.215041,3.050657,1.763518,-1.753351,3.130105,0.648653,2.446812
16752,558.4,1,670.113602,356.686104,569.272966,368.978748,619.693284,362.832426,2.9746,2.703864,-1.917367,3.249563,0.528616,2.976713
16753,558.433333,1,671.013622,356.932331,570.20154,368.032926,620.607581,362.482629,2.916895,2.543769,-1.848918,3.156771,0.533988,2.85027
16754,558.466667,1,670.361729,356.476023,570.246792,367.462227,620.30426,361.969125,2.930286,2.451708,-1.823342,2.898684,0.553472,2.675196
16755,558.5,1,671.159115,355.988789,571.100187,366.693812,621.129651,361.3413,2.8654,2.685869,-1.823904,2.567847,0.520748,2.626858
16756,558.533333,1,671.894741,357.598178,574.52508,366.029965,623.20991,361.814072,2.816967,2.526711,-1.748231,2.791278,0.534368,2.658995
16757,558.566667,1,671.983128,357.987839,575.412216,364.530369,623.697672,361.259104,2.823474,2.670879,-1.746031,2.81654,0.538722,2.74371
16758,558.6,1,671.681728,357.836573,575.626383,363.810432,623.654056,360.823503,2.787978,2.561203,-1.730353,2.740853,0.528813,2.651028
16759,558.633333,1,672.161598,358.253807,578.783922,363.973376,625.47276,361.113591,2.780557,2.449699,-1.685962,2.690562,0.547297,2.570131
16760,558.666667,1,671.09066,356.996382,574.003429,362.702562,622.547045,359.849472,2.760003,2.549128,-1.743576,2.755921,0.508214,2.652524
16761,558.7,1,673.457603,359.387636,577.257481,361.61138,625.357542,360.499508,2.786473,2.683342,-1.734036,2.678272,0.526218,2.680807
16762,558.733333,1,671.276245,357.272462,573.728409,362.158191,622.502327,359.715326,2.784745,2.451969,-1.772942,2.903442,0.505901,2.677706
16763,558.766667,1,672.101097,356.870034,573.517885,364.04476,622.809491,360.457397,2.796741,2.257962,-1.693676,3.021181,0.551533,2.639572
16764,558.8,1,671.139526,355.504999,574.452715,364.280961,622.796121,359.89298,2.775902,2.11799,-1.661063,2.757695,0.557419,2.437843
16765,558.833333,1,671.273804,356.655312,576.143675,365.169716,623.708739,360.912514,2.763987,2.330333,-1.661701,2.751476,0.551143,2.540904
