frame,time_sec,face_detected,left_iris_center_x_px,left_iris_center_y_px,right_iris_center_x_px,right_iris_center_y_px,iris_center_x_px,iris_center_y_px,left_iris_x_norm,left_iris_y_norm,right_iris_x_norm,right_iris_y_norm,iris_x_norm,iris_y_norm
1,0.033333,1,704.731693,349.73568,616.171808,355.814869,660.451751,352.775274,2.779923,1.723286,-1.668842,1.361129,0.55554,1.542207
2,0.066667,1,703.965969,349.723749,616.167994,355.657917,660.066981,352.690833,2.82361,1.363699,-1.682226,2.19952,0.570692,1.781609
3,0.1,1,703.862095,348.930727,615.497742,355.881822,659.679918,352.406275,2.90039,1.234599,-1.800069,1.541188,0.55016,1.387894
4,0.133333,1,703.820152,349.47086,615.299129,355.675431,659.559641,352.573146,2.902397,1.307124,-1.777505,1.614909,0.562446,1.461016
5,0.166667,1,703.262272,348.438145,615.274467,354.983674,659.26837,351.710909,2.866592,1.47058,-1.779552,1.521607,0.54352,1.496093
6,0.2,1,703.36792,348.377581,615.126104,354.978304,659.247012,351.677942,2.888689,1.322488,-1.784248,1.62508,0.55222,1.473784
7,0.233333,1,703.283539,348.33164,615.225554,355.052333,659.254546,351.691986,2.87513,1.34897,-1.774373,1.61668,0.550379,1.482825
8,0.266667,1,703.789062,348.33135,615.084143,354.706306,659.436603,351.518828,2.912302,1.468953,-1.786238,1.63105,0.563032,1.550002
9,0.3,1,703.893967,348.547187,615.124083,354.695245,659.509025,351.621216,2.930716,1.498133,-1.768259,1.815509,0.581228,1.656821
10,0.333333,1,703.933678,348.565212,615.958939,355.016327,659.946308,351.790769,2.903791,1.394211,-1.778727,1.75005,0.562532,1.57213
11,0.366667,1,705.26659,348.428451,616.65451,354.963723,660.96055,351.696087,2.933198,1.401526,-1.791051,2.118505,0.571074,1.760015
12,0.4,1,705.582256,348.529152,617.160454,354.454549,661.371355,351.491851,2.92005,1.46946,-1.786542,2.027157,0.566754,1.748309
13,0.433333,1,705.73307,348.499911,617.631474,354.428676,661.682272,351.464294,2.919539,1.471338,-1.777733,2.001405,0.570903,1.736371
14,0.466667,1,706.384945,348.407042,617.735062,354.562513,662.060003,351.484778,2.942116,1.384332,-1.75183,2.088822,0.595143,1.736577
15,0.5,1,706.649094,348.804309,617.959375,354.778705,662.304235,351.791507,2.92078,1.35794,-1.748316,1.979879,0.586232,1.668909
16,0.533333,1,706.733799,348.709606,618.143587,354.653531,662.438693,351.681569,2.901469,1.23468,-1.740776,1.980428,0.580347,1.607554
17,0.566667,1,706.942635,348.746476,618.11018,354.744276,662.526407,351.745376,2.925294,1.261179,-1.751683,2.063669,0.586805,1.662424
18,0.6,1,707.123871,349.028682,618.728552,354.921747,662.926211,351.975214,2.899144,1.39688,-1.731056,1.905758,0.584044,1.651319
19,0.633333,1,704.730759,350.21388,617.321892,355.819536,661.026325,353.016708,2.849354,1.439077,-1.753531,1.857069,0.547912,1.648073
20,0.666667,1,704.696636,350.614554,616.424437,356.233288,660.560536,353.423921,2.88086,1.488882,-1.772107,1.750711,0.554376,1.619796
21,0.7,1,704.615021,350.560684,616.132498,356.3789,660.373759,353.469792,2.875501,1.423691,-1.784479,1.757348,0.545511,1.590519
22,0.733333,1,704.11232,350.599405,615.805922,356.389199,659.959121,353.494302,2.878314,1.574734,-1.783722,1.648092,0.547296,1.611413
23,0.766667,1,703.526134,350.956004,615.367193,356.547686,659.446664,353.751845,2.892892,1.597216,-1.805757,1.440157,0.543568,1.518687
24,0.8,1,703.453579,350.923099,615.032511,356.722748,659.243045,353.822924,2.893457,1.740742,-1.803832,1.43598,0.544812,1.588361
25,0.833333,1,703.193512,350.629284,614.680548,356.665247,658.93703,353.647266,2.916636,1.807755,-1.818276,1.520725,0.54918,1.66424
26,0.866667,1,703.244305,350.572422,614.504938,356.887227,658.874621,353.729824,2.915188,1.557474,-1.826159,1.584514,0.544514,1.570994
27,0.9,1,703.240414,350.645946,614.518309,356.704745,658.879361,353.675346,2.915178,1.759262,-1.811003,1.572757,0.552088,1.66601
28,0.933333,1,703.148994,350.723441,614.354219,356.867518,658.751607,353.795479,2.917559,1.655439,-1.821179,1.700522,0.54819,1.677981
29,0.966667,1,702.862358,350.766082,614.480295,356.83119,658.671327,353.798636,2.901409,1.602556,-1.829273,1.856329,0.536068,1.729443
30,1.0,1,702.886047,350.63628,614.170704,356.767724,658.528376,353.702002,2.906036,1.65472,-1.840737,1.649525,0.532649,1.652123
31,1.033333,1,702.795849,350.703957,614.398746,356.832027,658.597298,353.767992,2.892156,1.544347,-1.839472,1.62706,0.526342,1.585703
32,1.066667,1,702.847481,350.708361,614.228315,356.810703,658.537898,353.759532,2.885719,1.589377,-1.834326,1.814549,0.525696,1.701963
33,1.1,1,702.787857,350.719289,614.256535,356.676437,658.522196,353.697863,2.892266,1.584902,-1.827414,1.707172,0.532426,1.646037
34,1.133333,1,702.933731,350.721134,614.301739,356.60633,658.617735,353.663732,2.885251,1.61226,-1.847732,1.649347,0.518759,1.630803
35,1.166667,1,702.913513,350.740296,614.289608,356.613942,658.601561,353.677119,2.886346,1.584488,-1.833697,1.671182,0.526324,1.627835
36,1.2,1,702.865086,350.682553,614.294271,356.65153,658.579679,353.667042,2.892809,1.619849,-1.837814,1.641475,0.527497,1.630662
37,1.233333,1,702.913227,350.642679,614.160633,356.61149,658.53693,353.627085,2.898336,1.522494,-1.836957,1.688368,0.530689,1.605431
38,1.266667,1,702.70874,350.418044,613.448725,356.665467,658.078732,353.541756,2.89882,1.754139,-1.830396,1.714102,0.534212,1.73412
39,1.3,1,702.70937,350.433247,613.731537,356.632975,658.220453,353.533111,2.888301,1.664366,-1.818585,1.453842,0.534858,1.559104
40,1.333333,1,702.61713,350.418082,613.750734,356.665027,658.183932,353.541555,2.893849,1.687738,-1.811019,1.519217,0.541415,1.603477
41,1.366667,1,702.601318,350.380204,613.67938,356.673621,658.140349,353.526912,2.887657,1.677133,-1.815531,1.515616,0.536063,1.596375
42,1.4,1,702.716351,350.365012,613.477974,356.565399,658.097162,353.465205,2.897366,1.754033,-1.839663,1.523549,0.528852,1.638791
43,1.433333,1,702.594833,350.353113,613.60445,356.432313,658.099642,353.392713,2.887456,1.757791,-1.819823,1.501958,0.533817,1.629874
44,1.466667,1,702.522106,350.401136,613.451462,356.426638,657.986784,353.413887,2.893624,1.784365,-1.820486,1.467255,0.536569,1.62581
45,1.5,1,702.459068,350.332251,613.44758,356.498403,657.953324,353.415327,2.904117,1.693192,-1.819957,1.375578,0.54208,1.534385
46,1.533333,1,701.586094,349.898608,613.91819,356.301502,657.752142,353.100055,2.863083,1.322167,-1.783008,1.291989,0.540037,1.307078
47,1.566667,1,701.879978,349.953207,614.047403,356.303916,657.963691,353.128561,2.8608,1.380705,-1.814266,1.241317,0.523267,1.311011
48,1.6,1,701.749458,349.961683,614.206266,356.051005,657.977862,353.006344,2.849749,1.360533,-1.803538,1.164917,0.523105,1.262725
49,1.633333,1,701.711464,349.959639,614.194212,356.131622,657.952838,353.04563,2.837999,1.381895,-1.800486,1.266614,0.518756,1.324254
50,1.666667,1,701.993027,350.056643,614.251213,356.041735,658.12212,353.049189,2.849951,1.431298,-1.81529,1.283577,0.517331,1.357437
51,1.7,1,702.014599,350.084866,614.260464,356.043178,658.137531,353.064022,2.852311,1.434514,-1.813218,1.332592,0.519546,1.383553
52,1.733333,1,702.059078,350.153171,614.311609,356.083578,658.185344,353.118374,2.848927,1.459226,-1.826674,1.356542,0.511126,1.407884
53,1.766667,1,702.442799,350.034011,614.177904,356.056949,658.310351,353.04548,2.866186,1.554353,-1.834327,1.282713,0.515929,1.418533
54,1.8,1,702.370892,350.13461,614.198256,355.837603,658.284574,352.986107,2.868762,1.542709,-1.838201,1.373267,0.515281,1.457988
55,1.833333,1,702.260532,350.035175,614.176788,355.724693,658.21866,352.879934,2.862286,1.554465,-1.827557,1.238808,0.517365,1.396637
56,1.866667,1,702.361431,349.978049,614.17614,355.745609,658.268785,352.861829,2.872832,1.519972,-1.829517,1.126628,0.521657,1.3233
57,1.9,1,702.393646,350.136144,614.149923,355.711979,658.271785,352.924062,2.878566,1.605217,-1.818382,1.221431,0.530092,1.413324
58,1.933333,1,703.141613,350.177863,614.304085,355.919706,658.722849,353.048784,2.878236,1.531485,-1.833191,1.456779,0.522523,1.494132
59,1.966667,1,703.058929,350.177139,614.348888,355.884435,658.703909,353.030787,2.88066,1.52242,-1.839224,1.435863,0.520718,1.479142
60,2.0,1,703.547688,350.202046,614.649191,355.813259,659.098439,353.007653,2.881698,1.555898,-1.836012,1.52821,0.522843,1.542054
61,2.033333,1,703.664627,349.995521,614.955196,355.863653,659.309912,352.929587,2.878576,1.477141,-1.842918,1.554988,0.517829,1.516065
62,2.066667,1,704.121265,350.252649,615.177889,355.819933,659.649577,353.036291,2.888525,1.543869,-1.85832,1.60844,0.515103,1.576155
63,2.1,1,704.076328,350.08861,615.153484,355.832936,659.614906,352.960773,2.895554,1.499229,-1.861377,1.572602,0.517088,1.535915
64,2.133333,1,704.340096,350.251334,615.345049,355.832883,659.842572,353.042108,2.898737,1.48816,-1.867395,1.57482,0.515671,1.53149
65,2.166667,1,704.762039,350.377709,615.648565,355.820759,660.205302,353.099234,2.901132,1.5149,-1.85585,1.507702,0.522641,1.511301
66,2.2,1,704.865608,350.242848,615.625324,355.8288,660.245466,353.035824,2.900816,1.566349,-1.866776,1.658853,0.51702,1.612601
67,2.233333,1,705.457573,349.961506,615.674267,355.631921,660.56592,352.796713,2.920037,1.596448,-1.863412,1.770401,0.528312,1.683425
68,2.266667,1,705.481873,349.623333,615.954609,355.01027,660.718241,352.316802,2.922409,1.618998,-1.860129,1.674793,0.53114,1.646895
69,2.3,1,705.560703,349.838569,616.10177,355.026026,660.831237,352.432297,2.907723,1.706767,-1.863354,1.641189,0.522185,1.673978
70,2.333333,1,705.338554,349.701836,616.133175,355.003291,660.735865,352.352563,2.90399,1.679862,-1.861967,1.669638,0.521012,1.67475
71,2.366667,1,705.488243,349.820716,616.227493,354.940474,660.857868,352.380595,2.911796,1.574919,-1.853027,1.604945,0.529384,1.589932
72,2.4,1,705.340595,349.704732,616.265535,354.960054,660.803065,352.332393,2.903625,1.561708,-1.860006,1.602176,0.521809,1.581942
73,2.433333,1,705.416355,349.738635,616.187057,354.900911,660.801706,352.319773,2.910528,1.557646,-1.855094,1.584231,0.527717,1.570939
74,2.466667,1,705.691624,349.42067,616.446524,354.803681,661.069074,352.112176,2.905632,1.530133,-1.855817,1.620821,0.524907,1.575477
75,2.5,1,705.801964,349.605233,616.396427,354.751684,661.099195,352.178459,2.91138,1.475478,-1.860296,1.633492,0.525542,1.554485
76,2.533333,1,705.906792,349.56036,616.559095,354.799899,661.232944,352.18013,2.90461,1.488002,-1.865681,1.693974,0.519464,1.590988
77,2.566667,1,706.240749,349.436619,616.545496,354.527832,661.393123,351.982225,2.914684,1.460147,-1.868951,1.745172,0.522866,1.602659
78,2.6,1,706.063614,349.446827,616.597395,354.404392,661.330504,351.925609,2.911785,1.517683,-1.864626,1.612939,0.523579,1.565311
79,2.633333,1,706.130772,349.000336,616.748943,353.64369,661.439857,351.322013,2.927199,1.70904,-1.866859,1.645329,0.53017,1.677185
80,2.666667,1,707.267761,347.098371,618.491678,351.907303,662.87972,349.502837,2.944408,1.672659,-1.808501,1.764142,0.567953,1.718401
81,2.7,1,707.251301,346.795555,618.380623,351.851497,662.815962,349.323526,2.949821,1.620145,-1.804644,1.80243,0.572589,1.711288
82,2.733333,1,707.421913,346.639836,618.314857,351.95628,662.868385,349.298058,2.958383,1.504632,-1.777606,1.656217,0.590389,1.580424
83,2.766667,1,707.710457,346.598117,618.604641,352.092944,663.157549,349.345531,2.956976,1.448905,-1.779733,1.694758,0.588621,1.571832
84,2.8,1,707.92263,346.65204,618.74692,352.063022,663.334775,349.357531,2.95835,1.427639,-1.774663,1.788111,0.591843,1.607875
85,2.833333,1,708.322411,346.760321,618.923836,352.066112,663.623123,349.413216,2.95701,1.388171,-1.79478,1.69188,0.581115,1.540026
86,2.866667,1,708.488827,346.805168,619.129915,351.950578,663.809371,349.377873,2.955686,1.386768,-1.810855,1.685083,0.572415,1.535925
87,2.9,1,708.612442,346.63511,619.169827,351.75519,663.891134,349.19515,2.957982,1.418407,-1.810161,1.62466,0.57391,1.521534
88,2.933333,1,708.699818,346.590811,619.199963,351.580911,663.94989,349.085861,2.952848,1.470519,-1.808324,1.593774,0.572262,1.532147
89,2.966667,1,708.747864,346.65718,619.472084,351.318129,664.109974,348.987654,2.966548,1.462792,-1.789501,1.508431,0.588523,1.485611
90,3.0,1,708.475571,346.523337,619.506121,351.251836,663.990846,348.887587,2.950533,1.44417,-1.791579,1.421364,0.579477,1.432767
361,12.033333,1,714.327621,352.554671,624.702444,356.203537,669.515033,354.379104,2.877807,1.351624,-1.805098,1.299894,0.536355,1.325759
362,12.066667,1,713.84079,352.230413,624.432459,356.193924,669.136624,354.212168,2.881456,1.285118,-1.803168,1.298719,0.539144,1.291919
363,12.1,1,713.498726,352.299936,624.155531,356.243411,668.827128,354.271673,2.868317,1.337801,-1.789055,1.231706,0.539631,1.284753
364,12.133333,1,713.398666,352.251361,623.983192,356.18894,668.690929,354.220151,2.88773,1.374059,-1.80706,1.316522,0.540335,1.34529
365,12.166667,1,713.196945,352.099012,624.07423,356.13307,668.635588,354.116041,2.859006,1.351682,-1.789021,1.330547,0.534993,1.341114
366,12.2,1,712.91153,352.272829,623.94495,356.070907,668.42824,354.171868,2.841766,1.379157,-1.779607,1.342221,0.531079,1.360689
367,12.233333,1,712.68816,352.324516,623.820448,356.086915,668.254304,354.205715,2.848389,1.386058,-1.787358,1.311797,0.530516,1.348927
368,12.266667,1,712.847576,352.311405,623.843889,356.066256,668.345733,354.188831,2.860237,1.383903,-1.787777,1.271194,0.53623,1.327549
369,12.3,1,712.809238,352.170074,623.91407,356.047341,668.361654,354.108708,2.857443,1.34201,-1.776664,1.287742,0.540389,1.314876
370,12.333333,1,713.081303,352.1235,624.157019,356.049117,668.619161,354.086308,2.862021,1.403971,-1.763571,1.280869,0.549225,1.34242
371,12.366667,1,713.456669,352.195013,624.498158,356.136278,668.977413,354.165646,2.86461,1.351728,-1.768921,1.266178,0.547844,1.308953
372,12.4,1,713.646717,352.120158,624.666452,355.915221,669.156585,354.01769,2.848463,1.357701,-1.772144,1.306915,0.53816,1.332308
373,12.433333,1,713.831558,352.198226,624.889498,355.830141,669.360528,354.014184,2.861015,1.340819,-1.769453,1.227708,0.545781,1.284264
374,12.466667,1,714.098053,352.296953,624.890785,355.884832,669.494419,354.090892,2.87367,1.341943,-1.777653,1.252207,0.548008,1.297075
375,12.5,1,714.250412,352.382473,625.247402,355.839143,669.748907,354.110808,2.855523,1.304558,-1.774537,1.255634,0.540493,1.280096
376,12.533333,1,714.585457,352.252997,625.378866,355.779115,669.982162,354.016056,2.876178,1.327988,-1.788404,1.270176,0.543887,1.299082
377,12.566667,1,714.908009,352.207137,625.428696,355.795675,670.168352,354.001406,2.874304,1.322204,-1.787176,1.243372,0.543564,1.282788
378,12.6,1,714.9753,352.079308,625.679808,355.536772,670.327554,353.80804,2.856094,1.326048,-1.771344,1.283826,0.542375,1.304937
379,12.633333,1,715.1227,352.183051,626.023149,355.526027,670.572925,353.854539,2.85958,1.332547,-1.773586,1.24033,0.542997,1.286438
380,12.666667,1,716.886044,350.789702,627.607985,354.279497,672.247014,352.5346,2.898344,1.275494,-1.782559,1.518908,0.557892,1.397201
381,12.7,1,717.697983,349.717827,629.699297,353.029518,673.69864,351.373672,2.882119,1.204416,-1.720399,1.484469,0.58086,1.344442
382,12.733333,1,718.04594,349.572199,629.862223,353.059419,673.954082,351.315809,2.865359,1.115601,-1.733882,1.452967,0.565739,1.284284
383,12.766667,1,718.044872,349.722725,629.945869,352.986614,673.995371,351.354669,2.850226,1.108219,-1.720732,1.475892,0.564747,1.292055
384,12.8,1,718.196106,349.667761,629.7404,352.897274,673.968253,351.282518,2.863559,1.130376,-1.718573,1.382525,0.572493,1.25645
385,12.833333,1,718.299503,349.686676,629.402056,352.821432,673.85078,351.254054,2.867951,1.171163,-1.73006,1.396725,0.568946,1.283944
386,12.866667,1,718.309135,349.598297,629.472723,352.80027,673.890929,351.199283,2.87216,1.146059,-1.729438,1.387929,0.571361,1.266994
387,12.9,1,718.242416,349.66172,629.403162,352.938843,673.822789,351.300282,2.868607,1.125761,-1.739903,1.398081,0.564352,1.261921
388,12.933333,1,718.162422,349.570665,629.30665,352.82854,673.734536,351.199602,2.865093,1.161407,-1.728369,1.341508,0.568362,1.251457
389,12.966667,1,717.896786,349.524086,629.103479,352.835954,673.500133,351.18002,2.855066,1.165439,-1.716944,1.388407,0.569061,1.276923
390,13.0,1,717.657223,349.545007,628.993769,352.860153,673.325496,351.20258,2.84169,1.171793,-1.717056,1.364659,0.562317,1.268226
391,13.033333,1,717.476349,349.551203,628.804932,352.912638,673.14064,351.23192,2.837474,1.151295,-1.717341,1.373809,0.560067,1.262552
392,13.066667,1,717.480621,349.525813,628.780947,353.02851,673.130784,351.277161,2.846064,1.122522,-1.720518,1.307481,0.562773,1.215001
393,13.1,1,717.487755,349.577896,628.370419,353.036562,672.929087,351.307229,2.852445,1.190404,-1.728786,1.314864,0.561829,1.252634
394,13.133333,1,717.290726,349.326353,628.128052,353.061565,672.709389,351.193959,2.864872,1.181128,-1.73225,1.367941,0.566311,1.274534
395,13.166667,1,717.035522,349.49641,628.035927,353.05692,672.535725,351.276665,2.85257,1.218609,-1.71849,1.431437,0.56704,1.325023
396,13.2,1,716.999893,349.544781,628.090076,353.001843,672.544985,351.273312,2.848984,1.228869,-1.71583,1.410594,0.566577,1.319731
397,13.233333,1,716.960773,349.570595,628.198748,353.205219,672.579761,351.387907,2.846794,1.227898,-1.716358,1.483773,0.565218,1.355835
398,13.266667,1,717.110062,349.803851,628.841314,353.050236,672.975688,351.427043,2.84389,1.216164,-1.711111,1.488482,0.566389,1.352323
399,13.3,1,717.749844,349.45253,629.321976,352.9296,673.53591,351.191065,2.876626,1.247303,-1.723442,1.447907,0.576592,1.347605
400,13.333333,1,718.011456,349.534578,629.270916,352.939943,673.641186,351.237261,2.875309,1.23121,-1.725917,1.45825,0.574696,1.34473
401,13.366667,1,718.187618,349.599085,629.255295,352.901314,673.721457,351.2502,2.889521,1.238356,-1.728384,1.466296,0.580569,1.352326
402,13.4,1,718.15382,349.610056,629.231129,352.929166,673.692474,351.269611,2.88792,1.22698,-1.728892,1.421224,0.579514,1.324102
403,13.433333,1,718.002377,349.467282,629.176683,353.023912,673.58953,351.245597,2.863841,1.197478,-1.735609,1.39955,0.564116,1.298514
404,13.466667,1,718.035965,349.297214,629.211798,352.947598,673.623881,351.122406,2.854554,1.203445,-1.719706,1.438644,0.567424,1.321044
405,13.5,1,718.04884,349.311671,629.236841,352.869868,673.64284,351.090769,2.849168,1.194056,-1.712969,1.447018,0.5681,1.320537
406,13.533333,1,718.141289,349.286469,629.124355,352.887184,673.632822,351.086826,2.860006,1.160995,-1.707387,1.503507,0.57631,1.332251
407,13.566667,1,718.180847,349.352183,629.135923,352.914779,673.658385,351.133481,2.86038,1.16784,-1.711825,1.516198,0.574278,1.342019
408,13.6,1,718.35289,349.502209,629.110289,352.919435,673.731589,351.210822,2.85839,1.199351,-1.707476,1.475286,0.575457,1.337319
409,13.633333,1,718.811512,349.394851,629.485826,352.915835,674.148669,351.155343,2.873349,1.235082,-1.710638,1.511446,0.581356,1.373264
410,13.666667,1,718.910904,349.349914,629.849949,352.767182,674.380426,351.058548,2.882488,1.260548,-1.692286,1.553293,0.595101,1.40692
411,13.7,1,719.031086,349.344506,629.772854,352.588874,674.40197,350.96669,2.877793,1.239503,-1.702815,1.520162,0.587489,1.379832
412,13.733333,1,719.11005,349.334716,629.881372,352.699183,674.495711,351.016949,2.87621,1.269848,-1.702492,1.541916,0.586859,1.405882
413,13.766667,1,719.165039,349.240651,629.815235,352.722212,674.490137,350.981432,2.89056,1.258469,-1.707314,1.605686,0.591623,1.432078
414,13.8,1,719.250488,349.236521,629.809141,352.694312,674.529815,350.965416,2.904258,1.26842,-1.704973,1.621595,0.599643,1.445008
415,13.833333,1,719.331856,349.344099,629.817104,352.702895,674.57448,351.023497,2.911029,1.271974,-1.710487,1.636815,0.600271,1.454395
416,13.866667,1,719.227772,349.234444,629.588108,352.647051,674.40794,350.940748,2.910277,1.282494,-1.728617,1.601638,0.59083,1.442066
417,13.9,1,719.133091,349.192377,629.588242,352.668509,674.360666,350.930443,2.901698,1.271211,-1.727618,1.603748,0.58704,1.437479
418,13.933333,1,719.218311,349.219928,629.541826,352.678428,674.380069,350.949178,2.907843,1.28858,-1.729482,1.610664,0.589181,1.449622
419,13.966667,1,719.230156,349.286866,629.520464,352.664813,674.37531,350.975839,2.906256,1.254746,-1.741136,1.588864,0.58256,1.421805
420,14.0,1,719.079323,349.146398,629.171247,352.69098,674.125285,350.918689,2.910651,1.274395,-1.74516,1.615035,0.582745,1.444715
421,14.033333,1,718.704128,349.030597,628.820047,352.861869,673.762088,350.946233,2.926553,1.257658,-1.734502,1.58288,0.596025,1.420269
422,14.066667,1,717.71492,349.275337,627.723656,353.318537,672.719288,351.296937,2.91143,1.257056,-1.759412,1.612818,0.576009,1.434937
423,14.1,1,715.602283,350.086555,626.647034,353.970845,671.124659,352.0287,2.85883,1.270905,-1.739709,1.338706,0.559561,1.304805
424,14.133333,1,715.189228,350.120968,626.084824,353.918434,670.637026,352.019701,2.853987,1.286933,-1.74962,1.346007,0.552184,1.31647
425,14.166667,1,715.000534,350.058441,625.512562,354.249682,670.256548,352.154061,2.861362,1.2992,-1.750887,1.347051,0.555238,1.323126
426,14.2,1,714.752636,350.013342,625.308094,354.334123,670.030365,352.173733,2.85136,1.33988,-1.756451,1.401938,0.547454,1.370909
427,14.233333,1,714.598446,350.162634,625.144434,354.248646,669.87144,352.20564,2.859391,1.335167,-1.746351,1.380774,0.55652,1.35797
428,14.266667,1,714.590664,350.171506,624.817772,354.43506,669.704218,352.303283,2.861958,1.345003,-1.752435,1.376182,0.554762,1.360593
429,14.3,1,714.463921,350.033469,624.604578,354.426906,669.534249,352.230188,2.863265,1.34686,-1.751478,1.427203,0.555894,1.387032
430,14.333333,1,714.163113,350.174816,624.422646,354.590945,669.292879,352.38288,2.879013,1.341393,-1.759051,1.426026,0.559981,1.383709
431,14.366667,1,713.890686,350.289717,623.999538,355.094851,668.945112,352.692284,2.894826,1.341067,-1.760793,1.421566,0.567017,1.381317
432,14.4,1,712.913418,351.20406,622.984381,355.513233,667.948899,353.358647,2.880685,1.363815,-1.799638,1.31521,0.540524,1.339512
433,14.433333,1,712.440453,351.242507,622.391691,355.911498,667.416072,353.577003,2.896351,1.399972,-1.796243,1.398556,0.550054,1.399264
434,14.466667,1,712.256622,351.172104,622.189684,355.889611,667.223153,353.530858,2.907262,1.415824,-1.791634,1.453307,0.557814,1.434565
435,14.5,1,712.439232,351.262999,621.912489,355.927554,667.17586,353.595276,2.930483,1.45613,-1.81031,1.431765,0.560087,1.443947
436,14.533333,1,711.911469,352.096421,621.838207,356.337465,666.874838,354.216943,2.911149,1.393636,-1.798875,1.188526,0.556137,1.291081
437,14.566667,1,711.874142,351.967884,621.898241,356.269986,666.886191,354.118935,2.914851,1.428585,-1.809786,1.154828,0.552532,1.291707
438,14.6,1,711.764526,351.924706,622.021532,356.284127,666.893029,354.104416,2.902878,1.396802,-1.791917,1.206586,0.555481,1.301694
439,14.633333,1,711.773567,352.114456,622.003088,356.291771,666.888328,354.203113,2.912804,1.458562,-1.81494,1.168692,0.548932,1.313627
440,14.666667,1,711.770992,351.829374,621.774302,356.391866,666.772647,354.11062,2.92535,1.414677,-1.81434,1.2237,0.555505,1.319189
441,14.7,1,711.700897,351.818946,621.674719,356.403056,666.687808,354.111001,2.92152,1.394098,-1.809972,1.235192,0.555774,1.314645
442,14.733333,1,711.743355,351.799988,621.644621,356.345522,666.693988,354.072755,2.921259,1.409059,-1.811685,1.186811,0.554787,1.297935
443,14.766667,1,711.740551,351.829718,621.560793,356.345619,666.650672,354.087668,2.920209,1.410404,-1.813791,1.204524,0.553209,1.307464
444,14.8,1,711.660671,351.929088,621.432924,356.509062,666.546798,354.219075,2.92275,1.332469,-1.810471,1.214083,0.55614,1.273276
445,14.833333,1,711.605206,351.913928,621.513987,356.555287,666.559596,354.234608,2.916871,1.33109,-1.809643,1.23642,0.553614,1.283755
446,14.866667,1,711.709881,351.948379,621.432648,356.43749,666.571264,354.192934,2.921086,1.318169,-1.820769,1.229336,0.550159,1.273753
447,14.9,1,711.67057,351.939549,621.396704,356.39149,666.533637,354.165519,2.921769,1.367735,-1.819527,1.302274,0.551121,1.335004
448,14.933333,1,711.710949,351.965346,621.59132,356.362801,666.651134,354.164074,2.913969,1.364281,-1.818406,1.33132,0.547781,1.347801
449,14.966667,1,711.724663,351.950744,621.62816,356.343189,666.676412,354.146967,2.920424,1.369569,-1.817824,1.30963,0.5513,1.339599
450,15.0,1,711.720295,351.995323,621.714745,356.338179,666.71752,354.166751,2.905237,1.36301,-1.813556,1.301401,0.545841,1.332205
811,27.033333,1,716.583252,358.896883,627.366009,367.067342,671.97463,362.982112,2.917751,2.240522,-1.831886,2.835705,0.542933,2.538113
812,27.066667,1,716.831856,358.768893,627.449284,366.846746,672.14057,362.80782,2.903003,2.232248,-1.831135,2.860128,0.535934,2.546188
813,27.1,1,716.758327,358.87358,627.349863,366.9809,672.054095,362.92724,2.906739,2.104772,-1.851114,2.930332,0.527813,2.517552
814,27.133333,1,716.878529,358.769521,627.614403,366.813712,672.246466,362.791616,2.904919,2.219834,-1.838892,2.847079,0.533013,2.533456
815,27.166667,1,717.00285,358.524887,627.89525,366.675466,672.44905,362.600176,2.915524,2.228189,-1.830135,2.821999,0.542694,2.525094
816,27.2,1,716.945057,358.566461,627.470198,366.640913,672.207627,362.603687,2.914628,2.224984,-1.84701,2.74825,0.533809,2.486617
817,27.233333,1,716.721001,358.30729,627.064257,366.688394,671.892629,362.497842,2.914818,2.278382,-1.862704,2.810862,0.526057,2.544622
818,27.266667,1,716.130314,358.553157,627.034998,366.777964,671.582656,362.665561,2.882417,2.217657,-1.851758,2.806217,0.515329,2.511937
819,27.3,1,716.169701,358.564664,626.585045,366.82575,671.377373,362.695207,2.90543,2.209359,-1.871339,2.789502,0.517046,2.499431
820,27.333333,1,716.159267,358.62878,626.73357,366.828775,671.446419,362.728778,2.89657,2.237869,-1.864692,2.690576,0.515939,2.464223
821,27.366667,1,716.152439,358.240981,626.306515,366.855903,671.229477,362.548442,2.892134,2.078974,-1.878414,2.826488,0.50686,2.452731
822,27.4,1,716.165028,358.018534,626.35376,366.228277,671.259394,362.123406,2.898952,2.24456,-1.872671,2.875265,0.513141,2.559913
823,27.433333,1,716.166782,357.892111,625.981541,365.779635,671.074162,361.835873,2.902082,2.10921,-1.902778,2.742654,0.499652,2.425932
824,27.466667,1,716.77824,357.476637,626.887083,365.564564,671.832662,361.520601,2.920982,2.017888,-1.879574,2.979833,0.520704,2.49886
825,27.5,1,717.046585,357.154219,627.706718,365.134419,672.376652,361.144319,2.937536,1.856992,-1.885914,2.806913,0.525811,2.331952
826,27.533333,1,717.169571,356.765449,627.78883,364.858612,672.4792,360.812031,2.938399,1.796389,-1.863785,2.840831,0.537307,2.31861
827,27.566667,1,717.083111,356.602194,627.00016,364.941734,672.041636,360.771964,2.953015,1.70429,-1.902448,2.744112,0.525283,2.224201
828,27.6,1,717.496891,356.609849,627.070017,364.743562,672.283454,360.676705,2.967035,1.766466,-1.887601,2.77795,0.539717,2.272208
829,27.633333,1,717.373428,356.598997,627.106276,364.746222,672.239852,360.67261,2.939975,1.67515,-1.900667,2.623298,0.519654,2.149224
830,27.666667,1,717.94508,356.669115,627.884569,364.484192,672.914824,360.576653,2.951327,1.807905,-1.870997,2.547995,0.540165,2.17795
831,27.7,1,717.828312,356.539494,627.997103,364.541962,672.912707,360.540728,2.945791,1.734552,-1.885874,2.521159,0.529959,2.127856
832,27.733333,1,718.170128,356.733794,628.223782,364.523942,673.196955,360.628868,2.936304,1.755341,-1.850517,2.570865,0.542894,2.163103
833,27.766667,1,718.052006,356.719825,628.173113,364.462026,673.112559,360.590926,2.925843,1.663913,-1.870354,2.528053,0.527744,2.095983
834,27.8,1,718.027439,356.639621,628.008776,364.390422,673.018107,360.515022,2.91664,1.711822,-1.87932,2.548616,0.51866,2.130219
835,27.833333,1,717.939777,356.649674,627.986832,364.391178,672.963305,360.520426,2.8946,1.594939,-1.880508,2.484317,0.507046,2.039628
836,27.866667,1,718.160172,356.742779,628.278341,364.400979,673.219256,360.571879,2.899658,1.630807,-1.88057,2.469621,0.509544,2.050214
837,27.9,1,718.270359,356.800747,628.436594,364.448755,673.353477,360.624751,2.900448,1.606448,-1.881787,2.457684,0.509331,2.032066
838,27.933333,1,718.430958,356.797898,628.755808,364.219759,673.593383,360.508828,2.916338,1.644541,-1.865067,2.363162,0.525636,2.003852
839,27.966667,1,719.03265,356.863301,629.272976,364.070928,674.152813,360.467115,2.925087,1.623689,-1.884243,2.346639,0.520422,1.985164
840,28.0,1,719.466114,356.959952,629.637947,363.904899,674.552031,360.432426,2.918414,1.63222,-1.874331,2.350358,0.522042,1.991289
841,28.033333,1,719.907398,356.736336,630.053549,363.921352,674.980474,360.328844,2.911016,1.579442,-1.892096,2.389631,0.50946,1.984536
842,28.066667,1,720.315266,356.744903,630.496674,363.640122,675.40597,360.192513,2.88928,1.508498,-1.89299,2.409517,0.498145,1.959008
843,28.1,1,721.151199,356.677955,631.127396,363.208898,676.139297,359.943427,2.901476,1.434582,-1.89564,2.43992,0.502918,1.937251
844,28.133333,1,721.83773,356.807195,631.651363,362.920212,676.744547,359.863704,2.88857,1.491946,-1.871272,2.373025,0.508649,1.932486
845,28.166667,1,722.401543,356.617477,632.307358,362.722523,677.35445,359.67,2.900705,1.375063,-1.888905,2.442838,0.5059,1.90895
846,28.2,1,722.84996,356.592162,632.751637,362.568923,677.800798,359.580543,2.921418,1.494296,-1.879065,2.395976,0.521177,1.945136
847,28.233333,1,722.956219,356.502115,633.200884,362.566413,678.078551,359.534264,2.932442,1.499142,-1.87854,2.447551,0.526951,1.973347
848,28.266667,1,723.02557,356.592286,633.160515,362.550566,678.093042,359.571426,2.926708,1.514874,-1.881877,2.451389,0.522416,1.983132
849,28.3,1,723.063564,356.679538,633.277559,362.607601,678.170562,359.643569,2.91302,1.527952,-1.884077,2.429966,0.514472,1.978959
850,28.333333,1,723.068104,356.734663,633.168468,362.714948,678.118286,359.724805,2.90774,1.537222,-1.880389,2.47216,0.513676,2.004691
851,28.366667,1,723.046837,356.809003,633.22197,362.77062,678.134403,359.789811,2.893706,1.400302,-1.891024,2.453153,0.501341,1.926727
852,28.4,1,722.515106,356.620186,632.948275,362.831962,677.73169,359.726074,2.881762,1.365744,-1.868295,2.411932,0.506733,1.888838
853,28.433333,1,722.433338,356.550502,632.395449,362.930485,677.414393,359.740494,2.898201,1.352097,-1.89104,2.399124,0.50358,1.87561
854,28.466667,1,722.131481,356.514968,631.92399,362.934862,677.027736,359.724915,2.88382,1.331511,-1.88318,2.452346,0.50032,1.891928
855,28.5,1,721.791763,356.452435,631.719313,362.914789,676.755538,359.683612,2.90029,1.34776,-1.878293,2.413,0.510998,1.88038
856,28.533333,1,720.858727,356.754785,630.907936,363.169127,675.883331,359.961956,2.85449,1.280907,-1.888034,2.294995,0.483228,1.787951
857,28.566667,1,720.868034,356.728204,630.902967,363.379025,675.885501,360.053615,2.868165,1.266354,-1.879018,2.280593,0.494574,1.773473
858,28.6,1,720.85247,356.858672,630.918083,363.358372,675.885277,360.108522,2.861777,1.306933,-1.874594,2.248253,0.493591,1.777593
859,28.633333,1,720.812759,356.954802,630.984087,363.396379,675.898423,360.175591,2.866217,1.315873,-1.872532,2.247686,0.496843,1.781779
860,28.666667,1,720.507774,356.80167,630.636129,363.442991,675.571952,360.12233,2.874903,1.316612,-1.879861,2.258773,0.497521,1.787693
861,28.7,1,720.134621,356.630464,630.202694,363.547087,675.168657,360.088776,2.883341,1.347256,-1.885846,2.281321,0.498748,1.814289
862,28.733333,1,719.800606,356.741701,630.182285,363.489237,674.991446,360.115469,2.891079,1.326407,-1.888433,2.230225,0.501323,1.778316
863,28.766667,1,719.459248,356.780598,629.194765,363.734558,674.327006,360.257578,2.863795,1.35631,-1.895965,2.108111,0.483915,1.732211
864,28.8,1,718.893013,356.733997,628.525753,363.948877,673.709383,360.341437,2.883765,1.400964,-1.9052,2.074788,0.489282,1.737876
865,28.833333,1,718.689194,356.784133,628.344641,364.076464,673.516917,360.430299,2.87675,1.539792,-1.89589,2.121406,0.49043,1.830599
866,28.866667,1,718.188801,357.144783,628.219633,364.135972,673.204217,360.640377,2.866302,1.430376,-1.901507,2.095325,0.482397,1.762851
867,28.9,1,717.891216,357.39197,627.606478,364.470813,672.748847,360.931392,2.868502,1.562335,-1.898552,2.115116,0.484975,1.838726
868,28.933333,1,717.859898,357.744112,627.640676,364.659619,672.750287,361.201866,2.876324,1.547037,-1.895081,2.10003,0.490621,1.823533
869,28.966667,1,717.759609,357.857006,627.925539,364.878058,672.842574,361.367532,2.871808,1.505506,-1.895564,2.130603,0.488122,1.818055
870,29.0,1,717.676163,357.877252,627.81456,364.897885,672.745361,361.387568,2.888093,1.55641,-1.883731,2.220633,0.502181,1.888521
871,29.033333,1,717.512875,358.09532,627.068949,365.244834,672.290912,361.670077,2.8734,1.594572,-1.911549,2.163303,0.480925,1.878937
872,29.066667,1,717.68919,358.114922,627.777395,365.015473,672.733293,361.565198,2.905592,1.70436,-1.867183,2.181039,0.519205,1.9427
873,29.1,1,717.604866,358.164908,627.760696,365.081059,672.682781,361.622983,2.883945,1.636759,-1.889605,2.197574,0.49717,1.917166
874,29.133333,1,717.724266,358.20697,628.391886,364.984349,673.058076,361.59566,2.861627,1.705202,-1.854033,2.161088,0.503797,1.933145
875,29.166667,1,718.034325,358.189541,628.507376,365.087228,673.27085,361.638384,2.879914,1.724854,-1.876676,2.129426,0.501619,1.92714
876,29.2,1,718.5499,358.098518,629.586067,365.020811,674.067984,361.559664,2.862076,1.626548,-1.8191,2.32409,0.521488,1.975319
877,29.233333,1,719.378605,358.221545,629.912491,364.991645,674.645548,361.606595,2.876463,1.553613,-1.858287,2.29485,0.509088,1.924231
878,29.266667,1,722.034779,358.874459,635.005903,365.657685,678.520341,362.266072,2.853184,1.111879,-1.793569,2.529665,0.529808,1.820772
879,29.3,1,725.682392,360.26733,638.820972,365.906557,682.251682,363.086944,2.859308,1.305991,-1.779329,2.353826,0.53999,1.829909
880,29.333333,1,728.844204,361.167834,641.766872,366.322299,685.305538,363.745067,2.870275,1.321342,-1.781034,2.301428,0.54462,1.811385
881,29.366667,1,731.209946,361.348223,643.521261,366.290531,687.365603,363.819377,2.887104,1.492162,-1.746939,2.125646,0.570083,1.808904
882,29.4,1,733.506279,361.409109,645.288677,366.496611,689.397478,363.95286,2.863656,1.448248,-1.789704,2.32335,0.536976,1.885799
883,29.433333,1,735.077286,361.504102,646.490412,366.232048,690.783849,363.868075,2.858014,1.361518,-1.803174,2.246929,0.52742,1.804224
884,29.466667,1,736.001568,361.429746,647.320662,366.046756,691.661115,363.738251,2.852557,1.417614,-1.798277,2.274455,0.52714,1.846034
885,29.5,1,736.652527,361.506109,648.516026,365.987978,692.584276,363.747043,2.834279,1.379413,-1.806531,2.213928,0.513874,1.796671
886,29.533333,1,737.738113,361.457469,649.213657,366.150246,693.475885,363.803858,2.848437,1.637178,-1.772847,2.050132,0.537795,1.843655
887,29.566667,1,737.68116,361.641855,649.312687,366.024005,693.496923,363.83293,2.838731,1.610511,-1.792528,2.10246,0.523101,1.856486
888,29.6,1,737.690468,361.529717,649.217587,366.152987,693.454027,363.841352,2.83647,1.535497,-1.789554,2.049493,0.523458,1.792495
889,29.633333,1,737.404461,361.503335,648.732605,366.381855,693.068533,363.942595,2.851619,1.518796,-1.773904,2.06944,0.538858,1.794118
890,29.666667,1,736.351109,361.376188,647.641945,366.256172,691.996527,363.81618,2.856096,1.490236,-1.771724,1.988286,0.542186,1.739261
891,29.7,1,732.770634,360.341413,644.845028,365.314502,688.807831,362.827958,2.808735,1.296137,-1.904319,2.350531,0.452208,1.823334
892,29.733333,1,727.307549,359.4719,640.597601,364.564696,683.952575,362.018298,2.745481,1.515103,-1.991461,2.452379,0.37701,1.983741
893,29.766667,1,726.402283,359.222353,639.734926,364.504577,683.068604,361.863465,2.732277,1.400492,-1.883993,2.198433,0.424142,1.799462
894,29.8,1,725.392799,358.984129,638.496819,364.624134,681.944809,361.804132,2.749933,1.492908,-1.897049,2.183535,0.426442,1.838222
895,29.833333,1,725.122242,359.140534,637.986498,364.652056,681.55437,361.896295,2.747294,1.419427,-1.888017,2.203079,0.429638,1.811253
896,29.866667,1,724.595146,359.000598,637.133284,364.915116,680.864215,361.957857,2.763718,1.39541,-1.871661,2.224189,0.446028,1.809799
897,29.9,1,723.705273,358.870479,636.354551,364.991274,680.029912,361.930877,2.777196,1.427194,-1.856778,2.290772,0.460209,1.858983
898,29.933333,1,722.535038,358.971936,634.78159,365.655245,678.658314,362.31359,2.802048,1.397418,-1.845749,2.255231,0.47815,1.826325
899,29.966667,1,721.914959,358.994295,633.96677,365.856775,677.940865,362.425535,2.793629,1.472696,-1.823396,2.252067,0.485117,1.862382
900,30.0,1,721.322155,359.008994,633.381042,365.862172,677.351599,362.435583,2.784957,1.417299,-1.841345,2.207588,0.471806,1.812443
901,30.033333,1,720.916862,359.087604,633.117085,366.091731,677.016973,362.589667,2.791954,1.394732,-1.837368,2.200354,0.477293,1.797543
902,30.066667,1,720.630531,358.894651,632.370071,365.978199,676.500301,362.436425,2.80364,1.377861,-1.829512,2.201697,0.487064,1.789779
903,30.1,1,720.446548,358.726176,631.477423,366.001609,675.961986,362.363892,2.834934,1.453886,-1.820725,2.351995,0.507105,1.902941
904,30.133333,1,720.1717,358.543829,630.924377,365.692635,675.548038,362.118232,2.821938,1.485736,-1.832609,2.343068,0.494664,1.914402
905,30.166667,1,719.577122,358.389779,630.646849,365.670796,675.111985,362.030287,2.831575,1.585648,-1.833667,2.35287,0.498954,1.969259
906,30.2,1,719.224625,358.495876,630.420341,365.817443,674.822483,362.15666,2.83048,1.508484,-1.82891,2.273519,0.500785,1.891001
907,30.233333,1,718.910961,358.508944,629.796762,365.787574,674.353862,362.148259,2.830158,1.553257,-1.830835,2.210133,0.499662,1.881695
908,30.266667,1,718.653774,358.569235,629.037342,366.196632,673.845558,362.382933,2.839497,1.563304,-1.86059,2.193734,0.489454,1.878519
909,30.3,1,718.316345,358.727276,628.647881,366.258538,673.482113,362.492907,2.85105,1.612213,-1.85048,2.158426,0.500285,1.88532
910,30.333333,1,717.819405,358.713698,628.262224,366.636338,673.040814,362.675018,2.842534,1.555136,-1.86076,2.133765,0.490887,1.84445
911,30.366667,1,717.404785,358.691377,627.870569,366.650382,672.637677,362.670879,2.855056,1.580074,-1.823548,2.088574,0.515754,1.834324
912,30.4,1,716.87212,358.708935,627.066612,366.948305,671.969366,362.82862,2.851179,1.579464,-1.829212,2.039174,0.510984,1.809319
913,30.433333,1,715.91301,358.741325,626.142569,366.885912,671.027789,362.813618,2.836534,1.661956,-1.820943,2.034067,0.507796,1.848011
914,30.466667,1,715.408096,358.701205,625.721493,367.155313,670.564795,362.928259,2.838777,1.616597,-1.82338,2.019761,0.507699,1.818179
915,30.5,1,715.202827,358.956347,625.540295,367.331733,670.371561,363.14404,2.853863,1.721701,-1.815018,2.108373,0.519422,1.915037
916,30.533333,1,715.460701,358.972666,626.140413,367.64215,670.800557,363.307408,2.82753,1.710742,-1.831419,2.186289,0.498056,1.948515
917,30.566667,1,715.826778,359.09602,626.862106,367.382287,671.344442,363.239154,2.784052,1.733133,-1.839968,2.216032,0.472042,1.974583
918,30.6,1,717.092438,359.06834,627.876511,367.197713,672.484474,363.133027,2.78142,1.709893,-1.851786,2.251397,0.464817,1.980645
919,30.633333,1,717.930527,359.156751,628.685379,367.094137,673.307953,363.125444,2.784608,1.651936,-1.860337,2.253568,0.462135,1.952752
920,30.666667,1,718.438625,359.098611,629.643984,367.214123,674.041305,363.156367,2.765937,1.518534,-1.866057,2.277591,0.44994,1.898063
921,30.7,1,719.233971,358.958809,629.846916,366.676834,674.540443,362.817822,2.777983,1.634491,-1.873072,2.249062,0.452455,1.941776
922,30.733333,1,719.410934,358.860426,630.543556,366.330877,674.977245,362.595651,2.761582,1.559522,-1.850971,2.188008,0.455306,1.873765
923,30.766667,1,719.7159,358.808627,630.611048,366.04512,675.163474,362.426873,2.781724,1.653703,-1.833972,2.219025,0.473876,1.936364
924,30.8,1,719.680195,358.82751,630.525675,365.737739,675.102935,362.282624,2.786302,1.732669,-1.837727,2.193704,0.474288,1.963186
925,30.833333,1,719.930382,358.773984,630.391245,365.704517,675.160813,362.23925,2.81241,1.73462,-1.844181,2.25496,0.484114,1.99479
926,30.866667,1,719.689007,358.84495,630.383101,365.72208,675.036054,362.283515,2.806578,1.712856,-1.843246,2.212045,0.481666,1.962451
927,30.9,1,719.72578,358.84974,630.335016,365.786539,675.030398,362.318139,2.809846,1.723802,-1.846803,2.242047,0.481521,1.982924
928,30.933333,1,719.550629,358.791123,630.46443,365.765247,675.007529,362.278185,2.794194,1.694299,-1.831354,2.252971,0.48142,1.973635
929,30.966667,1,719.476109,358.723875,630.504932,365.630043,674.99052,362.176959,2.7908,1.700311,-1.817096,2.207395,0.486852,1.953853
930,31.0,1,719.627209,358.553463,630.214214,365.535221,674.920712,362.044342,2.804928,1.732256,-1.826304,2.252611,0.489312,1.992433
931,31.033333,1,719.792614,358.471361,629.939289,365.417322,674.865952,361.944341,2.814872,1.749087,-1.831761,2.186827,0.491556,1.967957
932,31.066667,1,719.880638,358.34004,630.265398,365.222679,675.073018,361.78136,2.806395,1.715656,-1.834116,2.197019,0.486139,1.956338
933,31.1,1,720.01585,358.26276,630.52454,365.023794,675.270195,361.643277,2.786762,1.627022,-1.833215,2.15919,0.476773,1.893106
934,31.133333,1,720.22934,358.222404,630.5406,364.959168,675.38497,361.590786,2.80318,1.659504,-1.838104,2.103907,0.482538,1.881706
935,31.166667,1,720.294876,358.327696,630.667419,364.969404,675.481148,361.64855,2.804316,1.6266,-1.834165,2.075128,0.485076,1.850864
936,31.2,1,720.432796,358.353606,630.323572,365.026551,675.378184,361.690079,2.826271,1.657928,-1.850417,2.089153,0.487927,1.873541
937,31.233333,1,720.112419,358.175626,630.09551,365.089749,675.103965,361.632687,2.83269,1.60451,-1.868141,2.088405,0.482274,1.846458
938,31.266667,1,719.993839,358.229903,630.311308,365.01594,675.152574,361.622922,2.826676,1.649676,-1.853966,2.083314,0.486355,1.866495
939,31.3,1,719.856739,358.140129,630.089397,365.13856,674.973068,361.639345,2.846251,1.555079,-1.840935,2.03451,0.502658,1.794795
940,31.333333,1,719.344711,357.90042,629.300489,365.209413,674.3226,361.554917,2.85194,1.626095,-1.83686,2.054226,0.50754,1.84016
941,31.366667,1,719.089775,357.739273,628.806314,364.865093,673.948045,361.302183,2.84454,1.587003,-1.840936,2.117672,0.501802,1.852338
942,31.4,1,718.779335,357.666843,628.712215,364.914145,673.745775,361.290494,2.856925,1.608602,-1.837294,2.191796,0.509815,1.900199
943,31.433333,1,718.391514,357.634791,628.437347,364.924868,673.414431,361.279829,2.85082,1.622456,-1.843898,2.156864,0.503461,1.88966
944,31.466667,1,718.126659,357.495487,628.017521,364.969243,673.07209,361.232365,2.848975,1.612481,-1.849319,2.175111,0.499828,1.893796
945,31.5,1,717.963581,357.393494,627.76907,364.868864,672.866325,361.131179,2.848904,1.659943,-1.851802,2.145603,0.498551,1.902773
946,31.533333,1,717.859898,357.313038,627.746305,364.892993,672.803102,361.103016,2.850786,1.661356,-1.847143,2.155369,0.501821,1.908363
947,31.566667,1,717.912197,357.328514,627.777586,364.880311,672.844892,361.104413,2.853535,1.625415,-1.843601,2.159291,0.504967,1.892353
948,31.6,1,717.79213,357.222605,627.661057,364.766183,672.726593,360.994394,2.846883,1.557548,-1.840593,2.136254,0.503145,1.846901
949,31.633333,1,717.700863,357.12332,627.616482,364.636252,672.658672,360.879786,2.83268,1.567775,-1.8501,2.105748,0.49129,1.836761
950,31.666667,1,717.615986,357.140545,627.554865,364.583933,672.585425,360.862239,2.830393,1.548158,-1.859817,2.077316,0.485288,1.812737
951,31.7,1,717.520428,357.011214,627.410641,364.536184,672.465534,360.773699,2.850162,1.560371,-1.842442,2.188023,0.50386,1.874197
952,31.733333,1,717.546978,356.928731,627.352953,364.473308,672.449965,360.701019,2.858246,1.562708,-1.823664,2.201043,0.517291,1.881875
953,31.766667,1,717.315979,356.765015,627.157888,364.301405,672.236934,360.53321,2.842445,1.547946,-1.842638,2.206806,0.499903,1.877376
954,31.8,1,717.116833,356.630904,627.141294,364.165846,672.129064,360.398375,2.838859,1.596141,-1.841724,2.161419,0.498567,1.87878
955,31.833333,1,717.143688,356.639176,627.085867,364.161147,672.114778,360.400161,2.844873,1.585662,-1.840008,2.182271,0.502433,1.883967
956,31.866667,1,717.098141,356.659411,627.211885,364.172734,672.155013,360.416072,2.837868,1.590184,-1.837362,2.147415,0.500253,1.8688
957,31.9,1,717.088947,356.777648,627.234125,364.242053,672.161536,360.50985,2.837693,1.608539,-1.837927,2.099469,0.499883,1.854004
958,31.933333,1,717.117519,356.835718,627.13604,364.312563,672.12678,360.57414,2.836469,1.605184,-1.845984,2.153307,0.495242,1.879245
959,31.966667,1,717.097378,356.855421,627.191048,364.291341,672.144213,360.573381,2.832595,1.642219,-1.839027,2.140051,0.496784,1.891135
960,32.0,1,717.079754,356.818262,626.967306,364.215617,672.02353,360.516939,2.847418,1.677593,-1.842217,2.132806,0.5026,1.905199
961,32.033333,1,717.14426,356.792641,626.959763,364.181741,672.052011,360.487191,2.853731,1.639227,-1.849682,2.14414,0.502024,1.891683
962,32.066667,1,717.153091,356.783581,626.984072,364.159704,672.068582,360.471642,2.852125,1.636949,-1.842988,2.154641,0.504568,1.895795
963,32.1,1,717.118416,356.768603,626.989288,364.097584,672.053852,360.433094,2.852878,1.669079,-1.843672,2.173167,0.504603,1.921123
964,32.133333,1,717.127571,356.804829,627.012177,364.146261,672.069874,360.475545,2.84558,1.681132,-1.845766,2.149928,0.499907,1.91553
965,32.166667,1,717.256374,356.692858,627.435055,363.998879,672.345715,360.345868,2.843146,1.616441,-1.836844,2.162791,0.503151,1.889616
966,32.2,1,717.571602,356.351375,627.389059,363.590384,672.48033,359.970879,2.834488,1.606272,-1.83914,2.152423,0.497674,1.879347
967,32.233333,1,717.914181,355.936877,628.099756,363.267687,673.006968,359.602282,2.866297,1.595968,-1.828025,2.209846,0.519136,1.902907
968,32.266667,1,719.026852,355.560976,629.738379,363.172656,674.382615,359.366816,2.864399,1.411488,-1.837988,2.315135,0.513206,1.863311
969,32.3,1,718.953972,355.042629,629.882088,362.787051,674.41803,358.91484,2.860905,1.38212,-1.830811,2.352618,0.515047,1.867369
970,32.333333,1,719.01947,355.012309,630.006666,362.625673,674.513068,358.818991,2.842681,1.387459,-1.82361,2.247309,0.509535,1.817384
971,32.366667,1,719.026604,354.898685,630.131378,362.501519,674.578991,358.700102,2.84012,1.33699,-1.821149,2.282092,0.509486,1.809541
972,32.4,1,719.700623,355.084117,630.409546,362.405813,675.055084,358.744965,2.855286,1.36961,-1.8086,2.351998,0.523343,1.860804
973,32.433333,1,719.994678,354.883273,630.761223,362.208263,675.377951,358.545768,2.853712,1.387884,-1.814394,2.308112,0.519659,1.847998
974,32.466667,1,720.920753,355.130739,632.293835,361.967701,676.607294,358.54922,2.862122,1.341217,-1.833413,2.318944,0.514354,1.83008
975,32.5,1,722.701893,355.081848,633.956623,361.925665,678.329258,358.503757,2.865541,1.234702,-1.814757,2.512396,0.525392,1.873549
976,32.533333,1,723.429527,355.294563,634.768896,361.921744,679.099212,358.608153,2.858856,1.276612,-1.802221,2.438888,0.528318,1.85775
977,32.566667,1,725.173149,356.001416,637.366161,362.654078,681.269655,359.327747,2.864363,1.394952,-1.746489,2.485324,0.558937,1.940138
978,32.6,1,727.54425,355.573974,638.472042,362.678792,683.008146,359.126383,2.88584,1.357708,-1.70983,2.491653,0.588005,1.924681
979,32.633333,1,728.038216,355.687898,639.558945,362.832461,683.79858,359.26018,2.844914,1.11647,-1.714137,2.414687,0.565388,1.765579
980,32.666667,1,728.603687,356.385278,640.034618,362.903556,684.319153,359.644417,2.84709,1.253972,-1.725577,2.320109,0.560756,1.78704
981,32.7,1,729.445572,356.954797,640.648251,363.117344,685.046911,360.03607,2.838385,1.253808,-1.724937,2.242607,0.556724,1.748207
982,32.733333,1,730.467052,357.402012,641.241045,363.385468,685.854049,360.39374,2.868915,1.350713,-1.682317,2.221043,0.593299,1.785878
983,32.766667,1,731.170902,357.637124,641.989088,363.696685,686.579995,360.666904,2.837406,1.17562,-1.710528,2.320812,0.563439,1.748216
984,32.8,1,731.507359,357.983655,642.559471,364.172632,687.033415,361.078143,2.821664,1.125717,-1.73189,2.381689,0.544887,1.753703
985,32.833333,1,731.872444,358.062367,643.081169,364.191703,687.476807,361.127035,2.792871,1.098875,-1.73545,2.288687,0.528711,1.693781
986,32.866667,1,732.063084,358.091018,643.459463,364.345769,687.761273,361.218393,2.803486,1.162345,-1.745871,2.262391,0.528808,1.712368
987,32.9,1,732.515259,358.11799,643.900337,364.227977,688.207798,361.172984,2.797185,1.110017,-1.746575,2.224579,0.525305,1.667298
988,32.933333,1,732.542744,358.086791,643.97913,364.135977,688.260937,361.111384,2.791863,1.094757,-1.761277,2.298334,0.515293,1.696545
989,32.966667,1,732.606773,358.073788,644.055481,364.097798,688.331127,361.085793,2.814214,1.213165,-1.75357,2.351967,0.530322,1.782566
990,33.0,1,729.555664,358.114825,641.869631,363.482714,685.712647,360.79877,2.784362,1.335741,-1.86403,2.513508,0.460166,1.924624
1173,39.1,1,722.635498,351.937591,634.300852,353.203948,678.468175,352.570769,2.845218,1.243961,-1.702856,1.658019,0.571181,1.45099
1174,39.133333,1,722.13274,351.802971,633.974876,353.504339,678.053808,352.653655,2.848486,1.270654,-1.729824,1.606546,0.559331,1.4386
1175,39.166667,1,722.029247,351.859179,633.735733,353.496936,677.88249,352.678058,2.850011,1.289904,-1.729672,1.575461,0.560169,1.432682
1176,39.2,1,722.076874,351.889628,633.772764,353.677454,677.924819,352.783541,2.855047,1.267666,-1.729854,1.564211,0.562596,1.415938
1177,39.233333,1,722.107811,351.859447,633.892813,353.888812,678.000312,352.87413,2.866051,1.206589,-1.712438,1.668549,0.576806,1.437569
1178,39.266667,1,722.346687,352.020208,634.105864,354.171876,678.226275,353.096042,2.838975,1.275323,-1.727585,1.70005,0.555695,1.487687
1179,39.3,1,722.86356,351.864002,634.556875,354.023352,678.710217,352.943677,2.849391,1.246904,-1.743762,1.643641,0.552815,1.445272
1180,39.333333,1,722.954369,351.662831,634.915514,353.69911,678.934941,352.68097,2.846891,1.348058,-1.737355,1.640382,0.554768,1.49422
1181,39.366667,1,723.118114,351.475049,634.935398,353.679069,679.026756,352.577059,2.857976,1.39243,-1.739856,1.677909,0.55906,1.535169
1182,39.4,1,723.135643,351.443346,634.758368,353.589424,678.947005,352.516385,2.872031,1.415528,-1.739087,1.690128,0.566472,1.552828
1183,39.433333,1,723.11739,351.407082,635.035515,353.771015,679.076452,352.589048,2.886958,1.27269,-1.719369,1.767181,0.583794,1.519935
1184,39.466667,1,723.072681,351.42222,634.653816,353.875229,678.863249,352.648725,2.886075,1.286598,-1.735127,1.755138,0.575474,1.520868
1185,39.5,1,723.047543,351.357998,634.671059,353.952278,678.859301,352.655138,2.894014,1.284732,-1.73379,1.740661,0.580112,1.512696
1186,39.533333,1,723.119564,351.054409,634.754906,354.189531,678.937235,352.62197,2.88513,1.218058,-1.723484,1.769354,0.580823,1.493706
1187,39.566667,1,723.113556,350.978787,634.803152,354.255744,678.958354,352.617265,2.888325,1.191416,-1.723428,1.754922,0.582448,1.473169
1188,39.6,1,723.073502,350.93643,634.757862,354.263801,678.915682,352.600115,2.885009,1.174863,-1.717568,1.791331,0.58372,1.483097
1189,39.633333,1,723.39119,351.114914,634.930487,354.564954,679.160838,352.839934,2.913291,1.180373,-1.701661,1.854679,0.605815,1.517526
1190,39.666667,1,723.712769,351.752883,635.335674,355.010115,679.524221,353.381499,2.894751,1.254118,-1.742481,1.708303,0.576135,1.481211
1191,39.7,1,723.877106,351.892669,635.372343,355.118288,679.624724,353.505479,2.862009,1.398591,-1.737453,1.658274,0.562278,1.528433
1192,39.733333,1,723.751125,352.033271,635.273361,355.104041,679.512243,353.568656,2.866452,1.525804,-1.733829,1.500269,0.566312,1.513037
1193,39.766667,1,722.975216,351.49273,634.719429,354.55996,678.847322,353.026345,2.876138,1.44036,-1.756931,1.531835,0.559603,1.486097
1194,39.8,1,722.407494,350.616689,634.021168,353.909369,678.214331,352.263029,2.881064,1.377914,-1.768525,1.466125,0.556269,1.422019
1195,39.833333,1,721.732597,349.454037,633.476801,353.059929,677.604699,351.256983,2.885503,1.402735,-1.750221,1.419412,0.567641,1.411074
1196,39.866667,1,721.562996,348.521004,633.006811,352.007961,677.284904,350.264482,2.908027,1.404131,-1.781877,1.434257,0.563075,1.419194
1197,39.9,1,721.815567,347.884644,632.881622,351.125976,677.348595,349.50531,2.91237,1.42442,-1.785012,1.431305,0.563679,1.427863
1198,39.933333,1,721.986103,347.69094,632.935181,351.161322,677.460642,349.426131,2.919884,1.402777,-1.781934,1.401691,0.568975,1.402234
1199,39.966667,1,722.249928,348.277722,633.08157,351.847082,677.665749,350.062402,2.916386,1.31212,-1.771996,1.412639,0.572195,1.36238
1200,40.0,1,722.263641,349.268294,633.122997,353.15747,677.693319,351.212882,2.919903,1.198906,-1.77661,1.530024,0.571647,1.364465
1201,40.033333,1,722.338047,349.766042,633.083057,353.249572,677.710552,351.507807,2.909408,1.411824,-1.77659,1.365092,0.566409,1.388458
1202,40.066667,1,722.006207,349.948062,632.62702,353.366232,677.316613,351.657147,2.905932,1.4155,-1.789509,1.35053,0.558211,1.383015
1203,40.1,1,721.942291,349.983242,632.422857,353.519166,677.182574,351.751204,2.903741,1.378534,-1.781704,1.384846,0.561018,1.38169
1204,40.133333,1,721.503963,349.919921,632.300653,353.602229,676.902308,351.761075,2.897167,1.367294,-1.78457,1.404289,0.556298,1.385792
1205,40.166667,1,721.455307,349.755834,632.274647,353.747363,676.864977,351.751598,2.903748,1.339715,-1.780525,1.418594,0.561612,1.379154
1206,40.2,1,721.425571,349.859496,632.316751,353.692769,676.871161,351.776133,2.898605,1.347672,-1.768826,1.480952,0.56489,1.414312
1207,40.233333,1,721.533203,349.732075,632.363091,353.326728,676.948147,351.529402,2.906245,1.407792,-1.788694,1.378857,0.558775,1.393325
1208,40.266667,1,721.64423,348.968976,632.420435,352.760428,677.032332,350.864702,2.924405,1.452346,-1.784297,1.373906,0.570054,1.413126
1209,40.3,1,721.654701,347.963356,632.373819,351.744627,677.01426,349.853992,2.935189,1.431445,-1.796807,1.380135,0.569191,1.40579
1210,40.333333,1,721.780453,347.362649,632.460785,351.404641,677.120619,349.383645,2.940664,1.306093,-1.802457,1.41682,0.569103,1.361456
1211,40.366667,1,721.940308,347.148818,632.585011,351.429806,677.262659,349.289312,2.925229,1.344805,-1.783346,1.406445,0.570941,1.375625
1212,40.4,1,722.348118,347.010936,633.01589,351.314208,677.682004,349.162572,2.937926,1.334849,-1.809408,1.349812,0.564259,1.34233
1213,40.433333,1,722.683716,346.993405,633.452168,351.479191,678.067942,349.236298,2.939482,1.240331,-1.807182,1.398502,0.56615,1.319416
1214,40.466667,1,722.835655,346.977559,633.658962,351.519343,678.247309,349.248451,2.954175,1.276104,-1.793367,1.3534,0.580404,1.314752
1215,40.5,1,723.139038,346.953998,633.773613,351.595411,678.456326,349.274704,2.951703,1.158748,-1.791738,1.426103,0.579983,1.292425
1216,40.533333,1,722.959423,347.546235,633.722572,351.54645,678.340998,349.546342,2.94465,1.248641,-1.777249,1.446999,0.583701,1.34782
1217,40.566667,1,722.543602,348.251629,633.569307,352.17981,678.056455,350.21572,2.93709,1.21363,-1.751784,1.416262,0.592653,1.314946
1218,40.6,1,722.575417,348.732871,633.503065,352.789058,678.039241,350.760965,2.924622,1.208912,-1.774009,1.441171,0.575307,1.325041
1219,40.633333,1,722.461853,349.235088,633.530979,353.095227,677.996416,351.165158,2.944202,1.241096,-1.763626,1.413901,0.590288,1.327499
1220,40.666667,1,722.181377,349.939275,633.256912,353.76454,677.719145,351.851908,2.895761,1.1759,-1.769091,1.441286,0.563335,1.308593
1221,40.7,1,722.197571,350.510296,633.105955,354.189638,677.651763,352.349967,2.914005,1.171174,-1.790968,1.410938,0.561518,1.291056
1222,40.733333,1,721.741295,350.966588,632.644749,354.971818,677.193022,352.969203,2.910253,1.150427,-1.77771,1.455406,0.566272,1.302917
1223,40.766667,1,721.474304,351.047752,632.559757,354.921876,677.017031,352.984814,2.908452,1.233753,-1.778413,1.447396,0.56502,1.340574
1224,40.8,1,721.393147,351.144644,632.452211,354.773753,676.922679,352.959199,2.926798,1.298757,-1.767844,1.392256,0.579477,1.345506
1225,40.833333,1,721.220856,351.020694,632.40797,354.829533,676.814413,352.925113,2.917761,1.211014,-1.778482,1.374466,0.569639,1.29274
1226,40.866667,1,721.039181,351.042033,632.400017,354.75103,676.719599,352.896532,2.920132,1.189652,-1.789155,1.381555,0.565488,1.285604
1227,40.9,1,721.165981,350.832966,632.485285,354.435237,676.825633,352.634102,2.914317,1.181183,-1.788585,1.383389,0.562866,1.282286
1228,40.933333,1,720.861702,350.708914,632.513113,354.275469,676.687407,352.492191,2.920117,1.202195,-1.796723,1.33065,0.561697,1.266423
1229,40.966667,1,720.857792,350.401892,632.416668,354.281048,676.63723,352.34147,2.913907,1.229299,-1.789075,1.37922,0.562416,1.30426
1230,41.0,1,720.803318,350.388401,632.462864,354.222414,676.633091,352.305408,2.924417,1.210007,-1.784178,1.429037,0.570119,1.319522
1231,41.033333,1,720.712109,350.700572,632.344694,354.224195,676.528401,352.462384,2.920892,1.214142,-1.790243,1.403759,0.565324,1.308951
1232,41.066667,1,720.434361,350.869305,631.880341,354.510248,676.157351,352.689776,2.915047,1.274258,-1.788471,1.374861,0.563288,1.32456
1233,41.1,1,720.137997,350.86776,631.742229,354.629831,675.940113,352.748795,2.913541,1.251132,-1.773821,1.391765,0.56986,1.321448
1234,41.133333,1,719.698753,351.066763,631.703005,354.724486,675.700879,352.895625,2.897853,1.272884,-1.770741,1.37245,0.563556,1.322667
1235,41.166667,1,719.530201,351.003957,631.574335,354.457639,675.552268,352.730798,2.902719,1.257932,-1.761849,1.381673,0.570435,1.319802
1236,41.2,1,719.532089,351.048186,631.59009,354.367216,675.56109,352.707701,2.912052,1.273371,-1.761163,1.320371,0.575444,1.296871
1237,41.233333,1,719.545708,351.051561,631.516056,354.316131,675.530882,352.683846,2.914591,1.305426,-1.7719,1.32239,0.571346,1.313908
1238,41.266667,1,719.6035,350.983561,631.339226,354.168191,675.471363,352.575876,2.916604,1.323577,-1.777802,1.298955,0.569401,1.311266
1239,41.3,1,719.658318,350.836533,631.25289,354.168347,675.455604,352.50244,2.930461,1.391505,-1.794581,1.280549,0.56794,1.336027
1240,41.333333,1,719.770508,350.596395,631.708212,353.975834,675.73936,352.286114,2.938336,1.328125,-1.784089,1.275751,0.577124,1.301938
1241,41.366667,1,719.760952,350.360398,631.861019,353.824085,675.810986,352.092242,2.932731,1.311066,-1.791788,1.314024,0.570472,1.312545
1242,41.4,1,719.728737,350.019994,631.795216,353.497451,675.761976,351.758722,2.932203,1.329848,-1.797731,1.344318,0.567236,1.337083
1243,41.433333,1,719.842987,349.822653,631.756573,353.331889,675.79978,351.577271,2.917381,1.389234,-1.788636,1.344539,0.564372,1.366886
1244,41.466667,1,719.83036,349.681558,631.780672,353.035161,675.805516,351.35836,2.946321,1.37285,-1.784419,1.286099,0.580951,1.329475
1245,41.5,1,719.715118,349.396777,631.842299,352.834613,675.778708,351.115695,2.925659,1.34903,-1.78716,1.269287,0.56925,1.309158
1246,41.533333,1,719.552097,349.006703,631.703129,352.52456,675.627613,350.765632,2.920294,1.354136,-1.799532,1.309042,0.560381,1.331589
1247,41.566667,1,719.384747,348.7857,631.477613,352.264638,675.43118,350.525169,2.919082,1.355815,-1.805783,1.239932,0.55665,1.297874
1248,41.6,1,719.095669,348.832392,631.228399,352.081153,675.162034,350.456773,2.929037,1.361082,-1.807578,1.233937,0.56073,1.297509
1249,41.633333,1,718.500881,348.531722,630.951624,352.124702,674.726253,350.328212,2.915676,1.358024,-1.821673,1.333333,0.547002,1.345678
1250,41.666667,1,718.462982,348.357598,630.763865,351.865203,674.613423,350.111401,2.920619,1.342765,-1.820738,1.323572,0.549941,1.333169
1251,41.7,1,718.678627,348.725313,630.741396,351.856824,674.710011,350.291069,2.920777,1.389325,-1.80182,1.301661,0.559479,1.345493
1252,41.733333,1,718.72139,348.523225,630.780325,351.898795,674.750857,350.21101,2.921788,1.371458,-1.778012,1.355682,0.571888,1.36357
1253,41.766667,1,718.507767,348.6167,630.66453,351.878861,674.586148,350.24778,2.9203,1.390711,-1.776768,1.341038,0.571766,1.365874
1254,41.8,1,718.282318,348.652818,630.230322,351.860172,674.25632,350.256495,2.912211,1.439102,-1.762442,1.272018,0.574884,1.35556
1255,41.833333,1,717.84647,348.430179,629.810886,351.936636,673.828678,350.183407,2.936223,1.428394,-1.745009,1.333418,0.595607,1.380906
1256,41.866667,1,717.376423,348.356745,629.608536,351.970464,673.492479,350.163605,2.91169,1.470141,-1.735774,1.344907,0.587958,1.407524
1257,41.9,1,716.930656,348.22816,628.775539,351.907743,672.853098,350.067952,2.940651,1.453704,-1.719679,1.43121,0.610486,1.442457
1258,41.933333,1,716.456947,348.326324,628.407793,352.100675,672.43237,350.213499,2.938321,1.438724,-1.721957,1.475536,0.608182,1.45713
1259,41.966667,1,715.938129,348.621383,628.127775,352.722325,672.032952,350.671854,2.933245,1.500904,-1.709716,1.407053,0.611765,1.453978
1260,42.0,1,715.822086,348.731568,627.800932,352.864407,671.811509,350.797987,2.948044,1.429381,-1.726736,1.542637,0.610654,1.486009
1261,42.033333,1,715.605412,348.924494,627.464705,352.958976,671.535058,350.941735,2.932192,1.446448,-1.732543,1.598762,0.599824,1.522605
1262,42.066667,1,715.064049,349.09254,627.241058,352.96213,671.152554,351.027335,2.912509,1.47884,-1.742474,1.536964,0.585018,1.507902
2793,93.1,1,759.510746,360.381796,672.35815,362.476913,715.934448,361.429355,2.583536,1.397725,-1.824318,1.406858,0.379609,1.402292
2794,93.133333,1,756.879597,360.220445,669.562092,361.238816,713.220844,360.729631,2.564858,1.936457,-1.94091,1.305265,0.311974,1.620861
2795,93.166667,1,749.764099,358.563806,663.776112,360.096232,706.770105,359.330019,2.575076,2.529466,-2.114457,1.896545,0.230309,2.213005
2796,93.2,1,746.445713,358.060371,659.099178,359.553992,702.772446,358.807181,2.581164,2.453193,-2.034536,1.907829,0.273314,2.180511
2797,93.233333,1,745.162621,357.022721,656.947441,359.146403,701.055031,358.084562,2.581058,2.243345,-1.996414,2.153999,0.292322,2.198672
2798,93.266667,1,743.147335,356.30368,654.056435,358.900772,698.601885,357.602226,2.61352,2.17681,-2.025249,2.291692,0.294136,2.234251
2799,93.3,1,741.135464,356.100379,651.879253,358.951632,696.507359,357.526006,2.691123,2.345026,-2.030344,2.10622,0.33039,2.225623
2800,93.333333,1,739.764977,355.961875,650.508938,359.140787,695.136957,357.551331,2.673463,2.134168,-1.970821,2.081819,0.351321,2.107993
2801,93.366667,1,736.978626,355.769448,648.677158,359.149348,692.827892,357.459398,2.683202,2.036526,-1.89818,1.788014,0.392511,1.91227
2802,93.4,1,735.280285,355.303645,645.896912,359.040568,690.588598,357.172107,2.667018,2.192948,-1.87058,2.163711,0.398219,2.178329
2803,93.433333,1,733.267021,354.961696,643.745852,358.962511,688.506436,356.962103,2.690442,2.203632,-1.840067,2.381622,0.425188,2.292627
2804,93.466667,1,731.581268,354.272953,641.346664,358.593364,686.463966,356.433158,2.734413,2.194916,-1.852887,2.546717,0.440763,2.370817
2805,93.5,1,730.388546,353.879194,638.771639,358.433735,684.580092,356.156464,2.809542,2.321536,-1.886628,2.52051,0.461457,2.421023
2806,93.533333,1,728.87188,353.451907,637.42795,358.206257,683.149915,355.829082,2.843646,2.20366,-1.869351,2.603461,0.487147,2.403561
2807,93.566667,1,727.29887,353.159316,635.390997,357.697495,681.344934,355.428405,2.879868,2.128115,-1.92397,2.564994,0.477949,2.346554
2808,93.6,1,725.844116,352.994301,634.540281,357.683859,680.192199,355.33908,2.866596,1.915904,-1.926328,2.308011,0.470134,2.111958
2809,93.633333,1,724.431744,355.075979,634.529076,361.011847,679.48041,358.043913,2.844416,1.738859,-1.928251,3.622904,0.458083,2.680881
2810,93.666667,1,723.113213,356.293241,632.952471,362.245599,678.032842,359.26942,2.834778,1.62723,-1.899667,4.983469,0.467556,3.305349
2811,93.7,1,722.896442,354.630271,631.569538,360.766801,677.23299,357.698536,2.915293,1.738507,-1.940942,3.678182,0.487176,2.708345
2812,93.733333,1,720.32423,352.652657,630.972099,359.05112,675.648165,355.851889,2.909681,1.628353,-1.859714,2.714976,0.524984,2.171665
2813,93.766667,1,719.837208,352.554021,631.155701,359.10536,675.496454,355.829691,2.837614,1.510541,-1.888007,3.030393,0.474803,2.270467
2814,93.8,1,719.850063,351.734408,630.343523,358.04357,675.096793,354.888989,2.85559,1.336479,-1.854814,2.104263,0.500388,1.720371
2815,93.833333,1,719.767952,351.312604,629.674139,357.602883,674.721045,354.457743,2.896048,1.410716,-1.823932,2.334069,0.536058,1.872393
2816,93.866667,1,719.203377,351.34847,629.235163,357.143351,674.21927,354.245911,2.866255,1.398151,-1.788133,2.015394,0.539061,1.706773
2817,93.9,1,718.976536,351.298839,628.67301,356.568457,673.824773,353.933648,2.8732,1.521289,-1.78422,2.052107,0.54449,1.786698
2818,93.933333,1,718.482876,351.110789,628.69277,356.577861,673.587823,353.844325,2.870062,1.454556,-1.781791,2.056372,0.544136,1.755464
2819,93.966667,1,718.49577,351.110848,627.95063,356.564943,673.2232,353.837896,2.893774,1.436811,-1.788867,2.06982,0.552453,1.753315
2820,94.0,1,718.749809,351.135117,627.342501,356.647314,673.046155,353.891215,2.920948,1.480374,-1.813122,2.17574,0.553913,1.828057
2821,94.033333,1,717.565231,351.939447,627.066555,357.086381,672.315893,354.512914,2.908272,1.475483,-1.772637,2.2482,0.567818,1.861842
2822,94.066667,1,717.09528,352.195619,626.475277,357.404255,671.785278,354.799937,2.923631,1.491192,-1.792608,2.260136,0.565512,1.875664
2823,94.1,1,716.629982,352.648671,625.554523,357.924716,671.092253,355.286694,2.927862,1.458666,-1.799849,2.274368,0.564007,1.866517
2824,94.133333,1,715.756054,352.532532,624.636717,358.379227,670.196385,355.455879,2.93674,1.472097,-1.816841,2.29152,0.55995,1.881808
2825,94.166667,1,715.694447,352.993362,624.656038,358.669302,670.175242,355.831332,2.923612,1.500563,-1.778945,2.205752,0.572334,1.853157
2826,94.2,1,714.969711,352.98929,623.870134,358.666196,669.419923,355.827743,2.937398,1.519696,-1.799189,2.153552,0.569105,1.836624
2827,94.233333,1,714.566021,352.936687,623.471994,358.675536,669.019008,355.806111,2.951511,1.525347,-1.800157,2.145675,0.575677,1.835511
2828,94.266667,1,714.322491,353.015581,623.581676,358.621672,668.952084,355.818627,2.914459,1.483002,-1.78201,2.183088,0.566225,1.833045
2829,94.3,1,714.375305,353.100168,623.531284,358.603873,668.953295,355.85202,2.922106,1.501043,-1.791375,2.057287,0.565365,1.779165
2830,94.333333,1,714.767876,352.99525,623.924551,358.581519,669.346213,355.788385,2.904679,1.477755,-1.777069,2.182631,0.563805,1.830193
2831,94.366667,1,714.886532,353.081274,624.292555,358.547069,669.589543,355.814171,2.884972,1.473864,-1.773915,2.129245,0.555529,1.801554
2832,94.4,1,715.387154,353.201931,624.743557,358.510757,670.065355,355.856344,2.859531,1.451633,-1.783767,2.044912,0.537882,1.748273
2833,94.433333,1,716.158428,353.214478,624.756393,358.516288,670.457411,355.865383,2.913212,1.340954,-1.792,2.021279,0.560606,1.681117
2834,94.466667,1,716.350384,352.617,624.794989,358.283719,670.572686,355.450359,2.88099,1.353213,-1.805825,2.077901,0.537582,1.715557
2835,94.5,1,716.501026,352.41497,625.256052,357.910286,670.878539,355.162628,2.895142,1.420407,-1.788531,2.237002,0.553306,1.828705
2836,94.533333,1,716.644878,352.151647,625.526476,357.606466,671.085677,354.879057,2.910186,1.523358,-1.812645,2.226758,0.54877,1.875058
2837,94.566667,1,716.537476,352.042524,625.569057,357.097448,671.053267,354.569986,2.888142,1.495903,-1.815869,2.096389,0.536137,1.796146
2838,94.6,1,716.480274,352.168776,625.643597,357.107951,671.061935,354.638363,2.889335,1.513469,-1.815756,2.032294,0.53679,1.772882
2839,94.633333,1,716.53307,352.717593,625.89798,357.484581,671.215525,355.101087,2.898349,1.515435,-1.821177,2.079964,0.538586,1.797699
2840,94.666667,1,717.035389,352.841946,625.721865,357.511543,671.378627,355.176744,2.909811,1.588625,-1.844307,2.165295,0.532752,1.87696
2841,94.7,1,717.055798,352.810237,625.636835,357.249856,671.346316,355.030046,2.926612,1.630202,-1.852144,2.03867,0.537234,1.834436
2842,94.733333,1,717.010155,352.814963,625.573254,357.184904,671.291704,354.999933,2.927081,1.591248,-1.857256,2.066113,0.534913,1.82868
2843,94.766667,1,716.97504,352.769698,625.557718,357.237711,671.266379,355.003704,2.926559,1.64004,-1.857416,2.050094,0.534571,1.845067
2844,94.8,1,716.773796,352.700969,625.157909,357.252479,670.965853,354.976724,2.907413,1.710502,-1.862043,2.016126,0.522685,1.863314
2845,94.833333,1,716.291695,351.790144,624.976549,356.954657,670.634122,354.372401,2.924575,1.702927,-1.849758,1.932076,0.537408,1.817501
2846,94.866667,1,715.845089,351.186594,625.158348,356.597237,670.501719,353.891915,2.906482,1.605358,-1.824495,1.977912,0.540994,1.791635
2847,94.9,1,715.944176,350.987338,624.704885,356.571702,670.324531,353.77952,2.915684,1.57781,-1.83083,1.988267,0.542427,1.783038
2848,94.933333,1,715.493813,350.876943,624.59507,356.574438,670.044441,353.725691,2.898319,1.536687,-1.813293,2.005165,0.542513,1.770926
2849,94.966667,1,715.397778,350.623153,624.652519,356.489605,670.025148,353.556379,2.898163,1.536561,-1.826614,1.901677,0.535775,1.719119
2850,95.0,1,715.428104,350.63717,624.597273,356.483527,670.012689,353.560349,2.896592,1.519806,-1.815671,1.868314,0.540461,1.69406
2851,95.033333,1,715.319939,350.688599,624.567022,356.496665,669.94348,353.592632,2.887986,1.554595,-1.81362,1.86127,0.537183,1.707933
2852,95.066667,1,715.122528,350.563511,624.017906,356.552643,669.570217,353.558077,2.902339,1.615308,-1.824393,1.811857,0.538973,1.713582
2853,95.1,1,714.785023,350.479478,623.743238,356.605664,669.264131,353.542571,2.923884,1.548479,-1.835054,1.833979,0.544415,1.691229
2854,95.133333,1,714.632072,350.458256,623.710346,356.536297,669.171209,353.497277,2.914135,1.495571,-1.820335,1.795739,0.5469,1.645655
2855,95.166667,1,714.639091,350.530531,623.564701,356.549928,669.101896,353.540229,2.91474,1.487321,-1.808833,1.72756,0.552953,1.60744
2856,95.2,1,714.398479,350.593793,623.197594,356.426064,668.798037,353.509929,2.929188,1.616283,-1.829813,1.778294,0.549688,1.697289
2857,95.233333,1,714.036102,350.68022,622.849874,356.42792,668.442988,353.55407,2.956164,1.554722,-1.827385,1.85973,0.564389,1.707226
2858,95.266667,1,713.561974,350.674405,622.457895,356.601834,668.009934,353.638119,2.938517,1.572583,-1.826025,1.885161,0.556246,1.728872
2859,95.3,1,713.358612,350.86733,622.198696,356.658488,667.778654,353.762909,2.963419,1.539232,-1.80656,1.900063,0.57843,1.719648
2860,95.333333,1,713.347301,350.871783,622.143536,356.760605,667.745419,353.816194,2.979629,1.534335,-1.789956,1.828716,0.594837,1.681525
2861,95.366667,1,713.561058,350.772074,622.191544,356.788387,667.876301,353.780231,3.01379,1.493933,-1.792118,1.902899,0.610836,1.698416
2862,95.4,1,713.098488,350.791703,622.002621,356.774322,667.550554,353.783012,3.014654,1.49953,-1.778392,2.056227,0.618131,1.777878
2863,95.433333,1,713.205109,350.787572,621.991634,356.595343,667.598372,353.691458,2.987086,1.462813,-1.767311,2.090624,0.609888,1.776718
2864,95.466667,1,712.96957,350.79144,621.9594,356.87528,667.464485,353.83336,2.996733,1.465888,-1.765509,2.103338,0.615612,1.784613
2865,95.5,1,713.289757,351.129581,621.932001,357.265236,667.610879,354.197408,3.009105,1.481458,-1.758281,2.161989,0.625412,1.821724
2866,95.533333,1,713.400021,351.418787,622.157679,357.435755,667.77885,354.427271,2.996148,1.385076,-1.753521,2.195158,0.621314,1.790117
2867,95.566667,1,713.550224,351.65664,622.32111,357.478268,667.935667,354.567454,2.984358,1.394508,-1.764376,2.209737,0.609991,1.802122
2868,95.6,1,713.605747,351.838006,622.398653,357.67078,668.0022,354.754393,2.992449,1.340003,-1.771791,2.105744,0.610329,1.722873
2869,95.633333,1,713.845005,352.19504,622.394495,358.009747,668.11975,355.102394,2.993667,1.345661,-1.776417,2.057789,0.608625,1.701725
2870,95.666667,1,713.832245,352.122325,622.542067,357.986256,668.187156,355.054291,2.997637,1.265498,-1.766245,2.045823,0.615696,1.65566
2871,95.7,1,713.893127,352.23986,622.521467,357.995027,668.207297,355.117444,2.98739,1.299545,-1.771832,2.093378,0.607779,1.696461
2872,95.733333,1,713.419571,352.558485,622.315912,357.95805,667.867742,355.258268,2.948429,1.404367,-1.784856,1.886227,0.581787,1.645297
2873,95.766667,1,712.98521,352.497851,622.163649,358.153299,667.57443,355.325575,2.90023,1.431054,-1.810442,1.786615,0.544894,1.608835
2874,95.8,1,713.274994,352.692606,622.190952,358.048226,667.732973,355.370416,2.919056,1.443269,-1.793303,1.834026,0.562877,1.638648
2875,95.833333,1,713.284111,352.43373,622.265396,358.152274,667.774754,355.293002,2.922133,1.476254,-1.812299,1.833951,0.554917,1.655102
2876,95.866667,1,713.403015,352.608422,622.37546,358.239806,667.889237,355.424114,2.921341,1.406062,-1.804486,1.812426,0.558428,1.609244
2877,95.9,1,713.58675,352.718087,622.625294,358.4171,668.106022,355.567593,2.918173,1.445253,-1.803817,1.870063,0.557178,1.657658
2878,95.933333,1,713.755264,352.718988,622.921324,358.364802,668.338294,355.541895,2.902506,1.495427,-1.796697,1.891288,0.552904,1.693357
2879,95.966667,1,713.970718,352.770556,623.20076,358.292753,668.585739,355.531654,2.922764,1.519276,-1.785375,1.957883,0.568695,1.73858
2880,96.0,1,714.055595,352.831335,623.271828,358.252187,668.663712,355.541761,2.951838,1.412005,-1.784422,1.893233,0.583708,1.652619
2881,96.033333,1,714.403648,352.591245,623.315163,358.184413,668.859406,355.387829,2.98036,1.365411,-1.792716,1.924123,0.593822,1.644767
2882,96.066667,1,714.837723,352.473212,623.493938,357.966086,669.165831,355.219649,3.000846,1.386816,-1.785748,1.934496,0.607549,1.660656
3063,102.1,1,702.774334,345.431635,612.931423,349.780076,657.852879,347.605855,2.858206,1.540844,-1.760099,1.401505,0.549054,1.471174
3064,102.133333,1,702.461185,345.761021,612.879925,349.903618,657.670555,347.83232,2.853307,1.576633,-1.753558,1.20598,0.549874,1.391306
3065,102.166667,1,702.613697,345.868889,612.784576,350.024425,657.699137,347.946657,2.854386,1.586403,-1.762265,1.306075,0.546061,1.446239
3066,102.2,1,702.617607,345.489872,612.874613,350.001975,657.74611,347.745923,2.835426,1.568073,-1.756599,1.541207,0.539413,1.55464
3067,102.233333,1,702.638569,345.219896,612.921343,349.922673,657.779956,347.571284,2.836043,1.568934,-1.7579,1.631643,0.539071,1.600288
3068,102.266667,1,703.189697,345.389069,613.323345,349.666811,658.256521,347.52794,2.843811,1.792367,-1.765346,1.563146,0.539233,1.677757
3069,102.3,1,704.635811,344.546378,614.69264,348.477868,659.664226,346.512123,2.872132,1.78305,-1.789537,1.832961,0.541297,1.808006
3070,102.333333,1,705.934181,343.223941,616.452179,347.123857,661.19318,345.173899,2.854027,1.498292,-1.756203,1.496499,0.548912,1.497395
3071,102.366667,1,706.174374,343.016027,616.411648,346.947373,661.293011,344.9817,2.862784,1.412436,-1.798987,1.545918,0.531898,1.479177
3072,102.4,1,706.540089,343.509157,616.760197,347.425348,661.650143,345.467252,2.877204,1.443585,-1.809295,1.623883,0.533955,1.533734
3073,102.433333,1,706.269646,344.175031,616.805038,348.4313,661.537342,346.303166,2.855087,1.444831,-1.805255,1.590063,0.524916,1.517447
3074,102.466667,1,706.437359,344.622037,616.490173,349.211158,661.463766,346.916597,2.878054,1.379622,-1.801644,1.686959,0.538205,1.533291
3075,102.5,1,706.353474,345.506555,616.404419,350.009018,661.378946,347.757787,2.883499,1.428345,-1.785136,1.684747,0.549182,1.556546
3076,102.533333,1,706.762447,346.023223,616.389341,350.517586,661.575894,348.270405,2.917058,1.355059,-1.784032,1.658785,0.566513,1.506922
3077,102.566667,1,707.365856,346.116232,616.693048,351.12729,662.029452,348.621761,2.93377,1.335844,-1.803376,1.58966,0.565197,1.462752
3078,102.6,1,708.361034,346.453514,617.830305,351.527851,663.09567,348.990683,2.978964,1.46219,-1.773924,1.561801,0.60252,1.511995
3079,102.633333,1,709.672031,347.125064,619.21484,352.439062,664.443436,349.782063,2.966373,1.418353,-1.788509,1.742427,0.588932,1.58039
3080,102.666667,1,710.539837,347.694701,620.038452,352.645683,665.289145,350.170192,2.996831,1.368686,-1.773561,1.575077,0.611635,1.471881
3081,102.7,1,711.307259,347.888609,621.049051,353.22393,666.178155,350.556269,2.946982,1.339658,-1.769775,1.567288,0.588603,1.453473
3082,102.733333,1,712.187881,347.917593,621.95322,353.372846,667.070551,350.645219,2.92974,1.288758,-1.782118,1.552773,0.573811,1.420766
3083,102.766667,1,712.503223,347.753211,622.280664,352.965279,667.391944,350.359245,2.942728,1.440439,-1.796634,1.506251,0.573047,1.473345
3084,102.8,1,712.869778,347.694744,622.379417,352.584057,667.624598,350.1394,2.931209,1.389005,-1.786488,1.530126,0.57236,1.459565
3085,102.833333,1,712.830524,347.73046,622.623825,352.108018,667.727175,349.919239,2.912854,1.399345,-1.769971,1.494517,0.571441,1.446931
3086,102.866667,1,712.440147,347.866175,622.607536,352.392966,667.523842,350.12957,2.906706,1.36099,-1.748853,1.41272,0.578926,1.386855
3087,102.9,1,712.266502,347.790617,622.394371,352.582828,667.330437,350.186723,2.910247,1.387056,-1.725361,1.374352,0.592443,1.380704
3088,102.933333,1,711.321049,348.363445,621.711292,353.16276,666.516171,350.763102,2.918312,1.338598,-1.700909,1.607238,0.608701,1.472918
3089,102.966667,1,710.969086,349.53335,621.23188,353.749563,666.100483,351.641456,2.910242,1.460596,-1.694166,1.494259,0.608038,1.477428
3090,103.0,1,710.739574,349.854995,620.797253,354.123999,665.768414,351.989497,2.919087,1.542153,-1.6958,1.519659,0.611643,1.530906
3091,103.033333,1,710.585079,349.97393,620.468502,354.351268,665.526791,352.162599,2.929432,1.403774,-1.707172,1.602604,0.61113,1.503189
3092,103.066667,1,709.923401,349.893259,620.443535,354.345099,665.183468,352.119179,2.935517,1.375706,-1.708058,1.566307,0.61373,1.471006
3093,103.1,1,709.382496,349.836236,619.99404,354.240085,664.688268,352.03816,2.93305,1.406737,-1.698694,1.512316,0.617178,1.459527
3094,103.133333,1,709.20927,349.822202,619.610062,354.404499,664.409666,352.113351,2.956939,1.392001,-1.697212,1.561984,0.629863,1.476992
3095,103.166667,1,709.047871,349.789276,619.380741,354.452763,664.214306,352.121019,2.949298,1.419911,-1.703186,1.659403,0.623056,1.539657
3096,103.2,1,709.197769,349.717231,619.381723,354.497845,664.289746,352.107538,2.946267,1.39183,-1.690537,1.630539,0.627865,1.511184
3097,103.233333,1,708.595047,349.702195,619.310389,354.300826,663.952718,352.001511,2.930681,1.335981,-1.711172,1.619741,0.609754,1.477861
3098,103.266667,1,708.829994,349.769856,619.719563,354.226942,664.274778,351.998399,2.925643,1.327036,-1.694482,1.691205,0.61558,1.509121
3099,103.3,1,709.363384,349.941003,620.046511,354.178421,664.704947,352.059712,2.929166,1.31976,-1.705321,1.72902,0.611923,1.52439
3100,103.333333,1,709.391689,349.92433,619.904184,354.155847,664.647937,352.040089,2.924084,1.358216,-1.709651,1.714369,0.607216,1.536293
3101,103.366667,1,709.429798,349.881356,619.998465,353.897835,664.714131,351.889595,2.914731,1.386045,-1.707246,1.63404,0.603743,1.510042
3102,103.4,1,709.34248,349.954891,619.674654,354.319634,664.508567,352.137263,2.913836,1.437006,-1.696503,1.657214,0.608667,1.54711
3103,103.433333,1,709.319992,350.076068,619.699345,354.379672,664.509668,352.22787,2.916618,1.397097,-1.6838,1.614089,0.616409,1.505593
3104,103.466667,1,709.5187,350.308675,619.871941,354.472944,664.69532,352.390809,2.908072,1.444747,-1.694047,1.604222,0.607013,1.524484
3105,103.5,1,709.593563,350.674555,620.124187,354.601958,664.858875,352.638256,2.895284,1.485911,-1.701804,1.579441,0.59674,1.532676
3106,103.533333,1,710.177593,350.595751,620.944052,354.73094,665.560822,352.663346,2.886173,1.496043,-1.672986,1.533329,0.606594,1.514686
3107,103.566667,1,711.065445,350.90118,621.574631,354.636392,666.320038,352.768786,2.901419,1.45188,-1.699394,1.528183,0.601013,1.490031
3108,103.6,1,711.803436,350.99311,622.060719,354.653982,666.932077,352.823546,2.902084,1.47464,-1.712186,1.569744,0.594949,1.522192
3109,103.633333,1,712.47673,350.99495,622.447348,354.631961,667.462039,352.813455,2.917902,1.475883,-1.71269,1.539665,0.602606,1.507774
3110,103.666667,1,712.482166,351.175398,622.638464,354.812924,667.560315,352.994161,2.900378,1.418949,-1.706771,1.567068,0.596804,1.493008
3111,103.7,1,712.362919,351.664558,622.602634,354.959641,667.482777,353.3121,2.89685,1.461847,-1.720316,1.537975,0.588267,1.499911
3112,103.733333,1,712.240505,352.03783,622.695856,354.995765,667.468181,353.516798,2.898826,1.500457,-1.714328,1.416106,0.592249,1.458281
3113,103.766667,1,712.299747,351.892251,622.764339,355.079981,667.532043,353.486116,2.906373,1.467125,-1.718202,1.444694,0.594086,1.45591
3114,103.8,1,712.44175,351.924587,622.707434,354.981249,667.574592,353.452918,2.916628,1.520427,-1.713689,1.454692,0.601469,1.48756
3115,103.833333,1,712.526455,351.884285,622.752867,354.952442,667.639661,353.418363,2.906969,1.519296,-1.71462,1.530295,0.596174,1.524795
3116,103.866667,1,712.496891,351.92381,622.73613,354.905219,667.61651,353.414514,2.907368,1.557703,-1.716549,1.508591,0.595409,1.533147
3117,103.9,1,712.518311,351.914974,622.693892,354.877464,667.606101,353.396219,2.907814,1.59302,-1.720161,1.528179,0.593827,1.560599
3118,103.933333,1,711.957436,351.591285,622.190132,355.068898,667.073784,353.330092,2.91152,1.55905,-1.70883,1.633547,0.601345,1.596298
3119,103.966667,1,711.707363,351.447439,621.820726,355.476916,666.764045,353.462177,2.922484,1.524469,-1.716159,1.699241,0.603163,1.611855
3120,104.0,1,711.170597,351.485537,621.61541,355.456327,666.393003,353.470932,2.927094,1.541962,-1.718971,1.706177,0.604061,1.62407
3121,104.033333,1,710.881729,351.514306,621.154299,355.397866,666.018014,353.456086,2.928965,1.546775,-1.721053,1.581686,0.603956,1.564231
3122,104.066667,1,710.23901,351.422703,620.774145,355.500192,665.506577,353.461448,2.942579,1.441893,-1.722596,1.635297,0.609991,1.538595
3123,104.1,1,709.868851,351.372562,620.255346,355.685093,665.062099,353.528827,2.924473,1.399734,-1.71439,1.620179,0.605041,1.509956
3124,104.133333,1,709.43819,351.501512,619.774361,355.726157,664.606276,353.613835,2.937954,1.488133,-1.696902,1.636801,0.620526,1.562467
3125,104.166667,1,708.476734,351.658083,618.629179,356.009018,663.552957,353.833551,2.94792,1.539879,-1.698856,1.488103,0.624532,1.513991
3126,104.2,1,707.732639,351.670974,618.45129,356.464945,663.091965,354.067959,2.927178,1.572704,-1.69698,1.385145,0.615099,1.478925
3127,104.233333,1,706.797924,351.84138,617.69907,356.76495,662.248497,354.303165,2.930483,1.532684,-1.713012,1.366506,0.608736,1.449595
3128,104.266667,1,706.491566,351.916541,617.232637,357.141436,661.862102,354.528988,2.970693,1.4981,-1.724477,1.507035,0.623108,1.502567
3129,104.3,1,705.471134,352.450955,616.460457,357.400473,660.965796,354.925714,2.943995,1.586143,-1.736099,1.368041,0.603948,1.477092
3130,104.333333,1,705.49511,352.549397,615.960245,357.663394,660.727677,355.106395,2.972012,1.502718,-1.725954,1.366168,0.623029,1.434443
3131,104.366667,1,705.052071,352.277368,615.676765,357.751794,660.364418,355.014581,2.969266,1.486891,-1.715168,1.394775,0.627049,1.440833
3132,104.4,1,704.365292,352.331656,615.515804,357.810395,659.940548,355.071025,2.966965,1.543713,-1.726828,1.42217,0.620068,1.482942
3133,104.433333,1,703.722572,352.500962,615.096569,357.981933,659.409571,355.241447,2.942658,1.489798,-1.73753,1.312453,0.602564,1.401125
3134,104.466667,1,704.200764,352.66087,615.313864,357.841347,659.757314,355.251109,2.947287,1.51543,-1.738645,1.379936,0.604321,1.447683
3135,104.5,1,704.774857,352.684007,615.838642,357.722713,660.306749,355.20336,2.955431,1.50015,-1.713818,1.385294,0.620806,1.442722
3136,104.533333,1,704.680023,352.726182,615.837479,357.734504,660.258751,355.230343,2.963093,1.36879,-1.708352,1.430353,0.627371,1.399572
3137,104.566667,1,704.514027,352.582442,615.792418,357.701835,660.153222,355.142139,2.958452,1.337374,-1.692855,1.402638,0.632799,1.370006
3138,104.6,1,704.589005,352.758197,615.701189,357.706465,660.145097,355.232331,2.964742,1.299197,-1.708368,1.441558,0.628187,1.370377
3139,104.633333,1,704.393044,352.615626,615.242729,357.739579,659.817886,355.177603,2.958406,1.329893,-1.707804,1.436002,0.625301,1.382947
3140,104.666667,1,704.169388,352.685391,615.028038,357.672347,659.598713,355.178869,2.968137,1.309408,-1.703857,1.450718,0.63214,1.380063
3141,104.7,1,703.93692,352.789884,614.666348,357.694716,659.301634,355.2423,2.977997,1.324206,-1.690805,1.554873,0.643596,1.43954
3142,104.733333,1,703.858356,352.781022,614.558754,357.536697,659.208555,355.158859,2.981174,1.348913,-1.686892,1.468292,0.647141,1.408602
3143,104.766667,1,703.570194,352.558603,614.460526,357.432665,659.01536,354.995634,2.979031,1.338596,-1.6841,1.513128,0.647466,1.425862
3144,104.8,1,703.523865,352.491977,614.347448,357.373769,658.935657,354.932873,2.973246,1.341246,-1.681326,1.538054,0.64596,1.43965
3145,104.833333,1,703.522987,352.465948,614.35379,357.294874,658.938389,354.880411,2.981892,1.302032,-1.677955,1.506821,0.651969,1.404427
3146,104.866667,1,703.340492,352.446991,614.069014,357.251583,658.704753,354.849287,2.987743,1.325398,-1.675235,1.568582,0.656254,1.44699
3147,104.9,1,703.207493,352.606142,614.014091,357.281941,658.610792,354.944041,2.98851,1.315974,-1.684998,1.537119,0.651756,1.426547
3148,104.933333,1,703.121586,352.694789,614.022112,357.294708,658.571849,354.994749,2.989131,1.283205,-1.684366,1.487782,0.652382,1.385493
3149,104.966667,1,702.495289,352.624397,613.302336,357.254244,657.898812,354.939321,3.007821,1.343939,-1.689922,1.49612,0.658949,1.42003
3150,105.0,1,702.432461,352.661664,613.052711,357.257543,657.742586,354.959604,3.012475,1.298927,-1.687942,1.50912,0.662267,1.404024
3151,105.033333,1,699.328995,351.846734,610.930424,357.228779,655.129709,354.537756,2.994941,1.306092,-1.753189,1.414898,0.620876,1.360495
3152,105.066667,1,698.682442,351.744064,610.245991,357.358721,654.464216,354.551393,2.988258,1.387266,-1.747134,1.435425,0.620562,1.411345
3693,123.1,1,690.57045,372.529789,605.923529,380.668062,648.246989,376.598926,2.871881,1.515496,-1.666384,21.309509,0.602748,11.412503
3694,123.133333,1,690.610199,371.434793,606.025324,379.874933,648.317761,375.654863,2.879642,1.437125,-1.633735,25.191447,0.622954,13.314286
3695,123.166667,1,690.540047,371.04318,605.785561,379.377984,648.162804,375.210582,2.894969,1.507025,-1.657175,19.506625,0.618897,10.506825
3696,123.2,1,689.665508,370.484122,606.229305,379.102854,647.947407,374.793488,2.885525,1.499624,-1.609707,26.910505,0.637909,14.205064
3697,123.233333,1,689.114819,370.359238,605.390291,378.855919,647.252555,374.607579,2.896943,1.512592,-1.625399,19.980092,0.635772,10.746342
3698,123.266667,1,689.28133,370.173211,605.862818,378.694664,647.572074,374.433938,2.899443,1.494771,-1.592941,18.039175,0.653251,9.766973
3699,123.3,1,688.944454,370.055301,604.658842,378.229955,646.801648,374.142628,2.942779,1.527038,-1.618495,19.579977,0.662142,10.553508
3700,123.333333,1,688.666248,369.90661,604.728575,378.069474,646.697412,373.988042,2.946281,1.509751,-1.60401,21.3476,0.671135,11.428676
3701,123.366667,1,688.600864,369.784495,605.060835,377.741128,646.83085,373.762811,2.926518,1.411418,-1.604213,19.215167,0.661152,10.313292
3702,123.4,1,688.488503,369.408127,605.230722,377.599636,646.859612,373.503882,2.908898,1.400189,-1.595266,20.820578,0.656816,11.110384
3703,123.433333,1,689.332733,369.166632,605.308304,377.418137,647.320518,373.292384,2.924685,1.369405,-1.614725,16.15548,0.65498,8.762442
3704,123.466667,1,689.798393,369.123888,605.976858,377.139798,647.887626,373.131843,2.950482,1.574463,-1.616135,20.837166,0.667173,11.205815
3705,123.5,1,690.872746,369.118942,606.507444,376.963084,648.690095,373.041013,2.931243,1.385697,-1.630738,20.194398,0.650253,10.790047
3706,123.533333,1,691.612263,369.119478,607.589798,376.694938,649.60103,372.907208,2.930566,1.496657,-1.6393,15.547517,0.645633,8.522087
3707,123.566667,1,693.328304,368.979939,608.910542,376.332754,651.119423,372.656347,2.941351,1.510229,-1.653999,8.481058,0.643676,4.995644
3708,123.6,1,694.93494,368.507087,608.238955,375.968274,651.586947,372.237681,3.048742,1.735135,-1.696609,6.640702,0.676066,4.187919
3709,123.633333,1,696.103096,367.489007,609.463425,374.930109,652.78326,371.209558,3.020944,1.934936,-1.691432,11.451882,0.664756,6.693409
3710,123.666667,1,697.015896,366.908888,608.973141,374.451442,652.994518,370.680165,3.034467,1.894016,-1.706501,7.315297,0.663983,4.604656
3711,123.7,1,695.973682,366.558532,609.937906,374.288621,652.955794,370.423577,2.976027,1.988145,-1.697799,6.949669,0.639114,4.468907
3712,123.733333,1,696.646519,366.28139,610.100241,373.94032,653.37338,370.110855,2.995393,2.035507,-1.709034,7.949613,0.64318,4.99256
3713,123.766667,1,696.630402,365.956682,610.66206,373.419682,653.646231,369.688182,2.998092,2.020122,-1.69629,8.498629,0.650901,5.259376
3714,123.8,1,697.627029,365.533816,611.115961,373.251947,654.371495,369.392881,2.994591,1.767332,-1.715382,8.475163,0.639605,5.121247
3715,123.833333,1,697.047501,365.019304,611.312447,372.741512,654.179974,368.880408,2.97697,1.66912,-1.717233,9.933237,0.629869,5.801179
3716,123.866667,1,697.148361,364.322214,611.598043,372.218288,654.373202,368.270251,2.989642,1.759296,-1.714661,6.53636,0.63749,4.147828
3717,123.9,1,697.437553,363.983,611.951008,371.772001,654.694281,367.8775,3.00422,1.747952,-1.707054,7.989674,0.648583,4.868813
3718,123.933333,1,697.709999,364.355934,611.875553,371.86208,654.792776,368.109007,3.00757,1.804133,-1.695761,9.488682,0.655904,5.646407
3719,123.966667,1,697.210789,364.415216,611.671066,371.79672,654.440928,368.105968,3.02779,1.8979,-1.695579,9.720107,0.666106,5.809004
3720,124.0,1,697.516708,364.530841,611.261463,371.764941,654.389086,368.147891,3.035007,2.003228,-1.711268,8.152397,0.661869,5.077813
3721,124.033333,1,697.964211,364.655923,611.471395,371.792729,654.717803,368.224326,3.044551,2.069763,-1.710037,7.049009,0.667257,4.559386
3722,124.066667,1,697.690086,364.15133,611.351986,371.283013,654.521036,367.717171,3.032608,2.010486,-1.717566,6.528059,0.657521,4.269273
3723,124.1,1,698.624897,363.059199,611.761961,369.902276,655.193429,366.480737,2.973287,1.877952,-1.726649,6.128543,0.623319,4.003248
3724,124.133333,1,699.025669,360.896925,612.655048,368.575763,655.840359,364.736344,2.903683,1.390922,-1.73263,8.960197,0.585527,5.175559
3725,124.166667,1,703.491631,357.43915,615.986814,364.600895,659.739223,361.020023,2.935322,2.064869,-1.745724,5.219715,0.594799,3.642292
3726,124.2,1,706.377316,354.065832,618.750391,360.800575,662.563853,357.433204,2.869424,1.44635,-1.763999,2.358935,0.552712,1.902643
3727,124.233333,1,708.871937,352.175503,620.633135,358.376443,664.752536,355.275973,2.961764,1.374494,-1.754433,1.897886,0.603666,1.63619
3728,124.266667,1,711.325722,351.606477,622.71224,357.032484,667.018981,354.319481,2.941893,1.503672,-1.799894,1.947458,0.570999,1.725565
3729,124.3,1,713.538303,351.903028,624.510174,356.728622,669.024239,354.315825,2.940556,1.466699,-1.818808,1.7912,0.560874,1.628949
3730,124.333333,1,714.968052,352.329682,625.418682,356.704214,670.193367,354.516948,2.986979,1.657702,-1.8014,1.852697,0.592789,1.7552
3731,124.366667,1,716.446056,352.713618,626.711311,356.725473,671.578684,354.719546,2.961332,1.601591,-1.820971,1.953063,0.57018,1.777327
3732,124.4,1,717.375755,353.408487,627.927942,356.563237,672.651849,354.985862,2.953663,1.740661,-1.801991,2.054639,0.575836,1.89765
3733,124.433333,1,718.203354,353.752148,628.519344,356.873794,673.361349,355.312971,2.94677,1.73313,-1.807813,2.04043,0.569478,1.88678
3734,124.466667,1,718.300972,353.873883,629.233618,356.766098,673.767295,355.319991,2.95195,1.819342,-1.795495,1.912333,0.578228,1.865838
3735,124.5,1,719.011574,353.527921,629.43778,356.786075,674.224677,355.156998,2.942661,1.74054,-1.810664,1.831213,0.565998,1.785876
3736,124.533333,1,719.137268,354.027514,629.356146,356.869277,674.246707,355.448396,2.953348,1.811623,-1.796384,1.951772,0.578482,1.881698
3737,124.566667,1,718.999996,354.468808,629.106016,357.092936,674.053006,355.780872,2.975353,1.898022,-1.813683,1.867338,0.580835,1.88268
3738,124.6,1,718.748875,354.512007,629.066362,357.17881,673.907619,355.845408,2.961259,1.831613,-1.808832,1.886417,0.576214,1.859015
3739,124.633333,1,718.634701,354.247976,628.778753,357.209891,673.706727,355.728934,2.980878,1.803883,-1.811706,1.894878,0.584586,1.84938
3740,124.666667,1,718.342972,354.229458,628.690939,357.15674,673.516955,355.693099,2.974425,1.801073,-1.814503,1.913485,0.579961,1.857279
3741,124.7,1,718.240604,354.165621,628.47209,357.241922,673.356347,355.703772,2.978385,1.778897,-1.79507,1.906041,0.591657,1.842469
3742,124.733333,1,717.963905,354.335534,628.304367,357.54756,673.134136,355.941547,2.947592,1.697837,-1.8002,1.891836,0.573696,1.794836
3743,124.766667,1,717.468948,354.337052,627.899971,357.628981,672.68446,355.983016,2.952882,1.59792,-1.80423,1.965022,0.574326,1.781471
3744,124.8,1,716.961765,354.254617,627.276897,357.964665,672.119331,356.109641,2.927707,1.562545,-1.783712,2.017549,0.571998,1.790047
3745,124.833333,1,716.032925,354.22463,626.820021,357.996454,671.426473,356.110542,2.914327,1.519765,-1.761858,1.960646,0.576235,1.740205
3746,124.866667,1,715.974541,354.457784,626.566181,358.228862,671.270361,356.343323,2.934284,1.540512,-1.764755,2.06692,0.584765,1.803716
3747,124.9,1,715.829601,354.531303,626.277962,358.454136,671.053782,356.492719,2.927015,1.514435,-1.756453,2.135624,0.585281,1.825029
3748,124.933333,1,715.676098,354.519646,625.669203,358.491794,670.67265,356.50572,2.938538,1.491652,-1.760005,2.099824,0.589266,1.795738
3749,124.966667,1,715.183563,354.680294,625.518456,358.621661,670.351009,356.650978,2.92575,1.485934,-1.734261,2.139963,0.595745,1.812948
3750,125.0,1,714.673958,354.478281,625.309887,358.584319,669.991922,356.5313,2.921076,1.383175,-1.734977,2.015314,0.593049,1.699245
3751,125.033333,1,714.320698,354.118114,625.291138,358.249912,669.805918,356.184013,2.886339,1.32857,-1.746716,1.927036,0.569812,1.627803
3752,125.066667,1,713.982906,354.316952,624.834757,358.325207,669.408832,356.321079,2.890948,1.404949,-1.750696,1.782635,0.570126,1.593792
3753,125.1,1,713.912125,354.287608,624.630041,358.408307,669.271083,356.347958,2.887511,1.340517,-1.761222,1.808558,0.563144,1.574538
3754,125.133333,1,713.800316,354.493892,624.571342,358.485593,669.185829,356.489742,2.888981,1.403161,-1.751735,1.739583,0.568623,1.571372
3755,125.166667,1,713.671608,354.623045,624.355192,358.598894,669.0134,356.61097,2.885769,1.365528,-1.749483,1.788577,0.568143,1.577052
3756,125.2,1,713.722572,354.560121,624.382362,358.590231,669.052467,356.575176,2.903108,1.370519,-1.753512,1.78895,0.574798,1.579735
3757,125.233333,1,714.098568,354.620996,624.361467,358.743283,669.230018,356.68214,2.902938,1.299067,-1.750608,1.800004,0.576165,1.549536
3758,125.266667,1,714.264698,354.56541,624.906778,358.773013,669.585738,356.669211,2.909293,1.254335,-1.741787,1.713375,0.583753,1.483855
3759,125.3,1,714.669838,354.569251,625.119963,358.81412,669.8949,356.691686,2.915788,1.295858,-1.763089,1.764469,0.576349,1.530164
3760,125.333333,1,714.368687,354.436079,625.474329,358.586224,669.921508,356.511151,2.91517,1.298414,-1.738287,1.702007,0.588441,1.50021
3761,125.366667,1,714.368916,354.394237,625.437708,358.598283,669.903312,356.49626,2.920931,1.301983,-1.74571,1.726273,0.587611,1.514128
3762,125.4,1,714.455948,354.14587,625.428877,358.507404,669.942412,356.326637,2.923279,1.315013,-1.7494,1.747134,0.586939,1.531074
3763,125.433333,1,714.385796,353.777136,625.475626,358.108394,669.930711,355.942765,2.925447,1.383447,-1.770835,1.674786,0.577306,1.529116
3764,125.466667,1,714.401169,353.653362,625.466261,358.03607,669.933715,355.844716,2.888217,1.262692,-1.749729,1.793133,0.569244,1.527912
3765,125.5,1,714.135036,353.428191,625.310268,357.857097,669.722652,355.642644,2.884909,1.256892,-1.751427,1.734546,0.566741,1.495719
3766,125.533333,1,714.021339,353.174615,624.72331,357.615736,669.372325,355.395176,2.910776,1.259425,-1.773138,1.728647,0.568819,1.494036
3767,125.566667,1,713.96349,353.145947,624.767179,357.442326,669.365335,355.294137,2.923965,1.156728,-1.7553,1.74759,0.584332,1.452159
3768,125.6,1,714.036694,353.131109,624.956417,357.394143,669.496555,355.262626,2.914975,1.222982,-1.745387,1.756098,0.584794,1.48954
3769,125.633333,1,714.318504,353.172925,625.106745,357.375603,669.712625,355.274264,2.919958,1.303747,-1.771754,1.783163,0.574102,1.543455
3770,125.666667,1,714.730778,353.252957,625.355101,357.21282,670.042939,355.232888,2.919412,1.363682,-1.762213,1.723868,0.578599,1.543775
3771,125.7,1,714.990292,353.435878,625.578089,357.185869,670.28419,355.310874,2.926809,1.454724,-1.757307,1.603245,0.584751,1.528984
3772,125.733333,1,715.243225,353.324191,625.746775,357.018397,670.495,355.171294,2.930333,1.530473,-1.764685,1.514915,0.582824,1.522694
3773,125.766667,1,715.309334,353.346743,625.905647,356.815531,670.607491,355.081137,2.926664,1.591846,-1.775113,1.465401,0.575775,1.528624
3774,125.8,1,716.095085,353.426029,626.270533,356.744007,671.182809,355.085018,2.950624,1.660711,-1.777988,1.414458,0.586318,1.537584
3775,125.833333,1,716.455536,353.5179,626.780405,356.592806,671.61797,355.055353,2.951163,1.621994,-1.784986,1.402007,0.583089,1.512
3776,125.866667,1,716.785145,353.645423,626.967239,356.589834,671.876192,355.117629,2.933557,1.711221,-1.795452,1.373013,0.569052,1.542117
3777,125.9,1,716.869011,353.689309,627.034664,356.68215,671.951838,355.18573,2.939848,1.716487,-1.803368,1.376752,0.56824,1.546619
3778,125.933333,1,716.879864,353.740223,626.960964,356.714707,671.920414,355.227465,2.934529,1.717586,-1.794338,1.401518,0.570096,1.559552
3779,125.966667,1,716.851616,353.76704,626.85214,356.840358,671.851878,355.303699,2.932242,1.682566,-1.795545,1.454872,0.568348,1.568719
3780,126.0,1,716.340656,353.736253,626.441975,356.883466,671.391315,355.30986,2.92568,1.629972,-1.774347,1.432446,0.575667,1.531209
3781,126.033333,1,716.14933,353.691815,626.365595,357.045912,671.257463,355.368863,2.918215,1.614274,-1.755155,1.557373,0.58153,1.585824
3782,126.066667,1,715.244236,353.332055,626.094933,357.265,670.669584,355.298527,2.89451,1.510946,-1.738211,1.552254,0.57815,1.5316
4683,156.1,1,710.505295,354.685611,620.911818,359.44217,665.708556,357.06389,2.90393,1.280163,-1.800727,1.150696,0.551602,1.21543
4684,156.133333,1,710.856857,354.746642,620.885468,359.487526,665.871162,357.117084,2.901935,1.288551,-1.80723,1.159042,0.547353,1.223796
4685,156.166667,1,711.067276,354.648296,621.312933,359.540377,666.190104,357.094336,2.911165,1.280788,-1.80782,1.163366,0.551673,1.222077
4686,156.2,1,711.227093,354.7093,621.566687,359.644436,666.39689,357.176868,2.904951,1.250883,-1.806927,1.09795,0.549012,1.174416
4687,156.233333,1,712.151909,354.883118,621.82497,359.762485,666.98844,357.322801,2.929622,1.274095,-1.837889,1.185497,0.545867,1.229796
4688,156.266667,1,711.899109,354.988142,621.899118,359.677845,666.899114,357.332994,2.920214,1.262371,-1.839107,1.159996,0.540554,1.211183
4689,156.3,1,712.157516,355.104319,622.106953,359.886618,667.132235,357.495469,2.923013,1.266394,-1.8242,1.186091,0.549406,1.226243
4690,156.333333,1,712.208633,355.115386,622.176657,359.806527,667.192645,357.460957,2.911912,1.273602,-1.81613,1.147717,0.547891,1.210659
4691,156.366667,1,712.502785,354.786209,622.633419,359.621288,667.568102,357.203749,2.922431,1.274013,-1.840612,1.156858,0.540909,1.215435
4692,156.4,1,713.280602,354.566451,622.842493,359.249223,668.061547,356.907837,2.963522,1.324175,-1.839942,1.248449,0.56179,1.286312
4693,156.433333,1,713.227177,354.602408,622.899637,359.148484,668.063407,356.875446,2.953419,1.399193,-1.828854,1.271263,0.562282,1.335228
4694,156.466667,1,713.461075,354.596416,623.662033,359.268481,668.561554,356.932449,2.937402,1.367187,-1.804005,1.246368,0.566699,1.306777
4695,156.5,1,714.638023,354.776763,624.701252,359.341518,669.669638,357.05914,2.936506,1.291578,-1.780771,1.356019,0.577867,1.323798
4696,156.533333,1,714.788208,354.943188,624.836655,359.28738,669.812431,357.115284,2.935737,1.325032,-1.772932,1.40375,0.581403,1.364391
4697,156.566667,1,715.168076,354.873204,624.889288,359.267955,670.028682,357.07058,2.938517,1.330783,-1.759343,1.405441,0.589587,1.368112
4698,156.6,1,715.417633,355.006891,625.079355,359.416201,670.248494,357.211546,2.951962,1.29873,-1.768333,1.387998,0.591815,1.343364
4699,156.633333,1,715.575409,354.955001,625.419416,359.325698,670.497413,357.140349,2.94293,1.300163,-1.766894,1.400332,0.588018,1.350247
4700,156.666667,1,715.816002,354.842445,625.413151,359.296419,670.614576,357.069432,2.938427,1.300874,-1.772531,1.423404,0.582948,1.362139
4701,156.7,1,715.929317,354.813284,626.052723,359.19037,670.99102,357.001827,2.928602,1.351371,-1.765295,1.380734,0.581654,1.366052
4702,156.733333,1,716.180096,354.791611,626.052008,359.188224,671.116052,356.989918,2.932909,1.321121,-1.756355,1.397003,0.588277,1.359062
4703,156.766667,1,716.121063,354.796053,626.137743,359.170538,671.129403,356.983295,2.927645,1.361629,-1.770075,1.363549,0.578785,1.362589
4704,156.8,1,716.446285,354.932926,626.596718,359.121271,671.521502,357.027099,2.939757,1.287943,-1.764264,1.363418,0.587747,1.32568
4705,156.833333,1,716.757774,354.914113,626.841097,359.077535,671.799436,356.995824,2.951253,1.358641,-1.760977,1.34114,0.595138,1.34989
4706,156.866667,1,716.716309,354.890311,626.840801,359.118948,671.778555,357.00463,2.961598,1.312356,-1.764855,1.339507,0.598372,1.325932
4707,156.9,1,716.756401,354.796579,626.883116,358.939927,671.819758,356.868253,2.946475,1.257155,-1.762005,1.350393,0.592235,1.303774
4708,156.933333,1,716.213856,354.776607,625.971985,359.152261,671.09292,356.964434,2.945444,1.244928,-1.77533,1.360778,0.585057,1.302853
4709,156.966667,1,715.332432,354.649422,625.134516,359.334978,670.233474,356.9922,2.940817,1.258774,-1.839839,1.309269,0.550489,1.284021
4710,157.0,1,715.404758,354.544274,625.074501,359.228779,670.23963,356.886527,2.940674,1.305094,-1.825405,1.331417,0.557634,1.318255
4711,157.033333,1,715.432262,354.56651,625.040026,359.159825,670.236144,356.863167,2.940738,1.323429,-1.832426,1.355972,0.554156,1.3397
4712,157.066667,1,715.387592,354.545197,625.057297,359.121222,670.222445,356.83321,2.945708,1.329509,-1.822884,1.338331,0.561412,1.33392
4713,157.1,1,715.199623,354.712776,624.894609,359.155984,670.047116,356.93438,2.941954,1.382471,-1.819856,1.319186,0.561049,1.350829
4714,157.133333,1,715.710926,354.667307,624.884243,359.157432,670.297585,356.91237,2.958798,1.380662,-1.816889,1.357974,0.570954,1.369318
4715,157.166667,1,715.72237,354.71416,625.385551,359.268959,670.553961,356.991559,2.946267,1.345888,-1.817785,1.356766,0.564241,1.351327
4716,157.2,1,716.134319,354.586138,625.561523,359.251283,670.847921,356.91871,2.961475,1.318,-1.79943,1.362226,0.581023,1.340113
4717,157.233333,1,716.42561,354.559134,625.641689,359.271373,671.033649,356.915253,2.95606,1.366179,-1.792758,1.341844,0.581651,1.354011
4718,157.266667,1,716.612225,354.361868,626.195402,358.829876,671.403813,356.595872,2.963931,1.352882,-1.790977,1.331392,0.586477,1.342137
4719,157.3,1,716.824017,354.252681,626.372757,358.421901,671.598387,356.337291,2.968134,1.340653,-1.772731,1.344271,0.597701,1.342462
4720,157.333333,1,716.853848,354.236995,626.42271,358.383706,671.638279,356.310351,2.970513,1.289776,-1.767625,1.333804,0.601444,1.31179
4721,157.366667,1,716.8433,354.22014,626.311007,358.380783,671.577153,356.300461,2.968118,1.281359,-1.769393,1.322048,0.599363,1.301703
4722,157.4,1,716.897907,354.098014,626.569719,358.366068,671.733813,356.232041,2.965216,1.298675,-1.779684,1.334021,0.592766,1.316348
4723,157.433333,1,716.912766,354.129444,626.525507,358.315916,671.719136,356.22268,2.966905,1.352906,-1.790013,1.32066,0.588446,1.336783
4724,157.466667,1,717.023964,353.927945,626.588211,358.144695,671.806087,356.03632,2.958142,1.313579,-1.785034,1.309647,0.586554,1.311613
4725,157.5,1,717.236462,353.754643,626.718006,357.990945,671.977234,355.872794,2.954442,1.274507,-1.76812,1.299469,0.593161,1.286988
4726,157.533333,1,717.368622,353.785043,626.725273,358.017499,672.046947,355.901271,2.961473,1.245277,-1.785688,1.345937,0.587893,1.295607
4727,157.566667,1,717.300549,353.736237,627.006454,357.812852,672.153502,355.774544,2.95995,1.252337,-1.781366,1.313247,0.589292,1.282792
4728,157.6,1,717.493324,353.716786,627.344551,357.251975,672.418938,355.48438,2.964277,1.36725,-1.778155,1.271929,0.593061,1.319589
4729,157.633333,1,717.905674,353.747964,627.618113,357.272177,672.761893,355.510071,2.950273,1.34066,-1.771584,1.247027,0.589344,1.293844
4730,157.666667,1,718.085976,353.697672,628.036261,357.193031,673.061118,355.445352,2.938621,1.290396,-1.776056,1.321666,0.581282,1.306031
4731,157.7,1,718.580093,353.517525,628.148041,357.032388,673.364067,355.274956,2.961238,1.362003,-1.803112,1.272407,0.579063,1.317205
4732,157.733333,1,718.437824,353.532051,628.140211,357.055342,673.289018,355.293697,2.937833,1.424243,-1.833736,1.269517,0.552049,1.34688
4733,157.766667,1,719.055519,353.242308,628.364916,356.792893,673.710217,355.017601,2.95545,1.478497,-1.793341,1.260199,0.581054,1.369348
4734,157.8,1,719.233398,353.174754,628.502808,356.720898,673.868103,354.947826,2.948596,1.393577,-1.802898,1.292626,0.572849,1.343101
4735,157.833333,1,719.456501,353.161349,628.98181,356.623222,674.219155,354.892285,2.952274,1.324803,-1.803669,1.288158,0.574302,1.306481
4736,157.866667,1,719.515972,353.197049,629.093266,356.614146,674.304619,354.905597,2.940309,1.349526,-1.811138,1.234938,0.564586,1.292232
4737,157.9,1,719.964027,352.829876,629.523706,356.457295,674.743867,354.643586,2.957534,1.361317,-1.801974,1.29284,0.57778,1.327078
4738,157.933333,1,720.11343,352.822752,629.55945,356.437651,674.83644,354.630201,2.938689,1.404185,-1.826908,1.243074,0.555891,1.323629
4739,157.966667,1,721.157837,353.150395,630.887117,356.288509,676.022477,354.719452,2.940147,1.364994,-1.797612,1.286959,0.571268,1.325976
4740,158.0,1,721.335354,353.14194,631.129961,356.258565,676.232657,354.700253,2.939809,1.342375,-1.80232,1.269759,0.568745,1.306067
4741,158.033333,1,721.634083,353.170232,631.340761,356.262385,676.487422,354.716308,2.934491,1.354655,-1.809133,1.286873,0.562679,1.320764
4742,158.066667,1,721.608315,353.138695,631.164236,356.132641,676.386275,354.635668,2.957179,1.381571,-1.820816,1.25857,0.568182,1.320071
4743,158.1,1,721.389446,353.03904,630.798626,356.075,676.094036,354.55702,2.957632,1.344085,-1.812617,1.322436,0.572507,1.33326
4744,158.133333,1,721.282692,353.010662,630.520992,356.035631,675.901842,354.523146,2.942059,1.342275,-1.821325,1.332059,0.560367,1.337167
4745,158.166667,1,721.371784,353.026691,630.518322,356.078964,675.945053,354.552828,2.942881,1.37444,-1.813045,1.422146,0.564918,1.398293
4746,158.2,1,721.532612,353.579468,631.376009,356.6081,676.45431,355.093784,2.93962,1.171865,-1.779377,1.441295,0.580122,1.30658
4747,158.233333,1,721.688919,353.904465,631.27058,356.586599,676.47975,355.245532,2.932392,1.263553,-1.795134,1.45813,0.568629,1.360841
4748,158.266667,1,721.635571,354.00022,631.322031,356.693775,676.478801,355.346998,2.901942,1.24638,-1.79572,1.502621,0.553111,1.374501
4749,158.3,1,721.638966,354.051359,631.250954,356.784455,676.44496,355.417907,2.900797,1.268991,-1.793312,1.636699,0.553742,1.452845
4750,158.333333,1,721.588421,354.050946,630.973454,356.704364,676.280937,355.377655,2.890812,1.291952,-1.790338,1.618684,0.550237,1.455318
4751,158.366667,1,720.900288,354.076733,631.195164,356.748846,676.047726,355.41279,2.865793,1.404796,-1.772226,1.63817,0.546783,1.521483
4752,158.4,1,720.641956,353.997141,630.712738,356.630464,675.677347,355.313803,2.861548,1.480679,-1.785409,1.577203,0.538069,1.528941
4753,158.433333,1,719.505043,354.668568,630.304337,357.069746,674.90469,355.869157,2.839745,1.438835,-1.785858,1.294423,0.526944,1.366629
4754,158.466667,1,718.912525,354.35078,629.073515,357.127794,673.99302,355.739287,2.867813,1.543584,-1.802408,1.344644,0.532703,1.444114
4755,158.5,1,718.029575,353.99278,628.997021,357.153533,673.513298,355.573156,2.842663,1.441573,-1.792762,1.445227,0.52495,1.4434
4756,158.533333,1,717.673492,354.008884,628.70801,356.898648,673.190751,355.453766,2.871185,1.466338,-1.787129,1.441338,0.542028,1.453838
4757,158.566667,1,717.088966,353.980817,628.241119,356.680149,672.665043,355.330483,2.870969,1.491361,-1.779504,1.301257,0.545733,1.396309
4758,158.6,1,716.783409,353.90763,627.884874,356.681244,672.334142,355.294437,2.870738,1.50829,-1.779346,1.216313,0.545696,1.362301
4759,158.633333,1,716.628361,353.808818,627.39172,356.76517,672.01004,355.286994,2.873606,1.468315,-1.798066,1.270614,0.53777,1.369465
4760,158.666667,1,716.699333,353.310018,627.450571,356.766661,672.074952,355.03834,2.877751,1.319792,-1.810391,1.37554,0.53368,1.347666
4761,158.7,1,716.781368,353.114619,627.330656,356.424041,672.056012,354.76933,2.878448,1.412463,-1.829242,1.334624,0.524603,1.373544
4762,158.733333,1,716.812096,353.237041,627.411652,356.283086,672.111874,354.760063,2.874435,1.464809,-1.831589,1.280012,0.521423,1.37241
4763,158.766667,1,717.000523,352.827762,627.443171,356.098126,672.221847,354.462944,2.882975,1.400213,-1.844398,1.448903,0.519288,1.424558
4764,158.8,1,717.828426,351.280986,628.412132,354.330974,673.120279,352.80598,2.864391,1.626368,-1.775917,1.490347,0.544237,1.558357
4765,158.833333,1,718.178806,350.43564,629.025173,353.400425,673.60199,351.918032,2.885746,1.46847,-1.789224,1.521606,0.548261,1.495038
4766,158.866667,1,718.101654,350.357448,628.870754,353.148946,673.486204,351.753197,2.898501,1.468686,-1.797788,1.504292,0.550357,1.486489
4767,158.9,1,718.099327,350.382645,628.774719,353.152401,673.437023,351.767523,2.897209,1.448139,-1.798799,1.514557,0.549205,1.481348
4768,158.933333,1,718.233013,350.32591,628.82863,353.147991,673.530822,351.736951,2.908977,1.373782,-1.789729,1.540287,0.559624,1.457034
4769,158.966667,1,718.183193,350.383101,628.815947,353.176696,673.49957,351.779898,2.91007,1.369421,-1.791834,1.521015,0.559118,1.445218
4770,159.0,1,718.222198,350.306974,628.900547,353.247244,673.561373,351.777109,2.910561,1.333733,-1.802815,1.477353,0.553873,1.405543
4771,159.033333,1,718.263111,350.338903,628.838415,353.289435,673.550763,351.814169,2.914531,1.332826,-1.803521,1.461859,0.555505,1.397343
4772,159.066667,1,718.088894,350.666449,628.711109,353.502821,673.400002,352.084635,2.924694,1.344599,-1.794361,1.488807,0.565167,1.416703
4773,159.1,1,717.91666,350.764586,628.56987,353.70213,673.243265,352.233358,2.922953,1.271205,-1.783441,1.457626,0.569756,1.364415
4774,159.133333,1,717.851582,350.85526,628.471985,353.827502,673.161783,352.341381,2.912152,1.276792,-1.768011,1.439314,0.57207,1.358053
4775,159.166667,1,717.894115,351.021836,628.49617,354.080182,673.195143,352.551009,2.897098,1.319463,-1.771695,1.406408,0.562702,1.362935
4776,159.2,1,717.778435,351.307164,627.887917,354.342663,672.833176,352.824914,2.928622,1.303063,-1.779674,1.454143,0.574474,1.378603
4777,159.233333,1,717.638683,351.546289,627.954845,354.281514,672.796764,352.913902,2.921021,1.346758,-1.777525,1.408127,0.571748,1.377442
4778,159.266667,1,717.48682,351.645509,627.803698,354.369437,672.645259,353.007473,2.925869,1.411627,-1.770499,1.372353,0.577685,1.39199
4779,159.3,1,717.150574,351.636009,627.543821,354.414219,672.347198,353.025114,2.921067,1.401419,-1.770275,1.332483,0.575396,1.366951
4780,159.333333,1,716.969414,351.611166,627.573271,354.344535,672.271342,352.977851,2.921754,1.422066,-1.763292,1.401064,0.579231,1.411565
4781,159.366667,1,716.741505,351.511012,627.424965,354.425989,672.083235,352.968501,2.924122,1.413616,-1.770858,1.413866,0.576632,1.413741
4782,159.4,1,716.502972,351.450427,627.283983,354.442935,671.893477,352.946681,2.916667,1.366725,-1.781613,1.437893,0.567527,1.402309
4783,159.433333,1,716.391335,351.396605,627.206087,354.426842,671.798711,352.911724,2.917365,1.387498,-1.777942,1.428041,0.569711,1.407769
4784,159.466667,1,716.403427,351.354328,627.290897,354.539859,671.847162,352.947094,2.923179,1.359273,-1.765124,1.447724,0.579028,1.403499
4785,159.5,1,716.189823,351.103992,627.372885,354.371744,671.781354,352.737868,2.898743,1.391355,-1.77131,1.473414,0.563717,1.432385
4786,159.533333,1,715.973034,351.102201,626.946716,354.552546,671.459875,352.827373,2.908661,1.351306,-1.747755,1.53502,0.580453,1.443163
4787,159.566667,1,715.8428,351.072358,626.904325,354.470948,671.373563,352.771653,2.90618,1.366956,-1.748207,1.492336,0.578987,1.429646
4788,159.6,1,715.46257,350.652899,626.570148,354.087462,671.016359,352.37018,2.909899,1.416283,-1.770965,1.431263,0.569467,1.423773
4789,159.633333,1,715.11488,350.174607,626.290941,353.901874,670.70291,352.038241,2.902709,1.356571,-1.759055,1.455346,0.571827,1.405958
4790,159.666667,1,714.908733,350.213649,625.686722,353.965652,670.297728,352.089651,2.920028,1.320507,-1.776625,1.476006,0.571702,1.398257
4791,159.7,1,714.584866,350.351982,625.300589,353.912324,669.942727,352.132153,2.907204,1.315279,-1.780431,1.464398,0.563386,1.389838
4792,159.733333,1,714.473724,350.359159,625.108747,354.099618,669.791236,352.229388,2.911264,1.31681,-1.766196,1.475987,0.572534,1.396399
4793,159.766667,1,713.831844,350.459688,624.435577,354.164774,669.133711,352.312231,2.913874,1.330031,-1.766579,1.495873,0.573647,1.412952
4794,159.8,1,713.607674,350.570104,624.216633,354.507201,668.912153,352.538652,2.899715,1.297167,-1.75371,1.457939,0.573002,1.377553
4795,159.833333,1,713.10442,350.548062,623.893318,354.806535,668.498869,352.677298,2.914343,1.294917,-1.737942,1.475412,0.5882,1.385164
4796,159.866667,1,712.999535,350.645088,623.791685,354.768496,668.39561,352.706792,2.917447,1.342089,-1.75194,1.492656,0.582754,1.417372
4797,159.9,1,712.749443,350.579605,623.566656,354.771908,668.15805,352.675756,2.915081,1.318398,-1.761151,1.49238,0.576965,1.405389
4798,159.933333,1,712.665215,350.48518,623.357763,354.754731,668.011489,352.619956,2.91409,1.274544,-1.755321,1.558494,0.579384,1.416519
4799,159.966667,1,712.612896,350.551795,623.331289,354.708452,667.972093,352.630124,2.914592,1.281814,-1.752138,1.509395,0.581227,1.395605
4800,160.0,1,712.026653,350.566934,623.058271,354.987381,667.542462,352.777157,2.912018,1.267339,-1.756217,1.44583,0.577901,1.356584
4801,160.033333,1,711.544342,350.668026,622.81786,355.121636,667.181101,352.894831,2.898857,1.331152,-1.778659,1.256842,0.560099,1.293997
4802,160.066667,1,711.530457,350.66411,622.650528,355.138856,667.090492,352.901483,2.908794,1.303182,-1.787643,1.250765,0.560576,1.276974
4803,160.1,1,711.49971,350.599635,622.584839,355.077562,667.042274,352.838598,2.910657,1.26042,-1.794063,1.229875,0.558297,1.245148
4804,160.133333,1,711.541195,350.588386,622.415237,354.904452,666.978216,352.746419,2.928958,1.30572,-1.790895,1.221383,0.569032,1.263552
4805,160.166667,1,711.464214,350.495329,622.386036,354.930866,666.925125,352.713098,2.926505,1.292363,-1.793337,1.204549,0.566584,1.248456
4806,160.2,1,711.602383,350.853952,622.407446,355.202976,667.004914,353.028464,2.909371,1.356595,-1.788631,1.243351,0.56037,1.299973
4807,160.233333,1,711.583233,351.19279,622.268553,355.63942,666.925893,353.416105,2.914907,1.373104,-1.786065,1.289937,0.564421,1.33152
4808,160.266667,1,711.801338,351.454117,622.964859,355.878367,667.383099,353.666242,2.919439,1.443663,-1.76503,1.37906,0.577205,1.411362
4809,160.3,1,711.747303,351.30018,622.98007,355.991401,667.363687,353.645791,2.924109,1.380363,-1.752864,1.428302,0.585622,1.404332
4810,160.333333,1,711.766205,351.405242,622.902212,355.975394,667.334208,353.690318,2.932109,1.359576,-1.757785,1.375176,0.587162,1.367376
4811,160.366667,1,711.822548,351.39955,622.823143,355.960534,667.322845,353.680042,2.929672,1.338106,-1.763244,1.417032,0.583214,1.377569
4812,160.4,1,711.91597,351.446173,623.002434,355.913746,667.459202,353.679959,2.927154,1.385683,-1.763406,1.359763,0.581874,1.372723
4813,160.433333,1,711.910305,351.443453,622.986975,355.918456,667.44864,353.680954,2.927695,1.433686,-1.770014,1.387549,0.57884,1.410617
4814,160.466667,1,712.33942,351.808609,623.030186,356.37132,667.684803,354.089964,2.938237,1.422294,-1.775412,1.410536,0.581412,1.416415
4815,160.5,1,712.824326,352.186902,622.957325,356.696715,667.890825,354.441808,2.948499,1.443802,-1.779514,1.451133,0.584493,1.447467
4816,160.533333,1,713.146038,352.308648,623.308687,356.627975,668.227363,354.468311,2.961107,1.470889,-1.774134,1.429598,0.593487,1.450244
4817,160.566667,1,713.12582,352.334628,623.277969,356.678261,668.201895,354.506444,2.956734,1.505448,-1.777487,1.433517,0.589624,1.469482
4818,160.6,1,713.006744,352.232376,623.366756,356.617445,668.18675,354.424911,2.948335,1.462664,-1.768803,1.436191,0.589766,1.449428
4819,160.633333,1,712.893066,352.006384,623.35062,356.355055,668.121843,354.18072,2.941528,1.349823,-1.757565,1.385406,0.591981,1.367615
4820,160.666667,1,712.844524,351.926728,623.381815,356.320009,668.11317,354.123369,2.936273,1.300411,-1.754251,1.445773,0.591011,1.373092
4821,160.7,1,713.025856,351.830732,623.998957,356.457607,668.512406,354.144169,2.898593,1.198696,-1.755287,1.466399,0.571653,1.332547
4822,160.733333,1,713.575344,351.718116,624.319124,356.278902,668.947234,353.998509,2.925842,1.185194,-1.736085,1.49183,0.594879,1.338512
4823,160.766667,1,713.632298,351.589397,624.495907,356.111612,669.064102,353.850505,2.922343,1.179974,-1.731484,1.507835,0.59543,1.343904
4824,160.8,1,713.860149,351.563138,624.510231,356.13071,669.18519,353.846924,2.928618,1.135388,-1.748938,1.617343,0.58984,1.376365
4825,160.833333,1,714.267235,351.634555,624.58621,356.125871,669.426723,353.880213,2.93601,1.167094,-1.75179,1.529723,0.59211,1.348409
4826,160.866667,1,714.189281,352.162719,625.048981,356.39473,669.619131,354.278725,2.914435,1.120418,-1.739844,1.464975,0.587296,1.292696
4827,160.9,1,714.347305,352.391571,625.017929,356.636328,669.682617,354.513949,2.910654,1.112969,-1.738796,1.541479,0.585929,1.327224
4828,160.933333,1,714.340458,352.515113,625.100479,356.797507,669.720469,354.65631,2.903694,1.17055,-1.70714,1.575577,0.598277,1.373064
4829,160.966667,1,714.060898,352.724921,624.961338,356.899222,669.511118,354.812071,2.906713,1.195423,-1.71449,1.60461,0.596112,1.400016
4830,161.0,1,713.800983,352.458733,624.657001,357.029164,669.228992,354.743949,2.87778,1.226315,-1.71062,1.684262,0.58358,1.455289
4831,161.033333,1,713.229885,352.357571,624.155083,357.142675,668.692484,354.750123,2.872533,1.225705,-1.713096,1.700405,0.579718,1.463055
4832,161.066667,1,712.970276,352.496821,623.987265,357.105328,668.47877,354.801074,2.878842,1.205464,-1.718532,1.666281,0.580155,1.435872
4833,161.1,1,712.945232,352.426794,623.798895,357.208443,668.372064,354.817618,2.88413,1.198068,-1.717734,1.684936,0.583198,1.441502
4834,161.133333,1,712.865429,352.50056,623.939934,357.321433,668.402681,354.910997,2.88906,1.154054,-1.723559,1.687859,0.58275,1.420957
4835,161.166667,1,712.863235,352.515939,623.944273,357.362359,668.403754,354.939149,2.876168,1.2174,-1.718621,1.731092,0.578774,1.474246
4836,161.2,1,712.951889,352.452682,624.005222,357.265965,668.478556,354.859324,2.877585,1.257171,-1.71986,1.701157,0.578862,1.479164
4837,161.233333,1,713.147736,352.489986,623.937674,356.922857,668.542705,354.706422,2.887234,1.315435,-1.719047,1.729049,0.584093,1.522242
4838,161.266667,1,712.894516,352.010043,623.826513,356.759033,668.360515,354.384538,2.893292,1.250878,-1.708958,1.737407,0.592167,1.494143
4839,161.3,1,712.626095,351.925886,623.713551,356.726986,668.169823,354.326436,2.894485,1.170435,-1.700836,1.722954,0.596824,1.446694
4840,161.333333,1,712.137661,352.063859,622.687426,356.782411,667.412543,354.423135,2.912305,1.219859,-1.726636,1.648085,0.592834,1.433972
4841,161.366667,1,712.026367,352.314329,622.770348,356.801852,667.398357,354.55809,2.900536,1.236243,-1.731495,1.628093,0.58452,1.432168
4842,161.4,1,711.977825,352.320036,622.804508,356.845073,667.391167,354.582555,2.89856,1.271779,-1.728565,1.661144,0.584998,1.466462
4843,161.433333,1,711.988869,352.666862,622.885475,357.062482,667.437172,354.864672,2.901109,1.198721,-1.720314,1.619758,0.590398,1.409239
4844,161.466667,1,712.025928,352.585543,622.904224,356.997584,667.465076,354.791563,2.903829,1.184248,-1.735797,1.573312,0.584016,1.37878
4845,161.5,1,712.022038,352.569262,622.863483,356.67971,667.44276,354.624486,2.901772,1.227686,-1.734559,1.561029,0.583607,1.394357
4846,161.533333,1,712.328243,352.314978,623.907862,356.658617,668.118052,354.486797,2.906859,1.192832,-1.708655,1.609682,0.599102,1.401257
4847,161.566667,1,712.327099,352.37566,623.918743,356.629499,668.122921,354.502579,2.911658,1.196416,-1.699899,1.635313,0.60588,1.415864
4848,161.6,1,712.569294,352.568307,623.958025,356.656305,668.263659,354.612306,2.91237,1.211248,-1.734154,1.572404,0.589108,1.391826
4849,161.633333,1,713.093452,352.950988,624.320126,357.034507,668.706789,354.992748,2.914697,1.297982,-1.726552,1.587071,0.594073,1.442526
4850,161.666667,1,713.367577,352.966529,624.32313,357.036459,668.845353,355.001494,2.926503,1.266667,-1.732318,1.597266,0.597093,1.431966
4851,161.7,1,713.605213,353.037806,624.766893,357.011622,669.186053,355.024714,2.911469,1.275494,-1.716285,1.608885,0.597592,1.442189
4852,161.733333,1,713.649788,352.997026,624.768887,357.012502,669.209337,355.004764,2.916139,1.234836,-1.708566,1.585396,0.603787,1.410116
4853,161.766667,1,713.638191,353.092829,624.781284,357.09837,669.209738,355.0956,2.909011,1.256521,-1.713402,1.579663,0.597804,1.418092
4854,161.8,1,713.601723,353.117956,624.765654,357.115359,669.183688,355.116658,2.902165,1.279175,-1.716341,1.563487,0.592912,1.421331
4855,161.833333,1,713.598061,353.202703,624.80792,357.052284,669.202991,355.127494,2.896488,1.340727,-1.716887,1.555956,0.589801,1.448342
4856,161.866667,1,713.222294,352.985251,624.842119,357.01608,669.032207,355.000665,2.884595,1.346977,-1.697272,1.639804,0.593661,1.493391
4857,161.9,1,712.88084,353.129398,624.761515,356.914204,668.821177,355.021801,2.885104,1.387484,-1.718489,1.622403,0.583307,1.504944
4858,161.933333,1,712.70874,354.045373,624.569178,358.390755,668.638959,356.218064,2.876667,1.44596,-1.758631,2.309714,0.559018,1.877837
4859,161.966667,1,710.990734,356.664464,626.963177,360.770229,668.976955,358.717346,2.806282,2.926103,-1.703598,5.756042,0.551342,4.341072
4860,162.0,1,711.727142,356.533824,626.031837,360.160562,668.87949,358.347193,2.898319,3.554204,-1.77262,4.768259,0.562849,4.161232
4861,162.033333,1,710.974369,354.506772,623.55196,358.98016,667.263165,356.743466,2.904352,2.130248,-1.819912,2.248416,0.54222,2.189332
4862,162.066667,1,711.095467,353.910061,622.746658,358.913673,666.921062,356.411867,2.908385,1.548083,-1.811066,2.144571,0.548659,1.846327
5043,168.1,1,731.236725,355.174239,641.132183,355.809504,686.184454,355.491872,2.892637,1.377023,-1.748575,1.523799,0.572031,1.450411
5044,168.133333,1,729.97776,355.278459,639.306564,355.612502,684.642162,355.44548,2.884145,1.416983,-1.804761,1.399794,0.539692,1.408388
5045,168.166667,1,728.993988,355.735776,639.200201,355.688499,684.097095,355.712138,2.820324,1.441774,-1.791597,1.043961,0.514364,1.242868
5046,168.2,1,729.465179,356.596416,638.824606,356.325626,684.144893,356.461021,2.835445,1.536394,-1.815102,1.136473,0.510172,1.336433
5047,168.233333,1,730.340405,356.897607,639.097519,356.527875,684.718962,356.712741,2.829558,1.792057,-1.857593,1.221191,0.485982,1.506624
5048,168.266667,1,731.578274,357.399577,639.698105,356.951412,685.638189,357.175494,2.845045,1.918249,-1.94136,1.287534,0.451842,1.602892
5049,168.3,1,732.709484,357.797896,640.356083,358.237258,686.532784,358.017577,2.82389,1.947265,-1.980818,1.461139,0.421536,1.704202
5050,168.333333,1,732.326908,358.141358,640.452003,359.10028,686.389456,358.620819,2.794929,1.727874,-1.864663,1.737299,0.465133,1.732587
5051,168.366667,1,732.098198,358.190646,640.452709,359.847366,686.275454,359.019006,2.762642,1.805063,-1.866551,1.90342,0.448045,1.854241
5052,168.4,1,732.147007,358.390068,640.86256,360.286288,686.504784,359.338178,2.732554,1.858441,-1.858584,1.975799,0.436985,1.91712
5053,168.433333,1,731.976948,358.375831,640.682487,360.508938,686.329718,359.442385,2.709122,1.930994,-1.873432,1.967402,0.417845,1.949198
5054,168.466667,1,731.819592,357.83484,640.483923,360.49593,686.151757,359.165385,2.703401,1.965689,-1.871094,1.871837,0.416153,1.918763
5055,168.5,1,731.465397,357.450415,640.776386,360.377017,686.120892,358.913716,2.681239,1.865057,-1.901976,1.817096,0.389631,1.841077
5056,168.533333,1,731.491089,356.582013,640.303164,360.37891,685.897126,358.480462,2.695065,1.852101,-1.912921,1.78336,0.391072,1.81773
5057,168.566667,1,731.858959,355.778997,640.87038,359.367605,686.36467,357.573301,2.713912,1.882506,-1.841743,1.843364,0.436085,1.862935
5058,168.6,1,731.259956,354.912917,640.213308,358.898567,685.736632,356.905742,2.731397,1.676424,-1.806537,2.094792,0.46243,1.885608
5059,168.633333,1,730.409908,354.101785,638.545513,359.171144,684.477711,356.636464,2.833681,1.645374,-1.899117,2.111424,0.467282,1.878399
5060,168.666667,1,729.269161,353.420182,637.440319,358.538153,683.35474,355.979168,2.823693,1.561748,-1.896567,2.233526,0.463563,1.897637
5061,168.7,1,728.201275,353.256304,636.302357,357.898693,682.251816,355.577499,2.811468,1.805297,-1.918099,2.015039,0.446685,1.910168
5062,168.733333,1,727.683163,352.842246,636.233158,357.563696,681.95816,355.202971,2.785803,1.856334,-1.892096,2.002229,0.446853,1.929281
5063,168.766667,1,728.164902,352.816894,636.059885,357.595088,682.112393,355.205991,2.830291,2.016746,-1.85945,2.028329,0.485421,2.022538
5064,168.8,1,726.739159,352.713822,635.427742,357.512498,681.08345,355.11316,2.794812,1.892678,-1.919738,1.864657,0.437537,1.878668
5065,168.833333,1,726.794376,352.578574,635.174112,357.558809,680.984244,355.068692,2.807822,1.796202,-1.897306,1.779839,0.455258,1.78802
5066,168.866667,1,726.427612,352.226529,634.887266,357.589531,680.657439,354.90803,2.809601,1.60443,-1.902296,1.81735,0.453652,1.71089
5067,168.9,1,725.668449,352.204551,634.593983,357.431602,680.131216,354.818077,2.805567,1.641006,-1.943896,1.790826,0.430836,1.715916
5068,168.933333,1,723.97419,355.288002,636.108608,360.039364,680.041399,357.663683,2.748722,2.206094,-1.906204,4.839307,0.421259,3.5227
5069,168.966667,1,721.448593,356.410958,635.072927,360.58823,678.26076,358.499594,2.714079,3.522571,-1.817759,12.513495,0.44816,8.018033
5070,169.0,1,719.285488,354.478233,631.787424,359.881006,675.536456,357.17962,2.7453,2.194998,-1.900366,3.958859,0.422467,3.076929
5071,169.033333,1,718.557549,352.996484,629.899654,358.776076,674.228601,355.88628,2.76593,1.359323,-1.938785,2.99515,0.413572,2.177237
5072,169.066667,1,718.46941,352.71688,628.683405,358.04792,673.576407,355.3824,2.815405,1.603027,-1.923169,2.784231,0.446118,2.193629
5073,169.1,1,717.983646,352.161754,628.068218,357.672974,673.025932,354.917364,2.823209,1.704158,-1.937934,2.424861,0.442638,2.06451
5074,169.133333,1,717.73241,352.160971,628.010969,357.721378,672.87169,354.941174,2.815162,1.615184,-1.921522,2.354939,0.44682,1.985061
5075,169.166667,1,717.561398,353.26375,627.419472,358.61591,672.490435,355.93983,2.827494,1.778528,-1.913143,1.882801,0.457176,1.830664
5076,169.2,1,717.131081,353.538623,626.745787,359.058915,671.938434,356.298769,2.831961,1.746766,-1.923435,1.927595,0.454263,1.83718
5077,169.233333,1,716.615906,353.81054,625.523424,359.479254,671.069665,356.644897,2.847011,1.768118,-1.917999,2.124245,0.464506,1.946182
5078,169.266667,1,715.887852,353.976756,624.996309,359.615012,670.44208,356.795884,2.827062,2.101246,-1.861487,1.877572,0.482788,1.989409
5079,169.3,1,715.571423,353.930402,624.828186,359.88827,670.199804,356.909336,2.849748,2.086443,-1.829009,1.900386,0.51037,1.993414
5080,169.333333,1,715.472565,353.446355,624.754095,359.594734,670.11333,356.520545,2.85678,2.060199,-1.825479,1.821688,0.51565,1.940944
5081,169.366667,1,715.322437,352.901309,624.508591,359.094111,669.915514,355.99771,2.849283,2.123369,-1.82483,1.731598,0.512226,1.927484
5082,169.4,1,715.70673,352.235354,624.564381,358.831517,670.135555,355.533435,2.837547,2.204929,-1.839792,1.785295,0.498877,1.995112
5083,169.433333,1,715.745144,351.713664,624.700794,358.583574,670.222969,355.148619,2.823366,2.122048,-1.83545,1.86147,0.493958,1.991759
5084,169.466667,1,716.024666,351.372267,624.71138,358.512844,670.368023,354.942555,2.818993,2.199382,-1.835195,1.874812,0.491899,2.037097
5085,169.5,1,716.25061,351.193884,624.871874,358.507951,670.561242,354.850918,2.827836,2.046176,-1.832105,1.77808,0.497865,1.912128
5086,169.533333,1,716.351223,351.231446,624.800568,358.457161,670.575895,354.844303,2.828177,2.149241,-1.831462,1.682941,0.498357,1.916091
5087,169.566667,1,717.615471,351.137879,626.04003,358.329542,671.82775,354.733711,2.847046,2.100068,-1.87095,2.086675,0.488048,2.093371
5088,169.6,1,718.59375,351.075556,627.767849,358.240567,673.180799,354.658062,2.824315,1.651592,-1.86045,2.106218,0.481932,1.878905
5089,169.633333,1,718.552456,350.860169,627.684822,358.280495,673.118639,354.570332,2.82665,1.648931,-1.863354,2.055872,0.481648,1.852401
5090,169.666667,1,718.5075,351.132043,627.651176,358.265898,673.079338,354.698971,2.834987,1.668765,-1.850732,2.060606,0.492128,1.864685
5091,169.7,1,718.384552,351.381623,627.7036,358.247965,673.044076,354.814794,2.831026,1.695525,-1.829035,1.92418,0.500995,1.809853
5092,169.733333,1,718.491783,351.346378,627.785444,358.240498,673.138614,354.793438,2.837637,1.624805,-1.814623,1.850832,0.511507,1.737818
5093,169.766667,1,718.450394,351.356243,627.707787,358.203703,673.07909,354.779973,2.830321,1.628557,-1.827045,1.863573,0.501638,1.746065
5094,169.8,1,718.720455,351.325479,627.708654,358.387198,673.214555,354.856339,2.84286,1.653911,-1.810145,1.838707,0.516358,1.746309
5095,169.833333,1,718.746986,351.227219,627.636862,358.386608,673.191924,354.806913,2.841707,1.695337,-1.798367,1.743575,0.52167,1.719456
5096,169.866667,1,718.814697,351.23107,627.671528,358.436235,673.243113,354.833652,2.845962,1.654421,-1.799507,1.761922,0.523227,1.708171
5097,169.9,1,718.828354,351.602674,627.562294,358.598117,673.195324,355.100395,2.853094,1.695545,-1.803296,1.650877,0.524899,1.673211
5098,169.933333,1,718.914738,351.494522,627.056427,358.664866,672.985582,355.079694,2.882278,1.580811,-1.805421,1.663359,0.538429,1.622085
5099,169.966667,1,716.268635,351.825576,625.560989,358.885279,670.914812,355.355428,2.8612,1.686289,-1.782781,1.634194,0.539209,1.660242
5100,170.0,1,714.449863,351.909959,623.209848,358.988029,668.829856,355.448994,2.862085,1.842181,-1.736426,1.522627,0.56283,1.682404
5101,170.033333,1,714.177475,352.056472,623.201103,358.978674,668.689289,355.517573,2.865017,1.850895,-1.729417,1.487851,0.5678,1.669373
5102,170.066667,1,713.935108,352.006491,623.351984,358.916613,668.643546,355.461552,2.864973,1.688137,-1.72281,1.367718,0.571082,1.527928
5103,170.1,1,713.823338,351.708058,622.649975,358.819994,668.236656,355.264026,2.885034,1.831209,-1.74209,1.353447,0.571472,1.592328
5104,170.133333,1,713.719254,351.619068,622.261543,359.045075,667.990398,355.332071,2.91109,1.841959,-1.748495,1.43916,0.581297,1.64056
5105,170.166667,1,713.005219,351.817755,621.761436,359.11139,667.383327,355.464572,2.915641,1.782217,-1.781362,1.441074,0.567139,1.611646
5106,170.2,1,712.067814,352.007881,621.675539,359.372567,666.871676,355.690224,2.901126,1.746906,-1.778702,1.463095,0.561212,1.605001
5107,170.233333,1,711.588326,352.125946,621.198196,359.566158,666.393261,355.846052,2.884529,1.628686,-1.799891,1.507376,0.542319,1.568031
5108,170.266667,1,711.151905,352.161555,620.938797,359.654413,666.045351,355.907984,2.890105,1.603679,-1.778156,1.471876,0.555975,1.537777
5109,170.3,1,710.928421,352.000279,620.609312,359.936078,665.768867,355.968179,2.888219,1.512086,-1.80048,1.505167,0.543869,1.508626
5110,170.333333,1,710.815048,351.837593,620.418587,359.659901,665.616817,355.748747,2.904146,1.58881,-1.789776,1.450586,0.557185,1.519698
5111,170.366667,1,710.393524,351.654688,620.045614,359.149386,665.219569,355.402037,2.911591,1.612727,-1.79608,1.364378,0.557756,1.488552
5112,170.4,1,710.20731,350.536019,620.275984,358.802737,665.241647,354.669378,2.907324,1.496203,-1.777701,1.493506,0.564811,1.494854
5113,170.433333,1,710.587826,350.207925,620.18096,358.438477,665.384393,354.323201,2.918847,1.545267,-1.796179,1.33242,0.561334,1.438843
5114,170.466667,1,710.64209,350.13704,620.603142,358.032337,665.622616,354.084688,2.914315,1.54606,-1.780608,1.334398,0.566853,1.440229
5115,170.5,1,711.648598,349.936389,621.04084,357.998021,666.344719,353.967205,2.907357,1.567978,-1.784201,1.337145,0.561578,1.452562
5116,170.533333,1,713.142738,350.182369,621.388493,357.905318,667.265615,354.043844,2.895744,1.72169,-1.76184,1.394847,0.566952,1.558269
5117,170.566667,1,713.703861,350.19725,622.367659,357.735282,668.03576,353.966266,2.888018,1.745195,-1.739671,1.402159,0.574174,1.573677
5118,170.6,1,714.468765,350.438381,623.679609,357.739606,669.074187,354.088993,2.898667,1.637967,-1.766782,1.557783,0.565943,1.597875
5119,170.633333,1,718.409691,349.837432,626.766863,356.8791,672.588277,353.358266,2.92004,1.556387,-1.836133,2.253351,0.541954,1.904869
5120,170.666667,1,719.590321,349.948996,628.267975,356.723784,673.929148,353.33639,2.905602,1.450457,-1.836483,2.022497,0.534559,1.736477
5121,170.7,1,720.641174,349.989336,629.661694,356.356182,675.151434,353.172759,2.886321,1.586624,-1.849904,2.136753,0.518209,1.861688
5122,170.733333,1,721.54274,350.173915,630.385685,356.199283,675.964212,353.186599,2.863099,1.477427,-1.831633,2.347304,0.515733,1.912365
5123,170.766667,1,722.275047,350.209052,631.253881,356.093534,676.764464,353.151293,2.841875,1.483846,-1.828094,2.583682,0.50689,2.033764
5124,170.8,1,722.546749,350.38758,631.591253,356.137624,677.069001,353.262602,2.820728,1.570484,-1.819404,2.779804,0.500662,2.175144
5125,170.833333,1,722.625427,350.637513,631.836071,356.274878,677.230749,353.456196,2.839303,1.562457,-1.820319,2.373712,0.509492,1.968084
5126,170.866667,1,723.031235,349.662852,632.459011,355.862129,677.745123,352.762491,2.855535,1.243308,-1.850245,1.840107,0.502645,1.541707
5127,170.9,1,722.006016,348.779064,632.096615,354.99047,677.051315,351.884767,2.825468,1.534036,-1.851992,2.054766,0.486738,1.794401
5128,170.933333,1,722.596607,348.142447,632.203417,353.973232,677.400012,351.05784,2.826509,1.355787,-1.777847,1.930331,0.524331,1.643059
5129,170.966667,1,722.588768,348.214647,632.023087,353.888297,677.305927,351.051472,2.83683,1.287595,-1.769382,1.979541,0.533724,1.633568
5130,171.0,1,722.78677,348.317408,631.537809,354.19865,677.16229,351.258029,2.857781,1.438146,-1.796289,2.159559,0.530746,1.798852
5131,171.033333,1,722.412643,348.421783,631.336288,354.341987,676.874466,351.381885,2.835733,1.48556,-1.815935,2.251754,0.509899,1.868657
5132,171.066667,1,722.309799,348.505715,630.713291,354.461442,676.511545,351.483579,2.851353,1.579362,-1.817682,2.194965,0.516835,1.887163
5313,177.1,1,717.942886,348.779708,626.756678,353.260607,672.349782,351.020157,2.984205,1.472478,-1.837297,2.00606,0.573454,1.739269
5314,177.133333,1,717.42403,349.162851,626.017628,353.453849,671.720829,351.30835,2.99839,1.543168,-1.837115,2.03611,0.580638,1.789639
5315,177.166667,1,716.757736,349.14466,626.039743,353.845537,671.39874,351.495099,2.985109,1.472317,-1.826961,2.125527,0.579074,1.798922
5316,177.2,1,716.362495,349.142911,626.270838,353.944157,671.316667,351.543534,3.002324,1.371129,-1.816831,2.299361,0.592747,1.835245
5317,177.233333,1,716.415443,349.10359,626.579714,353.985533,671.497579,351.544561,3.007447,1.288985,-1.803513,2.27479,0.601967,1.781887
5318,177.266667,1,716.632824,348.951429,626.893749,354.07963,671.763287,351.515529,3.005455,1.11409,-1.797035,2.235113,0.60421,1.674601
5319,177.3,1,716.714611,348.805929,626.540213,354.045335,671.627412,351.425632,3.003618,1.146163,-1.802635,2.23983,0.600491,1.692997
5320,177.333333,1,716.591244,348.897763,626.516132,354.120308,671.553688,351.509036,3.013836,1.160041,-1.784611,2.215096,0.614612,1.687568
5321,177.366667,1,716.420383,348.854853,626.238194,354.26231,671.329288,351.558581,3.018427,1.08825,-1.79188,2.199018,0.613273,1.643634
5322,177.4,1,716.270924,348.762681,626.226273,354.249494,671.248598,351.506088,3.009857,1.100161,-1.794632,2.135659,0.607613,1.61791
5323,177.433333,1,716.252651,348.632686,626.181688,354.161684,671.21717,351.397185,3.010567,1.063143,-1.798781,2.03182,0.605893,1.547481
5324,177.466667,1,716.280117,348.706634,626.188574,354.199369,671.234345,351.453001,3.01233,1.07133,-1.79604,1.987212,0.608145,1.529271
5325,177.5,1,716.531162,348.755831,626.15694,354.113474,671.344051,351.434653,3.022661,1.103128,-1.791501,1.95259,0.61558,1.527859
5326,177.533333,1,716.453075,348.747393,626.167297,354.192669,671.310186,351.470031,3.022048,1.110421,-1.779983,1.993159,0.621033,1.55179
5327,177.566667,1,716.355534,348.669684,625.986252,354.30324,671.170893,351.486462,3.024592,1.157985,-1.775345,1.983548,0.624623,1.570766
5328,177.6,1,716.319656,348.634408,626.021385,354.340357,671.170521,351.487382,3.009818,1.205499,-1.778616,2.031678,0.615601,1.618588
5329,177.633333,1,716.489487,350.123699,625.357924,355.251122,670.923705,352.68741,2.991287,1.255504,-1.864396,1.906467,0.563445,1.580985
5330,177.666667,1,713.281498,354.14507,626.458864,359.402983,669.870181,356.774027,2.849867,1.044717,-1.735916,14.155165,0.556976,7.599941
5331,177.7,1,714.192066,354.088744,626.077204,358.882211,670.134635,356.485477,2.911225,1.151397,-1.759734,7.364563,0.575745,4.25798
5332,177.733333,1,714.349403,351.783219,624.280787,357.137021,669.315095,354.46012,2.924615,1.586381,-1.893803,2.325959,0.515406,1.95617
5333,177.766667,1,715.595646,350.86423,624.797173,356.351649,670.196409,353.607939,2.962306,1.213767,-1.870452,2.310366,0.545927,1.762067
5334,177.8,1,716.178551,350.80829,625.055542,355.753258,670.617046,353.280774,2.962391,1.211582,-1.865856,2.144028,0.548268,1.677805
5335,177.833333,1,715.850601,350.514985,625.039883,355.55419,670.445242,353.034588,2.973456,1.182731,-1.837181,2.213548,0.568137,1.698139
5336,177.866667,1,715.951214,350.508403,624.849977,355.573261,670.400596,353.040832,2.980341,1.329986,-1.85322,2.259665,0.563561,1.794825
5337,177.9,1,716.141548,350.501043,624.953585,355.74989,670.547566,353.125466,2.97322,1.29677,-1.846832,2.336562,0.563194,1.816666
5338,177.933333,1,716.002045,351.168317,624.853878,356.608433,670.427961,353.888375,2.954202,1.404589,-1.863743,2.256186,0.545229,1.830388
5339,177.966667,1,714.674301,351.921004,625.099249,357.138196,669.886775,354.5296,2.886357,1.521915,-1.851444,2.156008,0.517456,1.838962
5340,178.0,1,714.533596,351.946281,625.112524,357.117832,669.82306,354.532057,2.880424,1.332054,-1.849862,2.12028,0.515281,1.726167
5341,178.033333,1,714.882812,351.835881,624.424162,356.988673,669.653487,354.412277,2.905055,1.590609,-1.873182,2.295964,0.515936,1.943286
5342,178.066667,1,714.76841,351.920516,623.721352,356.727984,669.244881,354.32425,2.940849,1.758404,-1.896416,2.21596,0.522217,1.987182
5343,178.1,1,714.594975,351.982668,623.710747,356.731315,669.152861,354.356992,2.932055,1.761983,-1.896764,2.15243,0.517646,1.957206
5344,178.133333,1,714.02771,352.434824,622.808523,356.949577,668.418117,354.692201,2.940031,2.046615,-1.921326,2.128673,0.509352,2.087644
5345,178.166667,1,714.045448,352.487009,622.622261,356.871707,668.333855,354.679358,2.933975,2.163206,-1.918693,2.077899,0.507641,2.120552
5346,178.2,1,713.978634,352.414547,622.76226,356.928946,668.370447,354.671746,2.937826,2.08317,-1.910061,2.172141,0.513882,2.127656
5347,178.233333,1,713.95153,352.409869,622.718697,356.905198,668.335114,354.657533,2.933514,2.020605,-1.90853,2.234627,0.512492,2.127616
5348,178.266667,1,713.71563,352.375022,622.417212,356.972854,668.066421,354.673938,2.940445,1.990371,-1.91074,2.110334,0.514853,2.050353
5349,178.3,1,713.632946,352.513493,622.291679,357.120101,667.962313,354.816797,2.948338,2.036094,-1.918206,1.967709,0.515066,2.001901
5350,178.333333,1,713.718929,352.608181,622.119503,357.242872,667.919216,354.925526,2.94852,1.980527,-1.917998,1.988565,0.515261,1.984546
5351,178.366667,1,713.903999,352.702911,621.838579,357.443506,667.871289,355.073209,2.960229,1.988642,-1.931511,2.110512,0.514359,2.049577
5352,178.4,1,714.033375,352.720345,621.913881,357.43215,667.973628,355.076247,2.961458,2.044119,-1.941168,2.153806,0.510145,2.098962
5353,178.433333,1,713.848095,352.640855,621.927118,357.426581,667.887607,355.033718,2.956931,2.078587,-1.93513,2.144955,0.5109,2.111771
5354,178.466667,1,713.696938,352.675268,621.959229,357.42045,667.828083,355.047859,2.954038,2.060966,-1.934171,2.131667,0.509933,2.096317
5355,178.5,1,713.685284,352.719487,621.935635,357.281345,667.810459,355.000416,2.949699,1.99256,-1.931792,2.094002,0.508953,2.043281
5356,178.533333,1,713.448944,352.662399,621.855888,357.653443,667.652416,355.157921,2.940026,1.799751,-1.923742,2.134869,0.508142,1.96731
5357,178.566667,1,713.471909,352.726675,621.848965,357.773563,667.660437,355.250119,2.944396,1.776936,-1.927336,2.219577,0.50853,1.998257
5358,178.6,1,713.386803,352.799073,621.893101,357.755345,667.639952,355.277209,2.935841,1.870304,-1.927017,2.158483,0.504412,2.014393
5359,178.633333,1,713.380089,352.833202,621.814423,357.788342,667.597256,355.310772,2.941518,1.793302,-1.935898,2.130154,0.50281,1.961728
5360,178.666667,1,713.418941,352.985755,621.895199,357.860219,667.65707,355.422987,2.945881,1.774262,-1.942529,2.105308,0.501676,1.939785
5361,178.7,1,713.700275,353.120021,621.971159,358.111966,667.835717,355.615994,2.949499,1.850158,-1.944888,2.145406,0.502305,1.997782
5362,178.733333,1,713.835316,353.107924,622.01932,358.151507,667.927318,355.629716,2.965448,1.971064,-1.933372,2.272236,0.516038,2.12165
5363,178.766667,1,713.505173,353.211833,621.784086,358.381598,667.644629,355.796716,2.960049,1.956503,-1.939498,2.089923,0.510276,2.023213
5364,178.8,1,713.298683,353.345402,621.789513,358.365939,667.544098,355.855671,2.949289,1.949757,-1.914454,1.883857,0.517417,1.916807
5365,178.833333,1,713.579464,353.022898,621.809454,358.113678,667.694459,355.568288,2.95221,1.909773,-1.928101,1.745644,0.512055,1.827709
5366,178.866667,1,715.309982,351.217015,624.647264,356.398115,669.978623,353.807565,2.93364,1.215012,-1.849858,1.580375,0.541891,1.397693
5367,178.9,1,715.625343,350.469022,624.670525,355.69433,670.147934,353.081676,2.930034,1.169401,-1.859268,1.502728,0.535383,1.336064
5368,178.933333,1,716.124096,350.389398,625.348167,355.815893,670.736132,353.102646,2.972759,1.242096,-1.844869,1.801294,0.563945,1.521695
5369,178.966667,1,716.090908,350.923914,625.345221,356.230069,670.718064,353.576992,2.965539,1.256841,-1.849498,1.954001,0.55802,1.605421
5370,179.0,1,715.88871,351.368539,625.538168,356.517661,670.713439,353.9431,2.936682,1.203551,-1.818469,1.836657,0.559106,1.520104
5371,179.033333,1,715.968094,351.860869,625.269928,356.908797,670.619011,354.384833,2.956569,1.137798,-1.834079,2.000276,0.561245,1.569037
5372,179.066667,1,715.712967,351.571067,624.918728,356.599174,670.315847,354.08512,2.976831,1.315668,-1.845627,1.848671,0.565602,1.58217
5373,179.1,1,715.398006,351.358953,624.453058,356.628544,669.925532,353.993748,2.991887,1.436204,-1.817125,2.233982,0.587381,1.835093
5374,179.133333,1,715.151424,351.095828,623.94453,356.644937,669.547977,353.870383,2.983814,1.68466,-1.830803,2.332036,0.576505,2.008348
5375,179.166667,1,715.368443,351.041143,623.818007,356.596094,669.593225,353.818619,2.996327,1.557591,-1.804412,2.352248,0.595958,1.95492
5376,179.2,1,715.375042,351.113804,624.069633,356.630942,669.722338,353.872373,3.006722,1.514366,-1.80098,2.356335,0.602871,1.935351
5377,179.233333,1,715.457478,351.203465,624.217415,356.874363,669.837446,354.038914,2.99971,1.496589,-1.784705,2.35575,0.607503,1.92617
5378,179.266667,1,715.497551,351.542308,624.286203,356.887237,669.891877,354.214773,2.997887,1.556566,-1.784031,2.360832,0.606928,1.958699
5379,179.3,1,715.542145,351.580557,624.29431,356.921897,669.918227,354.251227,2.995824,1.56814,-1.797709,2.230636,0.599058,1.899388
5380,179.333333,1,715.58815,351.673645,624.531364,357.126925,670.059757,354.400285,2.990944,1.413077,-1.795805,2.162061,0.59757,1.787569
5381,179.366667,1,716.206207,351.998418,624.918728,357.412248,670.562468,354.705333,2.998787,1.516628,-1.798266,2.246402,0.60026,1.881515
5382,179.4,1,717.979393,352.36595,626.829987,357.587793,672.40469,354.976872,2.988157,1.508345,-1.779561,2.059273,0.604298,1.783809
5383,179.433333,1,718.756542,352.594233,628.270025,357.711614,673.513284,355.152924,2.965992,1.384232,-1.772086,2.092014,0.596953,1.738123
5384,179.466667,1,719.892845,353.679197,630.363588,357.897266,675.128217,355.788232,2.904842,1.501996,-1.790217,2.003575,0.557313,1.752786
5385,179.5,1,723.801823,354.577013,632.762098,358.434169,678.28196,356.505591,2.870753,1.828615,-1.856931,2.255991,0.506911,2.042303
5386,179.533333,1,729.646225,355.960674,640.444288,359.669552,685.045257,357.815113,2.881359,1.834316,-1.773468,2.417563,0.553945,2.125939
5387,179.566667,1,736.80069,357.642,646.804924,360.088288,691.802807,358.865144,2.845298,1.778508,-1.750368,2.24547,0.547465,2.011989
5388,179.6,1,741.922226,358.555368,652.263737,360.478463,697.092981,359.516915,2.814587,2.110767,-1.729311,2.357862,0.542638,2.234314
5389,179.633333,1,744.930267,359.161456,656.631145,360.662286,700.780706,359.911871,2.69492,2.502429,-1.828771,2.193402,0.433074,2.347915
5390,179.666667,1,747.690334,359.810534,660.694256,361.175891,704.192295,360.493213,2.648646,2.05313,-1.894041,1.923714,0.377303,1.988422
5391,179.7,1,751.233597,360.108324,663.064308,361.67137,707.148952,360.889847,2.611668,2.011384,-1.869134,1.686783,0.371267,1.849083
5392,179.733333,1,752.949295,360.09855,664.841213,362.026328,708.895254,361.062439,2.611556,1.987747,-1.88411,1.570558,0.363723,1.779153
5393,179.766667,1,753.512936,360.129717,666.034069,362.181698,709.773502,361.155708,2.574262,1.891325,-1.884901,1.45431,0.34468,1.672817
5394,179.8,1,754.106293,360.185024,667.124786,362.1408,710.61554,361.162912,2.565932,1.815025,-1.895459,1.483941,0.335236,1.649483
5395,179.833333,1,754.429207,360.244548,667.185268,362.089189,710.807238,361.166868,2.572961,1.901825,-1.88235,1.391601,0.345305,1.646713
5396,179.866667,1,753.891163,360.222248,666.879101,362.029241,710.385132,361.125745,2.595075,2.030651,-1.859861,1.33843,0.367607,1.68454
5397,179.9,1,753.542423,360.458765,666.377392,361.799151,709.959908,361.128958,2.623787,2.053505,-1.855215,1.351514,0.384286,1.70251
5398,179.933333,1,751.619263,360.081775,664.686852,361.736462,708.153057,360.909119,2.629543,2.143451,-1.857721,1.472517,0.385911,1.807984
5399,179.966667,1,747.759991,359.34111,661.562634,360.629772,704.661312,359.985441,2.633718,2.305216,-2.011119,1.887874,0.3113,2.096545
5400,180.0,1,741.058598,357.092818,653.957939,359.308135,697.508268,358.200476,2.569074,2.171924,-1.974064,1.806858,0.297505,1.989391
5401,180.033333,1,737.926292,356.410604,648.536243,358.985674,693.231268,357.698139,2.672276,2.526172,-2.006326,1.959902,0.332975,2.243037
5402,180.066667,1,735.220642,356.161582,646.550198,358.908191,690.88542,357.534886,2.715913,2.316263,-1.962111,2.43232,0.376901,2.374292
5673,189.1,1,702.86108,354.354669,612.318058,361.313397,657.589569,357.834033,3.026149,1.020929,-1.803419,3.401213,0.611365,2.211071
5674,189.133333,1,703.686199,353.254427,612.444153,359.938406,658.065176,356.596416,3.030967,1.056592,-1.749416,2.114925,0.640776,1.585759
5675,189.166667,1,704.196758,352.602006,612.676935,358.815043,658.436847,355.708525,3.030217,1.248889,-1.74907,2.093262,0.640574,1.671076
5676,189.2,1,704.529209,352.185599,613.431168,358.37382,658.980188,355.279709,2.985189,1.328292,-1.779357,2.088893,0.602916,1.708593
5677,189.233333,1,705.46587,352.044525,614.401808,358.028909,659.933839,355.036717,2.983805,1.220464,-1.754182,2.096076,0.614812,1.65827
5678,189.266667,1,705.849113,352.238014,615.039177,358.21286,660.444145,355.225437,2.966749,1.254502,-1.742007,2.002549,0.612371,1.628525
5679,189.3,1,706.402054,352.524871,615.331964,358.267041,660.867009,355.395956,2.981963,1.297002,-1.749403,2.045035,0.61628,1.671018
5680,189.333333,1,706.646595,352.654138,615.517435,358.366122,661.082015,355.51013,2.992433,1.547884,-1.748095,2.168357,0.622169,1.858121
5681,189.366667,1,706.709747,352.656863,615.51877,358.412181,661.114259,355.534522,2.999137,1.64306,-1.761285,2.101038,0.618926,1.872049
5682,189.4,1,707.23177,352.777412,616.061306,358.536555,661.646538,355.656983,3.010852,1.536921,-1.740286,2.204101,0.635283,1.870511
5683,189.433333,1,708.545933,353.05037,617.028675,358.785228,662.787304,355.917799,3.038695,1.551223,-1.736436,2.353606,0.651129,1.952415
5684,189.466667,1,708.65303,353.004021,617.10227,358.809362,662.87765,355.906692,3.028148,1.531772,-1.738041,2.413537,0.645053,1.972655
5685,189.5,1,708.617039,352.987096,617.22578,358.777052,662.92141,355.882074,3.014511,1.508176,-1.730315,2.300487,0.642098,1.904331
5686,189.533333,1,708.722897,352.691721,617.338209,358.428885,663.030553,355.560303,2.994981,1.402125,-1.724594,2.277544,0.635193,1.839835
5687,189.566667,1,708.671684,352.446728,617.332325,358.029955,663.002005,355.238341,3.00319,1.4772,-1.715085,2.169699,0.644053,1.82345
5688,189.6,1,708.878708,352.494525,617.466879,358.083712,663.172793,355.289118,3.024338,1.55917,-1.71597,2.245353,0.654184,1.902261
5689,189.633333,1,708.84449,352.492824,617.235012,357.859849,663.039751,355.176337,3.013356,1.523806,-1.726788,2.249701,0.643284,1.886754
5690,189.666667,1,708.337231,352.787277,616.803312,358.234114,662.570271,355.510696,3.046056,1.538733,-1.735248,2.099781,0.655404,1.819257
5691,189.7,1,707.842178,352.994086,616.108713,358.466114,661.975446,355.7301,3.060397,1.434239,-1.732114,2.175003,0.664141,1.804621
5692,189.733333,1,705.765591,353.526118,615.134697,358.486606,660.450144,356.006362,3.029897,1.498113,-1.719131,1.814199,0.655383,1.656156
5693,189.766667,1,705.584946,353.488557,614.212132,358.455681,659.898539,355.972119,3.065513,1.402405,-1.732794,1.8639,0.666359,1.633153
5694,189.8,1,704.190464,353.519032,613.224792,358.511524,658.707628,356.015278,3.070341,1.327146,-1.724722,1.775066,0.67281,1.551106
5695,189.833333,1,703.203697,353.155319,612.103567,358.373294,657.653632,355.764306,3.051698,1.214915,-1.708506,1.863539,0.671596,1.539227
5696,189.866667,1,701.798534,353.264008,611.284618,358.294088,656.541576,355.779048,3.087519,1.384412,-1.704459,1.73751,0.69153,1.560961
5697,189.9,1,698.030205,353.303624,607.841358,358.440987,652.935781,355.872306,3.101413,1.742724,-1.784533,1.63585,0.65844,1.689287
5698,189.933333,1,690.367184,353.014466,601.515141,358.95933,645.941162,355.986898,2.923432,1.224514,-1.83171,1.807579,0.545861,1.516047
5699,189.966667,1,686.148033,352.03804,597.166328,358.450005,641.657181,355.244022,2.84942,1.074181,-1.847562,1.800413,0.500929,1.437297
5700,190.0,1,684.104462,351.449466,594.220142,358.6357,639.162302,355.042583,2.914247,0.98364,-1.859166,1.747808,0.527541,1.365724
5701,190.033333,1,681.470356,350.792363,593.419399,358.403426,637.444878,354.597894,2.946762,0.931694,-1.868087,1.867525,0.539338,1.39961
5702,190.066667,1,679.470959,350.064545,592.019825,358.035448,635.745392,354.049997,2.990424,0.977908,-1.79493,1.919043,0.597747,1.448476
5703,190.1,1,678.207283,349.692217,590.990734,357.756574,634.599009,353.724395,3.03262,1.049161,-1.795779,1.929578,0.61842,1.489369
5704,190.133333,1,676.175861,349.662632,589.561396,357.887294,632.868629,353.774963,2.964407,0.992178,-1.783814,2.133667,0.590297,1.562922
5705,190.166667,1,674.406757,349.442879,588.814659,357.850054,631.610708,353.646466,2.976925,0.8232,-1.732356,1.933381,0.622285,1.378291
5706,190.2,1,673.344421,349.395125,588.932161,357.880111,631.138291,353.637618,3.017948,0.838024,-1.721644,2.002432,0.648152,1.420228
5707,190.233333,1,673.16452,349.489523,588.800354,358.324826,630.982437,353.907174,3.002146,0.780635,-1.749701,2.026472,0.626223,1.403554
5708,190.266667,1,674.244251,349.492553,588.916998,358.990009,631.580625,354.241281,2.952879,0.755014,-1.756021,2.198262,0.598429,1.476638
5709,190.3,1,676.965523,350.957056,590.777159,358.964522,633.871341,354.960789,2.988137,0.956982,-1.81523,1.996171,0.586454,1.476577
5710,190.333333,1,683.387623,352.339042,597.825041,358.71048,640.606332,355.524761,2.9462,0.61974,-1.708921,1.887881,0.61864,1.25381
5711,190.366667,1,690.271282,352.506589,603.931437,358.242128,647.101359,355.374359,3.178994,0.86941,-1.581088,1.642785,0.798953,1.256098
5712,190.4,1,693.584461,353.165077,606.574001,358.359942,650.079231,355.762509,3.10672,0.998781,-1.644123,1.356634,0.731299,1.177707
5713,190.433333,1,696.444321,354.291712,607.938623,359.546868,652.191472,356.91929,3.087918,1.197019,-1.729131,1.393971,0.679394,1.295495
5714,190.466667,1,700.454102,355.15482,609.911413,360.005123,655.182757,357.579972,3.063423,1.195021,-1.727707,1.381308,0.667858,1.288165
5715,190.5,1,702.321072,355.306424,612.094536,360.625851,657.207804,357.966137,3.019813,1.14929,-1.736375,1.481066,0.641719,1.315178
5716,190.533333,1,704.449615,355.78279,613.954802,360.930238,659.202209,358.356514,3.028026,1.240983,-1.725748,1.729029,0.651139,1.485006
5717,190.566667,1,706.520538,355.896644,616.166353,360.772229,661.343446,358.334437,2.978298,1.172157,-1.711365,1.530423,0.633467,1.35129
5718,190.6,1,708.101959,355.92213,617.359343,360.642051,662.730651,358.282091,2.966451,1.287177,-1.718792,1.743482,0.62383,1.515329
5719,190.633333,1,708.882484,356.009039,618.510895,360.646273,663.69669,358.327656,2.95291,1.37865,-1.730568,1.732598,0.611171,1.555624
5720,190.666667,1,709.644737,355.475644,618.900681,360.388867,664.272709,357.932256,2.93863,1.364889,-1.754543,1.575804,0.592043,1.470347
5721,190.7,1,709.979763,355.270573,619.496498,360.09178,664.738131,357.681177,2.945364,1.34674,-1.755437,1.347892,0.594963,1.347316
5722,190.733333,1,710.298119,354.880457,619.934883,359.779254,665.116501,357.329856,2.953114,1.176462,-1.76848,1.423227,0.592317,1.299844
5723,190.766667,1,710.8321,354.755455,620.865908,359.857424,665.849004,357.30644,2.92482,0.993425,-1.741215,1.480201,0.591802,1.236813
5724,190.8,1,712.240486,354.636108,621.993284,359.482747,667.116885,357.059427,2.954873,1.006423,-1.755259,1.548009,0.599807,1.277216
5725,190.833333,1,713.203964,353.919073,623.037882,358.627192,668.120923,356.273132,2.977367,1.107837,-1.748738,1.717295,0.614315,1.412566
5726,190.866667,1,713.578377,353.292434,623.35022,358.414696,668.464298,355.853565,2.966674,1.32491,-1.750275,1.834502,0.608199,1.579706
5727,190.9,1,714.69511,353.235619,624.292936,358.414423,669.494023,355.825021,2.972946,1.349285,-1.78248,1.75462,0.595233,1.551953
5728,190.933333,1,717.203159,354.156636,626.301689,358.655822,671.752424,356.406229,2.974878,1.449923,-1.826797,1.942061,0.574041,1.695992
5729,190.966667,1,720.167732,354.408329,628.149538,358.907788,674.158635,356.658059,2.935723,1.369285,-1.80271,1.741382,0.566506,1.555334
5730,191.0,1,723.540211,356.090369,633.268309,360.359014,678.40426,358.224691,2.885032,1.786826,-1.801594,2.120358,0.541719,1.953592
5731,191.033333,1,729.45158,357.742106,638.771458,362.511304,684.111519,360.126705,2.915895,1.951668,-1.833112,2.037989,0.541391,1.994828
5732,191.066667,1,733.85685,359.662943,644.226122,364.819484,689.041486,362.241214,2.848441,2.267624,-1.770028,3.024548,0.539207,2.646086
5733,191.1,1,738.159523,361.168687,648.578043,366.629112,693.368783,363.898899,2.794088,2.148676,-1.87988,2.428638,0.457104,2.288657
5734,191.133333,1,740.997505,362.117443,652.357674,367.299224,696.677589,364.708334,2.674784,2.226262,-1.8816,2.633987,0.396592,2.430125
5735,191.166667,1,742.50164,362.962339,654.665985,368.397932,698.583813,365.680135,2.648723,2.190145,-1.94526,2.388389,0.351731,2.289267
5736,191.2,1,743.625984,363.798115,655.419998,369.446397,699.522991,366.622256,2.62608,2.22272,-1.962011,2.453605,0.332034,2.338162
5737,191.233333,1,744.841881,363.90174,656.525002,369.886998,700.683441,366.894369,2.612151,1.885124,-1.998854,2.320028,0.306649,2.102576
5738,191.266667,1,746.527138,363.961081,658.043804,370.131208,702.285471,367.046144,2.621525,1.814669,-1.971309,2.349483,0.325108,2.082076
5739,191.3,1,747.105103,363.937279,659.039402,369.891601,703.072252,366.91444,2.603884,1.809315,-1.944986,2.340883,0.329449,2.075099
5740,191.333333,1,746.510258,363.863304,658.270321,369.438232,702.390289,366.650768,2.630076,1.825996,-1.968335,2.225848,0.33087,2.025922
5741,191.366667,1,746.393814,363.262017,657.579842,368.563693,701.986828,365.912855,2.648412,1.777711,-1.95119,2.357098,0.348611,2.067404
5742,191.4,1,742.881069,362.315385,654.281807,367.016155,698.581438,364.66577,2.639183,2.124841,-1.959844,2.332306,0.339669,2.228573
5743,191.433333,1,735.489845,359.820861,645.410862,364.305573,690.450354,362.063217,2.696212,2.35655,-2.122586,2.461463,0.286813,2.409007
5744,191.466667,1,728.907185,357.978811,637.944498,362.414144,683.425841,360.196477,2.735055,2.313955,-1.927194,1.977183,0.40393,2.145569
5745,191.5,1,724.334793,356.358579,633.868237,360.802254,679.101515,358.580417,2.768562,1.778424,-1.862656,1.70723,0.452953,1.742827
5746,191.533333,1,721.391411,355.441253,629.948635,359.896853,675.670023,357.669053,2.849862,1.87351,-1.769236,1.63607,0.540313,1.75479
5747,191.566667,1,719.160461,355.198234,626.525917,359.697747,672.843189,357.447991,2.941066,1.64899,-1.818681,1.418303,0.561192,1.533646
5748,191.6,1,715.869751,354.956798,623.226509,359.382212,669.54813,357.169505,2.925502,1.614724,-1.814473,1.481842,0.555515,1.548283
5749,191.633333,1,713.019505,355.343524,621.531916,359.326385,667.27571,357.334954,2.891414,1.577677,-1.785882,1.386827,0.552766,1.482252
5750,191.666667,1,710.991707,355.334051,619.656935,359.01027,665.324321,357.17216,2.911965,1.470333,-1.709675,1.831248,0.601145,1.65079
5751,191.7,1,708.691521,355.319513,618.013773,358.69804,663.352647,357.008776,2.939255,1.409586,-1.72672,1.425519,0.606267,1.417552
5752,191.733333,1,706.776333,355.153543,615.849466,358.471999,661.3129,356.812771,2.96272,1.236387,-1.726292,1.353693,0.618214,1.29504
5753,191.766667,1,704.8839,355.053728,614.264984,358.113533,659.574442,356.58363,3.021215,1.318662,-1.715264,1.312963,0.652976,1.315813
5754,191.8,1,702.904873,354.846516,612.312336,357.953566,657.608604,356.400041,3.066194,1.408298,-1.711124,1.304394,0.677535,1.356346
5755,191.833333,1,700.517216,353.953003,610.9729,357.759492,655.745058,355.856247,3.075513,1.359202,-1.728217,1.337324,0.673648,1.348263
5756,191.866667,1,699.835167,353.713068,609.75832,357.62691,654.796743,355.669989,3.092376,1.561014,-1.700916,1.553876,0.69573,1.557445
5757,191.9,1,699.409046,353.631218,609.59528,357.689642,654.502163,355.66043,3.081482,1.487066,-1.68852,1.55293,0.696481,1.519998
5758,191.933333,1,698.645687,353.368286,609.621305,357.859082,654.133496,355.613684,3.074744,1.335472,-1.693688,1.50835,0.690528,1.421911
5759,191.966667,1,698.776417,353.205031,609.20455,357.941893,653.990483,355.573462,3.089991,1.441605,-1.688504,1.583403,0.700743,1.512504
5760,192.0,1,698.685818,353.299611,609.279861,357.937794,653.98284,355.618703,3.087981,1.454504,-1.69905,1.60563,0.694465,1.530067
5761,192.033333,1,698.900547,352.985787,609.362278,357.954783,654.131413,355.470285,3.106336,1.359217,-1.715592,1.611767,0.695372,1.485492
5762,192.066667,1,698.84182,352.40201,609.082565,357.257683,653.962193,354.829846,3.065206,1.6031,-1.706989,1.579379,0.679108,1.59124
6123,204.1,1,708.976688,357.874323,618.225918,363.669348,663.601303,360.771835,2.950261,1.691242,-1.802779,1.27726,0.573741,1.484251
6124,204.133333,1,708.957462,357.851422,618.189278,363.614577,663.57337,360.732999,2.948972,1.741878,-1.793582,1.339779,0.577695,1.540829
6125,204.166667,1,708.916321,357.866818,618.259277,363.616766,663.587799,360.741792,2.940635,1.738178,-1.789505,1.305961,0.575565,1.52207
6126,204.2,1,708.923988,357.936732,618.276024,363.494344,663.600006,360.715538,2.931747,1.82472,-1.794539,1.376868,0.568604,1.600794
6127,204.233333,1,708.506355,357.741757,617.951088,363.306348,663.228722,360.524053,2.928886,1.78569,-1.801503,1.447538,0.563692,1.616614
6128,204.266667,1,708.22504,357.690618,617.755165,363.288941,662.990103,360.489779,2.931117,1.79315,-1.775414,1.416444,0.577851,1.604797
6129,204.3,1,707.965698,357.747223,617.440729,363.30829,662.703214,360.527757,2.930814,1.890527,-1.756373,1.333415,0.587221,1.611971
6130,204.333333,1,707.944088,357.77404,617.397833,363.342408,662.67096,360.558224,2.931097,1.930504,-1.762163,1.337196,0.584467,1.63385
6131,204.366667,1,708.029308,357.787033,617.491617,363.291028,662.760463,360.53903,2.94145,1.852659,-1.757721,1.308103,0.591864,1.580381
6132,204.4,1,708.467083,357.519461,617.751322,362.723349,663.109202,360.121405,2.932479,1.893834,-1.797284,1.33526,0.567598,1.614547
6133,204.433333,1,708.897934,357.22577,617.83309,362.395872,663.365512,359.810821,2.94082,1.74609,-1.793079,1.342715,0.573871,1.544402
6134,204.466667,1,709.022369,357.203743,618.048105,362.098807,663.535237,359.651275,2.935377,1.775622,-1.796561,1.31079,0.569408,1.543206
6135,204.5,1,709.062386,357.147819,618.263807,361.984314,663.663096,359.566067,2.946712,1.806786,-1.795868,1.327329,0.575422,1.567057
6136,204.533333,1,709.315643,357.202107,618.283176,362.061503,663.79941,359.631805,2.94805,1.721029,-1.798149,1.347176,0.574951,1.534102
6137,204.566667,1,709.643784,357.199243,618.978481,361.776094,664.311132,359.487669,2.92433,1.694723,-1.785291,1.322387,0.569519,1.508555
6138,204.6,1,709.802284,357.143093,618.948355,361.762914,664.375319,359.453004,2.93001,1.652338,-1.787796,1.309638,0.571107,1.480988
6139,204.633333,1,709.758797,357.145116,619.02523,361.760511,664.392014,359.452813,2.924336,1.639834,-1.787489,1.274079,0.568424,1.456957
6140,204.666667,1,710.130424,356.980079,618.742695,361.657487,664.43656,359.318783,2.927586,1.640005,-1.796551,1.250277,0.565517,1.445141
6141,204.7,1,710.132236,357.016284,618.877125,361.570439,664.504681,359.293361,2.918262,1.622518,-1.792666,1.255673,0.562798,1.439096
6142,204.733333,1,710.94101,356.381432,620.079088,361.179979,665.510049,358.780705,2.911166,1.542243,-1.798554,1.517425,0.556306,1.529834
6143,204.766667,1,711.79491,355.600185,620.780716,360.685519,666.287813,358.142852,2.939648,1.401138,-1.752399,1.652221,0.593624,1.526679
6144,204.8,1,711.801376,355.215926,620.608606,360.543743,666.204991,357.879834,2.9435,1.429846,-1.74924,1.758997,0.59713,1.594422
6145,204.833333,1,711.845551,355.212772,620.489826,360.59972,666.167688,357.906246,2.933576,1.36638,-1.74912,1.658002,0.592228,1.512191
6146,204.866667,1,711.762028,355.060691,620.257559,360.649626,666.009793,357.855158,2.941623,1.336923,-1.760296,1.599053,0.590663,1.467988
6147,204.9,1,711.788921,355.057231,620.100632,360.593927,665.944777,357.825579,2.947088,1.354031,-1.777082,1.64565,0.585003,1.49984
6148,204.933333,1,712.049503,355.195949,620.510731,360.598776,666.280117,357.897363,2.942891,1.361939,-1.774149,1.647154,0.584371,1.504547
6149,204.966667,1,712.647438,355.355583,620.91939,360.488006,666.783414,357.921795,2.955634,1.308867,-1.771369,1.6603,0.592132,1.484584
6150,205.0,1,712.94136,355.184437,621.466026,360.347528,667.203693,357.765983,2.932183,1.354037,-1.766007,1.621329,0.583088,1.487683
6151,205.033333,1,714.112492,355.139548,621.97134,360.124615,668.041916,357.632082,2.952963,1.444485,-1.790611,1.682022,0.581176,1.563254
6152,205.066667,1,714.152107,355.141232,622.318468,360.321527,668.235288,357.73138,2.951163,1.480907,-1.773893,1.772322,0.588635,1.626615
6153,205.1,1,714.204254,355.143104,622.539616,360.40812,668.371935,357.775612,2.943516,1.413914,-1.776859,1.674908,0.583329,1.544411
6154,205.133333,1,714.36945,355.128336,622.794104,360.372988,668.581777,357.750662,2.94351,1.430724,-1.761055,1.665184,0.591227,1.547954
6155,205.166667,1,714.965649,355.185338,623.038654,360.192518,669.002151,357.688928,2.957199,1.420531,-1.772003,1.682507,0.592598,1.551519
6156,205.2,1,715.139084,355.16247,623.139391,360.038447,669.139237,357.600458,2.953847,1.465371,-1.762136,1.664117,0.595856,1.564744
6157,205.233333,1,715.178318,355.073292,623.345079,359.933653,669.261699,357.503472,2.941515,1.445254,-1.761274,1.647023,0.590121,1.546139
6158,205.266667,1,714.94709,354.964641,623.371086,359.961188,669.159088,357.462915,2.933049,1.430522,-1.759882,1.578944,0.586584,1.504733
6159,205.3,1,714.870491,354.895155,623.276997,360.023405,669.073744,357.45928,2.936925,1.387087,-1.746146,1.625608,0.59539,1.506348
6160,205.333333,1,714.150009,354.777578,623.142347,360.039278,668.646178,357.408428,2.924458,1.372103,-1.738466,1.65056,0.592996,1.511331
6161,205.366667,1,714.153194,354.775888,622.772312,360.070778,668.462753,357.423333,2.940117,1.380748,-1.741828,1.662434,0.599144,1.521591
6162,205.4,1,713.581429,355.023392,622.075329,360.341461,667.828379,357.682427,2.938692,1.452667,-1.765568,1.651341,0.586562,1.552004
6163,205.433333,1,713.101921,355.363367,621.436329,360.626199,667.269125,357.994783,2.942029,1.444254,-1.786295,1.579323,0.577867,1.511788
6164,205.466667,1,713.137589,355.401551,621.383753,360.676244,667.260671,358.038898,2.942385,1.418607,-1.805361,1.563312,0.568512,1.490959
6165,205.5,1,713.1036,355.453109,621.402931,360.656278,667.253265,358.054693,2.949489,1.417243,-1.796467,1.587823,0.576511,1.502533
6166,205.533333,1,712.956867,355.191556,621.271162,360.668219,667.114015,357.929887,2.931446,1.340607,-1.787072,1.753842,0.572187,1.547225
6167,205.566667,1,712.132473,355.12685,620.947132,360.715528,666.539803,357.921189,2.90902,1.383882,-1.789176,1.728599,0.559922,1.55624
6168,205.6,1,710.479641,355.49346,619.031858,361.258696,664.75575,358.376078,2.936494,1.583131,-1.815449,1.764291,0.560523,1.673711
6169,205.633333,1,708.472939,356.015477,617.671537,361.733238,663.072238,358.874357,2.951025,1.638348,-1.810435,1.551384,0.570295,1.594866
6170,205.666667,1,708.101082,356.150451,617.583952,361.735298,662.842517,358.942874,2.941979,1.598353,-1.814231,1.51696,0.563874,1.557657
6171,205.7,1,707.925282,356.287426,617.354469,361.702865,662.639875,358.995145,2.935127,1.629997,-1.813303,1.479721,0.560912,1.554859
6172,205.733333,1,707.781887,356.433842,617.344608,361.753387,662.563248,359.093615,2.925751,1.653129,-1.802682,1.459462,0.561534,1.556296
6173,205.766667,1,707.505627,356.584786,616.776314,362.032916,662.14097,359.308851,2.950368,1.669972,-1.817503,1.493128,0.566432,1.58155
6174,205.8,1,707.004681,356.562862,616.438475,362.061283,661.721578,359.312072,2.931845,1.704273,-1.824497,1.524344,0.553674,1.614309
6175,205.833333,1,706.831551,356.565077,616.481304,362.085595,661.656427,359.325336,2.944455,1.600239,-1.774567,1.287105,0.584944,1.443672
6176,205.866667,1,708.671341,355.755029,617.682552,361.86553,663.176947,358.810279,2.955123,1.412138,-1.745912,1.740821,0.604606,1.57648
6177,205.9,1,707.676487,355.682164,617.435675,361.847162,662.556081,358.764663,2.939204,1.259594,-1.713196,1.766692,0.613004,1.513143
6178,205.933333,1,706.979618,355.482666,616.776791,361.850252,661.878204,358.666459,2.952777,1.276492,-1.709559,1.819,0.621609,1.547746
6179,205.966667,1,706.192303,355.223914,616.130705,362.022332,661.161504,358.623123,2.960592,1.214566,-1.724449,1.738294,0.618071,1.47643
6180,206.0,1,706.045475,355.223742,615.801935,361.924378,660.923705,358.57406,2.951617,1.290631,-1.727837,1.902554,0.61189,1.596592
6181,206.033333,1,705.594788,355.20148,615.704985,361.938116,660.649886,358.569798,2.922939,1.333818,-1.724778,1.759697,0.59908,1.546757
6182,206.066667,1,706.011639,355.354806,615.438843,361.96063,660.725241,358.657718,2.942703,1.339606,-1.75023,1.714763,0.596236,1.527185
6183,206.1,1,706.079845,355.410649,615.566721,362.016892,660.823283,358.713771,2.954942,1.377347,-1.746003,1.77816,0.60447,1.577754
6184,206.133333,1,706.118946,355.448715,615.364313,361.991562,660.74163,358.720138,2.944526,1.414168,-1.747853,1.723795,0.598337,1.568981
6185,206.166667,1,706.288242,355.569291,615.628834,362.235932,660.958538,358.902612,2.949018,1.354988,-1.744171,1.713392,0.602423,1.53419
6186,206.2,1,707.841358,355.992174,616.678905,362.602075,662.260132,359.297124,2.956921,1.338388,-1.728239,1.721094,0.614341,1.529741
6187,206.233333,1,708.116474,356.2802,617.532015,362.619671,662.824244,359.449935,2.922119,1.316791,-1.736757,1.602464,0.592681,1.459628
6188,206.266667,1,708.156452,356.376861,617.48683,362.599833,662.821641,359.488347,2.927895,1.351002,-1.7397,1.591717,0.594098,1.47136
6189,206.3,1,708.604507,356.44287,617.644186,362.492942,663.124347,359.467906,2.922338,1.266709,-1.770078,1.568678,0.57613,1.417694
6190,206.333333,1,709.013462,356.35564,618.908081,362.000322,663.960772,359.177981,2.920868,1.386447,-1.75192,1.653032,0.584474,1.519739
6191,206.366667,1,709.603958,356.381614,618.933039,361.891499,664.268498,359.136557,2.909946,1.337206,-1.76381,1.577593,0.573068,1.4574
6192,206.4,1,709.802532,356.363053,619.172974,362.018985,664.487753,359.191019,2.917044,1.402605,-1.755484,1.670392,0.58078,1.536499
6193,206.433333,1,709.855213,356.295977,619.155226,362.043318,664.505219,359.169647,2.909799,1.42899,-1.768027,1.694678,0.570886,1.561834
6194,206.466667,1,709.822788,356.312343,619.19733,362.059089,664.510059,359.185716,2.911914,1.368442,-1.758769,1.68035,0.576572,1.524396
6195,206.5,1,709.769573,356.241807,619.252319,362.098523,664.510946,359.170165,2.909092,1.348613,-1.75406,1.674525,0.577516,1.511569
6196,206.533333,1,709.084225,355.613714,618.447723,361.354054,663.765974,358.483884,2.913596,1.401086,-1.777296,1.794939,0.56815,1.598012
6197,206.566667,1,708.508091,355.144381,618.225794,360.854278,663.366942,357.99933,2.904441,1.460025,-1.794072,1.821726,0.555184,1.640876
6198,206.6,1,708.592033,355.092153,618.023949,360.517623,663.307991,357.804888,2.915028,1.449579,-1.775403,1.649244,0.569812,1.549411
6199,206.633333,1,708.644333,355.14282,618.041115,360.616795,663.342724,357.879808,2.915015,1.44667,-1.764375,1.682139,0.57532,1.564405
6200,206.666667,1,708.685703,355.150684,618.022099,360.500565,663.353901,357.825624,2.915153,1.433264,-1.776661,1.560711,0.569246,1.496987
6201,206.7,1,708.755474,355.050697,618.073492,360.329762,663.414483,357.690229,2.918044,1.403892,-1.770743,1.500645,0.57365,1.452268
6202,206.733333,1,709.040604,354.840733,618.367739,360.285199,663.704171,357.562966,2.918673,1.321264,-1.781995,1.46225,0.568339,1.391757
6203,206.766667,1,709.641743,354.307473,618.919735,359.802852,664.280739,357.055162,2.919735,1.306387,-1.762738,1.566795,0.578499,1.436591
6204,206.8,1,709.793911,354.070805,618.848391,359.224665,664.321151,356.647735,2.927681,1.209104,-1.757867,1.550403,0.584907,1.379753
6205,206.833333,1,709.808865,353.738791,619.016285,358.755289,664.412575,356.24704,2.92921,1.339251,-1.752494,1.56675,0.588358,1.453
6206,206.866667,1,709.73938,353.606295,619.054327,358.790651,664.396853,356.198473,2.924272,1.280247,-1.734606,1.585052,0.594833,1.432649
6207,206.9,1,709.535789,353.554072,618.376951,358.772637,663.95637,356.163355,2.919861,1.36246,-1.746861,1.608822,0.5865,1.485641
6208,206.933333,1,709.227867,353.611348,618.094864,359.034786,663.661366,356.323067,2.927224,1.35125,-1.750075,1.66472,0.588575,1.507985
6209,206.966667,1,709.17448,353.928879,618.097792,359.080614,663.636136,356.504746,2.926474,1.360119,-1.737348,1.599149,0.594563,1.479634
6210,207.0,1,709.234314,354.26651,618.26376,359.426769,663.749037,356.84664,2.935878,1.3342,-1.747204,1.719859,0.594337,1.52703
6211,207.033333,1,709.238396,354.227902,618.469982,359.489136,663.854189,356.858519,2.927783,1.295766,-1.756079,1.675405,0.585852,1.485586
6212,207.066667,1,709.456482,354.756764,618.767271,359.920204,664.111876,357.338484,2.908399,1.289864,-1.75582,1.647815,0.576289,1.468839
6303,210.1,1,724.387627,357.693756,632.894545,362.211336,678.641086,359.952546,2.963552,1.582961,-1.788855,1.905011,0.587348,1.743986
6304,210.133333,1,723.340569,357.621197,631.663542,362.332932,677.502055,359.977064,2.921489,1.542263,-1.799907,1.815048,0.560791,1.678655
6305,210.166667,1,723.059673,357.709104,631.486692,362.66471,677.273183,360.186907,2.948328,1.492533,-1.782647,1.729982,0.582841,1.611258
6306,210.2,1,722.450256,357.793347,630.853014,362.79844,676.651635,360.295893,2.956765,1.454677,-1.79141,1.749005,0.582677,1.601841
6307,210.233333,1,722.205524,358.129712,630.421181,363.293565,676.313353,360.711638,2.929182,1.568958,-1.795892,1.772401,0.566645,1.67068
6308,210.266667,1,721.518822,358.466361,630.003672,363.710943,675.761247,361.088652,2.937037,1.51233,-1.792905,1.682112,0.572066,1.597221
6309,210.3,1,720.422955,359.187999,629.321012,364.662361,674.871984,361.92518,2.906189,1.434682,-1.779395,1.644357,0.563397,1.53952
6310,210.333333,1,718.047161,361.622275,627.956333,367.261738,673.001747,364.442006,2.85796,1.369575,-1.768826,1.937174,0.544567,1.653375
6311,210.366667,1,711.353741,368.232955,623.650198,375.627376,667.501969,371.930165,2.955889,1.488889,-1.643154,4.051535,0.656368,2.770212
6312,210.4,1,699.990692,376.446737,615.903587,384.759772,657.94714,380.603254,2.962079,2.258661,-1.607184,19.070321,0.677448,10.664491
6313,210.433333,1,700.54203,376.734774,616.842966,384.364854,658.692498,380.549814,2.964116,2.864885,-1.58175,28.861307,0.691183,15.863096
6314,210.466667,1,685.8922,383.54575,603.274565,392.378554,644.583383,387.962152,3.088746,2.030021,-1.548538,11.012271,0.770104,6.521146
6315,210.5,1,669.35955,390.583491,588.2306,397.947035,628.795075,394.265263,3.315718,1.321485,-1.469559,4.902154,0.923079,3.11182
6316,210.533333,1,650.862389,395.538626,579.23502,406.27745,615.048704,400.908038,3.547882,0.909358,-1.311723,7.920005,1.11808,4.414681
6317,210.566667,1,638.481531,400.009224,563.690128,410.346994,601.08583,405.178109,3.558802,5.354027,-1.39458,10.620607,1.082111,7.987317
6318,210.6,1,628.14167,403.103303,555.959158,408.925467,592.050414,406.014385,3.660012,6.474312,-1.402856,7.270821,1.128578,6.872567
6319,210.633333,1,621.87582,403.272024,554.264565,411.37884,588.070192,407.325432,4.074289,3.292289,-1.294626,5.079031,1.389831,4.18566
6320,210.666667,1,617.95886,402.882879,552.102242,410.424585,585.030551,406.653732,4.109116,6.97973,-1.226546,2.288578,1.441285,4.634154
6321,210.7,1,614.951706,402.448661,550.833397,409.406419,582.892551,405.92754,4.289055,5.013789,-1.159206,2.61533,1.564924,3.81456
6322,210.733333,1,615.175018,401.904302,550.001612,409.005504,582.588315,405.454903,4.512071,6.753988,-1.147382,5.4462,1.682344,6.100094
6323,210.766667,1,615.382366,401.336896,549.697628,408.27443,582.539997,404.805663,4.57785,6.007357,-1.169994,3.817821,1.703928,4.912589
6324,210.8,1,614.493799,400.763623,550.127363,407.444984,582.310581,404.104303,4.197036,6.038798,-1.2137,3.581738,1.491668,4.810268
6325,210.833333,1,618.442822,399.706371,552.197218,408.952385,585.32002,404.329378,4.015986,4.252724,-1.231398,3.263281,1.392294,3.758002
6326,210.866667,1,620.347395,398.996969,554.15946,408.275653,587.253428,403.636311,3.702867,2.251913,-1.25925,4.209096,1.221808,3.230505
6327,210.9,1,628.1672,396.245624,558.384285,406.447899,593.275743,401.346762,3.76691,1.844685,-1.284133,3.520489,1.241389,2.682587
6328,210.933333,1,638.426399,391.061772,567.08498,402.506758,602.75569,396.784265,3.65514,1.347081,-1.365243,2.310898,1.144948,1.82899
6329,210.966667,1,655.027428,382.719759,574.047451,396.178569,614.537439,389.449164,3.665999,1.236276,-1.378586,2.289408,1.143706,1.762842
6330,211.0,1,669.700527,374.348584,586.95076,387.989345,628.325644,381.168965,3.495041,0.723185,-1.417354,2.3864,1.038843,1.554793
6331,211.033333,1,683.178539,368.563821,596.259127,380.161779,639.718833,374.3628,3.267216,1.20065,-1.51512,1.780509,0.876048,1.49058
6332,211.066667,1,692.25462,365.969846,604.873304,376.371549,648.563962,371.170698,3.010361,1.245771,-1.547322,1.605744,0.73152,1.425758
6333,211.1,1,699.199371,364.083175,610.705881,373.383429,654.952626,368.733302,3.015071,1.203416,-1.625011,1.400112,0.69503,1.301764
6334,211.133333,1,706.463127,362.847991,616.861286,371.405321,661.662207,367.126656,2.928425,1.148219,-1.705155,1.656756,0.611635,1.402488
6335,211.166667,1,712.575893,361.602572,622.170048,369.596397,667.372971,365.599484,2.940095,1.29091,-1.734146,1.729528,0.602975,1.510219
6336,211.2,1,716.512947,361.091788,626.208878,367.816547,671.360912,364.454167,2.917652,1.47865,-1.753008,1.730336,0.582322,1.604493
6337,211.233333,1,719.514942,360.604033,629.391975,366.465803,674.453459,363.534918,2.849921,1.423362,-1.718087,1.597839,0.565917,1.510601
6338,211.266667,1,721.806984,360.062517,632.209501,365.404313,677.008243,362.733415,2.837756,1.410249,-1.725532,1.602493,0.556112,1.506371
6339,211.3,1,723.803234,360.097799,633.613014,364.512881,678.708124,362.30534,2.846601,1.39801,-1.738513,1.578665,0.554044,1.488338
6340,211.333333,1,724.864197,360.083261,634.381428,363.719344,679.622812,361.901303,2.85098,1.468662,-1.754025,1.340404,0.548477,1.404533
6341,211.366667,1,724.997025,359.687796,634.488306,363.286082,679.742665,361.486939,2.86431,1.471864,-1.75573,1.334693,0.55429,1.403279
6342,211.4,1,725.423355,359.87068,634.419222,363.147229,679.921288,361.508954,2.912307,1.457364,-1.760743,1.376577,0.575782,1.416971
6343,211.433333,1,725.622559,359.851749,634.531269,363.067889,680.076914,361.459819,2.911146,1.489803,-1.766764,1.369037,0.572191,1.42942
6344,211.466667,1,725.199013,359.858567,633.988495,363.118261,679.593754,361.488414,2.928643,1.523596,-1.772306,1.387716,0.578168,1.455656
6345,211.5,1,724.334316,359.764041,633.35104,363.342118,678.842678,361.553079,2.947303,1.558233,-1.761861,1.416811,0.592721,1.487522
6346,211.533333,1,723.820534,359.597808,632.890987,363.481218,678.355761,361.539513,2.95475,1.514847,-1.772676,1.377918,0.591037,1.446382
6347,211.566667,1,723.592567,359.557532,632.364492,363.311648,677.97853,361.43459,2.964789,1.624422,-1.772236,1.431728,0.596277,1.528075
6348,211.6,1,723.33744,359.565589,631.650314,363.475424,677.493877,361.520507,2.968069,1.552078,-1.776697,1.304804,0.595686,1.428441
6349,211.633333,1,722.739315,359.965518,631.148491,363.574719,676.943903,361.770118,2.925002,1.426122,-1.777654,1.313979,0.573674,1.37005
6350,211.666667,1,721.789684,360.045029,630.671186,363.781062,676.230435,361.913045,2.898813,1.438534,-1.764606,1.304458,0.567103,1.371496
6351,211.7,1,721.152515,360.172579,630.045938,364.058316,675.599227,362.115448,2.898329,1.404409,-1.754806,1.26554,0.571762,1.334975
6352,211.733333,1,720.513077,360.045635,629.836683,364.29897,675.17488,362.172302,2.883679,1.436973,-1.776622,1.334872,0.553529,1.385922
6353,211.766667,1,720.310764,360.15376,629.476118,364.445214,674.893441,362.299487,2.909591,1.418264,-1.761921,1.325657,0.573835,1.371961
6354,211.8,1,720.437107,360.379972,629.521465,364.712357,674.979286,362.546165,2.901637,1.43729,-1.746566,1.355637,0.577535,1.396464
6355,211.833333,1,720.388393,360.690556,629.332733,364.763963,674.860563,362.727259,2.914467,1.41483,-1.759363,1.270925,0.577552,1.342878
6356,211.866667,1,721.14027,360.680616,629.475918,364.454259,675.308094,362.567437,2.914438,1.470748,-1.785788,1.278458,0.564325,1.374603
6357,211.9,1,721.459465,360.687085,630.226488,364.265994,675.842977,362.47654,2.928828,1.519842,-1.784356,1.257813,0.572236,1.388827
6358,211.933333,1,721.940517,360.764891,630.741644,364.180223,676.341081,362.472557,2.951296,1.574761,-1.793008,1.335656,0.579144,1.455208
6359,211.966667,1,722.427216,360.828754,631.038961,364.106913,676.733088,362.467833,2.956669,1.58352,-1.788564,1.323503,0.584053,1.453511
6360,212.0,1,722.869854,360.793569,631.488085,364.038634,677.178969,362.416102,2.965396,1.549566,-1.78433,1.309311,0.590533,1.429438
6361,212.033333,1,722.923203,360.841656,631.861162,364.114251,677.392182,362.477953,2.963196,1.647124,-1.78875,1.294699,0.587223,1.470912
6362,212.066667,1,723.412838,360.787593,632.275324,363.665405,677.844081,362.226499,2.951744,1.616747,-1.790912,1.327232,0.580416,1.47199
6363,212.1,1,724.725418,360.134776,633.768845,363.225152,679.247131,361.679964,2.965368,1.574737,-1.767227,1.549812,0.59907,1.562275
6364,212.133333,1,725.519047,360.338125,633.841639,363.279687,679.680343,361.808906,2.982525,1.604495,-1.792865,1.618428,0.59483,1.611461
6365,212.166667,1,725.527592,360.31612,634.016705,363.15887,679.772148,361.737495,2.97464,1.644492,-1.786075,1.598229,0.594282,1.62136
6366,212.2,1,725.830536,360.296255,634.209614,363.229959,680.020075,361.763107,2.975056,1.65225,-1.786123,1.642746,0.594466,1.647498
6367,212.233333,1,725.758514,360.326918,634.416618,363.141156,680.087566,361.734037,2.970779,1.618752,-1.787036,1.531198,0.591872,1.574975
6368,212.266667,1,726.075706,360.203853,634.737148,362.96133,680.406427,361.582592,2.970555,1.60306,-1.789921,1.53068,0.590317,1.56687
6369,212.3,1,726.407738,360.049889,634.813442,362.81044,680.61059,361.430165,2.977877,1.708148,-1.785299,1.604873,0.596289,1.656511
6370,212.333333,1,726.823349,360.173035,635.055285,362.66169,680.939317,361.417362,2.981422,1.711205,-1.781351,1.639496,0.600035,1.67535
6371,212.366667,1,726.749573,360.355355,635.394316,362.58242,681.071944,361.468888,2.971413,1.627672,-1.790506,1.495952,0.590454,1.561812
6372,212.4,1,726.227913,360.303664,635.006571,362.852626,680.617242,361.578145,2.950455,1.673339,-1.790092,1.494616,0.580181,1.583978
6373,212.433333,1,726.124077,360.352217,635.393839,362.720436,680.758958,361.536326,2.926685,1.767139,-1.784949,1.415186,0.570868,1.591163
6374,212.466667,1,726.091423,360.376529,634.980478,362.691801,680.535951,361.534165,2.943363,1.737347,-1.804507,1.374409,0.569428,1.555878
6375,212.5,1,726.001549,360.354191,634.774218,362.652233,680.387883,361.503212,2.944627,1.73354,-1.802076,1.379343,0.571276,1.556441
6376,212.533333,1,725.694771,359.873727,633.859768,362.621977,679.777269,361.247852,2.957055,1.703658,-1.81645,1.478782,0.570303,1.59122
6377,212.566667,1,725.432339,359.680619,633.677816,362.437559,679.555078,361.059089,2.956154,1.688911,-1.821276,1.405655,0.567439,1.547283
6378,212.6,1,725.004063,359.619856,633.212147,362.424363,679.108105,361.022109,2.956971,1.609273,-1.819038,1.442542,0.568966,1.525907
6379,212.633333,1,724.56707,359.603859,632.901173,362.26909,678.734121,360.936475,2.973383,1.61743,-1.817466,1.363934,0.577959,1.490682
6380,212.666667,1,724.238091,359.453194,632.447214,362.489315,678.342652,360.971255,2.972025,1.57997,-1.80573,1.404583,0.583148,1.492277
6381,212.7,1,723.488827,359.253525,631.906204,362.650178,677.697515,360.951852,2.950967,1.561108,-1.826387,1.423165,0.56229,1.492136
6382,212.733333,1,723.243599,358.88065,631.807365,362.711252,677.525482,360.795951,2.96517,1.639995,-1.805781,1.555983,0.579694,1.597989
6383,212.766667,1,722.829819,358.791284,631.379023,362.754312,677.104421,360.772798,2.958247,1.60721,-1.824292,1.492854,0.566978,1.550032
6384,212.8,1,722.788277,358.84392,631.803551,362.824683,677.295914,360.834301,2.949236,1.687007,-1.807367,1.481118,0.570935,1.584062
6385,212.833333,1,722.798233,358.862143,632.080202,362.687477,677.439218,360.77481,2.936318,1.655317,-1.798656,1.46771,0.568831,1.561514
6386,212.866667,1,722.872791,358.63033,632.431746,362.695797,677.652268,360.663064,2.873683,1.651399,-1.789151,1.551946,0.542266,1.601672
6387,212.9,1,723.167095,358.44765,632.720432,362.516078,677.943764,360.481864,2.862445,1.643994,-1.790199,1.557842,0.536123,1.600918
6388,212.933333,1,723.404465,358.273387,632.930889,362.303535,678.167677,360.288461,2.909785,1.565659,-1.791622,1.523962,0.559081,1.54481
6389,212.966667,1,723.560314,358.180679,633.039026,362.16126,678.29967,360.170969,2.917251,1.535942,-1.778846,1.582554,0.569202,1.559248
6390,213.0,1,723.677082,358.060253,633.0758,362.100003,678.376441,360.080128,2.892111,1.472795,-1.783733,1.609604,0.554189,1.5412
6391,213.033333,1,723.579941,357.888957,632.357273,361.927451,677.968607,359.908204,2.945225,1.528587,-1.808997,1.588804,0.568114,1.558695
6392,213.066667,1,721.958694,358.05527,630.786266,362.228884,676.37248,360.142077,2.915658,1.489126,-1.825097,1.500726,0.545281,1.494926
6393,213.1,1,721.426678,357.99154,629.952736,362.396597,675.689707,360.194069,2.928913,1.478601,-1.811391,1.537895,0.558761,1.508248
6394,213.133333,1,721.012421,357.869918,629.731159,362.690599,675.37179,360.280259,2.918735,1.567617,-1.811725,1.470941,0.553505,1.519279
6395,213.166667,1,720.839386,357.872579,629.384508,362.607295,675.111947,360.239937,2.903403,1.54117,-1.801937,1.511929,0.550733,1.526549
6396,213.2,1,720.579414,358.027101,629.394684,362.866713,674.987049,360.446907,2.872774,1.571103,-1.796551,1.467932,0.538112,1.519518
6397,213.233333,1,720.428524,358.285489,629.27844,363.183728,674.853482,360.734609,2.868407,1.606264,-1.785543,1.436544,0.541432,1.521404
6398,213.266667,1,720.615578,358.367913,629.486523,363.134328,675.05105,360.75112,2.862206,1.60267,-1.788833,1.306316,0.536687,1.454493
6399,213.3,1,720.563431,358.412787,629.53126,363.152325,675.047345,360.782556,2.844783,1.576126,-1.786738,1.26285,0.529022,1.419488
6400,213.333333,1,720.512581,358.263302,629.702177,363.192279,675.107379,360.727791,2.809114,1.566794,-1.802422,1.202152,0.503346,1.384473
6401,213.366667,1,720.646019,358.210167,629.948654,363.108396,675.297337,360.659282,2.791669,1.507403,-1.788298,1.247921,0.501685,1.377662
6402,213.4,1,720.735302,358.118978,630.110331,363.156606,675.422816,360.637792,2.807919,1.468216,-1.791297,1.236784,0.508311,1.3525
6403,213.433333,1,721.479397,358.17871,630.40225,363.167818,675.940824,360.673264,2.783034,1.479805,-1.799099,1.256843,0.491967,1.368324
6404,213.466667,1,721.424694,358.088985,630.913982,363.141763,676.169338,360.615374,2.767243,1.45497,-1.803034,1.289784,0.482105,1.372377
6405,213.5,1,724.417572,358.311469,634.047918,362.843319,679.232745,360.577394,2.781486,1.298463,-1.784706,1.663161,0.49839,1.480812
6406,213.533333,1,724.981537,358.321216,634.766197,362.759151,679.873867,360.540183,2.802607,1.303236,-1.745748,1.654191,0.528429,1.478713
6407,213.566667,1,725.557442,358.262433,634.975805,362.570184,680.266623,360.416308,2.79799,1.3994,-1.805435,1.6671,0.496278,1.53325
6408,213.6,1,726.073895,358.119723,635.037203,362.509872,680.555549,360.314797,2.809777,1.480169,-1.856521,1.653494,0.476628,1.566832
6409,213.633333,1,726.449642,358.008825,635.460978,362.152827,680.95531,360.080826,2.800578,1.524536,-1.864844,1.570604,0.467867,1.54757
6410,213.666667,1,726.726742,357.945664,635.556641,361.970984,681.141691,359.958324,2.807325,1.503513,-1.891149,1.61832,0.458088,1.560917
6411,213.7,1,726.78896,357.907448,635.947943,361.950824,681.368451,359.929136,2.800769,1.35733,-1.854797,1.560785,0.472986,1.459057
6412,213.733333,1,726.087284,357.690033,635.841408,362.007698,680.964346,359.848866,2.793185,1.245803,-1.829816,1.55944,0.481684,1.402622
6413,213.766667,1,726.121178,357.589204,635.760088,362.002805,680.940633,359.796005,2.795057,1.254963,-1.83044,1.562947,0.482309,1.408955
6414,213.8,1,725.398331,357.59643,635.365295,361.923739,680.381813,359.760084,2.793121,1.291035,-1.817073,1.547607,0.488024,1.419321
6415,213.833333,1,725.169601,357.542238,635.108891,361.790761,680.139246,359.666499,2.790451,1.288168,-1.811035,1.611471,0.489708,1.449819
6416,213.866667,1,724.402847,357.678258,634.501038,361.82578,679.451942,359.752019,2.790704,1.305073,-1.761326,1.627871,0.514689,1.466472
6417,213.9,1,723.710117,357.735314,633.926859,361.924088,678.818488,359.829701,2.804738,1.241896,-1.725524,1.6431,0.539607,1.442498
6418,213.933333,1,723.179245,357.71354,633.085089,362.056476,678.132167,359.885008,2.81742,1.292965,-1.741542,1.63922,0.537939,1.466092
6419,213.966667,1,723.099518,357.623477,632.319107,361.971134,677.709312,359.797305,2.857202,1.304352,-1.724012,1.670588,0.566595,1.48747
6420,214.0,1,723.290615,357.65569,631.591568,361.727831,677.441092,359.691761,2.945439,1.397187,-1.725496,1.764331,0.609972,1.580759
6421,214.033333,1,723.07291,357.959719,630.968399,361.577155,677.020655,359.768437,2.976486,1.412162,-1.745727,1.809549,0.615379,1.610855
6422,214.066667,1,722.339077,357.870852,630.907011,361.661328,676.623044,359.76609,2.961509,1.531269,-1.738868,1.608072,0.611321,1.56967
6423,214.1,1,722.320747,357.724446,630.626678,361.598967,676.473713,359.661706,2.999724,1.416424,-1.732237,1.78199,0.633743,1.599207
6424,214.133333,1,722.199707,357.761879,630.439949,361.637725,676.319828,359.699802,3.007854,1.473347,-1.741176,1.607257,0.633339,1.540302
6425,214.166667,1,722.273102,357.840317,630.3613,361.802471,676.317201,359.821394,3.002848,1.405147,-1.749749,1.605733,0.626549,1.50544
6426,214.2,1,722.069759,357.920408,630.14924,361.616707,676.1095,359.768558,3.000296,1.380081,-1.768926,1.560186,0.615685,1.470134
6427,214.233333,1,720.464115,357.860236,628.814421,361.602974,674.639268,359.731605,2.960245,1.359089,-1.785936,1.292959,0.587154,1.326024
6428,214.266667,1,719.622688,357.986353,628.146582,361.656082,673.884635,359.821217,2.964063,1.384423,-1.806318,1.327149,0.578872,1.355786
6429,214.3,1,719.365005,357.762228,627.895327,361.582428,673.630166,359.672328,2.942855,1.337903,-1.812241,1.334324,0.565307,1.336113
6430,214.333333,1,718.766251,357.781604,627.424822,361.482157,673.095536,359.63188,2.928033,1.318294,-1.78923,1.431072,0.569402,1.374683
6431,214.366667,1,718.205986,357.917688,626.854753,361.578571,672.53037,359.74813,2.918418,1.278766,-1.77256,1.4616,0.572929,1.370183
6432,214.4,1,717.71616,357.976407,626.613894,361.66364,672.165027,359.820024,2.911215,1.277254,-1.756413,1.450401,0.577401,1.363827
6433,214.433333,1,717.35054,358.130071,626.381721,361.759197,671.866131,359.944634,2.894085,1.264949,-1.752491,1.388936,0.570797,1.326943
6434,214.466667,1,717.089806,358.116242,626.284447,361.798099,671.687126,359.95717,2.904485,1.299693,-1.7588,1.422425,0.572842,1.361059
6435,214.5,1,716.890373,358.15059,626.109571,361.863846,671.499972,360.007218,2.904343,1.337572,-1.741076,1.438482,0.581633,1.388027
6436,214.533333,1,716.542397,358.100213,626.020384,361.859061,671.28139,359.979637,2.903895,1.309433,-1.731707,1.450512,0.586094,1.379973
6437,214.566667,1,716.278343,358.172638,625.570459,361.895152,670.924401,360.033895,2.915354,1.281564,-1.733742,1.450278,0.590806,1.365921
6438,214.6,1,716.131935,358.175856,625.480595,361.903719,670.806265,360.039788,2.913086,1.306132,-1.735274,1.4235,0.588906,1.364816
6439,214.633333,1,716.051598,358.216095,625.367432,361.924447,670.709515,360.070271,2.907217,1.30557,-1.747315,1.41683,0.579951,1.3612
6440,214.666667,1,715.741081,358.362753,625.66329,361.980549,670.702186,360.171651,2.903823,1.334925,-1.712915,1.427149,0.595454,1.381037
6441,214.7,1,715.482368,358.532869,625.311794,362.082317,670.397081,360.307593,2.910395,1.354595,-1.69995,1.45828,0.605222,1.406438
6442,214.733333,1,715.475388,358.579845,625.114031,362.186966,670.294709,360.383406,2.922637,1.325796,-1.704847,1.437154,0.608895,1.381475
6443,214.766667,1,715.098,358.508289,624.985523,362.26298,670.041761,360.385635,2.913642,1.325348,-1.720984,1.4079,0.596329,1.366624
6444,214.8,1,715.006008,358.53134,624.621649,362.453197,669.813828,360.492269,2.914355,1.302615,-1.722384,1.509549,0.595985,1.406082
6445,214.833333,1,714.597988,358.549848,624.33815,362.404579,669.468069,360.477213,2.914941,1.374869,-1.714248,1.461995,0.600347,1.418432
6446,214.866667,1,714.080963,358.350527,623.294792,362.328705,668.687878,360.339616,2.921194,1.368068,-1.720012,1.47781,0.600591,1.422939
6447,214.9,1,713.54044,358.424197,623.191223,362.443954,668.365831,360.434075,2.917911,1.389367,-1.715356,1.450223,0.601277,1.419795
6448,214.933333,1,712.948723,358.384565,622.714624,362.493457,667.831674,360.439011,2.907015,1.409812,-1.727939,1.46529,0.589538,1.437551
6449,214.966667,1,712.724895,358.385798,622.167397,362.550523,667.446146,360.468161,2.909064,1.43296,-1.734939,1.40504,0.587062,1.419
6450,215.0,1,713.720093,358.31847,623.73292,362.733793,668.726506,360.526131,2.902431,1.373673,-1.70737,1.571505,0.597531,1.472589
6451,215.033333,1,714.148331,358.080767,624.026632,362.786418,669.087481,360.433592,2.912202,1.264166,-1.6991,1.594631,0.606551,1.429398
6452,215.066667,1,714.644814,358.119975,624.622393,362.573955,669.633603,360.346965,2.8946,1.253398,-1.714637,1.612221,0.589982,1.43281
6453,215.1,1,715.339584,358.236002,625.064678,362.460884,670.202131,360.348443,2.913555,1.347469,-1.718461,1.472537,0.597547,1.410003
6454,215.133333,1,716.582813,358.189268,625.558748,361.802627,671.070781,359.995947,2.994432,1.441038,-1.740882,1.329773,0.626775,1.385406
6455,215.166667,1,716.921463,358.10451,625.267944,361.575868,671.094704,359.840189,2.990583,1.476475,-1.755311,1.471395,0.617636,1.473935
6456,215.2,1,716.818104,358.132448,625.481873,361.561775,671.149988,359.847111,2.957506,1.499741,-1.750689,1.444593,0.603409,1.472167
6457,215.233333,1,716.861172,358.162054,625.4807,361.504853,671.170936,359.833454,2.966987,1.498919,-1.746125,1.477196,0.610431,1.488058
6458,215.266667,1,716.784763,358.161415,625.08194,361.634983,670.933352,359.898199,2.953064,1.466946,-1.749864,1.481986,0.6016,1.474466
6459,215.3,1,715.904579,358.130254,625.051193,361.649832,670.477886,359.890043,2.921134,1.417505,-1.743694,1.419709,0.58872,1.418607
6460,215.333333,1,713.761253,358.360135,622.793016,361.922436,668.277135,360.141285,2.903096,1.423111,-1.764396,1.447341,0.56935,1.435226
6461,215.366667,1,712.836342,358.435537,622.188988,362.025797,667.512665,360.230667,2.888036,1.365884,-1.770606,1.339068,0.558715,1.352476
6462,215.4,1,712.081718,358.426632,621.578588,362.193575,666.830153,360.310104,2.893959,1.350944,-1.760797,1.429393,0.566581,1.390168
6463,215.433333,1,711.950073,358.435001,621.425304,362.151657,666.687689,360.293329,2.906784,1.300222,-1.742927,1.407993,0.581928,1.354107
6464,215.466667,1,711.62838,358.463368,621.248045,362.382268,666.438212,360.422818,2.903751,1.345367,-1.731538,1.431291,0.586106,1.388329
6465,215.5,1,711.500912,358.411955,621.169081,362.455927,666.334996,360.433941,2.910234,1.329172,-1.736336,1.390179,0.586949,1.359676
6466,215.533333,1,711.367836,358.452124,620.961761,362.483253,666.164799,360.467689,2.903591,1.398868,-1.745934,1.405669,0.578828,1.402268
6467,215.566667,1,711.204605,358.554574,620.779076,362.543099,665.99184,360.548836,2.898832,1.334171,-1.746762,1.374673,0.576035,1.354422
6468,215.6,1,711.597366,359.529358,622.472467,363.2578,667.034917,361.393579,2.840893,1.162498,-1.701527,1.374491,0.569683,1.268494
6469,215.633333,1,711.500263,359.891692,622.149057,363.733206,666.82466,361.812449,2.854733,1.162969,-1.720863,1.30735,0.566935,1.235159
6470,215.666667,1,711.412659,359.87635,622.132902,363.907115,666.77278,361.891733,2.850991,1.114179,-1.720248,1.3101,0.565371,1.21214
6471,215.7,1,711.361561,359.893436,622.030792,363.830404,666.696177,361.86192,2.84523,1.138109,-1.729328,1.31965,0.557951,1.228879
6472,215.733333,1,711.304436,359.594729,621.706324,363.490262,666.50538,361.542495,2.864002,1.247627,-1.732583,1.342507,0.565709,1.295067
6473,215.766667,1,711.016731,359.220518,621.107702,363.263395,666.062217,361.241957,2.885183,1.260609,-1.737927,1.393817,0.573628,1.327213
6474,215.8,1,710.258408,358.997245,620.863228,363.108568,665.560818,361.052907,2.87782,1.273976,-1.725096,1.382974,0.576362,1.328475
6475,215.833333,1,709.540176,358.495908,620.139112,362.788167,664.839644,360.642038,2.871253,1.234072,-1.697859,1.365623,0.586697,1.299848
6476,215.866667,1,709.047756,357.793899,619.956369,362.779273,664.502063,360.286586,2.874876,1.189352,-1.697286,1.567714,0.588795,1.378533
6477,215.9,1,709.017048,357.871436,619.820814,362.742167,664.418931,360.306802,2.889542,1.170063,-1.685189,1.62859,0.602177,1.399327
6478,215.933333,1,708.88855,358.027976,619.396009,362.758282,664.14228,360.393129,2.896091,1.232527,-1.693453,1.587886,0.601319,1.410207
6479,215.966667,1,708.569279,358.330593,619.654675,362.90759,664.111977,360.619091,2.863402,1.140159,-1.685136,1.567965,0.589133,1.354062
6480,216.0,1,707.593708,359.094127,618.669538,363.745404,663.131623,361.419766,2.863526,1.07528,-1.699832,1.26594,0.581847,1.17061
6481,216.033333,1,706.997604,359.531204,617.993546,364.35351,662.495575,361.942357,2.863222,1.073051,-1.741737,1.27481,0.560742,1.17393
6482,216.066667,1,706.639156,359.007186,617.954311,363.966005,662.296734,361.486596,2.876785,1.098393,-1.751062,1.278402,0.562862,1.188398
7203,240.1,1,631.102285,409.472004,559.592018,413.439732,595.347152,411.455868,3.35579,9.388238,-1.447857,13.661311,0.953966,11.524775
7204,240.133333,1,632.020426,409.455289,563.78973,413.918195,597.905078,411.686742,3.323528,7.906294,-1.402078,12.445496,0.960725,10.175895
7205,240.166667,1,636.321287,407.48099,568.603106,413.123692,602.462196,410.302341,3.424358,3.832364,-1.365641,12.318589,1.029359,8.075477
7206,240.2,1,641.395206,405.309151,571.828928,410.41449,606.612067,407.86182,3.263202,2.181027,-1.405292,11.295825,0.928955,6.738426
7207,240.233333,1,651.351719,400.251889,577.462339,407.968894,614.407029,404.110392,3.266821,2.051522,-1.436413,17.907771,0.915204,9.979647
7208,240.266667,1,662.574673,394.270166,584.763298,400.982383,623.668985,397.626275,3.350377,2.832955,-1.451515,14.194999,0.949431,8.513977
7209,240.3,1,674.88924,386.836574,593.609324,393.767005,634.249282,390.30179,3.213385,3.509305,-1.500183,13.135509,0.856601,8.322407
7210,240.333333,1,687.536545,378.479047,602.364254,385.36255,644.950399,381.920798,3.120273,4.944133,-1.580635,8.094114,0.769819,6.519124
7211,240.366667,1,699.34227,372.246473,611.462641,378.714759,655.402455,375.480616,2.945686,1.978452,-1.628445,2.064024,0.65862,2.021238
7212,240.4,1,702.500477,369.441644,616.34038,375.567209,659.420428,372.504426,2.942621,1.330499,-1.614265,1.870059,0.664178,1.600279
7213,240.433333,1,708.12067,368.065681,621.150103,372.94036,664.635386,370.503021,2.842654,1.225321,-1.620083,1.783816,0.611286,1.504569
7214,240.466667,1,712.385273,366.681764,624.918833,370.972724,668.652053,368.827244,2.905695,1.363711,-1.658248,1.737651,0.623723,1.550681
7215,240.5,1,716.040039,366.135446,627.794752,369.785546,671.917396,367.960496,2.881759,1.291778,-1.707182,1.717362,0.587289,1.50457
7216,240.533333,1,718.609123,365.704801,629.048834,368.980272,673.828979,367.342536,2.846315,1.219204,-1.760019,1.621589,0.543148,1.420396
7217,240.566667,1,720.981789,364.969833,630.970478,368.0951,675.976133,366.532466,2.883327,1.21127,-1.776856,1.590604,0.553235,1.400937
7218,240.6,1,723.750019,364.664699,633.156738,367.229449,678.453379,365.947074,2.878155,1.237611,-1.773673,1.686109,0.552241,1.46186
7219,240.633333,1,724.759388,364.389151,634.64406,366.266772,679.701724,365.327961,2.863502,1.325184,-1.783675,1.628854,0.539913,1.477019
7220,240.666667,1,725.73595,364.014505,635.368805,365.596751,680.552378,364.805628,2.87906,1.482645,-1.80449,1.735641,0.537285,1.609143
7221,240.7,1,725.813732,363.551765,636.011724,365.089476,680.912728,364.32062,2.879581,1.392538,-1.798326,1.645037,0.540628,1.518787
7222,240.733333,1,725.724697,363.304315,635.92967,364.696612,680.827184,364.000464,2.898842,1.441428,-1.82129,1.584309,0.538776,1.512869
7223,240.766667,1,725.760727,362.729464,635.843115,364.137436,680.801921,363.43345,2.897956,1.477217,-1.801538,1.653616,0.548209,1.565416
7224,240.8,1,725.46072,362.405652,635.769825,363.752958,680.615273,363.079305,2.902146,1.465045,-1.796821,1.533787,0.552663,1.499416
7225,240.833333,1,725.660038,361.969809,635.770283,363.232346,680.71516,362.601078,2.920426,1.439315,-1.797085,1.619887,0.561671,1.529601
7226,240.866667,1,726.052532,361.938406,635.796518,363.199779,680.924525,362.569092,2.957986,1.544524,-1.780737,1.62189,0.588625,1.583207
7227,240.9,1,726.128139,361.876071,635.914526,363.120182,681.021333,362.498126,2.93891,1.659425,-1.785809,1.671618,0.57655,1.665521
7228,240.933333,1,726.950226,361.839303,636.478081,363.120042,681.714153,362.479673,2.960328,1.640037,-1.786655,1.788521,0.586837,1.714279
7229,240.966667,1,727.936859,361.956961,637.582331,363.151907,682.759595,362.554434,2.902279,1.785079,-1.762713,1.845207,0.569783,1.815143
7230,241.0,1,728.718166,362.018834,639.129286,362.911731,683.923726,362.465283,2.839334,1.629744,-1.746572,1.943077,0.546381,1.78641
7231,241.033333,1,729.737949,361.829631,640.328588,362.251355,685.033269,362.040493,2.805411,1.536992,-1.725425,1.798656,0.539993,1.667824
7232,241.066667,1,730.910854,362.087874,641.704855,362.11475,686.307855,362.101312,2.773831,1.27877,-1.771081,1.690542,0.501375,1.484656
7233,241.1,1,733.58984,362.329016,644.799156,361.680409,689.194498,362.004713,2.788978,1.227442,-1.834091,1.814131,0.477443,1.520786
7234,241.133333,1,740.33802,363.589225,651.46204,362.463432,695.90003,363.026328,2.858913,1.132243,-1.803226,2.255694,0.527843,1.693969
7235,241.166667,1,747.476826,365.070566,657.969952,363.1722,702.723389,364.121383,2.838184,1.375143,-1.759691,1.967241,0.539246,1.671192
7236,241.2,1,753.718548,365.627548,663.712139,363.653651,708.715343,364.6406,2.832801,1.226033,-1.815829,1.866928,0.508486,1.54648
7237,241.233333,1,756.878719,366.107588,669.173717,363.31101,713.026218,364.709299,2.732783,1.341471,-1.865117,1.86384,0.433833,1.602655
7238,241.266667,1,760.329685,366.321312,673.676357,363.371467,717.003021,364.84639,2.704762,1.35328,-1.846762,1.541045,0.429,1.447163
7239,241.3,1,764.526825,366.104879,676.786747,362.998844,720.656786,364.551862,2.670707,1.213233,-1.780619,1.190101,0.445044,1.201667
7240,241.333333,1,765.897942,366.21603,678.637867,362.367055,722.267904,364.291542,2.657252,1.252117,-1.803846,1.273795,0.426703,1.262956
7241,241.366667,1,766.422005,365.967792,679.731445,362.39458,723.076725,364.181186,2.657085,1.22964,-1.802153,1.118096,0.427466,1.173868
7242,241.4,1,766.282196,366.206814,680.208378,362.269734,723.245287,364.238274,2.655195,1.406342,-1.830311,1.083825,0.412442,1.245084
7243,241.433333,1,764.93372,365.938926,679.369106,362.248002,722.151413,364.093464,2.668201,1.323852,-1.844786,1.243029,0.411707,1.283441
7244,241.466667,1,759.776192,364.196531,673.346081,360.269004,716.561136,362.232767,2.693242,1.916269,-2.02118,1.593188,0.336031,1.754728
7245,241.5,1,753.579292,362.93741,665.994377,359.788738,709.786835,361.363074,2.59954,1.899715,-2.008578,1.383042,0.295481,1.641379
7246,241.533333,1,749.840508,361.684824,661.19421,359.874832,705.517359,360.779828,2.652172,1.919088,-1.963141,1.435807,0.344516,1.677447
7247,241.566667,1,746.562424,361.233746,657.925777,359.827067,702.244101,360.530407,2.693331,1.745271,-1.90461,1.564961,0.39436,1.655116
7248,241.6,1,743.279839,361.65929,654.730225,360.377757,699.005032,361.018523,2.653506,1.74491,-1.856765,1.724773,0.398371,1.734842
7249,241.633333,1,741.039066,361.245897,652.093353,361.154723,696.56621,361.20031,2.703913,1.725572,-1.844452,1.887735,0.429731,1.806654
7250,241.666667,1,738.609505,361.301456,648.796425,361.570707,693.702965,361.436082,2.771327,1.814845,-1.832947,2.059819,0.46919,1.937332
7251,241.7,1,736.850185,360.900686,646.163845,362.096983,691.507015,361.498834,2.778757,1.754699,-1.829228,2.011032,0.474765,1.882866
7252,241.733333,1,734.982052,360.66375,643.832703,362.653472,689.407377,361.658611,2.797769,1.651991,-1.872406,2.067215,0.462681,1.859603
7253,241.766667,1,733.30452,360.629675,642.054014,363.005549,687.679267,361.817612,2.8292,1.597736,-1.89889,1.936573,0.465155,1.767155
7254,241.8,1,732.013359,360.510296,640.531349,363.254587,686.272354,361.882441,2.840318,1.625261,-1.912661,1.830461,0.463828,1.727861
7255,241.833333,1,731.053009,360.504904,639.658203,363.420589,685.355606,361.962747,2.855604,1.561008,-1.896456,1.643754,0.479574,1.602381
7256,241.866667,1,730.679951,360.36676,639.080648,363.4619,684.8803,361.91433,2.869688,1.627104,-1.926934,1.790921,0.471377,1.709012
7257,241.9,1,730.366688,360.092161,639.175653,363.319454,684.771171,361.705807,2.850019,1.53185,-1.932066,1.750809,0.458976,1.641329
7258,241.933333,1,730.449543,359.990376,638.99807,363.304455,684.723806,361.647415,2.858866,1.633501,-1.928751,1.687659,0.465058,1.66058
7259,241.966667,1,730.280819,359.901606,639.180603,363.189597,684.730711,361.545601,2.85599,1.499215,-1.93116,1.665477,0.462415,1.582346
7260,242.0,1,730.278225,359.889933,639.270792,363.340793,684.774508,361.615363,2.86441,1.4955,-1.919861,1.708878,0.472274,1.602189
7261,242.033333,1,730.134869,360.103662,639.453287,363.54809,684.794078,361.825876,2.858515,1.425988,-1.897363,1.652471,0.480576,1.53923
7262,242.066667,1,729.658051,360.329531,639.523706,363.890094,684.590878,362.109812,2.839241,1.309985,-1.867108,1.70573,0.486066,1.507857
7263,242.1,1,729.316311,360.775266,639.630327,363.872589,684.473319,362.323928,2.838662,1.344436,-1.847064,1.572007,0.495799,1.458221
7264,242.133333,1,728.613224,360.81449,638.95999,363.616551,683.786607,362.215521,2.821574,1.397019,-1.824051,1.528812,0.498762,1.462915
7265,242.166667,1,727.94508,360.427582,638.776541,363.302395,683.36081,361.864988,2.78854,1.332914,-1.782224,1.458091,0.503158,1.395503
7266,242.2,1,727.197342,360.439432,638.140421,363.085388,682.668881,361.76241,2.819502,1.245625,-1.787342,1.539548,0.51608,1.392586
7267,242.233333,1,727.167377,360.3973,637.748356,363.005898,682.457867,361.701599,2.835897,1.249823,-1.766666,1.649968,0.534615,1.449896
7268,242.266667,1,727.445755,361.003366,637.983084,362.978582,682.714419,361.990974,2.838904,1.257074,-1.750921,1.729154,0.543991,1.493114
7269,242.3,1,727.946682,361.129714,637.670383,362.964072,682.808533,362.046893,2.886185,1.362895,-1.724439,1.702904,0.580873,1.532899
7270,242.333333,1,727.645988,361.119924,637.529764,363.185434,682.587876,362.152679,2.882496,1.39533,-1.740957,1.739165,0.570769,1.567248
7271,242.366667,1,727.431526,361.045665,637.150497,363.120369,682.291012,362.083017,2.902629,1.371757,-1.720491,1.772826,0.591069,1.572292
7272,242.4,1,726.905117,360.812843,636.608305,363.12958,681.756711,361.971212,2.896186,1.497318,-1.767509,1.704684,0.564338,1.601001
7273,242.433333,1,726.347923,360.93196,636.146545,363.076821,681.247234,362.004391,2.896084,1.485192,-1.768076,1.662035,0.564004,1.573614
7274,242.466667,1,726.105766,360.735955,635.296431,363.138673,680.701098,361.937314,2.907863,1.413544,-1.774457,1.67892,0.566703,1.546232
7275,242.5,1,725.466862,360.631338,634.769878,363.17506,680.11837,361.903199,2.91462,1.449715,-1.764805,1.647525,0.574907,1.54862
7276,242.533333,1,724.853439,360.614902,634.064255,363.166664,679.458847,361.890783,2.906776,1.426122,-1.769539,1.629347,0.568619,1.527734
7277,242.566667,1,724.124565,360.648188,633.344479,363.581334,678.734522,362.114761,2.878644,1.374207,-1.773552,1.583032,0.552546,1.47862
7278,242.6,1,723.746433,360.706333,632.89916,363.745807,678.322797,362.22607,2.90195,1.389526,-1.764428,1.591367,0.568761,1.490447
7279,242.633333,1,722.919922,360.650221,632.266235,363.926641,677.593079,362.288431,2.899502,1.333084,-1.757885,1.546167,0.570809,1.439626
7280,242.666667,1,722.436504,360.5844,631.99852,364.25047,677.217512,362.417435,2.908265,1.415053,-1.75627,1.688774,0.575998,1.551914
7281,242.7,1,721.979599,360.56718,631.27841,364.281889,676.629004,362.424535,2.927361,1.402414,-1.755078,1.67303,0.586141,1.537722
7282,242.733333,1,721.213989,360.50042,630.845585,364.012177,676.029787,362.256298,2.931688,1.389532,-1.736383,1.703483,0.597652,1.546507
7283,242.766667,1,719.879169,360.39583,629.48657,364.137179,674.68287,362.266504,2.921969,1.276807,-1.786843,1.542912,0.567563,1.409859
7284,242.8,1,719.389477,360.320572,628.810949,364.078712,674.100213,362.199642,2.924979,1.340609,-1.780394,1.590953,0.572293,1.465781
7285,242.833333,1,718.601646,360.163432,628.555279,364.088443,673.578463,362.125938,2.919862,1.255945,-1.779848,1.451184,0.570007,1.353564
7286,242.866667,1,717.560825,360.157403,627.813597,364.180566,672.687211,362.168984,2.902797,1.305398,-1.755961,1.436042,0.573418,1.37072
7287,242.9,1,716.910782,360.057678,627.01355,364.121901,671.962166,362.08979,2.902244,1.236881,-1.778888,1.4836,0.561678,1.36024
7288,242.933333,1,716.265793,360.073224,626.586475,364.120072,671.426134,362.096648,2.894775,1.23643,-1.76762,1.45458,0.563578,1.345505
7289,242.966667,1,715.892944,360.185781,626.19235,364.359464,671.042647,362.272622,2.890772,1.180252,-1.753593,1.510312,0.568589,1.345282
7290,243.0,1,715.377293,360.167064,625.567808,364.278504,670.47255,362.222784,2.894661,1.28616,-1.74213,1.50303,0.576266,1.394595
7291,243.033333,1,714.769688,360.303315,625.19022,364.481263,669.979954,362.392289,2.889084,1.264851,-1.740281,1.551225,0.574401,1.408038
7292,243.066667,1,714.205475,360.26887,624.789295,364.605348,669.497385,362.437109,2.890989,1.254638,-1.750955,1.453408,0.570017,1.354023
7293,243.1,1,713.980408,360.311737,624.489594,364.82678,669.235001,362.569259,2.898363,1.311559,-1.742248,1.532355,0.578058,1.421957
7294,243.133333,1,713.708324,360.384119,624.05839,364.835443,668.883357,362.609781,2.902528,1.263357,-1.751863,1.462054,0.575333,1.362705
7295,243.166667,1,713.334541,360.200087,623.733597,364.800704,668.534069,362.500395,2.888059,1.283046,-1.751808,1.471601,0.568125,1.377324
7296,243.2,1,712.696457,359.97049,623.516541,364.600037,668.106499,362.285264,2.895558,1.247984,-1.718714,1.547373,0.588422,1.397678
7297,243.233333,1,712.295055,359.908381,622.888384,364.74729,667.59172,362.327836,2.887845,1.279517,-1.736592,1.549638,0.575627,1.414578
7298,243.266667,1,711.829433,359.978301,622.34127,364.918377,667.085352,362.448339,2.887149,1.193561,-1.731874,1.536125,0.577638,1.364843
7299,243.3,1,711.175461,359.997457,622.145271,364.911044,666.660366,362.454251,2.880748,1.273804,-1.719366,1.482958,0.580691,1.378381
7300,243.333333,1,710.648613,359.992431,621.550875,365.026782,666.099744,362.509606,2.874938,1.357923,-1.729564,1.459658,0.572687,1.408791
7301,243.366667,1,709.907379,359.660395,621.146593,364.783038,665.526986,362.221717,2.885298,1.250464,-1.710479,1.534397,0.587409,1.392431
7302,243.4,1,709.283447,359.566796,620.281258,364.700813,664.782352,362.133805,2.9035,1.317048,-1.730485,1.445635,0.586507,1.381341
7303,243.433333,1,708.376026,359.486824,619.680815,364.83848,664.02842,362.162652,2.897556,1.249683,-1.726736,1.475055,0.58541,1.362369
7304,243.466667,1,707.860527,359.455892,618.823671,364.814962,663.342099,362.135427,2.91102,1.337446,-1.723714,1.530452,0.593653,1.433949
7305,243.5,1,707.071075,359.37512,617.855616,364.722946,662.463346,362.049033,2.933317,1.343593,-1.709917,1.526981,0.6117,1.435287
7306,243.533333,1,707.188187,359.432766,618.390551,364.924632,662.789369,362.178699,2.954593,1.192329,-1.68837,1.573019,0.633111,1.382674
7307,243.566667,1,707.11689,359.536954,617.985888,365.033562,662.551389,362.285258,2.971765,1.215297,-1.691152,1.528828,0.640307,1.372063
7308,243.6,1,707.032089,359.481212,617.856522,365.072433,662.444305,362.276823,2.980388,1.181155,-1.689843,1.551627,0.645273,1.366391
7309,243.633333,1,706.887455,359.463987,617.7668,364.988469,662.327127,362.226228,2.951114,1.232229,-1.673704,1.600307,0.638705,1.416268
7310,243.666667,1,706.611214,359.311445,617.539921,365.076703,662.075567,362.194074,2.933094,1.207467,-1.686255,1.716723,0.623419,1.462095
7311,243.7,1,706.545525,359.173885,617.655001,364.721214,662.100263,361.947549,2.959784,1.25653,-1.686505,1.794354,0.636639,1.525442
7312,243.733333,1,706.90712,358.834022,618.10708,363.891242,662.5071,361.362632,2.946556,1.235153,-1.688483,1.616415,0.629037,1.425784
7313,243.766667,1,707.059841,358.772342,618.207979,363.928733,662.63391,361.350538,2.971796,1.180916,-1.683268,1.628459,0.644264,1.404688
7314,243.8,1,707.319012,358.232955,618.465776,363.099663,662.892394,360.666309,2.930182,1.210333,-1.686044,1.541123,0.622069,1.375728
7315,243.833333,1,708.033314,357.485306,618.956108,362.443369,663.494711,359.964337,2.938413,1.264468,-1.681965,1.577613,0.628224,1.42104
7316,243.866667,1,708.775997,357.114877,619.557304,361.641759,664.166651,359.378318,2.919017,1.334673,-1.687742,1.512799,0.615638,1.423736
7317,243.9,1,709.205189,356.358638,620.011168,361.175569,664.608178,358.767104,2.91302,1.268344,-1.705813,1.602779,0.603604,1.435562
7318,243.933333,1,709.464226,355.742261,620.092611,360.418226,664.778419,358.080244,2.932604,1.27977,-1.700839,1.500325,0.615882,1.390048
7319,243.966667,1,709.41185,355.047719,620.138149,359.915012,664.775,357.481366,2.91982,1.204555,-1.728585,1.517366,0.595617,1.36096
7320,244.0,1,709.277573,354.888149,619.88699,359.922296,664.582281,357.405223,2.912096,1.254817,-1.71203,1.468747,0.600033,1.361782
7321,244.033333,1,708.989029,354.958708,619.921274,359.946833,664.455152,357.45277,2.90742,1.240689,-1.718889,1.545054,0.594266,1.392872
7322,244.066667,1,708.800774,354.896277,619.481812,360.186473,664.141293,357.541375,2.903126,1.182747,-1.720515,1.507975,0.591305,1.345361
7323,244.1,1,708.187294,354.943054,619.254246,360.145719,663.72077,357.544387,2.90141,1.23319,-1.714675,1.490279,0.593367,1.361735
7324,244.133333,1,707.568302,354.985465,618.47538,360.63078,663.021841,357.808123,2.905467,1.232788,-1.739828,1.464689,0.582819,1.348738
7325,244.166667,1,707.221127,355.040011,618.023558,360.963884,662.622342,358.001947,2.93919,1.186356,-1.708903,1.403507,0.615143,1.294931
7326,244.2,1,707.042809,355.345069,617.833328,361.29283,662.438068,358.31895,2.943238,1.177883,-1.705674,1.516187,0.618782,1.347035
7327,244.233333,1,706.846905,355.489844,617.500849,361.80672,662.173877,358.648282,2.937791,1.203827,-1.700602,1.530902,0.618594,1.367365
7328,244.266667,1,706.723499,355.668613,617.528524,361.899261,662.126012,358.783937,2.937103,1.229465,-1.714128,1.533009,0.611487,1.381237
7329,244.3,1,707.003803,355.777093,617.346106,361.95717,662.174954,358.867131,2.944826,1.283934,-1.728444,1.480366,0.608191,1.38215
7330,244.333333,1,707.142124,355.822889,617.616663,362.316946,662.379394,359.069917,2.937268,1.269162,-1.724776,1.497152,0.606246,1.383157
7331,244.366667,1,707.291718,355.850344,617.786703,362.340828,662.53921,359.095586,2.932134,1.270638,-1.741228,1.478342,0.595453,1.37449
7332,244.4,1,707.557106,355.890781,618.256693,362.695491,662.906899,359.293136,2.92397,1.232661,-1.747079,1.457635,0.588446,1.345148
7333,244.433333,1,707.692833,355.924845,618.326502,362.84893,663.009667,359.386887,2.913412,1.195587,-1.756314,1.406353,0.578549,1.30097
7334,244.466667,1,707.95742,355.76793,618.294916,362.891094,663.126168,359.329512,2.913547,1.239595,-1.779359,1.440343,0.567094,1.339969
7335,244.5,1,708.525848,355.813361,618.967104,362.853345,663.746476,359.333353,2.919169,1.183552,-1.78759,1.436182,0.56579,1.309867
7336,244.533333,1,708.702698,355.853664,619.011297,362.844526,663.856997,359.349095,2.917341,1.218837,-1.798523,1.420002,0.559409,1.31942
7337,244.566667,1,708.927212,355.918955,619.234285,362.954206,664.080749,359.436581,2.911476,1.216126,-1.797923,1.426059,0.556776,1.321092
7338,244.6,1,709.113121,356.006754,619.626093,363.092598,664.369607,359.549676,2.906078,1.249575,-1.782907,1.437219,0.561586,1.343397
7339,244.633333,1,709.061527,356.035974,619.662666,363.183825,664.362097,359.6099,2.916157,1.277337,-1.777585,1.466781,0.569286,1.372059
7340,244.666667,1,709.105415,356.018765,619.713926,363.179308,664.409671,359.599037,2.911028,1.287432,-1.791719,1.46838,0.559654,1.377906
7341,244.7,1,709.436626,356.270335,619.995499,363.257672,664.716063,359.764003,2.929822,1.193382,-1.790789,1.414826,0.569517,1.304104
7342,244.733333,1,709.57531,356.607757,620.55213,363.601761,665.06372,360.104759,2.905168,1.126796,-1.773971,1.39906,0.565599,1.262928
7343,244.766667,1,710.011063,356.893632,620.618477,363.724768,665.31477,360.3092,2.915975,1.21577,-1.782566,1.417144,0.566705,1.316457
7344,244.8,1,710.083427,356.641354,620.811911,363.947353,665.447669,360.294354,2.899908,1.178528,-1.769514,1.472037,0.565197,1.325283
7345,244.833333,1,710.211849,356.479971,620.8533,364.037658,665.532575,360.258814,2.901944,1.187154,-1.776713,1.51792,0.562615,1.352537
7346,244.866667,1,710.101452,356.212184,620.716925,363.568518,665.409188,359.890351,2.914746,1.170303,-1.779479,1.46353,0.567633,1.316916
7347,244.9,1,710.04734,356.012912,620.687904,363.356763,665.367622,359.684838,2.908973,1.143214,-1.778582,1.475958,0.565195,1.309586
7348,244.933333,1,709.958973,356.040298,620.763397,363.370754,665.361185,359.705526,2.913246,1.174681,-1.77475,1.43108,0.569248,1.30288
7349,244.966667,1,710.098305,355.943824,620.811892,363.411078,665.455098,359.677451,2.918346,1.14887,-1.78409,1.450588,0.567128,1.299729
7350,245.0,1,710.501385,355.97402,621.036358,363.316364,665.768871,359.645192,2.920818,1.157634,-1.762525,1.439469,0.579147,1.298551
7351,245.033333,1,710.546761,355.95157,621.474915,363.272703,666.010838,359.612136,2.921879,1.244214,-1.753587,1.490354,0.584146,1.367284
7352,245.066667,1,710.877457,355.989888,621.467695,363.029662,666.172576,359.509775,2.923665,1.262284,-1.780768,1.443618,0.571448,1.352951
7353,245.1,1,711.035862,355.764406,621.647577,362.959909,666.34172,359.362157,2.913183,1.220396,-1.769588,1.411003,0.571797,1.315699
7354,245.133333,1,711.261387,355.786175,621.764717,362.857947,666.513052,359.322061,2.927068,1.171264,-1.770657,1.386215,0.578206,1.27874
7355,245.166667,1,711.368408,355.903859,621.831989,362.791622,666.600199,359.34774,2.913039,1.213874,-1.751187,1.349282,0.580926,1.281578
7356,245.2,1,711.222725,356.059771,621.689892,362.865871,666.456308,359.462821,2.929626,1.202018,-1.770589,1.392503,0.579519,1.297261
7357,245.233333,1,711.097279,356.150193,621.604471,363.074058,666.350875,359.612126,2.925845,1.199018,-1.746486,1.405227,0.58968,1.302122
7358,245.266667,1,710.95892,356.180009,621.469021,363.176572,666.21397,359.67829,2.917443,1.213377,-1.751021,1.415219,0.583211,1.314298
7359,245.3,1,710.585938,356.335684,621.300611,363.219402,665.943274,359.777543,2.911133,1.226613,-1.74391,1.414649,0.583612,1.320631
7360,245.333333,1,710.735474,356.172606,621.427107,363.212889,666.08129,359.692748,2.921606,1.226328,-1.742216,1.470414,0.589695,1.348371
7361,245.366667,1,710.598087,356.311646,621.406384,363.209424,666.002235,359.760535,2.911983,1.207958,-1.736571,1.4811,0.587706,1.344529
7362,245.4,1,710.726299,356.159409,621.410465,363.125632,666.068382,359.642521,2.923002,1.168462,-1.746456,1.440233,0.588273,1.304348
7363,245.433333,1,710.690308,356.348543,621.410618,363.08733,666.050463,359.717936,2.918889,1.189587,-1.747867,1.480385,0.585511,1.334986
7364,245.466667,1,710.699196,356.290618,621.262131,363.056087,665.980663,359.673353,2.920931,1.162963,-1.766333,1.495605,0.577299,1.329284
7365,245.5,1,710.677757,356.350399,621.074057,363.04096,665.875907,359.695679,2.928338,1.143225,-1.768095,1.534027,0.580122,1.338626
7366,245.533333,1,710.552692,356.442109,621.046524,363.065239,665.799608,359.753674,2.925014,1.112775,-1.758676,1.506146,0.583169,1.30946
7367,245.566667,1,710.392017,356.400577,621.070271,363.119114,665.731144,359.759846,2.914227,1.082848,-1.751668,1.48598,0.58128,1.284414
7368,245.6,1,709.854355,356.392558,620.561476,363.322259,665.207915,359.857408,2.92865,1.061075,-1.774937,1.461918,0.576856,1.261497
7369,245.633333,1,709.232979,356.586975,619.893951,363.576055,664.563465,360.081515,2.93309,1.163583,-1.807444,1.515273,0.562823,1.339428
7370,245.666667,1,709.174213,356.596132,619.905472,363.416641,664.539843,360.006386,2.924261,1.222409,-1.822807,1.494825,0.550727,1.358617
7371,245.7,1,709.125347,356.708323,620.307283,363.492381,664.716315,360.100352,2.889634,1.403046,-1.795475,1.486282,0.547079,1.444664
7372,245.733333,1,709.194107,356.540213,620.271873,363.147798,664.73299,359.844005,2.86749,1.47648,-1.795684,1.531164,0.535903,1.503822
7373,245.766667,1,708.982258,356.522972,620.173149,363.009202,664.577703,359.766087,2.911713,1.345061,-1.775698,1.523749,0.568008,1.434405
7374,245.8,1,708.797607,356.323019,619.898939,363.001531,664.348273,359.662275,2.937482,1.330829,-1.76972,1.529257,0.583881,1.430043
7375,245.833333,1,708.836098,356.279739,619.88657,362.901689,664.361334,359.590714,2.920424,1.360261,-1.777474,1.538623,0.571475,1.449442
7376,245.866667,1,707.883854,356.448251,619.398079,362.798547,663.640966,359.623399,2.907393,1.397284,-1.793335,1.515816,0.557029,1.45655
7377,245.9,1,707.575207,356.337647,619.333048,362.83318,663.454127,359.585414,2.86453,1.501487,-1.797551,1.381659,0.53349,1.441573
7378,245.933333,1,707.761421,356.315331,619.002323,362.661615,663.381872,359.488473,2.883666,1.413375,-1.818651,1.346492,0.532507,1.379934
7379,245.966667,1,707.945347,356.345662,619.066782,362.438788,663.506064,359.392225,2.911409,1.372239,-1.80764,1.321198,0.551884,1.346719
7380,246.0,1,707.863178,356.335689,619.08742,362.400303,663.475299,359.367996,2.889412,1.328833,-1.78386,1.422205,0.552776,1.375519
7381,246.033333,1,707.855873,356.504631,618.858137,362.4099,663.357005,359.457266,2.945366,1.21338,-1.775892,1.420804,0.584737,1.317092
7382,246.066667,1,709.18478,356.488463,620.577631,362.552712,664.881206,359.520587,2.913084,1.192688,-1.699409,1.527661,0.606837,1.360175
7383,246.1,1,708.976288,356.533872,620.644855,362.535106,664.810572,359.534489,2.926898,1.164968,-1.692532,1.558982,0.617183,1.361975
7384,246.133333,1,708.971558,356.502732,620.704584,362.553458,664.838071,359.528095,2.927732,1.179394,-1.69579,1.539498,0.615971,1.359446
7385,246.166667,1,709.069576,356.421912,620.715418,362.515794,664.892497,359.468853,2.915914,1.134036,-1.696873,1.483794,0.60952,1.308915
7386,246.2,1,709.28381,356.007527,620.705843,362.190759,664.994826,359.099143,2.924626,1.159648,-1.702613,1.525065,0.611006,1.342357
7387,246.233333,1,709.365234,355.897422,620.722208,361.969154,665.043721,358.933288,2.920204,1.169738,-1.706752,1.584695,0.606726,1.377217
7388,246.266667,1,709.459457,355.867156,620.731726,361.538268,665.095592,358.702712,2.929299,1.162639,-1.711606,1.525176,0.608847,1.343908
7389,246.3,1,709.735699,355.433308,620.940285,361.002588,665.337992,358.217948,2.923316,1.183472,-1.67855,1.521124,0.622383,1.352298
7390,246.333333,1,709.793282,355.072353,620.966549,360.704986,665.379915,357.88867,2.916645,1.201965,-1.688496,1.464135,0.614074,1.33305
7391,246.366667,1,709.768143,354.727657,621.090403,360.518509,665.429273,357.623083,2.920361,1.206647,-1.684984,1.501864,0.617688,1.354256
7392,246.4,1,709.864216,354.571343,621.062517,360.438756,665.463367,357.505049,2.919549,1.166563,-1.701196,1.550732,0.609176,1.358648
7393,246.433333,1,709.837189,354.520081,621.04764,360.361342,665.442414,357.440711,2.920288,1.165936,-1.704618,1.543805,0.607835,1.35487
7394,246.466667,1,709.924679,354.487031,621.160355,360.115335,665.542517,357.301183,2.918685,1.182179,-1.708424,1.516618,0.60513,1.349399
7395,246.5,1,709.962864,354.433596,621.237879,360.14448,665.600371,357.289038,2.922991,1.195752,-1.701982,1.542868,0.610504,1.36931
7396,246.533333,1,709.998226,354.399633,621.297569,360.168523,665.647898,357.284078,2.917407,1.200006,-1.706725,1.539123,0.605341,1.369564
7397,246.566667,1,709.778843,354.112299,621.131353,359.75615,665.455098,356.934224,2.91354,1.213533,-1.719053,1.47981,0.597243,1.346671
7398,246.6,1,709.771767,353.958893,621.100492,359.411893,665.43613,356.685393,2.913409,1.191412,-1.709808,1.477358,0.6018,1.334385
7399,246.633333,1,709.819584,353.966076,621.124859,359.335815,665.472221,356.650946,2.90697,1.193081,-1.7144,1.482113,0.596285,1.337597
7400,246.666667,1,709.795971,353.998391,621.003408,359.374959,665.39969,356.686675,2.916755,1.166794,-1.718069,1.467289,0.599343,1.317042
7401,246.7,1,709.793682,354.00117,621.001778,359.411577,665.39773,356.706373,2.915889,1.146731,-1.720105,1.472132,0.597892,1.309431
7402,246.733333,1,709.827099,353.979288,620.888939,359.403423,665.358019,356.691356,2.925476,1.135813,-1.727266,1.521238,0.599105,1.328526
7403,246.766667,1,709.809856,353.966344,620.852203,359.347773,665.33103,356.657058,2.92885,1.13808,-1.726464,1.504337,0.601193,1.321208
7404,246.8,1,709.724712,353.89644,620.853844,359.373629,665.289278,356.635035,2.92529,1.155956,-1.721955,1.514643,0.601668,1.335299
7405,246.833333,1,709.683418,354.051456,620.919638,359.431806,665.301528,356.741631,2.920079,1.126493,-1.715742,1.581284,0.602168,1.353889
7406,246.866667,1,709.480534,353.902813,620.844116,359.785557,665.162325,356.844185,2.914726,1.095547,-1.689671,1.610832,0.612527,1.35319
7407,246.9,1,708.175411,355.194662,620.288973,360.863687,664.232192,358.029175,2.883436,1.147379,-1.74191,1.526694,0.570763,1.337036
7408,246.933333,1,708.164692,355.459439,620.026569,360.919,664.095631,358.189219,2.90521,1.21275,-1.738845,1.469808,0.583183,1.341279
7409,246.966667,1,707.959194,355.576281,619.787512,361.127139,663.873353,358.35171,2.886533,1.197229,-1.721699,1.568407,0.582417,1.382818
7410,247.0,1,707.24432,356.079517,619.390345,361.796823,663.317332,358.93817,2.889008,1.268051,-1.725852,1.406212,0.581578,1.337132
7411,247.033333,1,706.544018,356.699193,619.057789,362.691066,662.800903,359.695129,2.866532,1.252742,-1.742165,1.298481,0.562183,1.275611
7412,247.066667,1,706.201572,356.644304,618.689337,362.971453,662.445455,359.807879,2.866731,1.278678,-1.771533,1.467131,0.547599,1.372905
7413,247.1,1,706.210785,356.687676,618.396702,363.013601,662.303743,359.850639,2.894483,1.326205,-1.782698,1.520491,0.555892,1.423348
7414,247.133333,1,706.226597,356.769322,618.228817,362.895327,662.227707,359.832324,2.893844,1.349705,-1.777359,1.582225,0.558243,1.465965
7415,247.166667,1,706.209164,356.713908,618.109131,362.737092,662.159147,359.7255,2.908759,1.340651,-1.767448,1.559339,0.570655,1.449995
7416,247.2,1,705.906143,356.878644,618.353872,362.917235,662.130008,359.897939,2.882543,1.330766,-1.770469,1.529339,0.556037,1.430053
7417,247.233333,1,705.924206,356.933125,618.473835,363.126131,662.19902,360.029628,2.882142,1.212409,-1.765581,1.580934,0.55828,1.396671
7418,247.266667,1,705.89859,356.907451,618.315363,363.052509,662.106977,359.97998,2.87715,1.249751,-1.772974,1.594103,0.552088,1.421927
7419,247.3,1,706.058369,356.193527,618.831244,362.539982,662.444806,359.366755,2.88523,1.381478,-1.778661,1.699383,0.553284,1.540431
7420,247.333333,1,707.630768,355.106551,620.09572,361.023821,663.863244,358.065186,2.917343,1.468865,-1.736146,1.565871,0.590599,1.517368
7421,247.366667,1,707.67498,354.997063,620.196047,360.484702,663.935513,357.740883,2.909223,1.476757,-1.716761,1.592323,0.596231,1.53454
7422,247.4,1,708.032417,354.902242,620.329275,360.266161,664.180846,357.584201,2.908325,1.478739,-1.712323,1.616351,0.598001,1.547545
7423,247.433333,1,708.091125,354.707374,620.401306,360.260518,664.246216,357.483946,2.906918,1.442308,-1.719001,1.633968,0.593959,1.538138
7424,247.466667,1,708.445816,355.026578,620.470686,360.414428,664.458251,357.720503,2.921031,1.407255,-1.706821,1.62744,0.607105,1.517348
7425,247.5,1,708.769226,355.284349,620.540266,360.543008,664.654746,357.913679,2.914587,1.382632,-1.723589,1.626652,0.595499,1.504642
7426,247.533333,1,708.931789,355.273411,620.633745,360.574036,664.782767,357.923723,2.926485,1.377196,-1.714045,1.61513,0.60622,1.496163
7427,247.566667,1,708.99025,355.224375,620.69664,360.575291,664.843445,357.899833,2.920301,1.392534,-1.720071,1.593343,0.600115,1.492938
7428,247.6,1,709.085026,355.171852,620.796928,360.533416,664.940977,357.852634,2.91548,1.3961,-1.71507,1.546286,0.600205,1.471193
7429,247.633333,1,709.082375,355.220121,620.816011,360.545926,664.949193,357.883024,2.91718,1.373366,-1.715319,1.574696,0.600931,1.474031
7430,247.666667,1,709.025097,355.272875,620.790148,360.50933,664.907622,357.891102,2.922868,1.350357,-1.711249,1.595795,0.605809,1.473076
7431,247.7,1,709.027386,355.48817,620.731936,360.600252,664.879661,358.044211,2.920662,1.351819,-1.704088,1.53482,0.608287,1.44332
7432,247.733333,1,708.914776,355.469331,620.623522,360.604184,664.769149,358.036757,2.949621,1.305427,-1.69047,1.590501,0.629575,1.447964
7433,247.766667,1,708.713608,355.432692,620.279751,360.922889,664.496679,358.17779,2.933038,1.304097,-1.712917,1.589065,0.610061,1.446581
7434,247.8,1,708.583832,355.319513,620.223322,360.839467,664.403577,358.07949,2.921269,1.317897,-1.713372,1.596718,0.603948,1.457307
7435,247.833333,1,708.477211,355.39587,620.124969,360.783892,664.30109,358.089881,2.920357,1.338785,-1.708696,1.561219,0.605831,1.450002
7436,247.866667,1,708.26107,355.4602,620.083132,360.810794,664.172101,358.135497,2.925479,1.349802,-1.703659,1.537893,0.61091,1.443848
7437,247.9,1,706.679363,355.308752,618.446436,361.34663,662.5629,358.327691,2.935813,1.246285,-1.752328,1.417994,0.591743,1.33214
7438,247.933333,1,706.706696,355.377014,618.313875,361.311589,662.510285,358.344302,2.935477,1.282842,-1.762445,1.384806,0.586516,1.333824
7439,247.966667,1,706.728992,355.383232,618.408308,361.330987,662.56865,358.357109,2.943766,1.332541,-1.762125,1.391611,0.59082,1.362076
7440,248.0,1,706.994514,355.561384,618.43298,361.345353,662.713747,358.453369,2.953359,1.350892,-1.758867,1.385689,0.597246,1.36829
7441,248.033333,1,706.870556,355.609835,618.487339,361.445019,662.678947,358.527427,2.945342,1.309025,-1.764367,1.38819,0.590487,1.348608
7442,248.066667,1,706.987209,355.697694,618.417215,361.635053,662.702212,358.666373,2.943997,1.2666,-1.770238,1.398471,0.58688,1.332535
7443,248.1,1,707.032547,355.820636,618.454418,361.637161,662.743483,358.728898,2.946744,1.289267,-1.768245,1.395449,0.58925,1.342358
7444,248.133333,1,707.012939,355.716705,618.511019,361.619947,662.761979,358.668326,2.930621,1.288168,-1.75293,1.340066,0.588846,1.314117
7445,248.166667,1,706.873493,355.688939,618.482552,361.571817,662.678022,358.630378,2.923155,1.274684,-1.762311,1.287779,0.580422,1.281232
7446,248.2,1,706.709652,355.554383,618.462992,361.547973,662.586322,358.551178,2.91418,1.270969,-1.758433,1.293005,0.577873,1.281987
7447,248.233333,1,706.721554,355.534224,618.37122,361.572831,662.546387,358.553528,2.91465,1.28976,-1.767493,1.354644,0.573579,1.322202
7448,248.266667,1,706.729012,355.492108,618.448143,361.500278,662.588577,358.496193,2.907014,1.301313,-1.767101,1.324886,0.569956,1.313099
7449,248.3,1,706.755028,355.516344,618.505898,361.447803,662.630463,358.482074,2.912004,1.338421,-1.764326,1.303448,0.573839,1.320935
7450,248.333333,1,706.669521,355.569468,618.330126,361.636051,662.499824,358.60276,2.907398,1.323717,-1.76752,1.346586,0.569939,1.335152
7451,248.366667,1,706.575737,355.691203,618.222198,361.625569,662.398968,358.658386,2.905129,1.302309,-1.76674,1.315594,0.569194,1.308951
7452,248.4,1,706.585102,355.744944,618.178015,361.464524,662.381558,358.604734,2.900455,1.315538,-1.75907,1.331732,0.570693,1.323635
7453,248.433333,1,706.153183,355.311686,617.93314,361.465495,662.043161,358.388591,2.890928,1.346504,-1.7737,1.296044,0.558614,1.321274
7454,248.466667,1,706.150703,355.321664,617.577391,361.262596,661.864047,358.29213,2.902742,1.3644,-1.762367,1.384822,0.570188,1.374611
7455,248.5,1,706.016159,355.23291,617.313395,361.308247,661.664777,358.270579,2.917409,1.290214,-1.754342,1.403846,0.581533,1.34703
7456,248.533333,1,705.613766,355.298125,617.129374,361.381756,661.37157,358.339941,2.931734,1.294208,-1.737771,1.395115,0.596981,1.344662
7457,248.566667,1,705.553436,355.44996,617.010536,361.612474,661.281986,358.531217,2.921978,1.228652,-1.742511,1.422899,0.589734,1.325775
7458,248.6,1,705.590649,355.558965,616.756096,361.754095,661.173372,358.65653,2.9193,1.259616,-1.732958,1.403938,0.593171,1.331777
7459,248.633333,1,705.559464,355.720305,616.646547,361.930922,661.103005,358.825614,2.910206,1.247376,-1.761819,1.447995,0.574193,1.347685
7460,248.666667,1,705.468121,355.733818,616.729956,361.909229,661.099038,358.821523,2.907901,1.224556,-1.748481,1.391978,0.57971,1.308267
7461,248.7,1,705.508614,355.755018,616.689358,361.922538,661.098986,358.838778,2.919223,1.218605,-1.746668,1.404376,0.586277,1.31149
7462,248.733333,1,705.427036,355.639742,616.640511,361.838686,661.033773,358.739214,2.926438,1.240469,-1.736154,1.45883,0.595142,1.34965
7463,248.766667,1,705.355186,355.538167,616.598377,361.833295,660.976782,358.685731,2.925853,1.248856,-1.742821,1.463783,0.591516,1.35632
7464,248.8,1,705.29583,355.510122,616.673422,361.824176,660.984626,358.667149,2.921683,1.248332,-1.728859,1.482003,0.596412,1.365167
7465,248.833333,1,704.852352,355.569447,616.436386,361.953045,660.644369,358.761246,2.905024,1.241669,-1.749229,1.458195,0.577898,1.349932
7466,248.866667,1,704.662781,355.638465,616.246023,361.92574,660.454402,358.782103,2.909824,1.236523,-1.748638,1.445253,0.580593,1.340888
7467,248.9,1,704.442921,355.651168,616.142788,361.899251,660.292854,358.775209,2.900301,1.241459,-1.743972,1.448162,0.578165,1.34481
7468,248.933333,1,704.172459,355.507488,616.092138,361.948738,660.132298,358.728113,2.901696,1.252963,-1.756194,1.420244,0.572751,1.336603
7469,248.966667,1,703.917828,355.523356,615.914059,361.874478,659.915943,358.698917,2.906116,1.30904,-1.760557,1.364681,0.57278,1.336861
7470,249.0,1,703.780422,355.504435,615.752239,361.837893,659.766331,358.671164,2.912305,1.19879,-1.768818,1.430541,0.571744,1.314665
7471,249.033333,1,703.454895,355.65178,615.281229,362.034751,659.368062,358.843265,2.926557,1.288403,-1.755364,1.354944,0.585596,1.321674
7472,249.066667,1,703.324814,355.665942,615.189724,362.03135,659.257269,358.848646,2.926464,1.295484,-1.75487,1.342341,0.585797,1.318913
7473,249.1,1,703.154106,355.736382,614.960022,362.020497,659.057064,358.87844,2.939832,1.295696,-1.7615,1.317694,0.589166,1.306695
7474,249.133333,1,703.325024,355.688859,614.846373,362.162408,659.085698,358.925633,2.933856,1.287103,-1.767658,1.32829,0.583099,1.307696
7475,249.166667,1,703.274097,355.793556,614.892931,362.271085,659.083514,359.032321,2.934736,1.30282,-1.768194,1.434272,0.583271,1.368546
7476,249.2,1,703.409805,355.815974,615.16324,362.194659,659.286523,359.005316,2.937076,1.320256,-1.746071,1.442802,0.595503,1.381529
7477,249.233333,1,703.544788,355.946501,615.459852,362.037567,659.50232,358.992034,2.921265,1.347016,-1.733064,1.439386,0.5941,1.393201
7478,249.266667,1,703.351364,355.908955,615.536566,361.967443,659.443965,358.938199,2.922222,1.323053,-1.747711,1.381272,0.587255,1.352162
7479,249.3,1,703.985519,355.7075,615.572472,361.762431,659.778996,358.734966,2.926268,1.338381,-1.75084,1.475115,0.587714,1.406748
7480,249.333333,1,704.148674,355.600818,615.661163,361.605302,659.904919,358.60306,2.935048,1.264305,-1.742432,1.444725,0.596308,1.354515
7481,249.366667,1,704.409084,355.512697,615.554733,361.499189,659.981909,358.505943,2.944335,1.294949,-1.738152,1.440492,0.603092,1.367721
7482,249.4,1,704.38303,355.536214,615.803671,361.429537,660.09335,358.482876,2.948096,1.267057,-1.742434,1.401255,0.602831,1.334156
7483,249.433333,1,704.425697,355.508147,615.805855,361.653078,660.115776,358.580613,2.935699,1.225206,-1.750644,1.39689,0.592527,1.311048
7484,249.466667,1,704.407444,355.567333,615.827761,361.681273,660.117602,358.624303,2.941211,1.212514,-1.745188,1.416941,0.598012,1.314727
7485,249.5,1,704.451904,355.660551,615.819979,361.625311,660.135942,358.642931,2.953491,1.223277,-1.737938,1.438532,0.607777,1.330904
7486,249.533333,1,704.417229,355.793352,615.457573,361.54285,659.937401,358.668101,2.955247,1.323948,-1.742444,1.494949,0.606401,1.409449
7487,249.566667,1,704.443722,355.807375,615.348883,361.470886,659.896302,358.63913,2.958395,1.341471,-1.739414,1.539391,0.609491,1.440431
7488,249.6,1,704.416981,355.788095,615.091772,361.328793,659.754376,358.558444,2.966776,1.330525,-1.753534,1.591837,0.606621,1.461181
7489,249.633333,1,704.493294,355.276244,614.67495,361.051614,659.584122,358.163929,2.979397,1.355163,-1.750364,1.615199,0.614516,1.485181
7490,249.666667,1,704.498367,355.25727,614.736204,361.160324,659.617286,358.208797,2.977451,1.32951,-1.736455,1.635479,0.620498,1.482495
7491,249.7,1,704.54525,355.228259,615.5688,361.347392,660.057025,358.287825,2.975061,1.208948,-1.705731,1.660138,0.634665,1.434543
7492,249.733333,1,704.461613,355.286822,615.509415,361.390082,659.985514,358.338452,2.983011,1.175405,-1.703142,1.59735,0.639934,1.386378
7493,249.766667,1,704.476395,355.312598,615.478659,361.398954,659.977527,358.355776,3.005531,1.127616,-1.696793,1.55329,0.654369,1.340453
7494,249.8,1,704.26054,355.389685,615.469551,361.285969,659.865046,358.337827,2.995535,1.137104,-1.692458,1.542443,0.651538,1.339774
7495,249.833333,1,704.211578,355.381258,615.490847,361.209784,659.851213,358.295521,2.995826,1.117908,-1.69842,1.614456,0.648703,1.366182
7496,249.866667,1,704.179955,355.311021,615.152197,361.120949,659.666076,358.215985,2.976002,1.136292,-1.701747,1.575487,0.637128,1.355889
7497,249.9,1,703.925323,355.045515,615.127382,361.030065,659.526353,358.03779,2.973955,1.175824,-1.704218,1.521756,0.634868,1.34879
7498,249.933333,1,703.969574,354.501649,614.972496,360.734442,659.471035,357.618046,2.976342,1.177243,-1.712035,1.542568,0.632154,1.359906
7499,249.966667,1,703.408279,353.002498,614.712429,359.97173,659.060354,356.487114,2.988963,1.118108,-1.703195,1.452487,0.642884,1.285298
7500,250.0,1,703.320122,351.991214,614.699936,359.272783,659.010029,355.631998,3.023397,1.160868,-1.688844,1.574288,0.667276,1.367578
7501,250.033333,1,703.484287,351.625296,614.819775,359.35605,659.152031,355.490673,2.972875,1.270677,-1.698783,1.4946,0.637046,1.382638
7502,250.066667,1,703.990593,351.46468,615.184593,359.262307,659.587593,355.363493,2.952249,1.344828,-1.696754,1.634531,0.627747,1.48968
7503,250.1,1,704.724331,351.153211,616.026287,359.036368,660.375309,355.09479,2.942822,1.201618,-1.699454,1.713654,0.621684,1.457636
7504,250.133333,1,705.442543,351.065213,616.605568,358.525225,661.024055,354.795219,2.953612,1.268875,-1.68918,1.640979,0.632216,1.454927
7505,250.166667,1,705.773945,351.135911,616.936827,358.567078,661.355386,354.851494,2.960225,1.237208,-1.684739,1.627165,0.637743,1.432186
7506,250.2,1,706.229172,351.576265,617.297668,358.856837,661.76342,355.216551,2.954879,1.261341,-1.695718,1.641415,0.62958,1.451378
7507,250.233333,1,706.356335,351.933224,617.558022,359.254641,661.957178,355.593933,2.954785,1.333361,-1.696562,1.698412,0.629111,1.515886
7508,250.266667,1,706.130085,353.044624,617.406788,360.168067,661.768436,356.606346,2.941708,1.322269,-1.719937,1.687017,0.610886,1.504643
7509,250.3,1,706.343822,353.443238,617.576141,360.161233,661.959982,356.802236,2.93794,1.281437,-1.707442,1.620456,0.615249,1.450947
7510,250.333333,1,706.357021,353.028735,617.618456,359.817084,661.987739,356.422909,2.946177,1.304016,-1.716081,1.593639,0.615048,1.448828
7511,250.366667,1,706.226692,352.619371,617.504501,359.305721,661.865597,355.962546,2.944246,1.442887,-1.725493,1.608502,0.609376,1.525695
7512,250.4,1,706.117458,352.213773,617.502327,359.175473,661.809893,355.694623,2.937062,1.309066,-1.733573,1.481818,0.601745,1.395442
7513,250.433333,1,705.499363,351.585658,617.015371,358.745944,661.257367,355.165801,2.935683,1.370696,-1.771278,1.412105,0.582203,1.3914
7514,250.466667,1,705.062656,351.694604,616.422834,358.918088,660.742745,355.306346,2.930317,1.457367,-1.812089,1.433056,0.559114,1.445212
7515,250.5,1,705.312023,351.914181,616.482973,359.023654,660.897498,355.468917,2.933054,1.494305,-1.800946,1.498225,0.566054,1.496265
7516,250.533333,1,705.091896,351.929255,616.734371,359.047135,660.913134,355.488195,2.915268,1.549047,-1.787136,1.546358,0.564066,1.547703
7517,250.566667,1,705.663471,352.288483,617.274456,359.16343,661.468964,355.725956,2.911758,1.631887,-1.772933,1.451137,0.569413,1.541512
7518,250.6,1,706.13699,352.595338,617.756634,358.926634,661.946812,355.760986,2.914335,1.569585,-1.749525,1.382227,0.582405,1.475906
7519,250.633333,1,706.461201,352.60147,617.918787,358.837498,662.189994,355.719484,2.928938,1.540914,-1.757137,1.501458,0.585901,1.521186
7520,250.666667,1,706.551113,352.706301,617.91049,358.91804,662.230802,355.812171,2.937443,1.50692,-1.773095,1.391553,0.582174,1.449236
7521,250.7,1,706.467171,352.480679,617.932186,358.920309,662.199678,355.700494,2.933718,1.429555,-1.764099,1.404009,0.58481,1.416782
7522,250.733333,1,706.487694,352.590049,617.792606,358.967983,662.14015,355.779016,2.941323,1.452583,-1.761306,1.389062,0.590009,1.420823
7523,250.766667,1,706.155014,352.974179,617.776175,359.280589,661.965594,356.127384,2.934841,1.454362,-1.743249,1.440525,0.595796,1.447444
7524,250.8,1,705.873108,353.613344,617.754593,359.875245,661.81385,356.744294,2.924959,1.454877,-1.756697,1.553547,0.584131,1.504212
7525,250.833333,1,705.868549,353.603597,617.389488,359.782071,661.629019,356.692834,2.926934,1.501749,-1.760988,1.510842,0.582973,1.506296
7526,250.866667,1,705.925102,353.308859,617.264595,359.635225,661.594849,356.472042,2.94341,1.505459,-1.763406,1.38712,0.590002,1.446289
7527,250.9,1,705.988884,352.999145,617.241964,359.554034,661.615424,356.27659,2.947232,1.441607,-1.759073,1.407018,0.594079,1.424312
7528,250.933333,1,705.853996,353.086719,617.37462,359.638277,661.614308,356.362498,2.931572,1.44296,-1.757954,1.432589,0.586809,1.437774
7529,250.966667,1,705.941753,353.390962,617.527542,359.758065,661.734648,356.574513,2.927199,1.457898,-1.74934,1.519049,0.58893,1.488474
7530,251.0,1,706.236019,354.214459,617.885361,359.910806,662.06069,357.062632,2.926355,1.443465,-1.756456,1.456574,0.584949,1.450019
7531,251.033333,1,706.567631,354.357705,618.195124,360.124208,662.381377,357.240956,2.937286,1.408841,-1.753537,1.412144,0.591875,1.410493
7532,251.066667,1,706.680813,354.271494,618.013935,359.673843,662.347374,356.972668,2.948947,1.519949,-1.757641,1.346435,0.595653,1.433192
7533,251.1,1,707.060413,353.729569,618.118954,359.044114,662.589684,356.386842,2.940855,1.524989,-1.764113,1.300211,0.588371,1.4126
7534,251.133333,1,706.858215,353.248955,618.17956,358.778522,662.518888,356.013739,2.937667,1.533602,-1.777739,1.163133,0.579964,1.348367
7535,251.166667,1,707.026806,353.162529,618.43914,358.621296,662.732973,355.891913,2.916381,1.476659,-1.762892,1.215943,0.576745,1.346301
7536,251.2,1,707.314777,352.80358,618.909473,358.364126,663.112125,355.583853,2.936257,1.374625,-1.755406,1.335734,0.590425,1.355179
7537,251.233333,1,707.737789,352.41084,619.184809,358.098512,663.461299,355.254676,2.929437,1.350302,-1.765701,1.254219,0.581868,1.30226
7538,251.266667,1,708.054237,352.231711,619.65373,357.995113,663.853984,355.113412,2.941013,1.270717,-1.790187,1.220876,0.575413,1.245797
7539,251.3,1,708.716488,351.979964,619.850225,357.92323,664.283357,354.951597,2.959141,1.274659,-1.757644,1.367307,0.600748,1.320983
7540,251.333333,1,709.166222,352.205458,620.006094,357.928503,664.586158,355.06698,2.941626,1.321997,-1.788112,1.299517,0.576757,1.310757
7541,251.366667,1,709.554234,352.428081,620.390081,358.216948,664.972157,355.322514,2.933645,1.245765,-1.785394,1.329639,0.574126,1.287702
7542,251.4,1,709.591007,352.644004,620.461569,358.319778,665.026288,355.481891,2.925471,1.306158,-1.787738,1.273415,0.568867,1.289786
7543,251.433333,1,709.488945,352.774177,620.480051,358.642191,664.984498,355.708184,2.916681,1.337922,-1.784407,1.28429,0.566137,1.311106
7544,251.466667,1,709.480515,352.825831,620.25795,358.716638,664.869232,355.771235,2.927831,1.383678,-1.795398,1.226119,0.566216,1.304898
7545,251.5,1,708.931599,352.52986,619.734116,358.742425,664.332857,355.636142,2.934652,1.438712,-1.813455,1.130419,0.560599,1.284565
7546,251.533333,1,708.58593,352.627981,619.535227,358.72218,664.060578,355.67508,2.927839,1.431082,-1.808349,1.026987,0.559745,1.229034
7547,251.566667,1,708.551445,352.599689,619.437532,358.741218,663.994489,355.670453,2.938483,1.380601,-1.823951,1.128398,0.557266,1.2545
7548,251.6,1,708.65242,352.64137,619.450941,358.77827,664.051681,355.70982,2.935538,1.363564,-1.8096,1.065158,0.562969,1.214361
7549,251.633333,1,708.469715,353.260317,619.219971,359.056656,663.844843,356.158487,2.915927,1.394716,-1.799458,1.096762,0.558235,1.245739
7550,251.666667,1,708.068371,353.541466,618.796062,359.624035,663.432217,356.58275,2.919767,1.31009,-1.779589,1.136391,0.570089,1.22324
7551,251.7,1,707.522163,353.751751,618.304176,360.056214,662.91317,356.903982,2.897206,1.33976,-1.800492,1.072677,0.548357,1.206219
7552,251.733333,1,706.965523,353.308082,618.088818,359.714575,662.52717,356.511329,2.881703,1.383206,-1.7802,1.060061,0.550751,1.221634
7553,251.766667,1,707.294598,352.579926,618.023939,359.401524,662.659268,355.990725,2.910111,1.454704,-1.79885,1.215854,0.555631,1.335279
7554,251.8,1,707.432594,352.172703,618.305006,359.155303,662.8688,355.664003,2.917314,1.410194,-1.775593,1.374161,0.570861,1.392177
7555,251.833333,1,707.459812,351.946769,618.85375,358.813911,663.156781,355.38034,2.913787,1.360066,-1.755648,1.261339,0.57907,1.310703
7556,251.866667,1,707.794399,351.949291,618.703308,358.483667,663.248854,355.216479,2.927974,1.391423,-1.763147,1.240347,0.582414,1.315885
7557,251.9,1,708.293247,351.463677,619.219933,357.940734,663.75659,354.702205,2.916068,1.42672,-1.773042,1.287205,0.571513,1.356963
7558,251.933333,1,708.74733,351.134934,619.470863,357.268862,664.109097,354.201898,2.928828,1.421952,-1.782888,1.295657,0.57297,1.358805
7559,251.966667,1,708.955631,350.892103,619.932718,357.088006,664.444175,353.990055,2.906223,1.422328,-1.785212,1.292273,0.560505,1.357301
7560,252.0,1,709.306774,350.819094,620.00268,357.078286,664.654727,353.94869,2.929467,1.452207,-1.792628,1.316187,0.56842,1.384197
7561,252.033333,1,709.736977,350.945501,620.3934,356.947748,665.065188,353.946624,2.933399,1.444896,-1.767507,1.317774,0.582946,1.381335
7562,252.066667,1,710.121307,351.472662,621.03405,357.331696,665.577679,354.402179,2.927975,1.317555,-1.749219,1.350298,0.589378,1.333927
8836,294.533333,1,680.470753,358.622235,598.001804,360.618989,639.236279,359.620612,3.174459,0.484439,-1.337291,1.911739,0.918584,1.198089
8837,294.566667,1,682.422695,358.542439,599.899483,361.066468,641.161089,359.804454,3.109839,0.597071,-1.358525,1.944425,0.875657,1.270748
8838,294.6,1,685.227509,358.832161,601.774111,361.305158,643.50081,360.068659,3.074979,0.453368,-1.425136,1.973451,0.824922,1.21341
8839,294.633333,1,688.810825,358.988941,604.071875,361.27811,646.44135,360.133526,3.025382,0.704147,-1.413526,1.798385,0.805928,1.251266
8840,294.666667,1,692.233486,358.859712,606.544075,361.49472,649.388781,360.177216,3.003924,0.794812,-1.489299,1.633626,0.757312,1.214219
8841,294.7,1,694.157982,358.700786,607.487831,361.339431,650.822906,360.020109,3.103692,1.017488,-1.568356,1.49402,0.767668,1.255754
8842,294.733333,1,696.89703,358.359904,609.707127,361.229106,653.302078,359.794505,2.979864,1.194336,-1.597463,1.253926,0.691201,1.224131
8843,294.766667,1,699.655933,357.857875,611.272011,360.900375,655.463972,359.379125,2.998457,1.247754,-1.620766,1.332957,0.688845,1.290355
8844,294.8,1,702.421551,357.411025,612.897511,360.409729,657.659531,358.910377,3.026653,1.169123,-1.655964,1.593638,0.685344,1.38138
8845,294.833333,1,704.320068,356.623909,614.431744,359.858578,659.375906,358.241243,3.018014,1.264052,-1.668198,1.495124,0.674908,1.379588
8846,294.866667,1,706.406536,356.3814,616.581631,359.091241,661.494083,357.73632,2.968545,1.308389,-1.688741,1.428818,0.639902,1.368604
8847,294.9,1,708.038502,356.447849,618.418713,359.213684,663.228607,357.830766,2.898285,1.345517,-1.71077,1.423706,0.593757,1.384612
8848,294.933333,1,709.926014,356.425994,620.487585,359.204092,665.2068,357.815043,2.859574,1.434658,-1.705939,1.429795,0.576817,1.432227
8849,294.966667,1,712.918224,356.213751,622.957277,359.193814,667.937751,357.703782,2.888026,1.284118,-1.708486,1.383416,0.58977,1.333767
8850,295.0,1,715.053253,356.278945,624.362621,359.202923,669.707937,357.740934,2.899621,1.338035,-1.761472,1.371821,0.569074,1.354928
8851,295.033333,1,716.636391,356.328936,625.693092,359.183949,671.164742,357.756442,2.894324,1.353165,-1.774081,1.529569,0.560121,1.441367
8852,295.066667,1,718.028145,356.270474,626.860962,359.112859,672.444553,357.691667,2.902401,1.552578,-1.767239,1.708979,0.567581,1.630778
8853,295.1,1,719.305954,355.506822,627.861471,358.804201,673.583713,357.155512,2.903321,1.617933,-1.78546,1.758985,0.55893,1.688459
8854,295.133333,1,720.225887,355.528978,628.976479,358.362935,674.601183,356.945956,2.946203,1.651245,-1.761644,1.73351,0.59228,1.692378
8855,295.166667,1,720.765915,355.168027,629.743452,358.33356,675.254683,356.750793,2.92964,1.620878,-1.77818,1.677444,0.57573,1.649161
8856,295.2,1,721.825047,355.208969,630.226326,358.23854,676.025686,356.723754,2.928585,1.555551,-1.752955,1.827106,0.587815,1.691329
8857,295.233333,1,722.368755,354.997197,631.018124,357.836654,676.693439,356.416925,2.937138,1.484179,-1.759603,1.725844,0.588767,1.605012
8858,295.266667,1,722.923851,354.90111,632.1733,357.773788,677.548575,356.337449,2.89657,1.512885,-1.765048,1.586368,0.565761,1.549626
8859,295.3,1,723.216362,355.02881,632.59203,357.739713,677.904196,356.384262,2.905807,1.417265,-1.74995,1.568464,0.577929,1.492864
8860,295.333333,1,723.467846,355.12773,632.63937,357.836766,678.053608,356.482248,2.92411,1.368598,-1.751293,1.594761,0.586409,1.481679
8861,295.366667,1,723.467979,355.294188,632.710276,358.050361,678.089128,356.672274,2.924919,1.375024,-1.751695,1.577327,0.586612,1.476176
8862,295.4,1,723.463173,355.388618,632.662077,357.966269,678.062625,356.677443,2.925735,1.476935,-1.757234,1.600129,0.58425,1.538532
8863,295.433333,1,723.602867,355.494221,632.560329,357.932923,678.081598,356.713572,2.946486,1.509253,-1.758594,1.5742,0.593946,1.541726
8864,295.466667,1,723.672867,355.52371,632.217684,358.444281,677.945275,356.983995,2.969421,1.458893,-1.761905,1.691627,0.603758,1.57526
8865,295.5,1,723.937702,356.687155,632.553883,359.589048,678.245792,358.138102,2.955115,1.282856,-1.840966,2.179141,0.557075,1.730999
8866,295.533333,1,722.242661,361.182157,634.539814,363.54808,678.391237,362.365118,2.887266,3.235023,-1.772622,5.633583,0.557322,4.434303
8867,295.566667,1,721.87151,361.158687,634.994612,363.140706,678.433061,362.149697,2.859615,2.956287,-1.758361,5.808718,0.550627,4.382502
8868,295.6,1,722.719631,359.235554,633.12109,360.804663,677.920361,360.020109,2.940887,1.860568,-1.906111,2.362889,0.517388,2.111729
8869,295.633333,1,722.507687,357.303345,633.270874,359.273722,677.88928,358.288533,2.898568,1.624475,-1.837359,1.447973,0.530605,1.536224
8870,295.666667,1,722.004776,356.651047,633.129578,358.928586,677.567177,357.789817,2.861839,1.293424,-1.827388,1.613099,0.517225,1.453261
8871,295.7,1,722.04464,356.13072,633.055229,358.133376,677.549934,357.132048,2.860622,1.423844,-1.806969,1.489538,0.526826,1.456691
8872,295.733333,1,721.128521,355.304729,632.196236,357.493873,676.662378,356.399301,2.846301,1.406652,-1.81888,1.50789,0.513711,1.457271
8873,295.766667,1,720.827446,354.394999,631.312065,356.909317,676.069756,355.652158,2.869162,1.384859,-1.800703,1.55673,0.534229,1.470795
8874,295.8,1,719.845467,354.204052,630.847139,356.929402,675.346303,355.566727,2.873555,1.299186,-1.799464,1.59682,0.537046,1.448003
8875,295.833333,1,719.684391,354.225617,630.177393,357.084305,674.930892,355.654961,2.89305,1.343047,-1.807154,1.616905,0.542948,1.479976
8876,295.866667,1,719.506054,354.561381,629.864054,357.792816,674.685054,356.177098,2.909234,1.332909,-1.806237,1.790095,0.551498,1.561502
8877,295.9,1,718.609486,354.598471,629.347429,358.23987,673.978457,356.41917,2.895614,1.406299,-1.771409,1.716232,0.562102,1.561265
8878,295.933333,1,718.316841,354.628603,629.076977,358.315476,673.696909,356.47204,2.883828,1.464277,-1.772799,1.654274,0.555514,1.559276
8879,295.966667,1,717.878189,354.369882,628.742867,358.328163,673.310528,356.349023,2.892465,1.464259,-1.767001,1.620628,0.562732,1.542443
8880,296.0,1,717.693501,354.219319,628.250895,358.1879,672.972198,356.203609,2.928402,1.490577,-1.771662,1.647702,0.57837,1.56914
8881,296.033333,1,717.546215,354.205356,627.79582,358.187744,672.671018,356.19655,2.937557,1.521662,-1.769624,1.632084,0.583966,1.576873
8882,296.066667,1,717.540665,354.074512,627.532663,358.083535,672.536664,356.079023,2.948882,1.576513,-1.783769,1.656542,0.582556,1.616527
8883,296.1,1,717.216263,353.902969,627.525234,357.966692,672.370749,355.934831,2.93375,1.505057,-1.771352,1.661885,0.581199,1.583471
8884,296.133333,1,717.116337,353.825608,627.464161,357.911326,672.290249,355.868467,2.948852,1.511521,-1.780811,1.705041,0.58402,1.608281
8885,296.166667,1,716.810207,353.661768,627.261372,357.565321,672.035789,355.613545,2.941271,1.620066,-1.794258,1.650916,0.573506,1.635491
8886,296.2,1,716.654778,353.418288,626.954556,357.574119,671.804667,355.496204,2.944639,1.554348,-1.8099,1.862019,0.56737,1.708184
8887,296.233333,1,716.497555,353.359483,626.506023,357.356865,671.501789,355.358174,2.9409,1.73308,-1.818218,1.855595,0.561341,1.794337
8888,296.266667,1,716.813698,353.212504,626.843805,357.294493,671.828752,355.253499,2.916082,1.793913,-1.828102,1.813216,0.54399,1.803565
8889,296.3,1,717.154064,353.202703,626.905069,356.722582,672.029567,354.962642,2.928442,1.833392,-1.822634,1.700977,0.552904,1.767184
8890,296.333333,1,717.162724,353.052998,626.636467,356.740644,671.899595,354.896821,2.921093,1.694815,-1.817519,1.684848,0.551787,1.689832
8891,296.366667,1,717.074966,353.053068,626.751347,356.699681,671.913157,354.876375,2.922835,1.724582,-1.822341,1.694204,0.550247,1.709393
8892,296.4,1,716.958218,352.956288,626.745243,356.614982,671.85173,354.785635,2.924983,1.696936,-1.823887,1.640342,0.550548,1.668639
8893,296.433333,1,716.875,352.515167,626.463556,356.482229,671.669278,354.498698,2.92958,1.734739,-1.820154,1.797391,0.554713,1.766065
8894,296.466667,1,716.570663,352.085021,626.313601,356.096141,671.442132,354.090581,2.941719,1.732804,-1.832522,1.714657,0.554599,1.723731
8895,296.5,1,716.835327,352.008208,626.301918,355.775725,671.568623,353.891966,2.946276,1.736771,-1.830606,1.788927,0.557835,1.762849
8896,296.533333,1,717.517796,351.385469,627.004232,355.347692,672.261014,353.366581,2.988478,1.619171,-1.816798,1.809018,0.58584,1.714094
8897,296.566667,1,717.527447,351.261342,627.534904,355.207059,672.531176,353.2342,3.001351,1.524618,-1.783285,1.742593,0.609033,1.633605
8898,296.6,1,717.583923,351.215835,627.644224,355.042221,672.614074,353.129028,2.981704,1.473035,-1.794253,1.639426,0.593725,1.55623
8899,296.633333,1,717.60601,351.268718,627.627554,354.971132,672.616782,353.119925,2.988279,1.439366,-1.77256,1.698238,0.60786,1.568802
8900,296.666667,1,717.752991,351.29658,627.868748,354.764789,672.810869,353.030685,2.966779,1.492498,-1.763538,1.674044,0.60162,1.583271
8901,296.7,1,717.994919,351.170066,628.008356,354.673224,673.001637,352.921645,2.961644,1.425123,-1.772992,1.752178,0.594326,1.58865
8902,296.733333,1,718.120384,351.141822,628.063946,354.515628,673.092165,352.828725,2.955653,1.461857,-1.770806,1.76821,0.592424,1.615033
8903,296.766667,1,718.319187,350.940185,628.145504,354.319983,673.232346,352.630084,2.96374,1.419176,-1.763358,1.81026,0.600191,1.614718
8904,296.8,1,718.254833,350.814496,628.23576,353.983478,673.245296,352.398987,2.952574,1.502199,-1.765061,1.69305,0.593757,1.597624
8905,296.833333,1,718.329315,350.708603,628.407516,353.943282,673.368416,352.325943,2.948361,1.461691,-1.749438,1.640857,0.599461,1.551274
8906,296.866667,1,718.394089,350.634751,628.743134,353.855043,673.568611,352.244897,2.929882,1.42436,-1.759496,1.693106,0.585193,1.558733
8907,296.9,1,718.661137,350.41379,628.917494,353.719752,673.789315,352.066771,2.946126,1.392387,-1.750905,1.660238,0.597611,1.526312
8908,296.933333,1,718.638191,350.433483,628.891401,353.543767,673.764796,351.988625,2.924456,1.366014,-1.762027,1.5925,0.581215,1.479257
8909,296.966667,1,718.74773,350.430227,629.172783,353.554255,673.960257,351.992241,2.926583,1.352331,-1.764983,1.548176,0.5808,1.450253
8910,297.0,1,719.072266,350.458374,629.363317,353.543966,674.217792,352.00117,2.924314,1.319253,-1.763582,1.624974,0.580366,1.472113
8911,297.033333,1,719.272366,350.409858,629.318361,353.577831,674.295363,351.993845,2.940597,1.333924,-1.775218,1.573854,0.58269,1.453889
8912,297.066667,1,719.153061,350.523042,629.180298,353.53865,674.166679,352.030846,2.953004,1.391086,-1.769747,1.57512,0.591628,1.483103
8913,297.1,1,719.046669,350.572701,629.019852,353.649999,674.03326,352.11135,2.96591,1.388363,-1.773756,1.642743,0.596077,1.515553
8914,297.133333,1,718.632679,350.766662,628.704119,353.856862,673.668399,352.311762,2.939746,1.402727,-1.770089,1.660914,0.584828,1.53182
8915,297.166667,1,718.555222,350.742726,628.649149,353.994566,673.602185,352.368646,2.95521,1.395122,-1.750447,1.664691,0.602381,1.529906
8916,297.2,1,718.340931,350.929198,628.271933,354.186763,673.306432,352.55798,2.96038,1.428552,-1.771344,1.564115,0.594518,1.496334
8917,297.233333,1,718.228054,351.068319,628.198042,354.329638,673.213048,352.698979,2.979105,1.382974,-1.758723,1.601975,0.610191,1.492474
8918,297.266667,1,718.274555,351.090066,628.220358,354.555411,673.247457,352.822739,2.987103,1.391683,-1.760332,1.627778,0.613385,1.509731
8919,297.3,1,718.170109,351.52047,628.28043,354.996741,673.225269,353.258606,2.98062,1.359689,-1.754441,1.687359,0.613089,1.523524
8920,297.333333,1,718.154278,351.817809,628.144836,355.252399,673.149557,353.535104,2.991913,1.388969,-1.76248,1.602617,0.614716,1.495793
8921,297.366667,1,718.08754,352.071396,627.881546,355.435717,672.984543,353.753556,3.000135,1.399041,-1.757139,1.635142,0.621498,1.517092
8922,297.4,1,717.934036,352.268323,627.490063,355.798518,672.712049,354.033421,3.006242,1.459254,-1.766302,1.653826,0.61997,1.55654
8923,297.433333,1,717.692547,352.455896,627.49361,355.947874,672.593079,354.201885,3.014594,1.476715,-1.775812,1.560865,0.619391,1.51879
8924,297.466667,1,717.804585,352.627568,627.241163,356.102772,672.522874,354.36517,3.015277,1.435369,-1.772349,1.538259,0.621464,1.486814
8925,297.5,1,717.27499,352.800286,627.065372,356.342862,672.170181,354.571574,3.002114,1.435986,-1.762984,1.56315,0.619565,1.499568
8926,297.533333,1,716.984711,352.949052,626.684399,356.650178,671.834555,354.799615,3.005144,1.392838,-1.753497,1.640097,0.625824,1.516467
8927,297.566667,1,716.79697,353.152041,626.662827,356.695545,671.729898,354.923793,3.023465,1.511877,-1.735152,1.610744,0.644156,1.56131
8928,297.6,1,717.165775,353.186374,627.244797,356.726568,672.205286,354.956471,3.002715,1.419056,-1.738508,1.553697,0.632104,1.486377
8929,297.633333,1,717.645664,353.282391,627.25399,356.702836,672.449827,354.992613,3.027352,1.441415,-1.743585,1.594491,0.641883,1.517953
8930,297.666667,1,717.735844,353.225421,627.685604,356.752596,672.710724,354.989009,2.99613,1.421832,-1.735008,1.548795,0.630561,1.485313
8931,297.7,1,717.775688,353.386681,627.749739,356.661181,672.762713,355.023931,2.994952,1.506225,-1.728045,1.633928,0.633454,1.570076
8932,297.733333,1,717.853165,353.442852,627.625685,356.808439,672.739425,355.125646,2.992747,1.433516,-1.739552,1.579347,0.626598,1.506431
8933,297.766667,1,717.902279,353.461107,627.692585,356.825858,672.797432,355.143482,2.99695,1.409935,-1.733481,1.589298,0.631735,1.499616
8934,297.8,1,717.918816,353.588952,627.683439,356.894399,672.801127,355.241675,3.002081,1.448196,-1.733549,1.541641,0.634266,1.494919
8935,297.833333,1,718.052292,353.59643,627.681332,356.911774,672.866812,355.254102,2.99752,1.451456,-1.733122,1.550704,0.632199,1.50108
8936,297.866667,1,717.929764,353.585808,627.637587,356.837182,672.783675,355.211495,2.990795,1.459721,-1.732406,1.527119,0.629195,1.49342
8937,297.9,1,717.90926,353.589692,627.766647,356.805768,672.837954,355.19773,2.987421,1.385842,-1.728367,1.564643,0.629527,1.475242
8938,297.933333,1,717.895985,353.579049,627.698021,356.88816,672.797003,355.233605,2.99212,1.411,-1.7269,1.578616,0.63261,1.494808
8939,297.966667,1,717.908535,353.576437,627.708797,356.916474,672.808666,355.246455,2.993009,1.43138,-1.733753,1.594655,0.629628,1.513018
8940,298.0,1,717.706852,353.649715,627.461548,356.898015,672.5842,355.273865,2.995251,1.46215,-1.734005,1.547357,0.630623,1.504753
8941,298.033333,1,717.506466,353.765286,627.296124,356.998951,672.401295,355.382119,2.986291,1.414589,-1.73479,1.547399,0.625751,1.480994
8942,298.066667,1,717.238731,353.856674,627.269249,357.194265,672.25399,355.525469,2.980037,1.417905,-1.734654,1.524304,0.622692,1.471104
8943,298.1,1,717.059097,354.054932,627.131357,357.524965,672.095227,355.789948,2.987135,1.382961,-1.736832,1.534989,0.625151,1.458975
8944,298.133333,1,716.00275,356.150848,627.037468,360.053118,671.520109,358.101983,2.945118,1.146481,-1.748987,1.57317,0.598065,1.359826
8945,298.166667,1,715.958233,356.958777,626.699514,360.581165,671.328874,358.769971,2.957859,1.365797,-1.800004,1.581796,0.578928,1.473797
8946,298.2,1,716.021156,356.670016,626.686411,360.520091,671.353784,358.595054,2.953068,1.328043,-1.816635,1.614041,0.568216,1.471042
8947,298.233333,1,716.037254,356.397391,626.366282,360.2242,671.201768,358.310796,2.971725,1.252774,-1.819659,1.609693,0.576033,1.431233
8948,298.266667,1,715.666351,356.126252,626.36838,360.041794,671.017365,358.084023,2.949326,1.230982,-1.808558,1.574735,0.570384,1.402858
8949,298.3,1,714.827805,355.918273,625.922623,359.571437,670.375214,357.744855,2.9085,1.30573,-1.800073,1.406569,0.554213,1.35615
8950,298.333333,1,714.370899,355.738404,625.469007,359.399647,669.919953,357.569025,2.903971,1.255777,-1.817196,1.268011,0.543387,1.261894
8951,298.366667,1,714.00034,355.764245,625.215912,359.471508,669.608126,357.617877,2.882119,1.272669,-1.82479,1.193418,0.528665,1.233044
8952,298.4,1,713.945827,355.7125,625.18219,359.625333,669.564009,357.668916,2.898324,1.253362,-1.812272,1.248925,0.543026,1.251143
8953,298.433333,1,713.798199,355.647799,624.645844,359.662648,669.222021,357.655224,2.90495,1.321917,-1.815914,1.290124,0.544518,1.306021
8954,298.466667,1,713.382359,355.711915,624.246855,359.735792,668.814607,357.723853,2.914106,1.289027,-1.83053,1.250565,0.541788,1.269796
8955,298.5,1,713.071384,355.789999,624.073219,359.807616,668.572302,357.798808,2.903994,1.287895,-1.834394,1.11981,0.5348,1.203853
8956,298.533333,1,712.851353,355.758183,623.429832,360.178716,668.140593,357.968449,2.928817,1.240672,-1.844598,1.191553,0.54211,1.216112
8957,298.566667,1,712.769585,355.844604,623.388348,360.260904,668.078966,358.052754,2.929216,1.240095,-1.847594,1.209494,0.540811,1.224795
8958,298.6,1,712.911072,355.832679,623.344383,360.270254,668.127728,358.051466,2.931837,1.253382,-1.843416,1.197899,0.54421,1.22564
8959,298.633333,1,713.019142,355.740185,623.23103,360.275409,668.125086,358.007797,2.939232,1.254118,-1.83514,1.244267,0.552046,1.249192
8960,298.666667,1,713.082829,355.820367,623.197317,360.177981,668.140073,357.999174,2.937291,1.248326,-1.844333,1.190339,0.546479,1.219333
8961,298.7,1,712.880745,355.795949,623.18202,360.18393,668.031383,357.989939,2.92931,1.242532,-1.84161,1.222565,0.54385,1.232549
8962,298.733333,1,712.833805,355.841852,623.193331,360.205806,668.013568,358.023829,2.931751,1.250801,-1.840351,1.189679,0.5457,1.22024
8963,298.766667,1,712.844334,355.865192,623.182364,360.202115,668.013349,358.033654,2.93459,1.259436,-1.837941,1.16822,0.548325,1.213828
8964,298.8,1,713.032513,355.996513,623.35104,360.271311,668.191776,358.133912,2.935217,1.27572,-1.829505,1.190983,0.552856,1.233352
8965,298.833333,1,713.088818,356.205715,623.280106,360.221357,668.184462,358.213536,2.93831,1.339359,-1.830862,1.134375,0.553724,1.236867
8966,298.866667,1,713.244915,356.134368,623.325481,360.14735,668.285198,358.140859,2.937887,1.358665,-1.822765,1.2461,0.557561,1.302382
8967,298.9,1,713.25367,356.086239,623.256598,360.276305,668.255134,358.181272,2.932531,1.348661,-1.839262,1.286148,0.546635,1.317405
8968,298.933333,1,714.686489,355.010206,624.769373,358.954663,669.727931,356.982434,2.986764,1.480961,-1.831572,1.507656,0.577596,1.494309
8969,298.966667,1,715.225754,353.983108,625.950098,357.68645,670.587926,355.834779,2.989578,1.390124,-1.805829,1.489604,0.591875,1.439864
8970,299.0,1,715.511894,353.879532,626.1866,357.405161,670.849247,355.642346,3.005885,1.351734,-1.787714,1.622246,0.609086,1.48699
8971,299.033333,1,715.544434,354.027107,626.371593,357.351603,670.958014,355.689355,2.996488,1.384058,-1.776815,1.556892,0.609836,1.470475
8972,299.066667,1,715.688343,354.060951,626.384363,357.448592,671.036353,355.754771,2.993147,1.392452,-1.76953,1.585143,0.611809,1.488798
8973,299.1,1,715.84589,354.031801,626.399689,357.455002,671.122789,355.743401,2.990141,1.359218,-1.76628,1.607157,0.61193,1.483188
8974,299.133333,1,716.12484,354.295473,626.509619,357.457663,671.317229,355.876568,2.983253,1.356173,-1.757108,1.612287,0.613072,1.48423
8975,299.166667,1,716.330814,354.493328,626.638803,357.524423,671.484809,356.008876,2.984142,1.390123,-1.770622,1.628008,0.60676,1.509065
8976,299.2,1,716.257267,354.624504,626.514854,357.616675,671.386061,356.12059,2.979409,1.435003,-1.78511,1.568253,0.59715,1.501628
8977,299.233333,1,716.472588,354.644755,626.639748,357.779265,671.556168,356.21201,2.988177,1.410187,-1.786558,1.588445,0.60081,1.499316
8978,299.266667,1,716.522007,354.662313,626.582317,357.757609,671.552162,356.209961,2.988554,1.408469,-1.792917,1.619938,0.597818,1.514204
8979,299.3,1,716.476688,354.626114,626.47727,357.825034,671.476979,356.225574,2.995295,1.398491,-1.786068,1.638758,0.604614,1.518625
8980,299.333333,1,716.573124,354.609023,627.04505,358.283268,671.809087,356.446145,2.975798,1.302882,-1.773836,1.650178,0.600981,1.47653
8981,299.366667,1,716.633415,354.583118,627.127361,358.387783,671.880388,356.485451,2.968627,1.262132,-1.774378,1.650911,0.597124,1.456521
8982,299.4,1,716.71814,354.642642,627.185144,358.431004,671.951642,356.536823,2.962109,1.300919,-1.775157,1.641288,0.593476,1.471103
8983,299.433333,1,716.797867,354.707159,627.217703,358.362522,672.007785,356.534841,2.958418,1.329815,-1.765695,1.654839,0.596362,1.492327
8984,299.466667,1,716.633186,354.705362,627.239962,358.402417,671.936574,356.55389,2.961652,1.353999,-1.769489,1.625439,0.596081,1.489719
8985,299.5,1,716.358452,354.84069,626.920023,358.368739,671.639237,356.604715,2.967229,1.373129,-1.771408,1.535708,0.597911,1.454418
8986,299.533333,1,716.325436,354.674833,626.892214,358.339133,671.608825,356.506983,2.968492,1.283034,-1.756842,1.535175,0.605825,1.409105
8987,299.566667,1,716.236763,354.709842,626.841269,358.377231,671.539016,356.543536,2.975281,1.278481,-1.758824,1.523065,0.608229,1.400773
8988,299.6,1,716.664639,354.472445,627.046633,358.400395,671.855636,356.43642,2.990815,1.247215,-1.764752,1.637472,0.613031,1.442344
8989,299.633333,1,717.012215,354.465364,627.200451,358.375762,672.106333,356.420563,3.007446,1.269691,-1.763987,1.637143,0.62173,1.453417
8990,299.666667,1,717.059479,354.502298,627.170439,358.313776,672.114959,356.408037,2.991262,1.293879,-1.760239,1.595918,0.615511,1.444899
8991,299.7,1,716.983871,354.512275,627.07015,358.352507,672.027011,356.432391,2.992287,1.325359,-1.760839,1.570665,0.615724,1.448012
8992,299.733333,1,717.161922,354.509051,627.223415,358.366438,672.192669,356.437745,2.990906,1.336893,-1.734687,1.620693,0.628109,1.478793
8993,299.766667,1,717.139454,354.500045,627.18996,358.293316,672.164707,356.39668,2.994513,1.361289,-1.739269,1.643943,0.627622,1.502616
8994,299.8,1,717.221451,354.470133,627.457113,358.335593,672.339282,356.402863,2.996018,1.356087,-1.734352,1.644413,0.630833,1.50025
8995,299.833333,1,717.196598,354.390997,627.607498,358.305418,672.402048,356.348207,2.989333,1.326692,-1.734203,1.656321,0.627565,1.491506
8996,299.866667,1,717.41642,354.317445,627.754793,358.295622,672.585607,356.306534,2.991281,1.330915,-1.743337,1.652088,0.623972,1.491501
8997,299.9,1,717.649689,354.357367,627.865505,358.209593,672.757597,356.28348,2.98753,1.371168,-1.759965,1.694168,0.613783,1.532668
8998,299.933333,1,717.676315,354.309694,627.913399,358.165922,672.794857,356.237808,2.972361,1.354417,-1.752325,1.637195,0.610018,1.495806
8999,299.966667,1,717.758694,354.178963,628.120499,358.113602,672.939596,356.146283,2.969528,1.35792,-1.745713,1.724228,0.611908,1.541074
9000,300.0,1,717.718716,354.162687,628.106718,358.092107,672.912717,356.127397,2.966847,1.353549,-1.742565,1.692277,0.612141,1.522913
9001,300.033333,1,717.664871,353.906826,627.733822,358.215784,672.699347,356.061305,2.980232,1.310007,-1.728519,1.590924,0.625856,1.450466
9002,300.066667,1,717.790375,353.880031,627.807665,358.187546,672.79902,356.033788,2.969549,1.322758,-1.736288,1.594158,0.616631,1.458458
9003,300.1,1,717.931175,354.04276,627.830105,358.162215,672.88064,356.102487,2.969492,1.326831,-1.738752,1.565868,0.61537,1.446349
9004,300.133333,1,718.093891,354.094312,628.141279,358.287039,673.117585,356.190676,2.965225,1.310556,-1.743684,1.555764,0.61077,1.43316
9005,300.166667,1,718.209991,354.146894,628.273258,358.17179,673.241625,356.159342,2.972875,1.347119,-1.737009,1.52803,0.617933,1.437575
9006,300.2,1,718.342724,354.1536,628.738518,358.224877,673.540621,356.189238,2.953025,1.31619,-1.733369,1.545099,0.609828,1.430645
9007,300.233333,1,718.471794,354.204074,628.919888,358.117658,673.695841,356.160866,2.939393,1.308266,-1.735189,1.492662,0.602102,1.400464
9008,300.266667,1,718.555679,354.206445,628.864584,358.133837,673.710132,356.170141,2.938803,1.293179,-1.720968,1.485877,0.608918,1.389528
9009,300.3,1,718.675308,354.225129,628.883162,358.150397,673.779235,356.187763,2.942502,1.265207,-1.721414,1.508149,0.610544,1.386678
9010,300.333333,1,718.872852,354.300467,629.118633,358.165761,673.995743,356.233114,2.950084,1.22531,-1.732516,1.520906,0.608784,1.373108
9011,300.366667,1,718.902473,354.464677,629.303627,358.275989,674.10305,356.370333,2.923011,1.295223,-1.719397,1.490181,0.601807,1.392702
9012,300.4,1,719.024181,354.547091,629.370689,358.279127,674.197435,356.413109,2.947305,1.296883,-1.723788,1.537614,0.611758,1.417249
9013,300.433333,1,719.229641,354.588316,629.566374,358.339804,674.398007,356.46406,2.950575,1.280065,-1.742556,1.565666,0.604009,1.422865
9014,300.466667,1,719.130783,354.528342,629.486446,358.311973,674.308615,356.420158,2.962614,1.211532,-1.726797,1.566756,0.617908,1.389144
9015,300.5,1,719.050655,354.500415,629.547968,358.368219,674.299312,356.434317,2.948371,1.257329,-1.725621,1.532802,0.611375,1.395065
9196,306.533333,1,706.071186,350.811562,617.735815,354.614527,661.903501,352.713044,2.928264,1.306288,-1.717673,1.490424,0.605295,1.398356
9197,306.566667,1,706.066742,350.822816,617.851334,354.52515,661.959038,352.673983,2.916149,1.33044,-1.716721,1.497685,0.599714,1.414063
9198,306.6,1,706.494637,350.799996,617.839117,354.522854,662.166877,352.661425,2.938483,1.357248,-1.71748,1.55869,0.610502,1.457969
9199,306.633333,1,706.476059,350.821395,617.850122,354.510199,662.163091,352.665797,2.936027,1.348009,-1.718161,1.576448,0.608933,1.462228
9200,306.666667,1,706.62508,350.751679,617.929363,354.511659,662.277222,352.631669,2.935863,1.297717,-1.718522,1.574214,0.60867,1.435966
9201,306.7,1,706.697483,350.816803,617.86912,354.495587,662.283301,352.656195,2.937558,1.329772,-1.72858,1.495687,0.604489,1.412729
9202,306.733333,1,706.719685,350.838051,617.931814,354.524056,662.325749,352.681054,2.933873,1.333953,-1.72882,1.550022,0.602526,1.441988
9203,306.766667,1,706.749001,350.820451,617.843227,354.533529,662.296114,352.67699,2.944201,1.323611,-1.731914,1.552652,0.606144,1.438132
9204,306.8,1,706.750927,350.825499,618.254814,354.62496,662.502871,352.72523,2.926575,1.237912,-1.72576,1.593173,0.600407,1.415542
9205,306.833333,1,706.763954,350.794546,618.329782,354.580495,662.546868,352.68752,2.933509,1.237195,-1.716638,1.709246,0.608436,1.473221
9206,306.866667,1,706.821556,350.77363,618.344364,354.738831,662.58296,352.756231,2.93149,1.243067,-1.715618,1.737461,0.607936,1.490264
9207,306.9,1,707.108269,350.853844,618.893385,354.91591,663.000827,352.884877,2.905438,1.166079,-1.702855,1.693066,0.601292,1.429573
9208,306.933333,1,707.691784,350.837907,619.063187,354.970611,663.377485,352.904259,2.928311,1.155935,-1.698588,1.714825,0.614861,1.43538
9209,306.966667,1,707.851944,351.129119,619.287958,354.819056,663.569951,352.974088,2.910888,1.239382,-1.701523,1.702649,0.604683,1.471016
9210,307.0,1,708.49205,351.095222,619.687309,354.816041,664.08968,352.955631,2.937411,1.259367,-1.704713,1.69153,0.616349,1.475448
9211,307.033333,1,709.075584,350.940405,620.258198,354.84679,664.666891,352.893597,2.94122,1.261468,-1.708577,1.833117,0.616321,1.547292
9212,307.066667,1,709.830437,350.94645,620.347567,354.958954,665.089002,352.952702,2.935618,1.360347,-1.70691,2.012763,0.614354,1.686555
9213,307.1,1,710.568523,350.546098,621.114779,354.668123,665.841651,352.60711,2.921995,1.36616,-1.680836,2.11801,0.620579,1.742085
9214,307.133333,1,710.580425,350.359958,621.135368,354.858758,665.857897,352.609358,2.909173,1.297544,-1.671942,1.982624,0.618616,1.640084
9215,307.166667,1,710.756569,349.989905,621.64011,354.707272,666.198339,352.348588,2.896015,1.313015,-1.681,2.084244,0.607508,1.69863
9216,307.2,1,711.04187,349.608092,622.365828,353.972669,666.703849,351.79038,2.89645,1.384466,-1.690704,2.01311,0.602873,1.698788
9217,307.233333,1,711.964703,349.679498,622.813005,353.641856,667.388854,351.660677,2.909389,1.477656,-1.705022,1.924168,0.602183,1.700912
9218,307.266667,1,712.11113,350.161813,622.900906,354.010102,667.506018,352.085957,2.935489,1.547397,-1.715266,1.90608,0.610112,1.726738
9219,307.3,1,712.387905,350.124986,623.137341,354.160718,667.762623,352.142852,2.895888,1.489005,-1.706179,1.918744,0.594855,1.703874
9220,307.333333,1,712.275505,350.060034,623.004684,354.13976,667.640095,352.099897,2.903265,1.517457,-1.709163,1.973466,0.597051,1.745462
9221,307.366667,1,712.173576,350.134234,622.813215,354.151266,667.493396,352.14275,2.906123,1.462222,-1.717972,2.022251,0.594075,1.742236
9222,307.4,1,711.854286,350.090402,622.112722,354.280635,666.983504,352.185518,2.911997,1.380312,-1.700502,1.908174,0.605747,1.644243
9223,307.433333,1,710.749283,350.125785,621.441927,354.258163,666.095605,352.191974,2.917624,1.460599,-1.69059,1.9485,0.613517,1.70455
9224,307.466667,1,710.249271,350.045646,620.653868,354.514292,665.45157,352.279969,2.920294,1.389395,-1.688298,2.000224,0.615998,1.69481
9225,307.5,1,709.825935,350.047004,619.968691,354.732619,664.897313,352.389811,2.923456,1.425548,-1.705085,1.909601,0.609185,1.667575
9226,307.533333,1,709.024506,350.392933,619.545412,355.188262,664.284959,352.790598,2.958036,1.382475,-1.70701,1.927917,0.625513,1.655196
9227,307.566667,1,708.876534,350.698029,619.127293,355.833226,664.001913,353.265628,2.954234,1.382112,-1.679725,1.844156,0.637255,1.613134
9228,307.6,1,707.880859,351.647349,618.39654,356.56961,663.1387,354.10848,2.944656,1.408879,-1.689995,1.928166,0.62733,1.668523
9229,307.633333,1,705.355072,353.375437,616.535368,359.308988,660.94522,356.342213,2.968052,1.393584,-1.72301,2.000657,0.622521,1.69712
9230,307.666667,1,698.606243,359.161595,612.971878,365.354596,655.789061,362.258095,2.960117,1.802466,-1.669574,4.840824,0.645271,3.321645
9231,307.7,1,692.840023,365.806972,607.530956,373.792198,650.18549,369.799585,2.874987,1.821301,-1.628595,36.31815,0.623196,19.069726
9232,307.733333,1,681.656742,372.953632,600.563211,382.229891,641.109977,377.591761,2.997799,1.961707,-1.563023,30.925516,0.717388,16.443612
9233,307.766667,1,671.30497,380.803181,590.662622,390.991992,630.983796,385.897586,3.246424,1.789057,-1.536119,18.241583,0.855152,10.01532
9234,307.8,1,656.949482,387.595532,582.121239,397.839124,619.53536,392.717328,3.353593,0.793568,-1.38216,14.059404,0.985716,7.426486
9235,307.833333,1,645.965319,393.704327,576.661005,403.184198,611.313162,398.444263,3.539773,1.057048,-1.258119,15.287573,1.140827,8.172311
9236,307.866667,1,637.648449,396.981322,567.592754,406.310506,602.620602,401.645914,3.564195,7.43692,-1.37206,15.084153,1.096068,11.260537
9237,307.9,1,634.96273,399.353242,560.265446,407.444726,597.614088,403.398984,3.837567,8.038076,-1.522011,9.247116,1.157778,8.642596
9238,307.933333,1,632.470741,400.035596,562.613392,408.09528,597.542067,404.065438,3.892933,9.255823,-1.445365,8.702108,1.223784,8.978965
9239,307.966667,1,630.93545,400.283496,563.816757,407.73993,597.376103,404.011713,4.011597,6.090959,-1.398385,14.942102,1.306606,10.516531
9240,308.0,1,634.059372,399.330947,564.029217,406.463048,599.044294,402.896998,3.981137,6.804916,-1.415945,10.024124,1.282596,8.41452
9241,308.033333,1,631.671028,399.72814,567.098036,406.923519,599.384532,403.32583,3.533772,4.604076,-1.357742,17.257115,1.088015,10.930596
9242,308.066667,1,636.06842,398.093076,569.073505,407.171613,602.570963,402.632344,3.487159,2.820271,-1.362484,17.485084,1.062337,10.152678
9243,308.1,1,639.178486,395.637288,571.333599,403.250127,605.256042,399.443707,3.201919,1.421637,-1.432128,12.329383,0.884895,6.87551
9244,308.133333,1,649.468174,391.28594,576.528931,399.880843,612.998552,395.583392,3.220072,1.797213,-1.443577,15.22684,0.888247,8.512026
9245,308.166667,1,658.540573,384.929749,582.064676,394.646952,620.302625,389.78835,3.199507,1.166095,-1.444048,17.9796,0.877729,9.572848
9246,308.2,1,671.34346,376.735547,592.708092,386.523614,632.025776,381.62958,3.188365,1.180142,-1.469232,12.367743,0.859566,6.773942
9247,308.233333,1,684.949188,369.144895,600.989609,379.2216,642.969398,374.183248,3.185096,1.495396,-1.568112,3.125585,0.808492,2.31049
9248,308.266667,1,692.579212,365.402559,607.956057,374.830738,650.267634,370.116649,3.038524,1.226861,-1.611509,2.636998,0.713507,1.931929
9249,308.3,1,699.065094,363.140684,612.89628,371.797943,655.980687,367.469314,3.019903,1.346355,-1.653476,2.26639,0.683214,1.806373
9250,308.333333,1,704.334373,361.331105,617.973413,369.214053,661.153893,365.272579,2.978106,1.362991,-1.648859,2.276185,0.664623,1.819588
9251,308.366667,1,709.11499,360.403973,621.236925,366.44464,665.175958,363.424307,2.939441,1.433439,-1.675522,2.111352,0.63196,1.772396
9252,308.4,1,712.437649,359.270139,623.902416,364.917701,668.170033,362.09392,2.935424,1.565273,-1.713633,1.838616,0.610896,1.701944
9253,308.433333,1,715.862293,358.764151,627.031937,363.822438,671.447115,361.293294,2.94166,1.591099,-1.725294,1.952252,0.608183,1.771675
9254,308.466667,1,719.496765,358.862395,630.335617,362.793843,674.916191,360.828119,2.986584,1.548064,-1.745178,1.985017,0.620703,1.766541
9255,308.5,1,722.503948,358.663482,633.506765,362.073036,678.005357,360.368259,2.967525,1.499978,-1.755297,1.812756,0.606114,1.656367
9256,308.533333,1,726.37949,358.842825,636.569071,361.149584,681.47428,359.996205,2.93572,1.794499,-1.809471,1.92545,0.563124,1.859975
9257,308.566667,1,729.962749,358.621919,639.796247,359.67998,684.879498,359.150949,2.927297,1.908676,-1.832358,1.920285,0.547469,1.91448
9258,308.6,1,731.36919,357.807691,642.059984,358.458974,686.714587,358.133333,2.903834,1.789695,-1.808267,1.894791,0.547784,1.842243
9259,308.633333,1,734.050426,357.429113,644.827862,357.510052,689.439144,357.469583,2.882754,1.73685,-1.817858,1.722221,0.532448,1.729536
9260,308.666667,1,736.480274,357.329877,646.804466,356.535798,691.64237,356.932838,2.88606,1.720003,-1.816302,1.680598,0.534879,1.700301
9261,308.7,1,737.46397,356.904017,647.603407,355.920419,692.533689,356.412218,2.844869,1.694859,-1.806429,1.740578,0.51922,1.717718
9262,308.733333,1,739.180412,356.772144,649.574108,355.408798,694.37726,356.090471,2.829284,1.666041,-1.810081,1.820215,0.509601,1.743128
9263,308.766667,1,740.087738,356.691887,650.942326,354.853683,695.515032,355.772785,2.822035,1.595671,-1.786894,1.876856,0.51757,1.736263
9264,308.8,1,740.512829,356.808842,651.229382,354.857079,695.871105,355.83296,2.830924,1.474715,-1.781003,1.784764,0.52496,1.629739
9265,308.833333,1,741.218948,356.717003,651.677475,354.822441,696.448212,355.769722,2.860172,1.414758,-1.815958,1.829272,0.522107,1.622015
9266,308.866667,1,741.14994,356.835997,651.819401,354.487631,696.484671,355.661814,2.834677,1.422975,-1.810452,2.053604,0.512113,1.738289
9267,308.9,1,741.303005,356.526223,651.939678,354.352512,696.621342,355.439368,2.842726,1.470711,-1.797415,2.103641,0.522655,1.787176
9268,308.933333,1,741.341915,356.423709,651.724415,354.329896,696.533165,355.376802,2.88527,1.708939,-1.8189,2.113331,0.533185,1.911135
9269,308.966667,1,740.684128,356.228551,650.97517,354.290489,695.829649,355.25952,2.870016,1.501671,-1.814361,1.984948,0.527828,1.74331
9270,309.0,1,740.193691,355.601225,650.44569,354.283049,695.319691,354.942137,2.90558,1.484295,-1.826006,1.881913,0.539787,1.683104
9271,309.033333,1,739.620285,355.22798,649.894829,354.235407,694.757557,354.731694,2.886548,1.419128,-1.812672,2.015949,0.536938,1.717538
9272,309.066667,1,738.669415,354.873489,649.046478,354.181162,693.857946,354.527325,2.908876,1.469665,-1.819209,1.954176,0.544833,1.711921
9273,309.1,1,738.114605,354.595993,648.540506,354.455751,693.327556,354.525872,2.895757,1.473178,-1.79511,1.993051,0.550323,1.733114
9274,309.133333,1,737.546921,354.227516,647.247219,354.368793,692.39707,354.298155,2.950363,1.45478,-1.829119,2.063965,0.560622,1.759373
9275,309.166667,1,736.116619,353.646576,646.524391,354.279487,691.320505,353.963031,2.906939,1.426475,-1.830534,1.978653,0.538203,1.702564
9276,309.2,1,735.915089,353.371661,646.03631,354.275399,690.975699,353.82353,2.918751,1.446371,-1.819704,2.131499,0.549524,1.788935
9277,309.233333,1,734.817638,353.135117,644.843578,354.324891,689.830608,353.730004,2.933097,1.457681,-1.833236,2.064849,0.549931,1.761265
9278,309.266667,1,734.328632,352.933597,643.600531,354.571021,688.964581,353.752309,2.943216,1.520898,-1.834628,2.191052,0.554294,1.855975
9279,309.3,1,733.516026,352.665639,643.626776,354.820842,688.571401,353.743241,2.939508,1.596021,-1.804578,2.074711,0.567465,1.835366
9280,309.333333,1,733.563251,352.38317,643.16226,354.852363,688.362756,353.617767,2.916984,1.580592,-1.79806,2.111098,0.559462,1.845845
9281,309.366667,1,733.47353,352.106887,643.13055,354.993035,688.30204,353.549961,2.912922,1.56834,-1.777663,1.950369,0.56763,1.759355
9282,309.4,1,733.595123,352.065135,643.288774,355.504612,688.441949,353.784874,2.903758,1.600275,-1.764137,1.950801,0.56981,1.775538
9283,309.433333,1,733.616524,351.900946,643.216505,355.808394,688.416514,353.85467,2.893312,1.718481,-1.763364,1.883511,0.564974,1.800996
9284,309.466667,1,734.13126,352.453444,643.639755,356.262669,688.885508,354.358056,2.854308,1.699149,-1.765687,1.882003,0.54431,1.790576
9285,309.5,1,735.435619,352.480212,644.845304,356.694515,690.140462,354.587364,2.836999,1.589208,-1.745016,1.794985,0.545992,1.692096
9286,309.533333,1,737.04916,352.393314,646.44372,356.790463,691.74644,354.591889,2.834569,1.545346,-1.752243,1.726695,0.541163,1.636021
9287,309.566667,1,738.811283,352.406108,648.379946,356.026479,693.595614,354.216294,2.853363,1.529775,-1.770386,1.747522,0.541488,1.638648
9288,309.6,1,740.650177,352.31508,650.404053,355.046378,695.527115,353.680729,2.862692,1.514476,-1.781068,1.825867,0.540812,1.670171
9289,309.633333,1,742.237682,352.10892,652.064018,353.740647,697.15085,352.924783,2.854918,1.464295,-1.776956,1.646606,0.538981,1.555451
9290,309.666667,1,743.238659,352.869299,652.93026,352.926307,698.084459,352.897803,2.830995,1.455815,-1.775015,1.784937,0.52799,1.620376
9291,309.7,1,742.7911,354.155665,652.727623,353.006349,697.759361,353.581007,2.821362,1.480501,-1.767317,1.778313,0.527022,1.629407
9292,309.733333,1,741.215286,355.089235,650.899715,353.03485,696.057501,354.062043,2.802669,1.339483,-1.760362,1.808123,0.521154,1.573803
9293,309.766667,1,739.005184,355.382583,648.822298,352.92805,693.913741,354.155316,2.84486,1.386749,-1.804179,1.815962,0.520341,1.601356
9294,309.8,1,735.780468,354.726858,645.10457,352.846736,690.442519,353.786797,2.91939,1.574657,-1.842421,1.890277,0.538485,1.732467
9295,309.833333,1,732.670383,353.364151,641.802816,352.469317,687.2366,352.916734,2.935149,1.663168,-1.832343,1.963959,0.551403,1.813563
9296,309.866667,1,730.129528,352.00912,639.034395,352.514008,684.581962,352.261564,2.93876,1.608167,-1.813559,2.021542,0.562601,1.814854
9297,309.9,1,729.235592,352.003493,638.050051,352.920374,683.642821,352.461933,2.916803,1.554173,-1.787382,2.080887,0.564711,1.81753
9298,309.933333,1,727.908287,352.010756,636.141062,353.41213,682.024674,352.711443,2.933695,1.819296,-1.78354,1.98367,0.575078,1.901483
9299,309.966667,1,727.376213,352.795318,635.573072,355.487881,681.474643,354.1416,2.961902,1.552084,-1.76725,1.889249,0.597326,1.720666
9300,310.0,1,727.179337,354.05681,635.04365,357.343229,681.111493,355.700019,2.970054,1.484553,-1.782417,1.811753,0.593818,1.648153
9301,310.033333,1,727.344379,355.621739,635.165577,358.767938,681.254978,357.194839,2.968109,1.504938,-1.76588,1.666041,0.601115,1.585489
9302,310.066667,1,727.562771,356.773952,635.410519,360.244339,681.486645,358.509145,2.967348,1.519828,-1.755962,1.560512,0.605693,1.54017
9303,310.1,1,728.160095,357.941716,636.143017,360.262352,682.151556,359.102034,2.93742,1.593405,-1.744049,1.423261,0.596686,1.508333
9304,310.133333,1,728.298225,358.061187,636.48387,360.311673,682.391047,359.18643,2.939613,1.482767,-1.716283,1.366474,0.611665,1.42462
9305,310.166667,1,729.22678,358.616715,637.057962,360.346284,683.142371,359.481499,2.94745,1.546843,-1.707833,1.379769,0.619808,1.463306
9306,310.2,1,729.808311,359.246814,637.561474,360.340399,683.684893,359.793607,2.949705,1.286026,-1.738935,1.442366,0.605385,1.364196
9307,310.233333,1,729.981823,359.764711,637.85181,360.174006,683.916817,359.969358,2.939695,1.3049,-1.749517,1.474522,0.595089,1.389711
9308,310.266667,1,730.325489,360.073165,638.208437,360.020814,684.266963,360.04699,2.900506,1.483777,-1.76148,1.474552,0.569513,1.479165
9309,310.3,1,730.50209,359.973977,638.332672,359.943448,684.417381,359.958713,2.91273,1.422981,-1.758531,1.547809,0.5771,1.485395
9310,310.333333,1,731.669693,359.721656,638.809061,359.954376,685.239377,359.838016,2.962668,1.465818,-1.823733,1.690558,0.569468,1.578188
9311,310.366667,1,732.285023,359.568202,639.712086,359.240581,685.998554,359.404391,2.956494,1.576367,-1.790272,1.754745,0.583111,1.665556
9312,310.4,1,732.644691,359.236735,640.178251,358.796439,686.411471,359.016587,2.978547,1.614291,-1.781198,1.890752,0.598674,1.752521
9313,310.433333,1,732.644615,359.127933,640.141573,358.763062,686.393094,358.945498,2.970132,1.600327,-1.79037,1.944425,0.589881,1.772376
9314,310.466667,1,732.559147,359.166123,640.24106,358.03606,686.400104,358.601091,2.970157,1.616091,-1.790851,1.855441,0.589653,1.735766
9315,310.5,1,732.546997,358.955762,640.005732,357.772946,686.276364,358.364354,2.981548,1.578911,-1.790889,1.947225,0.59533,1.763068
9316,310.533333,1,729.374256,359.034448,636.441507,358.1603,682.907882,358.597374,3.014991,1.84683,-1.932992,1.546872,0.540999,1.696851
9317,310.566667,1,728.083229,359.227502,635.605307,357.960314,681.844268,358.593908,2.992896,1.825186,-1.924831,1.20853,0.534033,1.516858
9318,310.6,1,727.928715,359.399716,635.54821,357.857323,681.738462,358.628519,2.980068,1.769963,-1.927966,1.246678,0.526051,1.508321
9319,310.633333,1,728.057823,359.552919,635.485687,357.838268,681.771755,358.695593,2.979991,1.780707,-1.914828,1.217397,0.532582,1.499052
9320,310.666667,1,728.074417,359.545923,635.715132,357.57774,681.894774,358.561832,2.972152,1.780367,-1.910668,1.181413,0.530742,1.48089
9321,310.7,1,728.505306,359.466594,636.314974,357.579194,682.41014,358.522894,2.990559,1.741447,-1.893389,1.204794,0.548585,1.47312
9322,310.733333,1,728.823452,359.130256,636.474037,356.775877,682.648745,357.953067,2.975328,1.837416,-1.881578,1.257793,0.546875,1.547604
9323,310.766667,1,729.793873,358.568237,637.186222,356.084592,683.490047,357.326414,2.975823,1.976719,-1.869883,1.301372,0.55297,1.639045
9324,310.8,1,730.055695,358.064942,638.121786,355.345026,684.08874,356.704984,2.962656,1.900897,-1.865493,1.263213,0.548582,1.582055
9325,310.833333,1,732.838974,357.216334,639.945107,355.212488,686.39204,356.214411,2.994315,1.657041,-1.858691,1.805545,0.567812,1.731293
9326,310.866667,1,735.225372,357.765586,643.738632,355.428566,689.482002,356.597076,2.958122,1.610508,-1.797117,1.874596,0.580503,1.742552
9327,310.9,1,735.415211,358.075215,644.38652,356.082339,689.900866,357.078777,2.920233,1.523153,-1.772285,1.785958,0.573974,1.654555
9328,310.933333,1,736.034222,359.313135,644.184208,356.728199,690.109215,358.020667,2.929427,1.538868,-1.785881,1.609838,0.571773,1.574353
9329,310.966667,1,736.494274,360.008256,643.897705,357.045364,690.19599,358.52681,2.952139,1.62194,-1.808998,1.771249,0.571571,1.696594
9330,311.0,1,736.712608,360.083213,644.484024,356.858913,690.598316,358.471063,2.942466,1.577766,-1.788711,1.787821,0.576878,1.682793
9331,311.033333,1,737.56485,359.966655,644.961596,356.907831,691.263223,358.437243,2.950522,1.618496,-1.795901,1.864593,0.577311,1.741545
9332,311.066667,1,737.918739,359.700344,645.744514,356.397021,691.831627,358.048682,2.906542,1.514953,-1.790193,1.775472,0.558175,1.645212
9333,311.1,1,738.728848,359.595099,646.573944,355.96312,692.651396,357.779109,2.90391,1.442529,-1.793479,1.791807,0.555215,1.617168
9334,311.133333,1,739.464054,359.721104,647.20089,356.001964,693.332472,357.861534,2.917998,1.442681,-1.799059,1.808499,0.55947,1.62559
9335,311.166667,1,740.120964,359.951227,647.862053,356.03798,693.991508,357.994604,2.891494,1.486599,-1.808184,1.729235,0.541655,1.607917
9336,311.2,1,740.369968,360.131546,647.872324,356.441433,694.121146,358.28649,2.90399,1.477015,-1.803909,1.783243,0.55004,1.630129
9337,311.233333,1,740.40699,360.212061,647.838488,356.475036,694.122739,358.343548,2.900585,1.454265,-1.808647,1.788279,0.545969,1.621272
9338,311.266667,1,739.824486,359.945852,647.213182,356.276584,693.518834,358.111218,2.897444,1.430097,-1.83412,1.807519,0.531662,1.618808
9339,311.3,1,739.228649,359.469395,646.453218,356.099483,692.840934,357.784439,2.905719,1.468729,-1.806431,1.865974,0.549644,1.667352
9340,311.333333,1,738.465309,359.222406,645.963526,356.207029,692.214417,357.714718,2.930398,1.542401,-1.818247,1.809263,0.556076,1.675832
9341,311.366667,1,737.51152,359.20259,644.977369,356.332154,691.244445,357.767372,2.935503,1.552607,-1.804359,1.898613,0.565572,1.72561
9342,311.4,1,736.407776,359.310941,643.971901,356.8752,690.189838,358.09307,2.937494,1.527951,-1.803467,1.962366,0.567013,1.745159
9343,311.433333,1,735.448952,359.617013,642.25647,357.313918,688.852711,358.465465,2.971863,1.753333,-1.834088,2.198203,0.568888,1.975768
9344,311.466667,1,733.693199,360.886829,641.225471,358.221197,687.459335,359.554013,3.026345,1.795174,-1.846933,2.237827,0.589706,2.0165
9345,311.5,1,732.45575,364.331381,640.081501,360.906984,686.268625,362.619182,2.983229,2.322496,-1.915933,3.686976,0.533648,3.004736
9346,311.533333,1,730.642681,364.084253,638.937216,361.271743,684.789948,362.677998,2.939813,2.126416,-1.905445,3.67097,0.517184,2.898693
9347,311.566667,1,728.765335,362.228428,636.158142,360.022284,682.461739,361.125356,2.96451,1.95295,-1.940736,2.568818,0.511887,2.260884
9348,311.6,1,727.500477,361.543247,634.813185,359.711271,681.156831,360.627259,2.98673,1.624283,-1.939363,2.394719,0.523683,2.009501
9349,311.633333,1,726.712589,360.976828,635.144434,359.572831,680.928512,360.27483,2.956232,1.364511,-1.858153,2.136638,0.54904,1.750575
9350,311.666667,1,727.026176,360.897226,635.076485,359.397292,681.051331,360.147259,2.99792,1.448234,-1.853507,2.048705,0.572206,1.74847
9351,311.7,1,727.151108,360.991216,635.079651,359.345021,681.115379,360.168118,2.997681,1.382003,-1.844454,2.036273,0.576613,1.709138
9352,311.733333,1,727.635021,360.903229,635.376997,359.143238,681.506009,360.023233,3.035562,1.474716,-1.867888,1.989484,0.583837,1.7321
9353,311.766667,1,728.047237,360.930201,635.511856,358.963026,681.779547,359.946613,3.028279,1.443663,-1.864514,1.931363,0.581883,1.687513
9354,311.8,1,728.714943,360.812656,635.872288,358.680246,682.293615,359.746451,3.020623,1.494527,-1.885744,2.002202,0.56744,1.748365
9355,311.833333,1,729.120483,360.601872,636.540308,358.422647,682.830396,359.512259,3.007189,1.570748,-1.876309,2.020199,0.56544,1.795473
9356,311.866667,1,729.45097,360.630705,636.867886,358.479204,683.159428,359.554954,3.016741,1.497255,-1.873618,2.047934,0.571561,1.772595
9357,311.9,1,729.519119,360.638967,637.060108,358.215929,683.289614,359.427448,3.000947,1.620706,-1.87119,2.033723,0.564878,1.827215
9358,311.933333,1,729.626045,360.51934,637.153387,358.126498,683.389716,359.322919,2.989004,1.530881,-1.87685,2.129481,0.556077,1.830181
9359,311.966667,1,729.58828,360.369748,637.090511,358.034493,683.339396,359.202121,2.999905,1.503633,-1.877365,2.145326,0.56127,1.824479
9360,312.0,1,729.448299,360.359936,636.870852,358.083508,683.159575,359.221722,2.979805,1.457027,-1.872907,2.138981,0.553449,1.798004
9361,312.033333,1,728.771839,360.044627,636.747303,357.869232,682.759571,358.956929,2.973324,1.396924,-1.867591,2.101785,0.552867,1.749355
9362,312.066667,1,728.316956,360.131949,635.903072,357.784136,682.110014,358.958042,2.966552,1.457169,-1.852643,1.789897,0.556954,1.623533
9363,312.1,1,727.356987,359.509853,634.849329,357.354183,681.103158,358.432018,2.96661,1.452173,-1.875403,1.92412,0.545603,1.688146
9364,312.133333,1,726.296501,359.263814,633.875046,357.082679,680.085773,358.173247,2.972104,1.595641,-1.914813,1.805075,0.528645,1.700358
9365,312.166667,1,725.845432,359.303114,633.232174,356.768421,679.538803,358.035767,2.960569,1.663197,-1.89561,1.828441,0.532479,1.745819
9366,312.2,1,724.781818,359.606574,632.292366,357.127719,678.537092,358.367146,2.973743,1.649047,-1.875177,1.832136,0.549283,1.740592
9367,312.233333,1,723.351173,359.814391,631.482801,357.470709,677.416987,358.64255,2.951284,1.593744,-1.865234,1.6455,0.543025,1.619622
9368,312.266667,1,721.286201,359.799424,629.877653,358.060806,675.581927,358.930115,2.927949,1.646775,-1.828288,1.717591,0.549831,1.682183
9369,312.3,1,720.845013,359.653609,628.724794,358.275361,674.784904,358.964485,2.949223,1.66525,-1.850584,1.698487,0.54932,1.681869
9370,312.333333,1,720.337315,359.131157,628.327456,357.728523,674.332385,358.42984,2.972289,1.726665,-1.868892,1.796087,0.551698,1.761376
9371,312.366667,1,720.01976,358.64351,628.323708,357.817712,674.171734,358.230611,2.982594,1.772132,-1.867016,1.725268,0.557789,1.7487
9372,312.4,1,720.02882,358.954126,628.20344,358.050334,674.11613,358.50223,2.991621,1.690405,-1.892002,1.524079,0.549809,1.607242
9373,312.433333,1,719.74577,359.096509,628.059559,358.360398,673.902664,358.728453,2.983146,1.713184,-1.862586,1.66092,0.56028,1.687052
9374,312.466667,1,719.797134,359.067305,628.10256,358.422963,673.949847,358.745134,2.982171,1.764515,-1.884666,1.710519,0.548752,1.737517
9375,312.5,1,719.842281,359.173445,628.135519,358.475679,673.9889,358.824562,2.986749,1.713502,-1.883571,1.705615,0.551589,1.709558
9376,312.533333,1,719.790382,358.90575,628.351383,358.02929,674.070883,358.46752,2.984571,1.609403,-1.885007,1.592045,0.549782,1.600724
9377,312.566667,1,719.971828,358.597725,628.732481,357.665094,674.352155,358.13141,2.980163,1.697833,-1.886312,1.351646,0.546926,1.524739
9378,312.6,1,720.319138,358.396404,629.280338,357.150979,674.799738,357.773691,2.970737,1.689494,-1.877237,1.317169,0.54675,1.503332
9379,312.633333,1,720.959663,358.23126,629.707241,356.951627,675.333452,357.591443,2.980772,1.768311,-1.872538,1.349229,0.554117,1.55877
9380,312.666667,1,720.952702,358.226266,629.616909,357.003635,675.284805,357.61495,2.976762,1.752084,-1.8818,1.381968,0.547481,1.567026
9381,312.7,1,720.954113,358.334627,629.680529,357.139167,675.317321,357.736897,2.971853,1.678795,-1.884939,1.553866,0.543457,1.616331
9382,312.733333,1,720.679531,358.332074,629.200392,357.259582,674.939961,357.795828,2.970094,1.785804,-1.901867,1.670933,0.534114,1.728369
9383,312.766667,1,719.947319,358.512517,628.851938,357.446757,674.399629,357.979637,2.952378,1.84169,-1.899737,1.652303,0.52632,1.746996
9384,312.8,1,719.74802,358.326114,628.550758,357.413632,674.149389,357.869873,2.952409,1.879212,-1.893272,1.755479,0.529569,1.817346
9385,312.833333,1,719.352455,358.35786,628.143139,357.411722,673.747797,357.884791,2.930414,1.753282,-1.884382,1.776479,0.523016,1.76488
9386,312.866667,1,718.776245,358.559595,627.918167,357.359065,673.347206,357.95933,2.936604,1.801365,-1.874172,1.763222,0.531216,1.782293
9387,312.9,1,720.946217,358.906801,630.400085,358.15501,675.673151,358.530906,2.951566,1.307594,-1.830062,1.917761,0.560752,1.612677
9388,312.933333,1,721.062088,358.584652,631.179323,358.043978,676.120706,358.314315,2.919398,1.253589,-1.763602,1.964321,0.577898,1.608955
9389,312.966667,1,720.74379,358.608411,630.274429,357.946426,675.509109,358.277418,2.928137,1.24288,-1.763584,1.890527,0.582276,1.566703
9390,313.0,1,720.060787,358.108431,629.776468,357.77603,674.918628,357.942231,2.936267,1.236758,-1.754257,1.985926,0.591005,1.611342
9391,313.033333,1,719.036846,357.990269,628.957624,357.781443,673.997235,357.885856,2.932019,1.275844,-1.748554,1.99259,0.591733,1.634217
9392,313.066667,1,718.610001,357.58915,628.513765,357.87009,673.561883,357.72962,2.905967,1.250504,-1.761517,1.926644,0.572225,1.588574
9393,313.1,1,717.683411,357.479753,627.739487,357.586924,672.711449,357.533339,2.916938,1.339115,-1.769501,1.809795,0.573719,1.574455
9394,313.133333,1,717.394199,357.412768,627.317972,357.726903,672.356086,357.569835,2.925805,1.32944,-1.77595,1.820144,0.574928,1.574792
9395,313.166667,1,717.275372,357.460796,627.021351,357.871785,672.148361,357.66629,2.933117,1.321329,-1.769956,1.801982,0.58158,1.561656
9396,313.2,1,717.399502,357.498025,627.018795,357.89799,672.209148,357.698008,2.942853,1.226119,-1.774389,1.786613,0.584232,1.506366
9397,313.233333,1,717.81332,357.547077,627.072449,357.803721,672.442884,357.675399,2.96956,1.196546,-1.759306,1.697334,0.605127,1.44694
9398,313.266667,1,718.023186,357.60902,627.352715,357.79192,672.68795,357.70047,2.965012,1.21457,-1.756143,1.743167,0.604434,1.478868
9399,313.3,1,718.043365,357.661119,627.940941,357.88312,672.992153,357.77212,2.95375,1.224717,-1.745628,1.687009,0.604061,1.455863
9400,313.333333,1,718.41095,358.614848,628.471766,358.810644,673.441358,358.712746,2.902318,1.113378,-1.757646,2.013397,0.572336,1.563388
9401,313.366667,1,716.779251,363.221751,630.786905,362.818648,673.783078,363.0202,2.775647,0.827806,-1.660988,13.515796,0.55733,7.171801
9402,313.4,1,714.972324,362.506825,629.992275,362.360988,672.4823,362.433906,2.756215,0.838741,-1.683098,17.938001,0.536558,9.388371
9403,313.433333,1,716.941261,360.951417,629.831161,359.987732,673.386211,360.469574,2.818818,1.43599,-1.73036,9.780366,0.544229,5.608178
9404,313.466667,1,717.653847,359.147932,628.252115,359.003366,672.952981,359.075649,2.938754,1.458968,-1.790816,2.489409,0.573969,1.974189
9405,313.5,1,717.293396,358.415555,627.864742,358.835412,672.579069,358.625483,2.900335,1.283899,-1.792719,2.300488,0.553808,1.792193
9406,313.533333,1,717.334595,358.194557,627.699842,358.227865,672.517219,358.211211,2.909864,1.304144,-1.788784,2.006654,0.56054,1.655399
9407,313.566667,1,717.278271,358.31958,627.660828,357.761337,672.469549,358.040459,2.916603,1.463133,-1.76765,1.82475,0.574476,1.643941
9408,313.6,1,717.341118,357.813168,627.574444,357.879032,672.457781,357.8461,2.914602,1.382797,-1.766634,1.941154,0.573984,1.661975
9409,313.633333,1,717.521877,357.638674,627.534494,357.949945,672.528186,357.79431,2.920192,1.337729,-1.759804,1.951613,0.580194,1.644671
9410,313.666667,1,717.401695,357.667261,627.037354,357.95304,672.219524,357.810151,2.929008,1.291781,-1.765895,1.860135,0.581556,1.575958
9411,313.7,1,717.302361,357.574253,626.976585,358.119165,672.139473,357.846709,2.937008,1.334238,-1.738981,1.925694,0.599014,1.629966
9412,313.733333,1,716.46616,357.788642,626.736469,358.067511,671.601315,357.928077,2.920811,1.304734,-1.758687,1.817704,0.581062,1.561219
9413,313.766667,1,716.250629,357.826837,626.066236,357.94502,671.158433,357.885928,2.937034,1.388431,-1.755554,1.882331,0.59074,1.635381
9414,313.8,1,716.224022,357.778332,626.105118,358.017038,671.16457,357.897685,2.919412,1.360093,-1.754054,1.889401,0.582679,1.624747
9415,313.833333,1,716.191845,357.716024,626.262197,358.26777,671.227021,357.991897,2.909269,1.299482,-1.752445,1.96266,0.578412,1.631071
9416,313.866667,1,715.881996,357.732718,625.981989,358.179638,670.931993,357.956178,2.917228,1.292861,-1.740261,1.833686,0.588483,1.563273
9417,313.9,1,714.868927,357.935445,624.893732,358.231888,669.88133,358.083666,2.934256,1.339714,-1.758935,1.627924,0.58766,1.483819
9418,313.933333,1,714.711342,357.897599,624.020395,358.111017,669.365869,358.004308,2.934586,1.464324,-1.782537,1.510002,0.576024,1.487163
9419,313.966667,1,714.656105,357.872214,624.089346,358.174381,669.372725,358.023298,2.93233,1.444438,-1.780416,1.513972,0.575957,1.479205
9420,314.0,1,714.481735,357.871013,624.098949,358.240036,669.290342,358.055525,2.925528,1.398033,-1.790408,1.481377,0.56756,1.439705
9421,314.033333,1,714.474392,357.794682,623.906174,358.166544,669.190283,357.980613,2.938064,1.41068,-1.786169,1.528442,0.575947,1.469561
9422,314.066667,1,714.481049,357.867993,623.897505,358.18423,669.189277,358.026111,2.938671,1.331493,-1.792623,1.551185,0.573024,1.441339
9423,314.1,1,713.02002,357.959273,622.61199,357.707849,667.816005,357.833561,2.940036,1.567604,-1.816543,1.370652,0.561746,1.469128
9424,314.133333,1,711.69487,357.79001,621.548128,357.50929,666.621499,357.64965,2.930659,1.792087,-1.850399,1.501881,0.54013,1.646984
9425,314.166667,1,711.751099,357.748838,621.300097,357.434134,666.525598,357.591486,2.935428,1.768951,-1.848868,1.373464,0.54328,1.571207
9426,314.2,1,711.358185,357.521961,621.41346,357.470398,666.385822,357.496179,2.93211,1.716726,-1.829568,1.459308,0.551271,1.588017
9427,314.233333,1,711.253777,357.485654,621.164341,357.453098,666.209059,357.469376,2.942826,1.704789,-1.822301,1.449181,0.560263,1.576985
9428,314.266667,1,711.047668,357.550392,620.851145,357.485,665.949407,357.517696,2.948328,1.802353,-1.822195,1.351013,0.563067,1.576683
9429,314.3,1,710.445213,357.511988,620.495024,357.565482,665.470119,357.538735,2.938022,1.776796,-1.802686,1.464284,0.567668,1.62054
9430,314.333333,1,710.115814,357.497354,620.18074,357.419393,665.148277,357.458374,2.937433,1.796867,-1.801626,1.424557,0.567903,1.610712
9431,314.366667,1,710.08482,357.595298,620.11651,357.646877,665.100665,357.621087,2.941262,1.732575,-1.782643,1.420739,0.579309,1.576657
9432,314.4,1,709.532948,357.283121,619.700212,357.48199,664.61658,357.382556,2.933229,1.758806,-1.801716,1.550235,0.565756,1.65452
9433,314.433333,1,709.488049,357.246042,619.537678,357.406052,664.512863,357.326047,2.936832,1.807028,-1.807256,1.550781,0.564788,1.678905
9434,314.466667,1,709.467316,357.228597,619.528255,357.372841,664.497786,357.300719,2.933537,1.821763,-1.811779,1.573512,0.560879,1.697638
9435,314.5,1,709.472542,357.237663,619.477768,357.408407,664.475155,357.323035,2.929426,1.796787,-1.813911,1.574588,0.557758,1.685687
9436,314.533333,1,709.572639,357.185746,619.501514,357.368807,664.537077,357.277276,2.937601,1.748828,-1.816285,1.511396,0.560658,1.630112
9437,314.566667,1,709.640293,357.149718,619.531183,357.33227,664.585738,357.240994,2.947218,1.771511,-1.809268,1.509904,0.568975,1.640708
9438,314.6,1,709.596024,357.171632,619.677658,357.36665,664.636841,357.269141,2.939115,1.749443,-1.796997,1.523444,0.571059,1.636443
9439,314.633333,1,709.63728,357.044973,619.671926,357.438533,664.654603,357.241753,2.926031,1.764465,-1.804073,1.616599,0.560979,1.690532
9440,314.666667,1,709.68874,357.026653,619.61484,357.226451,664.65179,357.126552,2.916412,1.824112,-1.813432,1.545101,0.55149,1.684606
9441,314.7,1,709.68111,356.98635,619.692926,357.14547,664.687018,357.06591,2.915682,1.826691,-1.802985,1.477408,0.556349,1.652049
9442,314.733333,1,709.610901,356.967983,619.901438,356.974136,664.756169,356.971059,2.903435,1.879196,-1.795635,1.450883,0.5539,1.665039
9443,314.766667,1,709.580402,356.932824,620.013304,356.903889,664.796853,356.918356,2.889495,1.862924,-1.800413,1.451395,0.544541,1.657159
9444,314.8,1,709.628887,356.979382,620.258904,356.950232,664.943895,356.964807,2.887752,1.876973,-1.790742,1.562097,0.548505,1.719535
9445,314.833333,1,710.00433,356.866069,620.22254,356.867818,665.113435,356.866944,2.888094,1.951728,-1.809855,1.506216,0.539119,1.728972
9446,314.866667,1,713.40313,357.336025,624.419765,357.363153,668.911448,357.349589,2.876853,1.54601,-1.740339,1.714208,0.568257,1.630109
9447,314.9,1,714.521961,357.260478,625.594625,357.601461,670.058293,357.430969,2.854445,1.316313,-1.722091,1.855081,0.566177,1.585697
9448,314.933333,1,714.710255,357.232111,625.570974,357.396798,670.140615,357.314454,2.865912,1.410601,-1.716668,1.872188,0.574622,1.641394
9449,314.966667,1,714.878788,357.282005,625.477161,357.30887,670.177975,357.295437,2.867847,1.403395,-1.725194,1.853064,0.571326,1.628229
9450,315.0,1,714.955959,357.332361,625.416889,357.309492,670.186424,357.320926,2.871579,1.378541,-1.728747,1.796022,0.571416,1.587281
9451,315.033333,1,714.954529,357.318124,625.488014,357.399448,670.221272,357.358786,2.88032,1.294325,-1.735311,1.76414,0.572505,1.529232
9452,315.066667,1,714.908791,357.395318,625.364504,357.363442,670.136647,357.37938,2.885011,1.335791,-1.751113,1.653545,0.566949,1.494668
9453,315.1,1,714.912682,357.256095,625.39691,357.337591,670.154796,357.296843,2.897671,1.340425,-1.744588,1.698366,0.576542,1.519395
9454,315.133333,1,714.951496,357.439708,625.377407,357.288898,670.164452,357.364303,2.888312,1.363258,-1.735902,1.70452,0.576205,1.533889
9455,315.166667,1,714.915943,357.411057,625.384283,357.550752,670.150113,357.480904,2.864906,1.393374,-1.74118,1.866824,0.561863,1.630099
9456,315.2,1,715.015564,357.339994,625.645647,357.254099,670.330606,357.297047,2.870136,1.427603,-1.711927,1.842596,0.579104,1.6351
9457,315.233333,1,715.879192,357.245205,625.980358,357.224697,670.929775,357.234951,2.857651,1.259964,-1.730236,2.009289,0.563707,1.634626
9458,315.266667,1,715.993805,357.253772,626.188726,357.252361,671.091266,357.253067,2.852994,1.279475,-1.725321,1.975449,0.563837,1.627462
9459,315.3,1,716.16106,357.296848,626.38505,357.279806,671.273055,357.288327,2.872424,1.218582,-1.718936,1.942001,0.576744,1.580291
9460,315.333333,1,716.317348,357.273041,626.624079,357.386032,671.470714,357.329536,2.850607,1.146746,-1.728171,1.949022,0.561218,1.547884
9461,315.366667,1,716.875629,357.690908,626.751089,357.540602,671.813359,357.615755,2.897576,1.251829,-1.741241,1.893735,0.578167,1.572782
9462,315.4,1,716.830139,357.595641,626.849375,357.476814,671.839757,357.536227,2.867876,1.214701,-1.742222,1.982144,0.562827,1.598422
9463,315.433333,1,716.865444,357.738522,626.769304,357.435856,671.817374,357.587189,2.884661,1.2475,-1.750985,1.94304,0.566838,1.59527
9464,315.466667,1,716.77536,357.709967,626.802015,357.515985,671.788688,357.612976,2.880304,1.185597,-1.747856,1.927231,0.566224,1.556414
9465,315.5,1,716.749268,357.892841,626.768389,357.66937,671.758828,357.781105,2.88385,1.19731,-1.743685,1.887631,0.570082,1.542471
9556,318.533333,1,712.479324,359.407918,621.947269,359.3177,667.213297,359.362809,2.975347,1.087396,-1.694197,2.021961,0.640575,1.554678
9557,318.566667,1,712.695942,358.904623,621.951656,359.226977,667.323799,359.0658,2.98798,1.095429,-1.706871,2.255695,0.640555,1.675562
9558,318.6,1,713.10442,358.694687,622.239122,358.78431,667.671771,358.739499,3.004796,1.094842,-1.697588,2.235518,0.653604,1.66518
9559,318.633333,1,713.305359,358.654051,622.20746,358.384693,667.75641,358.519372,2.987031,1.096416,-1.699729,2.098349,0.643651,1.597382
9560,318.666667,1,713.344784,358.193066,622.406683,358.052491,667.875733,358.122778,2.958936,1.008648,-1.696121,2.0927,0.631408,1.550674
9561,318.7,1,713.398914,357.638766,622.631388,357.188723,668.015151,357.413744,2.977133,1.095481,-1.686408,1.978433,0.645362,1.536957
9562,318.733333,1,713.652706,357.169046,622.561235,356.606517,668.106971,356.887782,3.01838,1.227382,-1.703754,1.948307,0.657313,1.587844
9563,318.766667,1,713.655586,357.181524,622.485018,356.581235,668.070302,356.881379,3.034411,1.342811,-1.703829,1.920602,0.665291,1.631706
9564,318.8,1,713.949127,357.047961,622.729683,356.504057,668.339405,356.776009,3.016279,1.586848,-1.715336,1.84947,0.650471,1.718159
9565,318.833333,1,713.824139,357.751209,623.259878,357.562532,668.542008,357.65687,2.983144,1.316085,-1.708306,1.82739,0.637419,1.571738
9566,318.866667,1,715.252743,361.542914,624.89172,361.931963,670.072231,361.737438,2.964077,1.392047,-1.780861,3.668482,0.591608,2.530264
9567,318.9,1,713.954926,364.882184,624.030228,364.002317,668.992577,364.44225,2.962501,1.902147,-1.771351,11.731052,0.595575,6.816599
9568,318.933333,1,716.318607,363.811773,623.869896,363.035215,670.094252,363.423494,3.016678,1.815166,-1.839269,4.261376,0.588705,3.038271
9569,318.966667,1,716.399517,362.08611,625.492296,361.880298,670.945907,361.983204,2.993041,1.233653,-1.798994,2.677534,0.597023,1.955593
9570,319.0,1,716.665802,361.345117,625.655041,361.035107,671.160421,361.190112,2.969729,1.395413,-1.760071,2.191788,0.604829,1.793601
9571,319.033333,1,717.002335,360.796595,625.657034,360.557599,671.329684,360.677097,2.959377,1.344525,-1.762335,1.992066,0.598521,1.668295
9572,319.066667,1,717.057533,360.910996,625.937986,360.68671,671.49776,360.798853,2.940911,1.342428,-1.769115,2.060603,0.585898,1.701516
9573,319.1,1,717.234249,361.117419,626.159534,360.630169,671.696892,360.873794,2.960491,1.217763,-1.768303,1.968903,0.596094,1.593333
9574,319.133333,1,717.186584,361.307008,625.995264,360.815156,671.590924,361.061082,2.978099,1.334299,-1.78859,2.070145,0.594754,1.702222
9575,319.166667,1,716.955185,361.510636,625.91279,360.948708,671.433988,361.229672,2.971033,1.211821,-1.788266,1.944473,0.591383,1.578147
9576,319.2,1,715.918159,361.481684,625.431957,361.032865,670.675058,361.257275,2.960883,1.220287,-1.788108,1.984009,0.586388,1.602148
9577,319.233333,1,715.540028,361.453114,624.706345,361.129881,670.123186,361.291497,2.976389,1.328138,-1.789906,2.065465,0.593241,1.696802
9578,319.266667,1,714.92712,361.313601,623.969812,360.98201,669.448466,361.147806,2.961298,1.164631,-1.786681,1.966517,0.587308,1.565574
9579,319.3,1,714.289017,360.759419,623.263893,360.783623,668.776455,360.771521,2.979086,1.149176,-1.751804,1.940619,0.613641,1.544898
9580,319.333333,1,713.223915,360.468807,622.856398,360.450638,668.040156,360.459723,2.954879,1.190667,-1.726454,1.884406,0.614213,1.537537
9581,319.366667,1,712.716084,360.54289,622.049999,360.486091,667.383041,360.514491,2.94131,1.20964,-1.739145,1.827673,0.601082,1.518656
9582,319.4,1,712.373734,360.637287,621.588688,360.514786,666.981211,360.576037,2.937282,1.218062,-1.745801,1.731659,0.595741,1.47486
9583,319.433333,1,711.831932,360.593423,621.175117,360.743165,666.503525,360.668294,2.931025,1.281587,-1.751532,1.915137,0.589747,1.598362
9584,319.466667,1,711.222191,360.543469,620.59392,360.58396,665.908055,360.563715,2.916363,1.324971,-1.72182,1.874084,0.597272,1.599527
9585,319.5,1,712.311172,359.849507,621.405849,360.300273,666.858511,360.07489,2.938213,1.207927,-1.728712,2.00021,0.604751,1.604069
9586,319.533333,1,713.031826,359.203373,622.294035,359.721501,667.66293,359.462437,2.963793,1.227844,-1.693431,1.925516,0.635181,1.57668
9587,319.566667,1,713.284931,358.750868,622.514973,359.402838,667.899952,359.076853,2.982658,1.203346,-1.690081,1.969094,0.646289,1.58622
9588,319.6,1,713.28064,358.969957,622.529192,359.446929,667.904916,359.208443,2.967593,1.196953,-1.706627,1.837848,0.630483,1.5174
9589,319.633333,1,713.363075,359.275455,622.780991,359.497998,668.072033,359.386726,2.947805,1.20836,-1.737093,1.966041,0.605356,1.5872
9590,319.666667,1,713.315525,359.914727,622.641048,359.93332,667.978287,359.924024,2.93652,1.272189,-1.721938,1.917882,0.607291,1.595035
9591,319.7,1,713.003521,360.522033,622.124872,360.523884,667.564197,360.522958,2.980632,1.31503,-1.741814,1.861291,0.619409,1.588161
9592,319.733333,1,712.506752,360.555604,621.596375,360.602279,667.051563,360.578941,2.956395,1.258942,-1.727216,1.930053,0.61459,1.594497
9593,319.766667,1,711.878757,360.486574,621.405783,360.682359,666.64227,360.584467,2.941699,1.289675,-1.740471,1.873883,0.600614,1.581779
9594,319.8,1,711.271534,360.158808,621.120987,360.606968,666.19626,360.382888,2.933903,1.206762,-1.741887,1.807291,0.596008,1.507027
9595,319.833333,1,710.977573,360.104858,620.700617,360.483495,665.839095,360.294177,2.939938,1.198422,-1.753692,1.725748,0.593123,1.462085
9596,319.866667,1,711.242828,359.90491,620.370016,360.385208,665.806422,360.145059,2.98493,1.116385,-1.72081,1.959061,0.63206,1.537723
9597,319.9,1,710.526161,359.695934,619.598351,360.18121,665.062256,359.938572,2.981934,1.183654,-1.764198,1.98302,0.608868,1.583337
9598,319.933333,1,709.563046,358.71549,618.386068,359.847178,663.974557,359.281334,2.975083,1.123017,-1.728031,1.896194,0.623526,1.509606
9599,319.966667,1,708.826313,358.032546,618.672571,359.395173,663.749442,358.713859,2.931841,1.140795,-1.747742,1.855687,0.59205,1.498241
9600,320.0,1,708.67815,357.056721,618.428745,358.510526,663.553448,357.783624,2.948857,1.136898,-1.739732,1.749206,0.604562,1.443052
9601,320.033333,1,708.468857,356.522607,618.472147,358.081319,663.470502,357.301963,2.963915,1.131602,-1.726374,1.795947,0.618771,1.463774
9602,320.066667,1,708.214836,356.084324,618.00211,357.514005,663.108473,356.799164,2.989803,1.282939,-1.715059,1.7368,0.637372,1.50987
9603,320.1,1,708.251648,355.93435,617.842779,357.234707,663.047214,356.584529,2.990718,1.292848,-1.702207,1.73484,0.644255,1.513844
9604,320.133333,1,708.269768,356.258898,617.89772,357.683821,663.083744,356.97136,2.999012,1.105854,-1.71587,1.798795,0.641571,1.452324
9605,320.166667,1,708.259392,357.070025,617.860117,358.10798,663.059754,357.589003,2.968753,1.118219,-1.708365,1.703155,0.630194,1.410687
9606,320.2,1,707.333851,357.011815,616.244183,358.369651,661.789017,357.690733,2.954638,1.229865,-1.779144,1.584309,0.587747,1.407087
9607,320.233333,1,706.634254,357.198561,616.032219,358.237504,661.333237,357.718033,2.946779,1.340868,-1.776031,1.47107,0.585374,1.405969
9608,320.266667,1,706.575623,357.373388,615.841465,358.689392,661.208544,358.03139,2.941097,1.312821,-1.788999,1.45351,0.576049,1.383165
9609,320.3,1,706.491184,358.027965,615.589943,359.26714,661.040564,358.647552,2.962274,1.395718,-1.780733,1.405732,0.59077,1.400725
9610,320.333333,1,706.614647,358.611442,615.578671,359.692206,661.096659,359.151824,2.979416,1.468849,-1.76036,1.369712,0.609528,1.41928
9611,320.366667,1,706.64032,359.231257,615.769215,360.455514,661.204767,359.843386,2.952287,1.506582,-1.749168,1.472127,0.601559,1.489354
9612,320.4,1,706.337948,360.179724,615.772858,361.696782,661.055403,360.938253,2.961675,1.476484,-1.760012,1.435573,0.600831,1.456028
9613,320.433333,1,706.56929,360.476462,615.714865,361.852972,661.142077,361.164717,2.969232,1.449641,-1.759852,1.462824,0.60469,1.456232
9614,320.466667,1,706.59565,360.261719,615.697098,361.830511,661.146374,361.046115,2.936681,1.196022,-1.738486,1.59628,0.599098,1.396151
9615,320.5,1,706.990738,359.773391,615.666599,361.4956,661.328669,360.634495,2.948264,1.073967,-1.719466,1.645329,0.614399,1.359648
9616,320.533333,1,706.6922,359.254137,615.513639,361.086804,661.10292,360.17047,2.928019,1.040878,-1.741594,1.75695,0.593212,1.398914
9617,320.566667,1,706.610756,359.177366,615.328045,360.964721,660.9694,360.071044,2.954248,1.128976,-1.737903,1.771933,0.608173,1.450454
9618,320.6,1,706.907749,359.14179,615.448446,360.725302,661.178098,359.933546,2.995755,1.228944,-1.743609,1.745057,0.626073,1.487001
9619,320.633333,1,707.059917,358.872979,615.471773,360.722539,661.265845,359.797759,2.996746,1.192717,-1.730379,1.796306,0.633184,1.494511
9620,320.666667,1,708.455639,358.519013,617.187872,359.902577,662.821755,359.210795,2.99084,0.932262,-1.68263,1.944787,0.654105,1.438524
9621,320.7,1,708.91777,358.291991,617.158899,359.558439,663.038335,358.925215,3.012252,0.981106,-1.680437,1.973358,0.665907,1.477232
9622,320.733333,1,709.575729,358.054025,617.78636,359.363941,663.681045,358.708983,2.991499,1.098023,-1.689746,1.978638,0.650877,1.538331
9623,320.766667,1,710.006294,357.716137,618.669243,359.127118,664.337769,358.421627,2.995829,1.004521,-1.681521,1.97758,0.657154,1.49105
9624,320.8,1,710.74173,357.524541,619.115267,358.907987,664.928498,358.216264,3.000638,0.969001,-1.668471,1.936413,0.666083,1.452707
9625,320.833333,1,711.58741,357.673929,619.720306,358.40231,665.653858,358.03812,2.966643,1.035566,-1.699896,1.968678,0.633373,1.502122
9626,320.866667,1,712.029457,357.297004,620.334024,358.015219,666.181741,357.656111,2.960391,1.032916,-1.703523,1.890216,0.628434,1.461566
9627,320.9,1,712.339439,356.888455,621.089077,357.803314,666.714258,357.345884,2.959823,0.993779,-1.697054,1.82323,0.631385,1.408504
9628,320.933333,1,712.63979,356.652206,622.090635,357.231424,667.365212,356.941815,2.932079,0.954919,-1.708658,1.719085,0.61171,1.337002
9629,320.966667,1,713.266735,356.098727,622.35384,356.372656,667.810287,356.235691,2.951426,1.171096,-1.707903,1.705418,0.621761,1.438257
9630,321.0,1,713.995457,355.3629,623.131208,355.34096,668.563333,355.35193,2.971514,1.172909,-1.700965,1.688448,0.635274,1.430678
9631,321.033333,1,714.067726,354.689553,623.379278,354.441964,668.723502,354.565759,2.961752,1.292687,-1.721808,1.685716,0.619972,1.489201
9632,321.066667,1,713.91304,354.257787,623.605423,354.02862,668.759232,354.143203,2.93233,1.22496,-1.712363,1.54856,0.609984,1.38676
9633,321.1,1,714.455032,354.815102,623.618612,354.247531,669.036822,354.531316,2.977547,1.35746,-1.713054,1.555918,0.632246,1.456689
9634,321.133333,1,714.571133,356.163518,623.489656,355.504414,669.030395,355.833966,2.992008,1.344975,-1.702379,1.537122,0.644815,1.441048
9635,321.166667,1,714.617424,357.426142,623.384075,356.597269,669.00075,357.011705,2.988544,1.29896,-1.709058,1.446967,0.639743,1.372964
9636,321.2,1,714.426804,358.15354,622.983284,357.703514,668.705044,357.928527,3.007526,1.366387,-1.721779,1.532682,0.642874,1.449535
9637,321.233333,1,714.015636,358.232118,623.15896,358.008353,668.587298,358.120236,2.931436,1.149975,-1.708808,1.558441,0.611314,1.354208
9638,321.266667,1,714.156628,358.212388,623.456335,358.134486,668.806481,358.173437,2.931195,1.133996,-1.702136,1.605541,0.614529,1.369768
9639,321.3,1,714.323044,358.309275,623.683167,358.187975,669.003105,358.248625,2.940861,1.198195,-1.713767,1.554767,0.613547,1.376481
9640,321.333333,1,714.50491,358.426107,623.590899,358.593299,669.047904,358.509703,2.954883,1.248724,-1.732747,1.561247,0.611068,1.404985
9641,321.366667,1,714.920902,358.773978,623.768206,358.975482,669.344554,358.87473,2.948206,1.177552,-1.726955,1.532762,0.610626,1.355157
9642,321.4,1,715.024509,359.331154,624.216547,359.34185,669.620528,359.336502,2.954351,1.226132,-1.73241,1.445325,0.61097,1.335729
9643,321.433333,1,715.46793,359.885314,624.623127,360.175653,670.045528,360.030483,2.974175,1.247579,-1.718905,1.639822,0.627635,1.443701
9644,321.466667,1,715.945816,360.355291,624.850817,360.475979,670.398316,360.415635,2.984976,1.254745,-1.714498,1.606783,0.635239,1.430764
9645,321.5,1,716.047497,360.626097,625.298395,360.702229,670.672946,360.664163,2.974479,1.200525,-1.728225,1.58717,0.623127,1.393847
9646,321.533333,1,715.979843,360.310879,625.163097,360.608062,670.57147,360.45947,2.966595,1.23672,-1.711995,1.541345,0.6273,1.389032
9647,321.566667,1,715.815716,359.922162,625.221329,360.428311,670.518522,360.175237,2.955272,1.314497,-1.718561,1.702977,0.618355,1.508737
9648,321.6,1,715.806828,359.910291,625.21965,360.413393,670.513239,360.161842,2.957536,1.339105,-1.728221,1.64032,0.614658,1.489713
9649,321.633333,1,715.900841,359.96401,625.264635,360.359384,670.582738,360.161697,2.957573,1.348274,-1.723226,1.65245,0.617173,1.500362
9650,321.666667,1,715.795631,359.818613,625.215149,360.271316,670.50539,360.044965,2.955434,1.331649,-1.70924,1.660312,0.623097,1.49598
9651,321.7,1,715.679665,359.554163,625.174084,360.129722,670.426874,359.841943,2.951511,1.299851,-1.721739,1.664649,0.614886,1.48225
9652,321.733333,1,715.512428,359.25868,625.004816,359.786603,670.258622,359.522642,2.949657,1.279207,-1.72454,1.611879,0.612558,1.445543
9653,321.766667,1,715.306225,359.189796,624.865084,359.698536,670.085654,359.444166,2.953933,1.325776,-1.718352,1.587423,0.61779,1.456599
9654,321.8,1,715.29192,359.266126,624.59341,359.72436,669.942665,359.495243,2.979193,1.313257,-1.713979,1.612447,0.632607,1.462852
9655,321.833333,1,714.243164,359.262215,623.859482,359.867472,669.051323,359.564844,2.9519,1.412977,-1.721842,1.503984,0.615029,1.45848
9656,321.866667,1,713.891106,359.327844,623.644428,359.966446,668.767767,359.647145,2.955977,1.405467,-1.73836,1.499259,0.608808,1.452363
9657,321.9,1,713.736439,359.386557,623.383636,359.963581,668.560038,359.675069,2.944035,1.363024,-1.715312,1.606494,0.614362,1.484759
9658,321.933333,1,713.394775,359.386069,622.923107,360.168985,668.158941,359.777527,2.939166,1.386224,-1.732651,1.565097,0.603257,1.475661
9659,321.966667,1,712.983456,359.456166,622.566099,360.362002,667.774777,359.909084,2.928453,1.342854,-1.730634,1.587103,0.59891,1.464978
9660,322.0,1,712.519798,359.722096,622.314539,360.659652,667.417169,360.190874,2.927465,1.314195,-1.7344,1.558727,0.596532,1.436461
9661,322.033333,1,712.434311,359.758531,621.954823,360.827365,667.194567,360.292948,2.931297,1.338847,-1.747398,1.646277,0.591949,1.492562
9662,322.066667,1,712.329292,359.747846,621.911058,361.011375,667.120175,360.37961,2.922088,1.424567,-1.743156,1.650828,0.589466,1.537698
9663,322.1,1,712.842178,360.014511,622.526169,361.317093,667.684174,360.665802,2.92522,1.389715,-1.74949,1.635516,0.587865,1.512616
9664,322.133333,1,713.706951,360.327444,623.222618,361.729059,668.464785,361.028252,2.936912,1.350846,-1.734928,1.70809,0.600992,1.529468
9665,322.166667,1,713.610783,360.443906,623.399458,362.06146,668.50512,361.252683,2.926289,1.232378,-1.72998,1.698231,0.598154,1.465304
9666,322.2,1,713.728867,360.463684,623.437738,361.860616,668.583302,361.16215,2.926489,1.256728,-1.71432,1.656929,0.606084,1.456829
9667,322.233333,1,713.728218,360.455262,623.44429,361.94274,668.586254,361.199001,2.927517,1.281158,-1.720909,1.687643,0.603304,1.4844
9668,322.266667,1,713.962879,360.253587,623.435154,361.873448,668.699017,361.063517,2.931789,1.308946,-1.713046,1.688268,0.609372,1.498607
9669,322.3,1,714.046135,360.156802,623.685064,361.660856,668.8656,360.908829,2.927986,1.228308,-1.713927,1.67079,0.607029,1.449549
9670,322.333333,1,713.78931,360.082859,623.391485,361.292578,668.590398,360.687718,2.933646,1.297117,-1.717807,1.642353,0.60792,1.469735
9671,322.366667,1,713.912945,359.552742,623.1353,361.079439,668.524122,360.31609,2.945859,1.32793,-1.715877,1.805464,0.614991,1.566697
9672,322.4,1,713.269997,358.951406,623.040981,360.826989,668.155489,359.889198,2.918115,1.187896,-1.70816,1.671606,0.604977,1.429751
9673,322.433333,1,713.182793,358.649524,622.733316,360.632814,667.958055,359.641169,2.947535,1.211574,-1.71556,1.725997,0.615988,1.468785
9674,322.466667,1,712.802773,358.162102,622.752943,360.153422,667.777858,359.157762,2.92329,1.165787,-1.730622,1.692028,0.596334,1.428907
9675,322.5,1,712.314091,358.284234,622.537251,359.662278,667.425671,358.973256,2.918255,1.176827,-1.718672,1.642505,0.599792,1.409666
9676,322.533333,1,712.603741,358.164189,622.479248,359.642805,667.541494,358.903497,2.932828,1.224908,-1.727455,1.710662,0.602686,1.467785
9677,322.566667,1,712.991734,358.107122,622.517672,359.579676,667.754703,358.843399,2.930305,1.177762,-1.721046,1.784133,0.604629,1.480947
9678,322.6,1,712.650547,358.332294,622.606688,359.825485,667.628617,359.078889,2.939399,1.17017,-1.749819,1.686876,0.59479,1.428523
9679,322.633333,1,713.196812,358.399569,622.618818,359.964085,667.907815,359.181827,2.931622,1.204716,-1.717274,1.736844,0.607174,1.47078
9680,322.666667,1,713.017006,358.413817,622.680922,360.041939,667.848964,359.227878,2.926823,1.129274,-1.732438,1.697958,0.597192,1.413616
9681,322.7,1,713.147869,358.403732,622.719736,359.922103,667.933803,359.162917,2.932981,1.222155,-1.725613,1.682223,0.603684,1.452189
9682,322.733333,1,713.323917,358.317842,622.993412,359.986364,668.158665,359.152103,2.936856,1.249964,-1.7214,1.746905,0.607728,1.498434
9683,322.766667,1,713.461132,358.663949,623.260517,359.941233,668.360825,359.302591,2.915448,1.245006,-1.70947,1.694126,0.602989,1.469566
9684,322.8,1,713.2897,358.55393,623.427019,359.838676,668.358359,359.196303,2.91939,1.190984,-1.732579,1.646776,0.593406,1.41888
9685,322.833333,1,713.453026,358.378229,623.170691,359.515014,668.311858,358.946621,2.901007,1.313665,-1.728776,1.559377,0.586116,1.436521
9686,322.866667,1,712.882423,358.309484,622.515106,359.003125,667.698765,358.656304,2.91868,1.444899,-1.768653,1.611085,0.575014,1.527992
9687,322.9,1,712.947578,358.282072,622.377453,358.81838,667.662516,358.550226,2.925284,1.528598,-1.752314,1.501081,0.586485,1.51484
9688,322.933333,1,713.003712,358.251114,622.557907,358.893235,667.780809,358.572174,2.919028,1.488664,-1.74588,1.556656,0.586574,1.52266
9689,322.966667,1,712.985401,358.376775,622.554445,359.071317,667.769923,358.724046,2.916146,1.486944,-1.747362,1.545281,0.584392,1.516112
9690,323.0,1,712.942677,358.488328,622.438889,359.452218,667.690783,358.970273,2.924858,1.440083,-1.735908,1.526294,0.594475,1.483188
9691,323.033333,1,712.94096,358.59169,622.337351,359.397898,667.639155,358.994794,2.927729,1.419983,-1.737356,1.614031,0.595186,1.517007
9692,323.066667,1,713.018398,358.549349,622.421007,359.439762,667.719703,358.994555,2.929293,1.442219,-1.726764,1.595046,0.601265,1.518632
9693,323.1,1,712.902145,358.553592,622.188263,359.341775,667.545204,358.947684,2.925221,1.457961,-1.740488,1.546419,0.592366,1.50219
9694,323.133333,1,712.931175,358.340458,622.36021,359.422515,667.645693,358.881487,2.927483,1.418271,-1.73657,1.568496,0.595456,1.493383
9695,323.166667,1,712.802181,358.215687,622.209997,359.361017,667.506089,358.788352,2.922365,1.424634,-1.763018,1.54671,0.579673,1.485672
9696,323.2,1,712.901707,358.551881,622.432261,359.376268,667.666984,358.964075,2.925614,1.45227,-1.744335,1.473731,0.59064,1.463
9697,323.233333,1,713.044376,358.677446,622.480392,359.456627,667.762384,359.067037,2.928413,1.541996,-1.737431,1.423651,0.595491,1.482823
9698,323.266667,1,713.045826,358.659598,622.452517,359.350943,667.749171,359.005271,2.91405,1.458629,-1.742158,1.450584,0.585946,1.454606
9699,323.3,1,713.778419,358.212013,623.642435,359.279881,668.710427,358.745947,2.94247,1.422344,-1.742716,1.544226,0.599877,1.483285
9700,323.333333,1,714.400253,358.137233,623.448954,359.186969,668.924603,358.662101,2.958328,1.493162,-1.752651,1.528867,0.602838,1.511015
9701,323.366667,1,714.728127,358.189525,623.52808,359.19883,669.128103,358.694177,2.946777,1.512108,-1.7564,1.498779,0.595188,1.505444
9702,323.4,1,714.883347,358.270045,623.760262,359.257897,669.321804,358.763971,2.969242,1.516401,-1.770509,1.53811,0.599367,1.527256
9703,323.433333,1,714.863625,358.446191,624.286175,359.405526,669.5749,358.925858,2.962766,1.412633,-1.753477,1.564097,0.604644,1.488365
9704,323.466667,1,714.126148,360.931451,626.152296,361.431988,670.139222,361.18172,2.855329,1.248652,-1.769366,2.840468,0.542981,2.04456
9705,323.5,1,712.868958,363.498335,627.059908,364.329826,669.964433,363.914081,2.795208,1.367056,-1.697186,21.875596,0.549011,11.621326
9706,323.533333,1,714.0592,361.999077,625.916862,363.137181,669.988031,362.568129,2.871473,1.845537,-1.736994,14.015282,0.56724,7.93041
9707,323.566667,1,713.947506,360.667634,624.614172,362.013009,669.280839,361.340321,2.906401,1.950395,-1.818198,3.295286,0.544101,2.62284
9708,323.6,1,714.794731,359.418288,624.107037,360.809507,669.450884,360.113897,2.926586,1.951441,-1.79889,2.112759,0.563848,2.0321
9709,323.633333,1,714.781017,359.373484,624.373245,360.457504,669.577131,359.915494,2.929956,1.662681,-1.791882,2.011378,0.569037,1.837029
9710,323.666667,1,714.787579,359.503357,624.228687,360.402133,669.508133,359.952745,2.946591,1.739398,-1.781646,2.059451,0.582473,1.899424
9711,323.7,1,714.706459,359.472823,623.907413,360.362613,669.306936,359.917718,2.953006,1.743925,-1.77556,2.062646,0.588723,1.903286
9712,323.733333,1,714.538155,359.406459,623.774958,360.362538,669.156556,359.884499,2.950641,1.613364,-1.772951,2.122191,0.588845,1.867778
9713,323.766667,1,714.107494,359.334791,623.492346,360.387107,668.79992,359.860949,2.952966,1.565108,-1.783578,2.030677,0.584694,1.797892
9714,323.8,1,713.406143,359.415182,622.718763,360.762418,668.062453,360.0888,2.958019,1.551165,-1.762645,2.107215,0.597687,1.82919
9715,323.833333,1,712.798595,359.837871,621.611414,361.601515,667.205005,360.719693,2.950587,1.673616,-1.792053,2.039115,0.579267,1.856365
9716,323.866667,1,711.385212,360.54134,620.412941,362.566954,665.899076,361.554147,2.963276,1.612272,-1.787918,2.066475,0.587679,1.839373
9717,323.9,1,709.616203,361.581656,619.102831,364.595826,664.359517,363.088741,2.999077,1.601851,-1.743685,2.226119,0.627696,1.913985
9718,323.933333,1,707.768993,361.858932,617.304668,365.282707,662.536831,363.570819,3.009541,1.737254,-1.748728,2.203093,0.630406,1.970174
9719,323.966667,1,704.623737,361.36717,614.805136,365.658608,659.714437,363.512889,3.02474,1.548848,-1.723141,1.674338,0.6508,1.611593
9720,324.0,1,702.574673,360.008159,613.066063,365.102372,657.820368,362.555265,3.030763,1.646417,-1.717299,1.844927,0.656732,1.745672
9721,324.033333,1,701.001644,358.561966,611.490498,364.811218,656.246071,361.686592,3.026557,1.55182,-1.726195,1.967973,0.650181,1.759897
9722,324.066667,1,699.1745,357.576989,609.506264,364.357576,654.340382,360.967282,3.072269,1.624165,-1.732583,1.951489,0.669843,1.787827
9723,324.1,1,698.459644,357.144306,609.168129,364.091871,653.813887,360.618088,2.981363,1.504839,-1.718533,1.777942,0.631415,1.64139
9724,324.133333,1,698.752441,357.081912,609.38447,364.158808,654.068456,360.62036,2.994345,1.332604,-1.686833,1.722841,0.653756,1.527723
9725,324.166667,1,699.312897,357.223608,610.081816,364.43227,654.697356,360.827939,2.979501,1.327985,-1.670706,1.816163,0.654398,1.572074
9726,324.2,1,701.328011,357.751316,611.45587,364.951755,656.39194,361.351536,2.993922,1.365692,-1.653228,2.098808,0.670347,1.73225
9727,324.233333,1,703.455715,358.361052,612.855463,365.099689,658.155589,361.730371,2.991172,1.458478,-1.667456,2.118153,0.661858,1.788315
9728,324.266667,1,705.223618,358.547283,614.181175,365.08328,659.702396,361.815282,3.028428,1.358789,-1.674703,2.019063,0.676862,1.688926
9729,324.3,1,706.473923,358.769365,615.742807,364.604108,661.108365,361.686737,2.962366,1.200033,-1.671166,1.913614,0.6456,1.556823
9730,324.333333,1,707.92244,358.334407,617.144995,363.881151,662.533717,361.107779,2.985886,1.234329,-1.67163,1.971128,0.657128,1.602729
9731,324.366667,1,708.802662,357.257715,617.984304,362.877511,663.393483,360.067613,2.937026,1.268477,-1.659833,1.898442,0.638597,1.583459
9732,324.4,1,709.949322,356.340571,618.704329,361.893988,664.326825,359.11728,2.950779,1.273579,-1.684167,1.81329,0.633306,1.543435
9733,324.433333,1,710.68779,355.934147,619.578829,361.182683,665.133309,358.558415,2.973626,1.231148,-1.705146,1.895616,0.63424,1.563382
9734,324.466667,1,711.714993,356.290151,620.795012,361.129677,666.255002,358.709914,2.960643,1.208842,-1.704056,1.826972,0.628293,1.517907
9735,324.5,1,712.655888,357.121035,621.328316,361.49987,666.992102,359.310452,2.95096,1.310677,-1.719619,1.789596,0.61567,1.550136
9736,324.533333,1,713.607292,358.096533,622.104521,362.404139,667.855906,360.250336,2.971722,1.26692,-1.704891,1.808408,0.633416,1.537664
9737,324.566667,1,714.786129,358.943108,623.223915,362.733783,669.005022,360.838445,2.973719,1.252312,-1.702036,1.849562,0.635842,1.550937
9738,324.6,1,715.097389,359.141575,623.671875,362.896936,669.384632,361.019256,2.980589,1.250612,-1.692567,1.814144,0.644011,1.532378
9739,324.633333,1,715.362606,359.019674,624.524803,362.476054,669.943705,360.747864,2.963793,1.242242,-1.675725,1.867925,0.644034,1.555083
9740,324.666667,1,715.317993,358.288279,624.136677,361.18486,669.727335,359.73657,2.967741,1.237529,-1.679202,1.883942,0.644269,1.560736
9741,324.7,1,715.251637,357.886816,624.755545,360.473233,670.003591,359.180025,2.972093,1.160216,-1.69503,1.793734,0.638531,1.476975
9742,324.733333,1,715.434914,357.538649,624.27022,359.957889,669.852567,358.748269,2.97141,1.010287,-1.676322,1.825372,0.647544,1.417829
9743,324.766667,1,714.940662,357.333101,623.672609,359.427933,669.306636,358.380517,2.957728,0.934692,-1.673579,1.725982,0.642074,1.330337
9744,324.8,1,714.088249,357.053148,622.788172,358.895751,668.43821,357.974449,2.972023,1.121246,-1.714258,1.665318,0.628882,1.393282
9745,324.833333,1,713.326015,356.495908,622.362823,357.943733,667.844419,357.219821,3.00032,1.157296,-1.678565,1.612005,0.660878,1.38465
9746,324.866667,1,712.810059,355.910887,622.093058,357.250124,667.451558,356.580505,3.044654,1.310811,-1.669469,1.676451,0.687592,1.493631
9747,324.9,1,712.25029,355.792805,621.930866,357.081097,667.090578,356.436951,3.030228,1.26898,-1.663404,1.600332,0.683412,1.434656
9748,324.933333,1,711.996899,355.77095,621.77701,356.965317,666.886954,356.368133,3.049959,1.251877,-1.669949,1.528333,0.690005,1.390105
9749,324.966667,1,711.725273,355.84065,621.475258,357.156966,666.600266,356.498808,3.043301,1.322789,-1.665981,1.627741,0.68866,1.475265
9750,325.0,1,711.701202,355.792907,621.44516,357.218919,666.573181,356.505913,3.026133,1.27686,-1.659777,1.64436,0.683178,1.46061
9751,325.033333,1,712.094593,355.888174,621.536083,357.380474,666.815338,356.634324,3.031855,1.172427,-1.6614,1.789604,0.685227,1.481015
9752,325.066667,1,711.902885,355.854566,621.569614,357.360787,666.73625,356.607676,3.005684,1.173916,-1.661754,1.692226,0.671965,1.433071
9753,325.1,1,711.826859,355.808158,621.611261,357.301065,666.71906,356.554611,3.000832,1.243855,-1.667394,1.706639,0.666719,1.475247
9754,325.133333,1,712.005482,356.030642,621.460695,357.07754,666.733088,356.554091,3.015901,1.241017,-1.673849,1.666395,0.671026,1.453706
9755,325.166667,1,711.298542,356.250009,621.063318,357.233956,666.18093,356.741982,2.998193,1.254654,-1.682282,1.500269,0.657956,1.377461
9756,325.2,1,711.032505,356.242767,621.028442,357.413954,666.030474,356.82836,2.992214,1.29352,-1.706203,1.429764,0.643006,1.361642
9757,325.233333,1,711.101189,356.363263,621.359339,357.381697,666.230264,356.87248,2.981751,1.307993,-1.710416,1.393014,0.635668,1.350503
9758,325.266667,1,711.641827,356.340378,621.658554,357.392539,666.65019,356.866458,2.980843,1.22628,-1.711471,1.37796,0.634686,1.30212
9759,325.3,1,712.117081,356.273205,621.983814,357.330365,667.050447,356.801785,2.970112,1.231259,-1.713517,1.422264,0.628297,1.326762
9760,325.333333,1,712.320442,356.170857,622.059631,357.393644,667.190037,356.78225,2.959145,1.219409,-1.722182,1.276005,0.618481,1.247707
9761,325.366667,1,712.445202,356.259869,622.443666,357.303098,667.444434,356.781483,2.935363,1.164651,-1.711052,1.258484,0.612156,1.211567
9762,325.4,1,712.845097,356.124294,622.55558,357.214134,667.700338,356.669214,2.948736,1.19003,-1.722043,1.253011,0.613346,1.221521
9763,325.433333,1,713.089371,356.093309,622.819824,357.123052,667.954597,356.60818,2.926537,1.173742,-1.728683,1.330576,0.598927,1.252159
9764,325.466667,1,713.213921,356.030787,623.26582,357.222004,668.23987,356.626395,2.89747,1.259863,-1.728521,1.292462,0.584474,1.276163
9765,325.5,1,715.289783,356.196279,625.135908,356.991672,670.212846,356.593975,2.939543,1.120429,-1.700706,1.567654,0.619418,1.344041
9766,325.533333,1,716.329079,356.077822,625.330763,357.09881,670.829921,356.588316,2.97081,1.163897,-1.699233,1.639133,0.635788,1.401515
9767,325.566667,1,716.106434,356.13027,625.581541,357.163312,670.843987,356.646791,2.940046,1.142697,-1.707563,1.608836,0.616241,1.375767
9768,325.6,1,716.290016,356.174317,626.173201,357.161627,671.231608,356.667972,2.939194,1.101011,-1.710685,1.582563,0.614254,1.341787
9769,325.633333,1,716.718311,356.352995,626.230536,357.229487,671.474423,356.791241,2.943527,1.134695,-1.716131,1.58644,0.613698,1.360568
9770,325.666667,1,717.352581,356.392558,626.614304,357.340402,671.983442,356.86648,2.944258,1.149423,-1.729268,1.688444,0.607495,1.418933
9771,325.7,1,717.762241,356.567969,626.948881,357.436715,672.355561,357.002342,2.951877,1.165806,-1.73375,1.623873,0.609063,1.39484
9772,325.733333,1,718.387012,356.760707,627.648869,357.555354,673.017941,357.158031,2.95247,1.159399,-1.725423,1.619816,0.613523,1.389608
9773,325.766667,1,719.429283,356.703828,628.396254,357.607813,673.912768,357.15582,2.93494,1.084917,-1.706434,1.691909,0.614253,1.388413
9774,325.8,1,719.575825,356.898336,628.975849,357.450786,674.275837,357.174561,2.93764,1.076184,-1.719941,1.586322,0.60885,1.331253
9775,325.833333,1,720.711632,357.045279,629.399605,357.436114,675.055618,357.240696,2.955055,1.075922,-1.698384,1.65856,0.628336,1.367241
9776,325.866667,1,720.693512,357.096992,629.64963,357.380555,675.171571,357.238773,2.965012,1.184204,-1.712173,1.576293,0.626419,1.380248
9777,325.9,1,720.750465,357.1825,629.780827,357.444112,675.265646,357.313306,2.951189,1.103845,-1.702914,1.610201,0.624138,1.357023
9778,325.933333,1,720.783157,357.21664,630.083876,357.473166,675.433517,357.344903,2.946766,1.125525,-1.703866,1.607443,0.62145,1.366484
9779,325.966667,1,720.884476,357.241203,630.003834,357.480649,675.444155,357.360926,2.958446,1.081013,-1.701397,1.649662,0.628525,1.365337
9780,326.0,1,721.034889,357.248805,629.969425,357.39395,675.502157,357.321377,2.976776,1.163151,-1.708163,1.675863,0.634307,1.419507
9781,326.033333,1,721.399441,356.351418,630.18486,356.650811,675.79215,356.501115,2.978817,1.066574,-1.676642,1.778854,0.651087,1.422714
9782,326.066667,1,721.450672,354.927793,630.476513,355.240093,675.963593,355.083943,2.952262,1.173002,-1.661259,1.781399,0.645501,1.477201
9783,326.1,1,721.341095,352.800758,630.380678,353.547764,675.860887,353.174261,2.947273,1.205293,-1.672591,1.772806,0.637341,1.48905
9784,326.133333,1,721.152229,350.731755,630.227041,351.869709,675.689635,351.300732,2.953387,1.253046,-1.674018,1.759374,0.639685,1.50621
9785,326.166667,1,720.564194,349.523876,630.341997,350.757639,675.453095,350.140758,2.914848,0.991377,-1.696153,1.479968,0.609348,1.235673
9786,326.2,1,720.522442,349.101723,630.489492,350.203151,675.505967,349.652437,2.967219,1.016343,-1.714519,1.441822,0.62635,1.229083
9787,326.233333,1,721.138649,349.198326,630.617161,350.201885,675.877905,349.700105,2.932688,1.236325,-1.716878,1.481151,0.607905,1.358738
9788,326.266667,1,721.726036,349.310136,631.492233,350.01479,676.609135,349.662463,2.940524,1.227294,-1.714661,1.375432,0.612931,1.301363
9789,326.3,1,722.402649,348.937229,632.006855,350.020182,677.204752,349.478705,2.950165,1.207902,-1.723844,1.446038,0.613161,1.32697
9790,326.333333,1,723.082199,348.704628,632.639933,349.829691,677.861066,349.267159,2.923783,1.243166,-1.711235,1.427185,0.606274,1.335175
9791,326.366667,1,724.012165,348.021222,633.185854,349.293464,678.59901,348.657343,2.940668,1.213836,-1.690606,1.514973,0.625031,1.364404
9792,326.4,1,724.516926,348.038705,633.320017,348.945909,678.918471,348.492307,2.940108,1.286043,-1.697791,1.470673,0.621159,1.378358
9793,326.433333,1,724.894371,349.058653,633.689804,349.450765,679.292088,349.254709,2.984001,1.205867,-1.694378,1.436843,0.644811,1.321355
9794,326.466667,1,723.549366,350.653317,632.363787,350.646182,677.956576,350.64975,2.939134,1.301168,-1.730274,1.214769,0.60443,1.257969
9795,326.5,1,723.627338,352.522302,632.416477,352.294325,678.021908,352.408313,2.940665,1.361861,-1.734995,1.18183,0.602835,1.271846
9796,326.533333,1,723.587418,354.249167,632.342939,353.755909,677.965178,354.002538,2.9407,1.433642,-1.736182,1.184215,0.602259,1.308928
9797,326.566667,1,723.51326,355.621852,632.591667,355.162089,678.052464,355.39197,2.938435,1.290956,-1.740729,1.157767,0.598853,1.224362
9798,326.6,1,723.473263,356.817409,632.44525,356.167408,677.959256,356.492408,2.908854,1.316751,-1.756952,1.265688,0.575951,1.29122
9799,326.633333,1,723.149433,357.714098,632.061596,357.043315,677.605515,357.378707,2.943974,1.432993,-1.759234,1.253324,0.59237,1.343159
9800,326.666667,1,722.486839,358.463813,631.599865,357.866609,677.043352,358.165211,2.932696,1.411091,-1.758064,1.318637,0.587316,1.364864
9801,326.7,1,721.410084,358.899484,630.440264,358.321302,675.925174,358.610393,2.941245,1.524299,-1.749714,1.343322,0.595765,1.433811
9802,326.733333,1,721.408195,359.309658,629.648075,358.808343,675.528135,359.059001,2.980542,1.475245,-1.756555,1.549853,0.611993,1.512549
9803,326.766667,1,721.332111,359.089267,629.924393,358.872389,675.628252,358.980828,2.972374,1.310426,-1.716479,1.809192,0.627948,1.559809
9804,326.8,1,720.400543,358.992428,629.019499,358.612874,674.710021,358.802651,3.001279,1.468408,-1.690284,1.781642,0.655498,1.625025
9805,326.833333,1,719.889412,358.538684,628.082542,358.435001,673.985977,358.486843,3.030845,1.310813,-1.709691,1.784163,0.660577,1.547488
9806,326.866667,1,720.073395,359.952621,627.558088,360.000327,673.815742,359.976474,3.027058,1.335856,-1.776288,2.401528,0.625385,1.868692
9807,326.9,1,715.51424,362.292017,627.635365,362.723483,671.574802,362.50775,2.928293,1.914236,-1.710909,11.088937,0.608692,6.501586
9808,326.933333,1,716.980343,361.101927,626.107426,361.749503,671.543884,361.425715,3.044152,2.178381,-1.79533,6.022595,0.624411,4.100488
9809,326.966667,1,717.914143,360.11946,625.867805,360.440488,671.890974,360.279974,3.076499,1.67032,-1.751823,2.590945,0.662338,2.130633
9810,327.0,1,717.456093,359.078516,626.341152,360.232059,671.898623,359.655288,3.028997,1.484963,-1.69773,2.150335,0.665634,1.817649
9811,327.033333,1,717.528515,358.98318,626.255417,360.436964,671.891966,359.710072,3.013531,1.395319,-1.692844,1.968136,0.660344,1.681728
9812,327.066667,1,717.49157,358.893589,626.562309,360.489503,672.026939,359.691546,2.971204,1.226271,-1.689923,1.990122,0.64064,1.608196
9813,327.1,1,717.612934,358.88007,626.600189,360.463014,672.106562,359.671542,2.988897,1.335282,-1.68367,1.991345,0.652614,1.663313
9814,327.133333,1,717.965088,358.948912,627.351236,360.493805,672.658162,359.721359,2.960085,1.066585,-1.694069,1.988811,0.633008,1.527698
9815,327.166667,1,718.552017,359.030113,627.577314,360.213504,673.064666,359.621809,2.947712,1.195305,-1.690639,1.969251,0.628536,1.582278
9816,327.2,1,719.391403,359.315844,627.931471,360.248555,673.661437,359.782199,2.970498,1.178269,-1.700361,1.877664,0.635069,1.527966
9817,327.233333,1,719.770775,359.389583,628.448553,360.335475,674.109664,359.862529,2.962632,1.246737,-1.68539,1.873904,0.638621,1.56032
9818,327.266667,1,720.000401,359.586017,628.511181,360.560056,674.255791,360.073037,2.958869,1.19413,-1.688901,1.921791,0.634984,1.55796
9819,327.3,1,720.026398,359.76557,628.53157,360.631086,674.278984,360.198328,2.962013,1.219158,-1.691603,1.987781,0.635205,1.603469
9820,327.333333,1,720.157299,359.778568,628.71666,360.654303,674.436979,360.216435,2.96991,1.146427,-1.676273,1.892731,0.646818,1.519579
9821,327.366667,1,720.27422,359.89327,628.902979,360.696849,674.588599,360.295059,2.961882,1.141048,-1.698301,1.850561,0.63179,1.495805
9822,327.4,1,720.432434,359.963876,629.141436,360.707685,674.786935,360.33578,2.976143,1.235705,-1.703984,1.879609,0.636079,1.557657
9823,327.433333,1,720.456944,359.898564,629.194117,360.783446,674.82553,360.341005,2.969724,1.16819,-1.703852,1.84557,0.632936,1.50688
9824,327.466667,1,720.877552,359.840221,629.583416,360.796557,675.230484,360.318389,2.934994,1.156667,-1.699163,1.912679,0.617916,1.534673
9825,327.5,1,720.949974,359.8207,629.745159,360.752038,675.347567,360.286369,2.950718,1.145827,-1.708106,1.864994,0.621306,1.50541
10006,333.533333,1,718.721161,360.438863,627.813587,360.879164,673.267374,360.659013,2.972696,1.115391,-1.685291,1.984581,0.643702,1.549986
10007,333.566667,1,718.307571,360.411606,627.779865,360.819651,673.043718,360.615629,2.954309,1.113039,-1.686065,1.865094,0.634122,1.489066
10008,333.6,1,718.331509,360.429304,627.68466,360.905793,673.008084,360.667548,2.952228,1.109409,-1.677382,1.875511,0.637423,1.49246
10009,333.633333,1,718.206959,360.39981,627.545023,360.83642,672.875991,360.618115,2.958501,1.127357,-1.686174,1.790917,0.636163,1.459137
10010,333.666667,1,718.059292,360.40423,627.510414,360.71762,672.784853,360.560925,2.957661,1.136628,-1.697454,1.751416,0.630103,1.444022
10011,333.7,1,718.087902,360.190072,627.439299,360.67169,672.7636,360.430881,2.95576,1.178359,-1.708236,1.81009,0.623762,1.494225
10012,333.733333,1,719.31118,360.408736,627.83102,360.631971,673.5711,360.520354,2.978181,1.211442,-1.707768,2.016935,0.635207,1.614189
10013,333.766667,1,719.40567,360.243276,628.311501,360.62709,673.858585,360.435183,2.959003,1.151291,-1.704266,1.996971,0.627369,1.574131
10014,333.8,1,719.773254,360.033082,628.614321,360.353231,674.193788,360.193157,2.950546,1.129335,-1.697661,2.017936,0.626442,1.573635
10015,333.833333,1,720.295296,359.836702,628.733568,360.256714,674.514432,360.046708,2.958967,1.1504,-1.706469,2.054737,0.626249,1.602569
10016,333.866667,1,720.199509,359.858149,628.881512,360.124723,674.54051,359.991436,2.962284,1.126505,-1.710049,1.996863,0.626117,1.561684
10017,333.9,1,720.429802,359.884493,629.077826,359.958222,674.753814,359.921358,2.955154,1.135344,-1.713094,2.058772,0.62103,1.597058
10018,333.933333,1,720.595875,360.117095,629.09317,360.43897,674.844522,360.278032,2.981329,1.117204,-1.723352,2.202082,0.628989,1.659643
10019,333.966667,1,720.341663,360.693308,629.071217,360.774316,674.70644,360.733812,2.961563,1.150328,-1.698117,2.100234,0.631723,1.625281
10020,334.0,1,720.036774,360.9544,628.748379,361.208019,674.392576,361.081209,2.980865,1.166362,-1.706195,2.079203,0.637335,1.622783
10021,334.033333,1,720.503521,361.686857,628.491411,361.918214,674.497466,361.802536,2.975922,1.065084,-1.718583,2.267304,0.628669,1.666194
10022,334.066667,1,718.103676,363.36261,628.397236,365.372357,673.250456,364.367484,2.881389,1.139804,-1.788791,5.479946,0.546299,3.309875
10023,334.1,1,718.131046,361.921095,626.894436,364.119208,672.512741,363.020151,2.965146,1.568228,-1.820998,3.949171,0.572074,2.758699
10024,334.133333,1,717.450085,360.456764,626.62961,362.681485,672.039847,361.569124,2.940378,1.282204,-1.788447,2.658471,0.575966,1.970337
10025,334.166667,1,717.782097,359.886521,626.631222,361.686981,672.206659,360.786751,2.948973,1.394091,-1.749919,2.161238,0.599527,1.777665
10026,334.2,1,717.960644,359.562044,626.035376,361.479313,671.99801,360.520678,2.953781,1.216227,-1.770499,2.21525,0.591641,1.715739
10027,334.233333,1,717.789726,359.567982,626.117792,361.389277,671.953759,360.478629,2.957089,1.25065,-1.773662,2.089381,0.591713,1.670016
10028,334.266667,1,717.640038,359.767962,625.79071,361.350541,671.715374,360.559251,2.977069,1.011737,-1.749991,2.020146,0.613539,1.515942
10029,334.3,1,715.933781,360.100738,623.839626,361.459696,669.886703,360.780217,3.006528,1.34958,-1.796184,1.93753,0.605172,1.643555
10030,334.333333,1,712.979546,359.812176,621.117439,361.077352,667.048492,360.444764,3.018555,1.536683,-1.871234,1.589323,0.573661,1.563003
10031,334.366667,1,710.135136,358.900262,619.812279,360.784804,664.973707,359.842533,2.999796,1.40113,-1.828738,1.453742,0.585529,1.427436
10032,334.4,1,708.500233,358.614087,617.828722,360.80352,663.164477,359.708803,3.069546,1.497388,-1.831736,1.54629,0.618905,1.521839
10033,334.433333,1,705.638428,358.313046,615.535011,360.295773,660.58672,359.304409,3.091563,1.700727,-1.813095,1.591937,0.639234,1.646332
10034,334.466667,1,703.57296,358.42086,614.407272,360.359319,658.990116,359.39009,3.076852,1.683827,-1.806438,1.678623,0.635207,1.681225
10035,334.5,1,702.395573,358.437125,613.576078,360.511487,657.985826,359.474306,3.057954,1.803098,-1.77074,1.6198,0.643607,1.711449
10036,334.533333,1,700.715809,358.763142,612.729673,360.641413,656.722741,359.702277,3.037219,1.58216,-1.758975,1.805441,0.639122,1.693801
10037,334.566667,1,700.445118,358.737677,611.958218,360.482411,656.201668,359.610044,3.060222,1.643578,-1.739306,1.764421,0.660458,1.703999
10038,334.6,1,700.509243,358.943671,612.130003,360.383953,656.319623,359.663812,3.031309,1.756253,-1.748495,1.887553,0.641407,1.821903
10039,334.633333,1,700.371304,358.84731,612.080669,360.433794,656.225986,359.640552,2.995236,1.812417,-1.751016,1.984179,0.62211,1.898298
10040,334.666667,1,700.965042,358.742495,612.490187,360.345608,656.727614,359.544051,3.020349,1.663804,-1.726376,1.857707,0.646987,1.760756
10041,334.7,1,701.586704,358.623447,612.773905,360.397375,657.180305,359.510411,3.056681,1.814905,-1.747538,1.849509,0.654571,1.832207
10042,334.733333,1,702.019043,358.665955,613.613005,360.35197,657.816024,359.508963,3.050288,1.685103,-1.739956,1.788787,0.655166,1.736945
10043,334.766667,1,702.939911,358.55849,614.279537,360.171635,658.609724,359.365062,3.023782,1.5548,-1.754143,1.77404,0.63482,1.66442
10044,334.8,1,704.335041,359.026439,614.929323,359.778412,659.632182,359.402425,3.018528,1.559993,-1.762832,1.617043,0.627848,1.588518
10045,334.833333,1,705.24416,359.673559,615.609598,359.691793,660.426879,359.682676,3.017402,1.904172,-1.776411,1.580899,0.620495,1.742535
10046,334.866667,1,706.227951,359.937134,616.748209,359.818291,661.48808,359.877713,2.98693,1.969406,-1.789777,1.572883,0.598577,1.771144
10047,334.9,1,707.262688,360.370799,617.333908,360.257535,662.298298,360.314167,2.994605,1.989953,-1.793257,1.455496,0.600674,1.722725
10048,334.933333,1,709.294529,360.716515,618.554974,361.021262,663.924751,360.868888,2.943741,1.753412,-1.807474,1.6584,0.568134,1.705906
10049,334.966667,1,713.828583,361.149809,623.252172,362.13903,668.540378,361.644419,2.992551,1.636075,-1.731921,2.117679,0.630315,1.876877
10050,335.0,1,716.641502,361.569736,626.410551,363.437063,671.526027,362.5034,2.943943,1.291221,-1.745153,2.101767,0.599395,1.696494
10051,335.033333,1,719.781876,361.347306,628.712988,364.393179,674.247432,362.870243,2.950345,1.528413,-1.78613,1.777857,0.582107,1.653135
10052,335.066667,1,723.313198,361.33015,632.427435,363.991926,677.870317,362.661038,2.968366,1.535762,-1.807626,2.037901,0.58037,1.786831
10053,335.1,1,726.841049,361.260397,635.074453,363.972126,680.957751,362.616262,2.909195,1.642933,-1.79159,1.969417,0.558802,1.806175
10054,335.133333,1,728.611584,360.895874,637.797947,363.420197,683.204765,362.158036,2.806769,1.429771,-1.80708,1.684372,0.499844,1.557072
10055,335.166667,1,732.482777,360.279159,640.545216,362.232918,686.513996,361.256038,2.892024,1.368031,-1.752541,1.896098,0.569742,1.632065
10056,335.2,1,733.789425,359.420192,641.614695,360.912611,687.70206,360.166402,2.871904,1.374268,-1.790934,1.960496,0.540485,1.667382
10057,335.233333,1,734.487553,359.263058,642.877531,360.614655,688.682542,359.938856,2.82763,1.496116,-1.799982,1.805344,0.513824,1.65073
10058,335.266667,1,734.576569,359.384648,643.76996,360.575527,689.173265,359.980087,2.852499,1.445839,-1.771818,1.894695,0.540341,1.670267
10059,335.3,1,735.447617,359.640729,644.120502,360.582131,689.78406,360.11143,2.867025,1.336429,-1.737676,1.728453,0.564675,1.532441
10060,335.333333,1,735.342026,359.582208,644.047251,360.647517,689.694638,360.114863,2.850474,1.30914,-1.766879,1.445978,0.541797,1.377559
10061,335.366667,1,735.210228,359.538059,643.916206,360.58359,689.563217,360.060824,2.85243,1.256834,-1.771792,1.637339,0.540319,1.447086
10062,335.4,1,733.582726,359.552216,642.322226,360.217404,687.952476,359.88481,2.880617,1.415352,-1.769151,1.529374,0.555733,1.472363
10063,335.433333,1,733.505726,359.566013,642.309036,360.247461,687.907381,359.906737,2.881219,1.383578,-1.782688,1.463776,0.549265,1.423677
10064,335.466667,1,732.843838,359.555821,640.83334,360.523304,686.838589,360.039563,2.90085,1.566147,-1.777085,1.581194,0.561883,1.57367
10065,335.5,1,732.353306,359.694378,639.628487,360.80904,685.990896,360.251709,2.926806,1.517498,-1.807007,1.741028,0.559899,1.629263
10066,335.533333,1,731.280727,360.119879,639.015913,361.201292,685.14832,360.660585,2.921311,1.297493,-1.816452,1.619978,0.55243,1.458735
10067,335.566667,1,730.665112,360.219662,638.260021,361.281849,684.462566,360.750756,2.950043,1.279387,-1.815489,1.678897,0.567277,1.479142
10068,335.6,1,729.594345,360.657098,637.458467,361.854109,683.526406,361.255604,2.975888,1.251447,-1.823702,1.71508,0.576093,1.483263
10069,335.633333,1,729.25127,361.232958,636.571789,362.199293,682.91153,361.716126,2.98102,1.295932,-1.812748,1.67016,0.584136,1.483046
10070,335.666667,1,728.24564,361.43981,636.246176,362.942179,682.245908,362.190995,2.95605,1.267625,-1.793333,1.721934,0.581359,1.494779
10071,335.7,1,727.545261,361.99228,635.451164,363.254292,681.498213,362.623286,2.924433,1.280802,-1.79949,1.647499,0.562471,1.46415
10072,335.733333,1,726.738338,362.500355,635.102816,363.37659,680.920577,362.938473,2.903587,1.419208,-1.784467,1.601722,0.55956,1.510465
10073,335.766667,1,726.355286,362.656921,634.725657,363.504392,680.540471,363.080657,2.893164,1.347995,-1.78748,1.673972,0.552842,1.510983
10074,335.8,1,725.897942,362.703597,634.30809,363.500036,680.103016,363.101816,2.91343,1.428657,-1.784903,1.749188,0.564263,1.588922
10075,335.833333,1,725.538654,362.68039,634.073133,363.494714,679.805894,363.087552,2.897197,1.309831,-1.80184,1.638588,0.547679,1.474209
10076,335.866667,1,725.230236,362.584319,633.906431,363.340348,679.568334,362.962334,2.89623,1.333011,-1.783362,1.663403,0.556434,1.498207
10077,335.9,1,724.785118,362.66713,633.720207,363.357782,679.252663,363.012456,2.905991,1.336846,-1.789547,1.63533,0.558222,1.486088
10078,335.933333,1,724.962444,362.179145,633.727245,363.103852,679.344845,362.641498,2.904148,1.294032,-1.758688,1.783066,0.57273,1.538549
10079,335.966667,1,724.578476,361.46425,633.338156,362.290778,678.958316,361.877514,2.896876,1.211727,-1.761082,1.769714,0.567897,1.49072
10080,336.0,1,724.771652,360.368423,633.446493,361.386241,679.109073,360.877332,2.914684,1.361784,-1.747953,1.91684,0.583365,1.639312
10081,336.033333,1,724.984379,360.402685,634.029369,361.593736,679.506874,360.998211,2.920539,1.123698,-1.743123,2.171415,0.588708,1.647556
10082,336.066667,1,725.301285,360.149732,633.805094,361.564361,679.553189,360.857046,2.937249,1.003907,-1.724923,2.437241,0.606163,1.720574
10083,336.1,1,724.793797,359.727058,633.500242,361.039554,679.147019,360.383306,2.942564,0.941487,-1.723397,2.480404,0.609583,1.710945
10084,336.133333,1,724.236526,359.64914,633.492022,360.824645,678.864274,360.236893,2.892945,1.189602,-1.731268,2.417811,0.580839,1.803706
10085,336.166667,1,724.188194,359.132499,633.197823,360.545985,678.693008,359.839242,2.887991,0.979457,-1.717537,2.46078,0.585227,1.720118
10086,336.2,1,723.624096,358.767278,632.969561,360.26556,678.296828,359.516419,2.887219,1.038482,-1.718631,2.357306,0.584294,1.697894
10087,336.233333,1,723.424778,358.716198,632.724762,360.076293,678.07477,359.396245,2.886402,1.095303,-1.730649,2.204477,0.577877,1.64989
10088,336.266667,1,723.368435,358.727254,632.759953,360.186751,678.064194,359.457003,2.904274,1.081448,-1.739732,2.103727,0.582271,1.592587
10089,336.3,1,723.47332,358.651198,632.875271,360.083594,678.174295,359.367396,2.940619,1.197042,-1.746125,2.071674,0.597247,1.634358
10090,336.333333,1,723.725662,359.060701,633.191223,360.055114,678.458443,359.557908,2.958283,1.31615,-1.747776,1.814253,0.605253,1.565202
10091,336.366667,1,723.959789,359.51098,633.7216,360.289362,678.840694,359.900171,2.942841,1.518067,-1.734057,1.723239,0.604392,1.620653
10092,336.4,1,724.024258,359.621884,633.956194,360.521148,678.990226,360.071516,2.898137,1.54286,-1.729642,1.705234,0.584248,1.624047
10093,336.433333,1,724.256573,359.650884,634.21279,360.633087,679.234681,360.141985,2.895614,1.497155,-1.732567,1.724588,0.581524,1.610871
10094,336.466667,1,724.199371,359.747014,633.55423,360.714063,678.876801,360.230539,2.911764,1.568543,-1.768626,1.695999,0.571569,1.632271
10095,336.5,1,722.98584,360.019435,632.787685,360.964597,677.886763,360.492016,2.869781,1.706542,-1.778742,1.527501,0.54552,1.617021
10276,342.533333,1,717.39027,358.29956,625.905905,358.459591,671.648088,358.379576,2.953079,1.071371,-1.701087,2.381886,0.625996,1.726628
10277,342.566667,1,717.568741,358.538405,626.236439,358.829114,671.90259,358.68376,2.968491,1.093233,-1.676335,2.40468,0.646078,1.748956
10278,342.6,1,717.495594,358.557444,625.848942,358.882436,671.672268,358.71994,2.968691,1.225681,-1.686495,2.31245,0.641098,1.769065
10279,342.633333,1,717.40099,358.424165,625.881872,359.201013,671.641431,358.812589,2.992536,1.245241,-1.670884,2.154301,0.660826,1.699771
10280,342.666667,1,717.101307,358.821829,626.148806,360.024703,671.625056,359.423266,2.921014,0.999689,-1.664586,1.823985,0.628214,1.411837
10281,342.7,1,715.786018,361.879756,628.042336,364.931284,671.914177,363.40552,2.923847,0.975499,-1.673526,2.836032,0.625161,1.905766
10282,342.733333,1,715.341148,362.992299,629.132462,367.085077,672.236805,365.038688,2.826574,0.989247,-1.64568,4.395463,0.590447,2.692355
10283,342.766667,1,716.614113,362.173415,629.783735,366.319054,673.198924,364.246235,2.832247,0.794558,-1.651572,3.509756,0.590337,2.152157
10284,342.8,1,718.979549,361.53005,628.623133,365.606182,673.801341,363.568116,2.853869,0.760144,-1.707656,2.248656,0.573107,1.5044
10285,342.833333,1,719.506207,360.250459,628.297958,364.750713,673.902082,362.500586,2.829493,0.753518,-1.694887,1.732808,0.567303,1.243163
10286,342.866667,1,718.188839,360.181897,627.875147,364.349781,673.031993,362.265839,2.813214,1.034003,-1.64981,1.425701,0.581702,1.229852
10287,342.9,1,718.344879,359.058051,627.435179,363.765092,672.890029,361.411572,2.838356,1.055715,-1.664693,1.535791,0.586831,1.295753
10288,342.933333,1,717.823296,356.728939,626.990118,361.359574,672.406707,359.044257,2.872239,1.046744,-1.675723,1.435096,0.598258,1.24092
10289,342.966667,1,717.630291,354.029569,627.137451,358.790447,672.383871,356.410008,2.861866,1.185383,-1.699896,1.38204,0.580985,1.283711
10290,343.0,1,717.646294,351.855462,627.180004,357.27178,672.413149,354.563621,2.879921,1.16563,-1.694181,1.418522,0.59287,1.292076
10291,343.033333,1,717.704906,351.002138,627.125463,356.587667,672.415185,353.794903,2.919676,1.294628,-1.718295,1.215223,0.600691,1.254926
10292,343.066667,1,717.734947,351.699749,627.398014,357.13502,672.566481,354.417384,2.92442,1.448238,-1.701218,1.344016,0.611601,1.396127
10293,343.1,1,717.791061,351.469824,627.442369,357.322072,672.616715,354.395948,2.944876,1.504524,-1.689636,1.611353,0.62762,1.557939
10294,343.133333,1,717.820797,352.287437,627.479057,357.677137,672.649927,354.982287,2.950026,1.662227,-1.68259,1.664416,0.633718,1.663322
10295,343.166667,1,718.017979,352.527376,627.425251,358.042814,672.721615,355.285095,2.952081,1.588289,-1.680172,1.591792,0.635955,1.590041
10296,343.2,1,718.367233,352.821926,627.949781,358.601308,673.158507,355.711617,2.952084,1.371223,-1.679556,1.641946,0.636264,1.506584
10297,343.233333,1,718.342361,353.357295,628.455143,358.481011,673.398752,355.919153,2.952326,1.348623,-1.676983,1.625565,0.637672,1.487094
10298,343.266667,1,719.351959,354.377452,628.327646,359.005496,673.839803,356.691474,2.963158,1.474974,-1.680522,1.596658,0.641318,1.535816
10299,343.3,1,719.337425,355.136098,628.711967,359.759712,674.024696,357.447905,2.950283,1.441072,-1.687588,1.615265,0.631347,1.528169
10300,343.333333,1,719.103241,355.963098,627.928762,360.311083,673.516002,358.137091,2.96196,1.623363,-1.716491,1.499202,0.622734,1.561283
10301,343.366667,1,718.855782,356.751566,628.488102,360.765669,673.671942,358.758617,2.93764,1.579908,-1.71779,1.250578,0.609925,1.415243
10302,343.4,1,718.943882,357.185236,628.419104,360.911329,673.681493,359.048283,2.917867,1.678727,-1.762044,1.250947,0.577912,1.464837
10303,343.433333,1,719.253559,357.312217,628.400421,360.877807,673.82699,359.095012,2.927469,1.632324,-1.771094,1.273096,0.578187,1.45271
10304,343.466667,1,719.328289,357.020178,628.308477,360.378336,673.818383,358.699257,2.919006,1.541821,-1.775378,1.380294,0.571814,1.461057
10305,343.5,1,719.353008,356.694494,628.224974,359.978296,673.788991,358.336395,2.933395,1.522833,-1.794003,1.328621,0.569696,1.425727
10306,343.533333,1,719.380436,356.852433,627.954617,359.930064,673.667526,358.391249,2.92531,1.429151,-1.796378,1.406212,0.564466,1.417681
10307,343.566667,1,718.987312,357.407425,628.109446,360.170503,673.548379,358.788964,2.94402,1.451478,-1.782505,1.37652,0.580758,1.413999
10308,343.6,1,719.050598,357.6105,628.069925,360.229275,673.560262,358.919888,2.938341,1.269069,-1.779108,1.65058,0.579616,1.459825
10309,343.633333,1,718.683376,357.838499,628.01487,360.307344,673.349123,359.072921,2.891078,1.442815,-1.763834,1.586167,0.563622,1.514491
10310,343.666667,1,718.49329,357.594633,627.482748,359.527583,672.988019,358.561108,2.964529,1.49182,-1.755349,1.596022,0.60459,1.543921
10311,343.7,1,718.156643,357.419205,627.089691,358.861381,672.623167,358.140293,2.989767,1.483175,-1.730675,1.484322,0.629546,1.483749
10312,343.733333,1,718.333778,357.191974,626.820726,358.562325,672.577252,357.87715,2.970232,1.351748,-1.749176,1.502176,0.610528,1.426962
10313,343.766667,1,718.285789,357.253793,626.746016,358.686313,672.515903,357.970053,2.976301,1.239749,-1.750208,1.482053,0.613046,1.360901
10314,343.8,1,718.125057,356.998045,626.797476,358.280001,672.461267,357.639023,2.996796,1.234198,-1.73526,1.572389,0.630768,1.403294
10315,343.833333,1,718.202438,356.926097,626.676741,358.198189,672.43959,357.562143,2.992273,1.215963,-1.72148,1.574034,0.635397,1.394998
10316,343.866667,1,717.955914,356.858227,626.635132,357.948706,672.295523,357.403466,2.952817,1.22341,-1.718583,1.738852,0.617117,1.481131
10317,343.9,1,717.970886,356.718071,626.572208,357.78928,672.271547,357.253675,2.905273,1.160117,-1.731411,1.764541,0.586931,1.462329
10318,343.933333,1,718.241825,356.571954,626.745157,357.609787,672.493491,357.090871,2.944659,1.295285,-1.728578,1.630335,0.608041,1.46281
10319,343.966667,1,718.554306,356.219485,626.798582,357.368056,672.676444,356.79377,2.953689,1.28212,-1.74193,1.580816,0.60588,1.431468
10320,344.0,1,718.880959,356.041515,627.066917,356.772804,672.973938,356.40716,2.972027,1.325614,-1.72839,1.572432,0.621819,1.449023
10321,344.033333,1,719.212952,355.995344,627.338285,356.620073,673.275619,356.307709,2.96716,1.355625,-1.728876,1.577854,0.619142,1.46674
10322,344.066667,1,719.084225,356.181779,627.172794,356.711622,673.12851,356.446701,2.982479,1.430042,-1.731673,1.481773,0.625403,1.455907
10323,344.1,1,719.864693,356.32355,628.225212,356.969882,674.044952,356.646716,2.995959,1.27755,-1.697599,1.909778,0.64918,1.593664
10324,344.133333,1,719.469662,356.573709,628.056879,357.25735,673.76327,356.915529,2.987484,1.363846,-1.683817,1.871608,0.651833,1.617727
10325,344.166667,1,719.242344,356.743299,627.748995,357.484791,673.495669,357.114045,2.977124,1.358727,-1.695066,1.740384,0.641029,1.549556
10326,344.2,1,718.861237,356.910117,627.680588,357.81172,673.270912,357.360918,2.965222,1.281345,-1.687719,1.721836,0.638751,1.501591
10327,344.233333,1,718.722191,357.294209,627.533646,358.113168,673.127918,357.703688,2.990699,1.365164,-1.674996,1.76019,0.657851,1.562677
10328,344.266667,1,718.74052,357.712162,627.553425,358.641601,673.146973,358.176881,2.990908,1.242709,-1.664077,1.757984,0.663415,1.500347
10329,344.3,1,719.133663,358.401913,628.189573,359.429113,673.661618,358.915513,2.951441,1.187118,-1.680566,1.76871,0.635438,1.477914
10330,344.333333,1,719.684258,359.356077,628.864479,359.877686,674.274368,359.616881,2.924063,1.113078,-1.643672,1.835795,0.640195,1.474437
10331,344.366667,1,720.405674,359.192365,628.962727,360.033522,674.6842,359.612944,2.972035,1.269869,-1.68202,1.968246,0.645008,1.619057
10332,344.4,1,720.51012,359.756075,629.029999,360.067452,674.77006,359.911763,2.938669,1.374481,-1.68809,1.799913,0.625289,1.587197
10333,344.433333,1,720.594635,359.839277,629.382324,360.107471,674.98848,359.973374,2.954121,1.373345,-1.672958,1.837924,0.640582,1.605634
10334,344.466667,1,720.608044,359.839818,629.259539,360.122674,674.933791,359.981246,2.952385,1.38553,-1.683578,1.955211,0.634403,1.670371
10335,344.5,1,720.210724,359.710751,628.353281,360.167681,674.282002,359.939216,2.929242,1.442979,-1.705267,1.949041,0.611987,1.69601
10336,344.533333,1,719.367428,359.567349,627.978592,359.962637,673.67301,359.764993,2.93655,1.435099,-1.722821,1.741687,0.606864,1.588393
10337,344.566667,1,719.116173,359.310849,627.882071,359.677894,673.499122,359.494371,2.926123,1.305923,-1.70804,1.70906,0.609041,1.507491
10338,344.6,1,719.19672,358.945034,628.100834,359.261937,673.648777,359.103485,2.905986,1.299643,-1.707206,1.718475,0.59939,1.509059
10339,344.633333,1,719.44109,358.888047,628.172951,359.090731,673.80702,358.989389,2.89893,1.303953,-1.717826,1.69824,0.590552,1.501096
10340,344.666667,1,719.620399,358.823733,628.407583,358.874052,674.013991,358.848892,2.893235,1.420093,-1.715575,1.727705,0.58883,1.573899
10341,344.7,1,719.174538,358.639718,628.371849,358.582522,673.773193,358.61112,2.88453,1.377202,-1.723457,1.730803,0.580536,1.554002
10342,344.733333,1,718.71109,358.335255,628.078709,358.311051,673.394899,358.323153,2.890005,1.347599,-1.715548,1.649465,0.587229,1.498532
10343,344.766667,1,718.233681,358.039134,627.58812,358.271493,672.9109,358.155313,2.913113,1.458636,-1.716599,1.578211,0.598257,1.518424
10344,344.8,1,717.622108,357.846857,626.962261,358.216878,672.292185,358.031867,2.95858,1.554784,-1.702722,1.625695,0.627929,1.59024
10345,344.833333,1,717.08931,357.688971,626.335096,358.351015,671.712203,358.019993,2.918269,1.37602,-1.68316,1.661039,0.617554,1.518529
10346,344.866667,1,716.775589,357.539433,626.054487,358.218525,671.415038,357.878979,2.917616,1.352538,-1.700105,1.685759,0.608755,1.519148
10347,344.9,1,716.5975,357.523538,625.794182,358.16457,671.195841,357.844054,2.92281,1.257655,-1.693922,1.767851,0.614444,1.512753
10348,344.933333,1,716.635647,357.555724,625.791721,358.108002,671.213684,357.831863,2.926088,1.259513,-1.696194,1.730716,0.614947,1.495115
10349,344.966667,1,716.698723,357.533537,626.069708,358.18518,671.384215,357.859358,2.943432,1.182225,-1.682091,1.822246,0.63067,1.502236
10350,345.0,1,717.861652,357.522631,627.155972,358.597441,672.508812,358.060036,2.933503,1.071669,-1.666002,2.147768,0.63375,1.609718
10351,345.033333,1,717.820091,357.621664,627.081261,358.46944,672.450676,358.045552,2.924033,1.092752,-1.663018,2.126918,0.630507,1.609835
10352,345.066667,1,717.65625,357.413256,627.110786,358.489455,672.383518,357.951356,2.938621,1.120916,-1.651507,2.205302,0.643557,1.663109
10353,345.1,1,717.698841,357.384202,627.086201,358.516379,672.392521,357.950291,2.93146,1.034249,-1.654388,2.20181,0.638536,1.618029
10354,345.133333,1,717.701054,357.369981,626.784267,358.549563,672.242661,357.959772,2.942033,1.111703,-1.660453,2.211528,0.64079,1.661615
10355,345.166667,1,717.684574,357.473949,626.801634,358.595606,672.243104,358.034778,2.921049,1.021057,-1.659214,2.115293,0.630917,1.568175
10356,345.2,1,717.75177,357.539835,627.100391,358.589893,672.426081,358.064864,2.895491,0.957495,-1.657468,2.196683,0.619012,1.577089
10357,345.233333,1,717.759686,357.499768,626.621895,358.562518,672.19079,358.031143,2.920066,1.010024,-1.666246,2.259595,0.62691,1.634809
10358,345.266667,1,716.859989,357.347655,626.438255,358.504121,671.649122,357.925888,2.90655,1.054843,-1.677984,2.216094,0.614283,1.635468
10359,345.3,1,716.643028,357.299568,626.30188,358.518192,671.472454,357.90888,2.910258,1.000058,-1.680379,2.109584,0.614939,1.554821
10360,345.333333,1,716.542358,357.360004,626.333218,358.33599,671.437788,357.847997,2.935783,1.110182,-1.678507,2.101129,0.628638,1.605655
10361,345.366667,1,716.468163,357.311853,626.130781,358.266054,671.299472,357.788953,2.964019,1.206589,-1.688954,1.859013,0.637532,1.532801
10362,345.4,1,716.607704,357.110252,626.30228,358.400593,671.454992,357.755423,2.985812,1.307451,-1.682492,1.990599,0.65166,1.649025
10363,345.433333,1,716.456623,357.355519,626.260815,358.564857,671.358719,357.960188,2.974037,1.211684,-1.671101,2.106425,0.651468,1.659055
10364,345.466667,1,716.435452,357.237791,625.888453,358.437876,671.161952,357.837834,3.015997,1.490054,-1.671732,2.289657,0.672133,1.889856
10365,345.5,1,716.27615,357.417462,625.641766,358.49151,670.958958,357.954486,3.043176,1.534311,-1.676675,2.213215,0.68325,1.873763
11626,387.533333,1,745.866871,362.817441,655.965977,363.387061,700.916424,363.102251,2.711414,1.611261,-1.813195,1.797232,0.449109,1.704246
11627,387.566667,1,745.154495,362.886717,655.140171,363.461616,700.147333,363.174166,2.718397,1.578167,-1.801932,1.832108,0.458232,1.705138
11628,387.6,1,744.705563,362.770615,654.341965,363.286017,699.523764,363.028316,2.749612,1.676912,-1.804378,1.978797,0.472617,1.827854
11629,387.633333,1,744.116764,362.652404,653.274899,363.199596,698.695831,362.926,2.771624,1.734315,-1.785712,1.964347,0.492956,1.849331
11630,387.666667,1,743.396645,362.633264,652.437248,363.145019,697.916946,362.889141,2.752885,1.786298,-1.792417,1.921966,0.480234,1.854132
11631,387.7,1,742.924881,362.518095,651.685066,362.902563,697.304974,362.710329,2.757575,1.775221,-1.807928,1.939809,0.474824,1.857515
11632,387.733333,1,742.399635,362.398614,651.330547,362.763963,696.865091,362.581288,2.774624,1.714547,-1.829283,1.926337,0.47267,1.820442
11633,387.766667,1,741.461048,362.334466,650.12394,362.606485,695.792494,362.470475,2.772941,1.873966,-1.799737,1.932197,0.486602,1.903081
11634,387.8,1,740.627632,362.039788,649.030495,362.837037,694.829063,362.438412,2.810561,1.831311,-1.85856,2.013451,0.476001,1.922381
11635,387.833333,1,740.005569,362.159039,648.122301,363.428813,694.063935,362.793926,2.833916,1.751349,-1.866887,2.001446,0.483514,1.876397
11636,387.866667,1,739.171524,361.986943,647.524099,363.553616,693.347812,362.770279,2.827519,1.681135,-1.857104,1.986482,0.485207,1.833809
11637,387.9,1,738.391438,361.993493,647.081356,364.185984,692.736397,363.089738,2.829176,1.692418,-1.855615,1.999074,0.486781,1.845746
11638,387.933333,1,738.27692,362.53987,646.941757,364.765137,692.609339,363.652503,2.807706,1.700791,-1.8461,2.043107,0.480803,1.871949
11639,387.966667,1,738.25655,362.515504,646.876478,364.725677,692.566514,363.620591,2.815999,1.724738,-1.857289,2.036591,0.479355,1.880664
11640,388.0,1,738.384285,362.512854,646.981211,364.688539,692.682748,363.600697,2.829035,1.762055,-1.864713,2.035504,0.482161,1.898779
11641,388.033333,1,738.462849,362.346289,647.108192,364.385422,692.785521,363.365856,2.82404,1.729152,-1.855142,2.000524,0.484449,1.864838
11642,388.066667,1,738.665428,362.135532,647.37813,364.209695,693.021779,363.172613,2.851138,1.676855,-1.854527,1.972507,0.498306,1.824681
11643,388.1,1,738.727188,361.992109,647.534237,363.879016,693.130713,362.935562,2.846672,1.679635,-1.852203,1.874053,0.497234,1.776844
11644,388.133333,1,738.923836,361.848836,647.721443,363.696626,693.322639,362.772731,2.856545,1.705745,-1.869973,1.873163,0.493286,1.789454
11645,388.166667,1,739.435329,361.53307,648.034029,363.61632,693.734679,362.574695,2.850563,1.707638,-1.858756,1.965486,0.495904,1.836562
11646,388.2,1,739.963665,361.477318,648.655128,363.503775,694.309397,362.490546,2.821424,1.672995,-1.885265,1.987925,0.468079,1.83046
11647,388.233333,1,740.784378,361.56383,649.680576,363.264034,695.232477,362.413932,2.817019,1.633535,-1.865078,1.962794,0.475971,1.798165
11648,388.266667,1,741.500359,361.330016,650.816269,362.930657,696.158314,362.130336,2.805792,1.653354,-1.826605,1.90265,0.489593,1.778002
11649,388.3,1,742.425747,360.669817,651.63599,362.168062,697.030869,361.41894,2.812314,1.738559,-1.840438,1.865638,0.485938,1.802098
11650,388.333333,1,743.312969,360.204288,652.695732,361.443602,698.004351,360.823945,2.810757,1.743669,-1.825019,1.863447,0.492869,1.803558
11651,388.366667,1,744.430828,359.714028,653.612747,360.888219,699.021788,360.301124,2.810525,1.701223,-1.820997,1.78884,0.494764,1.745032
11652,388.4,1,745.179234,359.567961,654.000206,360.738192,699.58972,360.153076,2.819312,1.604624,-1.824226,1.908304,0.497543,1.756464
11653,388.433333,1,745.806847,359.59563,655.15089,360.0435,700.478868,359.819565,2.812758,1.579406,-1.808103,1.678098,0.502328,1.628752
11654,388.466667,1,746.760864,358.657452,656.015015,359.20929,701.387939,358.933371,2.790813,1.458754,-1.81815,1.908766,0.486331,1.68376
11655,388.5,1,747.711334,357.847559,656.871014,357.818061,702.291174,357.83281,2.773129,1.402084,-1.830435,1.991057,0.471347,1.69657
11656,388.533333,1,749.18581,356.94005,658.731689,357.147503,703.95875,357.043777,2.773926,1.39295,-1.849633,2.058263,0.462146,1.725606
11657,388.566667,1,750.098,356.753363,659.598026,356.300461,704.848013,356.526912,2.767701,1.393875,-1.858813,1.973079,0.454444,1.683477
11658,388.6,1,751.043453,357.094508,661.023026,356.18798,706.033239,356.641244,2.725062,1.178117,-1.914513,1.734718,0.405274,1.456417
11659,388.633333,1,751.645889,357.346496,662.162971,356.558468,706.90443,356.952482,2.704167,1.29684,-1.940659,1.72768,0.381754,1.51226
11660,388.666667,1,755.586777,358.811771,664.291992,357.502413,709.939384,358.157092,2.776184,1.446174,-2.084651,2.5647,0.345767,2.005437
11661,388.7,1,760.480194,361.950873,669.78426,358.905986,715.132227,360.428429,2.765313,1.778618,-1.966013,2.538248,0.39965,2.158433
11662,388.733333,1,762.462463,362.518519,675.014935,359.443152,718.738699,360.980836,2.702579,1.768023,-1.888577,2.371876,0.407001,2.069949
11663,388.766667,1,764.544086,362.549756,677.167015,359.435846,720.855551,360.992801,2.694658,1.353401,-1.867033,1.761038,0.413813,1.55722
11664,388.8,1,766.48365,362.751571,678.736591,358.981495,722.610121,360.866533,2.707382,1.616617,-1.837147,1.516561,0.435118,1.566589
11665,388.833333,1,767.334461,362.338479,679.875183,358.269165,723.604822,360.303822,2.687064,1.586985,-1.911417,1.262711,0.387823,1.424848
11666,388.866667,1,768.241119,362.465749,681.062489,358.059148,724.651804,360.262449,2.675591,1.49776,-1.841565,1.253983,0.417013,1.375871
11667,388.9,1,768.849983,362.363117,681.54129,357.68373,725.195637,360.023424,2.692786,1.377657,-1.844413,1.319671,0.424186,1.348664
11668,388.933333,1,769.058323,362.459811,682.125359,357.765811,725.591841,360.112811,2.688388,1.334845,-1.838671,1.373612,0.424859,1.354229
11669,388.966667,1,769.333973,362.518691,682.087307,357.784324,725.71064,360.151507,2.690705,1.301726,-1.844873,1.416012,0.422916,1.358869
11670,389.0,1,768.795071,362.7746,681.455784,357.822974,725.125427,360.298787,2.691454,1.354643,-1.859968,1.381437,0.415743,1.36804
11671,389.033333,1,767.546787,362.627953,680.500469,358.171447,724.023628,360.3997,2.658794,1.336445,-1.885575,1.385319,0.386609,1.360882
11672,389.066667,1,763.279419,363.273851,675.738316,359.433507,719.508867,361.353679,2.60224,1.417608,-1.921153,1.412427,0.340544,1.415017
11673,389.1,1,756.377754,363.307276,673.531284,360.810746,714.954519,362.059011,2.560592,1.389522,-2.038411,1.93106,0.26109,1.660291
11674,389.133333,1,754.024105,362.749994,669.136047,360.422276,711.580076,361.586135,2.581912,1.643275,-2.137869,2.737305,0.222022,2.19029
11675,389.166667,1,751.354675,361.105757,664.023743,359.174679,707.689209,360.140218,2.634974,2.269632,-2.15808,2.580134,0.238447,2.424883
11676,389.2,1,748.717461,359.829095,659.470768,358.254719,704.094114,359.041907,2.728796,2.410967,-2.148122,2.34451,0.290337,2.377738
11677,389.233333,1,746.212597,359.033654,657.983112,357.532867,702.097855,358.28326,2.708943,2.140503,-2.049615,1.84052,0.329664,1.990512
11678,389.266667,1,744.0942,358.578075,655.804482,357.50613,699.949341,358.042103,2.692363,1.847722,-1.974137,2.067085,0.359113,1.957404
11679,389.3,1,742.97142,358.051123,653.170643,357.452309,698.071032,357.751716,2.738373,2.096873,-1.98019,2.237302,0.379091,2.167087
11680,389.333333,1,741.120853,357.944441,651.177692,357.383355,696.149273,357.663898,2.763832,1.940801,-1.905366,2.306541,0.429233,2.123671
11681,389.366667,1,739.578018,357.917206,648.998585,357.337564,694.288301,357.627385,2.817266,2.073653,-1.886668,2.276349,0.465299,2.175001
11682,389.4,1,738.02597,357.483256,646.294127,357.445051,692.160048,357.464154,2.845858,1.984811,-1.932414,2.049345,0.456722,2.017078
11683,389.433333,1,736.147346,356.813423,646.107597,357.226971,691.127472,357.020197,2.832952,1.623755,-1.907397,1.999801,0.462778,1.811778
11684,389.466667,1,734.26403,356.404225,644.105787,357.434472,689.184909,356.919349,2.842566,1.568545,-1.920711,1.97115,0.460927,1.769847
11685,389.5,1,731.979561,356.209695,641.661968,357.456976,686.820765,356.833336,2.846717,1.690955,-1.940521,1.767462,0.453098,1.729209
11686,389.533333,1,730.530376,356.211782,640.447493,357.574065,685.488935,356.892924,2.875103,1.529081,-1.877941,1.700384,0.498581,1.614733
11687,389.566667,1,728.862896,356.0156,638.921385,357.785069,683.89214,356.900335,2.877666,1.520291,-1.838837,1.623827,0.519414,1.572059
11688,389.6,1,729.04356,356.008873,638.869801,357.872601,683.95668,356.940737,2.874578,1.480364,-1.859795,1.644075,0.507391,1.56222
11689,389.633333,1,727.886105,355.921476,638.168011,358.202228,683.027058,357.061852,2.85395,1.323415,-1.80596,1.598129,0.523995,1.460772
11690,389.666667,1,726.865921,355.985768,637.70071,358.293477,682.283316,357.139623,2.838523,1.320336,-1.796833,1.592404,0.520845,1.45637
11691,389.7,1,726.590424,355.918461,636.892557,358.544869,681.74149,357.231665,2.85938,1.470205,-1.765605,1.550668,0.546887,1.510436
11692,389.733333,1,725.86071,356.135033,636.344433,358.617911,681.102571,357.376472,2.874093,1.514923,-1.768946,1.60379,0.552574,1.559357
11693,389.766667,1,725.968456,356.175798,635.648422,358.649132,680.808439,357.412465,2.89857,1.543819,-1.780704,1.518854,0.558933,1.531336
11694,389.8,1,725.442314,356.169779,635.439444,358.646858,680.440879,357.408318,2.908462,1.528833,-1.757164,1.567412,0.575649,1.548122
11695,389.833333,1,725.033417,356.2395,634.345636,358.992546,679.689527,357.616023,2.9339,1.547543,-1.774207,1.640827,0.579847,1.594185
11696,389.866667,1,724.523983,356.301271,634.104328,359.005802,679.314156,357.653536,2.936051,1.475349,-1.760777,1.6584,0.587637,1.566874
11697,389.9,1,724.299679,356.240289,633.26683,359.056731,678.783255,357.64851,2.941165,1.566243,-1.781552,1.707753,0.579806,1.636998
11698,389.933333,1,724.106579,356.123822,633.07044,358.93468,678.58851,357.529251,2.965963,1.573745,-1.769135,1.654797,0.598414,1.614271
11699,389.966667,1,723.793602,356.060602,632.909327,358.847219,678.351464,357.45391,2.952203,1.59745,-1.7909,1.687372,0.580651,1.642411
11700,390.0,1,723.663635,356.181039,632.662783,358.821389,678.163209,357.501214,2.95081,1.614911,-1.802954,1.677224,0.573928,1.646067
11701,390.033333,1,723.59251,356.194278,632.429256,358.860544,678.010883,357.527411,2.954277,1.642652,-1.80981,1.710798,0.572234,1.676725
11702,390.066667,1,723.327675,356.333066,632.288361,358.860603,677.808018,357.596835,2.954821,1.699596,-1.820758,1.666551,0.567031,1.683073
11703,390.1,1,723.256493,356.274835,632.243233,358.795044,677.749863,357.53494,2.948526,1.69705,-1.825853,1.594018,0.561336,1.645534
11704,390.133333,1,723.551331,356.297248,632.40406,358.860501,677.977695,357.578875,2.95046,1.608449,-1.796783,1.691354,0.576839,1.649901
11705,390.166667,1,723.69627,356.15368,632.714396,358.834264,678.205333,357.493972,2.953696,1.531097,-1.789685,1.635219,0.582005,1.583158
11706,390.2,1,723.721924,356.139749,632.919979,358.788414,678.320951,357.464081,2.966827,1.452553,-1.782396,1.627596,0.592215,1.540075
11707,390.233333,1,723.654881,356.124299,632.814808,358.798467,678.234844,357.461383,2.954155,1.538092,-1.785526,1.60905,0.584315,1.573571
11708,390.266667,1,724.039764,356.096528,633.035402,358.744276,678.537583,357.420402,2.959747,1.481122,-1.793976,1.597409,0.582885,1.539265
11709,390.3,1,724.19487,356.059089,633.64501,358.376861,678.91994,357.217975,2.964056,1.479704,-1.773762,1.561524,0.595147,1.520614
11710,390.333333,1,724.319324,355.978156,633.646355,358.311244,678.98284,357.1447,2.946589,1.420467,-1.780522,1.575487,0.583034,1.497977
11711,390.366667,1,724.421215,356.054116,633.677549,358.171109,679.049382,357.112613,2.972773,1.467016,-1.777456,1.56474,0.597658,1.515878
11712,390.4,1,724.334507,355.991369,633.512411,358.226609,678.923459,357.108989,2.965059,1.422627,-1.793809,1.489434,0.585625,1.45603
11713,390.433333,1,724.147205,355.955642,633.192863,358.326162,678.670034,357.140902,2.965663,1.424462,-1.789686,1.554246,0.587989,1.489354
11714,390.466667,1,723.49577,355.972733,632.830944,358.350243,678.163357,357.161488,2.949801,1.410581,-1.797752,1.511187,0.576024,1.460884
11715,390.5,1,723.460808,355.995403,632.801952,358.405727,678.13138,357.200565,2.956506,1.383159,-1.772833,1.58173,0.591836,1.482444
11986,399.533333,1,648.152294,361.353062,573.402481,371.746348,610.777388,366.549705,3.148865,1.2599,-1.605235,2.18257,0.771815,1.721235
11987,399.566667,1,648.067207,361.380485,573.631258,371.87812,610.849233,366.629302,3.172307,1.142667,-1.599532,2.273057,0.786387,1.707862
11988,399.6,1,647.642765,361.72996,573.466101,371.748043,610.554433,366.739002,3.136624,1.178065,-1.609942,2.131517,0.763341,1.654791
11989,399.633333,1,647.449474,361.670512,572.991819,372.021339,610.220647,366.845925,3.21221,0.886687,-1.515634,2.367684,0.848288,1.627185
11990,399.666667,1,647.026005,361.539513,572.783442,371.807953,609.904723,366.673733,3.156534,1.11938,-1.59739,2.167622,0.779572,1.643501
11991,399.7,1,647.016125,361.583324,573.537931,372.04447,610.277028,366.813897,3.148802,0.910665,-1.549689,2.139649,0.799556,1.525157
11992,399.733333,1,647.027512,361.659231,572.627621,371.811719,609.827566,366.735475,3.146385,1.13848,-1.600487,2.122015,0.772949,1.630247
11993,399.766667,1,647.027035,361.647536,574.375668,371.96454,610.701351,366.806038,3.172808,1.006729,-1.558459,2.085051,0.807175,1.54589
11994,399.8,1,647.119598,361.636781,572.66489,371.83073,609.892244,366.733755,3.141206,1.298942,-1.593939,2.010119,0.773633,1.65453
11995,399.833333,1,647.05431,361.734048,573.43277,372.134753,610.24354,366.934401,3.134075,0.970735,-1.58977,2.160011,0.772152,1.565373
11996,399.866667,1,647.927513,361.596295,572.267113,371.935669,610.097313,366.765982,3.128282,1.163409,-1.645356,2.145213,0.741463,1.654311
11997,399.9,1,648.478012,361.36562,573.207493,372.296534,610.842752,366.831077,3.098718,0.94018,-1.626024,2.263488,0.736347,1.601834
11998,399.933333,1,649.765034,361.250741,573.311071,371.905982,611.538053,366.578362,3.153066,1.378754,-1.67892,2.204139,0.737073,1.791446
11999,399.966667,1,650.762234,360.822194,574.26362,371.532469,612.512927,366.177331,3.131264,1.288614,-1.666602,2.16108,0.732331,1.724847
12000,400.0,1,654.786034,359.920177,576.823778,371.437519,615.804906,365.678848,3.132945,1.021787,-1.682538,2.046283,0.725204,1.534035
12001,400.033333,1,661.75684,358.118822,581.242409,369.837399,621.499624,363.97811,3.165335,1.122631,-1.546425,2.741645,0.809455,1.932138
12002,400.066667,1,670.440826,357.411325,588.144684,368.801937,629.292755,363.106631,3.252503,0.953304,-1.541612,2.649171,0.855445,1.801237
12003,400.1,1,674.652424,356.713704,592.402067,367.886295,633.527246,362.3,3.177866,0.775962,-1.473525,2.188399,0.852171,1.482181
12004,400.133333,1,677.216721,356.717668,593.865099,367.369584,635.54091,362.043626,3.137677,0.944756,-1.487858,2.046342,0.824909,1.495549
12005,400.166667,1,678.831635,356.745805,594.961233,367.570932,636.896434,362.158368,3.080374,0.748864,-1.511324,2.050732,0.784525,1.399798
12006,400.2,1,679.735336,356.703125,595.619888,367.152389,637.677612,361.927757,3.103568,0.986032,-1.5109,2.069661,0.796334,1.527847
12007,400.233333,1,680.179691,356.694263,595.834332,367.181851,638.007011,361.938057,3.086535,0.8524,-1.531202,2.114077,0.777666,1.483239
12008,400.266667,1,680.54184,356.789283,596.306562,366.885885,638.424201,361.837584,3.059317,0.985625,-1.544758,2.298047,0.75728,1.641836
12009,400.3,1,680.876961,356.905766,596.984539,366.858033,638.93075,361.8819,3.090563,1.039377,-1.529316,2.323282,0.780623,1.68133
12010,400.333333,1,680.825176,357.215529,596.934252,367.186056,638.879714,362.200793,3.033171,0.836841,-1.520163,2.304368,0.756504,1.570605
12011,400.366667,1,680.673313,357.321707,597.104979,366.956953,638.889146,362.13933,3.059019,0.794261,-1.505048,2.328926,0.776985,1.561593
12012,400.4,1,680.038528,357.282987,596.894255,367.059209,638.466392,362.171098,3.061057,0.805805,-1.496867,2.267622,0.782095,1.536714
12013,400.433333,1,679.045448,357.402946,595.893478,367.465628,637.469463,362.434287,3.10268,0.723988,-1.51198,2.39014,0.79535,1.557064
12014,400.466667,1,676.043377,359.655352,593.72365,369.906213,634.883513,364.780783,3.381363,3.792399,-1.493372,5.903017,0.943996,4.847708
12015,400.5,1,666.15345,362.854959,592.836704,373.219321,629.495077,368.03714,3.03832,1.624426,-1.348711,24.741789,0.844805,13.183107
12016,400.533333,1,660.212517,362.430806,587.341948,373.44792,623.777232,367.939363,3.101544,1.12096,-1.382055,22.757587,0.859745,11.939274
12017,400.566667,1,650.727215,362.202094,582.567759,371.83779,616.647487,367.019942,3.030854,1.181745,-1.427259,7.36495,0.801797,4.273348
12018,400.6,1,646.665726,361.249491,575.878248,372.118027,611.271987,366.683759,3.159062,0.669855,-1.492859,3.735888,0.833102,2.202871
12019,400.633333,1,645.225153,360.073616,573.904619,372.432672,609.564886,366.253144,3.312131,-0.066252,-1.40801,3.247448,0.95206,1.590598
12020,400.666667,1,642.957869,359.994925,571.933336,372.229167,607.445602,366.112046,3.382466,-0.078839,-1.441627,2.798619,0.97042,1.35989
12021,400.7,1,640.623846,359.832877,570.101881,372.785876,605.362864,366.309376,3.267998,-0.164438,-1.462336,2.831599,0.902831,1.33358
12022,400.733333,1,638.88464,360.134341,565.740891,374.858108,602.312765,367.496224,3.191233,-0.141755,-1.619801,2.21042,0.785716,1.034332
12023,400.766667,1,638.194933,359.878169,565.056858,373.949032,601.625896,366.9136,3.23085,0.12365,-1.631533,1.9826,0.799659,1.053125
12024,400.8,1,638.129597,360.205913,564.483843,376.159043,601.30672,368.182478,3.30155,0.195151,-1.653593,2.398181,0.823978,1.296666
12025,400.833333,1,638.347931,359.696192,562.986679,375.764941,600.667305,367.730566,3.130268,0.125438,-1.655161,2.028481,0.737553,1.076959
12026,400.866667,1,638.406487,360.039316,564.648991,375.738419,601.527739,367.888868,3.169217,0.526493,-1.651704,1.751107,0.758757,1.1388
12027,400.9,1,639.84271,360.99113,564.613953,375.85207,602.228332,368.4216,3.221851,0.946022,-1.693837,1.620661,0.764007,1.283342
12028,400.933333,1,640.99823,361.991481,564.854164,377.041157,602.926197,369.516319,3.152777,0.714119,-1.701062,1.875094,0.725858,1.294606
12029,400.966667,1,642.245331,362.304168,566.116743,377.33604,604.181037,369.820104,3.110943,0.653721,-1.700147,1.989337,0.705398,1.321529
12030,401.0,1,643.338099,362.807431,567.121077,376.693522,605.229588,369.750476,3.07646,0.852939,-1.706573,1.820617,0.684943,1.336778
12031,401.033333,1,645.872421,362.472466,569.859018,375.675462,607.86572,369.073964,3.108082,0.598334,-1.696414,1.897803,0.705834,1.248069
12032,401.066667,1,648.037624,362.753207,571.250916,375.639714,609.64427,369.196461,2.970546,0.632984,-1.722793,1.613658,0.623877,1.123321
12033,401.1,1,651.040077,362.629986,573.908548,375.374765,612.474313,369.002376,3.019608,0.797771,-1.744041,1.554818,0.637784,1.176294
12034,401.133333,1,657.626743,361.149487,577.668848,374.077091,617.647796,367.613289,3.17048,0.748263,-1.678903,1.8814,0.745788,1.314831
12035,401.166667,1,668.455811,359.054532,586.045942,372.322733,627.250876,365.688633,3.17394,0.810996,-1.598567,1.927735,0.787686,1.369366
12036,401.2,1,677.188988,357.857827,597.164068,369.130358,637.176528,363.494092,3.109837,0.887532,-1.48746,1.863721,0.811188,1.375626
12037,401.233333,1,683.869553,357.282413,601.549635,367.052745,642.709594,362.167579,3.041666,0.997186,-1.529376,1.552972,0.756145,1.275079
12038,401.266667,1,689.148808,357.173762,605.318594,365.722155,647.233701,361.447958,3.027128,1.181062,-1.59118,1.029733,0.717974,1.105398
12039,401.3,1,693.023834,357.222766,607.94775,364.749151,650.485792,360.985959,3.110312,1.064662,-1.599461,1.209864,0.755426,1.137263
12040,401.333333,1,696.391811,356.866327,610.559378,363.929254,653.475595,360.39779,3.084632,1.247655,-1.625459,1.257589,0.729587,1.252622
12041,401.366667,1,699.352093,357.414351,613.20137,363.758386,656.276731,360.586368,2.997183,1.213354,-1.644253,1.383627,0.676465,1.298491
12042,401.4,1,701.769562,357.777929,614.498396,363.875368,658.133979,360.826649,3.035559,1.289603,-1.652223,1.486473,0.691668,1.388038
12043,401.433333,1,703.287449,357.801865,615.406446,363.837265,659.346948,360.819565,3.074701,1.301154,-1.656032,1.519391,0.709334,1.410273
12044,401.466667,1,704.520302,357.775279,616.692333,364.105529,660.606318,360.940404,3.037951,1.254071,-1.666368,1.512756,0.685791,1.383413
12045,401.5,1,705.618229,357.763231,617.807846,363.769426,661.713037,360.766329,3.035704,1.282638,-1.66553,1.492388,0.685087,1.387513
12046,401.533333,1,706.279011,357.960159,618.37677,363.774034,662.32789,360.867096,3.016005,1.234495,-1.674923,1.442708,0.670541,1.338601
12047,401.566667,1,706.265945,358.157821,618.579731,363.96982,662.422838,361.06382,3.044293,1.230335,-1.67605,1.48798,0.684121,1.359158
12048,401.6,1,706.426678,358.342786,618.368444,364.334321,662.397561,361.338554,3.04317,1.253315,-1.689696,1.502267,0.676737,1.377791
12049,401.633333,1,704.965782,358.784932,617.187977,364.980315,661.07688,361.882624,3.090559,1.384552,-1.67454,1.528824,0.708009,1.456688
12050,401.666667,1,701.414032,360.914429,614.499016,368.381656,657.956524,364.648043,3.048003,1.215065,-1.657946,2.192743,0.695028,1.703904
12051,401.7,1,692.565384,367.788877,609.788227,375.623653,651.176805,371.706265,3.000671,2.189915,-1.606513,8.326964,0.697079,5.258439
12052,401.733333,1,680.653133,371.708862,599.762239,381.80077,640.207686,376.754816,3.111516,0.688035,-1.548344,27.174194,0.781586,13.931115
12053,401.766667,1,666.249905,375.360335,589.088583,387.413442,627.669244,381.386889,3.415269,0.454633,-1.379152,16.847741,1.018059,8.651187
12054,401.8,1,652.324791,380.155331,578.817101,393.195029,615.570946,386.67518,3.978404,0.233079,-1.261037,14.943971,1.358683,7.588525
12055,401.833333,1,641.288185,385.413855,561.411238,395.479724,601.349711,390.44679,4.056794,0.598268,-1.416909,6.396769,1.319942,3.497519
12056,401.866667,1,630.827293,389.873296,553.527689,398.188455,592.177491,394.030876,4.610029,2.836617,-1.35576,7.063925,1.627135,4.950271
12057,401.9,1,622.89876,392.843467,550.439577,401.834714,586.669168,397.339091,4.524271,8.892408,-1.350063,8.711485,1.587104,8.801946
12058,401.933333,1,615.428238,394.57081,553.095722,403.580436,584.26198,399.075623,5.812472,7.755625,-1.143604,4.026396,2.334434,5.89101
12059,401.966667,1,609.99115,395.448686,551.467781,406.38093,580.729465,400.914808,5.738822,7.453877,-1.134676,6.474538,2.302073,6.964207
12060,402.0,1,607.455158,395.592624,549.729328,407.167021,578.592243,401.379822,6.150132,6.972691,-1.047673,8.55305,2.551229,7.762871
12061,402.033333,1,607.539892,391.690793,549.651737,402.330151,578.595815,397.010472,5.807067,4.963106,-1.033067,4.398815,2.387,4.680961
12062,402.066667,1,602.404356,386.690319,549.587269,399.441916,575.995812,393.066117,5.554516,2.767371,-1.066065,2.470795,2.244225,2.619083
12063,402.1,1,601.847839,387.143998,548.730307,399.766442,575.289073,393.45522,5.617334,1.75858,-1.128146,2.880964,2.244594,2.319772
12064,402.133333,1,602.247753,381.915182,549.311047,394.809054,575.7794,388.362118,5.16243,2.322637,-1.103912,1.92807,2.029259,2.125353
12065,402.166667,1,604.246645,378.975019,549.446821,393.654127,576.846733,386.314573,5.291576,1.786943,-1.197196,1.901674,2.04719,1.844309
12066,402.2,1,605.786896,377.372389,548.539295,392.76034,577.163095,385.066364,4.906428,1.498323,-1.270039,2.208019,1.818194,1.853171
12067,402.233333,1,609.294519,376.225744,551.015778,390.83416,580.155149,383.529952,5.268656,1.648911,-1.252463,2.169171,2.008096,1.909041
12068,402.266667,1,612.284336,374.776118,550.329447,389.044837,581.306891,381.910477,4.761491,2.051935,-1.334382,2.028651,1.713555,2.040293
12069,402.3,1,616.00564,373.239706,551.589136,386.918811,583.797388,380.079258,4.539105,1.974918,-1.44733,2.321847,1.545887,2.148382
12070,402.333333,1,619.42544,372.05639,552.825813,385.366015,586.125627,378.711203,4.086969,0.842327,-1.457714,2.346287,1.314627,1.594307
12071,402.366667,1,623.800716,371.310446,552.97967,384.799726,588.390193,378.055086,3.834078,0.817438,-1.529357,2.120646,1.152361,1.469042
12072,402.4,1,628.572588,370.202082,561.588669,381.676025,595.080628,375.939054,3.752091,1.322859,-1.43999,1.871957,1.156051,1.597408
12073,402.433333,1,634.858484,368.954136,565.829039,380.809597,600.343761,374.881867,3.519906,0.986889,-1.51013,1.682909,1.004888,1.334899
12074,402.466667,1,645.817013,365.355143,573.882656,377.068087,609.849834,371.211615,3.351402,0.575282,-1.443987,2.699328,0.953708,1.637305
12075,402.5,1,660.864391,363.014406,584.402447,372.858167,622.633419,367.936286,3.232369,1.235488,-1.458001,1.950962,0.887184,1.593225
12076,402.533333,1,676.468849,361.304036,595.389328,370.264707,635.929089,365.784371,3.217924,1.099377,-1.43759,2.126114,0.890167,1.612745
12077,402.566667,1,684.50243,360.618024,602.147341,367.316921,643.324885,363.967473,3.032378,1.172979,-1.51822,1.539822,0.757079,1.3564
12078,402.6,1,692.759037,359.780633,607.772655,365.938727,650.265846,362.85968,3.052241,0.892769,-1.567021,1.296929,0.74261,1.094849
12079,402.633333,1,698.634453,359.666677,611.857805,364.503214,655.246129,362.084945,3.104019,0.942726,-1.612293,1.292852,0.745863,1.117789
12080,402.666667,1,703.490715,359.360803,615.363989,363.74343,659.427352,361.552117,3.058147,1.088275,-1.650641,1.509014,0.703753,1.298645
12081,402.7,1,707.774754,359.276587,619.804211,362.969892,663.789482,361.123239,2.931447,1.133319,-1.653879,1.447645,0.638784,1.290482
12082,402.733333,1,711.333961,359.455485,622.933855,362.259825,667.133908,360.857655,2.934008,1.177211,-1.638674,1.477673,0.647667,1.327442
12083,402.766667,1,713.91098,359.395891,625.290194,361.753854,669.600587,360.574872,2.934992,1.246305,-1.672654,1.521034,0.631169,1.383669
12084,402.8,1,715.672588,359.431533,627.315035,361.461552,671.493812,360.446542,2.907774,1.280758,-1.693509,1.49564,0.607133,1.388199
12085,402.833333,1,717.405529,359.417215,628.935223,360.963567,673.170376,360.190391,2.885732,1.375615,-1.711513,1.506785,0.58711,1.4412
12086,402.866667,1,718.702164,359.425991,630.010452,360.537933,674.356308,359.981962,2.886898,1.299464,-1.701863,1.528052,0.592518,1.413758
12087,402.9,1,719.195213,359.751365,630.59454,360.652163,674.894876,360.201764,2.87009,1.36545,-1.715605,1.457913,0.577243,1.411682
12088,402.933333,1,719.296856,359.416598,630.925732,360.311013,675.111294,359.863805,2.864833,1.482016,-1.744548,1.398281,0.560142,1.440149
12089,402.966667,1,720.236473,359.507445,631.134005,360.098931,675.685239,359.803188,2.885235,1.598463,-1.765939,1.383513,0.559648,1.490988
12090,403.0,1,720.940838,359.58974,632.062302,359.957685,676.50157,359.773713,2.85056,1.512969,-1.784196,1.357912,0.533182,1.43544
12091,403.033333,1,721.892796,359.588077,632.663393,359.758548,677.278094,359.673312,2.896558,1.423375,-1.778841,1.319639,0.558858,1.371507
12092,403.066667,1,722.535,359.609926,633.326693,359.660851,677.930846,359.635389,2.847327,1.406586,-1.770368,1.356688,0.53848,1.381637
12093,403.1,1,723.215866,359.602003,634.320002,359.542925,678.767934,359.572464,2.826955,1.463301,-1.778624,1.302852,0.524166,1.383076
12094,403.133333,1,723.78561,359.611772,634.65497,359.452062,679.22029,359.531917,2.844692,1.463682,-1.773519,1.332741,0.535586,1.398212
12095,403.166667,1,724.381599,359.451429,635.34605,359.465328,679.863825,359.458379,2.852714,1.422009,-1.78929,1.324259,0.531712,1.373134
12096,403.2,1,724.805393,359.518495,635.64189,359.33581,680.223641,359.427153,2.845598,1.442378,-1.770159,1.396025,0.53772,1.419201
12097,403.233333,1,724.893513,359.471476,635.805216,359.287916,680.349364,359.379696,2.846218,1.393628,-1.796047,1.308263,0.525086,1.350946
12098,403.266667,1,725.112934,359.60873,636.101732,359.395178,680.607333,359.501954,2.833073,1.392992,-1.786797,1.315591,0.523138,1.354292
12099,403.3,1,725.280933,359.693574,636.233597,359.489769,680.757265,359.591671,2.839037,1.322939,-1.787521,1.279969,0.525758,1.301454
12100,403.333333,1,725.358047,359.861845,636.292992,359.484581,680.82552,359.673213,2.830492,1.400767,-1.823199,1.240952,0.503646,1.320859
12101,403.366667,1,725.694561,359.744482,636.313992,359.564817,681.004276,359.654649,2.843163,1.376151,-1.803783,1.238561,0.51969,1.307356
12102,403.4,1,725.757256,359.747792,636.385603,359.605796,681.071429,359.676794,2.84138,1.418921,-1.794323,1.298311,0.523529,1.358616
12103,403.433333,1,725.849857,359.784393,636.442986,359.666644,681.146421,359.725519,2.842485,1.391182,-1.791967,1.236884,0.525259,1.314033
12104,403.466667,1,725.297451,359.700773,636.237249,359.828414,680.76735,359.764593,2.819149,1.290129,-1.800728,1.23706,0.509211,1.263595
12105,403.5,1,725.136318,359.834878,635.939264,359.836895,680.537791,359.835886,2.822915,1.365127,-1.78578,1.272359,0.518568,1.318743
12106,403.533333,1,724.860954,359.900807,635.407267,360.24951,680.13411,360.075158,2.829342,1.289022,-1.764888,1.343474,0.532227,1.316248
12107,403.566667,1,724.70108,360.024542,635.059147,360.675879,679.880114,360.350211,2.858836,1.255089,-1.774102,1.436814,0.542367,1.345952
12108,403.6,1,724.082661,359.936137,634.748392,361.265187,679.415526,360.600662,2.844754,1.294424,-1.77176,1.377115,0.536497,1.335769
12109,403.633333,1,723.775654,359.97358,633.99024,361.262923,678.882947,360.618252,2.871256,1.395871,-1.795448,1.405835,0.537904,1.400853
12110,403.666667,1,723.930321,359.836015,634.143314,361.344709,679.036818,360.590362,2.871001,1.52016,-1.779793,1.394777,0.545604,1.457468
12111,403.7,1,723.797226,359.57399,634.052258,361.279682,678.924742,360.426836,2.875061,1.451385,-1.792251,1.383852,0.541405,1.417619
12112,403.733333,1,723.392982,359.227749,634.044867,361.22136,678.718925,360.224555,2.851217,1.466255,-1.770746,1.349875,0.540236,1.408065
12113,403.766667,1,723.021317,359.033766,633.864021,361.072905,678.442669,360.053336,2.852833,1.390533,-1.759977,1.389987,0.546428,1.39026
12114,403.8,1,722.911224,358.997197,633.693943,361.340643,678.302584,360.16892,2.877219,1.258017,-1.722851,1.464115,0.577184,1.361066
12115,403.833333,1,722.198544,358.907236,633.189249,361.395805,677.693896,360.151521,2.885994,1.319622,-1.717398,1.521154,0.584298,1.420388
12116,403.866667,1,721.858025,358.754436,632.64657,361.544555,677.252297,360.149496,2.894984,1.352566,-1.708015,1.646363,0.593484,1.499464
12117,403.9,1,721.204224,358.396989,631.833229,361.429768,676.518726,359.913378,2.876952,1.323127,-1.709588,1.657566,0.583682,1.490346
12118,403.933333,1,720.61903,358.071685,631.130705,361.316648,675.874867,359.694166,2.858472,1.403292,-1.719801,1.67067,0.569335,1.536981
12119,403.966667,1,720.098228,357.729784,630.834599,361.21106,675.466413,359.470422,2.857446,1.309962,-1.718123,1.599805,0.569662,1.454883
12120,404.0,1,719.613838,357.617571,630.60956,360.966132,675.111699,359.291851,2.872351,1.328212,-1.710575,1.693457,0.580888,1.510835
12121,404.033333,1,719.297905,357.458811,630.038252,360.599694,674.668078,359.029252,2.886609,1.408319,-1.720688,1.602419,0.58296,1.505369
12122,404.066667,1,718.942451,357.567381,629.578657,360.368584,674.260554,358.967983,2.897095,1.459119,-1.739635,1.617017,0.57873,1.538068
12123,404.1,1,718.451977,357.657198,629.093771,359.879054,673.772874,358.768126,2.933687,1.516883,-1.736611,1.607632,0.598538,1.562257
12124,404.133333,1,718.196449,357.840258,628.660412,359.660572,673.428431,358.750415,2.941182,1.606595,-1.723828,1.660426,0.608677,1.63351
12125,404.166667,1,717.885818,358.239484,627.857227,359.755372,672.871523,358.997428,2.957999,1.519175,-1.719966,1.664971,0.619016,1.592073
12126,404.2,1,717.327957,358.755192,627.319775,359.765934,672.323866,359.260563,2.984004,1.553404,-1.7381,1.604611,0.622952,1.579007
12127,404.233333,1,716.735306,359.135508,626.782579,359.876951,671.758943,359.506229,2.994096,1.473839,-1.717111,1.554544,0.638492,1.514191
12128,404.266667,1,716.451263,359.146017,626.557674,359.855311,671.504469,359.500664,2.990562,1.410906,-1.711674,1.574945,0.639444,1.492926
12129,404.3,1,716.078777,359.176025,626.502123,359.884037,671.29045,359.530031,2.96189,1.451366,-1.707953,1.553027,0.626969,1.502196
12130,404.333333,1,715.360889,358.934739,626.239548,359.628466,670.800219,359.281603,2.964646,1.404738,-1.720655,1.436623,0.621995,1.42068
12131,404.366667,1,715.350742,358.315229,626.193037,359.282863,670.77189,358.799046,2.955205,1.390144,-1.738637,1.540554,0.608284,1.465349
12132,404.4,1,715.492153,358.238373,626.447287,359.094341,670.96972,358.666357,2.946009,1.343357,-1.734583,1.568848,0.605713,1.456103
12133,404.433333,1,715.866966,358.174097,626.441355,359.150453,671.15416,358.662275,2.950014,1.392087,-1.733987,1.564147,0.608013,1.478117
12134,404.466667,1,716.173782,358.425747,626.953001,359.113841,671.563392,358.769794,2.952359,1.337118,-1.739931,1.560776,0.606214,1.448947
12135,404.5,1,716.671638,358.924922,627.296457,359.143104,671.984048,359.034013,2.943027,1.395545,-1.723277,1.489866,0.609875,1.442705
12136,404.533333,1,716.73624,358.788135,627.295179,359.097474,672.01571,358.942805,2.952285,1.381637,-1.739793,1.560016,0.606246,1.470826
12137,404.566667,1,716.83054,358.775416,627.338581,359.085088,672.08456,358.930252,2.948272,1.389738,-1.736198,1.607084,0.606037,1.498411
12138,404.6,1,716.602325,358.207748,627.309923,358.924649,671.956124,358.566198,2.950614,1.360868,-1.747172,1.599404,0.601721,1.480136
12139,404.633333,1,716.486816,357.722665,627.237701,358.724266,671.862259,358.223466,2.94774,1.347965,-1.74571,1.611432,0.601015,1.479698
12140,404.666667,1,716.34903,357.249051,626.851597,358.651326,671.600313,357.950189,2.964381,1.329912,-1.737736,1.650156,0.613323,1.490034
12141,404.7,1,716.282043,357.372969,626.679497,358.529833,671.48077,357.951401,2.971075,1.312859,-1.743094,1.609418,0.61399,1.461138
12142,404.733333,1,716.345997,357.264683,626.632919,358.556709,671.489458,357.910696,2.975989,1.352936,-1.739055,1.654788,0.618467,1.503862
12143,404.766667,1,716.211147,357.266872,626.510525,358.830128,671.360836,358.0485,2.971686,1.364742,-1.750392,1.67422,0.610647,1.519481
12144,404.8,1,715.997906,357.296703,626.288433,358.838614,671.143169,358.067659,2.985801,1.392043,-1.736289,1.623807,0.624756,1.507925
12145,404.833333,1,715.697632,357.043632,626.327095,358.840916,671.012363,357.942274,2.969417,1.365842,-1.752579,1.613288,0.608419,1.489565
12146,404.866667,1,715.605526,357.011912,626.168137,358.978738,670.886831,357.995325,2.972116,1.291198,-1.741607,1.593749,0.615254,1.442474
12147,404.9,1,715.696087,357.042076,626.050701,359.00019,670.873394,358.021133,2.985379,1.288903,-1.738551,1.628116,0.623414,1.45851
12148,404.933333,1,715.163383,357.094325,625.798893,359.069107,670.481138,358.081716,2.986272,1.340884,-1.751396,1.69771,0.617438,1.519297
12149,404.966667,1,715.109959,357.097689,625.531979,359.145641,670.320969,358.121665,2.978002,1.31556,-1.733024,1.635914,0.622489,1.475737
12150,405.0,1,714.989586,356.94461,625.097694,359.289767,670.04364,358.117189,2.986945,1.33096,-1.72323,1.551104,0.631857,1.441032
12151,405.033333,1,714.832878,356.983722,625.059109,359.175586,669.945993,358.079654,2.990673,1.35889,-1.723667,1.576634,0.633503,1.467762
12152,405.066667,1,714.724712,356.92098,624.935951,359.22526,669.830332,358.07312,3.007149,1.326606,-1.721741,1.561615,0.642704,1.44411
12153,405.1,1,714.511185,356.980149,624.987097,359.217353,669.749141,358.098751,3.002913,1.29891,-1.72798,1.601927,0.637466,1.450419
12154,405.133333,1,714.520855,356.89861,624.985523,358.984902,669.753189,357.941756,3.001989,1.300494,-1.717876,1.595392,0.642056,1.447943
12155,405.166667,1,714.644299,356.619183,624.999037,358.856816,669.821668,357.737999,3.0028,1.303475,-1.71836,1.644553,0.64222,1.474014
12156,405.2,1,714.511337,355.987678,624.893093,358.541179,669.702215,357.264428,3.003607,1.24587,-1.718011,1.705781,0.642798,1.475826
12157,405.233333,1,714.443092,356.046365,624.825096,358.272336,669.634094,357.15935,3.013981,1.31516,-1.722938,1.613967,0.645522,1.464563
12158,405.266667,1,714.231701,355.57376,624.695816,357.74997,669.463758,356.661865,3.033941,1.325724,-1.719015,1.708389,0.657463,1.517056
12159,405.3,1,713.875217,355.262344,624.537239,357.436318,669.206228,356.349331,3.006259,1.328142,-1.711794,1.718697,0.647232,1.523419
12160,405.333333,1,713.523998,354.98465,623.424463,357.220775,668.474231,356.102713,3.040988,1.295871,-1.714438,1.643054,0.663275,1.469462
12161,405.366667,1,712.491989,354.87094,622.644062,357.392126,667.568026,356.131533,3.015405,1.274365,-1.708798,1.529224,0.653303,1.401795
12162,405.4,1,711.765556,355.393714,621.631012,358.159468,666.698284,356.776591,3.010997,1.224138,-1.692661,1.488374,0.659168,1.356256
12163,405.433333,1,711.333179,355.448935,621.323929,358.769107,666.328554,357.109021,3.022287,1.248585,-1.707349,1.465001,0.657469,1.356793
12164,405.466667,1,711.027164,355.772238,621.103029,359.245108,666.065097,357.508673,3.038889,1.281269,-1.717698,1.52446,0.660596,1.402864
12165,405.5,1,711.121941,355.856915,621.2677,359.183176,666.19482,357.520046,3.052496,1.300571,-1.714514,1.551434,0.668991,1.426003
12166,405.533333,1,711.139698,355.356721,621.483459,358.724111,666.311579,357.040416,3.046658,1.229692,-1.701735,1.458179,0.672462,1.343936
12167,405.566667,1,711.34306,354.860839,621.636162,358.37956,666.489611,356.620199,3.052293,1.238086,-1.702558,1.430877,0.674868,1.334481
12168,405.6,1,711.30827,354.649379,621.775446,358.117282,666.541858,356.383331,3.059455,1.266372,-1.692259,1.417083,0.683598,1.341728
12169,405.633333,1,711.318893,354.650592,621.785488,358.10717,666.552191,356.378881,3.052387,1.249884,-1.696997,1.423571,0.677695,1.336728
12170,405.666667,1,711.036301,354.840251,621.389151,358.253469,666.212726,356.54686,3.055365,1.289576,-1.702837,1.480932,0.676264,1.385254
12171,405.7,1,710.786037,354.939192,621.110125,358.263023,665.948081,356.601107,3.064407,1.280532,-1.681965,1.49641,0.691221,1.388471
12172,405.733333,1,710.297031,354.784761,620.54287,358.416456,665.41995,356.600609,3.07987,1.345281,-1.688241,1.560058,0.695815,1.45267
12173,405.766667,1,709.781017,354.692777,620.047102,358.610251,664.91406,356.651514,3.080082,1.212303,-1.710349,1.453434,0.684867,1.332869
12174,405.8,1,709.522343,354.749249,620.072145,358.606678,664.797244,356.677963,3.090435,1.209088,-1.693401,1.452694,0.698517,1.330891
12175,405.833333,1,709.380016,354.790742,619.960852,358.831147,664.670434,356.810945,3.071637,1.139482,-1.69792,1.463398,0.686859,1.30144
12176,405.866667,1,709.458904,354.796042,620.062847,358.932835,664.760876,356.864439,3.078044,1.210829,-1.688894,1.444957,0.694575,1.327893
12177,405.9,1,709.485302,354.916946,620.155134,359.011853,664.820218,356.964399,3.065176,1.173828,-1.703524,1.478809,0.680826,1.326319
12178,405.933333,1,709.967804,354.997664,620.366774,359.09417,665.167289,357.045917,3.079333,1.201709,-1.684581,1.535909,0.697376,1.368809
12179,405.966667,1,710.23798,355.224756,620.741034,359.153645,665.489507,357.189201,3.055931,1.189036,-1.71288,1.476075,0.671526,1.332555
12180,406.0,1,710.319786,355.081601,621.018391,359.010549,665.669088,357.046075,3.062386,1.211841,-1.705711,1.472505,0.678338,1.342173
12181,406.033333,1,710.802116,354.967452,621.486673,358.759612,666.144395,356.863532,3.047345,1.213986,-1.695728,1.528217,0.675809,1.371102
12182,406.066667,1,710.93689,355.002422,621.307831,358.766994,666.12236,356.884708,3.055246,1.237264,-1.694476,1.553303,0.680385,1.395284
12183,406.1,1,710.955963,354.968283,621.16704,358.76812,666.061502,356.868202,3.039176,1.239262,-1.70323,1.548711,0.667973,1.393987
12184,406.133333,1,710.793018,354.873515,620.863667,358.64939,665.828342,356.761453,3.034768,1.257104,-1.70834,1.528981,0.663214,1.393043
12185,406.166667,1,710.626755,354.687386,620.625019,358.492491,665.625887,356.589939,3.030743,1.284315,-1.72319,1.581372,0.653777,1.432844
12186,406.2,1,710.683289,354.603428,620.641804,358.631102,665.662546,356.617265,3.021883,1.257864,-1.733943,1.558695,0.64397,1.40828
12187,406.233333,1,710.703068,354.627455,620.599661,358.721209,665.651364,356.674332,3.037687,1.257834,-1.737453,1.540368,0.650117,1.399101
12188,406.266667,1,710.689278,354.65152,620.630913,358.800935,665.660095,356.726227,3.033689,1.262466,-1.738934,1.563653,0.647377,1.41306
12189,406.3,1,710.729122,354.588815,620.69973,358.849027,665.714426,356.718921,3.040477,1.273263,-1.726504,1.550697,0.656987,1.41198
12190,406.333333,1,710.990963,354.572791,621.252089,358.982751,666.121526,356.777771,3.033468,1.23301,-1.712592,1.559629,0.660438,1.396319
12191,406.366667,1,711.367645,354.592441,621.572857,359.022834,666.470251,356.807638,3.025697,1.250523,-1.733943,1.60174,0.645877,1.426131
12192,406.4,1,711.765766,354.557079,622.209148,358.834784,666.987457,356.695932,2.993729,1.253378,-1.723233,1.616524,0.635248,1.434951
12193,406.433333,1,712.040138,354.544204,622.781572,358.84253,667.410855,356.693367,2.96494,1.238877,-1.719795,1.622643,0.622572,1.43076
12194,406.466667,1,712.191238,354.599839,622.936335,358.844472,667.563787,356.722156,2.957352,1.249293,-1.7045,1.654842,0.626426,1.452067
12195,406.5,1,712.368851,354.713618,622.981377,358.835417,667.675114,356.774518,2.931255,1.2894,-1.713671,1.577939,0.608792,1.43367
12196,406.533333,1,712.340927,354.777439,622.99015,358.81655,667.665539,356.796995,2.934519,1.28655,-1.708266,1.601493,0.613126,1.444021
12197,406.566667,1,712.309914,354.746642,623.017998,358.775083,667.663956,356.760862,2.923996,1.273742,-1.700201,1.598647,0.611898,1.436195
12198,406.6,1,712.370167,354.997364,622.927475,358.800881,667.648821,356.899122,2.922264,1.289184,-1.711488,1.543752,0.605388,1.416468
12199,406.633333,1,712.286453,355.082433,622.941999,358.830181,667.614226,356.956307,2.910962,1.335521,-1.71219,1.548682,0.599386,1.442102
12200,406.666667,1,712.366409,354.882624,623.102341,358.868628,667.734375,356.875626,2.911139,1.265502,-1.703374,1.599282,0.603883,1.432392
12201,406.7,1,712.431431,354.999665,623.186321,358.844805,667.808876,356.922235,2.912473,1.299224,-1.710945,1.535029,0.600764,1.417126
12202,406.733333,1,712.389717,354.731616,623.158007,358.841672,667.773862,356.786644,2.908313,1.301614,-1.710556,1.549205,0.598879,1.425409
12203,406.766667,1,712.301064,354.614103,623.098812,358.741057,667.699938,356.67758,2.897628,1.305544,-1.708678,1.574951,0.594475,1.440247
12204,406.8,1,712.319736,354.271928,622.958956,358.448964,667.639346,356.360446,2.909633,1.345897,-1.709924,1.510428,0.599855,1.428163
12205,406.833333,1,712.212219,354.134572,622.89752,358.33474,667.55487,356.234656,2.923503,1.309109,-1.702723,1.57768,0.61039,1.443395
12206,406.866667,1,712.027187,354.132957,622.547159,358.416633,667.287173,356.274795,2.935799,1.286102,-1.720831,1.580263,0.607484,1.433182
12207,406.9,1,711.281796,353.806608,622.356396,358.484192,666.819096,356.1454,2.929143,1.326337,-1.717147,1.652548,0.605998,1.489443
12208,406.933333,1,711.252232,354.340088,621.939192,358.960161,666.595712,356.650125,2.924655,1.298643,-1.703596,1.640968,0.61053,1.469805
12209,406.966667,1,711.290493,354.701516,621.934614,359.095017,666.612554,356.898267,2.917398,1.294594,-1.701715,1.596313,0.607842,1.445454
12210,407.0,1,711.283264,354.778801,622.043362,359.203271,666.663313,356.991036,2.911978,1.268739,-1.69211,1.570915,0.609934,1.419827
12211,407.033333,1,711.33543,354.806197,622.195482,359.277531,666.765456,357.041864,2.900009,1.310939,-1.702634,1.627356,0.598687,1.469148
12212,407.066667,1,711.902924,354.929472,622.365074,359.294794,667.133999,357.112133,2.909282,1.362097,-1.727209,1.532851,0.591036,1.447474
12213,407.1,1,712.650833,354.946289,623.292904,359.272306,667.971869,357.109298,2.897755,1.315619,-1.735424,1.49418,0.581166,1.4049
12214,407.133333,1,713.353748,355.022678,623.914871,359.174185,668.63431,357.098432,2.90576,1.382405,-1.731953,1.446979,0.586903,1.414692
12215,407.166667,1,714.037151,355.464025,624.170971,359.305581,669.104061,357.384803,2.902342,1.359722,-1.755656,1.375609,0.573343,1.367665
12216,407.2,1,714.384384,355.456681,624.820385,359.566984,669.602385,357.511833,2.908705,1.351356,-1.742214,1.410907,0.583245,1.381132
12217,407.233333,1,714.645462,355.469325,625.106096,359.759266,669.875779,357.614296,2.895721,1.265533,-1.744338,1.409883,0.575692,1.337708
12218,407.266667,1,714.709969,355.522755,624.846582,359.713583,669.778275,357.618169,2.907158,1.350095,-1.749126,1.398986,0.579016,1.37454
12219,407.3,1,714.617138,355.688258,624.908218,359.596462,669.762678,357.64236,2.911827,1.368374,-1.758055,1.400914,0.576886,1.384644
12220,407.333333,1,714.598064,355.651554,624.911566,359.680855,669.754815,357.666205,2.908532,1.375279,-1.761591,1.394133,0.573471,1.384706
12221,407.366667,1,714.571438,355.705794,624.805517,359.697179,669.688478,357.701486,2.896127,1.419692,-1.758555,1.373429,0.568786,1.396561
12222,407.4,1,714.405479,355.694797,624.275799,359.645927,669.340639,357.670362,2.911313,1.433239,-1.763136,1.376608,0.574088,1.404924
12223,407.433333,1,714.137669,355.747309,624.059782,359.668801,669.098725,357.708055,2.903488,1.463056,-1.765738,1.366667,0.568875,1.414862
12224,407.466667,1,713.750744,355.662337,624.093304,359.703439,668.922024,357.682888,2.900923,1.353727,-1.755635,1.359382,0.572644,1.356555
12225,407.5,1,713.255405,355.786175,623.767662,359.677915,668.511534,357.732045,2.879952,1.399854,-1.746335,1.363107,0.566809,1.38148
12226,407.533333,1,713.05481,355.766911,623.478079,359.564061,668.266444,357.665486,2.895826,1.474753,-1.744688,1.351552,0.575569,1.413152
12227,407.566667,1,712.826309,355.839856,623.193159,359.537437,668.009734,357.688647,2.914733,1.455595,-1.738107,1.33366,0.588313,1.394628
12228,407.6,1,712.722721,355.792875,622.965393,359.561153,667.844057,357.677014,2.915725,1.467163,-1.723561,1.342243,0.596082,1.404703
12229,407.633333,1,712.738132,355.795718,622.967892,359.627178,667.853012,357.711448,2.918201,1.456272,-1.73065,1.350493,0.593775,1.403382
12230,407.666667,1,712.696972,355.77581,622.944937,359.598586,667.820954,357.687198,2.924313,1.446487,-1.731572,1.363781,0.596371,1.405134
12231,407.7,1,709.97118,355.643744,621.379671,359.558262,665.675426,357.601003,2.921729,1.692794,-1.748939,1.107596,0.586395,1.400195
12232,407.733333,1,705.696983,355.423416,616.665325,359.513265,661.181154,357.468341,2.870183,1.815137,-1.828344,1.160976,0.520919,1.488056
12233,407.766667,1,701.997261,355.088966,613.283911,360.463137,657.640586,357.776052,2.817116,1.515778,-1.875655,1.447015,0.47073,1.481397
12234,407.8,1,700.111217,355.126255,611.422291,360.537584,655.766754,357.831919,2.8173,1.373659,-1.912257,1.29596,0.452522,1.334809
12235,407.833333,1,698.234653,355.06568,609.526834,360.651412,653.880744,357.858546,2.795783,1.440673,-1.897012,1.191243,0.449386,1.315958
12236,407.866667,1,696.946354,354.961401,608.634462,360.803402,652.790408,357.882401,2.816372,1.418986,-1.861887,1.228412,0.477242,1.323699
12237,407.9,1,695.764179,354.750268,607.822037,360.765771,651.793108,357.758019,2.82947,1.42379,-1.874675,1.202711,0.477397,1.313251
12238,407.933333,1,694.870071,354.708468,607.315817,360.904527,651.092944,357.806498,2.80551,1.411781,-1.885731,1.127042,0.45989,1.269411
12239,407.966667,1,694.431763,354.405078,606.622677,360.825235,650.52722,357.615157,2.765488,1.394198,-1.906935,1.193754,0.429277,1.293976
12240,408.0,1,694.332409,354.271322,606.529589,360.586202,650.430999,357.428762,2.760763,1.423733,-1.912196,1.175399,0.424283,1.299566
12241,408.033333,1,694.521198,353.97917,606.358891,360.393072,650.440044,357.186121,2.748904,1.484527,-1.92808,1.225171,0.410412,1.354849
12242,408.066667,1,694.866962,354.057271,606.61562,360.629724,650.741291,357.343497,2.729455,1.462269,-1.946356,1.247187,0.39155,1.354728
12243,408.1,1,695.096245,354.096007,607.14365,360.739539,651.119947,357.417773,2.751335,1.379979,-1.911749,1.268307,0.419793,1.324143
12244,408.133333,1,695.526848,354.262787,607.23814,360.779557,651.382494,357.521172,2.735486,1.394299,-1.928079,1.283423,0.403704,1.338861
12245,408.166667,1,696.076469,354.521958,607.906342,360.836286,651.991405,357.679122,2.757697,1.384103,-1.915352,1.284281,0.421172,1.334192
12246,408.2,1,697.168198,354.664786,608.786173,360.526319,652.977185,357.595553,2.767042,1.331107,-1.889838,1.305331,0.438602,1.318219
12247,408.233333,1,699.185257,354.601926,610.018053,360.402895,654.601655,357.50241,2.770019,1.321294,-1.937115,1.31348,0.416452,1.317387
12248,408.266667,1,702.879868,355.213893,614.393024,359.686981,658.636446,357.450437,2.861207,1.638685,-1.821741,1.210881,0.519733,1.424783
12249,408.3,1,709.322319,355.463698,621.155529,359.757534,665.238924,357.610616,2.895562,1.566899,-1.774417,1.20343,0.560573,1.385164
12250,408.333333,1,714.514084,355.846514,625.811586,359.44011,670.162835,357.643312,2.881261,1.32653,-1.756245,1.625543,0.562508,1.476036
12251,408.366667,1,717.877426,355.91903,628.200512,359.640273,673.038969,357.779651,2.938307,1.442115,-1.708677,1.699673,0.614815,1.570894
12252,408.4,1,720.054665,355.809129,630.128031,359.029421,675.091348,357.419275,2.922171,1.621936,-1.707042,1.634143,0.607565,1.62804
12253,408.433333,1,721.808491,355.949827,631.786051,358.75693,676.797271,357.353379,2.923105,1.687346,-1.718307,1.786063,0.602399,1.736704
12254,408.466667,1,723.316288,355.944559,632.987881,358.407632,678.152084,357.176095,2.922231,1.64262,-1.731103,1.705961,0.595564,1.67429
12255,408.5,1,724.582958,355.982802,634.485359,358.189799,679.534159,357.0863,2.87954,1.57932,-1.730922,1.645505,0.574309,1.612413
12256,408.533333,1,725.393639,355.907201,635.497112,358.264461,680.445375,357.085831,2.878559,1.501051,-1.730395,1.61061,0.574082,1.555831
12257,408.566667,1,726.015816,356.163958,635.958014,358.060334,680.986915,357.112146,2.853871,1.54372,-1.739041,1.682801,0.557415,1.61326
12258,408.6,1,726.714706,356.107262,636.392107,357.765398,681.553407,356.93633,2.863553,1.546124,-1.739839,1.528887,0.561857,1.537506
12259,408.633333,1,726.718349,356.121826,636.812496,357.845441,681.765423,356.983633,2.839294,1.492245,-1.721879,1.692339,0.558708,1.592292
12260,408.666667,1,727.144184,356.11703,636.763067,357.615495,681.953626,356.866263,2.866148,1.631159,-1.732356,1.621081,0.566896,1.62612
12261,408.7,1,727.005959,356.156802,636.841335,357.744343,681.923647,356.950572,2.86283,1.543417,-1.738358,1.650392,0.562236,1.596905
12262,408.733333,1,727.109528,356.216176,636.592054,357.698632,681.850791,356.957404,2.882779,1.602435,-1.733368,1.54734,0.574705,1.574888
12263,408.766667,1,726.908474,356.376936,636.632757,357.806312,681.770616,357.091624,2.880355,1.592234,-1.710738,1.602516,0.584808,1.597375
12264,408.8,1,726.478729,356.046252,635.755377,357.703412,681.117053,356.874832,2.909724,1.552886,-1.724953,1.51435,0.592386,1.533618
12265,408.833333,1,726.313972,355.848836,635.620079,357.745609,680.967026,356.797222,2.907768,1.548319,-1.721622,1.587465,0.593073,1.567892
12266,408.866667,1,725.70118,355.794752,635.169907,357.775987,680.435543,356.78537,2.905597,1.563967,-1.73391,1.471119,0.585844,1.517543
12267,408.9,1,725.291004,355.858154,634.52034,357.918155,679.905672,356.888155,2.919456,1.601778,-1.759313,1.481752,0.580072,1.541765
12268,408.933333,1,725.067539,355.554668,634.062328,358.018781,679.564934,356.786724,2.930945,1.651671,-1.761013,1.529221,0.584966,1.590446
12269,408.966667,1,724.526539,355.615382,633.495102,358.326033,679.01082,356.970708,2.947349,1.635321,-1.762109,1.585045,0.59262,1.610183
12270,409.0,1,724.294453,355.541326,633.510361,358.455777,678.902407,356.998552,2.922446,1.559509,-1.734453,1.65611,0.593996,1.607809
12271,409.033333,1,724.200764,355.377175,632.851381,358.494878,678.526073,356.936027,2.930886,1.590874,-1.742472,1.664894,0.594207,1.627884
12272,409.066667,1,723.673439,355.336829,632.914906,358.382134,678.294172,356.859482,2.9208,1.568557,-1.73725,1.736913,0.591775,1.652735
12273,409.1,1,723.765125,355.095356,632.918024,358.31914,678.341575,356.707248,2.915784,1.498419,-1.729645,1.752987,0.59307,1.625703
12274,409.133333,1,723.359241,354.752913,632.865906,358.269905,678.112574,356.511409,2.899174,1.480597,-1.731139,1.713239,0.584017,1.596918
12275,409.166667,1,723.248272,354.508606,633.038206,357.882895,678.143239,356.195751,2.897692,1.480419,-1.733993,1.659723,0.58185,1.570071
12276,409.2,1,723.27631,354.565635,632.989798,358.067506,678.133054,356.316571,2.905142,1.428443,-1.742166,1.673975,0.581488,1.551209
12277,409.233333,1,723.448963,354.645506,632.997561,358.042245,678.223262,356.343876,2.914981,1.429516,-1.751713,1.591737,0.581634,1.510627
12278,409.266667,1,723.410892,354.585972,633.033276,358.110201,678.222084,356.348087,2.915361,1.408335,-1.747334,1.625989,0.584013,1.517162
12279,409.3,1,723.414764,354.531003,633.117733,358.137233,678.266249,356.334118,2.920199,1.425835,-1.745347,1.618217,0.587426,1.522026
12280,409.333333,1,723.274364,354.55356,632.987041,358.204304,678.130703,356.378932,2.920992,1.442311,-1.744277,1.632355,0.588358,1.537333
12281,409.366667,1,723.181667,354.620127,632.778969,358.258833,677.980318,356.43948,2.930752,1.454342,-1.746577,1.604935,0.592088,1.529638
12282,409.4,1,723.213844,354.599168,632.868509,358.273939,678.041177,356.436554,2.915964,1.43355,-1.736765,1.661766,0.5896,1.547658
12283,409.433333,1,723.220882,354.622697,632.835817,358.266596,678.02835,356.444646,2.917282,1.456872,-1.738716,1.655381,0.589283,1.556127
12284,409.466667,1,722.80262,355.322013,632.139454,359.085817,677.471037,357.203915,2.915291,1.403731,-1.760414,1.588654,0.577439,1.496192
12285,409.5,1,722.536392,355.642655,632.031202,359.20031,677.283797,357.421483,2.900107,1.420623,-1.74739,1.47804,0.576359,1.449331
12286,409.533333,1,722.522793,355.617812,631.885805,359.166858,677.204299,357.392335,2.918178,1.45044,-1.745317,1.503546,0.58643,1.476993
12287,409.566667,1,722.570858,355.625843,631.938725,359.154992,677.254791,357.390417,2.913578,1.447188,-1.747735,1.509005,0.582921,1.478096
12288,409.6,1,722.457123,355.626111,631.86573,359.088832,677.161427,357.357472,2.914951,1.449827,-1.748057,1.530957,0.583447,1.490392
12289,409.633333,1,722.435722,355.665389,631.888084,359.06083,677.161903,357.36311,2.912814,1.424067,-1.748182,1.489185,0.582316,1.456626
12290,409.666667,1,722.098637,355.632489,631.644115,359.131361,676.871376,357.381925,2.903222,1.384306,-1.751334,1.543336,0.575944,1.463821
12291,409.7,1,721.912251,355.638798,631.066113,359.216232,676.489182,357.427515,2.927616,1.453802,-1.764917,1.460789,0.581349,1.457295
12292,409.733333,1,721.42107,355.656227,630.505114,359.402087,675.963092,357.529157,2.928889,1.534036,-1.772771,1.498879,0.578059,1.516457
12293,409.766667,1,721.057816,355.548209,629.95594,359.518028,675.506878,357.533119,2.937688,1.527152,-1.780546,1.470155,0.578571,1.498654
12294,409.8,1,720.651665,355.535581,629.597101,359.54867,675.124383,357.542126,2.939567,1.530349,-1.782331,1.473172,0.578618,1.501761
12295,409.833333,1,720.542068,355.503223,629.488478,359.552447,675.015273,357.527835,2.947491,1.515023,-1.786631,1.517721,0.58043,1.516372
12296,409.866667,1,720.374756,355.325425,629.190693,359.436623,674.782724,357.381024,2.96881,1.423188,-1.778071,1.53763,0.59537,1.480409
12297,409.9,1,719.997635,355.207005,628.969488,359.388102,674.483562,357.297554,2.936001,1.413813,-1.785856,1.587723,0.575073,1.500768
12298,409.933333,1,719.939117,355.2268,628.880959,359.282402,674.410038,357.254601,2.939944,1.463436,-1.782809,1.555386,0.578567,1.509411
12299,409.966667,1,719.972763,355.219043,628.695946,359.264329,674.334354,357.241686,2.942153,1.46534,-1.789558,1.565445,0.576298,1.515392
12300,410.0,1,720.480309,354.902692,629.549713,358.702911,675.015011,356.802801,2.952495,1.4354,-1.776441,1.583194,0.588027,1.509297
12301,410.033333,1,721.234493,354.513955,630.119228,358.120989,675.676861,356.317472,2.963342,1.487528,-1.764418,1.686272,0.599462,1.5869
12302,410.066667,1,721.491375,353.916149,630.292368,357.576141,675.891871,355.746145,2.977725,1.49101,-1.775279,1.615524,0.601223,1.553267
12303,410.1,1,721.739941,353.287225,630.464697,356.896293,676.102319,355.091759,2.961482,1.447578,-1.775193,1.530078,0.593144,1.488828
12304,410.133333,1,721.941338,352.283821,630.933647,356.216648,676.437492,354.250234,2.921832,1.495664,-1.785755,1.459685,0.568038,1.477675
12305,410.166667,1,721.977692,351.733035,630.884809,356.142436,676.431251,353.937736,2.948607,1.505492,-1.783143,1.438255,0.582732,1.471874
12306,410.2,1,722.102985,352.166115,631.257982,356.39421,676.680484,354.280162,2.903597,1.503059,-1.74674,1.517229,0.578428,1.510144
12307,410.233333,1,722.148914,352.097268,631.320639,356.628426,676.734776,354.362847,2.89641,1.450549,-1.749286,1.52438,0.573562,1.487465
12308,410.266667,1,722.038269,352.374254,631.605444,357.229546,676.821856,354.8019,2.862927,1.46683,-1.733956,1.538703,0.564485,1.502767
12309,410.3,1,722.102432,352.412267,631.51144,357.328799,676.806936,354.870533,2.859437,1.468365,-1.739148,1.539095,0.560144,1.50373
12310,410.333333,1,722.238922,352.030792,631.626616,357.27156,676.932769,354.651176,2.872546,1.439141,-1.742244,1.578612,0.565151,1.508876
12311,410.366667,1,722.301979,352.072549,631.579828,357.214483,676.940904,354.643516,2.893042,1.461825,-1.733835,1.609007,0.579604,1.535416
12312,410.4,1,722.113686,352.176265,631.682444,357.358652,676.898065,354.767458,2.884851,1.407086,-1.719611,1.688176,0.58262,1.547631
12313,410.433333,1,722.095337,352.085863,631.689796,357.327243,676.892567,354.706553,2.894481,1.379119,-1.716225,1.695034,0.589128,1.537076
12314,410.466667,1,722.025204,352.143322,631.704407,357.303565,676.864805,354.723443,2.89869,1.39645,-1.71219,1.67726,0.59325,1.536855
12315,410.5,1,722.041454,352.215827,631.692791,357.283496,676.867123,354.749662,2.902559,1.38906,-1.704466,1.701984,0.599046,1.545522
12316,410.533333,1,722.300186,352.367903,631.707439,357.288453,677.003813,354.828178,2.920392,1.385461,-1.703451,1.711005,0.608471,1.548233
12317,410.566667,1,722.326031,352.407369,631.690273,357.422934,677.008152,354.915151,2.920728,1.383499,-1.701668,1.734537,0.60953,1.559018
12318,410.6,1,722.380123,352.414917,631.625824,357.492703,677.002974,354.95381,2.922822,1.401714,-1.706088,1.7249,0.608367,1.563307
12319,410.633333,1,722.341766,352.637127,631.686096,357.607797,677.013931,355.122462,2.926478,1.388572,-1.706795,1.723528,0.609841,1.55605
12320,410.666667,1,722.359753,352.540632,631.355438,357.665598,676.857595,355.103115,2.952394,1.400326,-1.710709,1.728136,0.620843,1.564231
12321,410.7,1,722.350273,352.575978,631.201429,357.745909,676.775851,355.160944,2.952833,1.397159,-1.702227,1.761593,0.625303,1.579376
12322,410.733333,1,722.119122,352.607891,631.174746,358.099633,676.646934,355.353762,2.935383,1.395987,-1.706357,1.738484,0.614513,1.567236
12323,410.766667,1,722.183056,352.624124,631.009865,357.974482,676.59646,355.299303,2.959188,1.436491,-1.701621,1.802136,0.628783,1.619314
12324,410.8,1,722.140369,352.702203,631.275635,357.983875,676.708002,355.343039,2.961602,1.468506,-1.695157,1.788247,0.633223,1.628377
12325,410.833333,1,722.533627,352.614141,631.954212,357.830125,677.243919,355.222133,2.92696,1.440415,-1.709268,1.746722,0.608846,1.593569
12326,410.866667,1,722.867908,352.732501,632.154245,357.639028,677.511077,355.185765,2.943912,1.433184,-1.727137,1.636029,0.608387,1.534607
12327,410.9,1,723.357296,352.586616,632.968283,357.517197,678.162789,355.051906,2.928264,1.41965,-1.721465,1.636304,0.6034,1.527977
12328,410.933333,1,723.526211,351.819643,633.460388,356.407079,678.493299,354.113361,2.912245,1.495231,-1.751555,1.572923,0.580345,1.534077
12329,410.966667,1,723.690109,351.690924,633.761349,356.340179,678.725729,354.015552,2.888664,1.441664,-1.742137,1.554134,0.573263,1.497899
12330,411.0,1,724.208755,351.839041,634.364452,356.34696,679.286604,354.093001,2.883315,1.46513,-1.742298,1.512585,0.570509,1.488858
12331,411.033333,1,724.418736,351.95892,634.566021,356.16487,679.492378,354.061895,2.881724,1.418962,-1.749008,1.455132,0.566358,1.437047
12332,411.066667,1,724.689045,352.074212,634.749765,356.12601,679.719405,354.100111,2.893933,1.403169,-1.731547,1.502778,0.581193,1.452973
12333,411.1,1,724.890022,352.074764,634.962788,356.072034,679.926405,354.073399,2.889276,1.401161,-1.740878,1.490082,0.574199,1.445621
12334,411.133333,1,725.010433,351.969622,635.125198,355.956683,680.067816,353.963152,2.869063,1.363344,-1.752016,1.497246,0.558523,1.430295
12335,411.166667,1,725.17416,351.79796,635.138521,356.017907,680.156341,353.907934,2.884,1.358989,-1.753353,1.552298,0.565324,1.455644
12336,411.2,1,725.179863,351.721072,635.109844,356.000306,680.144854,353.860689,2.886389,1.334686,-1.75542,1.564159,0.565485,1.449423
12337,411.233333,1,724.629459,353.052118,634.421577,357.147245,679.525518,355.099682,2.88613,1.302254,-1.736201,1.610431,0.574964,1.456342
12338,411.266667,1,724.619217,353.080207,634.265137,357.134575,679.442177,355.107391,2.885939,1.344563,-1.754759,1.500638,0.56559,1.4226
12339,411.3,1,724.715672,352.985374,633.961697,357.127209,679.338684,355.056292,2.91753,1.373748,-1.747683,1.538302,0.584923,1.456025
12340,411.333333,1,724.581718,353.222557,633.748293,357.300265,679.165006,355.261411,2.915441,1.380078,-1.733343,1.524482,0.591049,1.45228
12341,411.366667,1,724.222584,353.18749,633.612804,357.368351,678.917694,355.27792,2.895714,1.354179,-1.74639,1.508598,0.574662,1.431388
12342,411.4,1,724.092789,353.150223,633.527994,357.467093,678.810391,355.308658,2.892651,1.348706,-1.737587,1.541978,0.577532,1.445342
12343,411.433333,1,723.917122,353.175881,633.378792,357.46263,678.647957,355.319256,2.894186,1.330623,-1.739505,1.504023,0.57734,1.417323
12344,411.466667,1,723.954563,353.231488,633.269968,357.413648,678.612266,355.322568,2.900595,1.335359,-1.737687,1.555377,0.581454,1.445368
12345,411.5,1,723.944969,353.312942,633.045635,357.598355,678.495302,355.455649,2.90491,1.377219,-1.7536,1.606725,0.575655,1.491972
12436,414.533333,1,704.281445,354.891121,614.908428,360.874808,659.594936,357.882965,2.986553,1.239243,-1.764942,1.210801,0.610805,1.225022
12437,414.566667,1,703.544121,354.710276,614.463968,361.345514,659.004045,358.027895,3.008357,1.24392,-1.741275,1.244392,0.633541,1.244156
12438,414.6,1,703.536339,354.913169,614.605083,361.434172,659.070711,358.17367,2.963763,1.234363,-1.741853,1.262573,0.610955,1.248468
12439,414.633333,1,703.55114,355.186706,614.459009,361.689202,659.005075,358.437954,2.975636,1.249558,-1.764154,1.354566,0.605741,1.302062
12440,414.666667,1,703.335876,355.474373,614.249811,362.064287,658.792844,358.76933,2.957816,1.246337,-1.780182,1.329496,0.588817,1.287916
12441,414.7,1,703.307858,355.843821,614.327059,362.405716,658.817458,359.124768,2.930046,1.217824,-1.767364,1.27763,0.581341,1.247727
12442,414.733333,1,703.357525,355.909143,614.325066,362.488022,658.841295,359.198583,2.940847,1.254494,-1.777694,1.255671,0.581577,1.255083
12443,414.766667,1,702.93602,355.944983,614.248581,362.660961,658.5923,359.302972,2.994676,1.256045,-1.763043,1.327797,0.615817,1.291921
12444,414.8,1,702.553234,355.992667,613.87002,362.793124,658.211627,359.392895,2.990052,1.184188,-1.759309,1.44944,0.615371,1.316814
12445,414.833333,1,702.094669,356.100723,613.68619,363.08556,657.890429,359.593141,3.032457,1.190901,-1.75396,1.476615,0.639249,1.333758
12446,414.866667,1,701.953983,356.542225,613.619833,363.450383,657.786908,359.996304,3.020987,1.20171,-1.761356,1.448038,0.629816,1.324874
12447,414.9,1,702.068443,356.937261,613.549366,363.905184,657.808905,360.421222,3.006755,1.256226,-1.752697,1.495221,0.627029,1.375723
12448,414.933333,1,702.014427,357.11088,613.326416,364.276031,657.670422,360.693456,3.006209,1.276247,-1.750026,1.45085,0.628092,1.363548
12449,414.966667,1,701.690216,357.403037,612.920818,364.73235,657.305517,361.067694,3.031024,1.31624,-1.75868,1.471771,0.636172,1.394006
12450,415.0,1,701.664314,357.790241,612.735577,365.157121,657.199945,361.473681,3.045953,1.298441,-1.744513,1.533539,0.65072,1.41599
12451,415.033333,1,700.737019,357.914352,611.995173,365.650229,656.366096,361.78229,3.040815,1.303371,-1.752224,1.486152,0.644296,1.394761
12452,415.066667,1,700.307617,357.899573,611.558495,365.738216,655.933056,361.818894,3.030948,1.359526,-1.762775,1.501152,0.634087,1.430339
12453,415.1,1,699.464149,357.85956,610.764618,365.78913,655.114384,361.824345,3.062072,1.425242,-1.753914,1.51277,0.654079,1.469006
12454,415.133333,1,698.580265,358.395191,610.062437,366.001319,654.321351,362.198255,3.039228,1.368042,-1.761712,1.594683,0.638758,1.481363
12455,415.166667,1,696.604652,358.836828,608.554811,366.744511,652.579732,362.79067,3.018819,1.378113,-1.729449,1.575571,0.644685,1.476842
12456,415.2,1,694.112682,359.907249,606.989384,367.9529,650.551033,363.930075,2.983827,1.396828,-1.710762,1.555174,0.636532,1.476001
12457,415.233333,1,688.970814,362.340657,603.149824,371.76095,646.060319,367.050803,2.946236,1.45224,-1.682426,1.645815,0.631905,1.549027
12458,415.266667,1,681.68541,366.860404,596.409664,378.394343,639.047537,372.627373,2.971477,1.532046,-1.787005,2.510897,0.592236,2.021471
12459,415.3,1,673.503666,372.552052,595.625343,383.269204,634.564505,377.910628,2.902073,1.516881,-1.561896,11.172445,0.670088,6.344663
12460,415.333333,1,663.131332,376.932925,587.73366,388.660197,625.432496,382.796561,3.034598,0.90954,-1.488918,14.350508,0.77284,7.630024
12461,415.366667,1,651.527004,380.642817,579.872437,392.809339,615.69972,386.726078,3.297,0.733984,-1.374646,20.548888,0.961177,10.641436
12462,415.4,1,642.660704,384.27102,573.98303,395.480379,608.321867,389.875699,3.465684,0.447075,-1.325634,16.185083,1.070025,8.316079
12463,415.433333,1,636.023741,386.716658,568.960133,395.425308,602.491937,391.070983,3.537893,2.328531,-1.359975,9.752009,1.088959,6.04027
12464,415.466667,1,632.015648,388.333365,565.795822,397.013004,598.905735,392.673184,3.399856,4.893939,-1.334799,10.625627,1.032529,7.759783
12465,415.5,1,630.265532,389.981486,564.685659,397.579025,597.475595,393.780255,3.519105,5.27831,-1.337326,8.780634,1.09089,7.029472
12466,415.533333,1,631.932278,390.572494,563.391323,398.482618,597.6618,394.527556,3.627447,9.775548,-1.336572,9.518413,1.145437,9.646981
12467,415.566667,1,630.358782,390.934839,563.637791,399.024918,596.998286,394.979879,3.619326,7.722225,-1.35046,12.883046,1.134433,10.302635
12468,415.6,1,632.326899,390.976746,565.828905,398.361028,599.077902,394.668887,3.398795,6.048902,-1.364115,10.807137,1.01734,8.42802
12469,415.633333,1,636.853561,389.688342,573.675251,398.120831,605.264406,393.904586,3.575734,2.880812,-1.223538,15.423512,1.176098,9.152162
12470,415.666667,1,649.437332,385.160354,576.331797,394.852935,612.884564,390.006645,3.636197,1.704917,-1.314803,3.836589,1.160697,2.770753
12471,415.7,1,657.428932,379.027387,581.510801,389.000334,619.469867,384.01386,3.560654,1.145913,-1.383637,4.514703,1.088509,2.830308
12472,415.733333,1,668.857441,372.278048,591.775169,382.156055,630.316305,377.217051,3.245625,1.292236,-1.379834,2.627414,0.932896,1.959825
12473,415.766667,1,680.481949,367.672813,600.674858,377.176083,640.578403,372.424448,3.126724,1.502508,-1.455744,2.052218,0.83549,1.777363
12474,415.8,1,688.354378,365.322061,606.623907,372.993629,647.489142,369.157845,2.9642,1.539013,-1.555876,1.456355,0.704162,1.497684
12475,415.833333,1,695.931263,364.071068,611.176395,370.769166,653.553829,367.420117,3.034839,1.264918,-1.609215,1.511668,0.712812,1.388293
12476,415.866667,1,701.685658,363.723072,616.055679,369.32411,658.870668,366.523591,3.000357,1.08191,-1.621853,1.578485,0.689252,1.330197
12477,415.9,1,706.88385,363.454755,620.163059,368.008078,663.523455,365.731417,2.972468,1.095958,-1.63339,1.825174,0.669539,1.460566
12478,415.933333,1,710.995941,363.334104,623.423729,367.126876,667.209835,365.23049,3.009912,1.180532,-1.617205,1.864092,0.696354,1.522312
12479,415.966667,1,714.365501,363.586768,626.546822,366.627014,670.456161,365.106891,2.977519,1.238029,-1.628165,1.770058,0.674677,1.504044
12480,416.0,1,717.267075,364.158062,629.665966,366.310047,673.46652,365.234055,2.926809,1.082952,-1.650846,1.688814,0.637982,1.385883
12481,416.033333,1,719.512386,364.352217,632.075195,366.103753,675.793791,365.227985,2.916185,1.159563,-1.676782,1.712279,0.619702,1.435921
12482,416.066667,1,721.578369,365.255815,633.171501,366.353804,677.374935,365.80481,2.899357,1.34672,-1.669179,1.603074,0.615089,1.474897
12483,416.1,1,723.546066,365.485836,635.215511,366.420833,679.380789,365.953335,2.882127,1.27786,-1.670372,1.637254,0.605878,1.457557
12484,416.133333,1,725.171356,365.632934,636.928892,366.33673,681.050124,365.984832,2.867282,1.327709,-1.68933,1.64322,0.588976,1.485465
12485,416.166667,1,726.901665,365.644934,638.079729,365.809155,682.490697,365.727045,2.862198,1.446712,-1.737761,1.607911,0.562219,1.527312
12486,416.2,1,728.266411,365.369546,638.894939,365.149707,683.580675,365.259627,2.862926,1.597686,-1.761807,1.656413,0.55056,1.62705
12487,416.233333,1,729.680176,365.290824,640.1933,364.663541,684.936738,364.977182,2.858733,1.555217,-1.763187,1.518171,0.547773,1.536694
12488,416.266667,1,730.740414,365.320553,640.800571,364.546623,685.770493,364.933588,2.86054,1.516288,-1.789832,1.506357,0.535354,1.511323
12489,416.3,1,731.188202,365.140851,641.102915,364.532236,686.145558,364.836543,2.856856,1.419056,-1.808227,1.551361,0.524314,1.485208
12490,416.333333,1,730.812988,365.118234,641.107368,364.503611,685.960178,364.810923,2.849463,1.357936,-1.810232,1.506369,0.519616,1.432152
12491,416.366667,1,730.688915,365.16977,641.068783,364.951347,685.878849,365.060559,2.847598,1.315848,-1.778185,1.588289,0.534706,1.452069
12492,416.4,1,729.804821,365.897266,641.918497,367.094743,685.861659,366.496004,2.802802,1.157179,-1.79124,1.960009,0.505781,1.558594
12493,416.433333,1,728.904648,368.56351,644.919052,368.679221,686.91185,368.621365,2.802933,2.656789,-1.703012,20.778088,0.549961,11.717439
12494,416.466667,1,727.508526,365.886859,642.787361,367.206581,685.147943,366.54672,2.777527,1.784827,-1.822239,4.450267,0.477644,3.117547
12495,416.5,1,728.264847,363.808292,639.077787,366.213702,683.671317,365.010997,2.860898,1.76349,-1.899266,2.071248,0.480816,1.917369
12496,416.533333,1,727.237186,362.640887,638.201609,364.968095,682.719398,363.804491,2.86631,1.535673,-1.896445,1.95738,0.484932,1.746527
12497,416.566667,1,726.66975,361.661012,637.360392,364.517055,682.015071,363.089033,2.875903,1.438136,-1.849712,1.602013,0.513095,1.520075
12498,416.6,1,726.01059,361.215121,636.882076,364.088041,681.446333,362.651581,2.896162,1.355558,-1.823471,1.552512,0.536345,1.454035
12499,416.633333,1,725.488205,360.690867,636.65431,363.843895,681.071258,362.267381,2.870967,1.424037,-1.797429,1.617969,0.536769,1.521003
12500,416.666667,1,725.137081,360.496048,635.797691,363.575009,680.467386,362.035528,2.881511,1.466675,-1.80533,1.498202,0.538091,1.482439
12501,416.7,1,725.301113,360.082676,634.901829,363.787129,680.101471,361.934903,2.904446,1.401481,-1.799446,1.597512,0.5525,1.499496
12502,416.733333,1,725.151711,359.351217,634.922819,363.662878,680.037265,361.507047,2.933068,1.646084,-1.795989,1.574809,0.568539,1.610446
12503,416.766667,1,725.28059,358.841565,635.155945,363.547028,680.218267,361.194296,2.921178,1.491342,-1.774778,1.516662,0.5732,1.504002
12504,416.8,1,725.408497,358.27395,635.116177,363.171734,680.262337,360.722842,2.950856,1.526458,-1.78899,1.478008,0.580933,1.502233
12505,416.833333,1,725.460682,357.589697,635.206766,362.739458,680.333724,360.164578,2.938233,1.564485,-1.782547,1.417886,0.577843,1.491186
12506,416.866667,1,725.783253,357.589021,635.438499,362.738149,680.610876,360.163585,2.946474,1.485995,-1.781061,1.445324,0.582707,1.465659
12507,416.9,1,725.991707,357.454208,635.518942,362.695985,680.755324,360.075096,2.946466,1.411721,-1.777229,1.473551,0.584619,1.442636
12508,416.933333,1,726.219025,357.478251,635.647564,362.715104,680.933294,360.096678,2.946204,1.462708,-1.783783,1.550341,0.58121,1.506525
12509,416.966667,1,726.241989,357.752797,635.65917,362.740874,680.95058,360.246836,2.933169,1.386605,-1.773541,1.517582,0.579814,1.452093
12510,417.0,1,725.821648,357.895614,635.365238,362.287865,680.593443,360.09174,2.944221,1.468096,-1.778839,1.412577,0.582691,1.440337
12511,417.033333,1,724.81308,357.938594,635.148973,362.469816,679.981027,360.204205,2.895404,1.403891,-1.763761,1.445604,0.565821,1.424747
12512,417.066667,1,724.480171,357.760345,634.910011,362.221384,679.695091,359.990864,2.887141,1.439932,-1.759133,1.369249,0.564004,1.40459
12513,417.1,1,723.932934,357.908161,634.827318,362.548222,679.380126,360.228192,2.896098,1.518609,-1.775903,1.825484,0.560098,1.672046
12514,417.133333,1,724.666786,358.432914,635.801134,362.959646,680.23396,360.69628,2.926117,1.586137,-1.775242,1.854872,0.575437,1.720505
12515,417.166667,1,726.872807,357.82254,637.28941,362.265882,682.081108,360.044211,2.936522,1.428451,-1.775,2.155984,0.580761,1.792218
12516,417.2,1,728.006439,358.019725,638.27816,361.700778,683.1423,359.860252,2.929975,1.451746,-1.783022,1.748668,0.573476,1.600207
12517,417.233333,1,729.354782,358.483323,639.493427,361.453285,684.424105,359.968304,2.942703,1.390981,-1.784598,1.629823,0.579053,1.510402
12518,417.266667,1,729.808044,358.617691,640.078869,361.11677,684.943457,359.867231,2.937922,1.356375,-1.741607,1.541467,0.598157,1.448921
12519,417.3,1,729.848785,358.656476,639.515905,360.808225,684.682345,359.73235,2.920355,1.326801,-1.752569,1.586018,0.583893,1.456409
12520,417.333333,1,729.470539,358.616098,639.130192,360.654089,684.300365,359.635094,2.910388,1.349981,-1.769585,1.49203,0.570401,1.421006
12521,417.366667,1,729.020557,358.252434,638.853083,360.38642,683.93682,359.319427,2.918174,1.286303,-1.755561,1.512442,0.581307,1.399373
12522,417.4,1,728.898315,357.928246,638.900824,359.920698,683.89957,358.924472,2.925174,1.303322,-1.754833,1.404114,0.585171,1.353718
12523,417.433333,1,729.303818,357.367648,639.072428,359.356962,684.188123,358.362305,2.975344,1.388356,-1.789884,1.317067,0.59273,1.352711
12524,417.466667,1,729.71447,356.630824,639.108305,359.141752,684.411387,357.886288,2.978461,1.346131,-1.779032,1.509804,0.599715,1.427967
12525,417.5,1,729.959373,355.840613,639.141531,358.741046,684.550452,357.290829,2.959191,1.355901,-1.790266,1.349427,0.584463,1.352664
12526,417.533333,1,730.651722,355.173381,639.674444,358.435623,685.163083,356.804502,2.998762,1.411671,-1.786394,1.453282,0.606184,1.432476
12527,417.566667,1,731.76857,354.363306,640.66247,358.148814,686.21552,356.25606,2.979973,1.395277,-1.766916,1.548682,0.606529,1.47198
12528,417.6,1,732.541676,354.40797,641.28171,358.032031,686.911693,356.22,2.996563,1.279988,-1.750477,1.44796,0.623043,1.363974
12529,417.633333,1,734.034348,354.61296,642.350368,358.06499,688.192358,356.338975,2.987084,1.314843,-1.751546,1.57545,0.617769,1.445146
12530,417.666667,1,734.998741,355.483804,643.449955,358.463191,689.224348,356.973497,2.984836,1.345407,-1.762228,1.468887,0.611304,1.407147
12531,417.7,1,736.42601,356.435666,644.342861,358.66095,690.384436,357.548308,2.963196,1.360613,-1.747457,1.493433,0.607869,1.427023
12532,417.733333,1,736.453323,357.415831,644.331369,358.807479,690.392346,358.111655,2.99401,1.436548,-1.781018,1.228881,0.606496,1.332715
12533,417.766667,1,736.590919,357.700649,644.437227,359.04802,690.514073,358.374335,2.963658,1.431643,-1.756,1.284506,0.603829,1.358075
12534,417.8,1,736.062775,357.957895,644.018879,358.841468,690.040827,358.399681,2.909033,1.471929,-1.77306,1.434379,0.567986,1.453154
12535,417.833333,1,735.724087,358.098426,643.808022,358.85739,689.766054,358.477908,2.880043,1.395925,-1.764673,1.43972,0.557685,1.417823
12536,417.866667,1,735.091362,358.158025,643.2304,359.655063,689.160881,358.906544,2.867528,1.293803,-1.77349,1.533993,0.547019,1.413898
12537,417.9,1,734.232559,358.25857,642.534113,359.626079,688.383336,358.942325,2.880028,1.267813,-1.740805,1.495943,0.569612,1.381878
12538,417.933333,1,733.280792,358.669973,641.729994,360.083932,687.505393,359.376952,2.889672,1.237464,-1.749498,1.47418,0.570087,1.355822
12539,417.966667,1,732.838535,359.251277,640.868635,361.288158,686.853585,360.269718,2.894899,1.383686,-1.747079,1.488769,0.57391,1.436228
12540,418.0,1,732.582741,360.232912,640.322371,362.298986,686.452556,361.265949,2.896715,1.469595,-1.745954,1.384885,0.575381,1.42724
12541,418.033333,1,732.501488,361.293983,639.749432,362.970589,686.12546,362.132286,2.903532,1.434553,-1.75374,1.159374,0.574896,1.296964
12542,418.066667,1,732.308636,361.94959,639.396667,363.621524,685.852652,362.785557,2.929946,1.365643,-1.776344,1.300945,0.576801,1.333294
12543,418.1,1,731.840744,362.562701,639.4876,364.350109,685.664172,363.456405,2.922463,1.324483,-1.775363,1.317807,0.57355,1.321145
12544,418.133333,1,731.910496,362.732699,639.022493,364.295654,685.466495,363.514177,2.878783,1.282173,-1.795985,1.320223,0.541399,1.301198
12545,418.166667,1,732.340202,362.685878,638.879309,363.834266,685.609756,363.260072,2.916659,1.353346,-1.807764,1.405963,0.554448,1.379655
12546,418.2,1,733.945103,362.652581,639.932985,363.304954,686.939044,362.978767,2.92988,1.337444,-1.824522,1.333435,0.552679,1.335439
12547,418.233333,1,734.838085,361.738458,641.274014,362.283772,688.056049,362.011115,2.910834,1.586273,-1.802969,1.409507,0.553932,1.49789
12548,418.266667,1,735.344944,359.966462,642.461681,360.310712,688.903313,360.138587,2.843951,1.327671,-1.73717,1.605979,0.55339,1.466825
12549,418.3,1,735.745506,358.119428,642.692251,358.369775,689.218879,358.244601,2.881,1.327588,-1.7371,1.599432,0.57195,1.46351
12550,418.333333,1,735.799274,356.201418,642.928181,356.844215,689.363728,356.522816,2.847426,1.336646,-1.762353,1.71907,0.542537,1.527858
12551,418.366667,1,736.31218,355.237239,644.212246,355.48338,690.262213,355.360309,2.849909,1.287886,-1.813406,1.665888,0.518251,1.476887
12552,418.4,1,736.667099,355.096525,644.744997,355.746698,690.706048,355.421611,2.838852,1.267636,-1.845637,1.605225,0.496607,1.436431
12553,418.433333,1,737.010555,354.994977,644.908209,355.546385,690.959382,355.270681,2.871601,1.272028,-1.853172,1.574545,0.509215,1.423287
12554,418.466667,1,736.87748,355.204623,644.680395,355.857548,690.778937,355.531086,2.883861,1.263414,-1.856499,1.832364,0.513681,1.547889
12555,418.5,1,735.574894,355.725465,643.427334,356.340206,689.501114,356.032836,2.886052,1.493033,-1.834015,1.729066,0.526018,1.611049
12556,418.533333,1,734.897289,356.416102,641.87315,356.755761,688.38522,356.585931,2.937678,1.669038,-1.775128,1.777576,0.581275,1.723307
12557,418.566667,1,734.07671,356.667538,640.347261,356.878998,687.211986,356.773268,2.943135,1.553479,-1.776203,1.844959,0.583466,1.699219
12558,418.6,1,733.347168,356.697187,639.314528,357.344758,686.330848,357.020972,2.929818,1.542453,-1.790994,1.902907,0.569412,1.72268
12559,418.633333,1,732.616062,357.012604,639.60043,357.456633,686.108246,357.234618,2.980576,1.458562,-1.754448,1.986102,0.613064,1.722332
12560,418.666667,1,732.730598,357.489393,639.221888,357.892009,685.976243,357.690701,2.994285,1.356896,-1.759551,1.979158,0.617367,1.668027
12561,418.7,1,732.448406,358.60921,638.765717,358.606174,685.607061,358.607692,3.043601,1.382015,-1.757625,2.026414,0.642988,1.704215
12562,418.733333,1,732.019482,359.653904,638.292246,359.525925,685.155864,359.589914,3.009441,1.313529,-1.756575,2.15392,0.626433,1.733724
12563,418.766667,1,731.918297,359.539465,638.199282,359.534513,685.058789,359.536989,3.019734,1.46985,-1.782298,2.105369,0.618718,1.787609
12564,418.8,1,730.648193,361.150576,637.805138,361.986712,684.226665,361.568644,2.969246,1.455179,-1.789619,2.4816,0.589814,1.968389
12565,418.833333,1,730.008526,364.341788,636.969118,365.178037,683.488822,364.759912,2.932565,0.941526,-1.853191,4.906338,0.539687,2.923932
12566,418.866667,1,729.179173,364.454291,636.389246,365.142213,682.784209,364.798252,2.955027,1.78413,-1.89991,3.380548,0.527558,2.582339
12567,418.9,1,730.498848,362.687182,636.037655,363.040724,683.268251,362.863953,2.954687,1.188616,-1.882706,2.824337,0.535991,2.006476
12568,418.933333,1,728.984318,361.60748,636.511335,361.629565,682.747827,361.618523,2.925855,1.379077,-1.825289,2.349566,0.550283,1.864321
12569,418.966667,1,728.67382,361.397533,636.548882,361.502488,682.611351,361.45001,2.949755,1.511325,-1.7762,2.190226,0.586778,1.850775
12570,419.0,1,728.401394,361.052526,636.285477,361.255703,682.343435,361.154114,2.918681,1.393525,-1.789221,2.225836,0.56473,1.809681
12571,419.033333,1,728.299389,360.773683,635.952787,361.068174,682.126088,360.920928,2.950303,1.333737,-1.798194,2.230328,0.576054,1.782033
12572,419.066667,1,728.199291,360.294271,635.783958,360.674554,681.991625,360.484412,2.975709,1.261932,-1.787157,2.202336,0.594276,1.732134
12573,419.1,1,728.348579,359.63603,635.6567,360.148659,682.00264,359.892344,2.986109,1.327011,-1.782976,2.295974,0.601567,1.811493
12574,419.133333,1,728.339844,359.394604,635.604286,359.724237,681.972065,359.55942,2.999857,1.371026,-1.803843,2.13412,0.598007,1.752573
12575,419.166667,1,727.574673,359.377084,635.182753,359.706711,681.378713,359.541897,2.983704,1.333452,-1.800469,1.741262,0.591618,1.537357
12576,419.2,1,727.411747,359.358625,635.406895,359.637473,681.409321,359.498049,2.972116,1.430458,-1.809085,1.771059,0.581516,1.600759
12577,419.233333,1,728.463879,359.504237,635.663614,359.499167,682.063746,359.501702,2.994359,1.405683,-1.84116,1.886635,0.5766,1.646159
12578,419.266667,1,728.460064,359.474459,635.735674,359.511135,682.097869,359.492797,2.998608,1.433634,-1.835275,1.827734,0.581666,1.630684
12579,419.3,1,728.134804,358.88411,635.91177,358.94078,682.023287,358.912445,2.963849,1.434464,-1.821325,1.854574,0.571262,1.644519
12580,419.333333,1,727.985668,358.539854,635.732422,358.939648,681.859045,358.739751,2.956897,1.362648,-1.835368,1.890523,0.560764,1.626585
12581,419.366667,1,727.763748,358.504191,635.569572,358.931049,681.66666,358.71762,2.95233,1.379194,-1.829805,1.911253,0.561263,1.645224
12582,419.4,1,727.446327,358.479021,635.013647,359.092528,681.229987,358.785775,2.971331,1.442611,-1.829813,1.999798,0.570759,1.721205
12583,419.433333,1,725.755291,359.239374,633.833065,359.586516,679.794178,359.412945,2.963423,1.378968,-1.83525,1.923548,0.564087,1.651258
12584,419.466667,1,725.210686,359.288067,632.990141,359.580781,679.100413,359.434424,2.970298,1.377594,-1.840337,2.017256,0.564981,1.697425
12585,419.5,1,724.179287,359.276919,631.753922,359.764647,677.966604,359.520783,2.939022,1.34413,-1.828339,1.992328,0.555341,1.668229
12586,419.533333,1,722.869263,359.530131,630.61512,360.297478,676.742191,359.913805,2.957618,1.253322,-1.806688,1.892271,0.575465,1.572796
12587,419.566667,1,721.620846,359.926143,629.484959,360.784128,675.552902,360.355135,2.925737,1.219304,-1.796715,2.027966,0.564511,1.623635
12588,419.6,1,720.644741,360.32275,628.639975,361.260241,674.642358,360.791496,2.913766,1.293931,-1.798487,1.931491,0.55764,1.612711
12589,419.633333,1,719.260941,360.842847,627.462931,361.852655,673.361936,361.347751,2.904873,1.409021,-1.786266,1.98815,0.559304,1.698586
12590,419.666667,1,718.4231,360.700346,627.258959,362.257261,672.841029,361.478804,2.89966,1.179308,-1.782113,2.015407,0.558774,1.597358
12591,419.7,1,718.391018,360.575135,626.773729,362.25283,672.582374,361.413983,2.914687,1.220845,-1.779346,1.939909,0.56767,1.580377
12592,419.733333,1,718.483829,360.570801,626.943998,362.268226,672.713914,361.419514,2.911522,1.209408,-1.77754,1.884551,0.566991,1.54698
12593,419.766667,1,718.557224,360.595933,627.106743,362.251264,672.831984,361.423599,2.921912,1.145522,-1.775531,1.975127,0.573191,1.560325
12594,419.8,1,719.688549,360.569122,627.95229,362.1857,673.820419,361.377411,2.942396,1.289674,-1.77176,2.044939,0.585318,1.667307
12595,419.833333,1,720.291252,360.410067,629.099321,361.632081,674.695287,361.021074,3.001257,1.278361,-1.741142,2.145743,0.630058,1.712052
12596,419.866667,1,720.389748,360.403613,629.249487,361.511881,674.819617,360.957747,2.974977,1.239058,-1.749699,2.111935,0.612639,1.675497
12597,419.9,1,721.192932,359.931883,629.32065,361.086043,675.256791,360.508963,3.012456,1.23491,-1.748133,2.327876,0.632162,1.781393
12598,419.933333,1,721.571178,359.466385,629.744463,360.755289,675.657821,360.110837,2.98139,1.17657,-1.777034,2.405406,0.602178,1.790988
12599,419.966667,1,721.700859,359.030655,629.842663,360.467364,675.771761,359.74901,2.963553,1.148268,-1.784421,2.20328,0.589566,1.675774
12600,420.0,1,722.127285,358.926805,630.564909,359.670094,676.346097,359.298449,2.993615,1.211537,-1.783049,2.088721,0.605283,1.650129
12601,420.033333,1,722.374363,358.903148,630.771694,359.869806,676.573029,359.386477,2.936822,1.256704,-1.780876,2.090355,0.577973,1.67353
12602,420.066667,1,722.958107,359.05457,631.076279,359.740003,677.017193,359.397286,2.95886,1.27516,-1.806759,2.014515,0.57605,1.644838
12603,420.1,1,723.030014,359.105918,631.402941,359.659043,677.216477,359.38248,2.944756,1.258107,-1.796134,1.926479,0.574311,1.592293
12604,420.133333,1,722.753735,359.1588,631.403008,359.720052,677.078371,359.439426,2.927043,1.207504,-1.783709,1.906913,0.571667,1.557209
12605,420.166667,1,722.535782,359.170398,631.400051,359.737433,676.967916,359.453916,2.910777,1.335455,-1.769776,1.791948,0.570501,1.563701
12606,420.2,1,722.42403,359.157432,631.372824,359.814852,676.898427,359.486142,2.904237,1.438666,-1.751801,1.726394,0.576218,1.58253
12607,420.233333,1,722.385788,359.032586,631.434584,359.91249,676.910186,359.472538,2.895046,1.35972,-1.747144,1.837485,0.573951,1.598602
12608,420.266667,1,722.605991,359.08387,631.493845,359.748564,677.049918,359.416217,2.907579,1.434528,-1.774988,1.844333,0.566296,1.63943
12609,420.3,1,722.729645,359.194179,631.42437,359.748178,677.077007,359.471178,2.922627,1.455712,-1.776251,1.812541,0.573188,1.634126
12610,420.333333,1,722.697334,359.331288,631.360826,360.045646,677.02908,359.688467,2.929101,1.391955,-1.77361,1.836553,0.577745,1.614254
12611,420.366667,1,722.760029,359.320725,631.359653,360.233352,677.059841,359.777039,2.939197,1.435658,-1.753755,1.933909,0.592721,1.684783
12612,420.4,1,722.598362,359.308162,631.290293,360.290059,676.944327,359.799111,2.931336,1.462384,-1.764332,1.910614,0.583502,1.686499
12613,420.433333,1,722.630463,359.279575,631.299305,360.264755,676.964884,359.772165,2.934564,1.522636,-1.757146,1.902615,0.588709,1.712626
12614,420.466667,1,722.767487,359.247662,631.299782,360.290923,677.033634,359.769292,2.934726,1.536409,-1.758992,1.930218,0.587867,1.733314
12615,420.5,1,722.595196,359.28591,631.240654,360.034686,676.917925,359.660298,2.939302,1.537828,-1.767408,1.785225,0.585947,1.661526
12706,423.533333,1,717.462196,361.636485,626.451082,362.369796,671.956639,362.003141,2.995352,1.599658,-1.771335,1.940494,0.612008,1.770076
12707,423.566667,1,717.913437,361.748189,627.27746,362.476827,672.595448,362.112508,2.991182,1.580079,-1.769442,2.046615,0.61087,1.813347
12708,423.6,1,719.221344,361.707644,627.707272,362.296894,673.464308,362.002269,3.032135,1.580011,-1.775266,2.048385,0.628434,1.814198
12709,423.633333,1,719.928894,361.909744,628.598595,362.143713,674.263744,362.026728,3.024884,1.693382,-1.765481,2.046911,0.629702,1.870146
12710,423.666667,1,720.815353,361.685103,629.406214,361.555424,675.110784,361.620263,3.014871,1.554803,-1.792839,2.001209,0.611016,1.778006
12711,423.7,1,721.200142,361.532485,629.988194,361.551449,675.594168,361.541967,2.987193,1.553587,-1.78962,1.954415,0.598786,1.754001
12712,423.733333,1,720.920238,361.305442,630.575342,361.326395,675.74779,361.315919,2.974529,1.418645,-1.782563,1.952668,0.595983,1.685656
12713,423.766667,1,722.220039,361.293951,631.452017,361.143131,676.836028,361.218541,3.006834,1.495826,-1.763031,2.196606,0.621901,1.846216
12714,423.8,1,722.385445,360.868338,631.52154,360.759012,676.953492,360.813675,2.99509,1.432399,-1.787615,2.239933,0.603737,1.836166
12715,423.833333,1,722.548656,360.658482,631.998529,360.633023,677.273593,360.645753,2.966006,1.359668,-1.769136,2.392553,0.598435,1.87611
12716,423.866667,1,722.665272,360.468464,631.88097,360.492668,677.273121,360.480566,2.980282,1.344762,-1.759538,2.426526,0.610372,1.885644
12717,423.9,1,722.823982,360.207056,631.94684,360.28322,677.385411,360.245138,2.988148,1.289158,-1.755245,2.567478,0.616451,1.928318
12718,423.933333,1,722.8545,360.195833,632.005291,360.261108,677.429895,360.228471,2.983064,1.323531,-1.768849,2.49538,0.607108,1.909456
12719,423.966667,1,723.047943,360.276917,632.132826,360.256028,677.590384,360.266472,2.974314,1.349706,-1.761472,2.420772,0.606421,1.885239
12720,424.0,1,722.678509,360.492014,632.145262,360.267631,677.411885,360.379822,2.966217,1.312398,-1.752418,2.301547,0.6069,1.806973
12721,424.033333,1,721.950474,360.749441,631.571646,360.442339,676.76106,360.59589,2.938778,1.318213,-1.716339,2.235717,0.61122,1.776965
12722,424.066667,1,720.824013,360.87292,630.769272,360.589442,675.796642,360.731181,2.93653,1.341987,-1.701162,2.171228,0.617684,1.756607
12723,424.1,1,719.739723,360.853967,629.194574,361.095591,674.467149,360.974779,2.94079,1.44212,-1.705705,2.174625,0.617542,1.808372
12724,424.133333,1,718.017731,362.445263,626.00544,362.417786,672.011585,362.431524,2.998076,2.302397,-1.851766,3.290307,0.573155,2.796352
12725,424.166667,1,716.367359,363.196152,625.914068,364.33431,671.140714,363.765231,2.893398,2.095441,-1.794822,3.272807,0.549288,2.684124
12726,424.2,1,716.402702,362.471275,625.680628,363.922693,671.041665,363.196984,2.91373,1.50424,-1.790198,2.945978,0.561766,2.225109
12727,424.233333,1,715.596046,361.723137,625.23757,363.386847,670.416808,362.554992,2.970573,1.425564,-1.736541,2.41145,0.617016,1.918507
12728,424.266667,1,715.503445,361.647563,625.085325,363.288973,670.294385,362.468268,3.001374,1.505623,-1.741627,2.384938,0.629874,1.94528
12729,424.3,1,715.458832,361.595442,624.5086,363.239315,669.983716,362.417378,3.008676,1.402793,-1.752099,2.355201,0.628288,1.878997
12730,424.333333,1,715.139503,361.767629,624.231663,363.366001,669.685583,362.566815,2.980325,1.381423,-1.752892,2.304413,0.613717,1.842918
12731,424.366667,1,714.744434,361.732133,624.255733,363.512895,669.500084,362.622514,2.96221,1.488922,-1.725279,2.320405,0.618466,1.904663
12732,424.4,1,714.291668,361.736215,623.802805,363.300807,669.047236,362.518511,2.949613,1.429917,-1.731129,2.353459,0.609242,1.891688
12733,424.433333,1,713.825321,361.667969,623.29854,363.229911,668.561931,362.44894,2.932158,1.560047,-1.719892,2.293397,0.606133,1.926722
12734,424.466667,1,713.39325,361.356436,623.006153,363.183584,668.199701,362.27001,2.947688,1.452698,-1.744705,2.318668,0.601491,1.885683
12735,424.5,1,713.431015,361.365759,622.841053,363.355991,668.136034,362.360875,2.974993,1.460348,-1.749419,2.296582,0.612787,1.878465
12736,424.533333,1,713.355732,361.413546,622.849197,363.261051,668.102465,362.337298,2.966269,1.470124,-1.741854,2.256674,0.612207,1.863399
12737,424.566667,1,713.262234,361.394443,622.770872,363.258262,668.016553,362.326352,2.981815,1.363882,-1.74641,2.26658,0.617703,1.815231
12738,424.6,1,713.417511,361.408187,622.724466,363.22512,668.070989,362.316653,2.982886,1.325988,-1.757826,2.274834,0.61253,1.800411
12739,424.633333,1,713.673668,361.410381,623.036604,363.587363,668.355136,362.498872,2.982515,1.300845,-1.75939,2.228894,0.611563,1.76487
12740,424.666667,1,713.5466,361.283512,622.98049,363.600399,668.263545,362.441956,2.982027,1.331402,-1.759078,2.203753,0.611475,1.767578
12741,424.7,1,713.812637,361.233033,623.13509,363.383725,668.473864,362.308379,2.974572,1.350616,-1.750271,2.293928,0.61215,1.822272
12742,424.733333,1,713.564339,361.194157,622.968788,363.331459,668.266563,362.262808,2.957466,1.454946,-1.760765,2.336527,0.59835,1.895737
12743,424.766667,1,713.273392,361.169518,622.926369,363.34627,668.09988,362.257894,2.962459,1.404893,-1.748709,2.372951,0.606875,1.888922
12744,424.8,1,713.131752,361.117011,622.678013,363.362991,667.904882,362.240001,2.961019,1.36838,-1.751244,2.323562,0.604888,1.845971
12745,424.833333,1,713.231506,361.199945,622.421684,363.190616,667.826595,362.195281,2.960666,1.375881,-1.7557,2.257292,0.602483,1.816586
12746,424.866667,1,713.123531,360.756716,622.495556,362.918715,667.809544,361.837716,2.967392,1.440873,-1.740586,2.337555,0.613403,1.889214
12747,424.9,1,713.086929,360.458025,622.559376,362.609403,667.823153,361.533714,2.990547,1.38255,-1.746334,2.366831,0.622106,1.874691
12748,424.933333,1,713.591251,360.297924,622.672434,362.483232,668.131843,361.390578,2.98032,1.305492,-1.759452,2.366674,0.610434,1.836083
12749,424.966667,1,713.881798,360.289416,623.082933,362.507093,668.482366,361.398254,2.971296,1.365868,-1.760472,2.406174,0.605412,1.886021
12750,425.0,1,714.999943,360.583836,623.582926,362.591486,669.291434,361.587661,2.985431,1.402281,-1.738746,2.31863,0.623343,1.860455
12751,425.033333,1,715.397224,360.686345,623.870916,362.183554,669.63407,361.43495,2.963143,1.502575,-1.786705,2.348089,0.588219,1.925332
12752,425.066667,1,715.617085,360.534006,624.063845,362.194777,669.840465,361.364391,2.957914,1.431198,-1.779116,2.215176,0.589399,1.823187
12753,425.1,1,715.608006,360.366068,624.348707,362.017831,669.978356,361.19195,2.960451,1.358831,-1.773306,2.27161,0.593573,1.815221
12754,425.133333,1,715.473213,360.221819,624.717445,361.86244,670.095329,361.042129,2.962683,1.36711,-1.782588,2.306446,0.590047,1.836778
12755,425.166667,1,715.677757,360.120834,624.891968,361.714457,670.284863,360.917645,2.97056,1.403664,-1.784976,2.31414,0.592792,1.858902
12756,425.2,1,715.528088,360.141803,624.95512,361.659252,670.241604,360.900528,2.940753,1.392434,-1.791503,2.231315,0.574625,1.811874
12757,425.233333,1,715.344696,360.164087,624.982529,361.642456,670.163612,360.903271,2.94076,1.428188,-1.785547,2.284284,0.577607,1.856236
12758,425.266667,1,715.272198,360.222484,624.736528,361.616964,670.004363,360.919724,2.937493,1.548938,-1.787727,2.329819,0.574883,1.939379
12759,425.3,1,715.147514,360.269278,624.515152,361.55787,669.831333,360.913574,2.923841,1.533819,-1.779395,2.303921,0.572223,1.91887
12760,425.333333,1,713.958988,360.145907,623.968506,361.859661,668.963747,361.002784,2.922745,1.493485,-1.773089,2.093437,0.574828,1.793461
12761,425.366667,1,712.955608,360.369169,623.530903,361.97255,668.243256,361.170859,2.909739,1.485223,-1.744978,2.165252,0.58238,1.825237
12762,425.4,1,713.185825,360.464575,622.9708,362.220386,668.078313,361.34248,2.935878,1.471793,-1.757518,2.196583,0.58918,1.834188
12763,425.433333,1,713.412323,360.682611,623.074045,362.329804,668.243184,361.506208,2.905349,1.477818,-1.763624,2.045504,0.570862,1.761661
12764,425.466667,1,712.907314,361.297309,622.185917,362.68472,667.546616,361.991014,2.91615,1.548936,-1.804595,2.027139,0.555778,1.788037
12765,425.5,1,712.821941,361.316884,622.237606,362.618372,667.529774,361.967628,2.914172,1.500227,-1.780675,1.984798,0.566748,1.742513
12766,425.533333,1,712.408123,360.789224,622.05574,362.284749,667.231932,361.536986,2.889888,1.338722,-1.798571,2.254436,0.545659,1.796579
12767,425.566667,1,712.144356,360.350833,621.106501,361.777618,666.625428,361.064225,2.919747,1.534055,-1.818713,2.438027,0.550517,1.986041
12768,425.6,1,712.242832,359.430122,620.654106,360.588166,666.448469,360.009144,2.933933,1.67714,-1.812198,1.998201,0.560867,1.83767
12769,425.633333,1,711.980247,358.251725,620.481234,359.415831,666.230741,358.833778,2.923361,1.529526,-1.789061,1.931535,0.56715,1.730531
12770,425.666667,1,710.842667,357.300201,620.397758,358.35749,665.620213,357.828846,2.91662,1.286314,-1.783955,1.434629,0.566333,1.360471
12771,425.7,1,710.054264,356.467595,620.784111,357.920467,665.419188,357.194031,2.895716,1.09466,-1.733761,1.298648,0.580977,1.196654
12772,425.733333,1,708.993015,357.124779,620.074615,357.684551,664.533815,357.404665,2.806067,1.739002,-1.745636,1.164709,0.530216,1.451855
12773,425.766667,1,709.255352,356.755562,620.527287,357.732562,664.891319,357.244062,2.792271,1.75682,-1.740936,1.333685,0.525668,1.545252
12774,425.8,1,709.301968,356.758674,619.936419,357.796238,664.619193,357.277456,2.821743,2.175008,-1.738201,1.545003,0.541771,1.860006
12775,425.833333,1,709.798393,357.433271,620.578928,358.294094,665.188661,357.863682,2.819851,1.899487,-1.725228,1.420304,0.547312,1.659895
12776,425.866667,1,709.79826,358.362458,620.507965,359.333455,665.153112,358.847956,2.817121,1.710108,-1.743174,1.468786,0.536973,1.589447
12777,425.9,1,710.002422,359.913687,621.09375,360.471854,665.548086,360.19277,2.837084,1.676891,-1.74981,1.602545,0.543637,1.639718
12778,425.933333,1,710.343456,360.180652,621.008387,361.614518,665.675921,360.897585,2.861621,1.722213,-1.765603,2.170669,0.548009,1.946441
12779,425.966667,1,710.662136,360.941053,620.283298,361.946554,665.472717,361.443804,2.883145,2.04177,-1.816589,2.26915,0.533278,2.15546
12780,426.0,1,710.868244,361.015597,620.409622,362.296008,665.638933,361.655803,2.88976,1.840516,-1.837598,2.319518,0.526081,2.080017
12781,426.033333,1,711.102009,360.645726,620.56447,362.177782,665.83324,361.411754,2.873616,1.818196,-1.83464,2.23863,0.519488,2.028413
12782,426.066667,1,711.210499,360.539757,620.038548,361.767173,665.624523,361.153465,2.89269,1.948997,-1.850107,2.006121,0.521292,1.977559
12783,426.1,1,711.057625,360.097021,620.088139,361.461015,665.572882,360.779018,2.869138,1.721642,-1.849016,2.087258,0.510061,1.90445
12784,426.133333,1,710.86134,360.025824,620.150967,361.374632,665.506153,360.700228,2.885059,1.912337,-1.85131,2.133047,0.516874,2.022692
12785,426.166667,1,710.98608,359.98293,620.009222,361.27804,665.497651,360.630485,2.89762,1.852613,-1.856551,2.142901,0.520534,1.997757
12786,426.2,1,710.491199,360.030921,620.134945,361.267666,665.313072,360.649293,2.86368,1.793658,-1.82673,2.041858,0.518475,1.917758
12787,426.233333,1,710.057354,359.98683,619.524193,361.263181,664.790773,360.625006,2.887337,1.809335,-1.821841,2.029961,0.532748,1.919648
12788,426.266667,1,709.952297,359.846106,619.383755,361.173939,664.668026,360.510022,2.870137,1.925927,-1.833529,2.131379,0.518304,2.028653
12789,426.3,1,710.022964,359.68277,619.276667,361.068603,664.649816,360.375686,2.87592,1.902717,-1.845839,2.16222,0.51504,2.032468
12790,426.333333,1,709.972477,359.610994,619.04191,360.965745,664.507194,360.28837,2.871253,1.919425,-1.856779,2.144406,0.507237,2.031916
12791,426.366667,1,709.988956,359.569092,619.120884,361.006311,664.55492,360.287702,2.863875,1.885794,-1.860128,2.22785,0.501873,2.056822
12792,426.4,1,710.157433,359.659091,619.224463,360.969769,664.690948,360.31443,2.880063,1.912075,-1.84939,2.343842,0.515336,2.127959
12793,426.433333,1,711.023502,359.569919,619.662628,360.651251,665.343065,360.110585,2.89714,1.876841,-1.881065,2.364368,0.508038,2.120604
12794,426.466667,1,711.068306,359.599165,620.068645,361.03515,665.568476,360.317158,2.886458,1.773829,-1.880099,2.249781,0.50318,2.011805
12795,426.5,1,713.68227,358.543523,621.593504,359.89526,667.637887,359.219391,2.968875,1.760327,-1.876993,2.665747,0.545941,2.213037
12796,426.533333,1,716.028385,357.807139,624.69676,358.847707,670.362573,358.327423,2.935649,1.507947,-1.811884,2.395547,0.561883,1.951747
12797,426.566667,1,716.980896,357.126866,626.198187,358.235949,671.589541,357.681407,2.946822,1.632289,-1.802394,2.245562,0.572214,1.938925
12798,426.6,1,717.888145,357.301993,627.053471,358.032879,672.470808,357.667436,2.929745,1.719999,-1.797357,2.225037,0.566194,1.972518
12799,426.633333,1,718.405609,357.359612,627.62845,357.95149,673.01703,357.655551,2.934589,1.663831,-1.786314,2.26741,0.574138,1.965621
12800,426.666667,1,718.703842,357.617399,627.728481,358.084447,673.216162,357.850923,2.922863,1.784538,-1.762926,2.273871,0.579969,2.029204
12801,426.7,1,718.478012,357.73444,628.01837,358.32112,673.248191,358.02778,2.884853,1.805547,-1.768518,2.221421,0.558167,2.013484
12802,426.733333,1,718.785763,357.823055,627.994061,358.409654,673.389912,358.116354,2.903531,1.790442,-1.776076,2.259751,0.563728,2.025097
12803,426.766667,1,718.736248,357.891816,627.983351,358.360907,673.359799,358.126362,2.902435,1.785725,-1.784655,2.226922,0.55889,2.006323
12804,426.8,1,718.806,357.625253,627.945004,358.288665,673.375502,357.956959,2.903466,1.81463,-1.776701,2.298018,0.563382,2.056324
12805,426.833333,1,718.971004,357.448683,628.06325,358.315664,673.517127,357.882173,2.904195,1.734899,-1.778177,2.162605,0.563009,1.948752
12806,426.866667,1,719.714966,357.868422,628.787584,358.256489,674.251275,358.062455,2.92519,1.811133,-1.78751,2.20993,0.56884,2.010531
12807,426.9,1,720.132599,357.472506,629.322805,358.255062,674.727702,357.863784,2.944352,1.796008,-1.80769,2.093889,0.568331,1.944948
12808,426.933333,1,720.257969,357.732584,629.185829,358.492212,674.721899,358.112398,2.936642,1.687127,-1.785057,2.204025,0.575792,1.945576
12809,426.966667,1,720.079708,358.092273,629.063072,358.430425,674.57139,358.261349,2.937627,1.729364,-1.792358,2.003777,0.572635,1.86657
12810,427.0,1,719.144974,357.969251,628.806248,358.38023,673.975611,358.174741,2.898434,1.801368,-1.790956,1.956129,0.553739,1.878748
12811,427.033333,1,718.143158,357.758108,628.082857,358.251704,673.113008,358.004906,2.890663,1.836954,-1.795906,1.960656,0.547379,1.898805
12812,427.066667,1,717.590256,357.570503,627.166615,358.497813,672.378435,358.034158,2.901192,1.807519,-1.801611,1.925019,0.549791,1.866269
12813,427.1,1,717.78183,357.470806,626.878633,358.672033,672.330232,358.071419,2.928101,1.756121,-1.800706,2.030692,0.563697,1.893407
12814,427.133333,1,716.867714,357.752829,626.495008,358.371969,671.681361,358.062399,2.903802,1.825646,-1.786663,1.860273,0.558569,1.84296
12815,427.166667,1,716.551933,357.873513,625.9657,358.835776,671.258817,358.354644,2.909414,1.840472,-1.771905,1.873372,0.568755,1.856922
12816,427.2,1,715.940933,358.247981,625.44755,359.312137,670.694242,358.780059,2.914813,1.752344,-1.77791,1.862751,0.568451,1.807547
12817,427.233333,1,715.011559,358.725699,624.906845,359.92816,669.959202,359.326929,2.899039,1.835463,-1.756022,1.933352,0.571509,1.884408
12818,427.266667,1,714.626713,358.680257,624.529877,359.907753,669.578295,359.294005,2.900613,1.688689,-1.771723,1.885723,0.564445,1.787206
12819,427.3,1,713.98056,358.604645,624.189253,359.788578,669.084907,359.196611,2.896989,1.704776,-1.731715,1.853315,0.582637,1.779045
12820,427.333333,1,714.209576,358.519565,624.173594,359.908075,669.191585,359.21382,2.883961,1.659377,-1.749029,1.905262,0.567466,1.78232
12821,427.366667,1,714.402828,358.743551,624.290915,360.03179,669.346871,359.38767,2.883574,1.6442,-1.757469,1.844191,0.563052,1.744195
12822,427.4,1,715.181179,358.972891,624.880505,360.231142,670.030842,359.602017,2.904244,1.683628,-1.757048,1.865699,0.573598,1.774663
12823,427.433333,1,715.928307,358.887924,625.489359,360.337942,670.708833,359.612933,2.912374,1.555589,-1.780334,1.976109,0.56602,1.765849
12824,427.466667,1,717.17598,359.100763,626.256914,360.21168,671.716447,359.656221,2.906196,1.651787,-1.772338,2.01518,0.566929,1.833483
12825,427.5,1,718.048172,359.010608,627.180672,360.158781,672.614422,359.584695,2.920848,1.589206,-1.771247,2.056908,0.574801,1.823057
12826,427.533333,1,719.65313,359.148034,628.469687,359.902035,674.061408,359.525034,2.937363,1.598482,-1.785258,2.104532,0.576053,1.851507
12827,427.566667,1,720.917149,359.191507,629.857655,359.685532,675.387402,359.43852,2.922385,1.575398,-1.763534,2.174393,0.579426,1.874896
12828,427.6,1,722.483578,359.206726,630.787678,359.614738,676.635628,359.410732,2.984122,1.681914,-1.79793,2.235147,0.593096,1.958531
12829,427.633333,1,723.456898,359.726506,631.925097,359.139601,677.690997,359.433053,2.967414,1.776133,-1.792548,2.18557,0.587433,1.980851
12830,427.666667,1,723.302517,359.999469,632.712831,359.47013,678.007674,359.734799,2.91396,1.627503,-1.789052,2.032597,0.562454,1.83005
12831,427.7,1,723.88546,360.175985,632.950745,359.432836,678.418102,359.804411,2.937031,1.662009,-1.778741,2.042277,0.579145,1.852143
12832,427.733333,1,723.319092,360.250534,632.669744,359.721308,677.994418,359.985921,2.887074,1.63617,-1.788565,1.991608,0.549255,1.813889
12833,427.766667,1,722.942867,360.618802,632.443266,359.894718,677.693067,360.25676,2.874984,1.645391,-1.776543,1.89766,0.54922,1.771525
12834,427.8,1,722.152061,360.667564,631.698093,359.970667,676.925077,360.319116,2.863425,1.685057,-1.781977,1.933309,0.540724,1.809183
12835,427.833333,1,721.426601,360.563929,630.874271,360.191295,676.150436,360.377612,2.871299,1.665077,-1.767,1.996792,0.552149,1.830935
12836,427.866667,1,721.060505,360.568703,630.432415,360.349846,675.74646,360.459275,2.879718,1.637473,-1.776206,1.985111,0.551756,1.811292
12837,427.9,1,720.215092,360.564369,629.927073,360.54716,675.071082,360.555764,2.871512,1.619077,-1.776257,1.888381,0.547628,1.753729
12838,427.933333,1,720.329647,360.663106,629.363728,360.917589,674.846687,360.790348,2.882021,1.658699,-1.794763,1.993729,0.543629,1.826214
12839,427.966667,1,719.792881,360.613432,629.38693,360.957892,674.589906,360.785662,2.87463,1.65593,-1.779773,2.048118,0.547428,1.852024
12840,428.0,1,719.577026,360.532992,629.205589,360.86645,674.391308,360.699721,2.89082,1.679339,-1.760447,2.128228,0.565187,1.903783
12841,428.033333,1,719.566917,360.650403,629.211245,360.865849,674.389081,360.758126,2.887241,1.649567,-1.756803,2.066302,0.565219,1.857935
12842,428.066667,1,719.162693,360.709358,628.623514,361.017416,673.893104,360.863387,2.880013,1.755531,-1.773899,1.881662,0.553057,1.818597
12843,428.1,1,719.112415,360.901029,628.594408,360.974522,673.853412,360.937775,2.866177,1.62002,-1.763598,1.942725,0.551289,1.781373
12844,428.133333,1,718.701401,360.695985,627.594042,360.593117,673.147721,360.644551,2.906708,1.682362,-1.767606,1.837753,0.569551,1.760058
12845,428.166667,1,718.375187,360.560786,627.412786,360.718376,672.893987,360.639581,2.917841,1.804714,-1.754169,1.856325,0.581836,1.83052
12846,428.2,1,717.457924,360.682751,627.152119,360.648258,672.305021,360.665504,2.90428,1.786525,-1.751844,1.881617,0.576218,1.834071
12847,428.233333,1,716.866817,360.574969,626.655312,360.710238,671.761065,360.642604,2.8897,1.746581,-1.75703,1.803328,0.566335,1.774954
12848,428.266667,1,716.683693,360.622079,626.166506,360.800731,671.425099,360.711405,2.8953,1.711602,-1.747971,1.86719,0.573665,1.789396
12849,428.3,1,715.968647,360.533711,625.824194,360.890853,670.89642,360.712282,2.901517,1.728557,-1.746602,1.82157,0.577458,1.775063
12850,428.333333,1,715.468044,360.471109,625.122824,360.799137,670.295434,360.635123,2.91051,1.648472,-1.752,1.869143,0.579255,1.758808
12851,428.366667,1,714.982052,360.415866,624.468307,360.93888,669.72518,360.677373,2.923003,1.571094,-1.755631,1.777242,0.583686,1.674168
12852,428.4,1,715.074615,360.559713,624.314165,361.165999,669.69439,360.862856,2.931396,1.681448,-1.747841,1.849319,0.591778,1.765383
12853,428.433333,1,715.051289,360.632207,624.22822,361.171508,669.639754,360.901858,2.926699,1.662484,-1.758744,1.830202,0.583978,1.746343
12854,428.466667,1,715.51609,360.812082,624.686098,361.305324,670.101094,361.058703,2.907299,1.624066,-1.738385,1.859809,0.584457,1.741938
12855,428.5,1,715.692501,360.825348,624.826145,361.511822,670.259323,361.168585,2.911511,1.588128,-1.730878,1.952142,0.590316,1.770135
12856,428.533333,1,716.068058,360.936107,625.426407,361.547667,670.747232,361.241887,2.890879,1.520615,-1.739497,1.91961,0.575691,1.720112
12857,428.566667,1,717.063503,360.803536,625.662842,361.343116,671.363173,361.073326,2.906006,1.600204,-1.769425,1.966797,0.56829,1.783501
12858,428.6,1,717.161331,360.775802,625.715132,361.144955,671.438231,360.960378,2.907381,1.670312,-1.785032,1.957888,0.561175,1.8141
12859,428.633333,1,717.288342,360.77467,626.410542,361.045412,671.849442,360.910041,2.891986,1.641135,-1.751629,1.936085,0.570178,1.78861
12860,428.666667,1,718.528137,360.140832,627.522001,360.720425,673.025069,360.430629,2.895658,1.518589,-1.724004,1.975412,0.585827,1.747001
12861,428.7,1,718.677578,360.050232,627.697372,360.706279,673.187475,360.378256,2.923424,1.468357,-1.737494,1.957387,0.592965,1.712872
12862,428.733333,1,718.373508,360.328147,627.643738,360.656755,673.008623,360.492451,2.89961,1.488297,-1.727625,1.922947,0.585992,1.705622
12863,428.766667,1,718.186378,360.476999,627.564383,360.607113,672.875381,360.542056,2.909625,1.538678,-1.737506,1.901192,0.58606,1.719935
12864,428.8,1,718.050671,360.510044,627.20314,360.683818,672.626905,360.596931,2.924299,1.61081,-1.726487,1.921627,0.598906,1.766219
12865,428.833333,1,718.082561,360.510725,626.882648,360.856596,672.482605,360.68366,2.912836,1.584143,-1.725559,1.90493,0.593638,1.744537
12866,428.866667,1,718.18243,360.450214,627.040977,360.846065,672.611704,360.64814,2.92412,1.674341,-1.725926,2.008295,0.599097,1.841318
12867,428.9,1,718.160629,360.630807,627.273941,361.040466,672.717285,360.835637,2.908764,1.660028,-1.732071,2.015288,0.588347,1.837658
12868,428.933333,1,718.426094,361.083559,627.84152,361.570605,673.133807,361.327082,2.905399,1.569775,-1.721984,2.024954,0.591708,1.797365
12869,428.966667,1,718.862019,361.70508,628.048353,361.680801,673.455186,361.692941,2.924949,1.596029,-1.751008,1.946876,0.58697,1.771453
12870,429.0,1,719.358749,361.800438,628.705454,361.548166,674.032102,361.674302,2.898066,1.583728,-1.77069,2.024225,0.563688,1.803977
12871,429.033333,1,719.777851,361.69669,628.907042,361.32426,674.342446,361.510475,2.919441,1.604297,-1.765335,1.976723,0.577053,1.79051
12872,429.066667,1,720.801582,360.803998,629.508209,361.076129,675.154896,360.940063,2.913876,1.421982,-1.75032,1.998622,0.581778,1.710302
12873,429.1,1,720.981979,360.619601,629.96172,360.771012,675.471849,360.695306,2.921913,1.376477,-1.736038,1.992638,0.592937,1.684557
12874,429.133333,1,721.639786,360.523594,630.239077,360.659448,675.939431,360.591521,2.9554,1.365423,-1.769551,1.94439,0.592924,1.654906
12875,429.166667,1,722.19717,360.374699,630.847368,360.551146,676.522269,360.462922,2.965453,1.355051,-1.760789,2.065739,0.602332,1.710395
12876,429.2,1,723.055515,360.462649,631.283884,360.703484,677.1697,360.583067,2.954066,1.256023,-1.749624,2.176048,0.602221,1.716035
12877,429.233333,1,723.451576,360.818009,632.033949,360.837595,677.742763,360.827802,2.967218,1.24984,-1.74775,2.281845,0.609734,1.765842
12878,429.266667,1,724.231548,361.733319,632.543888,360.74162,678.387718,361.237469,3.010743,1.372399,-1.746253,2.032936,0.632245,1.702667
12879,429.3,1,725.347271,361.625247,633.27939,360.664319,679.313331,361.144783,3.023659,1.347311,-1.753448,2.068051,0.635105,1.707681
12880,429.333333,1,725.785885,361.733168,634.236593,360.591175,680.011239,361.162172,2.995954,1.221448,-1.742307,2.171369,0.626823,1.696409
12881,429.366667,1,726.117992,361.888769,634.792185,360.085487,680.455089,360.987128,2.957246,1.239641,-1.737393,2.097797,0.609927,1.668719
12882,429.4,1,725.816555,361.749101,634.774752,359.989695,680.295653,360.869398,2.967633,1.217657,-1.746554,2.135533,0.610539,1.676595
12883,429.433333,1,725.360756,361.504848,634.834776,359.928149,680.097766,360.716498,2.920521,1.075909,-1.748286,2.144009,0.586117,1.609959
12884,429.466667,1,725.533237,361.274065,634.930849,359.7956,680.232043,360.534832,2.959339,1.040649,-1.748619,2.239834,0.60536,1.640242
12885,429.5,1,725.937443,360.868435,635.04982,359.682362,680.493631,360.275398,2.985861,1.050986,-1.710677,2.226102,0.637592,1.638544
12976,432.533333,1,728.929901,360.122792,637.561369,358.676566,683.245635,359.399679,2.977604,1.491631,-1.741102,1.71943,0.618251,1.605531
12977,432.566667,1,729.373684,360.434861,637.820148,358.704793,683.596916,359.569827,2.976004,1.507674,-1.720878,1.769247,0.627563,1.63846
12978,432.6,1,729.441185,360.267132,637.569981,358.753647,683.505583,359.51039,2.990746,1.506981,-1.755999,1.971668,0.617374,1.739325
12979,432.633333,1,729.573784,360.158653,638.290958,358.65764,683.932371,359.408146,3.00286,1.396097,-1.740868,1.99255,0.630996,1.694323
12980,432.666667,1,729.652634,359.74637,638.324413,358.5334,683.988523,359.139885,3.017659,1.297908,-1.745446,2.033021,0.636106,1.665464
12981,432.7,1,729.762192,359.335027,637.930832,358.249451,683.846512,358.792239,3.057773,1.241315,-1.742611,2.15235,0.657581,1.696832
12982,432.733333,1,729.675293,359.380302,638.095779,358.15478,683.885536,358.767541,3.038384,1.267844,-1.721974,2.062877,0.658205,1.66536
12983,432.766667,1,729.288082,359.548917,637.803698,358.061879,683.54589,358.805398,3.021527,1.267529,-1.73075,1.935106,0.645388,1.601317
12984,432.8,1,729.166946,359.562398,637.53849,358.458159,683.352718,359.010278,3.030512,1.272849,-1.746224,1.971486,0.642144,1.622167
12985,432.833333,1,729.032688,359.584617,637.373619,358.529618,683.203154,359.057118,3.054735,1.271068,-1.739077,1.981831,0.657829,1.626449
12986,432.866667,1,728.930779,360.348097,637.188091,358.737372,683.059435,359.542734,3.056623,1.267399,-1.730243,1.813503,0.66319,1.540451
12987,432.9,1,728.436432,360.546709,636.919098,359.164889,682.677765,359.855799,3.041065,1.219643,-1.739625,1.948411,0.65072,1.584027
12988,432.933333,1,727.357731,360.949325,635.946856,359.601917,681.652293,360.275621,3.031169,1.226649,-1.74348,1.911469,0.643844,1.569059
12989,432.966667,1,726.034222,362.299823,634.254961,361.3671,680.144591,361.833462,3.022434,1.226552,-1.81101,2.182326,0.605712,1.704439
12990,433.0,1,724.25293,362.989805,632.078676,362.737162,678.165803,362.863483,2.976603,1.713024,-1.93025,2.30517,0.523176,2.009097
12991,433.033333,1,721.14109,364.181274,632.578907,364.322578,676.859999,364.251926,2.898627,1.156225,-1.802072,2.860105,0.548277,2.008165
12992,433.066667,1,722.93026,362.880167,631.678162,363.171326,677.304211,363.025746,2.973556,1.037519,-1.875089,2.667774,0.549233,1.852646
12993,433.1,1,722.810764,361.432267,631.087923,362.227923,676.949344,361.830095,2.984651,1.130503,-1.845103,2.205827,0.569774,1.668165
12994,433.133333,1,723.033085,361.227368,631.183167,361.840323,677.108126,361.533845,3.027524,1.163952,-1.816418,2.161322,0.605553,1.662637
12995,433.166667,1,722.734089,360.717035,631.040707,361.639366,676.887398,361.178201,3.008893,1.149651,-1.807817,2.163059,0.600538,1.656355
12996,433.2,1,722.876225,360.732259,631.472616,361.104931,677.17442,360.918595,3.033128,1.312745,-1.780098,2.036424,0.626515,1.674585
12997,433.233333,1,722.821178,360.608856,631.652365,361.007577,677.236772,360.808217,3.029829,1.276626,-1.784045,2.074414,0.622892,1.67552
12998,433.266667,1,722.821007,360.480963,631.533394,361.023386,677.1772,360.752175,3.007838,1.189606,-1.784892,2.098116,0.611473,1.643861
12999,433.3,1,724.166946,360.080681,631.886644,360.190362,678.026795,360.135521,3.043742,1.224395,-1.810572,2.098266,0.616585,1.66133
13000,433.333333,1,724.261818,359.125503,632.803345,359.700129,678.532581,359.412816,2.997928,1.059766,-1.789594,2.186135,0.604167,1.622951
13001,433.366667,1,723.370838,359.177603,632.186861,359.755297,677.77885,359.46645,2.992096,1.163815,-1.764667,2.095268,0.613714,1.629541
13002,433.4,1,723.031902,359.268299,631.299143,359.830779,677.165523,359.549539,3.016009,1.153717,-1.73629,1.855629,0.63986,1.504673
13003,433.433333,1,721.986313,359.349913,630.770931,359.982373,676.378622,359.666143,3.019747,1.191528,-1.716341,1.775476,0.651703,1.483502
13004,433.466667,1,722.165279,359.219858,630.645866,360.037073,676.405573,359.628466,2.997609,1.23569,-1.721038,1.735852,0.638285,1.485771
13005,433.5,1,722.609386,358.804609,631.391506,360.287372,677.000446,359.545991,2.993159,1.019391,-1.716542,1.788635,0.638309,1.404013
13006,433.533333,1,723.189316,358.669249,631.604233,360.090777,677.396774,359.380013,2.999339,1.082021,-1.708985,1.726092,0.645177,1.404056
13007,433.566667,1,723.305359,358.654427,631.845961,359.957787,677.57566,359.306107,3.01426,1.084725,-1.691789,1.775053,0.661236,1.429889
13008,433.6,1,723.335247,358.793403,631.727228,360.207324,677.531238,359.500363,3.022319,1.179274,-1.679293,1.748843,0.671513,1.464059
13009,433.633333,1,723.146057,358.985143,631.715851,360.280302,677.430954,359.632722,3.010708,1.105974,-1.686989,1.670004,0.66186,1.387989
13010,433.666667,1,723.175755,359.311622,631.481934,360.651755,677.328844,359.981689,3.007558,1.23582,-1.689311,1.688152,0.659123,1.461986
13011,433.7,1,723.067093,359.535109,631.481934,360.956143,677.274513,360.245626,2.996882,1.248009,-1.694778,1.608073,0.651052,1.428041
13012,433.733333,1,722.919712,359.662712,631.340246,360.846757,677.129979,360.254735,2.997693,1.11874,-1.689495,1.658086,0.654099,1.388413
13013,433.766667,1,722.64904,360.344932,631.127558,361.232175,676.888299,360.788553,3.018814,1.247412,-1.680137,1.746818,0.669338,1.497115
13014,433.8,1,721.863861,363.185332,629.969692,365.070512,675.916777,364.127922,2.949931,0.942388,-1.755306,2.503798,0.597313,1.723093
13015,433.833333,1,716.969929,365.539749,630.370197,366.741893,673.670063,366.140821,2.778163,0.568564,-1.69749,4.399274,0.540337,2.483919
13016,433.866667,1,715.84507,364.360709,630.288887,365.94267,673.066978,365.151689,2.792269,0.695957,-1.654408,4.736683,0.56893,2.71632
13017,433.9,1,719.344902,362.016184,629.007435,363.963672,674.176168,362.989928,2.927823,1.282324,-1.802647,2.367043,0.562588,1.824683
13018,433.933333,1,719.720936,359.733646,627.796717,362.181478,673.758826,360.957562,2.950813,0.877882,-1.823412,2.262678,0.5637,1.57028
13019,433.966667,1,720.165653,357.638192,628.06426,360.343848,674.114957,358.99102,2.956352,0.847092,-1.78848,2.019505,0.583936,1.433299
13020,434.0,1,719.752235,356.7888,628.261662,359.753805,674.006948,358.271303,2.97966,0.981828,-1.8139,1.906259,0.58288,1.444044
13021,434.033333,1,719.843044,356.951954,628.613043,359.635316,674.228044,358.293635,2.959977,1.060336,-1.801064,1.733092,0.579456,1.396714
13022,434.066667,1,720.007114,357.306526,628.572922,359.850376,674.290018,358.578451,2.993134,1.11191,-1.78674,1.851689,0.603197,1.4818
13023,434.1,1,719.95945,358.028303,628.633595,360.156614,674.296522,359.092458,2.995373,1.155989,-1.762422,1.704761,0.616476,1.430375
13024,434.133333,1,720.084286,358.41762,628.702507,360.366814,674.393396,359.392217,2.984259,1.176577,-1.776783,1.671527,0.603738,1.424052
13025,434.166667,1,720.165997,358.901893,628.771143,360.704445,674.46857,359.803169,2.991318,1.179909,-1.76667,1.774596,0.612324,1.477252
13026,434.2,1,719.48679,359.119629,628.432503,361.096836,673.959646,360.108232,2.973596,1.214637,-1.77837,1.836034,0.597613,1.525336
13027,434.233333,1,719.197636,359.285765,628.149061,361.30446,673.673348,360.295113,3.003196,1.319842,-1.788219,1.835786,0.607488,1.577814
13028,434.266667,1,718.70512,359.638417,627.779694,361.846352,673.242407,360.742384,2.979255,1.269915,-1.7691,1.809038,0.605077,1.539477
13029,434.3,1,718.773117,359.646131,627.748623,362.198585,673.26087,360.922358,2.992256,1.333769,-1.774489,1.830471,0.608883,1.58212
13030,434.333333,1,719.033146,359.76072,627.99264,362.485743,673.512893,361.123231,2.994463,1.316136,-1.783288,1.874417,0.605587,1.595276
13031,434.366667,1,719.239235,359.889235,628.125639,362.477369,673.682437,361.183302,3.005327,1.457698,-1.80311,1.88007,0.601108,1.668884
13032,434.4,1,719.34391,359.544196,628.259182,361.896724,673.801546,360.72046,3.005501,1.240329,-1.765041,1.873394,0.62023,1.556862
13033,434.433333,1,719.771385,358.844295,628.098125,360.911152,673.934755,359.877723,3.023612,1.186247,-1.76792,1.876155,0.627846,1.531201
13034,434.466667,1,719.847622,358.363793,628.105822,360.315787,673.976722,359.33979,3.022453,1.082766,-1.78226,1.900363,0.620096,1.491564
13035,434.5,1,719.468555,357.989759,628.232431,359.87325,673.850493,358.931504,2.997217,0.969258,-1.76258,2.004757,0.617319,1.487008
13036,434.533333,1,719.098434,357.685806,628.220797,359.54403,673.659616,358.614918,2.947732,1.031893,-1.74952,1.926996,0.599106,1.479445
13037,434.566667,1,718.756294,357.49258,628.243628,359.060943,673.499961,358.276761,2.917104,0.826876,-1.750481,1.831505,0.583311,1.32919
13038,434.6,1,718.814411,357.482377,628.39982,358.826866,673.607116,358.154621,2.927574,0.926341,-1.756875,1.780871,0.585349,1.353606
13039,434.633333,1,718.528538,357.749471,628.538141,358.842241,673.53334,358.295856,2.901506,0.923771,-1.75125,1.764278,0.575128,1.344024
13040,434.666667,1,719.808121,358.002961,629.275198,359.161246,674.541659,358.582104,2.949125,1.158925,-1.747293,1.97032,0.600916,1.564622
13041,434.7,1,720.785656,358.279851,629.752846,358.961942,675.269251,358.620897,2.986617,1.113633,-1.724956,2.16804,0.630831,1.640836
13042,434.733333,1,720.151672,358.648832,629.602289,359.141484,674.876981,358.895158,2.947863,1.141554,-1.741636,1.958853,0.603113,1.550204
13043,434.766667,1,720.06218,358.688802,629.21855,359.399807,674.640365,359.044305,2.942475,1.082345,-1.722076,2.047074,0.6102,1.564709
13044,434.8,1,719.975033,358.74272,628.931808,359.238644,674.453421,358.990682,2.961498,1.142743,-1.726507,2.046276,0.617496,1.59451
13045,434.833333,1,719.79208,358.836688,628.764811,359.220282,674.278445,359.028485,2.943827,1.04486,-1.737392,2.042625,0.603218,1.543742
13046,434.866667,1,719.363384,358.833899,628.692207,359.175907,674.027796,359.004903,2.923486,1.040267,-1.735379,2.021057,0.594054,1.530662
13047,434.9,1,718.726711,358.654824,628.162699,358.98767,673.444705,358.821247,2.923572,1.063671,-1.733348,1.944602,0.595112,1.504136
13048,434.933333,1,718.435402,358.573408,628.034821,358.831758,673.235111,358.702583,2.921356,1.022786,-1.723695,1.854842,0.598831,1.438814
13049,434.966667,1,718.433456,358.678578,627.940235,358.764752,673.186846,358.721665,2.926983,1.053195,-1.712802,1.895564,0.607091,1.47438
13050,435.0,1,718.375168,358.789476,627.78924,358.671781,673.082204,358.730628,2.93033,1.007707,-1.705768,2.00064,0.612281,1.504173
13051,435.033333,1,718.437099,358.803735,627.781267,358.702825,673.109183,358.75328,2.907445,1.079384,-1.718486,1.99341,0.594479,1.536397
13052,435.066667,1,718.527718,358.479289,627.88105,358.402798,673.204384,358.441044,2.93732,1.159784,-1.703198,2.073624,0.617061,1.616704
13053,435.1,1,719.240246,358.130924,628.202124,357.928627,673.721185,358.029775,2.939,1.121898,-1.720515,2.182722,0.609243,1.65231
13054,435.133333,1,719.308167,357.831295,628.49349,357.499693,673.900828,357.665494,2.947918,1.039086,-1.721872,2.286284,0.613023,1.662685
13055,435.166667,1,718.134575,357.995853,627.729225,357.985103,672.9319,357.990478,2.988249,1.178311,-1.742679,2.052639,0.622785,1.615475
13056,435.2,1,717.687607,358.974946,627.723284,358.605171,672.705445,358.790058,2.947346,1.112135,-1.746537,1.650199,0.600404,1.381167
13057,435.233333,1,717.609177,359.182388,627.694464,358.667334,672.65182,358.924861,2.90493,1.167711,-1.747347,1.62286,0.578792,1.395285
13058,435.266667,1,717.549267,359.277257,627.719336,358.491102,672.634301,358.88418,2.88632,1.165459,-1.734921,1.552887,0.575699,1.359173
13059,435.3,1,717.392921,359.404399,627.464743,358.553844,672.428832,358.979122,2.921279,1.157526,-1.750905,1.539809,0.585187,1.348668
13060,435.333333,1,717.357311,359.285647,627.494326,358.56902,672.425818,358.927334,2.86571,0.991436,-1.756466,1.692825,0.554622,1.34213
13061,435.366667,1,716.954422,359.268267,627.077923,358.348483,672.016172,358.808375,2.870001,1.015006,-1.76854,1.624632,0.55073,1.319819
13062,435.4,1,716.922035,359.311225,626.835871,358.073884,671.878953,358.692555,2.894705,1.010357,-1.758243,1.60843,0.568231,1.309393
13063,435.433333,1,716.887932,359.379771,627.016926,358.083873,671.952429,358.731822,2.886589,1.090062,-1.766393,1.613093,0.560098,1.351578
13064,435.466667,1,717.268543,358.608701,626.908579,357.840065,672.088561,358.224383,2.89624,1.034209,-1.763642,1.838033,0.566299,1.436121
13065,435.5,1,717.181282,358.428746,626.816311,357.75984,671.998796,358.094293,2.894805,1.053374,-1.751263,1.812449,0.571771,1.432912
13066,435.533333,1,717.364769,358.275983,626.971741,357.995929,672.168255,358.135956,2.917114,1.195012,-1.755586,1.744124,0.580764,1.469568
13067,435.566667,1,717.652702,358.379173,627.250881,358.261757,672.451792,358.320465,2.894135,1.191592,-1.75409,1.688385,0.570022,1.439988
13068,435.6,1,717.842541,358.715619,627.114325,358.513509,672.478433,358.614564,2.903229,1.275629,-1.777951,1.761379,0.562639,1.518504
13069,435.633333,1,718.454933,359.433931,627.689657,358.97479,673.072295,359.20436,2.910495,1.29073,-1.798137,1.686048,0.556179,1.488389
13070,435.666667,1,718.48875,359.929056,627.727337,359.164154,673.108044,359.546605,2.900776,1.290506,-1.82191,1.66596,0.539433,1.478233
13071,435.7,1,718.291378,360.2105,627.438698,359.446322,672.865038,359.828411,2.909159,1.30927,-1.821926,1.678414,0.543617,1.493842
13072,435.733333,1,718.659153,360.299485,627.670364,359.4432,673.164759,359.871342,2.904664,1.312711,-1.816455,1.753709,0.544104,1.53321
13073,435.766667,1,718.708153,360.403506,627.77688,359.368393,673.242517,359.88595,2.914412,1.319257,-1.81784,1.748098,0.548286,1.533678
13074,435.8,1,718.719997,360.364008,627.957067,359.227009,673.338532,359.795508,2.906684,1.249418,-1.794564,1.620365,0.55606,1.434891
13075,435.833333,1,718.724117,360.355205,627.645102,358.968873,673.184609,359.662039,2.919819,1.273382,-1.785159,1.529442,0.56733,1.401412
13076,435.866667,1,718.47662,360.328292,627.39027,359.170817,672.933445,359.749554,2.925974,1.460124,-1.784951,1.51761,0.570512,1.488867
13077,435.9,1,718.328381,360.410255,626.898136,359.176814,672.613258,359.793534,2.935845,1.602773,-1.788574,1.486856,0.573635,1.544814
13078,435.933333,1,717.84523,360.30037,626.39802,359.355106,672.121625,359.827738,2.926374,1.485208,-1.807284,1.501554,0.559545,1.493381
13079,435.966667,1,717.712479,360.289325,626.271477,359.409099,671.991978,359.849212,2.920559,1.596982,-1.818076,1.347667,0.551241,1.472324
13080,436.0,1,717.673111,360.374377,626.099815,359.635997,671.886463,360.005187,2.932206,1.635552,-1.816734,1.317014,0.557736,1.476283
13081,436.033333,1,717.712593,360.531008,625.909109,359.94082,671.810851,360.235914,2.944596,1.510841,-1.816347,1.372018,0.564124,1.441429
13082,436.066667,1,717.722321,360.47061,625.836248,359.933229,671.779284,360.201919,2.943624,1.516731,-1.828199,1.434982,0.557712,1.475856
13083,436.1,1,718.601227,360.194407,627.597189,359.969535,673.099208,360.081971,2.920878,1.245548,-1.785671,1.748163,0.567604,1.496855
13084,436.133333,1,718.440323,359.884472,627.627106,359.707709,673.033714,359.79609,2.920202,1.131944,-1.784459,1.78028,0.567872,1.456112
13085,436.166667,1,718.349266,359.732289,627.490749,359.670298,672.920008,359.701293,2.916599,1.171161,-1.784633,1.762518,0.565983,1.46684
13086,436.2,1,718.33725,359.313998,627.345266,359.535715,672.841258,359.424857,2.915074,1.190485,-1.771935,1.736236,0.571569,1.463361
13087,436.233333,1,718.322506,359.186733,627.332897,359.445266,672.827702,359.315999,2.924123,1.193565,-1.767956,1.729446,0.578084,1.461506
13088,436.266667,1,718.239403,359.19,626.95055,359.44909,672.594976,359.319545,2.920043,1.220505,-1.781745,1.804167,0.569149,1.512336
13089,436.3,1,718.187141,359.178632,626.934156,359.462185,672.560649,359.320409,2.925202,1.218688,-1.792003,1.82904,0.566599,1.523864
13090,436.333333,1,718.201733,359.190187,626.937141,359.502547,672.569437,359.346367,2.923875,1.22488,-1.780672,1.83576,0.571602,1.53032
13091,436.366667,1,718.242931,359.206125,626.886921,359.490461,672.564926,359.348293,2.921813,1.203769,-1.779258,1.881135,0.571278,1.542452
13092,436.4,1,718.147831,359.357471,626.927032,359.520475,672.537432,359.438973,2.923439,1.149397,-1.785018,1.80759,0.56921,1.478493
13093,436.433333,1,717.644558,359.686444,626.326361,360.120066,671.985459,359.903255,2.925328,1.206975,-1.798394,1.740949,0.563467,1.473962
13094,436.466667,1,716.6119,359.757764,625.336514,360.366894,670.974207,360.062329,2.925777,1.279635,-1.782578,1.762632,0.571599,1.521134
13095,436.5,1,715.200539,359.940063,624.09976,360.660274,669.650149,360.300169,2.942165,1.33581,-1.784026,1.785526,0.579069,1.560668
13096,436.533333,1,714.476261,359.859635,622.811537,360.786252,668.643899,360.322943,2.973933,1.259867,-1.742506,1.894998,0.615713,1.577432
13097,436.566667,1,713.365917,359.761557,622.293043,361.378258,667.82948,360.569908,2.963324,1.259785,-1.767312,1.81554,0.598006,1.537663
13098,436.6,1,712.58543,360.318539,621.904879,362.132936,667.245154,361.225737,2.990292,1.393273,-1.746288,1.896569,0.622002,1.644921
13099,436.633333,1,712.812214,362.316774,622.860622,365.020757,667.836418,363.668766,2.951213,1.540995,-1.810958,3.151279,0.570127,2.346137
13100,436.666667,1,712.423325,362.909038,622.951736,365.384738,667.687531,364.146888,2.951035,1.045191,-1.808845,3.546206,0.571095,2.295698
13101,436.7,1,712.005405,360.453379,621.988058,363.962578,666.996732,362.207978,2.91209,1.158427,-1.802132,3.237288,0.554979,2.197857
13102,436.733333,1,712.521801,358.95934,621.825829,361.991465,667.173815,360.475403,2.957457,1.014614,-1.818538,2.71576,0.569459,1.865187
13103,436.766667,1,713.682957,358.743412,622.620277,360.463067,668.151617,359.60324,3.02271,1.163418,-1.789487,2.14621,0.616611,1.654814
13104,436.8,1,714.661293,358.57321,623.568602,359.560515,669.114947,359.066862,3.021547,1.12042,-1.80331,2.021118,0.609118,1.570769
13105,436.833333,1,715.461617,358.018631,625.088167,359.044334,670.274892,358.531483,2.986705,0.995327,-1.781226,1.988687,0.60274,1.492007
13106,436.866667,1,716.707039,357.878861,626.319513,358.737425,671.513276,358.308143,2.963177,0.900264,-1.794561,2.023182,0.584308,1.461723
13107,436.9,1,718.009777,358.357099,626.28602,358.528283,672.147899,358.442691,2.962793,1.385834,-1.803427,1.974509,0.579683,1.680172
13108,436.933333,1,717.987995,358.582233,626.524496,358.47128,672.256246,358.526756,2.964012,1.505547,-1.822965,1.746531,0.570523,1.626039
13109,436.966667,1,718.405056,358.563028,627.630177,358.738037,673.017616,358.650532,2.918923,1.160871,-1.828814,1.710392,0.545055,1.435632
13110,437.0,1,718.338165,358.210071,627.958212,358.288241,673.148189,358.249156,2.921265,1.204569,-1.812701,2.07718,0.554282,1.640874
13111,437.033333,1,718.246174,357.958882,628.106117,357.927961,673.176146,357.943422,2.932055,1.222625,-1.789138,2.166165,0.571459,1.694395
13112,437.066667,1,718.3988,357.916498,628.220711,357.778836,673.309755,357.847667,2.939962,0.997828,-1.807061,2.019572,0.566451,1.5087
13113,437.1,1,718.597431,357.734038,628.217964,357.861641,673.407698,357.797839,2.943575,1.016848,-1.818411,1.950192,0.562582,1.48352
13114,437.133333,1,718.622417,358.007441,627.893562,357.69322,673.25799,357.85033,2.933696,1.2075,-1.823539,1.813167,0.555078,1.510334
13115,437.166667,1,718.625546,358.249757,627.73716,357.701803,673.181353,357.97578,2.933477,1.316361,-1.835665,1.698225,0.548906,1.507293
13116,437.2,1,718.679714,358.543105,627.707176,357.78596,673.193445,358.164532,2.940115,1.377896,-1.83319,1.489893,0.553463,1.433894
13117,437.233333,1,718.695374,358.556424,627.638855,357.797987,673.167114,358.177206,2.936082,1.34035,-1.837586,1.5886,0.549248,1.464475
13118,437.266667,1,718.707848,358.603288,627.64225,357.742374,673.175049,358.172831,2.944858,1.300898,-1.830076,1.693129,0.557391,1.497014
13119,437.3,1,718.671436,358.5632,627.648287,357.785085,673.159862,358.174143,2.945539,1.28716,-1.828612,1.700214,0.558464,1.493687
13120,437.333333,1,719.373131,358.726863,627.718658,358.02098,673.545895,358.373922,2.963957,1.25196,-1.859584,1.740615,0.552186,1.496288
13121,437.366667,1,720.942516,359.458065,629.189816,358.782122,675.066166,359.120093,2.971554,1.142998,-1.815371,1.913433,0.578092,1.528216
13122,437.4,1,721.25433,359.956071,629.944181,359.066956,675.599256,359.511513,2.952851,1.034966,-1.827766,1.930631,0.562543,1.482798
13123,437.433333,1,721.767521,360.270345,630.439863,358.702841,676.103692,359.486593,2.946389,1.0743,-1.82295,1.757635,0.56172,1.415968
13124,437.466667,1,721.61005,359.507251,630.522404,357.654837,676.066227,358.581044,2.934395,1.11921,-1.836478,1.847302,0.548959,1.483256
13125,437.5,1,721.374149,358.463341,630.541925,356.738724,675.958037,357.601032,2.936752,1.053062,-1.823962,1.998044,0.556395,1.525553
13126,437.533333,1,720.807495,357.428035,630.102577,355.378093,675.455036,356.403064,2.945525,1.150104,-1.812825,2.05517,0.56635,1.602637
13127,437.566667,1,720.429459,356.963316,629.359121,354.768732,674.89429,355.866024,2.947357,1.255201,-1.775147,1.966444,0.586105,1.610823
13128,437.6,1,719.768372,356.487808,628.008232,354.84296,673.888302,355.665384,2.945143,1.338429,-1.781084,2.044753,0.582029,1.691591
13129,437.633333,1,718.986511,356.531577,627.590246,354.999778,673.288379,355.765677,2.947733,1.300623,-1.780518,1.873408,0.583608,1.587015
13130,437.666667,1,718.36338,356.90899,627.051039,355.501045,672.70721,356.205018,2.973198,1.187942,-1.773106,1.868902,0.600046,1.528422
13131,437.7,1,717.753639,357.090345,626.701069,355.941163,672.227354,356.515754,2.962209,1.078029,-1.757108,1.842533,0.602551,1.460281
13132,437.733333,1,717.648811,357.703144,626.405706,356.179488,672.027259,356.941316,2.954992,1.16155,-1.762414,1.734514,0.596289,1.448032
13133,437.766667,1,717.648659,357.871651,626.427183,356.308803,672.037921,357.090227,2.956796,1.217003,-1.754104,1.803756,0.601346,1.510379
13134,437.8,1,717.576904,358.192518,626.182623,356.317418,671.879764,357.254968,2.951392,1.234626,-1.749574,1.828935,0.600909,1.531781
13135,437.833333,1,716.869755,358.407787,625.426331,356.587608,671.148043,357.497697,2.951758,1.359333,-1.748259,1.678766,0.601749,1.519049
13136,437.866667,1,716.669273,358.814576,624.780483,357.312019,670.724878,358.063298,2.937312,1.273524,-1.739713,1.666481,0.598799,1.470003
13137,437.9,1,716.013393,359.443098,624.298315,357.744225,670.155854,358.593661,2.92189,1.203957,-1.74811,1.68464,0.58689,1.444299
13138,437.933333,1,716.13554,359.478595,624.765949,357.768488,670.450745,358.623541,2.990511,1.253064,-1.743652,1.697889,0.623429,1.475477
13139,437.966667,1,716.686039,359.596,626.26895,357.495149,671.477494,358.545575,2.946955,1.193158,-1.744487,1.786335,0.601234,1.489746
13140,438.0,1,717.828693,359.595196,627.820997,356.231046,672.824845,357.913121,2.916047,1.333229,-1.745407,1.747241,0.58532,1.540235
13141,438.033333,1,720.542259,359.753886,630.283041,355.534337,675.41265,357.644111,2.953051,1.399172,-1.739471,1.726127,0.60679,1.56265
13142,438.066667,1,722.520752,359.641625,632.37566,355.02962,677.448206,357.335622,2.937259,1.497434,-1.734524,1.772022,0.601368,1.634728
13143,438.1,1,724.339142,359.721828,634.028006,354.767418,679.183574,357.244623,2.936553,1.649742,-1.752513,1.965264,0.59202,1.807503
13144,438.133333,1,725.37447,359.525705,635.506096,354.710437,680.440283,357.118071,2.923459,1.617862,-1.738703,1.83538,0.592378,1.726621
13145,438.166667,1,726.446114,359.458564,636.861877,354.20616,681.653996,356.832362,2.915423,1.72869,-1.750391,1.756703,0.582516,1.742696
13146,438.2,1,727.485943,359.193969,637.852468,353.837131,682.669206,356.51555,2.904578,1.727083,-1.749485,1.734026,0.577547,1.730555
13147,438.233333,1,728.484535,358.627846,638.324089,353.56847,683.404312,356.098158,2.929372,1.518103,-1.761662,1.829432,0.583855,1.673767
13148,438.266667,1,728.612499,357.937033,638.604708,353.186417,683.608603,355.561725,2.905481,1.534351,-1.768158,1.682601,0.568662,1.608476
13149,438.3,1,728.698654,357.762297,638.553648,352.833492,683.626151,355.297894,2.901358,1.567115,-1.761341,1.648919,0.570008,1.608017
13150,438.333333,1,728.713932,357.281592,638.360271,352.60685,683.537102,354.944221,2.921797,1.43244,-1.75411,1.660132,0.583843,1.546286
13151,438.366667,1,727.570953,357.106256,637.531977,352.653161,682.551465,354.879709,2.929666,1.386735,-1.745728,1.640183,0.591969,1.513459
13152,438.4,1,726.738949,357.312979,636.531029,352.753374,681.634989,355.033177,2.933103,1.232143,-1.728312,1.748678,0.602396,1.49041
13153,438.433333,1,725.356655,357.729564,634.87566,353.027834,680.116158,355.378699,2.930687,1.290356,-1.723769,1.802436,0.603459,1.546396
13154,438.466667,1,724.312649,357.913853,633.256283,353.430659,678.784466,355.672256,2.976873,1.305572,-1.715144,1.788208,0.630865,1.54689
13155,438.5,1,722.983475,358.172182,631.695414,353.946565,677.339444,356.059374,2.962152,1.364281,-1.725678,1.707511,0.618237,1.535896
13246,441.533333,1,716.824074,359.430283,625.980215,357.158575,671.402144,358.294429,2.953349,1.305909,-1.757923,1.641511,0.597713,1.47371
13247,441.566667,1,715.824566,359.424398,624.800529,357.235774,670.312548,358.330086,2.990366,1.488661,-1.763005,1.617492,0.613681,1.553076
13248,441.6,1,714.87711,359.525635,623.707094,357.362793,669.292102,358.444214,3.014033,1.588892,-1.75915,1.567483,0.627441,1.578188
13249,441.633333,1,713.75597,359.675624,622.7843,357.875578,668.270135,358.775601,3.036742,1.557042,-1.750137,1.588842,0.643302,1.572942
13250,441.666667,1,713.224106,359.971477,622.199421,358.561403,667.711763,359.26644,3.013997,1.484016,-1.749755,1.619178,0.632121,1.551597
13251,441.7,1,712.586784,360.265008,622.099819,358.418317,667.343302,359.341663,2.917659,1.502527,-1.757194,1.678373,0.580233,1.59045
13252,441.733333,1,712.40675,360.180025,622.037964,358.402964,667.222357,359.291494,2.927208,1.459298,-1.730558,1.633609,0.598325,1.546454
13253,441.766667,1,712.401257,360.194106,621.933289,358.42734,667.167273,359.310723,2.900763,1.346289,-1.715989,1.718423,0.592387,1.532356
13254,441.8,1,712.273979,360.191762,621.922245,358.369662,667.098112,359.280712,2.928009,1.389303,-1.726781,1.679122,0.600614,1.534212
13255,441.833333,1,712.695675,360.223621,622.030811,358.233041,667.363243,359.228331,2.904874,1.56587,-1.765166,1.75681,0.569854,1.66134
13256,441.866667,1,713.438511,360.368766,622.780132,358.499674,668.109322,359.43422,2.911343,1.339912,-1.740205,1.60309,0.585569,1.471501
13257,441.9,1,713.872032,360.482481,623.202419,358.52486,668.537226,359.503671,2.925591,1.370268,-1.730231,1.431239,0.59768,1.400754
13258,441.933333,1,713.962135,360.514367,623.397083,358.625084,668.679609,359.569725,2.940978,1.436407,-1.730158,1.418856,0.60541,1.427631
13259,441.966667,1,714.394245,360.431042,623.701525,358.64167,669.047885,359.536356,2.940033,1.388256,-1.74769,1.416377,0.596171,1.402316
13260,442.0,1,715.042267,360.633484,624.145222,358.662543,669.593744,359.648014,2.929236,1.414305,-1.72849,1.341553,0.600373,1.377929
13261,442.033333,1,715.102253,360.559959,624.452429,358.544961,669.777341,359.55246,2.91317,1.403409,-1.734372,1.37004,0.589399,1.386724
13262,442.066667,1,715.800457,360.296888,624.674711,358.33342,670.237584,359.315154,2.911273,1.30606,-1.73354,1.438326,0.588866,1.372193
13263,442.1,1,715.914955,360.257492,625.196676,358.292801,670.555816,359.275146,2.88377,1.354884,-1.739911,1.328898,0.571929,1.341891
13264,442.133333,1,717.0228,360.330614,625.7693,358.237987,671.39605,359.284301,2.906492,1.412417,-1.731504,1.683596,0.587494,1.548007
13265,442.166667,1,717.492313,360.352635,627.271738,358.915105,672.382026,359.63387,2.877362,1.200136,-1.701581,1.503624,0.587891,1.35188
13266,442.2,1,718.556461,360.445735,628.173866,358.633452,673.365164,359.539593,2.860955,1.288402,-1.690578,1.642058,0.585188,1.46523
13267,442.233333,1,719.160767,360.308604,628.613901,358.787062,673.887334,359.547833,2.875059,1.121559,-1.708849,1.576529,0.583105,1.349044
13268,442.266667,1,720.455589,360.055114,629.610195,359.01439,675.032892,359.534752,2.894023,1.049808,-1.688393,1.720682,0.602815,1.385245
13269,442.3,1,721.172333,360.053945,630.394955,359.143898,675.783644,359.598921,2.878903,0.946005,-1.709945,1.50492,0.584479,1.225462
13270,442.333333,1,722.937183,360.873381,632.043829,359.408852,677.490506,360.141116,2.841537,0.869208,-1.690531,1.703047,0.575503,1.286128
13271,442.366667,1,724.613342,361.104813,633.946638,359.417966,679.27999,360.261389,2.881042,1.131796,-1.69293,1.71654,0.594056,1.424168
13272,442.4,1,726.294041,361.652756,635.487156,359.380297,680.890598,360.516526,2.897929,1.458087,-1.67793,1.546079,0.609999,1.502083
13273,442.433333,1,728.461514,362.443777,636.942596,359.35061,682.702055,360.897194,2.976981,1.460655,-1.69586,1.412279,0.64056,1.436467
13274,442.466667,1,729.916592,362.791493,638.689785,359.785761,684.303188,361.288627,2.96112,1.425817,-1.684782,1.57456,0.638169,1.500189
13275,442.5,1,731.366444,362.984065,639.790611,359.640927,685.578527,361.312496,2.945653,1.359026,-1.699605,1.517231,0.623024,1.438129
13276,442.533333,1,732.063484,362.973347,641.027603,359.519337,686.545544,361.246342,2.853628,1.472985,-1.686657,1.691676,0.583485,1.582331
13277,442.566667,1,733.282738,362.992262,641.332893,359.446499,687.307816,361.21938,2.846955,1.402429,-1.728344,1.648165,0.559306,1.525297
13278,442.6,1,733.305931,363.123872,642.60602,359.863014,687.955976,361.493443,2.849639,1.524659,-1.700979,1.528141,0.57433,1.5264
13279,442.633333,1,733.406734,364.529307,642.792444,360.348998,688.099589,362.439153,2.877302,1.652527,-1.723174,1.821984,0.577064,1.737256
13280,442.666667,1,728.062382,368.030287,641.73481,362.335668,684.898596,365.182977,2.773054,1.866141,-1.660447,28.0742,0.556304,14.97017
13281,442.7,1,728.280888,368.97627,640.77096,362.500935,684.525924,365.738602,2.875325,2.28607,-1.703274,30.616306,0.586026,16.451188
13282,442.733333,1,726.81881,367.93539,640.336018,362.340624,683.577414,365.138007,2.822568,1.542823,-1.708391,26.753892,0.557089,14.148358
13283,442.766667,1,726.395607,367.949145,641.093359,362.823996,683.744483,365.38657,2.794789,1.764503,-1.65192,41.350864,0.571434,21.557683
13284,442.8,1,726.840172,366.464467,639.585867,361.596719,683.213019,364.030593,2.83437,1.825407,-1.736556,25.07768,0.548907,13.451543
13285,442.833333,1,729.648762,364.661883,638.637962,360.317579,684.143362,362.489731,2.897259,1.928726,-1.845846,3.270649,0.525707,2.599687
13286,442.866667,1,730.059814,363.539851,638.644724,359.931754,684.352269,361.735802,2.917384,1.638661,-1.834495,2.414003,0.541444,2.026332
13287,442.9,1,730.317154,362.805993,638.75165,359.478471,684.534402,361.142232,2.951952,1.617062,-1.847257,2.014621,0.552347,1.815842
13288,442.933333,1,730.519352,362.363611,639.320679,359.314991,684.920015,360.839301,2.916428,1.390756,-1.824809,1.835217,0.54581,1.612987
13289,442.966667,1,731.18433,361.92118,639.641914,358.745729,685.413122,360.333455,2.908824,1.503817,-1.842698,1.558101,0.533063,1.530959
13290,443.0,1,731.799908,361.152293,639.9053,358.014581,685.852604,359.583437,2.927394,1.536237,-1.864823,1.577722,0.531286,1.55698
13291,443.033333,1,732.589302,360.6622,640.912209,357.713009,686.750755,359.187604,2.937853,1.40886,-1.830733,1.563829,0.55356,1.486344
13292,443.066667,1,733.778591,360.806218,641.749172,357.369118,687.763882,359.087668,2.934994,1.343366,-1.833707,1.661834,0.550643,1.5026
13293,443.1,1,733.476353,360.817956,642.595024,357.761005,688.035688,359.28948,2.882741,1.274367,-1.844706,1.635866,0.519018,1.455116
13294,443.133333,1,733.979282,360.854074,642.712126,357.461273,688.345704,359.157674,2.929756,1.370807,-1.843969,1.770743,0.542894,1.570775
13295,443.166667,1,734.438,361.05576,643.090496,357.46159,688.764248,359.258675,2.910022,1.378242,-1.834797,1.825785,0.537613,1.602014
13296,443.2,1,734.234352,361.074327,643.304958,357.690988,688.769655,359.382657,2.88437,1.124196,-1.821828,1.797514,0.531271,1.460855
13297,443.233333,1,734.346085,360.987171,643.146687,357.479298,688.746386,359.233234,2.8879,1.140782,-1.84533,1.603638,0.521285,1.37221
13298,443.266667,1,734.547405,360.933452,643.04884,357.236456,688.798122,359.084954,2.870855,1.350719,-1.833407,1.649958,0.518724,1.500339
13299,443.3,1,734.80547,360.879233,643.061724,357.176578,688.933597,359.027906,2.878967,1.523202,-1.836136,1.605821,0.521415,1.564512
13300,443.333333,1,734.309845,361.66062,643.10957,357.908279,688.709707,359.78445,2.873163,1.536262,-1.836193,1.525176,0.518485,1.530719
13301,443.366667,1,734.265976,362.911302,642.50288,359.085748,688.384428,360.998525,2.856788,1.464181,-1.816232,1.466165,0.520278,1.465173
13302,443.4,1,734.120731,363.599385,642.453604,360.314403,688.287168,361.956894,2.900422,1.617385,-1.816536,1.396775,0.541943,1.50708
13303,443.433333,1,733.742199,364.17871,642.010298,361.183712,687.876248,362.681211,2.885562,1.598976,-1.830125,1.503811,0.527719,1.551394
13304,443.466667,1,733.70163,364.545105,641.548243,361.882251,687.624936,363.213678,2.909643,1.504186,-1.842333,1.523705,0.533655,1.513946
13305,443.5,1,733.827724,364.960021,641.193886,362.508745,687.510805,363.734383,2.902577,1.523612,-1.867364,1.518487,0.517606,1.52105
13306,443.533333,1,734.480267,365.29924,640.909472,362.927647,687.694869,364.113444,2.974914,1.574374,-1.863486,1.657454,0.555714,1.615914
13307,443.566667,1,734.521999,365.582079,640.922146,363.399255,687.722073,364.490667,2.974434,1.598792,-1.862252,1.67758,0.556091,1.638186
13308,443.6,1,734.84724,365.428555,641.217365,363.197751,688.032303,364.313153,2.949249,1.652757,-1.863464,1.591728,0.542893,1.622243
13309,443.633333,1,735.531292,365.398128,642.109079,363.194135,688.820186,364.296132,2.932547,1.646418,-1.833295,1.592062,0.549626,1.61924
13310,443.666667,1,736.093216,365.223393,642.753668,362.72065,689.423442,363.972022,2.925997,1.719241,-1.839545,1.646963,0.543226,1.683102
13311,443.7,1,736.747456,364.979623,643.518248,362.340136,690.132852,363.65988,2.925354,1.646319,-1.836593,1.621201,0.54438,1.63376
13312,443.733333,1,737.57761,364.822805,644.048071,361.833617,690.81284,363.328211,2.940112,1.769547,-1.839259,1.597048,0.550427,1.683298
13313,443.766667,1,737.572231,364.775437,643.983469,361.801093,690.77785,363.288265,2.979547,1.834564,-1.84003,1.599688,0.569758,1.717126
13314,443.8,1,737.960548,364.685916,644.615374,361.668935,691.287961,363.177425,2.937304,1.739505,-1.828766,1.594095,0.554269,1.6668
13315,443.833333,1,738.421326,364.760867,645.23057,361.718438,691.825948,363.239653,2.92649,1.713191,-1.857931,1.503881,0.534279,1.608536
13316,443.866667,1,738.966827,364.716917,645.558529,361.788003,692.262678,363.25246,2.956645,1.683591,-1.871167,1.659789,0.542739,1.67169
13317,443.9,1,739.628239,364.896265,645.99329,361.78663,692.810764,363.341448,2.975924,1.631535,-1.864706,1.691497,0.555609,1.661516
13318,443.933333,1,739.461994,364.649523,646.078739,361.792402,692.770367,363.220963,2.987067,1.673594,-1.849673,1.793337,0.568697,1.733465
13319,443.966667,1,738.796673,364.37575,645.579233,361.781062,692.187953,363.078406,2.928392,1.44581,-1.859246,1.685215,0.534573,1.565512
13320,444.0,1,738.946228,364.485973,645.666065,361.857027,692.306147,363.1715,2.915916,1.708594,-1.834216,1.732479,0.54085,1.720536
13321,444.033333,1,738.98941,364.447108,645.695858,361.657981,692.342634,363.052544,2.905035,1.734041,-1.825599,1.673827,0.539718,1.703934
13322,444.066667,1,739.579468,364.470996,646.984968,361.826348,693.282218,363.148672,2.860271,1.677737,-1.807313,1.617967,0.526479,1.647852
13323,444.1,1,740.503311,364.620432,648.281584,361.665174,694.392447,363.142803,2.833642,1.410968,-1.839613,1.697519,0.497015,1.554243
13324,444.133333,1,742.67662,364.385213,649.933243,361.740743,696.304932,363.062978,2.857831,1.563012,-1.91193,1.677478,0.472951,1.620245
13325,444.166667,1,749.508457,365.575964,655.742989,362.285414,702.625723,363.930689,2.969968,1.509318,-1.835307,2.099211,0.567331,1.804264
13326,444.2,1,754.093494,365.936013,660.222645,362.68406,707.15807,364.310036,3.036635,1.903194,-1.784378,2.027411,0.626128,1.965303
13327,444.233333,1,757.545452,366.96383,664.2449,362.822306,710.895176,364.893068,2.990079,2.053919,-1.71691,2.204265,0.636585,2.129092
13328,444.266667,1,759.54792,368.04697,667.464886,363.445678,713.506403,365.746324,2.898019,1.793091,-1.743454,2.072727,0.577283,1.932909
13329,444.3,1,762.310963,368.638569,669.367371,363.834229,715.839167,366.236399,2.930162,1.985782,-1.728591,2.215023,0.600786,2.100402
13330,444.333333,1,763.328476,368.600214,670.740108,363.914191,717.034292,366.257202,2.894958,1.762925,-1.764962,2.300657,0.564998,2.031791
13331,444.366667,1,765.101814,368.457284,672.133884,363.945476,718.617849,366.20138,2.893518,1.810061,-1.778177,2.150184,0.557671,1.980122
13332,444.4,1,766.148567,368.241978,673.054066,363.637505,719.601316,365.939741,2.934709,1.76914,-1.764629,2.297089,0.58504,2.033114
13333,444.433333,1,767.332001,367.834175,674.117889,363.175703,720.724945,365.504939,2.893602,1.512701,-1.761222,2.25318,0.56619,1.882941
13334,444.466667,1,768.083611,367.676032,674.742889,362.595048,721.41325,365.13554,2.945062,1.642454,-1.750201,2.409012,0.59743,2.025733
13335,444.5,1,768.013725,367.634071,675.012741,362.678599,721.513233,365.156335,2.918961,1.673044,-1.736225,2.327686,0.591368,2.000365
13696,456.533333,1,713.163071,360.299699,624.023781,364.158137,668.593426,362.228918,2.904883,0.809703,-1.582396,1.45096,0.661244,1.130331
13697,456.566667,1,712.17947,360.30442,622.99387,364.123392,667.58667,362.213906,2.856584,0.96855,-1.593792,1.371365,0.631396,1.169958
13698,456.6,1,711.622791,360.554654,622.180777,364.368476,666.901784,362.461565,2.853974,0.89657,-1.592779,1.311158,0.630597,1.103864
13699,456.633333,1,710.911369,360.420152,621.940031,364.532955,666.4257,362.476553,2.849581,0.766265,-1.568753,1.260445,0.640414,1.013355
13700,456.666667,1,710.291271,359.973881,621.852112,364.671539,666.071692,362.32271,2.843591,0.734519,-1.573297,1.446208,0.635147,1.090364
13701,456.7,1,709.904804,359.828575,621.129322,364.155927,665.517063,361.992251,2.868794,0.83004,-1.591585,1.456455,0.638604,1.143248
13702,456.733333,1,709.230595,359.642628,620.819159,364.186821,665.024877,361.914724,2.887632,0.720909,-1.582739,1.484928,0.652446,1.102918
13703,456.766667,1,709.151039,359.636287,620.676756,363.82505,664.913898,361.730669,2.881405,0.734123,-1.590208,1.477904,0.645599,1.106014
13704,456.8,1,708.919849,359.424081,620.754128,363.558438,664.836988,361.49126,2.844921,0.622615,-1.595661,1.525842,0.62463,1.074228
13705,456.833333,1,708.944511,359.131882,620.779629,363.238864,664.86207,361.185373,2.869257,0.594738,-1.592813,1.497786,0.638222,1.046262
13706,456.866667,1,709.65992,358.772712,621.482706,363.245559,665.571313,361.009136,2.821204,0.554467,-1.590807,1.419027,0.615199,0.986747
13707,456.9,1,709.843521,358.654062,621.212521,362.744645,665.528021,360.699354,2.807304,0.663471,-1.590191,1.236988,0.608556,0.95023
13708,456.933333,1,710.620918,358.563709,621.257038,362.879056,665.938978,360.721383,2.838356,0.648133,-1.586535,1.421002,0.62591,1.034568
13709,456.966667,1,711.705456,358.404493,621.820831,362.863988,666.763144,360.634241,2.836583,0.791512,-1.553883,1.359186,0.64135,1.075349
13710,457.0,1,712.054176,358.739335,622.276812,363.291779,667.165494,361.015557,2.86023,0.843972,-1.52921,1.397125,0.66551,1.120548
13711,457.033333,1,712.839699,359.267516,623.119535,363.351071,667.979617,361.309294,2.822579,0.773005,-1.530722,1.371064,0.645928,1.072034
13712,457.066667,1,713.236389,358.963122,623.590212,363.269854,668.413301,361.116488,2.839821,0.678225,-1.542603,1.370497,0.648609,1.024361
13713,457.1,1,714.74926,358.438005,624.949789,362.993023,669.849524,360.715514,2.884527,0.691731,-1.535564,1.490582,0.674482,1.091157
13714,457.133333,1,715.050335,358.497282,625.259085,362.959635,670.15471,360.728458,2.881906,0.669645,-1.533934,1.513072,0.673986,1.091359
13715,457.166667,1,715.217247,358.557186,625.556803,362.787362,670.387025,360.672274,2.891136,0.677121,-1.527154,1.430688,0.681991,1.053905
13716,457.2,1,715.19516,358.749307,625.842924,362.894372,670.519042,360.82184,2.860078,0.643194,-1.533768,1.426457,0.663155,1.034826
13717,457.233333,1,715.252094,358.770513,626.037321,363.057922,670.644708,360.914218,2.855041,0.639001,-1.518968,1.399101,0.668037,1.019051
13718,457.266667,1,714.876442,358.910149,625.364799,363.473128,670.120621,361.191638,2.834084,0.649246,-1.538864,1.531943,0.64761,1.090595
13719,457.3,1,714.100151,358.961046,625.586605,363.120246,669.843378,361.040646,2.872152,0.663213,-1.517466,1.369665,0.677343,1.016439
13720,457.333333,1,714.084377,358.749608,625.21657,363.501055,669.650474,361.125332,2.862235,0.646038,-1.551365,1.429825,0.655435,1.037931
13721,457.366667,1,713.743286,358.84186,624.976816,363.683344,669.360051,361.262602,2.884936,0.734584,-1.542283,1.476669,0.671327,1.105627
13722,457.4,1,713.516827,358.919853,624.521036,363.655926,669.018931,361.287889,2.88887,0.800379,-1.549381,1.465458,0.669744,1.132918
13723,457.433333,1,713.237495,358.99886,624.470873,363.571474,668.854184,361.285167,2.870086,0.828792,-1.535481,1.466385,0.667302,1.147588
13724,457.466667,1,713.058147,359.220325,624.211197,363.724408,668.634672,361.472366,2.871473,0.843113,-1.524499,1.464707,0.673487,1.15391
13725,457.5,1,712.922535,359.070759,623.992949,363.687415,668.457742,361.379087,2.873933,0.837399,-1.531702,1.470042,0.671116,1.153721
13726,457.533333,1,711.754093,359.316815,622.242537,363.623407,666.998315,361.470111,2.83016,0.785776,-1.564193,1.346696,0.632984,1.066236
13727,457.566667,1,711.43652,359.381794,621.727686,363.667009,666.582103,361.524401,2.824909,0.822059,-1.57997,1.360308,0.62247,1.091183
13728,457.6,1,711.710701,359.40706,622.122192,363.676348,666.916447,361.541704,2.810609,0.817998,-1.566529,1.364257,0.62204,1.091127
13729,457.633333,1,711.982441,359.335139,622.156124,363.652364,667.069283,361.493752,2.828105,0.868477,-1.559059,1.342313,0.634523,1.105395
13730,457.666667,1,712.058563,359.392222,622.403593,363.71148,667.231078,361.551851,2.851533,0.88969,-1.55763,1.335684,0.646952,1.112687
13731,457.7,1,712.176571,359.456359,622.541656,363.709849,667.359114,361.583104,2.84141,0.889123,-1.564042,1.364222,0.638684,1.126672
13732,457.733333,1,712.394466,359.380576,622.516212,363.73201,667.455339,361.556293,2.83438,0.861436,-1.577359,1.414834,0.62851,1.138135
13733,457.766667,1,712.414436,359.36554,622.326231,363.785289,667.370334,361.575414,2.834536,0.86963,-1.574361,1.42382,0.630087,1.146725
13734,457.8,1,712.166328,359.521869,622.419386,363.763311,667.292857,361.64259,2.840906,0.872638,-1.583646,1.385089,0.62863,1.128863
13735,457.833333,1,710.649357,359.67791,620.903406,363.698691,665.776381,361.6883,2.867088,1.083504,-1.600036,1.239706,0.633526,1.161605
13736,457.866667,1,710.056553,360.111263,620.43911,363.897625,665.247831,362.004444,2.858654,0.989131,-1.612662,1.162172,0.622996,1.075652
13737,457.9,1,709.742489,359.840629,620.348597,363.799896,665.045543,361.820262,2.849309,0.950784,-1.598335,1.139748,0.625487,1.045266
13738,457.933333,1,709.779587,359.828285,619.966631,363.731232,664.873109,361.779758,2.856828,1.00788,-1.590021,1.06626,0.633404,1.03707
13739,457.966667,1,709.745293,359.801908,620.162487,363.712944,664.95389,361.757426,2.859284,0.960466,-1.589002,1.122606,0.635141,1.041536
13740,458.0,1,710.286427,359.715713,620.618324,363.604728,665.452375,361.66022,2.867595,0.89237,-1.595325,1.111495,0.636135,1.001933
13741,458.033333,1,710.730171,359.705359,620.915451,363.760221,665.822811,361.73279,2.863419,0.919165,-1.588633,1.196331,0.637393,1.057748
13742,458.066667,1,711.227417,360.046901,621.236057,363.859216,666.231737,361.953059,2.871976,0.997962,-1.617417,1.227355,0.627279,1.112658
13743,458.1,1,711.314507,360.275747,621.649733,363.935557,666.48212,362.105652,2.873049,1.020665,-1.612822,1.212535,0.630114,1.1166
13744,458.133333,1,711.35107,360.493065,621.672993,364.065177,666.512032,362.279121,2.880053,1.056782,-1.609302,1.196479,0.635376,1.12663
13745,458.166667,1,711.469364,360.748336,621.517267,364.231163,666.493316,362.48975,2.882521,1.053902,-1.613195,1.197787,0.634663,1.125844
13746,458.2,1,711.40398,360.941917,621.579027,364.424706,666.491504,362.683311,2.869662,1.047453,-1.618069,1.170952,0.625797,1.109203
13747,458.233333,1,711.307106,361.179855,621.417065,364.770663,666.362085,362.975259,2.854141,0.977279,-1.613947,1.155007,0.620097,1.066143
13748,458.266667,1,710.590363,362.582758,621.535597,366.077875,666.06298,364.330316,2.834749,1.05011,-1.635671,1.307877,0.599539,1.178994
13749,458.3,1,709.076004,367.400515,623.295898,371.293731,666.185951,369.347123,2.873325,9.579569,-1.562503,14.017397,0.655411,11.798483
13750,458.333333,1,708.210793,367.191319,621.81757,371.232748,665.014181,369.212033,2.859337,2.654609,-1.585486,6.89457,0.636926,4.77459
13751,458.366667,1,710.594826,364.977171,622.60828,369.766642,666.601553,367.371907,2.853889,1.016454,-1.617432,2.672497,0.618228,1.844476
13752,458.4,1,710.484695,364.11505,622.583523,369.155881,666.534109,366.635466,2.862072,0.920951,-1.58361,1.797645,0.639231,1.359298
13753,458.433333,1,710.046272,363.606294,621.337891,368.270044,665.692081,365.938169,2.838707,0.872896,-1.606396,1.497692,0.616155,1.185294
13754,458.466667,1,709.95739,363.071762,620.971975,368.372934,665.464683,365.722348,2.817593,0.88994,-1.602822,1.623153,0.607385,1.256546
13755,458.5,1,709.408092,363.180794,620.628529,368.853382,665.018311,366.017088,2.816331,0.816097,-1.604593,1.512844,0.605869,1.164471
13756,458.533333,1,709.353561,363.5787,620.355749,369.461267,664.854655,366.519983,2.83084,0.8301,-1.581278,1.48892,0.624781,1.15951
13757,458.566667,1,708.663273,364.407331,619.714899,370.914059,664.189086,367.660695,2.844543,0.894229,-1.552227,1.456713,0.646158,1.175471
13758,458.6,1,707.597694,365.480365,619.059658,372.337089,663.328676,368.908727,2.850581,0.970104,-1.507508,1.501411,0.671537,1.235758
13759,458.633333,1,706.350021,365.94487,617.68096,373.724424,662.015491,369.834647,2.887,0.819112,-1.48439,1.557456,0.701305,1.188284
13760,458.666667,1,705.148201,366.722485,617.101784,374.289522,661.124992,370.506003,2.8762,0.670767,-1.481971,1.568139,0.697115,1.119453
13761,458.7,1,704.131336,367.018456,616.239777,373.476931,660.185556,370.247693,2.874159,0.763362,-1.537054,1.55299,0.668552,1.158176
13762,458.733333,1,703.59129,366.605444,616.031713,372.892531,659.811502,369.748988,2.895379,0.82498,-1.53612,1.465494,0.67963,1.145237
13763,458.766667,1,703.587036,365.953678,616.250753,372.149452,659.918895,369.051565,2.886165,0.783999,-1.531277,1.521966,0.677444,1.152982
13764,458.8,1,704.6138,364.861938,616.870832,370.9868,660.742316,367.924369,2.857124,0.684664,-1.516387,1.534686,0.670368,1.109675
13765,458.833333,1,705.870819,363.889997,617.353773,369.79237,661.612296,366.841183,2.858847,0.684516,-1.518458,1.674463,0.670194,1.179489
13766,458.866667,1,707.512455,363.023574,618.737755,368.509158,663.125105,365.766366,2.836287,0.801503,-1.513218,1.694008,0.661534,1.247755
13767,458.9,1,709.100399,362.401049,620.316439,367.2684,664.708419,364.834725,2.830919,0.739328,-1.498385,1.698803,0.666267,1.219066
13768,458.933333,1,710.326691,362.224903,621.694784,366.394671,666.010737,364.309787,2.86425,0.837101,-1.498349,1.69371,0.68295,1.265406
13769,458.966667,1,711.5345,362.300863,621.797523,365.768563,666.666012,364.034713,2.873657,0.875797,-1.529262,1.705474,0.672198,1.290636
13770,459.0,1,711.753807,362.402487,622.972765,365.665786,667.363286,364.034136,2.871266,0.836342,-1.511418,1.522151,0.679924,1.179247
13771,459.033333,1,712.894077,362.630485,623.29423,365.446794,668.094153,364.03864,2.900218,0.898645,-1.528221,1.613509,0.685998,1.256077
13772,459.066667,1,711.611404,362.278655,622.570238,365.436012,667.090821,363.857333,2.905253,0.889911,-1.532639,1.488694,0.686307,1.189302
13773,459.1,1,711.27182,362.603137,621.497898,365.031492,666.384859,363.817315,2.975703,1.085434,-1.582051,1.382949,0.696826,1.234191
13774,459.133333,1,711.73111,362.338918,622.050991,364.648837,666.89105,363.493878,2.925098,0.932,-1.597456,1.374075,0.663821,1.153038
13775,459.166667,1,712.303925,361.931491,622.484531,364.57881,667.394228,363.25515,2.928661,0.874145,-1.613993,1.405594,0.657334,1.13987
13776,459.2,1,713.024845,361.358721,622.792959,363.97498,667.908902,362.666851,2.923295,0.817669,-1.613526,1.475001,0.654884,1.146335
13777,459.233333,1,713.608093,361.487591,623.468657,363.746907,668.538375,362.617249,2.921113,0.923032,-1.620052,1.519289,0.650531,1.221161
13778,459.266667,1,714.18644,361.47234,624.187689,363.77397,669.187064,362.623155,2.923559,0.943089,-1.616494,1.48304,0.653533,1.213065
13779,459.3,1,714.351864,361.92573,624.15987,364.011281,669.255867,362.968505,2.914972,0.862049,-1.628577,1.446146,0.643197,1.154098
13780,459.333333,1,715.013371,362.074324,624.416294,364.116912,669.714832,363.095618,2.879918,0.725358,-1.631678,1.487136,0.62412,1.106247
13781,459.366667,1,714.846725,362.204937,624.986935,364.190243,669.91683,363.19759,2.875578,0.761746,-1.618465,1.413712,0.628556,1.087729
13782,459.4,1,715.032959,362.553957,624.618254,364.377429,669.825606,363.465693,2.903313,0.859707,-1.617736,1.297714,0.642788,1.07871
13783,459.433333,1,714.922867,362.696725,623.864183,364.719765,669.393525,363.708245,2.878983,0.804354,-1.616986,1.361799,0.630999,1.083076
13784,459.466667,1,714.381294,362.952635,623.266315,364.984542,668.823805,363.968588,2.891757,0.931433,-1.622506,1.281951,0.634626,1.106692
13785,459.5,1,713.650436,363.07379,622.941723,365.186502,668.29608,364.130146,2.88736,0.891362,-1.621918,1.242575,0.632721,1.066968
13876,462.533333,1,708.392048,351.258059,619.546394,354.367361,663.969221,352.81271,2.90478,1.626995,-1.796466,1.634038,0.554157,1.630516
13877,462.566667,1,708.328381,351.197752,619.627628,354.105937,663.978004,352.651844,2.899809,1.614959,-1.789595,1.523207,0.555107,1.569083
13878,462.6,1,708.272686,351.264673,619.623508,354.144464,663.948097,352.704569,2.900991,1.571058,-1.798078,1.519639,0.551456,1.545349
13879,462.633333,1,708.427906,351.707704,619.555988,354.875935,663.991947,353.291819,2.919697,1.646746,-1.795643,1.602712,0.562027,1.624729
13880,462.666667,1,708.672962,352.599673,619.766197,355.763472,664.21958,354.181572,2.918893,1.574586,-1.779725,1.683956,0.569584,1.629271
13881,462.7,1,708.710232,353.971424,619.469175,357.076038,664.089704,355.523731,2.91908,1.571325,-1.777073,1.787556,0.571003,1.679441
13882,462.733333,1,709.307175,354.467531,619.51396,357.114045,664.410567,355.790788,2.927152,1.77006,-1.788877,1.70248,0.569137,1.73627
13883,462.766667,1,709.122372,354.532167,619.969015,356.941606,664.545693,355.736886,2.909786,1.799905,-1.778239,1.67998,0.565773,1.739942
13884,462.8,1,709.57468,354.038163,619.896336,356.408962,664.735508,355.223562,2.925203,1.799032,-1.800976,1.684286,0.562114,1.741659
13885,462.833333,1,709.750748,353.530582,620.36438,355.951779,665.057564,354.741181,2.894066,1.901349,-1.792193,1.635371,0.550936,1.76836
13886,462.866667,1,710.500946,353.502349,620.625057,355.812927,665.563002,354.657638,2.923283,1.88262,-1.799709,1.619508,0.561787,1.751064
13887,462.9,1,711.05402,353.855075,621.115675,355.843241,666.084847,354.849158,2.920823,1.893315,-1.805459,1.579535,0.557682,1.736425
13888,462.933333,1,711.355648,354.211375,621.623411,356.20395,666.48953,355.207662,2.920774,1.832124,-1.792293,1.682592,0.56424,1.757358
13889,462.966667,1,711.575642,354.433832,622.053328,356.374007,666.814485,355.40392,2.90932,1.771016,-1.802427,1.702775,0.553447,1.736895
13890,463.0,1,711.777172,354.94763,622.11215,356.582297,666.944661,355.764964,2.898987,1.835207,-1.820103,1.729726,0.539442,1.782467
13891,463.033333,1,711.72472,355.106578,622.226858,356.67979,666.975789,355.893184,2.898257,1.747099,-1.833693,1.736874,0.532282,1.741987
13892,463.066667,1,712.810211,355.239798,623.518934,357.278749,668.164573,356.259273,2.904147,1.658758,-1.782409,1.838811,0.560869,1.748785
13893,463.1,1,713.820915,355.543783,624.172878,357.611289,668.996897,356.577536,2.916883,1.547274,-1.755464,2.01034,0.580709,1.778807
13894,463.133333,1,713.810081,355.975158,624.213266,357.89879,669.011674,356.936974,2.924449,1.549739,-1.756963,2.13713,0.583743,1.843435
13895,463.166667,1,713.883152,356.000397,624.287319,358.053961,669.085236,357.027179,2.942123,1.471508,-1.75045,2.110289,0.595836,1.790899
13896,463.2,1,714.13187,356.222999,624.307022,358.147339,669.219446,357.185169,2.950828,1.440789,-1.739894,2.064453,0.605467,1.752621
13897,463.233333,1,715.299015,356.10304,625.651178,358.239307,670.475097,357.171173,2.956022,1.254267,-1.719632,2.090563,0.618195,1.672415
13898,463.266667,1,715.925198,355.851717,626.787071,358.095449,671.356134,356.973583,2.916975,1.115538,-1.699525,2.080424,0.608725,1.597981
13899,463.3,1,715.562439,355.574355,626.716814,358.039552,671.139627,356.806954,2.896706,1.102005,-1.695788,2.045414,0.600459,1.57371
13900,463.333333,1,716.069126,356.106956,627.00366,358.62591,671.536393,357.366433,2.860311,0.744567,-1.662996,1.787749,0.598657,1.266158
13901,463.366667,1,716.258316,356.070237,626.881094,358.523975,671.569705,357.297106,2.840559,0.637649,-1.651219,1.62304,0.59467,1.130345
13902,463.4,1,716.278267,356.241281,626.574774,358.21631,671.42652,357.228795,2.844827,0.778498,-1.634594,1.400612,0.605117,1.089555
13903,463.433333,1,716.024456,355.602733,626.633711,358.029681,671.329083,356.816207,2.816171,0.684846,-1.650819,1.391516,0.582676,1.038181
13904,463.466667,1,716.105633,355.845457,626.546135,358.150526,671.325884,356.997991,2.815741,0.700717,-1.634942,1.354038,0.590399,1.027377
13905,463.5,1,715.767803,356.166431,626.17712,358.917128,670.972462,357.54178,2.819896,0.651644,-1.624201,1.452331,0.597847,1.051987
13906,463.533333,1,714.770622,356.69392,625.816383,359.441339,670.293503,358.067629,2.912885,1.00985,-1.683415,1.324523,0.614735,1.167186
13907,463.566667,1,714.012012,361.06025,626.295204,362.856451,670.153608,361.958351,2.790921,0.671285,-1.665591,1.846516,0.562665,1.2589
13908,463.6,1,712.836437,360.82648,626.034155,363.394625,669.435296,362.110552,2.820045,0.333706,-1.642743,4.46407,0.588651,2.398888
13909,463.633333,1,713.823509,358.89029,626.568747,361.200358,670.196128,360.045324,2.844405,1.036777,-1.645763,3.306088,0.599321,2.171433
13910,463.666667,1,714.637146,357.762539,625.52206,360.21249,670.079603,358.987514,2.845874,0.923319,-1.724265,2.643279,0.560804,1.783299
13911,463.7,1,714.767323,357.192301,625.576496,359.828178,670.171909,358.510239,2.862045,0.815162,-1.735241,2.573683,0.563402,1.694423
13912,463.733333,1,715.106735,357.017636,625.192833,359.641555,670.149784,358.329595,2.904115,1.075096,-1.742396,2.462312,0.58086,1.768704
13913,463.766667,1,715.636063,357.153677,625.731449,359.712006,670.683756,358.432842,2.884971,1.081022,-1.728319,2.509525,0.578326,1.795273
13914,463.8,1,716.200809,357.251535,625.991364,359.809402,671.096087,358.530469,2.891618,1.184741,-1.743174,2.317857,0.574222,1.751299
13915,463.833333,1,716.170273,357.284553,626.075277,359.72553,671.122775,358.505041,2.915251,1.209796,-1.736371,2.26334,0.58944,1.736568
13916,463.866667,1,716.81263,357.26383,626.562157,359.897448,671.687393,358.580639,2.909357,1.141191,-1.721408,2.387255,0.593975,1.764223
13917,463.9,1,716.942043,357.23195,626.644411,359.831032,671.793227,358.531491,2.920422,1.202804,-1.727654,2.461687,0.596384,1.832246
13918,463.933333,1,717.424431,357.395934,626.741285,359.81879,672.082858,358.607362,2.91507,1.236484,-1.728654,2.390751,0.593208,1.813617
13919,463.966667,1,717.680092,357.416604,626.855268,359.883592,672.26768,358.650098,2.93104,1.334953,-1.732988,2.344298,0.599026,1.839625
13920,464.0,1,716.245937,357.575814,626.1059,359.823124,671.175919,358.699469,2.930695,1.552855,-1.739238,2.312229,0.595729,1.932542
13921,464.033333,1,716.623268,357.646115,626.018267,359.937483,671.320767,358.791799,2.942091,1.41802,-1.723204,2.398317,0.609443,1.908169
13922,464.066667,1,716.685505,357.67077,626.370916,360.034187,671.528211,358.852479,2.93324,1.325644,-1.714376,2.481653,0.609432,1.903649
13923,464.1,1,716.707382,357.566555,626.326733,359.869983,671.517057,358.718269,2.931172,1.33473,-1.713095,2.4566,0.609039,1.895665
13924,464.133333,1,716.785831,357.365829,626.799831,359.687013,671.792831,358.526421,2.959629,1.378471,-1.728544,2.458854,0.615543,1.918662
13925,464.166667,1,716.707821,357.225266,626.898127,359.670619,671.802974,358.447942,2.935595,1.280757,-1.730983,2.381948,0.602306,1.831352
13926,464.2,1,717.180977,357.371092,626.761637,359.907829,671.971307,358.63946,2.965907,1.235922,-1.731784,2.400595,0.617061,1.818259
13927,464.233333,1,716.861191,358.154742,626.582861,360.144099,671.722026,359.149421,2.935118,1.209617,-1.73889,2.370406,0.598114,1.790012
13928,464.266667,1,717.658978,359.131984,626.668978,360.844209,672.163978,359.988096,2.944142,1.285418,-1.744273,2.354168,0.599935,1.819793
13929,464.3,1,717.688389,359.402146,627.020464,361.718872,672.354426,360.560509,2.919015,1.111184,-1.709003,2.387888,0.605006,1.749536
13930,464.333333,1,717.253799,359.814032,627.002735,362.025266,672.128267,360.919649,2.90347,1.240934,-1.693608,2.495064,0.604931,1.867999
13931,464.366667,1,716.758442,359.841771,626.445122,362.404863,671.601782,361.123317,2.900921,1.22136,-1.697182,2.437437,0.60187,1.829398
13932,464.4,1,716.869812,359.836745,626.50465,362.319328,671.687231,361.078036,2.916704,1.185222,-1.704094,2.393734,0.606305,1.789478
13933,464.433333,1,716.581917,359.698359,626.392059,362.333018,671.486988,361.015688,2.926936,1.134762,-1.718007,2.376823,0.604464,1.755793
13934,464.466667,1,716.620312,359.585159,626.212673,362.311276,671.416492,360.948217,2.917426,1.201205,-1.719465,2.433957,0.598981,1.817581
13935,464.5,1,716.584225,359.484694,626.072178,362.370724,671.328201,360.927709,2.926449,1.202958,-1.71512,2.361086,0.605665,1.782022
13936,464.533333,1,716.484413,359.387287,626.280212,362.191043,671.382313,360.789165,2.923569,1.166279,-1.712846,2.300502,0.605362,1.73339
13937,464.566667,1,716.582108,359.410332,626.344318,362.124277,671.463213,360.767305,2.918851,1.104241,-1.709991,2.266488,0.60443,1.685365
13938,464.6,1,716.752605,359.495825,626.307068,362.125361,671.529837,360.810593,2.914786,1.108274,-1.704938,2.208105,0.604924,1.65819
13939,464.633333,1,716.707249,359.543547,626.307507,362.103909,671.507378,360.823728,2.916923,1.084868,-1.707799,2.228561,0.604562,1.656714
13940,464.666667,1,716.397667,360.076717,625.671415,362.405003,671.034541,361.24086,2.926395,1.090004,-1.72497,2.362772,0.600713,1.726388
13941,464.7,1,715.924606,360.113715,625.606899,362.407631,670.765753,361.260673,2.904137,1.065021,-1.717854,2.229284,0.593141,1.647152
13942,464.733333,1,715.649433,360.029075,625.440712,362.219866,670.545073,361.124471,2.906984,1.136449,-1.729641,2.151619,0.588671,1.644034
13943,464.766667,1,715.333443,359.380297,625.453138,362.010643,670.393291,360.69547,2.901423,1.07119,-1.724187,2.181836,0.588618,1.626513
13944,464.8,1,715.205402,358.891346,625.933895,361.669568,670.569649,360.280457,2.902586,1.042279,-1.727666,2.228445,0.58746,1.635362
13945,464.833333,1,716.548271,358.722083,626.266365,361.488326,671.407318,360.105204,2.911611,1.088457,-1.733436,2.249971,0.589087,1.669214
13946,464.866667,1,716.884403,358.838534,626.605082,361.555472,671.744742,360.197003,2.902341,1.064747,-1.760437,2.475291,0.570952,1.770019
13947,464.9,1,717.207546,358.873022,626.846342,361.580572,672.026944,360.226797,2.924928,1.159019,-1.768734,2.501351,0.578097,1.830185
13948,464.933333,1,717.79686,359.629925,626.605597,361.914834,672.201228,360.77238,2.978995,1.145425,-1.757698,2.402629,0.610649,1.774027
13949,464.966667,1,718.195953,359.909052,627.170734,362.421777,672.683344,361.165414,2.970752,1.052183,-1.754899,2.346978,0.607927,1.699581
13950,465.0,1,718.316612,360.281916,627.131405,362.863575,672.724009,361.572745,2.988197,1.061689,-1.756965,2.299746,0.615616,1.680718
13951,465.033333,1,718.789444,360.915116,627.427301,363.446993,673.108373,362.181054,2.98755,1.018614,-1.72958,2.203483,0.628985,1.611048
13952,465.066667,1,718.195419,361.332967,627.273397,364.135162,672.734408,362.734064,2.953002,0.96593,-1.745836,2.19502,0.603583,1.580475
13953,465.1,1,717.677269,361.741328,627.279549,364.462708,672.478409,363.102018,2.946717,1.075752,-1.729432,2.061811,0.608643,1.568781
13954,465.133333,1,717.299824,361.785048,627.297907,364.638473,672.298865,363.21176,2.937584,0.916249,-1.756488,2.06793,0.590548,1.49209
13955,465.166667,1,716.987648,361.697989,627.376223,364.808793,672.181935,363.253391,2.91701,0.985557,-1.75827,1.937938,0.57937,1.461747
13956,465.2,1,717.212811,361.616921,627.323494,364.745826,672.268152,363.181373,2.92295,1.103707,-1.766138,2.00874,0.578406,1.556224
13957,465.233333,1,717.633228,361.547163,627.280741,364.719948,672.456985,363.133555,2.934153,1.220623,-1.782027,2.058933,0.576063,1.639778
13958,465.266667,1,717.810783,361.41162,627.559776,364.75944,672.68528,363.08553,2.894976,1.253099,-1.782832,2.095037,0.556072,1.674068
13959,465.3,1,717.789745,361.291983,627.480583,364.768383,672.635164,363.030183,2.897987,1.280075,-1.77686,2.100242,0.560563,1.690159
13960,465.333333,1,717.843399,361.318236,627.404833,364.685487,672.624116,363.001861,2.907122,1.330195,-1.770094,2.142323,0.568514,1.736259
13961,465.366667,1,717.869282,360.945597,627.557163,364.552519,672.713223,362.749058,2.898239,1.338241,-1.7758,2.280138,0.561219,1.809189
13962,465.4,1,717.93211,360.885118,627.470465,364.35411,672.701287,362.619614,2.919376,1.332725,-1.787232,2.116718,0.566072,1.724722
13963,465.433333,1,717.899513,360.758201,627.581501,364.195908,672.740507,362.477055,2.886948,1.357836,-1.775501,2.174295,0.555723,1.766065
13964,465.466667,1,718.098621,360.630051,627.590628,364.005139,672.844625,362.317595,2.910916,1.328452,-1.804724,2.102801,0.553096,1.715627
13965,465.5,1,718.128223,360.525954,627.785683,363.845505,672.956953,362.185729,2.878973,1.323113,-1.787783,2.106786,0.545595,1.714949
14236,474.533333,1,662.449455,355.493358,570.755224,360.31229,616.60234,357.902824,2.95039,1.240626,-1.724432,2.122908,0.612979,1.681767
14237,474.566667,1,665.018883,355.930735,573.419695,359.846207,619.219289,357.888471,2.907194,1.180361,-1.718845,2.036073,0.594175,1.608217
14238,474.6,1,667.033005,356.357968,574.926224,359.64546,620.979614,358.001714,2.886696,1.056872,-1.746864,1.977263,0.569916,1.517067
14239,474.633333,1,668.781242,356.238905,576.877451,359.206544,622.829347,357.722724,2.904081,1.168314,-1.720775,1.746524,0.591653,1.457419
14240,474.666667,1,670.701523,356.654035,578.269663,359.199039,624.485593,357.926537,2.885777,1.154975,-1.760725,1.771134,0.562526,1.463055
14241,474.7,1,672.949409,356.659491,580.139608,358.484262,626.544509,357.571877,2.887483,1.277914,-1.76122,1.820264,0.563131,1.549089
14242,474.733333,1,675.369244,356.775974,581.733513,358.125393,628.551378,357.450684,2.929259,1.162877,-1.782735,1.885166,0.573262,1.524021
14243,474.766667,1,677.338696,356.937261,583.210773,358.063413,630.274734,357.500337,2.929651,1.175982,-1.827461,2.026559,0.551095,1.601271
14244,474.8,1,679.092121,357.201807,584.933786,358.049165,632.012954,357.625486,2.949701,1.31602,-1.829771,2.128619,0.559965,1.722319
14245,474.833333,1,681.047287,357.154836,586.89868,357.73282,633.972983,357.443828,2.941152,1.468034,-1.829569,1.919616,0.555791,1.693825
14246,474.866667,1,682.743626,357.534551,589.484425,357.301542,636.114025,357.418047,2.862452,1.30336,-1.805898,1.696063,0.528277,1.499711
14247,474.9,1,685.203094,358.067265,591.784239,357.194125,638.493667,357.630695,2.871636,1.36708,-1.796833,1.608072,0.537401,1.487576
14248,474.933333,1,687.403069,358.122545,594.461975,356.842209,640.932522,357.482377,2.824328,1.239121,-1.81611,1.532908,0.504109,1.386014
14249,474.966667,1,689.880314,358.133558,596.933517,356.223611,643.406916,357.178584,2.839794,1.286016,-1.820482,1.505391,0.509656,1.395703
14250,475.0,1,692.351017,358.306673,599.586401,356.190829,645.968709,357.248751,2.824425,1.199585,-1.874485,1.642899,0.47497,1.421242
14251,475.033333,1,694.10675,358.636585,601.444159,356.422089,647.775455,357.529337,2.81615,1.228012,-1.839779,1.664512,0.488186,1.446262
14252,475.066667,1,695.996647,358.780362,603.096523,356.303905,649.546585,357.542134,2.821884,1.176626,-1.880268,1.721078,0.470808,1.448852
14253,475.1,1,698.436432,358.67398,604.29863,355.528983,651.367531,357.101482,2.81949,1.328521,-1.913994,1.965977,0.452748,1.647249
14254,475.133333,1,698.979721,358.217517,605.59516,355.371382,652.28744,356.794449,2.813859,1.178588,-1.913033,1.831743,0.450413,1.505165
14255,475.166667,1,699.056358,357.960647,605.569143,355.286506,652.312751,356.623576,2.79345,1.214576,-1.916193,1.817974,0.438629,1.516275
14256,475.2,1,698.177338,358.41453,604.873095,355.99058,651.525216,357.202555,2.801431,1.236929,-1.909902,1.748954,0.445764,1.492941
14257,475.233333,1,697.840137,358.630067,605.153904,357.28083,651.497021,357.955449,2.83374,1.172875,-1.872203,1.733652,0.480769,1.453264
14258,475.266667,1,697.652988,359.22497,605.788193,359.00033,651.720591,359.11265,2.834179,1.060838,-1.843672,1.665823,0.495253,1.36333
14259,475.3,1,697.918243,360.130044,605.890903,361.351275,651.904573,360.74066,2.831732,1.123621,-1.833687,1.876347,0.499023,1.499984
14260,475.333333,1,699.042816,360.445504,606.781197,362.829934,652.912006,361.637719,2.849351,0.930453,-1.886701,1.987471,0.481325,1.458962
14261,475.366667,1,700.622864,361.340343,608.135147,364.069142,654.379005,362.704742,2.815877,0.900332,-1.892085,1.901007,0.461896,1.40067
14262,475.4,1,702.147865,361.811484,609.496593,365.418169,655.822229,363.614827,2.843479,1.086218,-1.848809,1.906998,0.497335,1.496608
14263,475.433333,1,703.719482,362.19557,610.894327,365.977968,657.306905,364.086769,2.853275,1.109012,-1.848083,1.957231,0.502596,1.533122
14264,475.466667,1,705.398788,362.153492,613.087521,366.238523,659.243155,364.196008,2.84889,1.218277,-1.835999,1.851466,0.506445,1.534871
14265,475.5,1,707.352409,362.452274,615.911646,366.754494,661.632028,364.603384,2.860809,1.284514,-1.84543,2.024121,0.50769,1.654317
14266,475.533333,1,710.243225,362.679012,618.538475,367.037414,664.39085,364.858213,2.856254,1.267973,-1.851991,1.858236,0.502131,1.563105
14267,475.566667,1,712.225533,362.850528,621.234083,366.6547,666.729808,364.752614,2.864863,1.289434,-1.821045,1.885073,0.521909,1.587254
14268,475.6,1,714.020309,362.483709,623.83832,365.700247,668.929315,364.091978,2.882647,1.248951,-1.800854,1.769877,0.540897,1.509414
14269,475.633333,1,715.221214,361.630917,625.179253,364.095653,670.200233,362.863285,2.868945,1.277537,-1.799661,1.668897,0.534642,1.473217
14270,475.666667,1,716.347351,360.524093,625.88644,362.83863,671.116896,361.681361,2.861366,1.200997,-1.822322,1.619834,0.519522,1.410416
14271,475.7,1,717.404461,359.572767,627.258854,361.413256,672.331657,360.493011,2.866449,1.364667,-1.802298,1.674738,0.532076,1.519702
14272,475.733333,1,718.029537,358.909661,627.729073,360.597553,672.879305,359.753607,2.893162,1.392858,-1.783995,1.745136,0.554584,1.568997
14273,475.766667,1,718.991604,358.340093,628.283176,359.550204,673.63739,358.945149,2.918631,1.375568,-1.767694,1.78099,0.575469,1.578279
14274,475.8,1,719.918556,357.81563,628.977737,358.704504,674.448147,358.260067,2.956909,1.475372,-1.766154,1.86922,0.595377,1.672296
14275,475.833333,1,720.772552,357.791743,629.413729,358.39826,675.093141,358.095001,2.946147,1.486671,-1.763614,1.9591,0.591267,1.722886
14276,475.866667,1,721.578979,357.769883,630.497942,358.439051,676.038461,358.104467,2.938105,1.421207,-1.747228,2.024399,0.595439,1.722803
14277,475.9,1,722.220516,357.833521,631.169014,358.318105,676.694765,358.075813,2.949308,1.468375,-1.73538,1.977961,0.606964,1.723168
14278,475.933333,1,722.113571,358.524216,630.791645,358.338929,676.452608,358.431573,2.953722,1.410593,-1.753666,1.930163,0.600028,1.670378
14279,475.966667,1,722.081928,358.389768,630.441637,358.035926,676.261783,358.212847,2.937489,1.517766,-1.798516,1.847586,0.569487,1.682676
14280,476.0,1,722.271595,358.407594,630.211821,358.214754,676.241708,358.311174,2.945641,1.464851,-1.808409,1.824287,0.568616,1.644569
14281,476.033333,1,722.058983,358.068536,630.269928,358.338452,676.164455,358.203494,2.926587,1.360885,-1.821922,1.820347,0.552333,1.590616
14282,476.066667,1,721.343555,357.907915,630.259142,358.313078,675.801349,358.110496,2.931231,1.294696,-1.813145,1.660689,0.559043,1.477693
14283,476.1,1,721.718845,357.494919,630.485907,357.828591,676.102376,357.661755,2.931435,1.381143,-1.782648,1.658215,0.574394,1.519679
14284,476.133333,1,721.376076,356.975509,630.817423,357.358416,676.096749,357.166962,2.876993,1.459771,-1.749623,1.754955,0.563685,1.607363
14285,476.166667,1,721.101551,356.744152,631.005812,357.112044,676.053681,356.928098,2.897032,1.551589,-1.731433,1.80148,0.582799,1.676535
14286,476.2,1,720.056725,356.992198,630.663757,357.532958,675.360241,357.262578,2.89122,1.413237,-1.716888,1.809789,0.587166,1.611513
14287,476.233333,1,719.446735,357.026771,629.925375,357.712902,674.686055,357.369837,2.872734,1.574168,-1.718738,1.790459,0.576998,1.682313
14288,476.266667,1,718.434086,356.521636,629.275532,357.541514,673.854809,357.031575,2.827534,1.483919,-1.720941,1.702758,0.553297,1.593339
14289,476.3,1,717.746258,356.083272,628.925123,357.486078,673.33569,356.784675,2.824885,1.490078,-1.713291,1.661565,0.555797,1.575822
14290,476.333333,1,718.027878,356.118817,628.527622,357.448972,673.27775,356.783895,2.841774,1.463851,-1.719279,1.822551,0.561248,1.643201
14291,476.366667,1,717.426167,355.953609,628.12995,357.50885,672.778058,356.731229,2.876471,1.44132,-1.71435,1.718259,0.58106,1.57979
14292,476.4,1,718.044796,355.98402,628.078947,357.508163,673.061872,356.746092,2.894169,1.52213,-1.710848,1.722339,0.59166,1.622235
14293,476.433333,1,719.076939,355.732525,629.039383,357.579591,674.058161,356.656058,2.915731,1.426266,-1.716615,1.912575,0.599558,1.669421
14294,476.466667,1,720.434284,355.689792,630.088387,357.097861,675.261335,356.393826,2.924221,1.510162,-1.734091,1.865374,0.595065,1.687768
14295,476.5,1,721.497364,355.790766,631.303673,356.655784,676.400518,356.223275,2.95777,1.526164,-1.731398,1.821851,0.613186,1.674007
14296,476.533333,1,722.689838,355.722617,632.316551,356.614387,677.503195,356.168502,2.958796,1.449473,-1.751723,1.905811,0.603537,1.677642
14297,476.566667,1,723.923359,355.537351,632.7316,356.257423,678.327479,355.897387,2.976064,1.576393,-1.782422,1.841326,0.596821,1.708859
14298,476.6,1,724.986744,355.363335,633.444014,355.851341,679.215379,355.607338,3.000143,1.567978,-1.772172,2.053627,0.613986,1.810802
14299,476.633333,1,725.775566,355.082073,634.410791,355.641625,680.093179,355.361849,2.974699,1.457711,-1.787666,2.029821,0.593516,1.743766
14300,476.666667,1,726.896477,355.107951,635.152206,355.112779,681.024342,355.110365,3.010927,1.469651,-1.78599,2.065159,0.612468,1.767405
14301,476.7,1,727.745857,355.161434,636.05011,354.780228,681.897984,354.970831,3.00483,1.498934,-1.79069,2.045276,0.60707,1.772105
14302,476.733333,1,728.404102,355.109539,636.507425,354.293552,682.455764,354.701546,2.982508,1.598654,-1.809979,1.945278,0.586265,1.771966
14303,476.766667,1,729.385948,354.710775,637.596369,353.691074,683.491158,354.200925,3.010205,1.635431,-1.807813,1.986418,0.601196,1.810925
14304,476.8,1,729.378128,354.182112,638.02187,353.258391,683.699999,353.720251,2.945499,1.630701,-1.785399,1.802789,0.58005,1.716745
14305,476.833333,1,729.244881,353.989175,638.298874,353.03396,683.771877,353.511567,2.907088,1.616163,-1.747489,1.671788,0.5798,1.643975
14306,476.866667,1,728.565998,354.484595,637.177658,353.066141,682.871828,353.775368,2.906924,1.66357,-1.790397,1.546996,0.558264,1.605283
14307,476.9,1,728.669376,355.194291,636.887989,353.708466,682.778683,354.451379,2.911607,1.617944,-1.79576,1.679679,0.557923,1.648812
14308,476.933333,1,728.277206,356.260094,636.476698,354.635625,682.376952,355.447859,2.894337,1.653411,-1.803487,1.670046,0.545425,1.661729
14309,476.966667,1,727.899399,357.392056,635.815144,355.400489,681.857271,356.396272,2.911,1.676831,-1.812911,1.789558,0.549045,1.733194
14310,477.0,1,727.348099,358.269144,635.25032,356.499374,681.29921,357.384259,2.91374,1.492933,-1.84324,1.561603,0.53525,1.527268
14311,477.033333,1,726.976395,358.529243,635.069523,357.244948,681.022959,357.887095,2.925813,1.447551,-1.831418,1.659505,0.547197,1.553528
14312,477.066667,1,726.768532,358.36418,635.00721,357.498642,680.887871,357.931411,2.921017,1.456858,-1.834771,1.500925,0.543123,1.478891
14313,477.1,1,726.53553,358.445998,635.157986,357.343068,680.846758,357.894533,2.910858,1.410472,-1.809526,1.63453,0.550666,1.522501
14314,477.133333,1,726.375618,357.780445,634.967747,357.217192,680.671682,357.498819,2.914072,1.440092,-1.820961,1.600996,0.546555,1.520544
14315,477.166667,1,726.004753,357.148072,634.89501,357.173027,680.449882,357.160549,2.910096,1.420267,-1.821602,1.663036,0.544247,1.541652
14316,477.2,1,725.978565,356.712583,635.342484,357.078533,680.660524,356.895558,2.863012,1.383572,-1.802383,1.669008,0.530314,1.52629
14317,477.233333,1,725.919857,356.322273,635.988703,356.884663,680.95428,356.603468,2.836611,1.299974,-1.778888,1.575258,0.528862,1.437616
14318,477.266667,1,726.672363,356.674699,635.889521,356.909033,681.280942,356.791866,2.870398,1.465849,-1.813103,1.653313,0.528647,1.559581
14319,477.3,1,727.11586,356.95286,636.272936,357.069767,681.694398,357.011314,2.879874,1.474801,-1.810586,1.648443,0.534644,1.561622
14320,477.333333,1,727.680569,357.394352,636.823492,357.466578,682.25203,357.430465,2.864438,1.404335,-1.805457,1.913186,0.529491,1.658761
14321,477.366667,1,728.346958,357.504553,638.181772,357.790369,683.264365,357.647461,2.891992,1.331736,-1.769176,1.890431,0.561408,1.611084
14322,477.4,1,728.195324,357.723502,637.771959,358.19033,682.983642,357.956916,2.91466,1.405574,-1.78146,1.88523,0.5666,1.645402
14323,477.433333,1,727.726727,357.825887,637.063332,358.603932,682.395029,358.214909,2.937517,1.494261,-1.792018,1.841027,0.572749,1.667644
14324,477.466667,1,727.451515,357.844958,637.2435,358.584196,682.347507,358.214577,2.917384,1.484014,-1.77934,1.815493,0.569022,1.649754
14325,477.5,1,726.96476,357.615693,636.86244,358.619472,681.9136,358.117583,2.879026,1.482553,-1.800108,1.806986,0.539459,1.644769
14326,477.533333,1,727.063713,357.467313,636.265087,358.686259,681.6644,358.076786,2.916756,1.504106,-1.804401,1.850865,0.556178,1.677486
14327,477.566667,1,726.55283,356.750949,636.239271,358.4266,681.39605,357.588775,2.925455,1.528504,-1.798759,1.876705,0.563348,1.702604
14328,477.6,1,726.13533,356.207812,635.897417,358.13042,681.016374,357.169116,2.936761,1.570024,-1.8157,1.738624,0.560531,1.654324
14329,477.633333,1,725.972786,355.899573,634.770737,357.706647,680.371761,356.80311,2.983023,1.666993,-1.827527,1.887077,0.577748,1.777035
14330,477.666667,1,725.00782,355.808501,633.972712,357.452143,679.490266,356.630322,2.939279,1.571501,-1.827061,1.90143,0.556109,1.736465
14331,477.7,1,724.050579,355.726104,633.01137,356.948467,678.530974,356.337285,2.917516,1.467769,-1.833691,1.665566,0.541912,1.566667
14332,477.733333,1,722.646255,355.639152,632.582855,357.123288,677.614555,356.38122,2.872746,1.452512,-1.816083,1.561955,0.528332,1.507234
14333,477.766667,1,722.300777,355.581645,631.813087,357.690779,677.056932,356.636212,2.903439,1.47038,-1.810318,1.632108,0.54656,1.551244
14334,477.8,1,722.163486,355.465119,631.447039,357.68248,676.805263,356.5738,2.96695,1.473172,-1.789771,1.708904,0.58859,1.591038
14335,477.833333,1,722.34087,355.31719,631.539907,357.759342,676.940389,356.538266,2.979244,1.511857,-1.780481,1.785267,0.599381,1.648562
14336,477.866667,1,723.424683,355.394073,632.427893,357.651485,677.926288,356.522779,2.986547,1.594313,-1.804865,2.002903,0.590841,1.798608
14337,477.9,1,725.750217,355.57207,634.351807,357.657938,680.051012,356.615004,3.031239,1.645637,-1.781676,2.20013,0.624782,1.922884
14338,477.933333,1,726.990414,356.366615,637.172279,357.924233,682.081347,357.145424,2.933993,1.516728,-1.767324,1.953212,0.583334,1.73497
14339,477.966667,1,728.493805,357.166793,639.686747,358.035336,684.090276,357.601064,2.884438,1.403752,-1.761356,1.750613,0.561541,1.577183
14340,478.0,1,731.684933,358.168191,640.906124,358.297146,686.295528,358.232668,2.973563,1.370007,-1.759985,1.949217,0.606789,1.659612
14341,478.033333,1,738.460312,369.045771,649.30274,362.426428,693.881526,365.7361,2.47461,3.242497,-2.596978,1.347244,-0.061184,2.29487
14342,478.066667,1,735.320568,360.193892,639.204063,364.167627,687.262316,362.180759,3.003765,2.322226,-1.998252,2.370223,0.502757,2.346224
14343,478.1,1,734.759369,360.96383,644.794903,361.289386,689.777136,361.126608,2.813567,1.497322,-1.851635,1.672314,0.480966,1.584818
14344,478.133333,1,735.189381,362.570436,644.610605,362.757365,689.899993,362.6639,2.831785,1.445617,-1.851809,1.625868,0.489988,1.535743
14345,478.166667,1,734.569969,364.56336,644.384842,364.24046,689.477406,364.40191,2.833322,1.731625,-1.88703,1.444423,0.473146,1.588024
14346,478.2,1,734.330597,367.428871,643.294935,367.801023,688.812766,367.614947,2.881137,1.902027,-1.816571,1.721016,0.532283,1.811521
14347,478.233333,1,732.748451,370.039111,642.005501,371.403927,687.376976,370.721519,2.863056,2.210955,-1.851129,2.100361,0.505964,2.155658
14348,478.266667,1,731.829472,371.782311,640.847111,373.899368,686.338291,372.84084,2.856748,2.279503,-1.862597,2.260809,0.497075,2.270156
14349,478.3,1,730.816059,372.979993,639.603424,375.678595,685.209742,374.329294,2.8692,2.451994,-1.819549,2.501335,0.524826,2.476665
14350,478.333333,1,730.246754,374.417034,638.098965,377.248224,684.172859,375.832629,2.85832,2.822971,-1.853609,2.578775,0.502356,2.700873
14351,478.366667,1,729.774017,374.869545,637.07921,379.26001,683.426614,377.064777,2.832372,2.779396,-1.869041,2.821686,0.481666,2.800541
14352,478.4,1,729.131546,375.265664,636.397915,379.691459,682.76473,377.478561,2.807914,3.175354,-1.857994,2.761671,0.47496,2.968513
14353,478.433333,1,728.851681,375.823177,635.887527,380.360445,682.369604,378.091811,2.823985,3.062572,-1.843968,2.609899,0.490008,2.836235
14354,478.466667,1,728.188953,376.181359,635.844078,380.266278,682.016516,378.223819,2.823971,3.014661,-1.826711,2.561409,0.49863,2.788035
14355,478.5,1,727.516556,376.13912,635.517359,380.168259,681.516957,378.15369,2.842935,2.864862,-1.775973,2.510862,0.533481,2.687862
14356,478.533333,1,727.362919,375.90139,634.909935,379.590554,681.136427,377.745972,2.83539,2.820217,-1.765591,2.400416,0.5349,2.610316
14357,478.566667,1,726.468277,375.567691,634.249735,379.210399,680.359006,377.389045,2.82895,2.766168,-1.77992,2.460196,0.524515,2.613182
14358,478.6,1,725.497189,375.087576,633.296566,379.079336,679.396877,377.083456,2.825557,2.660744,-1.783136,2.487356,0.521211,2.57405
14359,478.633333,1,724.631557,374.675943,632.411642,379.161862,678.5216,376.918902,2.834374,2.825232,-1.759787,2.594636,0.537293,2.709934
14360,478.666667,1,723.582859,374.375374,631.808863,379.462044,677.695861,376.918709,2.845382,3.1139,-1.731716,2.556058,0.556833,2.834979
14361,478.7,1,722.55682,374.216244,630.893631,379.837886,676.725225,377.027065,2.822539,2.805313,-1.732481,2.601667,0.545029,2.70349
14362,478.733333,1,722.280521,374.307311,630.822878,380.091065,676.5517,377.199188,2.847008,2.873428,-1.757092,2.472093,0.544958,2.672761
14363,478.766667,1,721.979294,373.854554,630.523806,380.362687,676.25155,377.10862,2.874131,2.811078,-1.74667,2.603377,0.563731,2.707227
14364,478.8,1,721.783104,373.589895,629.987335,380.268198,675.88522,376.929047,2.857422,2.693472,-1.778349,2.629926,0.539537,2.661699
14365,478.833333,1,721.869698,373.205191,629.711151,379.763589,675.790424,376.48439,2.855443,2.684298,-1.805856,2.444688,0.524794,2.564493
14366,478.866667,1,721.784592,372.345639,629.757347,379.046195,675.770969,375.695917,2.831514,2.475834,-1.792798,2.374278,0.519358,2.425056
14367,478.9,1,721.949844,371.18773,629.835196,377.983814,675.89252,374.585772,2.824732,2.472275,-1.803716,2.449668,0.510508,2.460971
14368,478.933333,1,722.779694,370.543377,629.970732,376.824328,676.375213,373.683853,2.856315,2.672891,-1.828882,2.312189,0.513716,2.49254
14369,478.966667,1,723.640709,369.811606,631.03446,375.929725,677.337584,372.870666,2.894315,2.505866,-1.843747,2.374021,0.525284,2.439943
14370,479.0,1,725.733948,369.005978,632.617407,374.424781,679.175677,371.715379,2.915659,2.585507,-1.824274,2.218439,0.545693,2.401973
14371,479.033333,1,727.682266,368.343784,634.623165,372.924192,681.152716,370.633988,2.955408,2.701139,-1.847608,2.09257,0.5539,2.396854
14372,479.066667,1,729.34309,367.067353,637.26738,371.89696,683.305235,369.482156,2.895244,2.416385,-1.839428,1.860094,0.527908,2.138239
14373,479.1,1,731.336937,365.823119,638.483915,370.021183,684.910426,367.922151,2.913881,2.35525,-1.884035,1.647166,0.514923,2.001208
14374,479.133333,1,732.109756,365.023418,640.873709,368.901275,686.491733,366.962347,2.85306,1.949206,-1.827739,1.683446,0.512661,1.816326
14375,479.166667,1,732.746563,364.376898,641.778183,367.384475,687.262373,365.880687,2.819574,1.820998,-1.805022,1.792286,0.507276,1.806642
14376,479.2,1,732.972431,363.880379,642.018089,366.493199,687.49526,365.186789,2.841391,1.616073,-1.768463,1.768943,0.536464,1.692508
14377,479.233333,1,733.15752,363.326122,641.973763,365.588887,687.565641,364.457504,2.898992,1.495456,-1.748519,1.755243,0.575237,1.62535
14378,479.266667,1,733.037128,362.610412,641.648684,364.732125,687.342906,363.671268,2.904731,1.539647,-1.75713,1.708608,0.5738,1.624128
14379,479.3,1,732.461052,362.0711,640.725212,364.208949,686.593132,363.140025,2.913388,1.619887,-1.76108,1.678228,0.576154,1.649057
14380,479.333333,1,732.150555,361.627216,640.341549,363.495117,686.246052,362.561166,2.915142,1.681519,-1.77379,1.597607,0.570676,1.639563
14381,479.366667,1,731.359043,360.950017,639.558792,363.070378,685.458918,362.010198,2.899082,1.650309,-1.758727,1.637497,0.570178,1.643903
14382,479.4,1,731.13636,361.091149,639.840889,363.130631,685.488625,362.11089,2.90001,1.608308,-1.747129,1.565705,0.576441,1.587006
14383,479.433333,1,731.091537,361.166461,639.138193,363.046603,685.114865,362.106532,2.922512,1.6617,-1.747959,1.548194,0.587276,1.604947
14384,479.466667,1,730.594025,361.272467,639.171152,363.728571,684.882588,362.500519,2.931059,1.623443,-1.729772,1.704915,0.600644,1.664179
14385,479.5,1,730.606842,361.350487,639.080906,363.808211,684.843874,362.579349,2.925909,1.664085,-1.753635,1.771471,0.586137,1.717778
14386,479.533333,1,730.194168,361.23167,639.062433,363.807954,684.628301,362.519812,2.916927,1.681502,-1.7519,1.718479,0.582513,1.699991
14387,479.566667,1,729.945984,360.885703,638.682098,363.543777,684.314041,362.21474,2.952805,1.664692,-1.737087,1.693939,0.607859,1.679315
14388,479.6,1,729.434147,360.394338,638.116665,363.222792,683.775406,361.808565,2.94833,1.678807,-1.726709,1.640936,0.610811,1.659871
14389,479.633333,1,729.050522,360.32481,637.637491,362.794755,683.344007,361.559782,2.935596,1.620094,-1.740022,1.604464,0.597787,1.612279
14390,479.666667,1,728.806152,360.033871,637.5278,362.699354,683.166976,361.366612,2.92235,1.639074,-1.739363,1.655547,0.591494,1.647311
14391,479.7,1,728.33971,359.962202,637.53561,362.780378,682.93766,361.37129,2.91306,1.611337,-1.74516,1.575915,0.58395,1.593626
14392,479.733333,1,728.028831,359.962975,637.341366,362.713526,682.685099,361.338251,2.885971,1.53041,-1.746663,1.665201,0.569654,1.597805
14393,479.766667,1,727.841434,359.96232,637.032185,362.638811,682.43681,361.300566,2.862557,1.553301,-1.763672,1.568217,0.549443,1.560759
14394,479.8,1,727.309418,359.482806,637.159605,362.538925,682.234511,361.010866,2.849708,1.539253,-1.748675,1.62333,0.550517,1.581292
14395,479.833333,1,726.978073,359.295362,636.663961,362.236571,681.821017,360.765966,2.870277,1.572335,-1.76821,1.552509,0.551034,1.562422
14396,479.866667,1,726.537189,359.155099,636.48901,361.974181,681.5131,360.56464,2.87315,1.589251,-1.785514,1.538198,0.543818,1.563725
14397,479.9,1,726.318436,359.020355,636.365099,361.675946,681.341767,360.348151,2.859542,1.638845,-1.784993,1.579217,0.537274,1.609031
14398,479.933333,1,726.246948,358.605224,636.331778,361.329614,681.289363,359.967419,2.876296,1.611043,-1.767914,1.61929,0.554191,1.615167
14399,479.966667,1,726.271801,358.13543,636.26688,361.062155,681.269341,359.598792,2.896239,1.613846,-1.76821,1.64377,0.564015,1.628808
14400,480.0,1,726.1199,358.029102,636.441832,360.917718,681.280866,359.47341,2.88788,1.509023,-1.755287,1.604379,0.566296,1.556701
14401,480.033333,1,726.138134,357.834787,636.567869,360.725023,681.353002,359.279905,2.890303,1.500145,-1.745373,1.595387,0.572465,1.547766
14402,480.066667,1,726.214848,357.22084,636.789732,360.442404,681.50229,358.831622,2.892584,1.488982,-1.744893,1.788031,0.573846,1.638507
14403,480.1,1,726.408138,357.123717,636.660004,360.270903,681.534071,358.69731,2.90949,1.540479,-1.736522,1.715867,0.586484,1.628173
14404,480.133333,1,726.456432,357.304664,636.924772,360.271595,681.690602,358.78813,2.915187,1.568748,-1.76116,1.637484,0.577013,1.603116
14405,480.166667,1,726.749477,357.334555,636.967049,360.282007,681.858263,358.808281,2.927376,1.579982,-1.762697,1.594821,0.582339,1.587401
14406,480.2,1,727.018414,357.400172,637.164841,360.276321,682.091627,358.838247,2.921925,1.563766,-1.770839,1.590303,0.575543,1.577034
14407,480.233333,1,727.299175,357.638465,637.771769,360.363353,682.535472,359.000909,2.902336,1.509802,-1.750088,1.568643,0.576124,1.539223
14408,480.266667,1,727.54776,357.704737,637.877064,360.686855,682.712412,359.195796,2.92369,1.526358,-1.748869,1.66338,0.587411,1.594869
14409,480.3,1,727.824402,357.791694,637.907419,360.717437,682.865911,359.254566,2.930886,1.607116,-1.749496,1.661714,0.590695,1.634415
14410,480.333333,1,727.885895,358.030218,637.636414,360.931783,682.761154,359.481001,2.940717,1.612346,-1.766343,1.66964,0.587187,1.640993
14411,480.366667,1,727.992191,358.463309,637.632866,361.592524,682.812529,360.027916,2.95171,1.590964,-1.744764,1.692563,0.603473,1.641763
14412,480.4,1,728.013687,358.593353,637.431211,362.469467,682.722449,360.53141,2.995543,1.525825,-1.758696,1.724044,0.618423,1.624934
14413,480.433333,1,727.977219,359.125332,637.516575,363.317775,682.746897,361.221553,2.965491,1.474324,-1.746476,1.708303,0.609507,1.591313
14414,480.466667,1,728.053951,359.932891,637.906475,363.812658,682.980213,361.872775,2.928778,1.528942,-1.76847,1.638849,0.580154,1.583895
14415,480.5,1,728.678627,360.698383,638.24296,364.960214,683.460793,362.829299,2.945051,1.58938,-1.742836,1.637802,0.601107,1.613591
14866,495.533333,1,724.25396,359.846964,635.635605,361.854152,679.944782,360.850558,2.800753,1.659719,-1.798396,1.411654,0.501179,1.535686
14867,495.566667,1,724.235115,359.794875,635.641499,361.874172,679.938307,360.834524,2.796735,1.640855,-1.782401,1.424878,0.507167,1.532867
14868,495.6,1,724.293194,359.800728,635.747719,361.890754,680.020456,360.845741,2.793934,1.675924,-1.790325,1.384944,0.501804,1.530434
14869,495.633333,1,724.276295,359.804247,635.77054,361.918638,680.023417,360.861442,2.796982,1.670399,-1.782643,1.399452,0.50717,1.534925
14870,495.666667,1,724.298649,359.790815,635.7164,361.905355,680.007524,360.848085,2.798754,1.635287,-1.785077,1.347179,0.506839,1.491233
14871,495.7,1,724.260273,359.814262,635.855427,361.938336,680.05785,360.876299,2.780131,1.586954,-1.775931,1.3264,0.5021,1.456677
14872,495.733333,1,724.290562,359.806296,635.851822,361.976799,680.071192,360.891548,2.781882,1.554181,-1.781602,1.366093,0.50014,1.460137
14873,495.766667,1,724.347591,359.842409,635.835752,361.951554,680.091672,360.896982,2.78648,1.577239,-1.773597,1.359964,0.506442,1.468602
14874,495.8,1,724.512787,359.907968,635.821905,361.928696,680.167346,360.918332,2.791769,1.582642,-1.789359,1.357259,0.501205,1.469951
14875,495.833333,1,724.520035,359.866834,635.82612,361.977314,680.173078,360.922074,2.799472,1.564935,-1.777625,1.416942,0.510923,1.490938
14876,495.866667,1,724.34536,359.907593,635.624533,362.112905,679.984946,361.010249,2.810261,1.527598,-1.762879,1.390168,0.523691,1.458883
14877,495.9,1,724.307766,359.90182,635.438147,362.262009,679.872956,361.081915,2.82608,1.527371,-1.757071,1.512638,0.534504,1.520005
14878,495.933333,1,724.256725,359.939516,635.460091,362.209974,679.858408,361.074745,2.807801,1.55573,-1.760168,1.422492,0.523816,1.489111
14879,495.966667,1,724.231911,359.977566,635.385561,362.147259,679.808736,361.062412,2.802127,1.571692,-1.782753,1.423994,0.509687,1.497843
14880,496.0,1,724.839859,361.621406,635.847158,363.445008,680.343509,362.533207,2.817877,1.471689,-1.841734,1.853859,0.488071,1.662774
14881,496.033333,1,725.381565,364.354523,638.891201,366.656465,682.136383,365.505494,2.782656,1.30334,-1.797672,2.717786,0.492492,2.010563
14882,496.066667,1,726.587715,366.687187,640.392351,369.105799,683.490033,367.896493,2.791682,1.222357,-1.799279,4.225809,0.496201,2.724083
14883,496.1,1,727.072544,367.92522,641.093092,370.088561,684.082818,369.00689,2.758328,1.163113,-1.822772,5.897692,0.467778,3.530402
14884,496.133333,1,728.349266,368.469923,641.992397,370.250105,685.170832,369.360014,2.757529,1.213763,-1.825167,5.807523,0.466181,3.510643
14885,496.166667,1,729.572315,368.44883,642.618351,370.235224,686.095333,369.342027,2.781582,1.284395,-1.833432,4.505457,0.474075,2.894926
14886,496.2,1,730.255871,368.487271,643.666496,370.251392,686.961184,369.369332,2.755638,1.353369,-1.854352,4.345048,0.450643,2.849209
14887,496.233333,1,731.276894,368.512377,644.249687,370.306946,687.76329,369.409661,2.756017,1.321742,-1.845869,4.486353,0.455074,2.904048
14888,496.266667,1,731.667767,368.614494,644.493504,370.188231,688.080635,369.401363,2.77205,1.5254,-1.842121,5.00731,0.464964,3.266355
14889,496.3,1,731.618423,368.716171,644.760056,370.08664,688.18924,369.401405,2.747836,1.40845,-1.847983,4.602006,0.449926,3.005228
14890,496.333333,1,731.620655,368.637657,644.790688,370.125328,688.205671,369.381493,2.748482,1.455314,-1.844584,5.152545,0.451949,3.303929
14891,496.366667,1,731.736145,368.573434,644.964151,370.200613,688.350148,369.387023,2.757816,1.470755,-1.835814,5.573725,0.461001,3.52224
14892,496.4,1,731.879368,368.616543,644.771729,370.028071,688.325548,369.322307,2.767164,1.497027,-1.851062,5.630655,0.458051,3.563841
14893,496.433333,1,731.849365,368.736137,644.704924,370.113119,688.277144,369.424628,2.760303,1.406709,-1.848859,5.508361,0.455722,3.457535
14894,496.466667,1,731.877079,368.692138,644.591703,370.32835,688.234391,369.510244,2.763836,1.388576,-1.855371,5.414804,0.454232,3.40169
14895,496.5,1,732.225132,367.602818,644.262514,369.35885,688.243823,368.480834,2.779477,1.203267,-1.865292,4.522894,0.457092,2.863081
14896,496.533333,1,731.314793,363.956215,643.832703,365.289182,687.573748,364.622699,2.765775,2.297512,-1.947259,2.566445,0.409258,2.431978
14897,496.566667,1,730.698547,361.410981,642.478399,362.737677,686.588473,362.074329,2.885517,1.999242,-1.878932,1.900216,0.503292,1.949729
14898,496.6,1,730.62479,359.995687,641.524935,361.450131,686.074862,360.722909,2.843887,1.862061,-1.894448,1.814669,0.47472,1.838365
14899,496.633333,1,730.618,359.850483,641.467991,360.885944,686.042995,360.368214,2.869558,1.742014,-1.846907,1.884604,0.511326,1.813309
14900,496.666667,1,730.275936,359.922259,640.754986,361.276925,685.515461,360.599592,2.866808,1.699002,-1.857608,1.814643,0.5046,1.756823
14901,496.7,1,730.19083,360.014731,639.882326,361.599637,685.036578,360.807184,2.88134,1.703784,-1.867175,1.783281,0.507082,1.743532
14902,496.733333,1,730.03706,360.00169,639.896612,361.689228,684.966836,360.845459,2.879101,1.62529,-1.853478,1.760261,0.512811,1.692776
14903,496.766667,1,728.588734,360.381281,638.983669,362.381893,683.786201,361.381587,2.844959,1.492728,-1.906783,1.477009,0.469088,1.484869
14904,496.8,1,727.500553,360.357286,638.031721,362.397745,682.766137,361.377515,2.823182,1.570432,-1.913393,1.408854,0.454894,1.489643
14905,496.833333,1,727.094154,360.218026,637.371016,362.379699,682.232585,361.298862,2.822132,1.560091,-1.886173,1.479174,0.467979,1.519632
14906,496.866667,1,725.928955,360.242649,636.899452,362.358885,681.414204,361.300767,2.787999,1.532287,-1.816724,1.552705,0.485637,1.542496
14907,496.9,1,725.289459,360.328544,636.543503,362.439641,680.916481,361.384092,2.817721,1.524523,-1.780617,1.586031,0.518552,1.555277
14908,496.933333,1,725.085583,360.195227,636.151571,362.406129,680.618577,361.300678,2.816962,1.596103,-1.792909,1.553991,0.512027,1.575047
14909,496.966667,1,724.745216,360.129856,635.842476,362.443079,680.293846,361.286468,2.815203,1.497107,-1.788957,1.541083,0.513123,1.519095
14910,497.0,1,724.634533,359.990011,635.621033,362.447172,680.127783,361.218592,2.820849,1.450056,-1.776216,1.593988,0.522317,1.522022
14911,497.033333,1,724.788265,359.917865,635.488501,362.450112,680.138383,361.183989,2.823813,1.387084,-1.772297,1.701134,0.525758,1.544109
14912,497.066667,1,724.886074,359.900249,635.469332,362.380493,680.177703,361.140371,2.821747,1.467835,-1.781953,1.699838,0.519897,1.583836
14913,497.1,1,724.864769,359.839389,635.66081,362.101178,680.26279,360.970284,2.809109,1.465019,-1.792848,1.661465,0.508131,1.563242
14914,497.133333,1,725.094948,359.901075,635.924101,361.903381,680.509524,360.902228,2.800513,1.433042,-1.810597,1.637514,0.494958,1.535278
14915,497.166667,1,725.078602,359.76432,636.222248,361.801211,680.650425,360.782765,2.812966,1.406525,-1.780362,1.591357,0.516302,1.498941
14916,497.2,1,725.269451,359.800653,636.171627,361.807895,680.720539,360.804274,2.814058,1.452187,-1.799543,1.644274,0.507257,1.54823
14917,497.233333,1,725.260563,359.828344,636.184645,361.837201,680.722604,360.832772,2.817285,1.443685,-1.792192,1.629921,0.512547,1.536803
14918,497.266667,1,725.179539,359.785718,636.119175,361.838145,680.649357,360.811931,2.813679,1.505991,-1.794055,1.588854,0.509812,1.547423
14919,497.3,1,725.043316,359.77125,636.106396,361.855718,680.574856,360.813484,2.815531,1.532257,-1.773202,1.571306,0.521165,1.551782
14920,497.333333,1,725.030766,359.761246,636.171427,361.827298,680.601096,360.794272,2.809255,1.550869,-1.772647,1.587189,0.518304,1.569029
14921,497.366667,1,724.928074,359.788186,636.150331,361.949993,680.539203,360.869089,2.808065,1.497275,-1.779046,1.611939,0.514509,1.554607
14922,497.4,1,724.907646,359.821199,636.194124,361.859871,680.550885,360.840535,2.801247,1.465487,-1.76951,1.578139,0.515869,1.521813
14923,497.433333,1,724.804001,359.742841,635.927896,361.852033,680.365949,360.797437,2.79972,1.514763,-1.770574,1.560567,0.514573,1.537665
14924,497.466667,1,723.143959,359.975699,633.986597,362.22177,678.565278,361.098735,2.826707,1.645614,-1.78202,1.406676,0.522343,1.526145
14925,497.5,1,718.326797,360.018378,630.710278,362.688523,674.518538,361.353451,2.789265,1.776496,-1.823387,1.401919,0.482939,1.589207
14926,497.533333,1,716.130123,360.288343,627.304535,362.910154,671.717329,361.599248,2.75534,1.774364,-1.879619,1.361534,0.437861,1.567949
14927,497.566667,1,714.800301,360.204776,626.194305,362.669388,670.497303,361.437082,2.7628,1.772146,-1.877427,1.247017,0.442687,1.509582
14928,497.6,1,714.523678,360.383728,625.099154,362.849911,669.811416,361.61682,2.774197,1.812673,-1.939883,1.254514,0.417157,1.533593
14929,497.633333,1,713.77634,360.267711,624.455242,363.033428,669.115791,361.65057,2.778204,1.770352,-1.957475,1.201497,0.410364,1.485925
14930,497.666667,1,713.108997,359.775167,623.262148,362.335169,668.185573,361.055168,2.774746,1.836584,-1.949472,1.193437,0.412637,1.51501
14931,497.7,1,711.046562,358.26497,621.895084,361.575551,666.470823,359.920261,2.746574,1.870864,-1.970884,1.288771,0.387845,1.579817
14932,497.733333,1,710.727291,357.804832,621.015205,361.674659,665.871248,359.739745,2.739389,1.845767,-1.978413,1.346342,0.380488,1.596055
14933,497.766667,1,710.284195,357.551556,620.869341,361.640654,665.576768,359.596105,2.729117,1.82495,-1.940566,1.411884,0.394275,1.618417
14934,497.8,1,710.568886,357.770183,621.078796,361.479952,665.823841,359.625067,2.720004,1.916773,-1.905917,1.356618,0.407044,1.636696
14935,497.833333,1,710.520592,357.749375,621.244497,361.416287,665.882545,359.582831,2.704965,1.986112,-1.888647,1.378748,0.408159,1.68243
14936,497.866667,1,710.615025,357.917688,621.750441,361.540698,666.182733,359.729193,2.682178,1.904621,-1.863523,1.367527,0.409327,1.636074
14937,497.9,1,710.184803,358.441749,620.996742,361.845049,665.590773,360.143399,2.640946,1.96778,-1.918471,1.361056,0.361238,1.664418
14938,497.933333,1,710.103149,358.617707,620.958786,361.827073,665.530968,360.22239,2.65787,1.958312,-1.937522,1.225736,0.360174,1.592024
14939,497.966667,1,710.13258,358.637213,620.829334,362.073476,665.480957,360.355344,2.650225,1.957637,-1.939657,1.302793,0.355284,1.630215
14940,498.0,1,710.450668,358.485126,620.803175,362.006754,665.626922,360.24594,2.631643,1.887495,-1.95561,1.299715,0.338016,1.593605
14941,498.033333,1,710.269604,358.268677,620.922842,361.837056,665.596223,360.052866,2.625885,1.855381,-1.907291,1.284564,0.359297,1.569972
14942,498.066667,1,710.333576,357.94701,620.752974,361.462566,665.543275,359.704788,2.627062,1.899871,-1.932054,1.278542,0.347504,1.589206
14943,498.1,1,710.322571,357.762823,620.745716,361.242061,665.534143,359.502442,2.628737,1.868188,-1.9284,1.221599,0.350169,1.544894
14944,498.133333,1,710.55006,357.585154,621.106434,361.208952,665.828247,359.397053,2.635743,1.755341,-1.948513,1.27214,0.343615,1.51374
14945,498.166667,1,710.756893,357.765468,621.221256,361.160946,665.989075,359.463207,2.628363,1.76451,-1.952159,1.20181,0.338102,1.48316
14946,498.2,1,711.793709,357.96908,621.627426,361.342435,666.710567,359.655757,2.647761,1.805494,-1.934863,1.273936,0.356449,1.539715
14947,498.233333,1,714.746571,358.470395,625.37447,361.383178,670.06052,359.926786,2.69151,1.749167,-1.846006,1.397501,0.422752,1.573334
14948,498.266667,1,720.530529,358.90082,631.22817,361.235957,675.87935,360.068388,2.834974,1.663056,-1.741392,1.502618,0.546791,1.582837
14949,498.3,1,722.896595,359.293731,634.786901,361.888044,678.841748,360.590888,2.777515,1.303871,-1.720455,1.547442,0.52853,1.425657
14950,498.333333,1,724.211502,359.533167,635.63344,361.989791,679.922471,360.761479,2.772537,1.366821,-1.74243,1.55103,0.515053,1.458925
14951,498.366667,1,725.242863,359.805905,636.273499,362.07339,680.758181,360.939648,2.798595,1.422375,-1.80546,1.47577,0.496567,1.449073
14952,498.4,1,726.422501,359.892958,637.016029,362.186515,681.719265,361.039737,2.799256,1.469737,-1.840916,1.486057,0.47917,1.477897
14953,498.433333,1,727.467957,360.244135,637.801418,362.386469,682.634687,361.315302,2.817505,1.425132,-1.843353,1.542835,0.487076,1.483984
14954,498.466667,1,728.121605,360.651171,638.157244,362.521437,683.139424,361.586304,2.823201,1.511472,-1.830204,1.517009,0.496498,1.514241
14955,498.5,1,729.031754,360.778999,638.762722,362.51169,683.897238,361.645345,2.820867,1.583589,-1.876078,1.600802,0.472394,1.592196
15498,516.6,1,682.020493,367.966032,593.636475,376.832213,637.828484,372.399123,3.046648,1.069219,-1.477821,2.07931,0.784414,1.574265
15499,516.633333,1,684.517078,368.381227,595.864086,376.717672,640.190582,372.54945,2.901621,1.948204,-1.625745,2.262737,0.637938,2.10547
15500,516.666667,1,688.038044,368.603261,599.364614,376.696343,643.701329,372.649802,2.893024,2.146644,-1.733848,1.994677,0.579588,2.07066
15501,516.7,1,692.014523,369.128115,601.88426,375.735855,646.949391,372.431985,2.897583,2.159733,-1.687231,1.852931,0.605176,2.006332
15502,516.733333,1,695.490112,368.739066,605.058775,374.820857,650.274444,371.779962,2.907932,2.143598,-1.748803,1.304138,0.579564,1.723868
15503,516.766667,1,697.932491,368.482239,607.723932,374.546392,652.828212,371.514316,2.938923,2.384205,-1.712785,1.569222,0.613069,1.976713
15504,516.8,1,699.526005,367.877905,608.900499,372.94286,654.213252,370.410383,2.935093,2.033025,-1.620082,1.616487,0.657505,1.824756
15505,516.833333,1,701.477776,366.516936,605.539589,368.682793,653.508682,367.599865,3.046737,5.29078,-1.813858,2.532108,0.61644,3.911444
15506,516.866667,1,698.803692,363.341968,613.598108,375.86826,656.2009,369.605114,2.833304,3.192716,-1.508743,7.343776,0.66228,5.268246
15507,516.9,1,692.051411,371.848165,594.957981,377.273083,643.504696,374.560624,3.11434,3.085679,-1.827922,3.446257,0.643209,3.265968
15508,516.933333,1,684.06271,367.86649,601.055317,376.897112,642.559013,372.381801,2.927687,2.075256,-1.693337,1.939665,0.617175,2.007461
15509,516.966667,1,680.02161,364.054331,591.990604,370.3307,636.006107,367.192515,2.865967,1.307712,-1.844337,1.665745,0.510815,1.486729
15510,517.0,1,676.916637,363.115252,588.257875,370.090309,632.587256,366.602781,2.904495,1.120246,-1.778919,1.177224,0.562788,1.148735
15511,517.033333,1,673.058453,362.247466,584.234295,369.980607,628.646374,366.114036,2.842178,1.201974,-1.786984,1.256109,0.527597,1.229042
15512,517.066667,1,669.536476,362.207716,580.383644,371.052235,624.96006,366.629975,2.781483,1.061735,-1.799852,1.240305,0.490816,1.15102
15513,517.1,1,666.292171,362.757273,577.756834,372.571996,622.024503,367.664635,2.851166,0.997614,-1.766409,1.350543,0.542378,1.174078
15514,517.133333,1,664.276466,362.278612,573.811359,372.484363,619.043913,367.381487,2.798215,1.005191,-1.817361,1.209536,0.490427,1.107364
15515,517.166667,1,663.281689,362.149399,572.662163,372.96038,617.971926,367.55489,2.783294,1.180799,-1.840445,1.058648,0.471424,1.119724
15516,517.2,1,662.221088,361.98948,571.120834,372.231796,616.670961,367.110638,2.68325,1.463442,-1.809526,0.935588,0.436862,1.199515
15517,517.233333,1,662.795143,361.548396,570.349684,371.855975,616.572413,366.702186,2.694378,1.696804,-1.865121,0.924947,0.414629,1.310876
15518,517.266667,1,663.234081,361.932038,570.377111,371.85604,616.805596,366.894039,2.705614,1.715534,-1.865248,0.79716,0.420183,1.256347
15519,517.3,1,665.046978,362.021098,572.458839,372.15884,618.752909,367.089969,2.756534,1.477437,-1.875565,0.895875,0.440484,1.186656
15520,517.333333,1,666.770592,361.993809,573.920708,372.161243,620.34565,367.077526,2.722495,1.478153,-1.860637,1.020034,0.430929,1.249093
15521,517.366667,1,668.855991,362.726959,575.438423,372.326317,622.147207,367.526638,2.693373,1.468165,-1.843622,0.948203,0.424876,1.208184
15522,517.4,1,670.690784,363.41516,576.813717,371.55045,623.752251,367.482805,2.646083,1.439763,-1.842011,0.800874,0.402036,1.120318
15523,517.433333,1,675.914192,364.405308,580.493336,372.234843,628.203764,368.320076,2.684039,1.541623,-1.839138,0.863202,0.422451,1.202412
15524,517.466667,1,682.287617,364.943445,587.574835,373.884315,634.931226,369.41388,2.866142,1.549812,-1.757465,1.018928,0.554338,1.28437
15525,517.5,1,688.787346,365.566378,594.618559,373.909206,641.702952,369.737792,2.919645,1.110925,-1.675386,1.323672,0.622129,1.217299
15526,517.533333,1,691.781788,366.216599,596.869726,374.160261,644.325757,370.18843,2.909367,1.320702,-1.718314,1.282169,0.595526,1.301435
15527,517.566667,1,692.927971,366.112159,598.71829,373.869735,645.823131,369.990947,2.869098,1.356591,-1.692503,1.312145,0.588298,1.334368
15528,517.6,1,694.580688,366.82759,599.657888,374.71167,647.119288,370.76963,2.887542,1.386852,-1.703772,1.590809,0.591885,1.48883
15529,517.633333,1,695.582638,367.952937,600.914717,376.110206,648.248677,372.031572,2.897842,1.510864,-1.715528,1.693114,0.591157,1.601989
15530,517.666667,1,696.353874,368.716085,601.837626,376.964221,649.09575,372.840153,2.881684,1.596017,-1.722129,1.73278,0.579777,1.664398
15531,517.7,1,696.594906,369.647777,602.537947,377.23742,649.566426,373.442599,2.930958,1.832608,-1.72116,1.756421,0.604899,1.794514
15532,517.733333,1,697.566185,369.127804,603.972282,376.963094,650.769234,373.045449,2.950827,1.788408,-1.69675,1.848197,0.627039,1.818303
15533,517.766667,1,698.637791,368.518524,604.971066,376.341627,651.804428,372.430075,2.973556,1.680652,-1.692954,1.838618,0.640301,1.759635
15534,517.8,1,698.814831,368.187078,605.681438,375.897871,652.248135,372.042475,2.994147,1.516208,-1.682475,1.784838,0.655836,1.650523
15535,517.833333,1,699.277344,368.049899,606.387749,375.433538,652.832546,371.741719,2.974562,1.816213,-1.701067,1.652221,0.636748,1.734217
15536,517.866667,1,699.804974,367.830323,607.514725,374.941342,653.659849,371.385832,3.002046,1.790006,-1.670618,1.600023,0.665714,1.695014
15537,517.9,1,699.855919,367.820603,608.903465,374.730295,654.379692,371.275449,2.979718,1.460885,-1.669352,1.47004,0.655183,1.465462
15538,517.933333,1,700.675144,367.915928,610.139341,374.485817,655.407243,371.200873,2.953984,1.40018,-1.657521,1.657442,0.648231,1.528811
15539,517.966667,1,701.775169,368.02915,611.161146,374.183403,656.468158,371.106277,2.932512,1.465445,-1.657975,1.705778,0.637269,1.585612
15540,518.0,1,702.390327,368.189374,612.550964,374.215901,657.470646,371.202638,2.873362,1.420771,-1.643142,1.666171,0.61511,1.543471
15541,518.033333,1,703.142948,368.074415,612.425184,374.073272,657.784066,371.073843,2.901732,1.385243,-1.646128,1.787132,0.627802,1.586187
15542,518.066667,1,703.058052,367.786024,612.369013,374.303727,657.713532,371.044875,2.874886,1.310178,-1.6523,1.800878,0.611293,1.555528
15543,518.1,1,702.567921,367.599868,611.66091,374.528486,657.114415,371.064177,2.891355,1.400976,-1.646775,1.72019,0.62229,1.560583
15544,518.133333,1,703.25098,367.775059,612.54571,374.882848,657.898345,371.328954,2.978328,1.335058,-1.623094,1.863669,0.677617,1.599364
15545,518.166667,1,702.891121,367.682072,612.278614,375.440168,657.584867,371.56112,2.907133,1.10486,-1.618435,1.932998,0.644349,1.518929
15546,518.2,1,702.015018,367.49267,611.25988,375.776249,656.637449,371.63446,2.89469,1.142869,-1.609697,1.987612,0.642497,1.56524
15547,518.233333,1,701.001282,367.748365,611.238766,376.592767,656.120024,372.170566,2.82884,1.158205,-1.596575,1.947792,0.616133,1.552998
15548,518.266667,1,700.118408,368.102696,610.887403,377.573501,655.502906,372.838098,2.770762,1.200564,-1.606211,1.955066,0.582276,1.577815
15549,518.3,1,699.763508,368.463196,610.35553,378.213208,655.059519,373.338202,2.745438,1.214338,-1.64126,2.020167,0.552089,1.617252
15550,518.333333,1,700.147362,368.606147,610.33021,378.555801,655.238786,373.580974,2.795429,1.249631,-1.638013,1.959085,0.578708,1.604358
15551,518.366667,1,701.159878,368.727125,609.639416,378.833989,655.399647,373.780557,2.908214,1.493644,-1.658379,2.080687,0.624918,1.787166
15552,518.4,1,702.082844,368.619418,610.201883,379.083241,656.142364,373.85133,2.927657,1.646585,-1.683185,2.11904,0.622236,1.882812
15553,518.433333,1,703.437901,368.610599,611.142778,378.853419,657.290339,373.732009,2.963505,1.673317,-1.685934,2.131111,0.638785,1.902214
15554,518.466667,1,704.454975,368.724046,612.316704,378.719244,658.385839,373.721645,2.948861,1.687957,-1.695991,2.009791,0.626435,1.848874
15555,518.5,1,704.067326,368.562427,612.339888,378.275725,658.203607,373.419076,2.894627,1.864789,-1.708885,1.882292,0.592871,1.873541
15556,518.533333,1,704.322414,368.866847,613.4235,378.212081,658.872957,373.539464,2.828035,1.775519,-1.734616,1.789195,0.54671,1.782357
15557,518.566667,1,705.436001,369.06842,614.085302,378.472384,659.760652,373.770402,2.85111,1.87122,-1.732351,1.867674,0.559379,1.869447
15558,518.6,1,706.070232,369.334935,615.249414,378.866926,660.659823,374.100931,2.842668,1.848308,-1.729131,1.937357,0.556769,1.892832
15559,518.633333,1,706.712646,369.40581,615.216007,378.657939,660.964327,374.031875,2.854287,1.936789,-1.739924,1.920305,0.557182,1.928547
15560,518.666667,1,707.230911,369.59233,615.74132,378.663872,661.486115,374.128101,2.845859,2.084727,-1.753625,1.922234,0.546117,2.00348
15561,518.7,1,707.741871,369.790277,615.887022,378.831961,661.814446,374.311119,2.870982,2.066939,-1.757897,1.953963,0.556542,2.010451
15562,518.733333,1,707.995796,369.891944,616.158133,378.559459,662.076964,374.225702,2.866369,2.07712,-1.747256,1.879444,0.559557,1.978282
15563,518.766667,1,708.051281,369.878125,616.216669,378.476,662.133975,374.177063,2.85366,2.065097,-1.732576,1.889215,0.560542,1.977156
15564,518.8,1,708.019657,369.736751,616.154451,378.143567,662.087054,373.940159,2.859477,2.105392,-1.735726,1.931935,0.561875,2.018664
15565,518.833333,1,707.952728,369.480364,616.134939,377.970908,662.043834,373.725636,2.848623,2.144755,-1.735287,1.876928,0.556668,2.010842
15566,518.866667,1,707.961864,369.233741,615.971289,377.456546,661.966577,373.345143,2.841914,1.89186,-1.7292,1.847684,0.556357,1.869772
15567,518.9,1,707.542534,368.504298,615.113792,376.685164,661.328163,372.594731,2.875994,1.880403,-1.736474,1.731569,0.56976,1.805986
15568,518.933333,1,707.320194,368.146652,614.814396,375.819647,661.067295,371.98315,2.929896,1.791672,-1.734178,1.614639,0.597859,1.703155
15569,518.966667,1,706.955814,367.603226,614.237356,375.177752,660.596585,371.390489,2.980082,1.651984,-1.742866,1.577686,0.618608,1.614835
15570,519.0,1,706.913795,367.030236,614.07608,374.690856,660.494938,370.860546,2.978955,1.421091,-1.733817,1.592361,0.622569,1.506726
15571,519.033333,1,706.437263,366.550754,614.01475,374.274319,660.226007,370.412537,3.000903,1.282655,-1.717491,1.481091,0.641706,1.381873
15572,519.066667,1,706.322403,366.097444,614.001722,373.404522,660.162063,369.750983,3.000687,1.345372,-1.711072,1.445449,0.644808,1.39541
15573,519.1,1,705.805416,365.358099,614.13723,372.528244,659.971323,368.943172,2.999139,1.388162,-1.735683,1.461959,0.631728,1.425061
15574,519.133333,1,705.716438,364.689617,614.148417,371.840365,659.932427,368.264991,2.987989,1.339344,-1.734052,1.459331,0.626968,1.399338
15575,519.166667,1,705.503178,363.898644,614.01988,370.581218,659.761529,367.239931,2.982525,1.412998,-1.69865,1.416543,0.641937,1.414771
15576,519.2,1,704.763927,363.855922,614.106531,369.926394,659.435229,366.891158,2.905309,1.357067,-1.699075,1.458746,0.603117,1.407907
15577,519.233333,1,704.391117,363.220421,613.862305,369.087946,659.126711,366.154184,2.889348,1.30675,-1.693061,1.447617,0.598143,1.377183
15578,519.266667,1,702.968616,362.669721,613.287945,368.846,658.128281,365.757861,2.87311,1.184867,-1.675615,1.585395,0.598748,1.385131
15579,519.3,1,697.540207,361.840945,607.022829,368.593701,652.281518,365.217323,3.012809,1.672947,-1.805724,1.496462,0.603543,1.584705
15580,519.333333,1,689.742794,360.583874,600.708113,367.363672,645.225453,363.973773,2.846743,1.681799,-1.865312,1.439014,0.490716,1.560406
15581,519.366667,1,685.25856,360.130672,596.79821,367.179759,641.028385,363.655215,2.755006,1.375009,-1.899956,1.677017,0.427525,1.526013
15582,519.4,1,682.175121,359.361232,594.994125,366.908845,638.584623,363.135038,2.794433,1.153886,-1.864687,1.572427,0.464873,1.363156
15583,519.433333,1,680.297699,358.722931,593.643961,367.268636,636.97083,362.995783,2.818862,1.120749,-1.832159,1.553206,0.493352,1.336978
15584,519.466667,1,678.009682,358.754693,592.796297,366.3706,635.402989,362.562647,2.873707,1.127283,-1.799225,1.424073,0.537241,1.275678
15585,519.5,1,676.995029,358.321774,592.390842,366.636606,634.692936,362.47919,2.923701,1.139251,-1.792326,1.537383,0.565688,1.338317
15586,519.533333,1,675.690517,357.579843,591.969833,365.786201,633.830175,361.683022,2.896896,1.015962,-1.785304,1.571655,0.555796,1.293808
15587,519.566667,1,674.553509,357.283609,591.71155,364.981474,633.132529,361.132541,2.860679,1.06427,-1.772754,1.603727,0.543963,1.333998
15771,525.7,1,602.456293,373.382796,533.93815,386.512488,568.197222,379.947642,3.435577,1.263757,-1.326449,1.329245,1.054564,1.296501
15772,525.733333,1,603.515511,373.399136,535.32095,385.087355,569.41823,379.243246,3.280011,0.778357,-1.35253,1.563299,0.96374,1.170828
15773,525.766667,1,604.739676,372.762702,535.62974,384.534187,570.184708,378.648444,3.386373,0.756819,-1.325071,1.68541,1.030651,1.221115
15774,525.8,1,605.786219,372.737896,535.938587,383.947256,570.862403,378.342576,3.331586,0.822279,-1.412964,1.678039,0.959311,1.250159
15775,525.833333,1,606.344137,372.856826,536.723385,384.477432,571.533761,378.667129,3.487575,0.725282,-1.377223,1.520629,1.055176,1.122956
15776,525.866667,1,607.786951,372.842352,537.136164,383.839087,572.461557,378.34072,3.435869,0.889647,-1.414709,1.415743,1.01058,1.152695
15777,525.9,1,608.774576,373.386487,536.457672,383.031453,572.616124,378.20897,3.333526,1.061686,-1.418577,1.498967,0.957475,1.280326
15778,525.933333,1,610.524731,373.343657,536.745453,382.744961,573.635092,378.044309,3.267028,0.949367,-1.443085,1.489042,0.911972,1.219204
15779,525.966667,1,612.885561,373.103632,538.699903,382.380459,575.792732,377.742046,3.343624,1.005599,-1.452487,1.315749,0.945568,1.160674
15780,526.0,1,614.011021,373.197219,539.87751,382.782426,576.944265,377.989823,3.287349,0.791566,-1.437965,1.250937,0.924692,1.021252
15781,526.033333,1,615.003376,372.629224,540.144434,382.581829,577.573905,377.605526,3.25794,0.706899,-1.471547,1.296302,0.893196,1.001601
15782,526.066667,1,615.743093,372.190737,540.240507,381.830649,577.9918,377.010693,3.158584,0.698667,-1.485285,1.310461,0.83665,1.004564
15783,526.1,1,617.436657,371.705332,540.670748,381.434487,579.053702,376.569909,3.139439,0.702631,-1.503494,1.343221,0.817973,1.022926
15784,526.133333,1,621.38917,371.797643,544.407558,380.485972,582.898364,376.141807,3.15053,0.824005,-1.49059,1.428668,0.82997,1.126336
15785,526.166667,1,629.401894,371.556619,552.381859,379.991223,590.891876,375.773921,3.252464,0.979962,-1.383724,1.344035,0.93437,1.161998
15786,526.2,1,637.773209,371.118304,558.385143,379.45359,598.079176,375.285947,3.295167,0.947484,-1.268619,1.393456,1.013274,1.17047
15787,526.233333,1,643.883829,370.253216,561.907663,378.045731,602.895746,374.149473,3.303522,1.006954,-1.30586,1.52775,0.998831,1.267352
15788,526.266667,1,649.664211,369.201211,566.704521,377.598177,608.184366,373.399694,3.246794,1.232694,-1.319412,1.520668,0.963691,1.376681
15789,526.3,1,656.541195,367.956977,572.28797,376.955799,614.414582,372.456388,3.110951,1.006452,-1.34937,1.689296,0.88079,1.347874
15790,526.333333,1,663.088646,367.080426,578.102913,376.144334,620.595779,371.61238,3.059615,0.915169,-1.393584,1.662859,0.833015,1.289014
15791,526.366667,1,669.936428,365.816987,584.480925,374.839236,627.208676,370.328111,3.040422,1.17111,-1.421295,1.639335,0.809564,1.405222
15792,526.4,1,678.337841,364.574609,591.203938,373.593285,634.770889,369.083947,3.042172,0.861886,-1.471813,1.542924,0.78518,1.202405
15793,526.433333,1,686.374111,363.030322,597.830601,372.276996,642.102356,367.653659,3.048408,0.749194,-1.522069,1.637872,0.76317,1.193533
15794,526.466667,1,693.031883,362.325293,604.735975,371.130513,648.883929,366.727903,2.999603,1.099282,-1.51984,1.534314,0.739882,1.316798
15795,526.5,1,699.202442,362.098276,610.121889,370.727785,654.662166,366.41303,3.020168,1.160099,-1.560268,1.57674,0.72995,1.368419
15796,526.533333,1,704.332752,363.036931,614.015951,370.550394,659.174352,366.793663,3.065256,1.333474,-1.562294,1.633226,0.751481,1.48335
15797,526.566667,1,708.327866,363.587251,618.438139,370.802768,663.383002,367.19501,2.932127,0.934578,-1.589102,1.595504,0.671512,1.265041
15798,526.6,1,711.62611,364.617965,621.243601,370.702701,666.434855,367.660333,2.95437,1.200097,-1.609942,1.738011,0.672214,1.469054
15799,526.633333,1,714.459915,365.427235,623.730087,371.0024,669.095001,368.214818,2.932985,1.493678,-1.592741,1.740445,0.670122,1.617062
15800,526.666667,1,715.734386,365.835634,625.236092,371.217213,670.485239,368.526423,2.974685,1.139543,-1.583971,1.676217,0.695357,1.40788
15801,526.7,1,717.181301,366.293111,626.524935,371.697843,671.853118,368.995477,2.978086,1.333574,-1.599055,1.835495,0.689515,1.584535
15802,526.733333,1,717.900333,366.46355,627.977591,371.951591,672.938962,369.20757,2.908268,1.108615,-1.591469,1.79051,0.6584,1.449563
15803,526.766667,1,718.813286,366.677831,628.497076,372.226549,673.655181,369.45219,2.902245,1.283765,-1.614033,1.76588,0.644106,1.524823
15804,526.8,1,719.656315,366.719025,629.71426,372.611672,674.685287,369.665348,2.893905,1.123198,-1.590493,1.860731,0.651706,1.491964
15805,526.833333,1,719.812336,366.756855,630.149107,372.628087,674.980721,369.692471,2.878928,1.121941,-1.609435,1.733329,0.634747,1.427635
15806,526.866667,1,719.695148,366.386152,630.153751,372.582124,674.92445,369.484138,2.875517,1.174231,-1.616703,1.932008,0.629407,1.553119
15807,526.9,1,719.725952,366.357415,630.342703,372.583541,675.034328,369.470478,2.858016,1.113182,-1.627342,1.899878,0.615337,1.50653
15808,526.933333,1,718.678551,366.378803,628.880568,372.214758,673.779559,369.296781,2.854608,1.198735,-1.652104,1.708162,0.601252,1.453448
15809,526.966667,1,718.032875,366.219034,628.388243,371.591156,673.210559,368.905095,2.879572,1.326981,-1.63642,1.691508,0.621576,1.509244
15810,527.0,1,716.915455,366.354979,626.943893,371.197654,671.929674,368.776317,2.895299,1.451301,-1.644777,1.710709,0.625261,1.581005
15811,527.033333,1,716.069984,366.766811,625.945005,371.287208,671.007495,369.027009,2.898071,1.241135,-1.638042,1.754216,0.630015,1.497676
15812,527.066667,1,714.300404,367.596713,624.74493,371.430427,669.522667,369.51357,2.8699,1.26886,-1.613353,1.600238,0.628273,1.434549
15813,527.1,1,714.158173,367.780048,624.674835,371.458644,669.416504,369.619346,2.850645,1.387392,-1.652102,1.522456,0.599272,1.454924
15814,527.133333,1,713.063793,368.35403,623.16328,371.922634,668.113537,370.138332,2.903287,1.152626,-1.626732,1.5968,0.638277,1.374713
15815,527.166667,1,711.580238,369.276441,621.48386,373.513505,666.532049,371.394973,2.91897,1.156778,-1.627415,1.833239,0.645777,1.495008
15816,527.2,1,707.93211,371.87768,617.87797,376.231141,662.90504,374.05441,3.024051,1.675049,-1.665926,1.797309,0.679062,1.736179
15817,527.233333,1,697.924862,378.840845,614.895134,384.712876,656.409998,381.77686,2.878003,1.916654,-1.60031,6.823546,0.638846,4.3701
15818,527.266667,1,688.664989,387.169168,606.667728,393.777723,647.666359,390.473446,2.967258,3.031419,-1.608617,23.420615,0.67932,13.226017
15819,527.3,1,676.066456,394.096112,595.494556,400.632355,635.780506,397.364234,3.218034,3.965974,-1.539588,12.558671,0.839223,8.262323
15820,527.333333,1,661.747417,402.20325,582.845116,406.708814,622.296267,404.456032,3.343095,4.644124,-1.452914,4.239079,0.945091,4.441602
15821,527.366667,1,644.308996,408.216044,573.057222,411.783832,608.683109,409.999938,3.312659,4.568883,-1.392428,15.437752,0.960115,10.003318
15822,527.4,1,631.153727,413.194996,565.430956,414.770944,598.292341,413.98297,3.595754,4.925492,-1.318735,16.21647,1.13851,10.570981
15823,527.433333,1,621.905642,415.973647,559.02195,416.491892,590.463796,416.232769,4.005288,8.184399,-1.282967,10.666205,1.36116,9.425302
15824,527.466667,1,615.305653,418.130271,555.199499,416.751004,585.252576,417.440638,3.962225,9.924358,-1.197911,12.414932,1.382157,11.169645
15825,527.5,1,611.969442,419.54121,552.817373,418.067679,582.393408,418.804445,4.393799,10.343714,-1.163149,8.435252,1.615325,9.389483
15826,527.533333,1,609.651833,420.079229,550.986748,418.880668,580.31929,419.479948,4.535931,7.706827,-1.150047,9.694625,1.692942,8.700726
15827,527.566667,1,608.553762,419.879007,548.438215,419.101821,578.495989,419.490414,4.441069,8.898885,-1.188412,10.632849,1.626328,9.765867
15828,527.6,1,609.302673,418.482006,550.250721,418.636168,579.776697,418.559087,4.432276,7.355314,-1.190925,7.945956,1.620675,7.650635
15829,527.633333,1,609.732208,417.69953,550.311489,416.83234,580.021849,417.265935,4.432944,11.817154,-1.21895,4.318586,1.606997,8.06787
15830,527.666667,1,611.174622,415.846349,552.220535,416.793072,581.697578,416.319711,4.217028,12.540508,-1.239906,9.545966,1.488561,11.043237
15831,527.7,1,616.408072,412.49333,553.37409,414.660008,584.891081,413.576669,3.770461,9.898928,-1.256045,11.734146,1.257208,10.816537
15832,527.733333,1,622.993736,407.995931,557.468901,413.081142,590.231318,410.538536,3.421154,3.586462,-1.340178,9.364151,1.040488,6.475307
15833,527.766667,1,635.862236,402.15629,562.851629,411.370836,599.356933,406.763563,3.290346,2.633541,-1.422803,15.23901,0.933771,8.936276
15834,527.8,1,648.430462,395.750606,571.398001,405.969501,609.914231,400.860053,3.199408,0.80886,-1.426407,17.459573,0.886501,9.134217
15835,527.833333,1,660.268364,387.688605,579.691086,397.463089,619.979725,392.575847,3.281448,3.287902,-1.46239,16.012571,0.909529,9.650236
15836,527.866667,1,673.825073,378.653101,588.874893,388.486862,631.349983,383.569981,3.232222,3.519453,-1.556658,6.535711,0.837782,5.027582
15837,527.9,1,684.642715,370.589093,598.859692,381.651628,641.751204,376.12036,3.159389,1.351634,-1.569623,2.218195,0.794883,1.784914
15838,527.933333,1,691.680336,367.511274,605.54553,377.123051,648.612933,372.317162,2.985696,1.157848,-1.580108,1.891359,0.702794,1.524603
15839,527.966667,1,698.689651,366.396945,610.845709,374.479616,654.76768,370.43828,2.981132,1.111499,-1.635506,1.432409,0.672813,1.271954
15840,528.0,1,704.288368,365.45336,614.77458,372.680894,659.531474,369.067127,3.021356,1.240083,-1.688707,1.424822,0.666324,1.332452
15841,528.033333,1,708.594208,365.547677,618.691721,371.058211,663.642964,368.302944,3.008477,1.153089,-1.711882,1.514862,0.648298,1.333975
15842,528.066667,1,711.064415,365.309342,620.98608,370.003427,666.025248,367.656384,3.010296,1.218434,-1.747757,1.459997,0.63127,1.339216
15843,528.1,1,713.530769,364.845958,623.525839,368.820519,668.528304,366.833239,2.985725,1.209847,-1.753774,1.517898,0.615976,1.363872
15844,528.133333,1,714.550076,364.372483,624.475431,367.986503,669.512753,366.179493,2.965606,1.252782,-1.746884,1.605278,0.609361,1.42903
15845,528.166667,1,715.848637,363.990505,625.352106,366.790897,670.600371,365.390701,2.974592,1.368217,-1.75515,1.550971,0.609721,1.459594
15846,528.2,1,716.605701,364.042427,626.083946,366.205044,671.344824,365.123735,2.962695,1.340749,-1.747044,1.411555,0.607826,1.376152
15847,528.233333,1,716.853371,364.031237,626.739321,366.213353,671.796346,365.122295,2.908389,1.083151,-1.752804,1.338603,0.577793,1.210877
15848,528.266667,1,716.969662,364.298159,626.878548,365.933025,671.924105,365.115592,2.90579,1.144131,-1.728989,1.37866,0.5884,1.261395
15849,528.3,1,716.3661,364.243619,627.045517,365.540296,671.705809,364.891958,2.861053,1.237979,-1.727581,1.336482,0.566736,1.28723
15850,528.333333,1,715.555172,364.155933,626.882706,365.126452,671.218939,364.641193,2.852439,1.302984,-1.697368,1.340386,0.577535,1.321685
15851,528.366667,1,714.996071,363.894117,626.482973,364.512205,670.739522,364.203161,2.854116,1.329419,-1.694508,1.290117,0.579804,1.309768
15852,528.4,1,714.733582,363.740501,626.297197,364.427812,670.515389,364.084157,2.841898,1.293542,-1.687865,1.400138,0.577016,1.34684
15853,528.433333,1,714.440937,363.555161,625.875769,364.217693,670.158353,363.886427,2.855431,1.221519,-1.684109,1.427372,0.585661,1.324445
15854,528.466667,1,713.897419,363.731999,625.633268,364.290478,669.765344,364.011238,2.856539,1.204519,-1.702099,1.337176,0.57722,1.270848
15855,528.5,1,713.838539,363.64531,625.283489,364.19917,669.561014,363.92224,2.853954,1.160389,-1.702649,1.325239,0.575653,1.242814
15856,528.533333,1,713.856049,363.604798,625.325546,364.125313,669.590797,363.865055,2.856326,1.182007,-1.716409,1.302858,0.569958,1.242433
15857,528.566667,1,715.741997,363.901632,627.637758,364.152365,671.689878,364.026999,2.857867,1.275805,-1.65831,1.496456,0.599778,1.38613
15858,528.6,1,716.701717,363.663517,627.818794,364.234468,672.260256,363.948992,2.864166,1.229696,-1.664286,1.6332,0.59994,1.431448
15859,528.633333,1,717.675629,363.732353,628.357267,364.28367,673.016448,364.008012,2.851717,1.187371,-1.689312,1.648056,0.581203,1.417713
15860,528.666667,1,719.346104,363.943448,628.918695,364.432855,674.1324,364.188151,2.913519,1.30432,-1.732764,1.720388,0.590377,1.512354
