frame,time_sec,face_detected,left_iris_center_x_px,left_iris_center_y_px,right_iris_center_x_px,right_iris_center_y_px,iris_center_x_px,iris_center_y_px,left_iris_x_norm,left_iris_y_norm,right_iris_x_norm,right_iris_y_norm,iris_x_norm,iris_y_norm
1,0.033333,0,,,,,,,,,,,,
2,0.066667,0,,,,,,,,,,,,
3,0.1,1,491.653738,412.649145,401.170807,424.35452,446.412272,418.501832,2.818502,0.946687,-1.638588,1.579816,0.589957,1.263252
4,0.133333,1,491.534481,412.380667,400.43026,424.800614,445.98237,418.59064,2.710264,0.829299,-1.626379,1.788373,0.541942,1.308836
5,0.166667,1,491.095085,412.395569,400.152025,424.968059,445.623555,418.681814,2.779614,0.896652,-1.624863,1.770028,0.577375,1.33334
6,0.2,1,490.619431,412.66511,400.047121,424.123024,445.333276,418.394067,2.704381,1.183352,-1.609766,1.642426,0.547307,1.412889
7,0.233333,1,490.925274,412.453923,400.197439,424.474801,445.561357,418.464362,2.77204,0.964534,-1.607154,1.708246,0.582443,1.33639
8,0.266667,1,490.800018,412.724472,400.162773,424.47435,445.481396,418.599411,2.756207,1.020351,-1.61357,1.677207,0.571318,1.348779
9,0.3,1,490.994644,412.837179,400.379353,424.447528,445.686998,418.642353,2.736199,1.032445,-1.601478,1.659679,0.56736,1.346062
10,0.333333,1,491.384754,412.985537,400.269403,425.053868,445.827079,419.019703,2.72901,0.970859,-1.613444,1.695964,0.557783,1.333412
11,0.366667,1,491.961098,413.108479,400.664234,424.472934,446.312666,418.790706,2.726277,1.092942,-1.604504,1.643401,0.560887,1.368171
12,0.4,1,492.486324,413.405367,400.589981,425.468591,446.538153,419.436979,2.775571,0.931291,-1.623078,1.783523,0.576247,1.357407
13,0.433333,1,492.554865,413.894184,401.129351,425.019901,446.842108,419.457042,2.721306,1.207174,-1.615996,1.693311,0.552655,1.450243
14,0.466667,1,493.099279,414.633111,401.530046,425.432392,447.314663,420.032752,2.739139,1.167404,-1.60022,1.609271,0.56946,1.388337
15,0.5,1,493.284378,414.752405,401.855898,425.837631,447.570138,420.295018,2.778321,1.107524,-1.587309,1.608703,0.595506,1.358114
16,0.533333,1,493.582487,414.894251,401.938639,425.948138,447.760563,420.421194,2.776539,1.226389,-1.599895,1.702745,0.588322,1.464567
17,0.566667,1,493.986702,415.035957,402.530518,425.814028,448.25861,420.424992,2.838439,1.308156,-1.585611,1.709914,0.626414,1.509035
18,0.6,1,494.171238,415.106628,402.827168,426.662271,448.499203,420.884449,3.021548,1.424671,-1.606713,1.803473,0.707417,1.614072
19,0.633333,1,494.355927,415.300101,403.336706,427.039046,448.846316,421.169574,3.054549,1.412833,-1.5792,1.805554,0.737675,1.609193
20,0.666667,1,494.49975,415.483038,403.227139,428.404377,448.863444,421.943707,3.063412,1.370614,-1.623385,1.837973,0.720013,1.604294
21,0.7,1,494.533949,415.735027,402.966919,428.787278,448.750434,422.261152,3.123462,1.421292,-1.628309,1.857433,0.747577,1.639363
22,0.733333,1,496.649494,415.592891,405.08359,428.328438,450.866542,421.960664,3.156367,1.37392,-1.564644,2.303271,0.795862,1.838596
23,0.766667,1,498.538532,415.974387,406.925087,428.359841,452.73181,422.167114,3.104677,1.368071,-1.579556,2.240286,0.762561,1.804178
24,0.8,1,498.922415,416.172441,407.01026,428.851898,452.966337,422.512169,3.127981,1.296956,-1.573702,2.279271,0.777139,1.788113
25,0.833333,1,498.993893,416.378381,407.02652,428.945775,453.010206,422.662078,3.128343,1.322363,-1.573384,2.321608,0.77748,1.821986
26,0.866667,1,498.700953,416.501055,406.575642,428.834721,452.638297,422.667888,3.119191,1.305244,-1.577725,2.346577,0.770733,1.825911
27,0.9,1,498.670006,416.750414,406.582127,429.16798,452.626066,422.959197,3.068077,1.440461,-1.570078,2.204051,0.749,1.822256
28,0.933333,1,498.605032,416.904191,406.78113,429.303153,452.693081,423.103672,3.091995,1.425815,-1.562,2.3343,0.764997,1.880058
29,0.966667,1,499.246969,417.091205,407.007666,429.570065,453.127317,423.330635,3.077851,1.543436,-1.577766,2.307584,0.750043,1.92551
30,1.0,1,501.677494,418.337145,409.982691,429.996074,455.830092,424.16661,3.06644,1.376144,-1.524612,2.301521,0.770914,1.838832
31,1.033333,1,502.549419,418.64149,410.421505,430.328143,456.485462,424.484816,3.058638,1.45158,-1.501131,2.33531,0.778754,1.893445
32,1.066667,1,503.194571,418.920901,411.405277,430.293199,457.299924,424.60705,2.997856,1.454878,-1.481507,2.446407,0.758175,1.950643
33,1.1,1,503.997259,418.752726,411.995373,430.428028,457.996316,424.590377,3.014584,1.474133,-1.465721,2.492907,0.774432,1.98352
34,1.133333,1,504.560661,418.855562,412.494268,430.445881,458.527465,424.650722,3.025852,1.580811,-1.490758,2.558314,0.767547,2.069562
35,1.166667,1,505.035887,419.01186,412.899942,430.537119,458.967915,424.774489,3.030277,1.513405,-1.486548,2.47699,0.771864,1.995197
36,1.2,1,505.455694,419.094751,413.359222,430.476705,459.407458,424.785728,3.011582,1.554919,-1.492688,2.500365,0.759447,2.027642
37,1.233333,1,506.019859,419.323533,413.555927,430.632455,459.787893,424.977994,3.019586,1.634337,-1.506409,2.608399,0.756588,2.121368
38,1.266667,1,506.01778,419.963089,414.141741,431.412399,460.079761,425.687744,3.028364,1.557464,-1.518495,2.487589,0.754934,2.022527
39,1.3,1,506.251659,421.702513,413.288155,434.093943,459.769907,427.898228,3.088908,3.701661,-1.520488,3.150979,0.78421,3.42632
40,1.333333,1,502.173395,425.130579,413.255386,438.290881,457.714391,431.71073,2.88592,8.779936,-1.541954,5.234292,0.671983,7.007114
41,1.366667,1,503.563938,423.85859,413.761892,436.202105,458.662915,430.030348,2.911216,5.282006,-1.550838,4.898223,0.680189,5.090114
42,1.4,1,505.102015,422.202466,413.324814,433.379896,459.213414,427.791181,3.032648,3.119583,-1.568318,3.038879,0.732165,3.079231
43,1.433333,1,505.871096,420.839549,413.745346,431.282086,459.808221,426.060818,3.067136,2.272222,-1.555707,2.519231,0.755714,2.395726
44,1.466667,1,506.664762,419.604735,415.013742,430.774001,460.839252,425.189368,3.035107,1.422364,-1.531156,2.232809,0.751976,1.827586
45,1.5,1,506.8929,419.250941,415.31373,430.058527,461.103315,424.654734,2.988087,1.236177,-1.530683,2.169862,0.728702,1.70302
46,1.533333,1,507.367268,419.239236,415.364599,430.169624,461.365933,424.70443,3.059559,1.211249,-1.538785,2.250453,0.760387,1.730851
47,1.566667,1,507.609339,419.083411,415.26927,429.632592,461.439304,424.358001,3.03732,1.223155,-1.540162,2.218155,0.748579,1.720655
48,1.6,1,508.225183,418.900001,415.456381,429.445943,461.840782,424.172972,3.037035,1.301279,-1.530473,2.148968,0.753281,1.725123
49,1.633333,1,508.190804,418.909936,415.381212,429.310223,461.786008,424.110079,3.042082,1.562737,-1.52959,2.174238,0.756246,1.868487
50,1.666667,1,508.322325,418.757962,415.438957,429.134989,461.880641,423.946475,3.042135,1.535444,-1.543295,2.21327,0.74942,1.874357
51,1.7,1,508.224659,418.635278,415.382042,428.982596,461.80335,423.808937,3.05676,1.536165,-1.536598,2.149331,0.760081,1.842748
52,1.733333,1,508.070345,418.659632,415.37488,428.993808,461.722612,423.82672,3.046344,1.525377,-1.538525,2.1523,0.753909,1.838838
53,1.766667,1,507.934322,418.637756,415.410938,429.061711,461.67263,423.849733,3.033965,1.539825,-1.531614,2.165578,0.751175,1.852701
54,1.8,1,507.902012,418.587363,415.197449,429.121792,461.54973,423.854578,3.024181,1.578566,-1.543987,2.184676,0.740097,1.881621
55,1.833333,1,507.622385,418.652433,415.027008,429.302101,461.324697,423.977267,3.008422,1.514396,-1.529454,2.094883,0.739484,1.804639
56,1.866667,1,507.458086,418.644665,414.608097,429.117748,461.033092,423.881207,3.022101,1.526987,-1.528829,2.017681,0.746636,1.772334
57,1.9,1,507.355213,418.609185,414.554911,429.202462,460.955062,423.905824,3.029607,1.452774,-1.530941,2.03189,0.749333,1.742332
58,1.933333,1,507.135963,418.542387,414.406185,429.231216,460.771074,423.886802,3.009387,1.365995,-1.535101,2.109026,0.737143,1.737511
59,1.966667,1,507.094803,418.540049,414.492426,429.372096,460.793614,423.956072,3.033244,1.323245,-1.533597,2.141172,0.749823,1.732209
60,2.0,1,507.127838,418.69522,414.480944,429.53968,460.804391,424.11745,3.046079,1.282529,-1.536625,2.156749,0.754727,1.719639
61,2.033333,1,507.324104,418.69184,414.74699,429.641529,461.035547,424.166685,3.045187,1.292302,-1.529797,2.175287,0.757695,1.733795
62,2.066667,1,507.542858,418.841572,414.97077,429.552641,461.256814,424.197106,3.0369,1.140814,-1.528074,2.143956,0.754413,1.642385
63,2.1,1,507.608948,418.817389,414.895144,429.48918,461.252046,424.153284,3.030739,1.250967,-1.531777,2.163907,0.749481,1.707437
64,2.133333,1,507.608385,418.817636,415.082121,429.420376,461.345253,424.119006,3.036713,1.327796,-1.523031,2.0949,0.756841,1.711348
65,2.166667,1,507.730846,418.811145,415.263033,429.287971,461.49694,424.049558,3.017145,1.340258,-1.525251,2.099757,0.745947,1.720008
66,2.2,1,508.051081,418.711313,415.304012,429.307659,461.677547,424.009486,3.038591,1.31175,-1.527989,2.132852,0.755301,1.722301
67,2.233333,1,508.111525,418.812883,415.265751,429.300181,461.688638,424.056532,3.042409,1.255435,-1.526135,2.045827,0.758137,1.650631
68,2.266667,1,508.170223,418.64709,415.315218,429.317755,461.742721,423.982422,3.061092,1.337346,-1.523683,2.141578,0.768704,1.739462
69,2.3,1,508.086662,418.513892,415.298023,429.137242,461.692343,423.825567,3.067743,1.345521,-1.523209,2.039636,0.772267,1.692579
70,2.333333,1,508.084393,418.289702,415.405073,428.837961,461.744733,423.563831,3.063675,1.207676,-1.523994,2.007579,0.769841,1.607627
71,2.366667,1,508.315372,418.143479,415.521078,428.274118,461.918225,423.208798,3.086364,1.084091,-1.539051,2.077358,0.773656,1.580725
72,2.4,1,508.41095,418.000131,415.649891,427.899789,462.03042,422.94996,3.089293,1.237764,-1.536174,1.845523,0.77656,1.541643
73,2.433333,1,508.41547,417.580054,415.813856,427.536789,462.114663,422.558421,3.00474,1.254252,-1.5349,1.830725,0.73492,1.542488
74,2.466667,1,508.460493,416.979432,416.398659,426.590431,462.429576,421.784931,2.984041,1.351145,-1.520535,1.711099,0.731753,1.531122
75,2.5,1,508.376083,416.138345,416.374607,425.158131,462.375345,420.648238,2.978573,1.335403,-1.516844,1.614749,0.730864,1.475076
76,2.533333,1,508.528128,415.077478,416.180973,424.287175,462.35455,419.682326,2.967068,1.177195,-1.52684,1.568381,0.720114,1.372788
77,2.566667,1,508.655901,414.572536,416.539516,423.509109,462.597709,419.040822,2.963533,1.010576,-1.53262,1.514347,0.715457,1.262461
78,2.6,1,508.674736,413.866857,416.736021,423.288524,462.705379,418.577691,2.943923,0.828186,-1.543283,1.523246,0.70032,1.175716
79,2.633333,1,508.30122,413.522826,416.358051,422.992526,462.329636,418.257676,2.944265,0.823322,-1.578273,1.5,0.682996,1.161661
80,2.666667,1,507.918339,412.513908,416.148033,422.300023,462.033186,417.406965,2.91659,1.047442,-1.603812,1.404547,0.656389,1.225994
81,2.7,1,507.657261,411.282163,415.923576,421.817579,461.790419,416.549871,2.889671,1.137579,-1.610715,1.644559,0.639478,1.391069
82,2.733333,1,507.971029,410.36268,416.283894,420.915971,462.127461,415.639325,2.91493,1.139778,-1.591033,1.836031,0.661949,1.487905
83,2.766667,1,507.685022,409.399745,416.332951,420.08852,462.008986,414.744133,2.946799,1.091483,-1.615821,1.937194,0.665489,1.514339
84,2.8,1,507.947197,408.667996,416.652317,419.011914,462.299757,413.839955,2.983191,1.121189,-1.637084,1.852462,0.673053,1.486825
85,2.833333,1,507.318382,407.926279,416.299286,419.073465,461.808834,413.499872,2.940034,0.890153,-1.614914,1.839101,0.66256,1.364627
86,2.866667,1,508.303823,407.131981,416.278086,418.38388,462.290955,412.75793,2.978067,0.842456,-1.648778,2.09493,0.664645,1.468693
87,2.9,1,509.581861,407.156829,417.069168,416.435984,463.325515,411.796407,3.011024,1.234868,-1.646449,2.025279,0.682287,1.630074
88,2.933333,1,510.860653,407.004801,418.512917,416.193395,464.686785,411.599098,2.944191,1.369617,-1.639489,2.101965,0.652351,1.735791
89,2.966667,1,512.723665,406.990317,420.45846,415.829709,466.591063,411.410013,2.918123,0.836504,-1.632244,2.000998,0.642939,1.418751
90,3.0,1,515.501013,407.656932,422.53705,415.555898,469.019032,411.606415,3.09287,0.827738,-1.638487,1.704711,0.727191,1.266225
91,3.033333,1,517.87487,409.033957,426.286507,416.074122,472.080688,412.554039,3.042799,0.654881,-1.645663,1.355389,0.698568,1.005135
92,3.066667,1,522.465763,410.254008,429.271536,415.821158,475.868649,413.037583,2.991594,0.738757,-1.707666,1.553299,0.641964,1.146028
93,3.1,1,525.899639,411.251961,432.082605,416.088048,478.991122,413.670005,3.01397,1.086863,-1.743782,1.473954,0.635094,1.280409
94,3.133333,1,529.264879,412.461594,436.103449,416.361129,482.684164,414.411362,3.000684,1.222623,-1.704631,1.515752,0.648027,1.369187
95,3.166667,1,532.153311,413.206036,438.323832,417.090948,485.238571,415.148492,2.906929,1.023322,-1.750123,1.697109,0.578403,1.360216
96,3.2,1,534.099083,414.320676,439.890528,417.893422,486.994805,416.107049,2.879217,1.26936,-1.806645,2.002166,0.536286,1.635763
97,3.233333,1,534.018774,415.882902,440.306549,419.009746,487.162662,417.446324,2.847378,1.225669,-1.801886,1.971348,0.522746,1.598509
98,3.266667,1,533.402977,417.230637,439.545116,420.581392,486.474047,418.906015,2.940914,1.115833,-1.739212,1.546917,0.600851,1.331375
99,3.3,1,525.265865,413.054878,437.479649,421.800971,481.372757,417.427924,2.885981,0.257757,-1.672023,8.100692,0.606979,4.179225
100,3.333333,0,,,,,,,,,,,,
101,3.366667,0,,,,,,,,,,,,
102,3.4,0,,,,,,,,,,,,
103,3.433333,0,,,,,,,,,,,,
104,3.466667,1,508.135805,419.810364,424.933348,428.457119,466.534576,424.133742,3.081419,45.923935,-1.752891,4.573448,0.664264,25.248692
105,3.5,1,516.798725,415.478243,424.02956,427.231286,470.414143,421.354764,2.97202,2.900912,-1.688647,2.778152,0.641686,2.839532
106,3.533333,1,513.962479,414.846861,421.061859,425.793375,467.512169,420.320118,2.924095,2.72874,-1.723648,3.361731,0.600224,3.045236
107,3.566667,1,510.193214,412.011563,417.216406,423.692636,463.70481,417.8521,2.907431,0.934096,-1.729735,1.696363,0.588848,1.315229
108,3.6,1,505.966635,407.252026,413.718176,421.511528,459.842405,414.381777,3.063389,1.421112,-1.639297,2.074955,0.712046,1.748033
109,3.633333,1,503.180771,402.499334,411.668129,418.310924,457.42445,410.405129,2.971662,0.442492,-1.741229,1.70749,0.615216,1.074991
110,3.666667,1,498.958149,397.63621,408.683481,415.445509,453.820815,406.540859,2.966684,1.046287,-1.707166,1.333676,0.629759,1.189981
111,3.7,1,493.972492,391.914564,403.818951,413.897628,448.895721,402.906096,2.947703,0.763771,-1.75267,1.385781,0.597517,1.074776
112,3.733333,1,490.94306,388.119271,401.154652,410.387142,446.048856,399.253206,2.936036,0.823424,-1.850984,1.298468,0.542526,1.060946
113,3.766667,1,486.702909,384.582757,399.824409,408.272016,443.263659,396.427386,2.879723,0.775835,-1.753834,1.389663,0.562945,1.082749
114,3.8,1,482.024145,381.014324,396.289597,407.62967,439.156871,394.321997,2.886382,0.625264,-1.788905,1.387949,0.548738,1.006607
115,3.833333,1,478.405333,379.293419,393.177128,406.531649,435.79123,392.912534,2.943031,0.402946,-1.825927,1.619993,0.558552,1.01147
116,3.866667,1,474.006519,377.631458,389.859467,406.326385,431.932993,391.978921,2.890422,0.446734,-1.797454,1.541059,0.546484,0.993897
117,3.9,1,468.924513,376.834992,386.039877,406.056994,427.482195,391.445993,2.992041,-0.018061,-1.862837,1.807931,0.564602,0.894935
118,3.933333,1,462.779207,376.673995,380.243998,406.734595,421.511602,391.704295,2.840605,0.503854,-1.890438,1.662859,0.475084,1.083356
119,3.966667,1,459.803257,377.023798,378.290224,406.880261,419.046741,391.952029,2.899723,0.123331,-1.91825,1.609693,0.490736,0.866512
120,4.0,1,458.332129,376.316446,376.797791,407.856113,417.56496,392.086279,2.894552,0.658717,-1.992898,2.145289,0.450827,1.402003
121,4.033333,1,457.865906,376.463099,376.027393,408.409109,416.94665,392.436104,2.955105,0.40059,-2.003541,2.414655,0.475782,1.407623
122,4.066667,1,457.574825,375.977211,375.794268,407.623265,416.684546,391.800238,2.946735,0.523054,-2.022467,2.560638,0.462134,1.541846
123,4.1,1,457.518959,376.063503,375.978975,407.515612,416.748967,391.789557,2.956901,0.396796,-1.997793,2.576332,0.479554,1.486564
124,4.133333,1,458.367996,375.984871,376.527176,407.441336,417.447586,391.713104,2.971104,0.340497,-1.99652,2.673231,0.487292,1.506864
125,4.166667,1,460.896473,377.423372,380.378485,407.716906,420.637479,392.570139,2.923605,0.213746,-1.865254,2.369795,0.529175,1.291771
126,4.2,1,462.709303,377.835445,383.139286,408.018118,422.924294,392.926782,2.870699,0.146588,-1.839643,2.156064,0.515528,1.151326
127,4.233333,1,465.902948,379.512062,385.803623,408.194479,425.853286,393.85327,2.906282,0.341211,-1.732359,1.627692,0.586961,0.984452
128,4.266667,1,468.73579,380.655971,387.131481,408.903923,427.933636,394.779947,2.94074,-0.20771,-1.778002,1.722821,0.581369,0.757556
129,4.3,1,471.38237,381.915611,390.079994,409.217967,430.731182,395.566789,2.860831,0.438283,-1.736502,1.739487,0.562165,1.088885
130,4.333333,1,476.311846,382.866379,393.638716,408.639983,434.975281,395.753181,2.884525,0.522119,-1.74211,1.899925,0.571208,1.211022
131,4.366667,1,479.571877,383.450993,396.532164,408.965378,438.05202,396.208186,2.942313,0.165995,-1.726632,2.033622,0.60784,1.099808
132,4.4,1,483.596296,386.105844,399.724216,408.737969,441.660256,397.421907,3.021918,0.551603,-1.612055,2.083189,0.704931,1.317396
133,4.433333,1,487.381506,388.869667,402.967396,410.196919,445.174451,399.533293,3.001066,0.894201,-1.623396,1.654668,0.688835,1.274434
134,4.466667,1,490.962343,390.12978,405.421143,411.772578,448.191743,400.951179,3.028038,0.487764,-1.644163,1.666047,0.691938,1.076906
135,4.5,1,494.12797,392.158989,408.899651,412.814455,451.51381,402.486722,3.041907,0.823614,-1.667319,1.932563,0.687294,1.378088
136,4.533333,1,497.275095,393.97199,410.976315,414.089792,454.125705,404.030891,3.065775,0.43619,-1.703398,1.907644,0.681189,1.171917
137,4.566667,1,501.481018,396.832395,415.518808,415.185989,458.499913,406.009192,2.963171,0.064884,-1.636127,1.611844,0.663522,0.838364
138,4.6,1,505.283852,399.399408,419.235868,416.868904,462.25986,408.134156,3.009292,-0.62903,-1.686188,2.782028,0.661552,1.076499
139,4.633333,1,508.356686,402.309809,422.896891,416.933695,465.626788,409.621752,3.000643,-0.405652,-1.646625,2.043528,0.677009,0.818938
140,4.666667,1,512.760935,403.868644,425.03211,416.268754,468.896523,410.068699,2.984601,0.755861,-1.678017,1.800812,0.653292,1.278336
141,4.7,1,517.100544,405.175867,428.996773,416.542457,473.048658,410.859162,2.992611,0.701816,-1.669864,2.450192,0.661373,1.576004
142,4.733333,1,520.597305,405.77327,431.814833,416.682726,476.206069,411.227998,2.966024,0.53386,-1.730336,2.70845,0.617844,1.621155
143,4.766667,1,523.895807,407.389226,435.612011,416.135223,479.753909,411.762224,2.856953,0.666852,-1.726959,1.993995,0.564997,1.330424
144,4.8,1,528.419247,408.999968,439.353714,417.021897,483.88648,413.010932,2.862255,0.313579,-1.733758,1.764669,0.564249,1.039124
145,4.833333,1,532.397146,410.915473,441.767941,417.120495,487.082543,414.017984,2.83794,0.435694,-1.778785,1.697037,0.529577,1.066366
146,4.866667,1,535.535927,412.352107,444.203072,416.877755,489.869499,414.614931,2.890439,1.036164,-1.792679,1.713322,0.54888,1.374743
147,4.9,1,538.336563,413.171242,446.089401,416.483781,492.212982,414.827512,2.944155,2.097918,-1.791249,1.918919,0.576453,2.008419
148,4.933333,1,541.478586,414.595002,450.084105,416.903654,495.781345,415.749328,2.91185,1.734472,-1.811903,2.018367,0.549973,1.876419
149,4.966667,1,544.749146,416.062685,453.62463,417.344427,499.186888,416.703556,2.837954,1.732102,-1.825337,1.623545,0.506309,1.677823
150,5.0,1,548.126297,417.265087,456.074009,418.360673,502.100153,417.81288,2.88847,1.652073,-1.895016,1.328357,0.496727,1.490215
151,5.033333,1,550.957527,418.57349,459.706869,419.0017,505.332198,418.787595,2.77591,2.019631,-1.909384,1.786351,0.433263,1.902991
152,5.066667,1,554.121428,419.945601,463.327503,418.995702,508.724465,419.470652,2.743077,2.234433,-1.857919,1.723353,0.442579,1.978893
153,5.1,1,557.263231,421.337646,466.537075,420.083005,511.900153,420.710326,2.719916,2.051751,-1.821404,1.5958,0.449256,1.823776
154,5.133333,1,560.522346,422.297566,469.040861,420.745994,514.781604,421.52178,2.753027,2.112623,-1.901057,1.74839,0.425985,1.930507
155,5.166667,1,562.065392,422.624259,469.944458,421.086473,516.004925,421.855366,2.672046,2.371138,-1.953893,1.6438,0.359076,2.007469
156,5.2,1,561.626921,422.770343,469.081926,421.296844,515.354424,422.033594,2.628794,2.596909,-1.969123,1.470553,0.329835,2.033731
157,5.233333,1,562.870178,422.63899,470.03643,421.553071,516.453304,422.09603,2.578026,2.266066,-2.029451,1.529827,0.274288,1.897946
158,5.266667,1,564.000587,421.911467,471.201468,421.012241,517.601027,421.461854,2.579104,2.207867,-1.99825,1.56956,0.290427,1.888713
159,5.3,1,564.806376,421.318774,471.556149,420.801215,518.181262,421.059995,2.578693,2.341309,-1.981715,1.566745,0.298489,1.954027
160,5.333333,1,564.709435,421.025705,471.879854,420.695214,518.294644,420.86046,2.596576,2.476348,-1.931968,1.48761,0.332304,1.981979
161,5.366667,1,564.414539,421.22818,471.76074,420.990762,518.08764,421.109471,2.603048,2.277026,-1.882133,1.49513,0.360457,1.886078
162,5.4,1,563.661604,421.694101,471.332254,421.675004,517.496929,421.684552,2.604054,2.204747,-1.892126,1.535485,0.355964,1.870116
163,5.433333,1,563.078499,422.392634,470.593147,422.383268,516.835823,422.387951,2.625687,2.141368,-1.874161,1.711547,0.375763,1.926458
164,5.466667,1,562.331772,423.11682,468.838768,422.772553,515.58527,422.944686,2.629797,2.295938,-1.870003,1.630597,0.379897,1.963268
165,5.5,1,559.310322,421.985657,465.593014,422.830499,512.451668,422.408078,2.59341,2.184316,-1.942764,2.083809,0.325323,2.134062
166,5.533333,1,557.132435,420.835472,464.343681,422.757243,510.738058,421.796358,2.587847,2.478854,-1.950984,1.880156,0.318431,2.179505
167,5.566667,1,555.47411,420.674669,462.165585,422.542183,508.819847,421.608426,2.59519,2.30097,-1.925145,2.00854,0.335023,2.154755
168,5.6,1,553.702717,420.611937,459.599361,422.87923,506.651039,421.745583,2.590478,2.006636,-1.965247,2.215252,0.312615,2.110944
169,5.633333,1,552.185583,420.430126,457.240973,423.24268,504.713278,421.836403,2.601888,1.750483,-2.033027,2.230257,0.284431,1.99037
170,5.666667,1,550.863857,420.321561,456.305656,423.283246,503.584757,421.802403,2.588188,1.825779,-2.056492,1.885185,0.265848,1.855482
171,5.7,1,549.718895,420.437797,455.591049,423.449993,502.654972,421.943895,2.610573,1.854071,-2.032115,2.087774,0.289229,1.970922
172,5.733333,1,549.005127,420.161691,455.882969,423.765067,502.444048,421.963379,2.591228,1.751096,-2.014129,2.168599,0.28855,1.959847
173,5.766667,1,549.065437,419.674376,455.670891,423.705994,502.368164,421.690185,2.59492,1.714537,-2.024808,2.214938,0.285056,1.964737
174,5.8,1,549.646158,418.921298,456.196289,423.578085,502.921224,421.249691,2.613127,1.785971,-2.00817,2.245139,0.302478,2.015555
175,5.833333,1,549.905109,418.045599,456.836596,422.872803,503.370852,420.459201,2.613193,1.541231,-2.049472,2.303817,0.28186,1.922524
176,5.866667,1,550.434971,417.729689,457.145872,422.170612,503.790421,419.95015,2.615653,1.499065,-2.09795,2.000829,0.258851,1.749947
177,5.9,1,551.401825,417.186037,458.038187,421.470008,504.720006,419.328023,2.609012,1.575604,-2.07319,1.976128,0.267911,1.775866
178,5.933333,1,551.924181,416.570052,458.691664,420.473149,505.307922,418.5216,2.602514,1.836556,-2.02812,2.022843,0.287197,1.929699
179,5.966667,1,551.859159,416.094496,458.797293,420.240355,505.328226,418.167425,2.607903,1.702985,-2.008529,1.870722,0.299687,1.786853
180,6.0,1,551.421099,415.587634,458.646288,419.472749,505.033693,417.530192,2.606419,1.664765,-1.966102,1.70504,0.320159,1.684903
181,6.033333,1,551.117802,415.386994,458.643303,419.361963,504.880552,417.374479,2.617987,1.651422,-1.903028,1.562707,0.357479,1.607065
182,6.066667,1,554.287691,416.21364,461.570301,417.806776,507.928996,417.010208,2.688107,2.757992,-1.913963,1.632393,0.387072,2.195193
183,6.1,1,558.411474,416.753343,466.409483,418.676627,512.410479,417.714985,2.866003,2.583757,-1.831499,1.560484,0.517252,2.07212
184,6.133333,1,561.565905,416.346023,469.078007,419.462718,515.321956,417.90437,2.926374,2.123191,-1.811368,1.772463,0.557503,1.947827
185,6.166667,1,563.90686,417.243598,471.179104,420.095612,517.542982,418.669605,2.927367,1.994891,-1.728054,1.810295,0.599657,1.902593
186,6.2,1,565.152435,417.90518,472.187252,419.422055,518.669844,418.663618,2.918493,1.987339,-1.682449,1.447309,0.618022,1.717324
187,6.233333,1,564.587402,417.714196,471.629267,419.505408,518.108335,418.609802,2.973897,1.928233,-1.67043,1.612082,0.651733,1.770158
188,6.266667,1,564.618454,417.769268,472.281895,419.416895,518.450174,418.593081,2.940797,1.838044,-1.642872,1.462022,0.648962,1.650033
189,6.3,1,564.024429,417.648557,470.950642,419.334347,517.487535,418.491452,2.982174,1.910948,-1.662438,1.505992,0.659868,1.70847
190,6.333333,1,563.244762,417.530884,470.456276,419.438664,516.850519,418.484774,2.956555,1.768268,-1.676841,1.600952,0.639857,1.68461
191,6.366667,1,562.757063,417.917175,470.086145,419.575253,516.421604,418.746214,2.919468,1.684739,-1.637987,1.448362,0.640741,1.56655
192,6.4,1,562.786207,418.161739,470.090551,419.766301,516.438379,418.96402,2.987583,1.806508,-1.603717,1.388297,0.691933,1.597403
193,6.433333,1,563.023796,418.107172,470.653334,419.646825,516.838565,418.876998,2.942604,1.615472,-1.592831,1.242701,0.674886,1.429087
194,6.466667,1,563.261786,418.146107,470.738239,419.522263,517.000012,418.834185,2.951186,1.669169,-1.573871,1.193507,0.688658,1.431338
195,6.5,1,563.364716,417.888744,471.032906,419.454424,517.198811,418.671584,2.94234,1.685345,-1.587566,1.284919,0.677387,1.485132
196,6.533333,1,563.493843,417.813159,471.137686,419.520793,517.315764,418.666976,2.956578,1.732481,-1.587592,1.294425,0.684493,1.513453
197,6.566667,1,563.589735,417.647946,471.192331,419.345173,517.391033,418.496559,2.931132,1.666834,-1.590669,1.2768,0.670231,1.471817
198,6.6,1,563.77882,417.692449,471.226292,419.51589,517.502556,418.604169,2.939242,1.616927,-1.584221,1.254994,0.67751,1.43596
199,6.633333,1,564.086151,417.833587,471.283855,419.411659,517.685003,418.622623,2.952177,1.673648,-1.576396,1.21202,0.68789,1.442834
200,6.666667,1,564.281445,418.116496,471.324673,419.656073,517.803059,418.886284,2.968504,1.614887,-1.572402,1.22796,0.698051,1.421423
201,6.7,1,564.412041,418.502165,471.652575,419.809345,518.032308,419.155755,2.984777,1.655835,-1.561811,1.217591,0.711483,1.436713
202,6.733333,1,564.465771,418.69493,471.796913,420.0925,518.131342,419.393715,2.957842,1.677948,-1.584312,1.256184,0.686765,1.467066
203,6.766667,1,564.623699,418.932166,471.878691,420.257843,518.251195,419.595004,2.981225,1.653407,-1.575531,1.197935,0.702847,1.425671
204,6.8,1,564.782906,419.08017,471.798792,420.432497,518.290849,419.756334,2.986125,1.70855,-1.568048,1.199262,0.709038,1.453906
205,6.833333,1,564.519176,419.216931,471.731606,420.497718,518.125391,419.857324,2.957445,1.733222,-1.581542,1.171616,0.687952,1.452419
206,6.866667,1,564.555225,419.191568,471.589327,420.622247,518.072276,419.906908,2.978623,1.827079,-1.586247,1.26064,0.696188,1.543859
207,6.9,1,564.590206,419.199969,471.47625,420.89285,518.033228,420.046409,2.98941,1.844222,-1.566355,1.178791,0.711528,1.511506
208,6.933333,1,564.416199,419.474906,470.582094,420.918159,517.499146,420.196533,2.955873,1.867479,-1.594283,1.187613,0.680795,1.527546
209,6.966667,1,558.881855,417.633752,467.290678,419.623768,513.086267,418.62876,2.884129,2.680755,-1.751512,1.538134,0.566309,2.109445
210,7.0,1,556.33213,416.337676,465.014982,418.972839,510.673556,417.655258,2.884969,2.903461,-1.828179,1.703177,0.528395,2.303319
211,7.033333,1,556.059866,416.2871,464.655609,418.697548,510.357738,417.492324,2.849587,2.795907,-1.833373,1.393407,0.508107,2.094657
212,7.066667,1,555.80512,416.087555,464.076195,418.354826,509.940658,417.22119,2.842352,2.566327,-1.857589,1.346534,0.492381,1.95643
213,7.1,1,555.586739,415.717335,463.767471,418.092388,509.677105,416.904861,2.84934,2.639022,-1.849702,1.422665,0.499819,2.030844
214,7.133333,1,555.384407,415.470282,463.449049,417.925737,509.416728,416.698009,2.846003,2.577475,-1.862956,1.419256,0.491523,1.998366
215,7.166667,1,555.035782,415.376072,463.081245,417.855195,509.058514,416.615633,2.859892,2.62417,-1.858781,1.402304,0.500555,2.013237
216,7.2,1,554.643497,415.133718,462.620134,417.894752,508.631816,416.514235,2.85383,2.585547,-1.83533,1.416099,0.50925,2.000823
217,7.233333,1,554.121675,414.736751,462.193117,417.710356,508.157396,416.223553,2.86476,2.613343,-1.834426,1.449921,0.515167,2.031632
218,7.266667,1,553.521242,414.564339,461.70125,417.661196,507.611246,416.112767,2.868526,2.512934,-1.832102,1.533694,0.518212,2.023314
219,7.3,1,552.43433,414.455624,461.15509,417.761135,506.79471,416.108379,2.867154,2.597645,-1.836242,1.569711,0.515456,2.083678
220,7.333333,1,550.767918,413.721975,458.231831,417.916811,504.499874,415.819393,2.880794,2.696899,-1.869672,1.655909,0.505561,2.176404
221,7.366667,1,550.613604,413.497721,457.910395,417.62593,504.261999,415.561826,2.908311,2.727732,-1.851902,1.598284,0.528204,2.163008
222,7.4,1,550.096312,413.106505,457.929029,417.72455,504.012671,415.415527,2.884338,2.625814,-1.836774,1.674813,0.523782,2.150314
223,7.433333,1,550.491076,413.169687,458.115492,417.385798,504.303284,415.277742,2.888967,2.636505,-1.84403,1.585347,0.522468,2.110926
224,7.466667,1,550.813913,413.041241,458.452053,416.995547,504.632983,415.018394,2.89069,2.726206,-1.834487,1.490234,0.528101,2.10822
225,7.5,1,551.061449,412.979872,458.480043,417.042764,504.770746,415.011318,2.90505,2.713637,-1.841453,1.51871,0.531799,2.116173
226,7.533333,1,551.181374,412.936163,458.538437,417.036488,504.859905,414.986326,2.891796,2.687519,-1.855137,1.610609,0.518329,2.149064
227,7.566667,1,550.875912,413.048247,458.351727,417.480104,504.613819,415.264176,2.884649,2.603533,-1.846269,1.693063,0.51919,2.148298
228,7.6,1,550.772409,413.147982,458.235521,417.484792,504.503965,415.316387,2.892246,2.642632,-1.852703,1.720144,0.519772,2.181388
229,7.633333,1,550.417585,413.296448,458.137903,417.52067,504.277744,415.408559,2.898072,2.688018,-1.840884,1.689601,0.528594,2.188809
230,7.666667,1,550.18218,413.348794,458.021774,417.570355,504.101977,415.459574,2.8955,2.624281,-1.83675,1.712641,0.529375,2.168461
231,7.7,1,549.776726,413.357753,457.800674,417.908571,503.7887,415.633162,2.897245,2.662783,-1.821759,1.740546,0.537743,2.201664
232,7.733333,1,549.785414,413.481252,457.543268,418.0777,503.664341,415.779476,2.884714,2.537653,-1.830921,1.676761,0.526896,2.107207
233,7.766667,1,549.848528,413.585418,457.358885,418.069493,503.603706,415.827456,2.892389,2.578233,-1.838892,1.691232,0.526748,2.134732
234,7.8,1,549.92012,413.831967,457.281294,419.228808,503.600707,416.530387,2.896957,2.435374,-1.878858,1.839737,0.509049,2.137556
235,7.833333,1,549.835691,415.740691,457.52368,421.813406,503.679686,418.777049,2.823719,4.481021,-1.853163,4.40673,0.485278,4.443875
236,7.866667,1,546.910229,419.012944,460.916557,425.413671,503.913393,422.213307,2.581371,8.149108,-1.643158,24.111765,0.469107,16.130437
237,7.9,1,549.143419,416.951902,459.622297,423.039894,504.382858,419.995898,2.696002,15.753376,-1.767095,21.086828,0.464454,18.420102
238,7.933333,1,550.035429,415.322009,456.572609,422.221713,503.304019,418.771861,2.882566,4.20815,-1.928714,4.48473,0.476926,4.34644
239,7.966667,1,550.421505,414.848632,456.414289,421.463796,503.417897,418.156214,2.881742,2.635118,-1.948345,2.66881,0.466698,2.651964
240,8.0,1,550.499859,414.731398,456.598444,420.484757,503.549151,417.608078,2.871342,2.369629,-1.939546,2.185473,0.465898,2.277551
241,8.033333,1,550.120955,414.957551,456.545477,420.519347,503.333216,417.738449,2.865801,2.193228,-1.921243,1.965303,0.472279,2.079266
242,8.066667,1,549.988365,415.172728,456.148739,420.60977,503.068552,417.891249,2.869556,2.222519,-1.90926,1.921989,0.480148,2.072254
243,8.1,1,549.564667,415.610948,455.942326,420.725963,502.753496,418.168455,2.846193,2.146869,-1.895676,1.965561,0.475259,2.056215
244,8.133333,1,549.497557,415.951052,455.628843,420.864322,502.5632,418.407687,2.850521,2.155365,-1.90139,1.868073,0.474566,2.011719
245,8.166667,1,549.027243,415.890938,455.460014,421.333129,502.243629,418.612034,2.82759,2.158799,-1.883607,1.919126,0.471992,2.038963
246,8.2,1,549.199257,416.225688,455.070076,421.567158,502.134666,418.896423,2.822687,2.014523,-1.915867,1.941237,0.45341,1.97788
247,8.233333,1,548.947582,415.949979,454.777203,421.631531,501.862392,418.790755,2.827026,1.989475,-1.905506,2.085866,0.46076,2.03767
248,8.266667,1,548.684511,415.852497,454.38899,421.77195,501.536751,418.812223,2.817964,2.037369,-1.914388,2.087751,0.451788,2.06256
249,8.3,1,548.543777,416.081772,454.399176,421.607423,501.471477,418.844597,2.842367,1.956678,-1.922964,1.973683,0.459701,1.96518
250,8.333333,1,548.331079,416.036657,454.309816,421.51185,501.320448,418.774254,2.843827,1.980104,-1.908894,2.024781,0.467466,2.002442
251,8.366667,1,548.246756,416.268518,454.433851,421.551987,501.340303,418.910252,2.843715,1.891973,-1.90559,1.784785,0.469062,1.838379
252,8.4,1,548.14496,416.053373,454.388666,421.434013,501.266813,418.743693,2.836381,1.853962,-1.891633,1.826134,0.472374,1.840048
253,8.433333,1,548.201456,416.015328,454.529514,421.280408,501.365485,418.647868,2.840284,1.870561,-1.892795,1.708533,0.473744,1.789547
254,8.466667,1,548.25655,415.995705,454.633942,421.066657,501.445246,418.531181,2.853971,1.997175,-1.882601,1.672941,0.485685,1.835058
255,8.5,1,548.07497,415.611377,454.690475,421.075723,501.382723,418.34355,2.846225,2.007052,-1.884651,1.773225,0.480787,1.890139
256,8.533333,1,548.166275,415.479444,454.59959,420.688434,501.382933,418.083939,2.85157,1.964764,-1.883551,1.740075,0.48401,1.852419
257,8.566667,1,548.255491,415.438288,454.781818,420.64966,501.518655,418.043974,2.841039,2.071531,-1.881105,1.735125,0.479967,1.903328
258,8.6,1,548.203678,415.35441,454.848204,420.601434,501.525941,417.977922,2.846872,2.00438,-1.879556,1.678852,0.483658,1.841616
259,8.633333,1,548.359489,415.136594,454.908304,420.219272,501.633897,417.677933,2.835075,1.991268,-1.883513,1.631522,0.475781,1.811395
260,8.666667,1,548.568344,414.912543,455.046148,420.12502,501.807246,417.518781,2.83371,2.068179,-1.868607,1.720672,0.482552,1.894426
261,8.7,1,548.511381,414.897115,455.165911,420.101223,501.838646,417.499169,2.826243,2.05401,-1.87246,1.682787,0.476891,1.868398
262,8.733333,1,548.795166,414.749787,455.205221,420.043523,502.000194,417.396655,2.835887,1.969839,-1.878098,1.696606,0.478894,1.833223
263,8.766667,1,548.786077,414.851882,455.237904,419.975653,502.011991,417.413768,2.817554,2.035191,-1.884193,1.636285,0.46668,1.835738
264,8.8,1,548.919735,415.021956,455.362711,420.060561,502.141223,417.541258,2.819788,1.920894,-1.886346,1.629003,0.466721,1.774949
265,8.833333,1,549.105864,415.120157,455.409994,420.033406,502.257929,417.576782,2.819474,1.907797,-1.885528,1.589606,0.466973,1.748701
266,8.866667,1,549.068012,415.015433,455.448647,420.045658,502.258329,417.530546,2.815255,1.918655,-1.886379,1.652635,0.464438,1.785645
267,8.9,1,549.053621,414.980714,455.456505,420.155114,502.255063,417.567914,2.814219,1.908931,-1.89185,1.681926,0.461184,1.795428
268,8.933333,1,548.884687,414.989619,455.387392,420.132948,502.13604,417.561284,2.822451,1.907802,-1.889853,1.705562,0.466299,1.806682
269,8.966667,1,548.715124,414.959718,455.393934,420.125148,502.054529,417.542433,2.820741,1.896934,-1.88111,1.713845,0.469816,1.80539
270,9.0,1,548.683624,414.896783,455.422354,420.176035,502.052989,417.536409,2.820076,1.854746,-1.880421,1.737851,0.469827,1.796299
271,9.033333,1,548.650217,414.697977,455.429993,420.16315,502.040105,417.430564,2.819157,1.8464,-1.876941,1.805738,0.471108,1.826069
272,9.066667,1,548.817606,415.13272,455.284176,420.060335,502.050891,417.596528,2.833948,1.883245,-1.882756,1.71806,0.475596,1.800652
273,9.1,1,548.722591,415.11564,455.3584,420.13665,502.040496,417.626145,2.828795,1.900094,-1.875537,1.757469,0.476629,1.828781
274,9.133333,1,548.68598,415.190849,455.442371,420.187719,502.064176,417.689284,2.825627,1.890424,-1.875134,1.765797,0.475246,1.828111
275,9.166667,1,548.4624,415.052726,455.441837,420.29299,501.952119,417.672858,2.819126,1.876015,-1.871181,1.798507,0.473973,1.837261
276,9.2,1,548.414841,415.080353,455.124779,420.386374,501.76981,417.733364,2.814488,1.823719,-1.867081,1.72523,0.473704,1.774474
277,9.233333,1,547.46419,414.98212,454.186363,420.765767,500.825276,417.873943,2.803263,1.782814,-1.893271,1.878847,0.454996,1.83083
278,9.266667,1,544.064245,416.249624,451.545315,421.341584,497.80478,418.795604,2.776544,2.227697,-1.932631,2.021751,0.421956,2.124724
279,9.3,1,542.481585,416.007314,449.914656,421.613603,496.19812,418.810458,2.765776,1.840316,-1.941416,1.931096,0.41218,1.885706
280,9.333333,1,542.463007,415.992937,449.960823,421.647023,496.211915,418.81998,2.748639,1.739725,-1.947161,1.843869,0.400739,1.791797
281,9.366667,1,542.340097,416.001424,449.733191,421.963073,496.036644,418.982248,2.732217,1.604975,-1.943362,1.966677,0.394428,1.785826
282,9.4,1,542.351685,415.988163,449.682941,422.104093,496.017313,419.046128,2.731725,1.55695,-1.927758,1.828224,0.401984,1.692587
283,9.433333,1,542.317429,416.07159,449.486303,421.892177,495.901866,418.981884,2.735593,1.637985,-1.9287,1.695507,0.403446,1.666746
284,9.466667,1,542.218561,415.986811,449.430389,421.956872,495.824475,418.971841,2.73274,1.658254,-1.927506,1.842139,0.402617,1.750197
285,9.5,1,542.193317,415.92674,449.41021,422.038422,495.801764,418.982581,2.725865,1.644636,-1.929895,1.877324,0.397985,1.76098
286,9.533333,1,542.280111,416.003398,449.23111,421.902927,495.75561,418.953162,2.731766,1.704297,-1.935799,1.825732,0.397983,1.765015
287,9.566667,1,542.251062,415.922652,449.184608,421.708724,495.717835,418.815688,2.74426,1.687174,-1.933058,1.836798,0.405601,1.761986
288,9.6,1,542.210255,415.901431,449.299374,421.966302,495.754814,418.933867,2.739481,1.567875,-1.93081,1.821001,0.404335,1.694438
289,9.633333,1,542.112541,415.906742,449.185362,422.092034,495.648952,418.999388,2.750148,1.598625,-1.91931,1.831795,0.415419,1.71521
290,9.666667,1,542.206984,416.075925,449.061975,422.159733,495.63448,419.117829,2.752548,1.613549,-1.936435,1.796754,0.408056,1.705152
291,9.7,1,545.429068,416.321046,452.081985,422.136719,498.755527,419.228883,2.790297,2.148423,-1.948985,2.049744,0.420656,2.099084
292,9.733333,1,547.721214,415.89759,454.329014,421.89326,501.025114,418.895425,2.83416,2.035392,-1.900432,1.878322,0.466864,1.956857
293,9.766667,1,547.584047,415.794014,454.307642,421.921113,500.945845,418.857563,2.818354,1.910154,-1.896385,1.792798,0.460985,1.851476
294,9.8,1,547.716351,415.617932,454.139185,421.829456,500.927768,418.723694,2.813798,1.892243,-1.895876,1.843994,0.458961,1.868118
295,9.833333,1,547.777405,415.533206,454.005032,421.750889,500.891218,418.642048,2.82804,1.943006,-1.894722,1.789283,0.466659,1.866144
296,9.866667,1,547.969913,415.539837,454.293661,421.407952,501.131787,418.473895,2.832685,1.885768,-1.883189,1.633684,0.474748,1.759726
297,9.9,1,547.964649,415.741775,454.342976,421.436545,501.153812,418.58916,2.841386,1.765353,-1.878563,1.537262,0.481411,1.651308
298,9.933333,1,547.892294,415.717013,454.2803,421.561718,501.086297,418.639365,2.834336,1.762539,-1.873086,1.604461,0.480625,1.6835
299,9.966667,1,547.971478,415.960826,454.259052,421.489137,501.115265,418.724982,2.831592,1.806189,-1.873364,1.627901,0.479114,1.717045
300,10.0,1,547.834682,416.068511,454.293346,421.580998,501.064014,418.824754,2.829065,1.814867,-1.857976,1.668427,0.485544,1.741647
301,10.033333,1,547.411795,416.115782,453.79077,421.628033,500.601282,418.871908,2.805712,1.699797,-1.870669,1.726041,0.467521,1.712919
302,10.066667,1,546.964397,416.048083,453.572321,421.613517,500.268359,418.8308,2.784865,1.731019,-1.873919,1.688485,0.455473,1.709752
303,10.1,1,546.701832,416.124301,453.269072,421.428305,499.985452,418.776303,2.791309,1.831389,-1.880873,1.674973,0.455218,1.753181
304,10.133333,1,545.689697,416.045712,452.93273,421.575687,499.311213,418.8107,2.788357,1.641549,-1.840103,1.610129,0.474127,1.625839
305,10.166667,1,545.132399,415.683185,452.343693,421.308024,498.738046,418.495604,2.802111,1.722525,-1.827648,1.565452,0.487232,1.643988
306,10.2,1,544.661312,415.303674,452.324657,421.422608,498.492985,418.363141,2.782816,1.41864,-1.783437,1.523023,0.499689,1.470832
307,10.233333,1,543.652706,415.466022,451.013041,421.522772,497.332873,418.494397,2.746778,1.31165,-1.762607,1.500922,0.492086,1.406286
308,10.266667,1,541.566486,415.51912,449.029541,421.983458,495.298014,418.751289,2.919025,1.276721,-1.701897,1.302577,0.608564,1.289649
309,10.3,1,539.629765,415.490731,446.673393,422.075919,493.151579,418.783325,3.01171,1.456531,-1.723784,1.444384,0.643963,1.450458
310,10.333333,1,534.574881,414.746665,439.755383,423.512843,487.165132,419.129754,2.915685,1.040862,-1.833686,1.472092,0.541,1.256477
311,10.366667,1,528.923979,415.133471,435.791101,424.074368,482.35754,419.60392,2.779201,0.790251,-1.906263,1.70455,0.436469,1.247401
312,10.4,1,524.672461,414.739755,433.127584,424.97543,478.900023,419.857593,2.716599,0.959006,-1.883196,1.838961,0.416702,1.398983
313,10.433333,1,525.111933,414.622318,433.451347,424.616808,479.28164,419.619563,2.709477,0.926688,-1.870229,1.843295,0.419624,1.384992
314,10.466667,1,522.633419,414.320666,431.93141,424.99001,477.282414,419.655338,2.691465,1.163644,-1.881701,1.66292,0.404882,1.413282
315,10.5,1,521.517992,414.701968,431.013899,424.523499,476.265945,419.612734,2.734647,1.259947,-1.871621,1.550402,0.431513,1.405174
316,10.533333,1,521.220188,414.637692,430.811977,424.854881,476.016083,419.746286,2.726023,1.298406,-1.854498,1.494663,0.435763,1.396534
317,10.566667,1,521.426878,414.682163,430.247917,425.640671,475.837398,420.161417,2.7348,1.342569,-1.890762,1.79836,0.422019,1.570464
318,10.6,1,521.039743,414.816327,429.711609,426.464893,475.375676,420.64061,2.725691,1.264981,-1.891837,1.948388,0.416927,1.606685
319,10.633333,1,520.337839,415.137591,429.144621,426.419553,474.74123,420.778572,2.756996,1.175654,-1.905798,1.908631,0.425599,1.542143
320,10.666667,1,519.251928,415.19042,427.931271,427.240856,473.591599,421.215638,2.76884,1.112442,-1.876494,2.037267,0.446173,1.574855
321,10.7,1,518.103323,415.329144,427.637682,427.215933,472.870502,421.272538,2.793181,1.137755,-1.840513,1.9074,0.476334,1.522578
322,10.733333,1,517.900305,415.371298,427.166071,427.498037,472.533188,421.434667,2.813509,1.098706,-1.846969,1.909058,0.48327,1.503882
323,10.766667,1,517.957897,415.144511,427.196722,427.472191,472.57731,421.308351,2.789398,1.122731,-1.85405,1.960735,0.467674,1.541733
324,10.8,1,517.992201,414.993278,427.063551,427.369559,472.527876,421.181418,2.780159,1.091262,-1.863294,1.830247,0.458433,1.460755
325,10.833333,1,517.96339,414.831369,427.15085,427.300615,472.55712,421.065992,2.762123,1.089497,-1.862677,1.844886,0.449723,1.467191
326,10.866667,1,515.788546,415.030539,426.589241,428.133602,471.188893,421.582071,2.777122,1.220308,-1.822438,1.894635,0.477342,1.557472
327,10.9,1,514.487295,415.049497,426.308832,427.771772,470.398064,421.410635,2.853709,1.15441,-1.751714,2.007693,0.550997,1.581052
328,10.933333,1,511.300707,414.547366,423.857784,427.10108,467.579246,420.824223,2.790154,1.063436,-1.808818,1.962492,0.490668,1.512964
329,10.966667,1,508.239613,414.98786,421.81242,427.59009,465.026016,421.288975,2.908219,1.07064,-1.732115,1.484152,0.588052,1.277396
330,11.0,1,505.782051,414.816595,418.552713,428.097543,462.167382,421.457069,2.792055,0.95906,-1.764151,1.547425,0.513952,1.253242
331,11.033333,1,503.05481,415.680599,417.401428,428.29741,460.228119,421.989005,2.832975,0.826253,-1.704835,1.474753,0.56407,1.150503
332,11.066667,1,500.137081,415.667177,415.47225,429.302605,457.804666,422.484891,2.866071,0.761036,-1.716408,1.656932,0.574831,1.208984
333,11.1,1,498.63142,416.38867,412.571125,429.774127,455.601273,423.081399,2.924047,0.877268,-1.679022,1.626086,0.622513,1.251677
334,11.133333,1,495.171871,416.247801,411.38586,430.44042,453.278866,423.34411,2.934784,0.750351,-1.661609,1.637682,0.636588,1.194017
335,11.166667,1,492.073078,416.374798,410.142384,430.076348,451.107731,423.225573,2.913148,0.563855,-1.616309,1.384121,0.64842,0.973988
336,11.2,1,491.992788,417.066346,408.448181,430.530864,450.220485,423.798605,2.96743,0.694233,-1.650555,1.736809,0.658437,1.215521
337,11.233333,1,490.115318,418.096154,408.3006,431.407979,449.207959,424.752066,3.020576,0.651754,-1.606722,1.773097,0.706927,1.212425
338,11.266667,1,489.38345,419.076802,407.762985,431.876603,448.573217,425.476702,3.005944,0.598362,-1.619828,1.887198,0.693058,1.24278
339,11.3,1,487.894182,419.49528,408.010235,432.27253,447.952209,425.883905,3.050266,0.752291,-1.570019,1.852115,0.740124,1.302203
340,11.333333,1,488.201818,420.481099,407.770014,432.837456,447.985916,426.659278,3.072949,0.743578,-1.589335,1.8571,0.741807,1.300339
341,11.366667,1,488.70244,420.88093,408.445616,433.119528,448.574028,427.000229,3.028175,0.865307,-1.566197,1.963254,0.730989,1.41428
342,11.4,1,489.571438,420.741262,408.956585,432.499938,449.264011,426.6206,3.042824,0.746596,-1.556241,1.888956,0.743291,1.317776
343,11.433333,1,489.681654,419.834933,409.102917,432.32008,449.392285,426.077507,2.980993,0.70016,-1.615261,1.860814,0.682866,1.280487
344,11.466667,1,490.650969,419.643756,409.664927,431.722945,450.157948,425.683351,2.954122,0.694103,-1.597583,1.628442,0.67827,1.161273
345,11.5,1,491.074896,419.656481,410.266838,431.770742,450.670867,425.713611,2.965554,0.616838,-1.590595,1.803572,0.68748,1.210205
346,11.533333,1,491.01511,419.896592,409.980431,432.252703,450.49777,426.074647,2.956607,0.596123,-1.604131,1.828794,0.676238,1.212458
347,11.566667,1,490.988827,419.909638,409.129162,433.217504,450.058994,426.563571,2.947346,0.543316,-1.668106,1.937652,0.63962,1.240484
348,11.6,1,490.890131,419.89671,408.867388,433.360616,449.878759,426.628663,2.977074,0.476854,-1.631116,1.954302,0.672979,1.215578
349,11.633333,1,490.552273,419.74921,408.542109,433.658631,449.547191,426.70392,2.982204,0.44368,-1.650631,1.996261,0.665786,1.21997
350,11.666667,1,490.087204,419.911408,408.479185,433.361861,449.283195,426.636634,2.936962,0.696733,-1.633222,1.88151,0.65187,1.289122
351,11.7,1,490.25919,420.070367,408.705969,433.323966,449.482579,426.697167,2.936291,0.856713,-1.643857,2.016151,0.646217,1.436432
352,11.733333,1,490.953999,420.479457,409.356966,434.739829,450.155482,427.609643,2.916587,0.730663,-1.612782,2.585104,0.651903,1.657883
353,11.766667,1,497.784615,422.638861,411.672039,436.196204,454.728327,429.417533,3.117603,0.855328,-1.518998,15.094852,0.799302,7.97509
354,11.8,1,500.859833,424.713238,414.837971,437.029696,457.848902,430.871467,3.224699,2.351576,-1.411575,28.933782,0.906562,15.642679
355,11.833333,1,503.265324,425.506121,418.26273,437.092899,460.764027,431.29951,3.156693,4.207103,-1.351879,25.958994,0.902407,15.083048
356,11.866667,1,503.721008,425.96642,419.497042,437.707179,461.609025,431.836799,3.113288,7.757896,-1.337737,22.566517,0.887776,15.162207
357,11.9,1,503.109856,425.344234,420.240126,436.738847,461.674991,431.041541,3.045162,11.827317,-1.337955,27.610599,0.853603,19.718958
358,11.933333,1,503.917351,423.550565,419.841928,434.870539,461.87964,429.210552,3.071564,2.734245,-1.387463,8.006764,0.84205,5.370505
359,11.966667,1,506.750793,422.144755,421.246128,433.488922,463.998461,427.816839,3.075131,1.598565,-1.390797,8.990138,0.842167,5.294351
360,12.0,1,510.350018,421.90179,423.550835,432.713174,466.950426,427.307482,3.139596,1.689686,-1.414503,4.854236,0.862547,3.271961
361,12.033333,1,512.221966,421.332293,424.912243,432.076299,468.567104,426.704296,3.222,1.745433,-1.426963,3.423729,0.897518,2.584581
362,12.066667,1,513.283434,420.953457,425.575294,431.255168,469.429364,426.104313,3.17053,1.740123,-1.441383,3.235892,0.864573,2.488007
363,12.1,1,513.339949,420.056484,425.738735,430.861988,469.539342,425.459236,3.164888,1.310462,-1.452728,3.364652,0.85608,2.337557
364,12.133333,1,514.089823,419.789529,425.804768,430.530027,469.947295,425.159778,3.179903,1.735238,-1.470015,2.961644,0.854944,2.348441
365,12.166667,1,514.214668,419.772878,425.940151,430.07212,470.07741,424.922499,3.149942,1.415031,-1.442648,2.592219,0.853647,2.003625
366,12.2,1,514.722195,419.34867,426.090593,429.906939,470.406394,424.627805,3.158653,1.276885,-1.457879,2.999327,0.850387,2.138106
367,12.233333,1,515.199718,418.912929,426.524992,429.465737,470.862355,424.189333,3.093983,1.129137,-1.457998,3.025661,0.817993,2.077399
368,12.266667,1,515.503836,418.72467,426.114864,429.217751,470.80935,423.971211,3.093241,1.381666,-1.456091,2.905709,0.818575,2.143687
369,12.3,1,515.784788,418.264285,426.551962,429.095174,471.168375,423.67973,3.094474,1.130789,-1.457595,2.820612,0.818439,1.9757
370,12.333333,1,515.856514,418.402247,426.29756,429.12632,471.077037,423.764284,3.098848,1.204927,-1.450283,2.769284,0.824282,1.987105
371,12.366667,1,515.616827,418.384159,425.822668,429.170394,470.719748,423.777276,3.102021,1.379983,-1.44915,2.56866,0.826435,1.974321
372,12.4,1,515.439777,418.551174,425.301952,429.309772,470.370865,423.930473,3.110295,1.436693,-1.465915,2.725639,0.82219,2.081166
373,12.433333,1,515.26907,418.547795,424.866257,429.435128,470.067663,423.991461,3.111248,1.367695,-1.462114,2.695262,0.824567,2.031478
374,12.466667,1,514.377079,418.807068,424.483232,429.86102,469.430156,424.334044,3.099232,1.431316,-1.458101,2.777699,0.820566,2.104508
375,12.5,1,513.611031,418.826487,423.928862,430.108824,468.769946,424.467655,3.131903,1.348886,-1.446856,2.668739,0.842524,2.008813
376,12.533333,1,512.302876,418.407322,423.352194,430.425743,467.827535,424.416533,3.142341,1.244014,-1.463349,2.596069,0.839496,1.920042
377,12.566667,1,510.963631,418.654826,422.24021,430.705508,466.60192,424.680167,3.112863,1.398707,-1.437039,2.197309,0.837912,1.798008
378,12.6,1,510.493088,418.418866,422.186546,430.320976,466.339817,424.369921,3.071585,1.40054,-1.434081,2.258898,0.818752,1.829719
379,12.633333,1,509.780798,418.517711,421.994047,430.103942,465.887423,424.310827,3.051891,1.473375,-1.409617,2.242367,0.821137,1.857871
380,12.666667,1,509.271975,418.390521,421.930704,430.171094,465.601339,424.280807,3.046619,1.299703,-1.399533,2.279008,0.823543,1.789355
381,12.7,1,508.786097,418.635031,421.726627,430.226551,465.256362,424.430791,3.040752,1.243258,-1.387992,2.136108,0.82638,1.689683
382,12.733333,1,508.61084,418.594369,421.502199,430.136772,465.05652,424.365571,3.051619,1.333401,-1.383074,2.108593,0.834272,1.720997
383,12.766667,1,508.394117,418.520361,421.487598,430.310268,464.940858,424.415315,3.040734,1.227069,-1.378258,2.195448,0.831238,1.711259
384,12.8,1,508.282337,418.774399,421.485367,430.341983,464.883852,424.558191,3.026537,1.1586,-1.393245,2.181263,0.816646,1.669932
385,12.833333,1,508.504772,418.783851,421.578979,430.370704,465.041876,424.577277,3.028329,1.174698,-1.382177,2.139854,0.823076,1.657276
386,12.866667,1,508.233433,418.75469,421.55694,430.38036,464.895186,424.567525,3.036537,1.204969,-1.370466,2.127012,0.833035,1.665991
387,12.9,1,508.313332,418.854532,421.565437,430.37226,464.939384,424.613396,3.02477,1.184603,-1.368355,2.079984,0.828208,1.632293
388,12.933333,1,508.301277,418.909947,421.536627,430.305687,464.918952,424.607817,3.024709,1.327894,-1.367811,2.057237,0.828449,1.692566
389,12.966667,1,508.602018,418.888918,421.848364,430.236679,465.225191,424.562799,3.034654,1.367984,-1.36876,2.127942,0.832947,1.747963
390,13.0,1,508.708706,418.954836,421.821823,430.226541,465.265265,424.590688,3.034405,1.4455,-1.370957,2.130554,0.831724,1.788027
391,13.033333,1,508.887291,418.986025,421.981077,430.25907,465.434184,424.622548,3.019375,1.377895,-1.373646,2.161633,0.822865,1.769764
392,13.066667,1,509.063025,419.157783,422.236176,430.084877,465.6496,424.62133,3.039429,1.527629,-1.375541,2.162477,0.831944,1.845053
393,13.1,1,509.521494,419.433535,422.360163,430.085993,465.940828,424.759764,3.044104,1.697987,-1.379771,2.197119,0.832167,1.947553
394,13.133333,1,509.656696,419.454596,422.415371,430.178518,466.036034,424.816557,3.052108,1.646002,-1.38168,2.198025,0.835214,1.922013
395,13.166667,1,509.977474,419.276401,422.561989,430.295838,466.269732,424.786119,3.067373,1.704,-1.388336,2.309471,0.839518,2.006735
396,13.2,1,510.181141,419.140402,422.670488,430.270593,466.425815,424.705498,3.041965,1.754556,-1.392796,2.282121,0.824585,2.018339
397,13.233333,1,511.163273,419.455315,422.964306,430.367861,467.063789,424.911588,3.055467,1.806503,-1.41081,2.364415,0.822328,2.085459
398,13.266667,1,511.749487,419.405222,423.055468,430.341393,467.402477,424.873307,3.057432,1.744543,-1.413065,2.494709,0.822183,2.119626
399,13.3,1,512.25873,418.929902,423.475733,430.085135,467.867231,424.507518,3.047339,1.6879,-1.420465,2.530673,0.813437,2.109286
400,13.333333,1,513.051109,419.034455,424.031343,429.928247,468.541226,424.481351,3.019297,1.749268,-1.445511,2.468483,0.786893,2.108876
401,13.366667,1,514.163513,419.141722,424.159031,429.730064,469.161272,424.435893,2.976498,1.937358,-1.480192,2.437701,0.748153,2.187529
402,13.4,1,515.787649,418.966187,423.912678,429.844218,469.850163,424.405203,3.009231,1.828839,-1.522214,2.675735,0.743508,2.252287
403,13.433333,1,517.470522,418.451504,424.844933,429.339856,471.157727,423.89568,3.002306,1.839977,-1.565587,2.959683,0.71836,2.39983
404,13.466667,1,518.815832,418.217722,426.367388,428.912001,472.59161,423.564861,3.004377,1.575733,-1.549894,2.73681,0.727241,2.156271
405,13.5,1,520.140181,417.368674,427.629175,428.476667,473.884678,422.922671,2.94405,1.210746,-1.565385,2.88064,0.689333,2.045693
406,13.533333,1,521.906519,417.092332,429.036608,427.511855,475.471563,422.302094,3.015676,1.195671,-1.560205,2.545049,0.727736,1.87036
407,13.566667,1,522.613525,417.416493,431.976357,426.69288,477.294941,422.054687,2.944285,1.332216,-1.543887,2.19965,0.700199,1.765933
408,13.6,1,523.643284,417.563467,433.479433,426.115154,478.561358,421.839311,2.952006,1.576876,-1.544367,1.874889,0.70382,1.725883
409,13.633333,1,524.650068,417.38775,434.789667,425.804565,479.719868,421.596158,2.930926,1.30988,-1.569048,1.82624,0.680939,1.56806
410,13.666667,1,525.872917,417.690657,435.321999,425.454987,480.597458,421.572822,2.924885,1.356265,-1.612025,1.903302,0.65643,1.629784
411,13.7,1,526.753817,418.220404,435.011559,425.57514,480.882688,421.897772,2.925679,1.659213,-1.636342,1.978482,0.644669,1.818847
412,13.733333,1,527.072229,418.455806,435.561333,425.748249,481.316781,422.102028,2.976846,1.655604,-1.643996,1.993346,0.666425,1.824475
413,13.766667,1,527.469959,418.905526,435.13732,426.099994,481.303639,422.50276,2.926985,1.481782,-1.64293,2.077458,0.642027,1.77962
414,13.8,1,527.433491,418.986593,435.501146,426.287169,481.467319,422.636881,2.958003,1.388685,-1.650844,2.071293,0.65358,1.729989
415,13.833333,1,527.507372,419.164939,435.378838,426.59027,481.443105,422.877604,2.956633,1.414446,-1.653011,2.189568,0.651811,1.802007
416,13.866667,1,527.613382,419.286078,435.517521,426.509128,481.565452,422.897603,2.919069,1.480683,-1.653342,2.06967,0.632864,1.775176
417,13.9,1,527.822371,419.532208,435.878744,426.435292,481.850557,422.98375,2.852484,1.51929,-1.647685,1.93959,0.6024,1.72944
418,13.933333,1,528.236198,419.462771,436.336489,426.432567,482.286344,422.947669,2.86857,1.374107,-1.645335,1.988295,0.611617,1.681201
419,13.966667,1,528.592329,419.690791,436.424513,426.293306,482.508421,422.992049,2.837127,1.572545,-1.655615,1.96323,0.590756,1.767888
420,14.0,1,529.054203,420.035069,437.31679,426.307801,483.185496,423.171435,2.876988,1.28098,-1.648964,2.137472,0.614012,1.709226
421,14.033333,1,530.215502,420.185841,438.361025,426.634719,484.288263,423.41028,2.878176,1.213191,-1.64018,2.191006,0.618998,1.702099
422,14.066667,1,531.419086,420.351462,439.023552,427.10019,485.221319,423.725826,2.814347,0.933377,-1.640094,2.616061,0.587127,1.774719
423,14.1,1,531.777611,420.179887,439.215603,427.386639,485.496607,423.783263,2.950152,1.416977,-1.636543,2.557857,0.656804,1.987417
424,14.133333,1,533.068285,420.002174,439.608068,427.413129,486.338177,423.707651,3.029961,1.347282,-1.664033,2.603324,0.682964,1.975303
425,14.166667,1,533.331795,420.021358,439.93928,427.505064,486.635537,423.763211,3.015309,1.44847,-1.650795,2.529908,0.682257,1.989189
426,14.2,1,534.20949,421.25526,440.790501,429.824381,487.499995,425.53982,3.121921,1.361756,-1.704007,3.030608,0.708957,2.196182
427,14.233333,1,529.926624,424.901229,439.67205,434.780556,484.799337,429.840893,2.861479,17.374199,-1.676158,5.99516,0.59266,11.684679
428,14.266667,1,531.372232,426.338722,442.04833,435.082669,486.710281,430.710695,2.827613,57.168376,-1.633306,7.379408,0.597153,32.273892
429,14.3,1,531.039248,424.444181,441.243753,434.390606,486.1415,429.417393,2.837222,39.882828,-1.650306,7.314661,0.593458,23.598745
430,14.333333,1,532.807093,422.704167,440.516882,431.895025,486.661987,427.299596,2.957154,9.041822,-1.684511,5.869463,0.636321,7.455643
431,14.366667,1,534.230318,421.000021,441.854649,429.550109,488.042483,425.275065,3.030109,3.296927,-1.701445,6.355404,0.664332,4.826166
432,14.4,1,534.593477,420.43004,441.424494,428.297689,488.008986,424.363865,3.07654,1.544766,-1.701796,3.001476,0.687372,2.273121
433,14.433333,1,533.607864,420.112821,441.157331,427.809752,487.382598,423.961287,3.045233,1.716894,-1.63536,2.152782,0.704936,1.934838
434,14.466667,1,533.776188,420.00343,440.685606,427.805997,487.230897,423.904713,3.061057,1.677246,-1.666786,2.251538,0.697135,1.964392
435,14.5,1,533.574057,419.804839,440.857449,427.985694,487.215753,423.895267,3.061286,1.605536,-1.635443,2.186867,0.712922,1.896202
436,14.533333,1,533.626976,419.729898,440.701246,427.970824,487.164111,423.850361,3.063877,1.597363,-1.652881,2.155333,0.705498,1.876348
437,14.566667,1,533.428411,419.649764,440.543871,427.607718,486.986141,423.628741,3.050334,1.554121,-1.637257,2.097643,0.706538,1.825882
438,14.6,1,533.443422,419.69901,440.61799,427.661716,487.030706,423.680363,3.052945,1.494348,-1.645998,2.066456,0.703474,1.780402
439,14.633333,1,533.390026,419.570746,440.54122,427.617277,486.965623,423.594012,3.054928,1.463759,-1.631493,2.156264,0.711717,1.810011
440,14.666667,1,533.137054,419.7261,440.406876,427.80383,486.771965,423.764965,3.052205,1.598161,-1.641974,2.065505,0.705115,1.831833
441,14.7,1,533.320055,420.273077,439.975262,428.873323,486.647658,424.5732,3.106647,1.539731,-1.663374,2.277977,0.721636,1.908854
442,14.733333,1,528.25943,425.088791,439.503489,434.971862,483.881459,430.030326,2.853911,4.177897,-1.664699,7.238263,0.594606,5.70808
443,14.766667,1,529.785175,426.970221,440.691414,436.854343,485.238295,431.912282,2.851235,33.691787,-1.626511,21.052033,0.612362,27.37191
444,14.8,1,530.053978,426.374159,441.890364,436.645131,485.972171,431.509645,2.839816,57.060792,-1.591215,25.085689,0.6243,41.073241
445,14.833333,1,530.258074,425.039191,439.49769,433.922507,484.877882,429.480849,2.864838,54.239576,-1.632946,16.22116,0.615946,35.230368
446,14.866667,1,531.813526,422.565175,439.851456,431.649023,485.832491,427.107099,3.00216,7.230908,-1.656944,10.001133,0.672608,8.61602
447,14.9,1,533.096361,421.711482,441.804399,429.785103,487.45038,425.748292,3.062314,3.221687,-1.673978,5.330358,0.694168,4.276023
448,14.933333,1,534.214106,420.742325,441.308727,428.603783,487.761416,424.673054,3.103229,2.00699,-1.680839,3.843548,0.711195,2.925269
449,14.966667,1,534.51149,420.087662,441.294756,427.076383,487.903123,423.582022,3.063193,1.651524,-1.681713,2.685362,0.69074,2.168443
450,15.0,1,534.433327,419.582312,441.207933,426.945029,487.82063,423.263671,3.0665,1.589738,-1.676639,2.540466,0.694931,2.065102
451,15.033333,1,534.507446,419.310862,441.297016,426.723962,487.902231,423.017412,3.040602,1.579163,-1.682753,2.405178,0.678925,1.99217
452,15.066667,1,534.357224,419.416434,441.294355,426.825521,487.825789,423.120977,3.043544,1.617325,-1.658354,2.419178,0.692595,2.018252
453,15.1,1,534.354315,419.462332,441.493101,426.902629,487.923708,423.18248,3.038598,1.57895,-1.650432,2.336503,0.694083,1.957726
454,15.133333,1,534.366779,419.633982,441.531153,427.100544,487.948966,423.367263,3.047138,1.659081,-1.648993,2.3076,0.699073,1.983341
455,15.166667,1,536.33708,419.793767,444.223909,427.306527,490.280495,423.550147,3.082873,1.83154,-1.600474,2.326134,0.7412,2.078837
456,15.2,1,538.857422,419.780774,448.221521,427.480152,493.539472,423.630463,3.055036,1.773247,-1.445594,2.203581,0.804721,1.988414
457,15.233333,1,541.979828,420.667845,451.231976,428.264279,496.605902,424.466062,3.05917,1.338172,-1.386656,2.120022,0.836257,1.729097
458,15.266667,1,542.618551,420.797288,452.666969,428.076739,497.64276,424.437014,2.966979,1.243744,-1.414376,2.328449,0.776301,1.786097
459,15.3,1,543.568287,420.760049,453.709154,427.960846,498.638721,424.360448,2.912071,1.163146,-1.424789,2.393643,0.743641,1.778395
460,15.333333,1,544.34906,420.811011,454.246206,428.010499,499.297633,424.410755,2.96657,1.013379,-1.451515,2.957472,0.757527,1.985426
461,15.366667,1,545.144176,420.811579,454.704714,427.899563,499.924445,424.355571,2.987022,0.998621,-1.4721,2.93179,0.757461,1.965205
462,15.4,1,545.665092,420.51217,455.539846,427.644131,500.602469,424.07815,2.940144,0.938346,-1.510273,3.229467,0.714935,2.083907
463,15.433333,1,546.005535,420.692725,456.012411,427.469541,501.008973,424.081133,2.917921,1.077644,-1.529228,3.113628,0.694347,2.095636
464,15.466667,1,543.015156,420.512835,452.868109,426.656606,497.941632,423.58472,2.876728,1.314262,-1.654017,2.946548,0.611356,2.130405
465,15.5,1,540.899935,420.158536,450.225592,426.562504,495.562763,423.36052,2.920586,1.372381,-1.68689,2.230766,0.616848,1.801574
466,15.533333,1,540.726776,420.31418,450.219011,426.840059,495.472894,423.577119,2.915757,1.263748,-1.676031,2.172061,0.619863,1.717905
467,15.566667,1,540.955973,420.448226,450.24045,426.874434,495.598211,423.66133,2.900005,1.212406,-1.679982,2.177739,0.610011,1.695072
468,15.6,1,541.088591,420.382791,450.417709,426.987108,495.75315,423.684949,2.899638,1.138011,-1.664632,2.138414,0.617503,1.638213
469,15.633333,1,540.694389,420.493115,449.922647,427.123708,495.308518,423.808411,2.899528,1.259257,-1.683237,2.121278,0.608146,1.690267
470,15.666667,1,540.469599,420.584686,449.615946,427.168372,495.042772,423.876529,2.891397,1.272832,-1.679851,2.042714,0.605773,1.657773
471,15.7,1,540.249853,420.53322,449.599075,427.118075,494.924464,423.825647,2.889917,1.253506,-1.666136,2.030209,0.61189,1.641857
472,15.733333,1,541.5201,420.54721,451.62859,426.593338,496.574345,423.570274,2.897419,1.396901,-1.654608,2.673575,0.621405,2.035238
473,15.766667,1,543.838005,420.920391,454.979753,427.444553,499.408879,424.182472,2.905243,1.020827,-1.559411,3.305269,0.672916,2.163048
474,15.8,1,544.283962,420.747324,455.116234,427.911676,499.700098,424.3295,2.94223,0.932738,-1.547312,3.503093,0.697459,2.217915
475,15.833333,1,544.147663,420.704527,455.161619,427.909251,499.654641,424.306889,2.937374,0.974174,-1.538757,3.644724,0.699308,2.309449
476,15.866667,1,544.303989,420.789489,455.2983,428.017076,499.801145,424.403282,2.935773,0.955664,-1.538542,3.6389,0.698615,2.297282
477,15.9,1,543.973341,420.788512,455.328379,428.066021,499.65086,424.427267,2.902117,0.926415,-1.54048,3.56396,0.680818,2.245187
478,15.933333,1,543.748865,420.815871,455.361156,428.166894,499.555011,424.491382,2.886125,0.921435,-1.544743,3.619688,0.670691,2.270561
479,15.966667,1,543.602009,420.805485,455.341778,428.113303,499.471893,424.459394,2.866909,0.887457,-1.541871,3.6265,0.662519,2.256979
480,16.0,1,543.691082,421.903485,455.472879,428.9931,499.581981,425.448292,2.885378,0.937676,-1.539315,3.68987,0.673032,2.313773
481,16.033333,1,543.384666,421.934288,455.764494,429.127457,499.57458,425.530872,2.872092,1.033748,-1.554523,3.333196,0.658785,2.183472
482,16.066667,1,542.613029,421.813524,455.627213,429.122908,499.120121,425.468216,2.866542,0.973681,-1.564324,3.273184,0.651109,2.123433
483,16.1,1,542.783318,421.768055,455.511093,429.07391,499.147205,425.420982,2.865791,0.972266,-1.56326,3.177724,0.651265,2.074995
484,16.133333,1,543.446655,421.686409,455.419655,428.890951,499.433155,425.28868,2.898109,1.012004,-1.566668,3.684839,0.665721,2.348421
485,16.166667,1,543.335361,421.696182,455.314503,428.827833,499.324932,425.262008,2.899664,0.902991,-1.56404,3.780421,0.667812,2.341706
486,16.2,1,543.291454,421.77593,455.341578,428.737571,499.316516,425.256751,2.902605,0.952452,-1.565638,3.707715,0.668483,2.330084
487,16.233333,1,542.294455,421.460137,455.305138,428.534002,498.799796,424.99707,2.860866,0.876371,-1.582297,3.678024,0.639284,2.277197
488,16.266667,1,542.542973,421.209233,454.592686,428.514476,498.567829,424.861854,2.928849,0.790242,-1.573651,3.505788,0.677599,2.148015
489,16.3,1,542.989149,421.075755,453.641472,428.290297,498.31531,424.683026,3.002376,1.009623,-1.557147,3.421504,0.722615,2.215564
490,16.333333,1,542.855787,421.04564,452.84996,428.649981,497.852874,424.84781,3.032487,0.980137,-1.537903,3.149814,0.747292,2.064975
491,16.366667,1,541.916246,421.256622,451.657801,429.097255,496.787024,425.176939,3.027169,1.210381,-1.507602,2.759154,0.759783,1.984768
492,16.4,1,536.175966,422.256914,443.424215,431.497607,489.800091,426.877261,3.009201,7.840601,-1.630377,5.059343,0.689412,6.449972
493,16.433333,1,528.62011,424.583892,437.57678,435.45644,483.098445,430.020166,2.844012,6.354851,-1.69569,6.083055,0.574161,6.218953
494,16.466667,1,526.883907,423.427656,435.542068,435.043176,481.212988,429.235416,2.808315,3.0717,-1.667744,8.581983,0.570285,5.826842
495,16.5,1,526.487017,420.991888,434.722795,430.845155,480.604906,425.918521,2.920542,10.789945,-1.692579,7.297234,0.613982,9.04359
496,16.533333,1,523.409166,419.083915,429.881382,429.948642,476.645274,424.516279,2.840828,1.912959,-1.786369,2.530481,0.527229,2.22172
497,16.566667,1,521.752968,418.86568,426.979179,429.771498,474.366074,424.318589,2.756741,1.097935,-1.814351,1.714151,0.471195,1.406043
498,16.6,1,520.763063,418.30793,426.580791,428.860459,473.671927,423.584195,2.770857,1.160483,-1.790164,1.398369,0.490346,1.279426
499,16.633333,1,520.576172,418.139176,426.337194,428.949455,473.456683,423.544316,2.794211,1.135669,-1.778133,1.381275,0.508039,1.258472
500,16.666667,1,520.051432,418.081348,425.857553,429.262598,472.954493,423.671973,2.79527,1.071678,-1.78,1.327015,0.507635,1.199347
501,16.7,1,518.724451,418.267643,425.318441,430.185406,472.021446,424.226525,2.737935,0.99355,-1.773201,1.263022,0.482367,1.128286
502,16.733333,1,518.381596,418.513774,425.238209,429.939373,471.809902,424.226573,2.805229,0.874448,-1.746752,1.204553,0.529238,1.0395
503,16.766667,1,518.004284,418.449916,424.812202,430.592759,471.408243,424.521337,2.782741,0.877526,-1.776902,1.32301,0.50292,1.100268
504,16.8,1,517.958822,418.573201,424.770508,430.450033,471.364665,424.511617,2.777021,0.819497,-1.752889,1.197292,0.512066,1.008395
505,16.833333,1,518.133268,418.472714,424.605627,430.845058,471.369448,424.658886,2.789268,0.896296,-1.77171,1.314775,0.508779,1.105535
506,16.866667,1,517.926025,418.693546,424.715757,430.7974,471.320891,424.745473,2.794788,0.963768,-1.749578,1.291456,0.522605,1.127612
507,16.9,1,521.188583,419.551295,427.40284,431.19382,474.295712,425.372558,2.904065,1.422817,-1.724964,1.325363,0.589551,1.37409
508,16.933333,1,523.095694,419.338907,430.389509,431.465775,476.742601,425.402341,2.943312,1.322795,-1.676643,1.584979,0.633335,1.453887
509,16.966667,1,523.348627,419.651084,430.379047,431.584758,476.863837,425.617921,2.97865,1.408329,-1.662446,1.550929,0.658102,1.479629
510,17.0,1,523.453617,419.69533,430.326958,431.643938,476.890287,425.669634,2.964695,1.459674,-1.667638,1.534964,0.648528,1.497319
511,17.033333,1,523.486595,419.831253,430.027256,431.807735,476.756926,425.819494,2.950415,1.428552,-1.675089,1.614296,0.637663,1.521424
512,17.066667,1,523.440456,420.037075,429.840965,432.032579,476.640711,426.034827,2.928571,1.466254,-1.690377,1.61582,0.619097,1.541037
513,17.1,1,523.146791,420.334393,429.719334,431.989288,476.433063,426.161841,2.928803,1.438958,-1.658537,1.524796,0.635133,1.481877
514,17.133333,1,523.086987,420.68602,429.357386,432.467376,476.222186,426.576698,2.954284,1.550207,-1.677818,1.577061,0.638233,1.563634
515,17.166667,1,522.769547,421.138573,429.334793,432.348543,476.05217,426.743558,2.941279,1.572711,-1.646069,1.494468,0.647605,1.533589
516,17.2,1,522.936411,421.292242,429.428873,432.563689,476.182642,426.927965,2.955821,1.547712,-1.654812,1.494111,0.650504,1.520912
517,17.233333,1,522.986917,421.393522,429.282417,432.784317,476.134667,427.088919,2.966969,1.553043,-1.645112,1.488569,0.660929,1.520806
518,17.266667,1,522.956915,421.525809,429.308519,432.790968,476.132717,427.158388,2.92904,1.642096,-1.635571,1.49328,0.646735,1.567688
519,17.3,1,522.986736,421.53407,429.378042,432.819614,476.182389,427.176842,2.955454,1.64369,-1.633253,1.497017,0.661101,1.570353
520,17.333333,1,523.712072,421.152456,430.460367,432.51646,477.08622,426.834458,2.975826,1.773598,-1.642691,1.723755,0.666568,1.748676
521,17.366667,1,523.669395,421.058471,430.59577,432.430941,477.132583,426.744706,2.984257,1.75747,-1.648474,1.673646,0.667891,1.715558
522,17.4,1,523.790293,421.017433,430.796671,432.597978,477.293482,426.807706,2.99772,1.710705,-1.6351,1.762331,0.68131,1.736518
523,17.433333,1,523.892603,420.94305,430.81809,432.651976,477.355347,426.797513,3.010077,1.687936,-1.627947,1.784037,0.691065,1.735987
524,17.466667,1,524.153233,420.998143,430.735645,432.618856,477.444439,426.8085,3.015969,1.637571,-1.630182,1.811488,0.692893,1.724529
525,17.5,1,524.266338,420.982372,430.765333,432.683862,477.515836,426.833117,3.018717,1.539273,-1.64749,1.737233,0.685614,1.638253
526,17.533333,1,524.643126,421.124132,431.005192,432.675859,477.824159,426.899995,2.998987,1.675672,-1.664136,1.752746,0.667425,1.714209
527,17.566667,1,524.931698,421.137371,431.026487,432.663167,477.979093,426.900269,3.000891,1.672326,-1.658232,1.825946,0.67133,1.749136
528,17.6,1,525.156574,421.073363,431.498432,432.615209,478.327503,426.844286,2.978194,1.691931,-1.645492,1.849353,0.666351,1.770642
529,17.633333,1,525.516529,421.218417,432.17824,432.179199,478.847384,426.698808,2.973753,1.725449,-1.635668,1.714712,0.669043,1.720081
530,17.666667,1,526.011572,421.347152,432.767591,432.029028,479.389582,426.68809,2.928507,1.73698,-1.625007,1.772165,0.65175,1.754573
531,17.7,1,526.586266,421.491916,433.125515,431.616955,479.85589,426.554435,2.894764,1.816606,-1.619074,1.787403,0.637845,1.802004
532,17.733333,1,527.077265,421.57382,433.578367,431.310893,480.327816,426.442357,2.89401,1.76515,-1.619467,1.78245,0.637272,1.7738
533,17.766667,1,527.566643,421.693672,434.290571,431.026922,480.928607,426.360297,2.890764,1.733434,-1.619754,1.750686,0.635505,1.74206
534,17.8,1,528.33847,421.751683,434.965687,431.537894,481.652079,426.644788,2.880963,1.557507,-1.620057,1.980271,0.630453,1.768889
535,17.833333,1,529.416714,421.893711,435.8183,431.471965,482.617507,426.682838,2.871243,1.209705,-1.632693,2.206888,0.619275,1.708296
536,17.866667,1,530.176659,421.792592,436.367073,431.12934,483.271866,426.460966,2.886401,1.377823,-1.639737,2.223292,0.623332,1.800558
537,17.9,1,530.93195,421.736695,436.954374,431.005658,483.943162,426.371176,2.92206,1.422478,-1.638378,2.246792,0.641841,1.834635
538,17.933333,1,531.588354,421.806743,437.71616,430.400723,484.652257,426.103733,2.926871,1.550704,-1.643906,2.354138,0.641482,1.952421
539,17.966667,1,532.440023,421.684713,438.246565,430.57924,485.343294,426.131977,2.95084,1.612393,-1.66659,2.250739,0.642125,1.931566
540,18.0,1,532.675619,422.345588,438.53878,431.325731,485.6072,426.83566,3.020685,1.628851,-1.676162,2.239339,0.672262,1.934095
541,18.033333,1,533.096924,422.775825,439.452915,431.938423,486.27492,427.357124,3.02074,1.91388,-1.716947,3.136421,0.651897,2.52515
542,18.066667,1,532.603378,424.144642,440.411749,434.345019,486.507564,429.244831,2.912164,6.039979,-1.672699,5.542291,0.619733,5.791135
543,18.1,1,531.805906,426.015462,439.560442,435.348262,485.683174,430.681862,2.835147,21.455536,-1.65676,6.237789,0.589193,13.846663
544,18.133333,1,532.757521,424.734449,440.870895,433.691643,486.814208,429.213046,2.846519,13.928426,-1.665071,7.601409,0.590724,10.764918
545,18.166667,1,534.931154,423.643863,441.423521,432.407767,488.177338,428.025815,2.995312,6.172023,-1.701246,7.972931,0.647033,7.072477
546,18.2,1,536.218367,423.204453,442.424202,431.411991,489.321284,427.308222,3.030604,2.993238,-1.698093,5.095655,0.666255,4.044447
547,18.233333,1,537.347355,422.569799,442.917299,431.161988,490.132327,426.865894,3.031488,2.178294,-1.732861,3.807009,0.649314,2.992651
548,18.266667,1,537.490425,422.454239,443.068037,430.846528,490.279231,426.650383,3.060207,2.238432,-1.711513,3.041839,0.674347,2.640135
549,18.3,1,537.829199,422.143843,443.509483,430.372324,490.669341,426.258084,3.068641,2.263008,-1.693904,3.050712,0.687369,2.65686
550,18.333333,1,538.120632,421.868488,443.975582,430.026673,491.048107,425.94758,3.076132,2.221325,-1.658647,2.560625,0.708743,2.390975
551,18.366667,1,538.455267,421.616446,444.157934,429.673673,491.306601,425.645059,3.098722,1.918636,-1.646791,2.246372,0.725966,2.082504
552,18.4,1,538.563595,421.45665,444.249201,429.513094,491.406398,425.484872,3.081381,1.85165,-1.641146,2.038205,0.720118,1.944927
553,18.433333,1,538.838501,421.40306,444.493446,429.367397,491.665974,425.385228,3.084525,1.841609,-1.635331,2.047503,0.724597,1.944556
554,18.466667,1,539.452019,421.165813,444.941549,429.229113,492.196784,425.197463,3.089962,1.789164,-1.658323,2.002465,0.71582,1.895814
555,18.5,1,539.78796,420.983852,445.507441,429.201722,492.6477,425.092787,3.067056,1.653217,-1.648194,1.925482,0.709431,1.78935
556,18.533333,1,540.383101,421.095904,445.799303,429.134324,493.091202,425.115114,3.047445,1.518799,-1.678841,1.959674,0.684302,1.739236
557,18.566667,1,540.856133,421.35875,446.06967,428.950839,493.462901,425.154794,3.04389,1.619564,-1.672365,1.886079,0.685763,1.752822
558,18.6,1,541.056671,421.461715,446.27759,429.147788,493.66713,425.304751,3.017325,1.548859,-1.674369,1.904365,0.671478,1.726612
559,18.633333,1,541.126242,421.596351,446.260405,429.422994,493.693323,425.509672,3.006233,1.4823,-1.655405,1.86516,0.675414,1.67373
560,18.666667,1,540.905552,421.641219,445.953979,429.657462,493.429766,425.64934,3.008602,1.585539,-1.676593,1.948029,0.666005,1.766784
561,18.7,1,540.515919,421.704776,445.7479,429.711149,493.131909,425.707963,3.036353,1.452267,-1.673787,1.858797,0.681283,1.655532
562,18.733333,1,539.713402,421.408263,445.207911,429.609997,492.460656,425.50913,3.047086,1.463408,-1.648209,2.041642,0.699438,1.752525
563,18.766667,1,539.730635,421.386881,445.181274,429.594998,492.455955,425.49094,3.05639,1.471049,-1.647078,2.058738,0.704656,1.764894
564,18.8,1,539.263821,421.376334,444.824142,429.566352,492.043982,425.471343,3.057295,1.472587,-1.654947,2.067998,0.701174,1.770293
565,18.833333,1,539.240561,421.277179,444.593544,429.497151,491.917052,425.387165,3.067211,1.5216,-1.649419,2.075462,0.708896,1.798531
566,18.866667,1,538.881054,421.245325,444.343929,429.449397,491.612492,425.347361,3.106648,1.594049,-1.649584,2.07731,0.728532,1.835679
567,18.9,1,538.500452,421.084414,444.147339,429.343901,491.323895,425.214157,3.097439,1.500523,-1.635193,2.039405,0.731123,1.769964
568,18.933333,1,538.398247,421.168635,443.734035,429.297423,491.066141,425.233029,3.107856,1.499061,-1.65643,2.102771,0.725713,1.800916
569,18.966667,1,537.536869,421.263317,443.381901,429.303324,490.459385,425.283321,3.107422,1.610562,-1.63652,1.9957,0.735451,1.803131
570,19.0,1,537.162466,421.283916,442.615137,429.603184,489.888802,425.44355,3.116319,1.584518,-1.669954,2.192605,0.723183,1.888562
571,19.033333,1,536.933632,421.369672,442.363863,429.65611,489.648747,425.512891,3.136169,1.592925,-1.671039,2.303605,0.732565,1.948265
572,19.066667,1,536.603413,421.431663,442.000675,429.770726,489.302044,425.601195,3.11997,1.733734,-1.669425,2.33506,0.725273,2.034397
573,19.1,1,536.37455,421.487013,441.686859,430.164077,489.030704,425.825545,3.135687,1.700095,-1.674753,2.398944,0.730467,2.049519
574,19.133333,1,536.00831,421.474879,441.626177,429.868841,488.817244,425.67186,3.12055,1.643059,-1.629239,2.477405,0.745655,2.060232
575,19.166667,1,536.041174,421.330522,441.24877,429.919664,488.644972,425.625093,3.106765,1.592895,-1.668248,2.531231,0.719258,2.062063
576,19.2,1,535.845528,421.284807,441.048784,429.805166,488.447156,425.544986,3.115155,1.608228,-1.668836,2.445163,0.723159,2.026695
577,19.233333,1,535.655947,421.210499,440.788727,429.855956,488.222337,425.533227,3.111506,1.625803,-1.666347,2.514258,0.722579,2.07003
578,19.266667,1,535.060806,421.079382,439.588432,430.018219,487.324619,425.5488,3.147448,1.559345,-1.722972,2.496667,0.712238,2.028006
579,19.3,1,531.922035,421.442585,437.477522,429.990195,484.699779,425.71639,3.024305,1.520585,-1.690147,2.277447,0.667079,1.899016
580,19.333333,1,530.99638,421.156543,436.690521,430.058216,483.843451,425.60738,2.98761,1.419355,-1.678606,2.481446,0.654502,1.9504
581,19.366667,1,530.445738,421.490875,436.45505,429.985549,483.450394,425.738212,2.96794,1.44358,-1.67068,2.374185,0.64863,1.908882
582,19.4,1,530.150232,421.41513,436.186075,430.106903,483.168154,425.761017,2.957373,1.484808,-1.671438,2.415217,0.642967,1.950012
583,19.433333,1,530.120306,421.412437,435.821333,430.013176,482.970819,425.712807,2.997513,1.525266,-1.66133,2.457628,0.668091,1.991447
584,19.466667,1,529.936619,421.187421,435.600538,429.83924,482.768579,425.513331,2.964916,1.526774,-1.669711,2.434889,0.647602,1.980832
585,19.5,1,529.580851,421.070251,435.416107,429.836494,482.498479,425.453373,2.949415,1.517641,-1.665792,2.471971,0.641812,1.994806
586,19.533333,1,528.689508,421.133262,435.15686,429.709271,481.923184,425.421267,2.920546,1.617638,-1.634606,2.176852,0.64297,1.897245
587,19.566667,1,528.415594,421.058396,434.957638,429.691579,481.686616,425.374988,2.910811,1.440213,-1.640349,2.238166,0.635231,1.83919
588,19.6,1,528.520937,420.909276,434.939175,430.520661,481.730056,425.714968,2.932302,1.162024,-1.687898,3.051443,0.622202,2.106733
589,19.633333,1,525.831909,423.259385,435.200911,433.735063,480.51641,428.497224,2.7922,2.341554,-1.667317,7.067343,0.562442,4.704448
590,19.666667,1,524.010477,425.398157,433.868618,436.746476,478.939548,431.072316,2.754637,15.421877,-1.709121,27.531677,0.522758,21.476777
591,19.7,1,525.116997,424.813092,435.137043,435.211147,480.12702,430.012119,2.801014,15.086632,-1.679123,23.601864,0.560946,19.344248
592,19.733333,1,527.313557,423.580703,434.012833,433.507526,480.663195,428.544114,2.893511,3.544392,-1.701159,7.213808,0.596176,5.3791
593,19.766667,1,528.055372,422.73129,435.619659,432.431917,481.837516,427.581604,2.879391,2.839898,-1.677188,5.715324,0.601101,4.277611
594,19.8,1,528.693981,422.229191,435.803146,430.8969,482.248564,426.563045,2.863961,1.430615,-1.670506,4.817168,0.596728,3.123892
595,19.833333,1,528.940821,421.476542,435.567513,429.917217,482.254167,425.69688,2.894901,1.354839,-1.665447,3.331695,0.614727,2.343267
596,19.866667,1,528.453016,420.954927,435.253916,429.421889,481.853466,425.188408,2.893474,1.308115,-1.648076,2.553265,0.622699,1.93069
597,19.9,1,528.592005,420.610768,435.378246,429.159976,481.985126,424.885372,2.902212,1.320992,-1.62654,2.300538,0.637836,1.810765
598,19.933333,1,528.632135,420.784822,435.246315,429.065037,481.939225,424.924929,2.935639,1.458318,-1.61863,2.035364,0.658505,1.746841
599,19.966667,1,528.564949,420.546523,435.526991,428.769307,482.04597,424.657915,2.925095,1.446041,-1.616984,2.01892,0.654056,1.73248
600,20.0,1,528.620625,420.577369,435.646896,428.562208,482.13376,424.569789,2.925885,1.491907,-1.61303,2.055785,0.656427,1.773846
601,20.033333,1,528.65612,420.405847,435.686045,428.670731,482.171082,424.538289,2.894479,1.43902,-1.61045,2.111432,0.642014,1.775226
602,20.066667,1,528.582735,420.376225,435.673733,428.593172,482.128234,424.484698,2.898472,1.50082,-1.611707,2.095633,0.643383,1.798226
603,20.1,1,528.547106,420.414999,435.655193,428.627182,482.10115,424.52109,2.888761,1.481218,-1.611424,2.023741,0.638668,1.752479
604,20.133333,1,528.498802,420.409784,435.470448,428.630701,481.984625,424.520243,2.893613,1.494498,-1.612376,2.018959,0.640618,1.756728
605,20.166667,1,528.372421,420.345519,435.404177,428.613739,481.888299,424.479629,2.896218,1.546075,-1.606893,2.032734,0.644662,1.789405
606,20.2,1,528.284626,420.468686,435.208702,428.795668,481.746664,424.632177,2.907844,1.602957,-1.613199,2.034896,0.647322,1.818926
607,20.233333,1,528.135147,420.607699,434.932194,429.120119,481.53367,424.863909,2.902093,1.650752,-1.604593,2.081864,0.64875,1.866308
608,20.266667,1,528.026838,420.800765,434.537468,429.574775,481.282153,425.18777,2.887556,1.557323,-1.609313,2.138731,0.639122,1.848027
609,20.3,1,528.058681,421.147939,434.56708,429.341798,481.312881,425.244868,2.878371,1.598431,-1.608409,2.113483,0.634981,1.855957
610,20.333333,1,527.837105,421.348761,434.526825,429.432918,481.181965,425.39084,2.837193,1.592852,-1.611799,2.187859,0.612697,1.890356
611,20.366667,1,527.804174,421.450642,434.492397,429.439956,481.148286,425.445299,2.852019,1.686172,-1.611923,2.073933,0.620048,1.880053
612,20.4,1,527.790823,421.372429,434.425449,429.80288,481.108136,425.587655,2.876373,1.519475,-1.607536,2.187695,0.634419,1.853585
613,20.433333,1,527.501106,421.224082,434.340162,429.721373,480.920634,425.472727,2.8394,1.571135,-1.612002,2.226224,0.613699,1.898679
614,20.466667,1,527.070417,421.07906,433.880997,430.094104,480.475707,425.586582,2.806899,1.431396,-1.618291,2.069391,0.594304,1.750393
615,20.5,1,527.122288,421.018549,433.596821,430.491017,480.359554,425.754783,2.831461,1.43864,-1.62661,2.133737,0.602425,1.786188
616,20.533333,1,527.035751,421.570494,433.555174,431.243012,480.295463,426.406753,2.872467,1.372999,-1.620606,2.146062,0.62593,1.759531
617,20.566667,1,525.132523,422.833021,434.26631,434.600966,479.699416,428.716993,2.822036,1.718629,-1.630245,4.302745,0.595895,3.010687
618,20.6,1,522.055187,427.283932,433.549061,439.244685,477.802124,433.264309,2.62695,26.399654,-1.697834,22.081336,0.464558,24.240495
619,20.633333,1,523.254156,427.365589,433.583622,439.061887,478.418889,433.213738,2.641888,22.274805,-1.688282,32.141663,0.476803,27.208234
620,20.666667,1,524.371586,425.68687,432.478647,437.946764,478.425117,431.816817,2.706629,23.787309,-1.698934,22.903984,0.503847,23.345646
621,20.7,1,528.097372,424.287347,433.858538,435.818013,480.977955,430.05268,2.83729,7.494454,-1.694645,11.94267,0.571322,9.718562
622,20.733333,1,527.188435,423.109202,434.346609,434.263126,480.767522,428.686164,2.867001,2.089024,-1.700045,7.175946,0.583478,4.632485
623,20.766667,1,527.163553,422.553116,433.94022,431.994148,480.551887,427.273632,2.877219,1.119015,-1.72073,4.435692,0.578244,2.777354
624,20.8,1,527.173443,421.763624,433.555984,431.265736,480.364714,426.51468,2.869384,1.386729,-1.714786,3.224046,0.577299,2.305388
625,20.833333,1,526.589727,421.266353,433.273411,430.320064,479.931569,425.793208,2.864147,1.476575,-1.675104,2.314349,0.594522,1.895462
626,20.866667,1,526.516237,421.122587,433.380785,430.691196,479.948511,425.906891,2.879572,1.321468,-1.650108,2.065253,0.614732,1.693361
627,20.9,1,526.530809,421.098415,433.378506,430.28674,479.954658,425.692577,2.882721,1.476654,-1.622059,1.947126,0.630331,1.71189
628,20.933333,1,526.587391,420.906969,433.338299,430.326115,479.962845,425.616542,2.896367,1.338076,-1.621397,1.923702,0.637485,1.630889
629,20.966667,1,526.480951,420.725319,433.317394,430.265454,479.899173,425.495387,2.881324,1.338009,-1.628386,1.954771,0.626469,1.64639
630,21.0,1,526.661272,420.659015,433.107166,430.110197,479.884219,425.384606,2.909191,1.511503,-1.617729,2.017663,0.645731,1.764583
631,21.033333,1,526.649532,420.58755,433.236122,430.181662,479.942827,425.384606,2.894084,1.476935,-1.626786,1.927917,0.633649,1.702426
632,21.066667,1,526.870461,420.458128,433.223381,429.984391,480.046921,425.22126,2.901381,1.538248,-1.614422,2.051438,0.643479,1.794843
633,21.1,1,526.947842,420.329973,433.424273,429.84395,480.186057,425.086961,2.904224,1.507653,-1.625048,1.945393,0.639588,1.726523
634,21.133333,1,527.120504,420.282476,433.537979,429.78757,480.329242,425.035023,2.92139,1.640139,-1.625716,1.98868,0.647837,1.81441
635,21.166667,1,527.271404,420.210818,433.798761,429.554111,480.535083,424.882464,2.927679,1.71086,-1.610456,1.951948,0.658611,1.831404
636,21.2,1,527.33655,420.175188,433.70121,429.490113,480.51888,424.83265,2.949667,1.718895,-1.620116,2.008944,0.664775,1.863919
637,21.233333,1,527.271109,420.326732,433.753147,429.550066,480.512128,424.938399,2.939636,1.685758,-1.624767,1.971701,0.657434,1.82873
638,21.266667,1,526.914024,420.363779,433.580837,429.472711,480.247431,424.918245,2.937795,1.630692,-1.632753,1.891321,0.652521,1.761006
639,21.3,1,526.916389,420.245848,433.424578,429.547437,480.170484,424.896643,2.936843,1.645004,-1.630733,2.005361,0.653055,1.825183
640,21.333333,1,526.795616,420.205615,433.259048,429.488279,480.027332,424.846947,2.942374,1.598115,-1.635825,2.008641,0.653275,1.803378
641,21.366667,1,526.583843,420.161562,433.19212,429.604633,479.887981,424.883097,2.946395,1.563302,-1.621052,1.96959,0.662671,1.766446
642,21.4,1,526.534271,420.191785,433.076668,429.514285,479.80547,424.853035,2.940123,1.570844,-1.624048,1.959501,0.658038,1.765172
643,21.433333,1,526.42705,420.214241,432.6894,429.411128,479.558225,424.812684,2.948152,1.625989,-1.632017,1.896533,0.658068,1.761261
644,21.466667,1,526.295147,420.243294,432.51956,429.532235,479.407353,424.887764,2.931312,1.594698,-1.637113,1.857686,0.6471,1.726192
645,21.5,1,526.195917,420.261866,432.491503,429.456586,479.34371,424.859226,2.956129,1.711812,-1.629028,1.879208,0.663551,1.79551
646,21.533333,1,526.016836,420.121458,431.879263,429.594526,478.94805,424.857992,2.940202,1.640424,-1.652104,1.84613,0.644049,1.743277
647,21.566667,1,525.792627,420.018042,432.015028,429.587241,478.903828,424.802642,2.969297,1.828775,-1.629976,1.920949,0.669661,1.874862
648,21.6,1,525.580063,419.868675,431.765795,429.556836,478.672929,424.712756,2.97537,1.816985,-1.628957,1.883985,0.673207,1.850485
649,21.633333,1,525.455027,419.858837,431.950417,429.298303,478.702722,424.57857,2.964017,1.809112,-1.620467,1.837758,0.671775,1.823435
650,21.666667,1,525.549116,419.616237,432.213545,429.225926,478.88133,424.421082,2.990645,1.850678,-1.608866,1.876372,0.69089,1.863525
651,21.7,1,525.817976,419.775592,432.326765,429.321477,479.072371,424.548535,2.979494,1.889081,-1.615685,1.843425,0.681904,1.866253
652,21.733333,1,526.291084,419.572173,432.770195,428.986866,479.53064,424.27952,2.984324,1.993826,-1.603454,1.918036,0.690435,1.955931
653,21.766667,1,526.52483,419.534805,433.132877,428.990514,479.828854,424.26266,2.971179,1.737143,-1.612496,1.854985,0.679341,1.796064
654,21.8,1,527.079382,419.51663,433.893557,428.702939,480.486469,424.109784,2.979561,1.825817,-1.595445,1.796044,0.692058,1.810931
655,21.833333,1,527.695265,419.768769,434.596376,428.738977,481.145821,424.253873,2.954924,1.768536,-1.588344,1.74349,0.68329,1.756013
656,21.866667,1,529.49295,420.087554,436.01368,429.279431,482.753315,424.683493,2.981157,1.460786,-1.58896,1.77822,0.696098,1.619503
657,21.9,1,530.922661,420.127348,437.588634,428.956933,484.255648,424.54214,2.99772,1.633269,-1.576298,1.754348,0.710711,1.693809
658,21.933333,1,532.936668,419.638606,439.646025,429.263231,486.291347,424.450918,2.948359,1.339753,-1.590744,1.664455,0.678808,1.502104
659,21.966667,1,536.241302,419.390116,443.502283,428.582261,489.871793,423.986188,2.923873,1.61608,-1.60945,1.92102,0.657212,1.76855
660,22.0,1,539.616203,419.485184,445.928192,427.714598,492.772198,423.599891,2.899906,1.634981,-1.617923,1.560469,0.640991,1.597725
661,22.033333,1,544.166842,419.760271,450.087643,427.111187,497.127242,423.435729,2.969498,2.001847,-1.60866,1.994245,0.680419,1.998046
662,22.066667,1,547.235537,419.423375,453.223019,426.792423,500.229278,423.107899,2.856571,1.955646,-1.69792,1.671275,0.579325,1.81346
663,22.1,1,549.355536,419.311087,454.365969,428.300232,501.860752,423.805659,2.741574,1.342959,-1.813028,2.506298,0.464273,1.924628
664,22.133333,1,552.499132,419.125532,458.36935,428.919919,505.434241,424.022725,2.911104,0.938347,-1.735394,2.414356,0.587855,1.676352
665,22.166667,1,555.373068,420.030144,460.5832,428.73019,507.978134,424.380167,3.012531,0.869002,-1.753328,1.858145,0.629601,1.363573
666,22.2,1,556.844645,420.031464,463.894138,429.255474,510.369391,424.643469,2.988962,0.909301,-1.715156,2.24796,0.636903,1.57863
667,22.233333,1,558.97562,420.785862,465.676823,429.364758,512.326221,425.07531,2.948099,1.063731,-1.701532,2.451348,0.623283,1.75754
668,22.266667,1,561.942139,421.282865,468.71686,429.422457,515.329499,425.352661,2.886736,0.684122,-1.686635,2.783004,0.60005,1.733563
669,22.3,1,566.987963,421.312187,472.836437,429.221624,519.9122,425.266905,2.864142,0.430981,-1.707178,3.017871,0.578482,1.724426
670,22.333333,1,572.204084,421.661378,481.438122,425.962343,526.821103,423.811861,2.818972,1.275949,-1.625283,2.192641,0.596844,1.734295
671,22.366667,1,578.616991,422.459604,486.278124,425.349576,532.447557,423.90459,2.887266,0.932632,-1.549164,1.791898,0.669051,1.362265
672,22.4,1,585.920677,422.146826,490.177317,426.29204,538.048997,424.219433,3.010507,0.83817,-1.582574,2.430648,0.713966,1.634409
673,22.433333,1,594.070015,424.85575,501.522045,427.823968,547.79603,426.339859,3.217498,1.134867,-1.413654,2.567559,0.901922,1.851213
674,22.466667,1,601.379776,426.019367,504.239492,427.038231,552.809634,426.528799,3.062059,0.835569,-1.530584,2.365302,0.765737,1.600436
675,22.5,1,608.599482,428.501451,510.40247,428.283666,559.500976,428.392559,3.032593,0.862862,-1.534882,2.214637,0.748856,1.53875
676,22.533333,1,615.408211,430.848255,516.507177,429.789963,565.957694,430.319109,3.080248,0.713963,-1.504865,2.547809,0.787692,1.630886
677,22.566667,1,622.8339,431.946577,521.834307,430.821347,572.334104,431.383962,3.049875,0.942186,-1.491428,2.658406,0.779224,1.800296
678,22.6,1,631.707706,433.707662,529.671049,432.304587,580.689378,433.006124,2.983845,0.682192,-1.469794,2.354918,0.757026,1.518555
679,22.633333,1,638.651218,433.899611,535.268164,432.389646,586.959691,433.144628,2.97957,0.989033,-1.471135,2.761894,0.754218,1.875464
680,22.666667,1,645.696297,433.961463,539.119587,432.652684,592.407942,433.307074,2.879571,0.822083,-1.518777,2.751888,0.680397,1.786985
681,22.7,1,652.977085,435.172073,547.115822,433.21936,600.046453,434.195716,3.036038,0.596413,-1.511419,2.680839,0.762309,1.638626
682,22.733333,1,659.656658,435.264105,552.871981,432.356504,606.264319,433.810304,3.082932,0.599584,-1.429118,2.346226,0.826907,1.472905
683,22.766667,1,663.599949,436.172225,557.989254,431.361694,610.794601,433.76696,2.990942,0.763385,-1.440361,2.54316,0.775291,1.653272
684,22.8,1,668.970432,436.050711,560.252666,428.809798,614.611549,432.430254,3.06656,0.76844,-1.405849,2.000372,0.830355,1.384406
685,22.833333,1,671.693497,435.79206,561.280527,426.685145,616.487012,431.238602,3.168847,1.161883,-1.39453,1.78703,0.887158,1.474456
686,22.866667,1,670.720081,435.602793,559.647741,427.491084,615.183911,431.546938,3.100656,1.240966,-1.373539,1.70552,0.863559,1.473243
687,22.9,1,667.540817,436.773126,555.691595,428.700407,611.616206,432.736766,3.06137,0.949513,-1.371499,1.839912,0.844936,1.394713
688,22.933333,1,667.552452,436.685117,555.346088,427.799528,611.44927,432.242323,3.009818,1.35491,-1.361481,2.08061,0.824168,1.71776
689,22.966667,1,663.201523,440.059369,548.822088,431.507982,606.011806,435.783675,3.269131,0.989935,-1.351146,2.097361,0.958992,1.543648
690,23.0,1,657.066002,442.693191,542.170544,435.70507,599.618273,439.199131,3.464071,0.826772,-1.289203,1.898986,1.087434,1.362879
691,23.033333,1,649.788523,446.233073,532.67601,437.266299,591.232266,441.749686,3.347157,1.477248,-1.285825,2.129753,1.030666,1.8035
692,23.066667,1,643.167381,448.670515,525.675478,438.623925,584.42143,443.64722,3.276682,1.661272,-1.201466,2.424911,1.037608,2.043092
693,23.1,1,637.031307,450.98598,518.593979,441.035993,577.812643,446.010987,3.407107,1.451302,-1.217082,3.022737,1.095012,2.23702
694,23.133333,1,628.920984,451.76735,511.506195,441.855419,570.21359,446.811385,3.51272,1.537483,-1.143665,3.330935,1.184527,2.434209
695,23.166667,1,615.335054,451.768295,493.345232,443.784528,554.340143,447.776411,3.740513,0.953023,-1.259625,3.953897,1.240444,2.45346
696,23.2,1,592.755013,449.400365,477.138834,441.379133,534.946923,445.389749,3.720961,1.094509,-1.177661,5.320045,1.27165,3.207277
697,23.233333,1,573.015194,447.721968,437.473049,446.013669,505.244122,446.867818,3.894284,1.007977,-1.237828,8.844055,1.328228,4.926016
698,23.266667,1,547.83741,448.357683,429.570026,441.640949,488.703718,444.999316,3.725854,1.292766,-1.092336,5.407753,1.316759,3.35026
699,23.3,1,521.891947,450.578467,382.234049,437.41676,452.062998,443.997613,3.788116,1.301771,-1.431559,4.643504,1.178279,2.972638
700,23.333333,1,494.258423,449.511334,375.151997,441.872853,434.70521,445.692093,3.868285,1.303412,-1.11227,6.861286,1.378008,4.082349
701,23.366667,1,465.144215,449.982158,344.40279,442.637572,404.773502,446.309865,4.012751,-0.092651,-1.07497,5.504088,1.468891,2.705719
702,23.4,1,437.838526,451.109512,320.05569,442.273339,378.947108,446.691425,4.10668,1.121841,-1.120186,4.090679,1.493247,2.60626
703,23.433333,1,409.828348,449.600598,293.328047,452.32069,351.578197,450.960644,4.262209,1.106436,-1.092021,5.145246,1.585094,3.125841
704,23.466667,1,384.171104,449.163612,272.09023,452.357876,328.130667,450.760744,4.033491,0.681954,-1.032506,8.251148,1.500493,4.466551
705,23.5,1,359.673452,447.241112,242.390718,449.779866,301.032085,448.510489,3.752507,0.816727,-1.215613,5.572718,1.268447,3.194723
706,23.533333,1,336.481724,447.256883,215.231066,452.186204,275.856395,449.721544,4.204105,0.118351,-1.265615,5.684067,1.469245,2.901209
707,23.566667,1,315.376463,446.809384,205.417943,447.605195,260.397203,447.207289,4.583263,-0.347614,-1.114638,3.428444,1.734313,1.540415
708,23.6,1,298.603215,446.865753,190.855637,449.138678,244.729426,448.002216,3.742612,0.664226,-1.101271,3.286859,1.320671,1.975543
709,23.633333,1,282.458458,446.820831,178.059554,457.288023,230.259006,452.054427,3.565452,0.639262,-1.100198,4.634441,1.232627,2.636852
710,23.666667,1,269.236779,445.977019,163.631167,455.78428,216.433973,450.88065,3.693912,0.595492,-1.150621,2.788135,1.271645,1.691813
711,23.7,1,259.499927,446.334053,152.046981,461.851598,205.773454,454.092826,4.0381,0.827929,-1.200056,3.299283,1.419022,2.063606
712,23.733333,1,253.706894,446.109477,131.042075,473.330734,192.374485,459.720106,4.182558,0.433803,-1.39423,3.703446,1.394164,2.068625
713,23.766667,1,249.37871,444.886776,152.586083,448.098904,200.982397,446.49284,4.532622,1.293532,-0.988331,1.598575,1.772146,1.446054
714,23.8,1,248.074474,442.988588,150.311351,448.898449,199.192913,445.943518,4.161043,1.094138,-1.000121,1.751759,1.580461,1.422948
715,23.833333,1,250.176077,441.907432,150.777645,448.42108,200.476861,445.164256,4.029533,1.217439,-1.058706,1.664851,1.485414,1.441145
716,23.866667,1,257.177916,441.218072,160.507398,445.552801,208.842657,443.385437,4.104347,0.859529,-0.984454,1.231893,1.559947,1.045711
717,23.9,1,263.448687,440.699054,159.469032,449.519069,211.458859,445.109062,3.906817,0.906543,-1.088801,1.99264,1.409008,1.449591
718,23.933333,1,272.225189,441.916691,167.379439,456.424288,219.802314,449.170489,3.908076,1.141928,-1.152212,1.943405,1.377932,1.542667
719,23.966667,1,279.536996,441.88753,172.651763,453.957127,226.094379,447.922329,3.667078,1.114844,-1.147606,2.042509,1.259736,1.578677
720,24.0,1,289.508104,441.88885,180.069666,463.530221,234.788885,452.709535,3.816163,0.637847,-1.15281,2.694252,1.331676,1.666049
721,24.033333,1,296.976519,442.212431,188.243585,461.398787,242.610052,451.805609,3.926397,0.602045,-1.1764,2.521592,1.374998,1.561819
722,24.066667,1,305.234346,441.522213,193.369884,456.395094,249.302115,448.958654,3.982718,1.728631,-1.138653,2.216268,1.422033,1.972449
723,24.1,1,310.169921,442.830949,198.466945,453.805937,254.318433,448.318443,4.045949,1.797759,-1.119056,2.273374,1.463447,2.035567
724,24.133333,1,317.634449,442.271891,204.806027,452.386683,261.220238,447.329287,4.072533,1.242031,-1.076325,2.226651,1.498104,1.734341
725,24.166667,1,320.793252,443.874747,196.115603,453.160222,258.454428,448.517484,3.838484,1.877862,-1.256503,2.154526,1.29099,2.016194
726,24.2,1,323.464417,444.099462,202.559905,452.477964,263.012161,448.288713,3.910437,2.785864,-1.244351,2.467774,1.333043,2.626819
727,24.233333,1,324.920568,444.220065,208.403325,449.976912,266.661947,447.098488,3.724905,2.776639,-1.203772,2.731644,1.260566,2.754142
728,24.266667,1,325.523362,444.582464,205.647159,450.870795,265.58526,447.726629,3.730839,2.471296,-1.214328,2.554229,1.258256,2.512762
729,24.3,1,326.335354,445.118948,207.072296,452.191129,266.703825,448.655038,3.773436,2.242268,-1.208209,2.639956,1.282613,2.441112
730,24.333333,1,326.209235,445.483707,209.488077,450.616243,267.848656,448.049975,3.61112,1.90176,-1.176609,2.460566,1.217255,2.181163
731,24.366667,1,324.437652,446.82391,210.772891,452.501181,267.605271,449.662546,3.644117,2.175134,-1.142352,2.5044,1.250883,2.339767
732,24.4,1,323.291311,447.841959,207.909122,454.367055,265.600216,451.104507,3.759793,1.658363,-1.163229,2.293428,1.298282,1.975896
733,24.433333,1,321.357565,448.53958,205.502591,452.929798,263.430078,450.734689,3.933717,1.717766,-1.137456,2.285775,1.398131,2.001771
734,24.466667,1,318.062768,449.852575,200.253158,457.633256,259.157963,453.742915,3.937682,1.235127,-1.206544,2.538829,1.365569,1.886978
735,24.5,1,315.603271,450.333635,201.878157,457.861458,258.740714,454.097546,3.651964,1.374651,-1.207812,2.512224,1.222076,1.943438
736,24.533333,1,316.415114,448.930142,204.179516,451.216757,260.297315,450.07345,3.506099,1.277911,-1.14456,2.279934,1.180769,1.778922
737,24.566667,1,316.296697,447.706647,201.294985,456.123011,258.795841,451.914829,3.847125,1.361484,-1.182876,2.380973,1.332124,1.871228
738,24.6,1,317.606297,445.997769,204.581141,449.786775,261.093719,447.892272,3.715574,1.735095,-1.116046,1.974815,1.299764,1.854955
739,24.633333,1,318.061609,444.881734,199.485865,456.651396,258.773737,450.766565,3.995743,1.139252,-1.201243,2.322475,1.39725,1.730864
740,24.666667,1,320.116119,443.27582,200.810833,449.555633,260.463476,446.415727,3.844738,1.855628,-1.213777,2.159491,1.31548,2.007559
741,24.7,1,323.188734,442.41614,200.98958,452.48291,262.089157,447.449525,3.666367,1.618926,-1.288387,2.19347,1.18899,1.906198
742,24.733333,1,326.193399,442.099961,216.380301,445.245538,271.28685,443.672749,3.747832,2.150831,-1.046951,2.0742,1.35044,2.112515
743,24.766667,1,330.285711,441.43414,212.899523,449.558691,271.592617,445.496415,3.747893,1.158108,-1.243641,2.5294,1.252126,1.843754
744,24.8,1,337.677097,440.910187,226.552668,443.017716,282.114882,441.963952,3.843499,2.215353,-1.155142,2.105515,1.344178,2.160434
745,24.833333,1,347.285318,441.267886,230.501509,445.5918,288.893414,443.429843,3.715702,1.578082,-1.236021,2.749904,1.239841,2.163993
746,24.866667,1,355.961876,440.819432,243.695989,442.94962,299.828932,441.884526,3.477015,1.784226,-1.174514,2.291826,1.15125,2.038026
747,24.9,1,369.044571,440.214626,255.34492,441.955444,312.194746,441.085035,3.493909,1.173171,-1.138347,2.573246,1.177781,1.873209
748,24.933333,1,383.611889,440.376652,265.393944,438.966647,324.502916,439.67165,3.59515,1.194336,-1.175662,3.025924,1.209744,2.11013
749,24.966667,1,398.236847,441.369166,283.999023,438.148059,341.117935,439.758613,3.631533,1.658354,-1.140248,2.833786,1.245643,2.24607
750,25.0,1,417.152824,441.260741,296.653872,434.881568,356.903348,438.071154,3.420525,1.624915,-1.213741,4.598216,1.103392,3.111565
751,25.033333,1,437.385511,442.906426,318.073897,434.201242,377.729704,438.553834,3.479148,2.064098,-1.24654,2.815646,1.116304,2.439872
752,25.066667,1,455.195551,442.318872,333.050737,433.548124,394.123144,437.933498,3.157927,1.557697,-1.332943,2.5183,0.912492,2.037998
753,25.1,1,475.546932,442.026383,349.266729,433.836054,412.406831,437.931218,3.27519,2.674373,-1.256963,4.297817,1.009113,3.486095
754,25.133333,1,497.588301,442.464334,372.122478,433.024471,434.85539,437.744402,3.087543,2.019204,-1.268276,6.586829,0.909634,4.303016
755,25.166667,1,524.459839,445.716416,396.474438,433.161961,460.467138,439.439188,3.341807,2.114144,-1.346492,4.653632,0.997657,3.383888
756,25.2,1,549.367981,447.061082,418.91736,433.306811,484.142671,440.183946,3.047187,2.286278,-1.389632,6.549949,0.828777,4.418114
757,25.233333,1,572.730179,447.751601,439.774494,433.81215,506.252337,440.781875,3.054514,2.542376,-1.412002,4.630935,0.821256,3.586656
758,25.266667,1,595.176048,448.507029,462.348213,432.666095,528.762131,440.586562,3.010385,1.931592,-1.461498,5.281746,0.774444,3.606669
759,25.3,1,617.371798,451.289434,483.203669,432.642953,550.287733,441.966194,2.95695,2.072672,-1.50982,2.704875,0.723565,2.388773
760,25.333333,1,633.663082,450.584958,501.371717,434.724755,567.5174,442.654856,2.962014,2.051216,-1.547202,2.072814,0.707406,2.062015
761,25.366667,1,648.876705,450.980294,517.733603,436.195968,583.305154,443.588131,2.983314,1.798081,-1.463153,2.449006,0.76008,2.123543
762,25.4,1,662.271347,451.224182,531.828461,435.637618,597.049904,443.4309,2.923271,2.009167,-1.553486,2.245133,0.684893,2.12715
763,25.433333,1,668.739262,452.037706,543.464031,437.317271,606.101646,444.677489,2.809873,1.62641,-1.511774,1.747552,0.649049,1.686981
764,25.466667,1,675.759792,452.360548,549.857016,438.233804,612.808404,445.297176,2.792671,1.634008,-1.488142,2.318154,0.652264,1.976081
765,25.5,1,680.009308,452.084849,555.376644,438.009464,617.692976,445.047156,2.792023,1.362326,-1.492482,2.015344,0.64977,1.688835
766,25.533333,1,682.336769,450.26806,558.488321,436.882625,620.412545,443.575342,2.821046,1.289331,-1.475999,2.364046,0.672523,1.826689
767,25.566667,1,681.874847,447.09756,559.21648,434.010891,620.545664,440.554225,2.78044,1.196956,-1.446362,2.201333,0.667039,1.699144
768,25.6,1,677.236309,444.63511,556.665344,431.970277,616.950827,438.302693,2.926003,1.381787,-1.485485,1.961086,0.720259,1.671437
769,25.633333,1,670.618687,441.459181,552.372761,430.856366,611.495724,436.157774,2.827306,1.254397,-1.508492,2.132989,0.659407,1.693693
770,25.666667,1,660.370483,441.393188,542.491169,430.849307,601.430826,436.121247,3.031322,1.910586,-1.544378,2.388989,0.743472,2.149787
771,25.7,1,647.080994,440.997391,533.428173,431.293513,590.254583,436.145452,2.945031,2.069743,-1.518836,2.396315,0.713097,2.233029
772,25.733333,1,634.389448,439.635987,525.2736,432.180326,579.831524,435.908157,3.104498,1.507408,-1.44968,2.608536,0.827409,2.057972
773,25.766667,1,625.30344,437.738335,515.848017,429.363642,570.575728,433.550988,2.967619,1.687815,-1.442966,3.287925,0.762327,2.48787
774,25.8,1,616.416016,435.935118,507.840624,427.446227,562.12832,431.690673,3.031588,1.928702,-1.469669,2.716505,0.78096,2.322604
775,25.833333,1,608.089237,432.779424,502.958441,423.890895,555.523839,428.335159,2.987545,1.809762,-1.471008,2.247129,0.758269,2.028446
776,25.866667,1,602.513084,429.481326,497.054291,420.403926,549.783688,424.942626,3.053727,2.129424,-1.566463,2.171564,0.743632,2.150494
777,25.9,1,596.20223,426.989747,491.819525,417.144989,544.010878,422.067368,3.018811,2.390845,-1.645058,2.765367,0.686877,2.578106
778,25.933333,1,588.493614,423.732784,484.832401,416.992157,536.663008,420.36247,3.010233,1.720832,-1.579573,2.316365,0.71533,2.018599
779,25.966667,1,579.556046,421.447198,478.278151,413.859926,528.917098,417.653562,2.946667,1.831485,-1.602126,2.324861,0.672271,2.078173
780,26.0,1,571.366196,418.373762,470.051813,412.695655,520.709004,415.534708,3.00671,1.988231,-1.611911,2.82879,0.6974,2.40851
781,26.033333,1,561.186123,415.114095,462.196836,412.235355,511.69148,413.674725,2.925276,1.758742,-1.627975,2.176367,0.648651,1.967555
782,26.066667,1,550.751934,415.106295,453.642597,413.85718,502.197266,414.481738,2.973764,1.645689,-1.558195,2.34232,0.707785,1.994005
783,26.1,1,542.388754,415.518315,445.661879,415.095373,494.025316,415.306844,3.04798,0.97089,-1.507612,2.505669,0.770184,1.73828
784,26.133333,1,535.272264,415.218025,438.975754,417.311565,487.124009,416.264795,3.123011,1.341553,-1.523,2.606416,0.800006,1.973984
785,26.166667,1,529.653559,414.418277,435.170345,416.642064,482.411952,415.53017,2.971146,1.052436,-1.500841,2.478656,0.735153,1.765546
786,26.2,1,525.213156,413.230273,432.824173,416.775692,479.018664,415.002982,2.984901,0.895716,-1.472118,1.861601,0.756392,1.378659
787,26.233333,1,523.14187,412.415246,431.020479,415.73831,477.081175,414.076778,3.074089,0.841624,-1.469899,1.985816,0.802095,1.41372
788,26.266667,1,521.092939,410.478455,430.779972,415.261692,475.936456,412.870073,3.079639,0.59631,-1.445109,1.848628,0.817265,1.222469
789,26.3,1,519.592705,409.791015,430.248766,415.462224,474.920735,412.62662,3.05142,0.514411,-1.426302,1.76906,0.812559,1.141735
790,26.333333,1,517.440157,409.647882,428.963394,416.703551,473.201776,413.175716,3.135127,0.638212,-1.430419,1.680608,0.852354,1.15941
791,26.366667,1,516.069698,408.749321,427.605095,417.128649,471.837397,412.938985,3.224985,0.70918,-1.396624,1.877051,0.914181,1.293116
792,26.4,1,514.827232,408.747475,426.110163,416.704785,470.468698,412.72613,3.165276,0.93172,-1.388853,1.873694,0.888211,1.402707
793,26.433333,1,513.638763,408.103294,426.015415,416.498244,469.827089,412.300769,3.1418,0.766566,-1.369887,2.143824,0.885957,1.455195
794,26.466667,1,512.675581,406.874253,425.578613,415.779251,469.127097,411.326752,3.134658,0.617394,-1.359473,2.138151,0.887593,1.377773
795,26.5,1,512.645473,407.003771,425.909014,415.783993,469.277244,411.393882,3.177014,0.71409,-1.358793,2.287657,0.90911,1.500874
796,26.533333,1,512.014503,407.358488,425.217514,416.323138,468.616009,411.840813,3.202611,0.679507,-1.384656,2.131857,0.908977,1.405682
797,26.566667,1,511.566381,407.991157,423.917398,417.094638,467.74189,412.542897,3.210119,0.779066,-1.416606,2.291695,0.896756,1.53538
798,26.6,1,510.212946,408.427895,423.364735,418.304572,466.78884,413.366234,3.201891,0.685313,-1.43844,2.321198,0.881726,1.503256
799,26.633333,1,506.753244,411.043146,420.890932,420.996405,463.822088,416.019775,3.131332,0.71175,-1.434295,2.230062,0.848518,1.470906
800,26.666667,1,502.176151,413.472315,417.917433,426.255434,460.046792,419.863874,3.09744,0.393078,-1.520864,2.734225,0.788288,1.563652
801,26.7,1,500.61533,417.255206,417.082205,432.43888,458.848767,424.847043,3.135187,0.307972,-1.402907,14.548482,0.86614,7.428227
802,26.733333,1,500.510502,421.520112,414.251432,437.953759,457.380967,429.736935,3.377339,0.517162,-1.319863,27.126517,1.028738,13.82184
803,26.766667,1,493.578777,424.669862,411.300936,441.841031,452.439857,433.255447,3.300439,0.12258,-1.317051,22.950289,0.991694,11.536435
804,26.8,1,489.944315,426.857407,407.93973,445.884397,448.942022,436.370902,3.403773,2.032936,-1.264607,35.744686,1.069583,18.888811
805,26.833333,1,487.81414,429.172282,403.961916,448.502351,445.888028,438.837317,3.555244,1.715626,-1.341348,48.018417,1.106948,24.867022
806,26.866667,1,482.168016,430.364921,400.587502,449.221795,441.377759,439.793358,3.427069,2.693535,-1.295772,46.165998,1.065648,24.429767
807,26.9,1,479.766464,431.050944,400.87718,449.554539,440.321822,440.302742,3.590436,0.866383,-1.140372,42.853271,1.225032,21.859827
808,26.933333,1,478.412771,431.631181,398.711824,450.493162,438.562298,441.062171,3.612128,0.902543,-1.163957,42.66974,1.224085,21.786142
809,26.966667,1,478.519735,431.706455,398.990526,450.662935,438.755131,441.184695,3.580748,0.797779,-1.173853,31.330873,1.203448,16.064326
810,27.0,1,478.455153,431.809784,400.013771,450.740987,439.234462,441.275386,3.562342,0.612698,-1.166675,38.704348,1.197833,19.658523
811,27.033333,1,479.808235,432.413764,400.641108,451.10639,440.224671,441.760077,3.515343,0.813488,-1.191856,42.806043,1.161744,21.809766
812,27.066667,1,482.214756,432.641248,401.888952,451.521027,442.051854,442.081137,3.557666,0.755876,-1.172577,50.216589,1.192544,25.486233
813,27.1,1,480.367966,432.8219,402.358809,450.466747,441.363387,441.644323,3.620289,0.748969,-1.091838,39.636184,1.264226,20.192577
814,27.133333,1,483.714628,433.075712,402.854595,453.185778,443.284612,443.130745,3.618478,0.676421,-1.194299,37.919759,1.212089,19.29809
815,27.166667,1,482.541552,433.39027,404.55759,453.000137,443.549571,443.195204,3.564565,0.848696,-1.17807,27.209765,1.193248,14.02923
816,27.2,1,483.944855,433.639544,404.303856,452.393067,444.124355,443.016306,3.533577,1.142223,-1.256452,35.68637,1.138563,18.414296
817,27.233333,1,487.073498,432.801665,405.858727,451.854351,446.466112,442.328008,3.544405,1.671895,-1.294618,36.317781,1.124894,18.994838
818,27.266667,1,489.583673,429.538136,407.829094,449.213179,448.706384,439.375657,3.421164,2.456469,-1.308291,36.452416,1.056437,19.454443
819,27.3,1,491.372442,426.061606,411.660604,443.144102,451.516523,434.602854,3.213224,1.788182,-1.349225,15.561001,0.931999,8.674592
820,27.333333,1,496.517334,420.910553,415.073767,436.618931,455.79555,428.764742,3.319088,1.18952,-1.348969,9.02542,0.98506,5.10747
821,27.366667,1,503.021851,414.533354,419.580851,427.169509,461.301351,420.851431,3.07841,1.288067,-1.487083,6.981326,0.795664,4.134696
822,27.4,1,510.186987,407.454178,425.451717,419.473747,467.819352,413.463963,3.068044,0.853737,-1.393366,2.800696,0.837339,1.827216
823,27.433333,1,516.483717,404.188449,428.779478,416.93716,472.631598,410.562805,3.094162,0.602288,-1.516296,2.104377,0.788933,1.353332
824,27.466667,1,520.121593,403.310412,432.561646,415.271798,476.341619,409.291105,2.990294,0.669655,-1.522843,1.660119,0.733726,1.164887
825,27.5,1,524.799442,402.972561,435.194254,414.782199,479.996848,408.87738,3.037269,0.582536,-1.535523,1.752036,0.750873,1.167286
826,27.533333,1,527.047091,403.50852,436.955137,414.355202,482.001114,408.931861,3.074832,0.381073,-1.57306,1.778287,0.750886,1.07968
827,27.566667,1,528.073015,403.412347,438.015642,414.412483,483.044329,408.912415,3.018716,0.323488,-1.583451,1.789396,0.717633,1.056442
828,27.6,1,528.902826,403.263474,438.569565,414.687302,483.736196,408.975388,3.056503,0.404515,-1.577784,1.691205,0.73936,1.04786
829,27.633333,1,529.233341,403.148085,438.300676,414.914303,483.767009,409.031194,3.060914,0.42049,-1.583963,1.66262,0.738476,1.041555
830,27.666667,1,529.194727,403.210334,438.654852,414.845113,483.924789,409.027723,3.036574,0.448744,-1.583493,1.677629,0.72654,1.063186
831,27.7,1,529.454489,403.125876,438.893986,414.913273,484.174237,409.019575,3.037453,0.579084,-1.58184,1.691894,0.727806,1.135489
832,27.733333,1,529.425735,403.649197,438.354435,416.857767,483.890085,410.253482,2.971744,0.595809,-1.58255,1.754844,0.694597,1.175326
833,27.766667,1,529.657202,404.01137,439.050531,417.105067,484.353867,410.558218,2.911917,0.65916,-1.585375,1.774925,0.663271,1.217043
834,27.8,1,530.623665,404.720557,439.851799,419.658004,485.237732,412.18928,2.892687,0.347297,-1.638114,2.026232,0.627287,1.186764
835,27.833333,1,532.437954,409.317327,444.10512,423.808744,488.271537,416.563035,3.079847,-6.574134,-1.547481,13.556618,0.766183,3.491242
836,27.866667,1,533.460054,410.187521,445.358744,424.004695,489.409399,417.096108,3.024411,-3.560496,-1.501835,11.643964,0.761288,4.041734
837,27.9,1,533.964148,407.950741,444.001751,423.034744,488.982949,415.492743,2.977995,-7.365581,-1.555559,10.704728,0.711218,1.669574
838,27.933333,1,534.804544,404.489211,443.32798,419.807414,489.066262,412.148312,2.985189,-1.477869,-1.670044,5.449274,0.657573,1.985703
839,27.966667,1,533.742704,401.608636,443.493261,417.144613,488.617983,409.376625,2.934816,0.793426,-1.695585,3.29744,0.619615,2.045433
840,28.0,1,532.987766,400.41707,442.523127,415.892386,487.755446,408.154728,2.897004,1.25559,-1.71796,1.924502,0.589522,1.590046
841,28.033333,1,532.734547,398.475977,442.686501,415.808229,487.710524,407.142103,2.965529,0.575591,-1.716338,1.927271,0.624595,1.251431
842,28.066667,1,532.529106,397.364899,441.391068,414.646264,486.960087,406.005582,2.930245,0.759276,-1.717131,1.722715,0.606557,1.240995
843,28.1,1,531.736822,396.349168,441.302443,413.676034,486.519632,405.012601,2.950792,0.54354,-1.704836,1.844666,0.622978,1.194103
844,28.133333,1,530.966244,395.485089,439.950247,412.929168,485.458245,404.207128,2.930152,0.47748,-1.709576,1.606594,0.610288,1.042037
845,28.166667,1,529.877853,394.608854,439.199533,411.986436,484.538693,403.297645,2.858366,0.573421,-1.711516,1.525508,0.573425,1.049465
846,28.2,1,528.378944,394.216769,438.794594,410.710155,483.586769,402.463462,2.875627,0.50569,-1.702536,1.292509,0.586545,0.8991
847,28.233333,1,526.754751,393.092376,437.944031,410.323176,482.349391,401.707776,2.875525,0.345261,-1.725621,1.519178,0.574952,0.932219
848,28.266667,1,525.034981,392.393596,436.992464,409.291255,481.013722,400.842426,2.854869,0.443414,-1.715598,1.317251,0.569635,0.880332
849,28.3,1,523.631334,391.858259,435.544901,409.158143,479.588118,400.508201,2.842984,0.477781,-1.710506,1.084722,0.566239,0.781251
850,28.333333,1,522.368574,391.329832,434.56995,408.749385,478.469262,400.039608,2.876988,0.559073,-1.697903,1.299607,0.589543,0.92934
851,28.366667,1,521.309185,391.130823,433.873644,408.853723,477.591414,399.992273,2.948494,0.598528,-1.705207,1.457022,0.621644,1.027775
852,28.4,1,519.69532,390.659055,432.621698,408.811054,476.158509,399.735054,2.962376,0.545262,-1.78158,1.572862,0.590398,1.059062
853,28.433333,1,518.689022,390.40947,430.547199,408.683521,474.618111,399.546495,2.9883,0.510961,-1.770336,1.605215,0.608982,1.058088
854,28.466667,1,517.238941,389.659041,429.474354,409.116644,473.356647,399.387842,3.015997,0.534905,-1.772481,1.72563,0.621758,1.130267
855,28.5,1,516.003532,389.406291,428.362131,409.148895,472.182832,399.277593,2.966631,0.311453,-1.761548,1.70882,0.602542,1.010136
856,28.533333,1,513.999186,389.036146,427.347078,409.04372,470.673132,399.039933,3.025732,0.617599,-1.761678,1.594445,0.632027,1.106022
857,28.566667,1,512.371483,388.535442,426.166582,409.180427,469.269032,398.857934,3.06436,0.472588,-1.784968,1.483539,0.639696,0.978063
858,28.6,1,511.000338,387.902838,424.736261,409.376324,467.868299,398.639581,3.076859,0.245032,-1.797072,1.697118,0.639893,0.971075
859,28.633333,1,510.058327,387.365549,423.911734,409.526024,466.98503,398.445786,3.100062,0.161492,-1.774541,1.195865,0.66276,0.678679
860,28.666667,1,509.299173,387.862755,424.077082,410.159079,466.688128,399.010917,3.066204,0.097551,-1.797737,1.228662,0.634233,0.663106
861,28.7,1,508.693695,388.619878,424.537468,411.613008,466.615582,400.116443,3.077309,0.236058,-1.753908,1.184009,0.6617,0.710033
862,28.733333,1,509.086819,388.81259,424.766722,412.21687,466.92677,400.51473,3.094244,0.188942,-1.778335,1.019862,0.657955,0.604402
863,28.766667,1,510.093613,388.878497,425.309744,412.408712,467.701678,400.643604,3.062377,0.206247,-1.802999,1.146427,0.629689,0.676337
864,28.8,1,511.786575,389.054589,426.669703,412.51128,469.228139,400.782934,3.043573,0.413212,-1.760538,1.029217,0.641518,0.721214
865,28.833333,1,513.228054,389.124337,427.824488,412.502085,470.526271,400.813211,3.045023,0.449829,-1.790778,1.283377,0.627122,0.866603
866,28.866667,1,514.960022,389.588113,428.452644,412.364616,471.706333,400.976365,3.084948,0.42651,-1.810482,1.690227,0.637233,1.058369
867,28.9,1,515.890207,390.618607,428.772402,412.636807,472.331305,401.627707,3.137892,0.489512,-1.780561,1.711246,0.678666,1.100379
868,28.933333,1,516.07523,392.471809,429.15143,413.404552,472.61333,402.938181,3.118263,0.627659,-1.790416,1.475538,0.663924,1.051599
869,28.966667,1,515.82799,394.537572,429.401836,414.606632,472.614913,404.572102,3.010177,0.533165,-1.783194,1.334576,0.613491,0.93387
870,29.0,1,513.624086,398.010582,428.23699,417.127243,470.930538,407.568913,2.930106,0.266132,-1.747171,0.846197,0.591467,0.556164
871,29.033333,1,513.90666,401.105883,428.142643,419.151571,471.024652,410.128727,2.923804,0.58183,-1.784671,0.93697,0.569566,0.7594
872,29.066667,1,514.369898,404.246664,426.709528,422.627585,470.539713,413.437124,2.927136,0.352926,-1.752959,1.371361,0.587088,0.862144
873,29.1,1,514.219542,407.631108,426.222734,425.613184,470.221138,416.622146,2.909352,1.093486,-1.724771,1.537717,0.592291,1.315602
874,29.133333,1,513.874636,409.90149,425.055342,428.14696,469.464989,419.024225,2.84564,1.041365,-1.836969,1.699928,0.504336,1.370646
875,29.166667,1,513.994465,410.858427,424.564238,428.547285,469.279351,419.702856,2.821445,1.33664,-1.872151,1.720276,0.474647,1.528458
876,29.2,1,514.125376,410.751504,424.248009,428.618546,469.186692,419.685025,2.83101,1.316195,-1.839154,1.791427,0.495928,1.553811
877,29.233333,1,514.305887,410.589262,424.138651,427.582709,469.222269,419.085985,2.857715,1.070433,-1.824821,2.011221,0.516447,1.540827
878,29.266667,1,516.778822,411.216052,426.610832,426.978053,471.694827,419.097052,2.90468,0.947094,-1.75107,2.419104,0.576805,1.683099
879,29.3,1,518.925982,411.024413,429.672861,426.319023,474.299421,418.671718,2.945122,1.075656,-1.670562,2.070508,0.63728,1.573082
880,29.333333,1,520.072393,411.160358,430.372772,426.214085,475.222583,418.687221,2.966383,1.238109,-1.70268,2.006611,0.631851,1.62236
881,29.366667,1,520.747242,411.472589,431.494865,425.82392,476.121054,418.648254,2.964621,1.219422,-1.680296,1.920241,0.642163,1.569831
882,29.4,1,520.927515,411.569545,431.78607,424.901143,476.356792,418.235344,2.867744,1.38493,-1.677854,1.762628,0.594945,1.573779
883,29.433333,1,521.628475,411.026645,431.964092,424.344606,476.796284,417.685626,2.856905,1.496012,-1.689498,1.630408,0.583704,1.56321
884,29.466667,1,522.294874,410.415187,432.492962,423.848741,477.393918,417.131964,2.834116,1.389956,-1.667816,1.58446,0.58315,1.487208
885,29.5,1,523.506823,409.989027,433.823547,423.330388,478.665185,416.659707,2.753374,1.204406,-1.666354,1.863512,0.54351,1.533959
886,29.533333,1,528.23534,410.376799,437.400904,422.965447,482.818122,416.671123,2.823165,0.803203,-1.748982,2.725712,0.537091,1.764458
887,29.566667,1,532.385473,410.355148,442.206516,421.288497,487.295995,415.821823,2.95083,0.620341,-1.71291,2.727668,0.61896,1.674004
888,29.6,1,536.440687,410.526488,445.596418,420.20408,491.018553,415.365284,3.02694,0.792168,-1.647032,3.059033,0.689954,1.925601
889,29.633333,1,538.67485,410.741912,448.295164,419.722978,493.485007,415.232445,2.9726,1.320011,-1.664083,3.15829,0.654258,2.239151
890,29.666667,1,542.259827,411.466023,451.970587,418.834158,497.115207,415.15009,2.895178,1.794003,-1.661186,3.134523,0.616996,2.464263
891,29.7,1,544.462223,412.007046,454.051771,418.417643,499.256997,415.212345,2.877729,1.897936,-1.675415,2.086502,0.601157,1.992219
892,29.733333,1,545.125875,412.455983,454.998455,419.116648,500.062165,415.786316,2.804512,2.157684,-1.772995,2.463835,0.515759,2.310759
893,29.766667,1,547.045088,412.600265,457.166376,419.062607,502.105732,415.831436,2.726971,1.94176,-1.774474,2.787922,0.476248,2.364841
894,29.8,1,549.846611,412.776346,459.441347,419.016581,504.643979,415.896463,2.7524,2.162571,-1.768899,2.507452,0.491751,2.335011
895,29.833333,1,552.365522,413.162026,460.744295,419.0915,506.554909,416.126763,2.81329,2.288659,-1.729174,2.632216,0.542058,2.460437
896,29.866667,1,554.462748,414.133126,462.714605,419.633725,508.588676,416.883425,2.849457,2.10771,-1.759187,2.133354,0.545135,2.120532
897,29.9,1,556.659775,415.524752,465.575733,420.014802,511.117754,417.769777,2.856468,3.211579,-1.82077,1.93372,0.517849,2.57265
898,29.933333,1,556.666527,417.648643,466.199284,422.050931,511.432905,419.849787,2.728672,8.186739,-1.908046,2.549901,0.410313,5.36832
899,29.966667,1,555.568399,419.709288,467.456808,423.474948,511.512604,421.592118,2.639161,34.469797,-1.844999,11.898549,0.397081,23.184173
900,30.0,1,556.869192,419.309295,470.897913,422.798581,513.883553,421.053938,2.684415,9.887681,-1.826349,9.034632,0.429033,9.461156
901,30.033333,1,563.081465,419.715264,471.771021,422.410455,517.426243,421.062859,2.868178,4.192528,-1.802098,3.14249,0.53304,3.667509
902,30.066667,1,565.057268,419.401317,473.226681,422.015591,519.141974,420.708454,2.861977,3.693597,-1.809948,2.2572,0.526015,2.975398
903,30.1,1,566.645756,419.456484,474.725676,421.844219,520.685716,420.650352,2.823613,2.94929,-1.756229,1.969843,0.533692,2.459566
904,30.133333,1,568.688011,419.750776,476.403227,421.537331,522.545619,420.644054,2.837117,2.642852,-1.725194,2.024929,0.555962,2.33389
905,30.166667,1,569.305353,419.870843,477.961121,421.469836,523.633237,420.670339,2.809712,2.418664,-1.757836,2.620471,0.525938,2.519567
906,30.2,1,570.171032,419.918307,478.504953,421.828383,524.337993,420.873345,2.776937,2.204113,-1.780394,2.534454,0.498271,2.369283
907,30.233333,1,570.832653,420.252725,479.255953,422.044162,525.044303,421.148443,2.743565,2.051728,-1.768115,2.603173,0.487725,2.32745
908,30.266667,1,571.630163,421.394949,481.47212,423.498273,526.551142,422.446611,2.696782,1.909723,-1.698716,2.050771,0.499033,1.980247
909,30.3,1,572.359867,422.265862,481.540794,423.490258,526.950331,422.87806,2.684399,2.010372,-1.783289,2.283962,0.450555,2.147167
910,30.333333,1,572.886715,422.563523,482.209101,423.6812,527.547908,423.122361,2.706017,2.067249,-1.771616,2.295975,0.4672,2.181612
911,30.366667,1,572.916079,422.652476,482.621737,423.754671,527.768908,423.203573,2.682164,2.010778,-1.780452,2.417701,0.450856,2.21424
912,30.4,1,573.216743,422.632209,482.568665,423.579855,527.892704,423.106032,2.673684,2.006215,-1.786592,2.494623,0.443546,2.250419
913,30.433333,1,573.491335,422.443274,482.366562,423.367842,527.928948,422.905558,2.676383,2.110321,-1.757844,2.293499,0.45927,2.20191
914,30.466667,1,573.425283,422.292008,482.26984,423.299178,527.847562,422.795593,2.691405,2.190824,-1.746036,2.169588,0.472684,2.180206
915,30.5,1,572.749567,422.47471,481.734209,423.438277,527.241888,422.956493,2.686751,2.191656,-1.761696,2.460913,0.462527,2.326284
916,30.533333,1,570.422287,422.736654,480.918941,424.575673,525.670614,423.656164,2.741726,3.184723,-1.695903,3.243526,0.522912,3.214124
917,30.566667,1,564.836903,425.094938,477.073078,426.804771,520.95499,425.949855,2.531084,14.219965,-1.724982,6.498041,0.403051,10.359003
918,30.6,1,562.611895,425.31032,475.762472,427.780141,519.187183,426.54523,2.50094,11.482891,-1.662629,7.114926,0.419156,9.298909
919,30.633333,1,561.194696,423.842797,473.492241,426.374438,517.343469,425.108618,2.616641,17.044699,-1.703369,34.19173,0.456636,25.618214
920,30.666667,1,560.987244,422.25287,468.788977,425.423466,514.88811,423.838168,2.733451,12.535579,-1.955308,7.615726,0.389071,10.075653
921,30.7,1,560.837002,421.478194,468.447561,424.282293,514.642282,422.880244,2.79141,3.03842,-1.95462,5.823018,0.418395,4.430719
922,30.733333,1,559.633112,421.161275,467.785788,423.779132,513.70945,422.470204,2.781619,2.637903,-1.938209,3.387307,0.421705,3.012605
923,30.766667,1,559.37645,420.674003,466.756735,423.509088,513.066592,422.091545,2.769476,2.540899,-1.967858,2.978118,0.400809,2.759509
924,30.8,1,558.121634,420.610778,465.977221,423.222735,512.049427,421.916757,2.784795,2.518657,-1.911384,2.36801,0.436706,2.443334
925,30.833333,1,557.084827,420.430373,465.38413,423.125339,511.234479,421.777856,2.793728,2.665969,-1.889568,1.985608,0.45208,2.325789
926,30.866667,1,556.518106,420.132176,464.820452,423.117131,510.669279,421.624653,2.76756,2.348043,-1.912754,2.052303,0.427403,2.200173
927,30.9,1,556.070604,420.195454,464.358006,422.947272,510.214305,421.571363,2.780502,2.482542,-1.895707,1.955688,0.442397,2.219115
928,30.933333,1,555.320683,419.931321,463.658895,423.136529,509.489789,421.533925,2.789962,2.475469,-1.898815,2.058482,0.445573,2.266976
929,30.966667,1,554.698143,419.596678,462.890568,423.381221,508.794355,421.48895,2.771954,2.578364,-1.918494,2.21965,0.42673,2.399007
930,31.0,1,554.026194,419.52178,462.257528,423.289608,508.141861,421.405694,2.757747,2.815253,-1.92623,2.165047,0.415759,2.49015
931,31.033333,1,553.650942,419.452053,461.696444,423.640419,507.673693,421.546236,2.72326,2.736041,-1.962949,2.129628,0.380156,2.432834
932,31.066667,1,552.792358,419.658852,461.05114,423.659742,506.921749,421.659297,2.736748,2.877916,-1.961797,2.090447,0.387476,2.484181
933,31.1,1,550.562897,419.882301,458.962221,423.932726,504.762559,421.907514,2.748492,3.167919,-1.989253,1.869398,0.37962,2.518658
934,31.133333,1,548.183537,419.893491,456.92173,425.286909,502.552633,422.5902,2.719633,3.803777,-2.004875,2.122454,0.357379,2.963116
935,31.166667,1,546.135206,422.945995,458.284426,428.155618,502.209816,425.550807,2.613822,38.685111,-1.934953,5.501511,0.339434,22.093311
936,31.2,1,545.433245,424.203297,458.170681,428.990053,501.801963,426.596675,2.576225,61.952536,-1.887283,9.166428,0.344471,35.559482
937,31.233333,1,545.548077,422.459013,454.387627,428.976878,499.967852,425.717946,2.686415,18.300495,-1.977907,9.318019,0.354254,13.809257
938,31.266667,1,545.515108,422.430046,454.38983,428.953232,499.952469,425.691639,2.684694,17.450398,-1.978018,8.739055,0.353338,13.094726
939,31.3,1,544.531822,421.18034,452.477226,427.26168,498.504524,424.22101,2.711451,8.519703,-2.028181,5.285855,0.341635,6.902779
940,31.333333,1,543.531122,420.580083,450.604706,426.965543,497.067914,423.772813,2.747494,3.839864,-2.0133,2.230071,0.367097,3.034967
941,31.366667,1,542.820187,420.347761,449.522524,426.279573,496.171355,423.313667,2.788126,2.659184,-1.958334,2.227977,0.414896,2.443581
942,31.4,1,542.475615,420.01771,448.125267,426.254575,495.300441,423.136142,2.787186,2.702166,-1.968276,2.041361,0.409455,2.371763
943,31.433333,1,541.860104,419.919015,447.39296,426.339633,494.626532,423.129324,2.831294,2.597708,-1.923064,2.049714,0.454115,2.323711
944,31.466667,1,541.041422,419.858429,446.426497,426.969995,493.733959,423.414212,2.85519,2.865205,-1.904882,1.924681,0.475154,2.394943
945,31.5,1,539.88801,419.835749,445.322237,427.473993,492.605124,423.654871,2.886203,2.584906,-1.902124,1.949386,0.492039,2.267146
946,31.533333,1,538.64193,419.625839,444.640675,427.350751,491.641302,423.488295,2.857982,2.41306,-1.884918,2.122353,0.486532,2.267707
947,31.566667,1,538.172083,419.629691,443.923483,427.405651,491.047783,423.517671,2.870695,2.333027,-1.850381,2.327764,0.510157,2.330395
948,31.6,1,536.703777,419.618919,443.060055,427.554245,489.881916,423.586582,2.850476,1.963285,-1.817364,2.154555,0.516556,2.05892
949,31.633333,1,535.527735,419.417785,442.448378,427.274802,488.988056,423.346294,2.830272,1.921313,-1.746046,2.176914,0.542113,2.049113
950,31.666667,1,534.626169,419.431787,441.629467,427.511244,488.127818,423.471515,2.828771,1.995581,-1.764059,2.094182,0.532356,2.044882
951,31.7,1,533.717012,419.387434,440.667686,427.637469,487.192349,423.512451,2.822472,1.859971,-1.75725,1.918436,0.532611,1.889204
952,31.733333,1,532.689314,419.669484,439.859142,427.810299,486.274228,423.739892,2.853706,1.803333,-1.729942,1.778112,0.561882,1.790723
953,31.766667,1,531.427259,419.834847,439.131746,428.080548,485.279503,423.957698,2.866001,1.653546,-1.709878,1.643388,0.578062,1.648467
954,31.8,1,530.714254,419.813368,438.299475,428.010499,484.506865,423.911934,2.843383,1.774286,-1.696795,1.846551,0.573294,1.810418
955,31.833333,1,529.960356,419.911366,437.38986,427.945729,483.675108,423.928548,2.92307,1.761565,-1.667509,1.847553,0.62778,1.804559
956,31.866667,1,529.225321,419.777759,436.467924,427.812907,482.846622,423.795333,2.970421,1.706951,-1.666437,1.744946,0.651992,1.725948
957,31.9,1,528.378372,419.308834,435.892382,427.807199,482.135377,423.558016,3.011585,1.659418,-1.638818,1.711296,0.686383,1.685357
958,31.933333,1,527.790642,419.369452,435.090618,427.941256,481.44063,423.655354,2.986711,1.599446,-1.631379,1.931643,0.677666,1.765545
959,31.966667,1,527.411871,419.24268,434.461975,427.978989,480.936923,423.610834,3.030797,1.692381,-1.647121,1.884043,0.691838,1.788212
960,32.0,1,526.948605,419.225471,433.758736,428.137776,480.35367,423.681623,2.988068,1.51709,-1.658111,1.866498,0.664979,1.691794
961,32.033333,1,526.460648,419.343606,433.224554,428.190304,479.842601,423.766955,3.018097,1.53749,-1.64617,1.818983,0.685964,1.678236
962,32.066667,1,526.17836,419.328843,432.829599,428.292646,479.50398,423.810745,3.012978,1.566671,-1.638362,1.86847,0.687308,1.717571
963,32.1,1,526.046038,419.230739,432.423067,428.44521,479.234552,423.837975,2.971647,1.442189,-1.648132,1.870984,0.661757,1.656586
964,32.133333,1,525.65568,419.069442,432.147827,428.508457,478.901753,423.788949,2.994941,1.36508,-1.649797,1.801588,0.672572,1.583334
965,32.166667,1,525.276127,418.863544,431.945915,428.348318,478.611021,423.605931,3.009581,1.337188,-1.640369,1.778511,0.684606,1.55785
966,32.2,1,525.030451,418.842419,431.726723,428.536277,478.378587,423.689348,3.00253,1.298935,-1.639538,1.787305,0.681496,1.54312
967,32.233333,1,524.870157,418.811456,431.342678,428.546469,478.106418,423.678963,3.016366,1.225854,-1.639424,1.785235,0.688471,1.505544
968,32.266667,1,524.477739,418.481952,430.933323,428.227458,477.705531,423.354705,3.01575,1.316924,-1.639777,1.709698,0.687987,1.513311
969,32.3,1,524.384813,418.504289,430.623341,428.396727,477.504077,423.450508,3.006099,1.2424,-1.653996,1.739069,0.676051,1.490734
970,32.333333,1,523.934898,418.291719,430.417643,428.39678,477.17627,423.34425,3.009963,1.258634,-1.63776,1.714673,0.686102,1.486654
971,32.366667,1,523.627234,418.197531,430.029211,428.440361,476.828222,423.318946,2.987888,1.292358,-1.6402,1.675898,0.673844,1.484128
972,32.4,1,523.022795,417.773806,429.436903,428.537993,476.229849,423.1559,2.947533,1.201235,-1.643278,1.669678,0.652128,1.435457
973,32.433333,1,522.479219,417.541173,428.755007,428.758203,475.617113,423.149688,2.957149,1.152443,-1.655613,1.656513,0.650768,1.404478
974,32.466667,1,521.418352,417.153379,428.162918,428.807545,474.790635,422.980462,2.969862,1.153,-1.652952,1.738786,0.658455,1.445893
975,32.5,1,520.435925,417.288927,427.323809,429.150277,473.879867,423.219602,2.953559,1.097537,-1.672716,1.751486,0.640422,1.424512
976,32.533333,1,518.833084,417.531667,426.550407,429.836848,472.691746,423.684257,2.881302,1.2444,-1.679393,1.688722,0.600954,1.466561
977,32.566667,1,516.025152,419.929057,426.372414,432.924843,471.198783,426.42695,2.881904,6.393791,-1.700151,3.84319,0.590876,5.118491
978,32.6,1,513.987169,423.537841,427.439585,436.199863,470.713377,429.868852,2.774928,16.099434,-1.691087,16.064816,0.54192,16.082125
979,32.633333,1,515.126352,423.509002,427.098322,436.180615,471.112337,429.844809,2.830714,14.313741,-1.669858,13.309491,0.580428,13.811616
980,32.666667,1,514.216127,421.9754,423.909426,434.957936,469.062777,428.466668,2.832001,10.150987,-1.719625,18.365161,0.556188,14.258074
981,32.7,1,515.605516,421.217676,424.280167,433.763205,469.942842,427.490441,2.881337,4.173683,-1.73737,3.970663,0.571984,4.072173
982,32.733333,1,515.228148,420.781828,423.742075,433.037506,469.485111,426.909667,2.892668,2.131813,-1.739357,2.114318,0.576656,2.123065
983,32.766667,1,515.102358,420.354767,423.68207,432.589298,469.392214,426.472033,2.865218,1.743064,-1.717785,1.809026,0.573717,1.776045
984,32.8,1,515.050716,420.274687,423.868437,432.270159,469.459577,426.272423,2.846924,1.630235,-1.691646,1.557947,0.577639,1.594091
985,32.833333,1,514.915199,420.176185,423.294878,432.062309,469.105039,426.119247,2.83233,1.401418,-1.683322,1.385447,0.574504,1.393432
986,32.866667,1,515.150728,420.004481,423.588648,432.031635,469.369688,426.018058,2.880413,1.302448,-1.658825,1.448885,0.610794,1.375667
987,32.9,1,514.912405,420.073693,422.9673,432.030948,468.939853,426.052321,2.885106,1.229034,-1.635169,1.46819,0.624968,1.348612
988,32.933333,1,515.180178,420.042,423.274889,431.965567,469.227533,426.003783,2.885702,1.290157,-1.640893,1.418122,0.622405,1.35414
989,32.966667,1,515.132074,420.176679,423.648748,432.232554,469.390411,426.204616,2.885066,1.147743,-1.619055,1.461918,0.633005,1.30483
990,33.0,1,515.579243,420.185734,424.476547,432.278967,470.027895,426.23235,2.827317,1.35135,-1.623744,1.296447,0.601786,1.323899
991,33.033333,1,516.46101,420.20864,424.950228,432.103111,470.705619,426.155875,2.843119,1.478526,-1.650983,1.218,0.596068,1.348263
992,33.066667,1,517.144899,420.107564,425.591269,431.939635,471.368084,426.0236,2.826325,1.553134,-1.615714,1.354355,0.605305,1.453745
993,33.1,1,518.251352,419.93675,426.552486,432.279836,472.401919,426.108293,2.849521,1.226678,-1.615605,1.381177,0.616958,1.303927
994,33.133333,1,519.319715,419.986392,426.952085,432.246598,473.1359,426.116495,2.82192,1.322298,-1.653431,1.404862,0.584244,1.36358
995,33.166667,1,519.745827,420.403165,427.481184,432.369626,473.613505,426.386395,2.820552,1.295837,-1.649939,1.228345,0.585306,1.262091
996,33.2,1,520.72464,420.142593,428.639793,432.038019,474.682217,426.090306,2.797708,1.266899,-1.66219,1.243776,0.567759,1.255338
997,33.233333,1,521.186056,420.06231,428.666925,431.769004,474.926491,425.915657,2.828985,1.304683,-1.668439,1.310749,0.580273,1.307716
998,33.266667,1,520.909166,420.302474,428.659286,431.505568,474.784226,425.904021,2.828744,1.181826,-1.65417,1.176292,0.587287,1.179059
999,33.3,1,520.729933,420.571243,428.407459,431.454531,474.568696,426.012887,2.832138,1.211294,-1.638763,1.211877,0.596687,1.211585
1000,33.333333,1,520.267906,420.746895,427.849054,432.075065,474.05848,426.41098,2.832027,1.211881,-1.643923,1.221679,0.594052,1.21678
1001,33.366667,1,519.224644,421.746157,427.369385,432.659186,473.297014,427.202672,2.808814,1.339846,-1.638716,1.432531,0.585049,1.386188
1002,33.4,1,518.336744,422.620032,426.746845,433.525872,472.541795,428.072952,2.795437,1.54355,-1.653474,1.690185,0.570981,1.616868
1003,33.433333,1,517.663612,423.963969,426.136284,435.177255,471.899948,429.570612,2.836178,1.547054,-1.593681,1.704287,0.621248,1.62567
1004,33.466667,1,517.67664,424.379818,426.121521,435.421497,471.89908,429.900658,2.795058,1.458895,-1.630847,1.525956,0.582105,1.492425
1005,33.5,1,517.659388,424.289525,426.244669,435.337468,471.952028,429.813496,2.780258,1.433103,-1.636572,1.370012,0.571843,1.401557
1006,33.533333,1,518.25366,423.822906,426.410122,435.109845,472.331891,429.466376,2.782041,1.498157,-1.639071,1.472937,0.571485,1.485547
1007,33.566667,1,518.816442,423.649753,427.608719,434.63414,473.212581,429.141946,2.810818,1.620649,-1.583802,1.493232,0.613508,1.556941
1008,33.6,1,518.340387,423.766032,427.086525,434.608015,472.713456,429.187024,2.792566,1.739942,-1.578698,1.528606,0.606934,1.634274
1009,33.633333,1,517.73612,423.82194,426.569214,434.996667,472.152667,429.409304,2.81395,1.673454,-1.55516,1.631604,0.629395,1.652529
1010,33.666667,1,516.98184,423.659302,425.513067,435.766332,471.247454,429.712817,2.84038,1.6433,-1.544406,1.714845,0.647987,1.679072
1011,33.7,1,516.226864,423.586636,425.559807,435.868696,470.893335,429.727666,2.838675,1.581668,-1.513215,1.688149,0.66273,1.634909
1012,33.733333,1,515.859337,423.245856,424.817352,435.648251,470.338345,429.447053,2.858521,1.600989,-1.520529,1.724634,0.668996,1.662812
1013,33.766667,1,515.245428,423.186622,424.2414,435.767684,469.743414,429.477153,2.869246,1.487821,-1.517192,1.650805,0.676027,1.569313
1014,33.8,1,514.893246,422.701067,423.248291,435.988054,469.070768,429.344561,2.892675,1.388022,-1.523389,1.797263,0.684643,1.592643
1015,33.833333,1,514.494801,422.182714,422.576962,436.08692,468.535881,429.134817,2.946688,1.276504,-1.521355,1.795066,0.712666,1.535785
1016,33.866667,1,513.872871,422.248192,419.930668,437.562532,466.90177,429.905362,2.947261,1.358298,-1.568997,1.873978,0.689132,1.616138
1017,33.9,1,512.553835,422.391851,419.893217,437.740631,466.223526,430.066241,2.927894,1.233132,-1.529802,2.030198,0.699046,1.631665
1018,33.933333,1,511.671124,422.410519,418.370581,438.112149,465.020852,430.261334,2.942656,1.243582,-1.547613,2.093332,0.697522,1.668457
1019,33.966667,1,509.819431,423.788091,417.642088,440.374228,463.73076,432.081159,3.026051,1.266436,-1.568314,2.854494,0.728868,2.060465
1020,34.0,1,504.115505,427.454027,417.544661,444.758492,460.830083,436.106259,2.869197,3.328265,-1.509369,3.100261,0.679914,3.214263
1021,34.033333,1,504.041958,427.98666,415.994215,445.333139,460.018086,436.659899,2.868013,4.705761,-1.543539,4.296215,0.662237,4.500988
1022,34.066667,1,504.001741,426.324259,413.603258,443.766267,458.8025,435.045263,2.975558,2.962429,-1.564887,4.258502,0.705335,3.610465
1023,34.1,1,504.086533,425.633494,413.894606,441.952289,458.990569,433.792892,3.010708,1.755039,-1.550979,3.371656,0.729865,2.563347
1024,34.133333,1,504.243097,424.906819,413.84181,441.169235,459.042454,433.038027,2.984061,1.603658,-1.537819,2.992074,0.723121,2.297866
1025,34.166667,1,504.50983,424.309663,413.646355,440.704772,459.078093,432.507218,3.058904,1.415657,-1.497821,2.64147,0.780542,2.028564
1026,34.2,1,504.205599,423.493981,413.296032,440.442002,458.750815,431.967992,3.054798,1.188956,-1.48906,2.616044,0.782869,1.9025
1027,34.233333,1,503.725033,422.954503,412.814846,440.164222,458.269939,431.559362,3.047479,1.238448,-1.490048,2.577594,0.778716,1.908021
1028,34.266667,1,503.341417,422.805244,412.568359,440.090729,457.954888,431.447986,3.064132,1.150312,-1.491007,2.482576,0.786563,1.816444
1029,34.3,1,502.910261,422.377131,412.076244,439.945643,457.493253,431.161387,3.056526,0.960897,-1.497443,2.593729,0.779542,1.777313
1030,34.333333,1,502.543783,422.188668,411.682911,440.126467,457.113347,431.157568,3.055079,1.071226,-1.504281,2.622069,0.775399,1.846648
1031,34.366667,1,502.536621,422.281945,411.101742,440.051687,456.819181,431.166816,3.062791,1.067092,-1.511506,2.579718,0.775643,1.823405
1032,34.4,1,502.337179,422.211671,411.623554,440.128763,456.980367,431.170217,3.076008,1.147318,-1.491162,2.522367,0.792423,1.834843
1033,34.433333,1,501.641817,422.33605,410.377693,440.4277,456.009755,431.381875,3.088052,1.146791,-1.486051,2.480561,0.801,1.813676
1034,34.466667,1,499.707012,422.717181,408.491716,441.36436,454.099364,432.040771,3.021778,1.159568,-1.481374,1.986279,0.770202,1.572924
1035,34.5,1,499.335194,422.618712,408.132401,441.369896,453.733797,431.994304,3.000892,1.067834,-1.49464,2.011088,0.753126,1.539461
1036,34.533333,1,498.503389,422.874691,407.350855,442.073289,452.927122,432.47399,2.970584,1.137923,-1.520234,2.028875,0.725175,1.583399
1037,34.566667,1,497.867718,422.920568,406.52874,443.321965,452.198229,433.121266,2.925516,0.875625,-1.531325,2.133393,0.697096,1.504509
1038,34.6,1,497.22393,422.811456,405.817966,443.65679,451.520948,433.234123,2.972385,1.026565,-1.562925,2.008187,0.70473,1.517376
1039,34.633333,1,496.771946,422.830467,404.616804,444.265469,450.694375,433.547968,2.959062,0.894487,-1.595487,2.012299,0.681787,1.453393
1040,34.666667,1,496.311073,422.815028,404.42049,444.116939,450.365782,433.465984,2.966805,0.969951,-1.599203,2.026436,0.683801,1.498194
1041,34.7,1,495.983028,422.965618,404.257269,443.460914,450.120149,433.213266,2.968216,1.063554,-1.594632,1.942888,0.686792,1.503221
1042,34.733333,1,494.70891,422.879262,403.148842,443.522154,448.928876,433.200708,2.905417,1.22807,-1.634967,1.975404,0.635225,1.601737
1043,34.766667,1,491.226978,422.951177,401.449022,442.73778,446.338,432.844478,2.805307,1.039423,-1.704579,1.838278,0.550364,1.438851
1044,34.8,1,491.121445,423.056277,400.689802,441.831,445.905623,432.443638,2.811158,1.255268,-1.691943,1.80145,0.559607,1.528359
1045,34.833333,1,491.225901,423.08399,400.340357,441.98557,445.783129,432.53478,2.779223,1.324352,-1.702651,1.798854,0.538286,1.561603
1046,34.866667,1,490.974274,422.976197,400.090303,442.227323,445.532289,432.60176,2.769747,1.326048,-1.698399,1.931415,0.535674,1.628732
1047,34.9,1,490.676126,423.008609,399.981842,442.504309,445.328984,432.756459,2.769108,1.352462,-1.675629,1.901985,0.54674,1.627223
1048,34.933333,1,490.059729,422.87791,398.568916,442.731568,444.314322,432.804739,2.753405,1.310797,-1.706407,1.933436,0.523499,1.622116
1049,34.966667,1,487.192335,423.665653,396.537552,443.863267,441.864944,433.76446,2.765359,1.161249,-1.741991,1.968914,0.511684,1.565081
1050,35.0,1,485.807648,424.304835,395.097771,444.405921,440.452709,434.355378,2.74998,1.210209,-1.760955,2.181153,0.494513,1.695681
1051,35.033333,1,483.954945,424.827683,394.278479,444.690353,439.116712,434.759018,2.728163,1.30424,-1.742891,2.268651,0.492636,1.786446
1052,35.066667,1,483.080168,425.157037,393.956594,444.827768,438.518381,434.992402,2.731015,1.345841,-1.733735,2.321442,0.49864,1.833641
1053,35.1,1,482.196054,425.445718,393.327122,444.924756,437.761588,435.185237,2.738461,1.332236,-1.724049,2.112291,0.507206,1.722263
1054,35.133333,1,482.090282,425.383812,393.472996,444.585811,437.781639,434.984812,2.747118,1.297004,-1.710594,2.110098,0.518262,1.703551
1055,35.166667,1,481.931086,425.206132,393.021736,444.717765,437.476411,434.961948,2.750549,1.305283,-1.725249,2.03816,0.51265,1.671722
1056,35.2,1,482.331705,425.178645,393.457851,444.800237,437.894778,434.989441,2.743547,1.239053,-1.725075,1.970804,0.509236,1.604928
1057,35.233333,1,482.856541,425.25188,393.412361,444.881701,438.134451,435.066791,2.732902,1.191465,-1.733219,1.925005,0.499842,1.558235
1058,35.266667,1,483.722324,424.981288,393.93981,444.315273,438.831067,434.64828,2.743356,1.222979,-1.728133,1.945089,0.507612,1.584034
1059,35.3,1,484.635315,424.771936,395.012665,444.380579,439.82399,434.576257,2.767054,1.215146,-1.728782,2.0555,0.519136,1.635323
1060,35.333333,1,485.676441,424.647042,395.753031,443.91881,440.714736,434.282926,2.810469,1.2698,-1.723785,2.002847,0.543342,1.636323
1061,35.366667,1,486.436872,424.543337,396.819887,443.638777,441.62838,434.091057,2.845575,1.284344,-1.720214,1.910536,0.56268,1.59744
1062,35.4,1,487.323513,424.444234,397.703304,442.612531,442.513409,433.528383,2.838934,1.426874,-1.706984,1.833206,0.565975,1.63004
1063,35.433333,1,487.613382,424.092103,397.234488,443.164154,442.423935,433.628129,2.8006,1.217917,-1.73081,1.99597,0.534895,1.606944
1064,35.466667,1,487.983761,424.130416,397.973375,442.606641,442.978568,433.368528,2.810426,1.323849,-1.726034,1.892606,0.542196,1.608228
1065,35.5,1,488.313532,423.876926,398.373346,442.637197,443.343439,433.257061,2.80836,1.16711,-1.741419,1.78253,0.533471,1.47482
1066,35.533333,1,488.906078,423.686188,399.175568,441.759964,444.040823,432.723076,2.813879,1.182392,-1.727165,1.82067,0.543357,1.501531
1067,35.566667,1,489.471216,423.39902,399.872389,441.029609,444.671803,432.214315,2.846056,1.169453,-1.729225,1.948775,0.558415,1.559114
1068,35.6,1,490.15933,423.020078,400.524721,440.12048,445.342026,431.570279,2.857708,1.139776,-1.733516,1.923097,0.562096,1.531437
1069,35.633333,1,490.724535,422.683278,401.186972,439.738169,445.955753,431.210724,2.882797,0.994959,-1.721072,1.934785,0.580863,1.464872
1070,35.666667,1,491.065598,422.321963,401.860819,439.13744,446.463208,430.729702,2.886157,0.973022,-1.688065,1.899174,0.599046,1.436098
1071,35.7,1,491.796598,422.127224,402.635794,438.784976,447.216196,430.4561,2.827769,0.895479,-1.700604,1.816899,0.563583,1.356189
1072,35.733333,1,493.290806,421.654919,402.990532,438.303015,448.140669,429.978967,2.845278,1.032638,-1.715837,1.864187,0.564721,1.448413
1073,35.766667,1,494.617004,421.430086,403.891478,437.502934,449.254241,429.46651,2.815116,0.986862,-1.699888,1.914542,0.557614,1.450702
1074,35.8,1,495.541315,420.877197,404.800892,436.532296,450.171103,428.704746,2.808527,1.069129,-1.7087,1.771535,0.549914,1.420332
1075,35.833333,1,496.418524,420.607045,405.003128,435.634357,450.710826,428.120701,2.799229,1.191825,-1.745862,1.745524,0.526683,1.468674
1076,35.866667,1,497.289076,420.572337,405.89592,435.6082,451.592498,428.090268,2.763176,1.446995,-1.746755,1.876665,0.508211,1.66183
1077,35.9,1,498.494644,420.963188,407.023973,436.176571,452.759309,428.56988,2.8289,1.631337,-1.742079,1.992739,0.543411,1.812038
1078,35.933333,1,501.836615,422.02795,410.412455,436.780261,456.124535,429.404106,2.917935,2.500141,-1.667223,2.787589,0.625356,2.643865
1079,35.966667,1,504.388676,423.110297,415.349817,437.59518,459.869246,430.352738,2.920441,7.484187,-1.553388,3.747146,0.683527,5.615666
1080,36.0,1,505.008268,423.204829,417.153587,437.372192,461.080928,430.28851,2.992536,1.019806,-1.56158,4.676858,0.715478,2.848332
1081,36.033333,1,506.616745,422.746568,417.163992,436.845739,461.890368,429.796153,3.003596,1.027368,-1.586299,5.819135,0.708649,3.423252
1082,36.066667,1,509.33362,422.403942,420.436182,435.715306,464.884901,429.059624,3.039285,1.764013,-1.550054,4.746725,0.744616,3.255369
1083,36.1,1,512.160826,421.714325,421.605482,435.004896,466.883154,428.35961,3.080337,1.589112,-1.567978,3.445285,0.756179,2.517199
1084,36.133333,1,513.473186,421.515112,422.107286,434.275947,467.790236,427.895529,3.033877,1.71918,-1.555586,2.963002,0.739146,2.341091
1085,36.166667,1,514.176073,421.264036,422.884474,433.712028,468.530273,427.488032,3.0747,1.298507,-1.527718,2.806024,0.773491,2.052266
1086,36.2,1,515.135689,421.462852,423.403616,433.718187,469.269652,427.590519,3.102195,1.06254,-1.524386,2.547553,0.788905,1.805046
1087,36.233333,1,515.66638,421.760448,424.10471,433.736233,469.885545,427.74834,3.110122,0.966499,-1.525005,2.46991,0.792559,1.718204
1088,36.266667,1,516.494608,422.060995,424.405985,433.580579,470.450296,427.820787,3.122074,1.154051,-1.560744,2.482109,0.780665,1.81808
1089,36.3,1,517.186089,422.002641,424.94215,433.427124,471.064119,427.714882,3.09847,1.300217,-1.561422,2.510307,0.768524,1.905262
1090,36.333333,1,518.626928,422.204515,426.749563,433.37127,472.688246,427.787892,3.066044,1.713966,-1.567829,2.645981,0.749107,2.179973
1091,36.366667,1,520.576248,422.405831,429.672842,432.868173,475.124545,427.637002,3.087008,1.595781,-1.494958,2.335769,0.796025,1.965775
1092,36.4,1,521.64669,422.227796,430.292683,432.636312,475.969687,427.432054,3.061561,1.693309,-1.506021,2.077352,0.77777,1.88533
1093,36.433333,1,522.543221,422.318509,430.904827,432.952985,476.724024,427.635747,3.033592,1.590311,-1.50101,2.126683,0.766291,1.858497
1094,36.466667,1,523.355532,421.96288,432.007971,433.112319,477.681751,427.537599,2.996982,1.5686,-1.518535,2.38809,0.739223,1.978345
1095,36.5,1,525.170984,422.027618,433.031988,433.426309,479.101486,427.726963,2.923195,1.430356,-1.558995,2.182199,0.6821,1.806278
1096,36.533333,1,526.383238,421.927325,433.899336,433.244412,480.141287,427.585868,2.922863,1.514577,-1.559758,2.339304,0.681553,1.926941
1097,36.566667,1,526.871939,422.104383,434.680691,432.988486,480.776315,427.546434,2.951805,1.445327,-1.554122,2.15377,0.698841,1.799549
1098,36.6,1,527.220621,422.059128,434.972687,432.7352,481.096654,427.397164,2.959147,1.325408,-1.564879,2.242015,0.697134,1.783712
1099,36.633333,1,527.378435,422.300645,435.084009,432.81027,481.231222,427.555457,2.954076,1.39971,-1.562571,2.274231,0.695753,1.836971
1100,36.666667,1,527.205324,422.112794,435.142326,432.747452,481.173825,427.430123,2.960124,1.392018,-1.558708,2.271685,0.700708,1.831851
1101,36.7,1,527.165985,422.115165,435.365095,432.75331,481.26554,427.434238,2.952656,1.441169,-1.550792,2.215866,0.700932,1.828517
1102,36.733333,1,527.279797,422.067422,435.667944,432.754898,481.47387,427.41116,2.975784,1.506137,-1.539085,2.10664,0.718349,1.806388
1103,36.766667,1,527.644444,422.427664,436.081009,432.746572,481.862726,427.587118,2.959841,1.511824,-1.541167,2.100826,0.709337,1.806325
1104,36.8,1,528.430605,422.699779,436.718273,432.844752,482.574439,427.772266,2.947031,1.306415,-1.525633,2.119555,0.710699,1.712985
1105,36.833333,1,528.99004,422.727953,436.781139,432.843776,482.88559,427.785864,2.958727,1.320534,-1.531964,2.003581,0.713382,1.662057
1106,36.866667,1,529.23769,422.386476,437.194166,432.705621,483.215928,427.546048,2.923923,1.280054,-1.553056,2.111217,0.685433,1.695635
1107,36.9,1,528.831158,423.652489,439.887362,434.886675,484.35926,429.269582,3.008989,1.32377,-1.517789,3.65109,0.7456,2.48743
1108,36.933333,1,521.172781,425.939802,432.299166,439.248161,476.735973,432.593982,2.792775,15.957148,-1.715954,4.811177,0.538411,10.384163
1109,36.966667,1,521.403465,428.107027,433.579292,440.904415,477.491379,434.505721,2.781477,4.66366,-1.652672,9.014078,0.564403,6.838869
1110,37.0,1,521.689596,427.984332,433.446894,440.327193,477.568245,434.155762,2.779091,15.699175,-1.670147,9.077001,0.554472,12.388088
1111,37.033333,1,522.288866,426.736922,432.271404,439.492768,477.280135,433.114845,2.811748,19.835418,-1.706908,9.053603,0.55242,14.444511
1112,37.066667,1,526.660604,426.304336,433.66169,436.988626,480.161147,431.646481,2.910304,8.866744,-1.680259,8.367465,0.615023,8.617105
1113,37.1,1,528.808899,425.730611,435.943022,435.487661,482.37596,430.609136,3.007076,4.921984,-1.650539,5.164552,0.678269,5.043268
1114,37.133333,1,529.226084,424.953382,436.47089,434.345341,482.848487,429.649361,3.000179,2.857762,-1.646316,4.677257,0.676931,3.76751
1115,37.166667,1,529.635124,423.982626,437.122965,433.412983,483.379045,428.697805,3.008829,1.765681,-1.649188,4.194917,0.67982,2.980299
1116,37.2,1,530.230799,423.651395,436.821394,432.656955,483.526096,428.154175,3.023019,1.607498,-1.657484,3.195171,0.682768,2.401335
1117,37.233333,1,530.536718,423.009703,436.833448,431.848955,483.685083,427.429329,3.033153,1.585609,-1.670624,3.388348,0.681265,2.486978
1118,37.266667,1,530.52434,422.349236,436.808577,431.012288,483.666458,426.680762,2.971183,1.609189,-1.677855,2.941881,0.646664,2.275535
1119,37.3,1,530.55685,421.694402,436.986303,430.171008,483.771577,425.932705,2.912851,1.387065,-1.683423,2.716405,0.614714,2.051735
1120,37.333333,1,530.703669,421.18682,437.177258,429.758195,483.940463,425.472507,2.910816,1.356983,-1.674456,2.698954,0.61818,2.027968
1121,37.366667,1,530.931673,420.548025,437.673426,429.398232,484.302549,424.973128,2.92773,1.113758,-1.662419,2.818825,0.632655,1.966292
1122,37.4,1,531.287003,420.622902,437.912788,428.816096,484.599895,424.719499,2.974542,1.194968,-1.670651,2.464113,0.651945,1.829541
1123,37.433333,1,531.683311,420.610156,438.011122,428.651762,484.847217,424.630959,2.967727,1.19643,-1.683914,2.663218,0.641906,1.929824
1124,37.466667,1,531.674194,420.517062,438.111019,428.739331,484.892607,424.628196,2.945701,1.220022,-1.680847,2.611556,0.632427,1.915789
1125,37.5,1,531.681461,420.372545,438.018656,428.701168,484.850059,424.536856,2.922154,1.204452,-1.680774,2.549074,0.62069,1.876763
1126,37.533333,1,531.430731,420.45992,437.519226,428.679764,484.474978,424.569842,2.889341,1.239576,-1.693879,2.508069,0.597731,1.873822
1127,37.566667,1,531.223497,420.591896,436.776094,429.058664,483.999796,424.82528,2.886136,1.254665,-1.716409,2.542039,0.584864,1.898352
1128,37.6,1,531.091585,420.746562,436.801844,429.164826,483.946714,424.955694,2.948242,1.365701,-1.698896,2.610667,0.624673,1.988184
1129,37.633333,1,531.079712,420.613482,437.171211,429.009011,484.125462,424.811246,2.993048,1.363156,-1.687137,2.653208,0.652956,2.008182
1130,37.666667,1,531.286879,420.673757,437.518501,428.789456,484.40269,424.731606,3.010164,1.374609,-1.685238,2.725282,0.662463,2.049945
1131,37.7,1,531.321898,420.85928,437.971849,428.199327,484.646873,424.529303,2.990713,1.438585,-1.650446,2.769638,0.670133,2.104111
1132,37.733333,1,531.908112,420.572337,438.679028,427.998312,485.29357,424.285324,2.988354,1.444962,-1.650537,2.916604,0.668909,2.180783
1133,37.766667,1,532.509251,420.051044,439.249296,427.765292,485.879273,423.908168,2.947955,1.421794,-1.671617,2.973038,0.638169,2.197416
1134,37.8,1,532.843399,419.483907,439.868593,427.80118,486.355996,423.642544,2.920486,1.140644,-1.679333,3.04596,0.620576,2.093302
1135,37.833333,1,533.384609,419.106327,440.478163,427.763919,486.931386,423.435123,2.903968,1.173559,-1.68745,2.88082,0.608259,2.02719
1136,37.866667,1,533.391542,419.124995,440.540018,427.765453,486.96578,423.445224,2.858194,1.308177,-1.71158,2.624026,0.573307,1.966102
1137,37.9,1,532.357388,419.393592,439.94482,427.756966,486.151104,423.575279,2.870054,1.424551,-1.705408,2.098067,0.582323,1.761309
1138,37.933333,1,533.06735,419.260436,440.219498,427.883792,486.643424,423.572114,2.900375,1.694125,-1.751607,2.046239,0.574384,1.870182
1139,37.966667,1,534.108324,418.856356,440.748405,427.940322,487.428365,423.398339,2.888133,1.585988,-1.748725,2.178854,0.569704,1.882421
1140,38.0,1,534.777384,419.512113,441.499853,427.936621,488.138618,423.724367,2.906373,1.57124,-1.76581,1.951817,0.570282,1.761529
1141,38.033333,1,535.633736,419.617975,442.159796,427.96944,488.896766,423.793707,2.888307,1.687503,-1.773963,2.085785,0.557172,1.886644
1142,38.066667,1,535.657339,419.993516,442.521896,427.70226,489.089618,423.847888,2.856444,1.639413,-1.763213,1.95819,0.546616,1.798801
1143,38.1,1,535.720644,419.905883,442.473555,427.706691,489.097099,423.806287,2.857239,1.621174,-1.767826,1.985657,0.544706,1.803415
1144,38.133333,1,535.47411,419.688367,442.336464,427.784979,488.905287,423.736673,2.857509,1.604397,-1.75375,2.104882,0.55188,1.85464
1145,38.166667,1,535.151987,419.623908,441.965551,427.602589,488.558769,423.613248,2.881736,1.804343,-1.747663,2.163637,0.567037,1.98399
1146,38.2,1,534.639091,419.698087,441.867161,427.316912,488.253126,423.5075,2.844465,1.681117,-1.741707,2.235175,0.551379,1.958146
1147,38.233333,1,534.268646,420.247918,441.706715,427.766708,487.98768,424.007313,2.828186,1.904885,-1.740498,2.47699,0.543844,2.190937
1148,38.266667,1,532.495022,421.174128,441.965466,430.349246,487.230244,425.761687,2.762931,4.856995,-1.759796,8.622984,0.501568,6.739989
1149,38.3,1,532.101507,423.394032,441.83382,432.529689,486.967664,427.96186,2.7183,77.864189,-1.73181,28.082837,0.493245,52.973513
1150,38.333333,1,532.691965,423.488821,441.078873,432.728913,486.885419,428.108867,2.706075,79.991332,-1.788248,20.379706,0.458913,50.185519
1151,38.366667,1,535.635653,422.871226,440.853481,431.552871,488.244567,427.212049,2.807412,19.768785,-1.769318,22.158063,0.519047,20.963424
1152,38.4,1,535.826597,422.319324,441.879263,430.484129,488.85293,426.401727,2.826974,6.997758,-1.803159,7.782531,0.511907,7.390145
1153,38.433333,1,535.756369,421.854959,442.270041,429.926981,489.013205,425.89097,2.851277,3.86637,-1.795966,5.252725,0.527655,4.559547
1154,38.466667,1,536.316776,421.371002,442.852917,429.240024,489.584846,425.305513,2.84191,2.178599,-1.755839,3.034739,0.543036,2.606669
1155,38.5,1,537.227011,421.059834,442.961969,428.83824,490.09449,424.949037,2.814297,2.137665,-1.773065,2.874641,0.520616,2.506153
1156,38.533333,1,537.569733,420.737604,443.383007,428.550235,490.47637,424.643919,2.832107,1.95816,-1.764632,2.589852,0.533738,2.274006
1157,38.566667,1,538.08672,420.500035,443.855467,428.441702,490.971093,424.470869,2.81187,2.016502,-1.749096,2.499309,0.531387,2.257905
1158,38.6,1,538.991995,420.377598,444.159927,427.801158,491.575961,424.089378,2.836332,2.367359,-1.766716,2.41563,0.534808,2.391495
1159,38.633333,1,539.231262,420.109087,444.559412,427.221619,491.895337,423.665353,2.81781,2.284383,-1.758205,2.342452,0.529803,2.313417
1160,38.666667,1,539.326696,419.735692,444.801121,426.932198,492.063909,423.333945,2.793958,2.208269,-1.761529,2.391825,0.516214,2.300047
1161,38.7,1,539.503651,419.452161,444.738903,426.886761,492.121277,423.169461,2.806589,2.187266,-1.774551,2.326391,0.516019,2.256829
1162,38.733333,1,538.968439,419.113258,444.432535,426.590592,491.700487,422.851925,2.792458,1.997219,-1.773257,2.315476,0.5096,2.156348
1163,38.766667,1,538.667421,418.927864,444.219275,426.082871,491.443348,422.505367,2.781449,1.911712,-1.768781,2.436544,0.506334,2.174128
1164,38.8,1,537.819891,418.802208,443.803034,426.033336,490.811462,422.417772,2.79569,1.941204,-1.727705,2.405916,0.533993,2.17356
1165,38.833333,1,537.366877,418.585517,443.476086,425.803814,490.421481,422.194666,2.817025,1.75109,-1.734434,2.451421,0.541295,2.101255
1166,38.866667,1,536.500196,418.328433,442.95228,425.407791,489.726238,421.868112,2.841472,1.987806,-1.717408,2.338333,0.562032,2.163069
1167,38.9,1,535.760956,417.972912,441.794319,424.969583,488.777637,421.471247,2.845294,1.933888,-1.736866,2.376649,0.554214,2.155268
1168,38.933333,1,535.541716,417.923784,441.523085,425.274582,488.5324,421.599183,2.864091,1.922489,-1.771855,2.486441,0.546118,2.204465
1169,38.966667,1,534.974451,417.81597,441.440125,425.20198,488.207288,421.508975,2.865508,1.894814,-1.728995,2.399568,0.568256,2.147191
1170,39.0,1,535.387115,417.547385,441.343508,425.085551,488.365312,421.316468,2.834167,1.913439,-1.794873,2.551764,0.519647,2.232601
1171,39.033333,1,535.156612,417.579292,441.338406,425.025287,488.247509,421.302289,2.821247,1.839623,-1.770263,2.339079,0.525492,2.089351
1172,39.066667,1,535.605755,417.421761,441.282825,424.948457,488.44429,421.185109,2.831533,1.998738,-1.807818,2.492346,0.511857,2.245542
1173,39.1,1,535.296097,417.440761,441.427984,425.000653,488.362041,421.220707,2.820458,1.975399,-1.769656,2.411439,0.525401,2.193419
1174,39.133333,1,536.001034,417.308378,441.935358,424.957877,488.968196,421.133128,2.807892,2.072323,-1.801126,2.568022,0.503383,2.320173
1175,39.166667,1,535.901403,417.414089,442.262144,424.781291,489.081774,421.09769,2.790895,2.098456,-1.791975,2.61167,0.49946,2.355063
1176,39.2,1,536.447744,417.297746,442.416677,424.834861,489.432211,421.066303,2.807269,2.188389,-1.799256,2.697906,0.504006,2.443148
1177,39.233333,1,536.526051,417.340833,442.522116,424.621164,489.524083,420.980998,2.806889,2.188133,-1.793808,2.685965,0.50654,2.437049
1178,39.266667,1,536.926861,417.196273,442.946625,424.75477,489.936743,420.975521,2.844743,2.164294,-1.787861,2.703947,0.528441,2.434121
1179,39.3,1,537.574511,417.13926,443.446703,424.719257,490.510607,420.929258,2.842255,2.194293,-1.785262,2.719515,0.528496,2.456904
1180,39.333333,1,537.957811,417.098426,444.168854,424.665549,491.063333,420.881987,2.840476,1.942559,-1.781112,2.669311,0.529682,2.305935
1181,39.366667,1,538.38172,417.115088,444.576654,424.612902,491.479187,420.863995,2.843485,1.972146,-1.784191,2.665788,0.529647,2.318967
1182,39.4,1,538.538418,417.333666,444.756403,424.763578,491.64741,421.048622,2.844508,2.127439,-1.780263,2.596158,0.532123,2.361798
1183,39.433333,1,538.764286,417.417501,445.024462,424.873163,491.894374,421.145332,2.838979,2.054723,-1.776641,2.57893,0.531169,2.316827
1184,39.466667,1,538.693247,417.760974,445.027533,424.853164,491.86039,421.307069,2.817873,2.081197,-1.765674,2.433517,0.526099,2.257357
1185,39.5,1,538.740864,417.811217,445.126905,425.023474,491.933885,421.417345,2.819414,2.06123,-1.779965,2.468388,0.519724,2.264809
1186,39.533333,1,538.438816,417.937721,444.911184,424.924479,491.675,421.4311,2.806645,1.978674,-1.752377,2.321908,0.527134,2.150291
1187,39.566667,1,538.385801,418.115755,444.576225,425.347806,491.481013,421.731781,2.819377,2.072995,-1.770066,2.367495,0.524656,2.220245
1188,39.6,1,538.338966,418.042209,444.487677,425.498643,491.413321,421.770426,2.824931,1.966962,-1.787571,2.469588,0.51868,2.218275
1189,39.633333,1,538.098955,418.116935,444.485359,425.314869,491.292157,421.715902,2.82601,1.941499,-1.760345,2.357631,0.532832,2.149565
1190,39.666667,1,538.020067,418.107795,444.206858,425.404326,491.113462,421.75606,2.820646,1.913034,-1.772018,2.40026,0.524314,2.156647
1191,39.7,1,537.898159,418.047638,444.144688,425.492109,491.021423,421.769873,2.812185,1.948487,-1.776842,2.41347,0.517671,2.180979
1192,39.733333,1,537.923737,417.948761,444.000988,425.46577,490.962362,421.707265,2.82505,2.035606,-1.773271,2.478446,0.52589,2.257026
1193,39.766667,1,537.561111,417.922947,443.755674,425.531087,490.658393,421.727017,2.823702,2.0224,-1.779914,2.521007,0.521894,2.271703
1194,39.8,1,537.221594,417.786605,443.603058,425.338848,490.412326,421.562726,2.819756,2.018464,-1.771049,2.493366,0.524354,2.255915
1195,39.833333,1,536.808872,417.627797,443.137589,425.075519,489.97323,421.351658,2.816214,1.926663,-1.769382,2.436319,0.523416,2.181491
1196,39.866667,1,536.558762,417.49476,442.664089,424.876059,489.611425,421.185409,2.829533,1.926602,-1.77353,2.679893,0.528002,2.303248
1197,39.9,1,536.069469,417.490232,442.493954,424.717809,489.281712,421.10402,2.809625,2.07765,-1.769864,2.340959,0.519881,2.209305
1198,39.933333,1,535.864496,417.405034,442.387743,424.894985,489.12612,421.15001,2.81876,1.949732,-1.757412,2.533405,0.530674,2.241568
1199,39.966667,1,535.843649,417.408843,442.201557,425.001436,489.022603,421.20514,2.81082,1.883877,-1.760021,2.530035,0.525399,2.206956
1200,40.0,1,535.82118,417.385948,442.216969,424.862391,489.019074,421.124169,2.803945,1.880527,-1.775166,2.578134,0.51439,2.229331
1201,40.033333,1,535.703049,417.449999,442.198944,425.018334,488.950996,421.234167,2.806775,1.84302,-1.761734,2.364984,0.522521,2.104002
1202,40.066667,1,535.369701,417.561053,441.944332,424.85929,488.657017,421.210172,2.810615,1.921441,-1.768439,2.373436,0.521088,2.147438
1203,40.1,1,534.940262,417.59192,441.183863,424.902366,488.062062,421.247143,2.817901,1.987229,-1.767667,2.207281,0.525117,2.097255
1204,40.133333,1,534.04232,417.63859,440.304947,424.733784,487.173634,421.186187,2.801271,2.006563,-1.744782,2.051621,0.528244,2.029092
1205,40.166667,1,533.22464,417.85542,439.52961,424.846008,486.377125,421.350714,2.779526,1.963524,-1.735348,1.958983,0.522089,1.961253
1206,40.2,1,532.14386,417.673566,438.339453,424.952942,485.241656,421.313254,2.810652,1.788238,-1.705623,1.946974,0.552515,1.867606
1207,40.233333,1,530.672865,417.714518,436.361856,425.36508,483.517361,421.539799,2.813182,1.628003,-1.717193,2.041531,0.547994,1.834767
1208,40.266667,1,529.264116,417.791744,435.606289,425.035983,482.435203,421.413864,2.882784,1.594723,-1.712241,2.106248,0.585272,1.850485
1209,40.3,1,528.130474,417.954823,434.405775,425.40527,481.268125,421.680046,2.938691,1.583994,-1.676051,1.997881,0.63132,1.790937
1210,40.333333,1,526.705847,417.596834,432.918596,425.429667,479.812222,421.51325,2.939466,1.639318,-1.66885,2.139408,0.635308,1.889363
1211,40.366667,1,525.628119,417.588122,432.049103,425.85499,478.838611,421.721556,2.962524,1.648277,-1.665176,1.931647,0.648674,1.789962
1212,40.4,1,524.694395,417.158539,430.982199,426.26363,477.838297,421.711085,2.991709,1.550824,-1.644215,1.843639,0.673747,1.697231
1213,40.433333,1,524.187708,417.748196,429.544411,427.691231,476.866059,422.719713,2.994655,1.642137,-1.68608,1.995899,0.654287,1.819018
1214,40.466667,1,522.615643,419.427452,428.72509,431.071715,475.670366,425.249584,2.960253,4.31884,-1.735921,5.12639,0.612166,4.722615
1215,40.5,1,521.045303,421.455245,430.670204,432.617902,475.857754,427.036573,2.967346,15.88618,-1.649867,6.742517,0.65874,11.314349
1216,40.533333,1,522.385778,420.568979,429.006901,432.654991,475.69634,426.611985,2.934976,29.195982,-1.681068,9.493422,0.626954,19.344702
1217,40.566667,1,522.376957,419.552776,428.06695,431.188574,475.221953,425.370675,2.928395,15.440334,-1.720893,5.699811,0.603751,10.570073
1218,40.6,1,522.874479,418.730056,428.094311,430.490288,475.484395,424.610172,2.976104,3.869193,-1.733109,3.357565,0.621497,3.613379
1219,40.633333,1,522.892113,418.354815,428.82616,429.64522,475.859137,424.000018,2.947359,1.80575,-1.715274,2.064913,0.616043,1.935332
1220,40.666667,1,523.003531,417.053922,429.485826,429.323913,476.244678,423.188918,2.966241,1.426854,-1.678017,1.96965,0.644112,1.698252
1221,40.7,1,523.106289,416.748022,429.846954,428.816632,476.476622,422.782327,2.843087,1.140134,-1.704907,1.759853,0.56909,1.449994
1222,40.733333,1,523.222132,415.6996,430.021267,428.279182,476.621699,421.989391,2.856223,1.043069,-1.691183,1.54247,0.58252,1.292769
1223,40.766667,1,523.582191,415.18217,430.232573,427.560725,476.907382,421.371447,2.835703,1.100055,-1.727787,1.666512,0.553958,1.383283
1224,40.8,1,523.772278,415.058724,430.479479,427.494754,477.125878,421.276739,2.793824,1.1298,-1.729231,1.667258,0.532297,1.398529
1225,40.833333,1,524.196243,414.981251,430.931768,427.180409,477.564006,421.08083,2.753682,1.284691,-1.760028,1.824266,0.496827,1.554478
1226,40.866667,1,524.418869,414.96461,431.290455,426.621737,477.854662,420.793174,2.785179,1.240468,-1.734436,1.754715,0.525372,1.497591
1227,40.9,1,524.575195,414.700027,431.569891,426.253749,478.072543,420.476888,2.792665,1.347847,-1.730694,1.767967,0.530986,1.557907
1228,40.933333,1,524.601126,414.498678,431.928921,426.008896,478.265023,420.253787,2.777321,1.3498,-1.724816,1.784233,0.526253,1.567017
1229,40.966667,1,524.660845,414.46749,432.154694,425.826344,478.407769,420.146917,2.780185,1.345202,-1.752398,1.894907,0.513894,1.620055
1230,41.0,1,524.480524,414.170376,432.013912,425.764997,478.247218,419.967687,2.80424,1.292097,-1.742878,1.763185,0.530681,1.527641
1231,41.033333,1,524.416504,414.139434,431.912708,425.817429,478.164606,419.978431,2.838286,1.35817,-1.733201,1.713507,0.552543,1.535838
1232,41.066667,1,523.975239,413.885643,431.687212,425.866256,477.831225,419.87595,2.809345,1.415389,-1.745932,2.026727,0.531706,1.721058
1233,41.1,1,523.605623,413.855828,431.508284,425.851793,477.556953,419.853811,2.818334,1.370446,-1.752144,1.984385,0.533095,1.677415
1234,41.133333,1,523.184814,413.889838,431.107426,426.145495,477.14612,420.017667,2.871207,1.409678,-1.697955,1.816605,0.586626,1.613141
1235,41.166667,1,522.764339,413.754215,430.92308,426.365211,476.84371,420.059713,2.862583,1.346922,-1.696624,1.89824,0.58298,1.622581
1236,41.2,1,522.20232,413.994434,430.121641,426.412042,476.161981,420.203238,2.863374,1.194217,-1.689768,1.815592,0.586803,1.504905
1237,41.233333,1,522.01417,414.081734,429.765491,426.482681,475.889831,420.282208,2.859272,1.085974,-1.691646,1.796693,0.583813,1.441334
1238,41.266667,1,521.953688,414.296118,429.540615,426.530339,475.747151,420.413228,2.868625,1.112753,-1.694688,1.818522,0.586969,1.465637
1239,41.3,1,521.759577,414.380093,429.062471,426.467328,475.411024,420.42371,2.879463,1.180242,-1.685776,1.870969,0.596843,1.525606
1240,41.333333,1,520.546513,414.320226,428.21641,426.719069,474.381461,420.519648,2.878669,1.249514,-1.680222,1.849872,0.599224,1.549693
1241,41.366667,1,519.766054,414.249555,427.739382,426.77604,473.752718,420.512797,2.89808,1.541098,-1.692016,1.698934,0.603032,1.620016
1242,41.4,1,519.921942,414.573716,427.589912,426.708759,473.755927,420.641237,2.875419,1.524924,-1.710715,1.706646,0.582352,1.615785
1243,41.433333,1,520.199947,414.572632,427.563381,426.810501,473.881664,420.691566,2.923431,1.498727,-1.684668,1.712344,0.619381,1.605535
1244,41.466667,1,520.195484,414.632038,427.572947,427.00201,473.884215,420.817024,2.934742,1.443799,-1.687903,1.718547,0.62342,1.581173
1245,41.5,1,520.200138,414.717064,427.463589,426.988868,473.831863,420.852966,2.917265,1.399555,-1.695322,1.692569,0.610971,1.546062
1246,41.533333,1,520.18651,414.946178,427.413721,427.308329,473.800116,421.127254,2.958856,1.519279,-1.688134,1.625405,0.635361,1.572342
1247,41.566667,1,520.1371,415.045463,427.383633,427.282773,473.760366,421.164118,2.959064,1.516687,-1.689729,1.585407,0.634667,1.551047
1248,41.6,1,520.145807,415.031215,427.322388,427.359259,473.734097,421.195237,2.954484,1.607022,-1.684833,1.638262,0.634826,1.622642
1249,41.633333,1,520.091429,415.17629,427.265301,427.588481,473.678365,421.382385,2.956158,1.58106,-1.684162,1.583382,0.635998,1.582221
1250,41.666667,1,520.025768,415.280253,427.372026,427.537358,473.698897,421.408805,2.966378,1.514734,-1.680707,1.53009,0.642836,1.522412
1251,41.7,1,519.734526,415.21161,426.633167,427.862999,473.183846,421.537305,3.021003,1.537384,-1.691085,1.390587,0.664959,1.463985
1252,41.733333,1,519.3818,415.46731,426.086063,427.944957,472.733932,421.706133,2.987654,1.553671,-1.693964,1.36067,0.646845,1.457171
1253,41.766667,1,518.878269,415.519356,425.663624,427.957027,472.270947,421.738191,2.983327,1.610604,-1.689352,1.445873,0.646987,1.528238
1254,41.8,1,518.524847,415.639637,425.265036,428.360442,471.894941,422.000039,2.999829,1.507597,-1.697033,1.3459,0.651398,1.426748
1255,41.833333,1,518.25902,415.784991,425.014153,428.196934,471.636586,421.990963,2.978231,1.611151,-1.697138,1.346502,0.640547,1.478826
1256,41.866667,1,518.006067,415.923607,424.637699,428.651301,471.321883,422.287454,2.999877,1.589085,-1.702287,1.334607,0.648795,1.461846
1257,41.9,1,517.762785,416.024051,424.785852,428.623577,471.274319,422.323814,2.993274,1.685053,-1.680889,1.395347,0.656192,1.5402
1258,41.933333,1,517.701063,416.074648,424.787674,428.565502,471.244369,422.320075,2.989305,1.663194,-1.688204,1.369359,0.65055,1.516276
1259,41.966667,1,517.700577,416.087115,424.847879,428.618245,471.274228,422.35268,2.978186,1.664016,-1.68249,1.383506,0.647848,1.523761
1260,42.0,1,517.903442,415.945741,424.744568,428.713045,471.324005,422.329393,3.00842,1.712307,-1.685641,1.351921,0.661389,1.532114
1261,42.033333,1,517.721004,415.725907,424.742889,428.672243,471.231947,422.199075,3.005028,1.71095,-1.676426,1.390109,0.664301,1.550529
1262,42.066667,1,517.724333,415.567721,424.803572,428.540086,471.263952,422.053903,3.011467,1.735141,-1.669966,1.403791,0.67075,1.569466
1263,42.1,1,517.601261,415.527649,424.765081,428.441348,471.183171,421.984499,2.987625,1.612919,-1.677108,1.455012,0.655258,1.533965
1264,42.133333,1,517.483664,415.63395,423.954086,428.965495,470.718875,422.299722,3.011623,1.739154,-1.702685,1.460802,0.654469,1.599978
1265,42.166667,1,516.928797,415.981275,423.719511,428.739696,470.324154,422.360485,2.995182,1.75149,-1.683688,1.569498,0.655747,1.660494
1266,42.2,1,517.135601,415.933306,423.603945,428.876638,470.369773,422.404972,3.007376,1.713447,-1.689782,1.446559,0.658797,1.580003
1267,42.233333,1,517.095375,416.011605,423.492832,428.912408,470.294104,422.462007,3.014805,1.696348,-1.682687,1.473354,0.666059,1.584851
1268,42.266667,1,517.184925,415.884458,423.439989,429.003249,470.312457,422.443854,2.996819,1.725497,-1.696152,1.464847,0.650333,1.595172
1269,42.3,1,517.214088,415.791932,423.731165,428.626635,470.472627,422.209284,2.986837,1.712892,-1.686909,1.530997,0.649964,1.621944
1270,42.333333,1,517.503052,415.488628,423.928938,428.433377,470.715995,421.961002,2.995403,1.635944,-1.686785,1.479875,0.654309,1.557909
1271,42.366667,1,517.686386,415.395169,424.293699,428.426757,470.990043,421.910963,2.982951,1.646308,-1.672165,1.496293,0.655393,1.571301
1272,42.4,1,517.776833,415.472975,424.337358,428.577379,471.057096,422.025177,2.992672,1.504775,-1.692057,1.498532,0.650308,1.501654
1273,42.433333,1,517.960882,415.366169,424.964705,428.187858,471.462793,421.777014,2.98861,1.578027,-1.662917,1.58478,0.662846,1.581404
1274,42.466667,1,518.151112,415.275714,425.260744,427.937855,471.705928,421.606784,3.01155,1.559892,-1.664785,1.51213,0.673383,1.536011
1275,42.5,1,518.489723,415.134115,425.556765,427.950547,472.023244,421.542331,3.013355,1.461023,-1.671017,1.524297,0.671169,1.49266
1276,42.533333,1,519.403629,415.110887,426.789522,427.632093,473.096576,421.37149,2.985209,1.489441,-1.672039,1.423477,0.656585,1.456459
1277,42.566667,1,520.330706,415.130543,427.213278,427.593244,473.771992,421.361893,2.90731,1.279543,-1.703588,1.358268,0.601861,1.318905
1278,42.6,1,520.988245,415.376222,427.782459,427.489625,474.385352,421.432924,2.918042,1.420689,-1.711331,1.415763,0.603355,1.418226
1279,42.633333,1,521.63949,415.373819,428.344355,427.505429,474.991922,421.439624,2.930363,1.331381,-1.717042,1.393347,0.606661,1.362364
1280,42.666667,1,521.89909,415.257765,428.891315,427.433696,475.395203,421.34573,2.881976,1.284675,-1.729977,1.311261,0.575999,1.297968
1281,42.7,1,522.274761,415.16731,429.114857,427.566433,475.694809,421.366872,2.853698,1.235292,-1.709129,1.313655,0.572284,1.274473
1282,42.733333,1,522.836637,415.222349,429.938393,427.265929,476.387515,421.244139,2.853237,1.31829,-1.700459,1.387828,0.576389,1.353059
1283,42.766667,1,523.45892,415.073004,430.48399,427.384021,476.971455,421.228513,2.909285,1.385929,-1.66043,1.458204,0.624427,1.422066
1284,42.8,1,524.379778,415.309435,431.459179,427.458855,477.919478,421.384145,2.808317,1.397098,-1.687962,1.634106,0.560177,1.515602
1285,42.833333,1,526.218433,415.798681,433.613768,427.67223,479.916101,421.735455,2.814192,1.151307,-1.705849,1.522848,0.554171,1.337077
1286,42.866667,1,528.071938,416.783792,435.551033,428.551404,481.811485,422.667598,2.900268,0.979797,-1.64221,1.508596,0.629029,1.244197
1287,42.9,1,531.548901,416.493523,438.438339,429.298571,484.99362,422.896047,2.915767,1.354782,-1.665402,1.886233,0.625182,1.620508
1288,42.933333,1,535.830536,416.581811,443.617697,429.434881,489.724116,423.008346,2.866824,1.736042,-1.639388,1.473224,0.613718,1.604633
1289,42.966667,1,543.218241,417.328409,449.89151,429.999615,496.554875,423.664012,3.007634,1.366337,-1.616956,2.357106,0.695339,1.861721
1290,43.0,1,551.152458,417.600342,457.890453,428.629553,504.521456,423.114948,3.05883,1.626616,-1.566656,2.534842,0.746087,2.080729
1291,43.033333,1,561.701603,419.492469,468.145227,427.621354,514.923415,423.556911,3.057629,1.392383,-1.583406,2.27355,0.737111,1.832967
1292,43.066667,1,575.012302,420.967523,479.69142,427.936116,527.351861,424.45182,3.062511,1.445319,-1.535441,3.182302,0.763535,2.31381
1293,43.1,1,589.165812,422.903831,492.535448,427.076844,540.85063,424.990337,3.101544,1.371831,-1.549433,2.877931,0.776055,2.124881
1294,43.133333,1,604.400167,423.638949,505.584097,427.629958,554.992132,425.634454,3.280073,1.028005,-1.48848,3.853913,0.895797,2.440959
1295,43.166667,1,619.053555,425.004591,518.519993,427.328553,568.786774,426.166572,3.094849,1.300539,-1.503387,4.766055,0.795731,3.033297
1296,43.2,1,634.275579,428.061011,532.228622,426.720228,583.252101,427.39062,2.985258,1.544677,-1.582476,2.925875,0.701391,2.235276
1297,43.233333,1,649.354401,431.334947,544.216738,428.182043,596.785569,429.758495,2.881777,1.534722,-1.558275,2.487901,0.661751,2.011311
1298,43.266667,1,661.292191,434.212883,557.069454,429.67216,609.180822,431.942521,2.876801,1.655748,-1.51334,2.516758,0.681731,2.086253
1299,43.3,1,674.347286,437.502977,567.492142,431.209388,620.919714,434.356182,2.954094,1.279653,-1.488409,2.892347,0.732842,2.086
1300,43.333333,1,686.866493,441.658158,577.57719,432.755445,632.221842,437.206802,2.975004,1.396091,-1.485364,3.12511,0.74482,2.2606
1301,43.366667,1,698.107376,445.74283,590.02758,435.309799,644.067478,440.526314,3.023717,1.139815,-1.451555,2.816945,0.786081,1.97838
1302,43.4,1,711.769676,450.108844,599.935589,438.065704,655.852633,444.087274,3.035586,1.264643,-1.502699,2.809569,0.766444,2.037106
1303,43.433333,1,724.16008,453.688885,611.597433,441.250141,667.878757,447.469513,3.175965,1.354488,-1.523428,3.228183,0.826268,2.291335
1304,43.466667,1,735.175629,458.504866,621.99481,444.76303,678.585219,451.633948,3.155809,1.652906,-1.506993,2.507961,0.824408,2.080434
1305,43.5,1,746.758347,463.384159,632.374744,445.806849,689.566545,454.595504,3.165313,1.286047,-1.48317,2.785995,0.841072,2.036021
1306,43.533333,1,756.552715,466.033806,642.255383,448.103067,699.404049,457.068436,2.963988,1.107486,-1.508099,2.713948,0.727945,1.910717
1307,43.566667,1,766.545353,470.087707,650.464087,448.766624,708.50472,459.427165,2.944104,1.117823,-1.497605,2.099083,0.72325,1.608453
1308,43.6,1,774.788151,472.804313,656.976357,449.014095,715.882254,460.909204,2.950983,1.064069,-1.487313,1.888853,0.731835,1.476461
1309,43.633333,1,781.564293,475.206617,663.589611,450.623335,722.576952,462.914976,2.977976,1.098737,-1.496873,1.793139,0.740552,1.445938
1310,43.666667,1,785.776978,476.846627,667.271576,451.640739,726.524277,464.243683,2.982405,0.9909,-1.53572,2.130394,0.723343,1.560647
1311,43.7,1,788.608227,480.333971,669.950256,452.702519,729.279242,466.518245,2.87614,1.11035,-1.508613,1.705813,0.683764,1.408081
1312,43.733333,1,790.313721,481.810784,671.131306,453.444589,730.722513,467.627687,2.913431,1.0588,-1.512284,1.957714,0.700574,1.508257
1313,43.766667,1,791.055984,482.015212,670.228176,453.562167,730.64208,467.788689,2.939755,1.183495,-1.495103,1.789802,0.722326,1.486649
1314,43.8,1,790.658016,483.380939,668.99622,454.246752,729.827118,468.813846,2.986838,1.721106,-1.553649,1.959631,0.716594,1.840369
1315,43.833333,1,786.784229,483.532012,665.533752,454.842181,726.158991,469.187096,3.120251,1.668623,-1.564609,2.074248,0.777821,1.871436
1316,43.866667,1,780.440788,484.154381,659.568253,454.352667,720.00452,469.253524,3.060093,1.262383,-1.523546,1.799883,0.768274,1.531133
1317,43.9,1,770.691986,483.620825,650.541677,452.842101,710.616832,468.231463,2.910618,1.623058,-1.591065,2.587878,0.659776,2.105468
1318,43.933333,1,761.655731,481.889073,639.465837,453.787397,700.560784,467.838235,2.933263,1.896722,-1.540738,2.912264,0.696262,2.404493
1319,43.966667,1,749.223824,479.134187,628.204412,453.045992,688.714118,466.090089,2.969625,1.789995,-1.510508,2.523993,0.729558,2.156994
1320,44.0,1,739.629688,477.119547,618.672695,451.320773,679.151192,464.22016,2.941614,1.753805,-1.531729,2.088118,0.704943,1.920961
1321,44.033333,1,731.669006,474.68585,611.519318,449.414656,671.594162,462.050253,3.056113,1.637329,-1.430772,2.095392,0.81267,1.86636
1322,44.066667,1,725.457325,472.918822,605.433331,448.374581,665.445328,460.646701,3.058104,1.466056,-1.42903,2.0566,0.814537,1.761328
1323,44.1,1,719.609337,472.293867,600.306063,447.378098,659.9577,459.835982,3.095348,1.41749,-1.396312,1.813373,0.849518,1.615431
1324,44.133333,1,715.02203,471.261613,594.181767,446.02944,654.601898,458.645527,3.107157,1.868185,-1.446218,1.969382,0.83047,1.918784
1325,44.166667,1,709.045944,471.326813,587.825546,445.983188,648.435745,458.655,3.008046,1.650573,-1.472454,1.995032,0.767796,1.822803
1326,44.2,1,700.614452,472.393291,579.526186,445.416856,640.070319,458.905073,3.11881,1.689046,-1.499702,1.810077,0.809554,1.749562
1327,44.233333,1,688.715267,471.81432,568.491793,444.401844,628.60353,458.108082,2.992587,1.994183,-1.547353,2.142342,0.722617,2.068262
1328,44.266667,1,676.232433,472.152064,554.055319,444.138976,615.143876,458.14552,2.994907,1.64182,-1.574772,2.78224,0.710067,2.21203
1329,44.3,1,662.725639,469.567015,538.696709,444.462354,600.711174,457.014685,3.011857,1.528971,-1.542566,3.208956,0.734646,2.368964
1330,44.333333,1,647.327595,467.451063,525.316181,443.344989,586.321888,455.398026,3.035296,1.606583,-1.473985,2.921543,0.780656,2.264063
1331,44.366667,1,631.916609,465.999184,510.2841,440.998968,571.100354,453.499076,3.108734,1.933366,-1.478571,2.615045,0.815081,2.274206
1332,44.4,1,616.416941,463.556453,493.710527,438.725914,555.063734,451.141183,3.08047,1.398492,-1.465936,2.654394,0.807267,2.026443
1333,44.433333,1,602.20171,461.380312,480.752029,438.4132,541.47687,449.896756,3.034748,1.236104,-1.420526,2.963721,0.807111,2.099913
1334,44.466667,1,587.21653,458.707749,468.174677,437.161349,527.695603,447.934549,3.031805,1.09044,-1.453803,3.191196,0.789001,2.140818
1335,44.5,1,574.31818,456.348531,455.018673,436.754522,514.668427,446.551527,3.117983,0.951349,-1.377456,3.339288,0.870264,2.145319
1336,44.533333,1,563.527966,455.062219,445.18116,436.493994,504.354563,445.778106,3.157866,1.103305,-1.396572,3.606334,0.880647,2.354819
1337,44.566667,1,551.517649,454.744163,436.385784,434.960296,493.951716,444.852229,3.068152,1.245312,-1.386579,2.931148,0.840787,2.08823
1338,44.6,1,540.060291,453.845397,421.948338,432.281156,481.004314,443.063276,3.008301,1.865714,-1.446069,2.410809,0.781116,2.138261
1339,44.633333,1,527.61651,451.890678,410.137281,432.318985,468.876896,442.104832,3.181075,1.772942,-1.338028,2.308432,0.921524,2.040687
1340,44.666667,1,513.535833,448.919413,399.191351,432.374529,456.363592,440.646971,3.126216,1.126271,-1.337208,2.76852,0.894504,1.947396
1341,44.7,1,501.435175,446.841484,386.082916,432.577046,443.759046,439.709265,3.085059,1.169316,-1.398146,3.330294,0.843456,2.249805
1342,44.733333,1,489.224482,445.316219,373.332691,432.163589,431.278586,438.739904,3.124144,0.878496,-1.38249,2.83726,0.870827,1.857878
1343,44.766667,1,479.754162,443.174711,364.867258,431.619905,422.31071,437.397308,3.021715,1.171612,-1.451052,2.509797,0.785332,1.840704
1344,44.8,1,473.26087,440.832392,359.052811,430.778872,416.15684,435.805632,3.055791,1.388835,-1.408843,2.238235,0.823474,1.813535
1345,44.833333,1,469.18891,438.296353,353.528919,428.660377,411.358914,433.478365,3.096297,1.14001,-1.357702,2.03488,0.869298,1.587445
1346,44.866667,1,465.818787,436.977232,350.636778,426.720132,408.227782,431.848682,3.07548,1.414195,-1.46822,2.077547,0.80363,1.745871
1347,44.9,1,461.668348,436.517801,346.685486,427.179766,404.176917,431.848783,2.999762,1.296981,-1.425528,2.020928,0.787117,1.658955
1348,44.933333,1,458.263092,436.820172,343.881121,426.19458,401.072106,431.507376,2.980193,1.428932,-1.422072,1.906955,0.779061,1.667944
1349,44.966667,1,456.991911,436.403818,342.307873,427.608898,399.649892,432.006358,2.991276,1.31734,-1.466637,1.880095,0.762319,1.598717
1350,45.0,1,458.229513,435.903565,341.86902,426.604518,400.049267,431.254041,2.878096,1.427728,-1.479713,1.729871,0.699191,1.5788
1351,45.033333,1,460.241299,434.697654,343.481836,426.348678,401.861567,430.523166,2.875847,1.160493,-1.536017,2.032126,0.669915,1.59631
1352,45.066667,1,464.520588,434.501553,346.931019,425.960541,405.725803,430.231047,2.846003,1.18893,-1.521336,1.730713,0.662333,1.459821
1353,45.1,1,467.911949,435.133588,348.544083,425.907573,408.228016,430.52058,2.838833,1.343428,-1.548872,1.642101,0.644981,1.492765
1354,45.133333,1,471.459761,436.181645,350.42696,427.381736,410.94336,431.781691,2.813348,0.894506,-1.578861,2.123778,0.617244,1.509142
1355,45.166667,1,474.614182,437.82202,352.900572,427.738062,413.757377,432.780041,2.809693,1.131114,-1.603274,1.960657,0.603209,1.545885
1356,45.2,1,479.006348,438.003949,356.606426,427.616086,417.806387,432.810017,2.851086,1.058847,-1.632999,2.142065,0.609043,1.600456
1357,45.233333,1,482.442026,438.211616,361.586485,426.069428,422.014256,432.140522,2.766109,1.603186,-1.629483,1.851202,0.568313,1.727194
1358,45.266667,1,485.874176,438.750107,366.492996,426.945641,426.183586,432.847874,2.743374,1.213848,-1.628089,2.148937,0.557643,1.681392
1359,45.3,1,490.661793,439.119984,371.615343,426.837687,431.138568,432.978836,2.775239,0.871662,-1.630423,2.467897,0.572408,1.669779
1360,45.333333,1,495.897636,440.38825,376.063051,426.446643,435.980344,433.417447,2.835909,0.873812,-1.556412,1.880901,0.639749,1.377357
1361,45.366667,1,500.730639,441.055423,380.119476,425.934191,440.425057,433.494807,2.789113,0.956431,-1.547946,1.50236,0.620583,1.229395
1362,45.4,1,503.963795,441.45902,384.695263,427.498391,444.329529,434.478706,2.82506,0.940709,-1.562785,1.951385,0.631138,1.446047
1363,45.433333,1,508.847504,443.112602,389.541187,427.433513,449.194345,435.273058,2.905149,0.994478,-1.579278,1.852215,0.662935,1.423346
1364,45.466667,1,513.626213,443.573867,394.062414,427.577881,453.844314,435.575874,2.818453,1.160961,-1.572558,1.674607,0.622948,1.417784
1365,45.5,1,517.023392,444.408281,397.897921,426.97904,457.460656,435.69366,2.906244,1.273228,-1.520354,1.662792,0.692945,1.46801
1366,45.533333,1,521.874876,443.674278,403.050156,428.475144,462.462516,436.074711,2.960761,0.956021,-1.51667,1.740724,0.722046,1.348372
1367,45.566667,1,527.33634,443.172941,408.679075,427.661791,468.007708,435.417366,2.944033,1.014496,-1.549689,1.761565,0.697172,1.38803
1368,45.6,1,534.74309,442.519802,416.85339,425.944716,475.79824,434.232259,2.998898,1.450747,-1.515086,1.559503,0.741906,1.505125
1369,45.633333,1,543.756323,442.734379,425.201712,425.31857,484.479017,434.026474,2.896063,0.954164,-1.553774,1.949535,0.671145,1.45185
1370,45.666667,1,555.758343,442.503891,435.809345,425.498021,495.783844,434.000956,2.824718,1.220051,-1.626245,1.916928,0.599236,1.568489
1371,45.7,1,571.533337,443.010592,448.433056,425.356894,509.983196,434.183743,2.879943,1.29185,-1.651068,2.634606,0.614437,1.963228
1372,45.733333,1,586.818628,444.650881,466.793528,425.000664,526.806078,434.825773,2.819926,1.109443,-1.578243,2.479816,0.620842,1.79463
1373,45.766667,1,602.394037,447.200611,483.377838,426.150323,542.885938,436.675467,2.828969,1.453479,-1.570379,2.496171,0.629295,1.974825
1374,45.8,1,618.210611,449.28576,498.373089,426.718855,558.29185,438.002307,2.780559,1.734257,-1.548676,2.401897,0.615942,2.068077
1375,45.833333,1,633.74773,451.524943,510.983849,429.114411,572.365789,440.319677,2.851769,1.386513,-1.623808,2.470193,0.61398,1.928353
1376,45.866667,1,646.40357,453.278786,524.624624,428.690547,585.514097,440.984666,2.870556,1.497731,-1.664613,2.386248,0.602972,1.941989
1377,45.9,1,654.956379,453.429129,536.287785,426.337016,595.622082,439.883072,2.82775,1.600321,-1.631708,1.955478,0.598021,1.7779
1378,45.933333,1,662.111244,451.511661,542.780714,424.913621,602.445979,438.212641,2.871545,1.219784,-1.700081,2.220984,0.585732,1.720384
1379,45.966667,1,665.351887,449.467818,546.474495,422.195899,605.913191,435.831859,2.884929,1.017059,-1.653255,1.73446,0.615837,1.375759
1380,46.0,1,666.557579,447.671982,549.66629,420.58283,608.111935,434.127406,2.85211,1.214355,-1.586948,2.019384,0.632581,1.616869
1381,46.033333,1,667.328491,445.447154,551.923456,418.730754,609.625974,432.088954,2.871791,1.15489,-1.582713,1.946959,0.644539,1.550924
1382,46.066667,1,666.923676,443.662927,552.087669,417.450643,609.505672,430.556785,2.835048,0.931097,-1.582798,1.978401,0.626125,1.454749
1383,46.1,1,666.895695,442.753744,551.959381,416.475091,609.427538,429.614418,2.882772,0.849221,-1.589129,1.651899,0.646821,1.25056
1384,46.133333,1,667.439518,441.108831,552.854528,414.964868,610.147023,428.036849,2.928278,0.871574,-1.566718,1.764087,0.68078,1.317831
1385,46.166667,1,668.292236,439.236853,553.621769,413.703328,610.957003,426.470091,2.916136,0.940192,-1.584028,1.713937,0.666054,1.327065
1386,46.2,1,669.732285,437.867907,555.771322,412.435598,612.751803,425.151753,2.877502,0.9743,-1.515479,1.773846,0.681012,1.374073
1387,46.233333,1,670.879822,437.537234,557.852678,411.700974,614.36625,424.619104,2.833888,0.798223,-1.516792,1.803701,0.658548,1.300962
1388,46.266667,1,671.185322,436.154555,558.584909,410.577718,614.885116,423.366137,2.852716,0.879859,-1.520326,1.735265,0.666195,1.307562
1389,46.3,1,669.998436,433.339813,557.591448,408.777323,613.794942,421.058568,3.061897,0.807281,-1.582963,1.980736,0.739467,1.394009
1390,46.333333,1,665.943089,430.84023,554.438009,405.530584,610.190549,418.185407,3.104624,1.506693,-1.600707,1.512138,0.751959,1.509415
1391,46.366667,1,660.455303,429.216549,551.058359,404.095731,605.756831,416.65614,2.911272,0.665076,-1.695529,1.791391,0.607872,1.228233
1392,46.4,1,656.315689,424.984185,547.243767,401.506809,601.779728,413.245497,3.002128,0.573878,-1.658013,1.931653,0.672058,1.252766
1393,46.433333,1,651.115513,422.93709,542.872591,399.636902,596.994052,411.286996,3.009433,0.758,-1.63622,1.409103,0.686607,1.083551
1394,46.466667,1,644.667749,418.9805,537.662983,399.985964,591.165366,409.483232,3.012726,0.479659,-1.62969,2.37757,0.691518,1.428615
1395,46.5,1,638.587894,416.218286,532.254238,396.548113,585.421066,406.383199,2.979744,0.412528,-1.666738,2.290301,0.656503,1.351414
1396,46.533333,1,634.118824,413.027208,529.405146,393.970596,581.761985,403.498902,2.851534,0.688272,-1.616954,1.62175,0.61729,1.155011
1397,46.566667,1,631.058216,411.46643,527.17474,393.531915,579.116478,402.499173,2.92083,0.556908,-1.620039,1.770801,0.650396,1.163854
1398,46.6,1,629.957333,409.626188,527.727747,391.388755,578.84254,400.507472,2.792545,0.468903,-1.672678,1.942997,0.559934,1.20595
1399,46.633333,1,628.940601,408.52556,527.773876,389.523761,578.357239,399.024661,2.826245,0.385799,-1.659743,2.374377,0.583251,1.380088
1400,46.666667,1,629.092712,409.614526,528.912239,388.510852,579.002476,399.062689,2.87991,0.662553,-1.699936,1.836575,0.589987,1.249564
1401,46.7,1,629.951944,411.389623,530.867605,389.214417,580.409775,400.30202,2.965942,0.973674,-1.654984,2.035453,0.655479,1.504564
1402,46.733333,1,632.495413,414.349569,534.860668,391.12886,583.678041,402.739214,2.890589,1.365933,-1.678745,2.45021,0.605922,1.908071
1403,46.766667,1,633.437653,416.627923,537.739878,391.975665,585.588765,404.301794,2.784342,1.326283,-1.697176,2.344591,0.543583,1.835437
1404,46.8,1,634.112396,418.976026,540.64127,393.64445,587.376833,406.310238,2.856204,1.459189,-1.743179,2.337023,0.556512,1.898106
1405,46.833333,1,635.148125,419.361781,542.432079,393.924569,588.790102,406.643175,2.811848,1.737201,-1.827761,2.521132,0.492043,2.129167
1406,46.866667,1,634.839563,418.691722,542.600365,393.988867,588.719964,406.340294,2.726459,1.802787,-1.888219,2.451793,0.41912,2.12729
1407,46.9,1,634.053574,419.059281,541.984882,393.127931,588.019228,406.093606,2.760157,1.736034,-1.980036,1.935805,0.390061,1.835919
1408,46.933333,1,631.15839,417.784417,539.469423,393.538567,585.313907,405.661492,2.723084,1.75814,-1.962516,1.746804,0.380284,1.752472
1409,46.966667,1,627.383223,416.834035,537.376165,393.156234,582.379694,404.995134,2.616244,1.792879,-2.056049,2.108191,0.280098,1.950535
1410,47.0,1,623.479052,415.864288,534.126301,393.662828,578.802676,404.763558,2.624805,2.061256,-1.993546,1.850247,0.315629,1.955752
1411,47.033333,1,619.917421,414.040375,530.415325,393.779386,575.166373,403.909881,2.734672,1.841227,-1.973286,2.327606,0.380693,2.084417
1412,47.066667,1,616.213923,413.713242,526.587582,394.948583,571.400752,404.330912,2.755425,2.339909,-1.957494,2.503473,0.398965,2.421691
1413,47.1,1,611.360312,414.016675,523.177586,396.579967,567.268949,405.298321,2.662993,3.481938,-2.015823,3.285385,0.323585,3.383661
1414,47.133333,1,606.726608,413.159355,518.936424,398.035988,562.831516,405.597671,2.675532,3.04771,-2.068207,3.122384,0.303662,3.085047
1415,47.166667,1,603.956156,411.999031,516.013527,398.424608,559.984841,405.211819,2.70151,2.385558,-2.087037,3.060951,0.307237,2.723254
1416,47.2,1,601.213045,411.809303,511.146059,398.956522,556.179552,405.382912,2.731639,2.558518,-2.00362,2.192187,0.36401,2.375352
1417,47.233333,1,597.812529,411.781386,508.311996,400.134913,553.062263,405.958149,2.786079,2.267391,-1.949614,1.857515,0.418233,2.062453
1418,47.266667,1,595.170555,411.445981,505.371408,400.892272,550.270982,406.169127,2.836004,2.122147,-1.948183,1.873682,0.443911,1.997915
1419,47.3,1,592.577362,409.896952,503.106213,400.516355,547.841787,405.206653,2.779882,2.46236,-1.988067,1.892725,0.395908,2.177543
1420,47.333333,1,589.937668,409.559144,500.832472,401.422995,545.38507,405.49107,2.723403,2.337163,-1.932087,1.561878,0.395658,1.949521
1421,47.366667,1,586.763096,408.52173,497.228708,401.817237,541.995902,405.169483,2.74174,2.48973,-1.98222,1.663645,0.37976,2.076687
1422,47.4,1,583.59869,408.318429,494.854908,402.975458,539.226799,405.646943,2.774012,2.211697,-1.930091,1.238838,0.421961,1.725268
1423,47.433333,1,580.459261,408.025231,491.295538,403.875543,535.877399,405.950387,2.787786,2.434578,-1.970533,1.732735,0.408626,2.083656
1424,47.466667,1,577.147961,408.230635,488.809834,404.735717,532.978897,406.483176,2.739987,2.688265,-1.890633,1.471584,0.424677,2.079925
1425,47.5,1,574.04068,407.853388,485.025339,404.590019,529.53301,406.221703,2.726231,2.1711,-1.913468,1.39505,0.406381,1.783075
1426,47.533333,1,570.574989,408.170661,480.171413,405.164591,525.373201,406.667626,2.698262,2.464088,-1.923685,1.687333,0.387289,2.075711
1427,47.566667,1,566.138439,407.747837,477.085867,406.080254,521.612153,406.914046,2.723429,2.611496,-1.880756,2.215669,0.421337,2.413583
1428,47.6,1,562.08909,408.715557,473.635788,407.152526,517.862439,407.934042,2.787047,2.729683,-1.755725,1.671541,0.515661,2.200612
1429,47.633333,1,557.980871,409.181038,469.350023,408.332076,513.665447,408.756557,2.808462,2.500184,-1.779124,1.670374,0.514669,2.085279
1430,47.666667,1,553.489428,408.849936,464.000921,410.047306,508.745174,409.448621,2.786432,2.114125,-1.795113,1.715895,0.495659,1.91501
1431,47.7,1,549.844437,409.137383,459.631252,411.313062,504.737844,410.225222,2.678156,2.253361,-1.944889,1.624218,0.366634,1.93879
1432,47.733333,1,546.103897,409.414262,456.417751,411.929948,501.260824,410.672105,2.735215,1.774352,-1.875475,1.368775,0.42987,1.571564
1433,47.766667,1,543.111391,409.866385,452.477083,413.532203,497.794237,411.699294,2.774141,1.826164,-1.867193,1.405123,0.453474,1.615643
1434,47.8,1,540.035295,411.376716,449.947309,415.070955,494.991302,413.223835,2.791569,1.720947,-1.853443,1.304887,0.469063,1.512917
1435,47.833333,1,538.672199,411.946846,447.796221,416.601284,493.23421,414.274065,2.867677,1.444406,-1.819935,1.387789,0.523871,1.416098
1436,47.866667,1,537.411861,412.702199,446.332846,416.677083,491.872354,414.689641,2.808738,1.659827,-1.7806,1.451832,0.514069,1.55583
1437,47.9,1,536.779022,413.089682,445.717707,417.238512,491.248364,415.164097,2.781692,1.630668,-1.762398,1.367351,0.509647,1.49901
1438,47.933333,1,536.615219,413.168989,445.540724,417.74737,491.077971,415.45818,2.696134,1.834006,-1.795511,1.526107,0.450312,1.680056
1439,47.966667,1,536.649742,413.735644,445.480223,418.85523,491.064982,416.295437,2.741013,1.569027,-1.751804,1.675893,0.494605,1.62246
1440,48.0,1,536.538124,414.365233,445.489388,419.866723,491.013756,417.115978,2.770492,1.526146,-1.714998,1.681703,0.527747,1.603924
1441,48.033333,1,536.424265,415.184423,445.617638,420.335015,491.020951,417.759719,2.745101,1.472687,-1.721951,1.552995,0.511575,1.512841
1442,48.066667,1,536.917601,416.260707,445.593033,421.965873,491.255317,419.11329,2.883029,1.489835,-1.68895,1.582703,0.59704,1.536269
1443,48.1,1,537.832193,417.009451,445.861712,423.802006,491.846952,420.405729,3.018977,1.473881,-1.68545,2.02377,0.666763,1.748825
1444,48.133333,1,538.202076,418.875475,446.493378,426.945105,492.347727,422.91029,2.995864,0.993413,-1.690918,2.468307,0.652473,1.73086
1445,48.166667,1,538.152294,420.553819,446.588058,427.798626,492.370176,424.176223,3.013818,0.906985,-1.697247,2.382315,0.658286,1.64465
1446,48.2,1,538.542995,422.325772,446.461306,428.109848,492.502151,425.21781,2.984223,0.821068,-1.685939,1.678715,0.649142,1.249892
1447,48.233333,1,539.202185,423.444822,446.630716,429.066056,492.916451,426.255439,2.985674,0.908946,-1.676958,1.874027,0.654358,1.391486
1448,48.266667,1,538.369589,424.304062,446.178503,429.589226,492.274046,426.946644,3.01206,1.006815,-1.688604,1.698406,0.661728,1.352611
1449,48.3,1,537.894974,424.089432,445.323591,429.656775,491.609282,426.873103,3.063705,1.194917,-1.685496,1.781731,0.689104,1.488324
1450,48.333333,1,536.870928,424.305264,444.556808,429.391741,490.713868,426.848502,3.110441,1.261606,-1.674333,1.744557,0.718054,1.503082
1451,48.366667,1,534.660149,425.095314,443.716784,430.581536,489.188466,427.838425,3.041852,3.00079,-1.733472,2.04141,0.65419,2.5211
1452,48.4,1,530.834332,428.505131,441.79266,434.214277,486.313496,431.359704,2.790974,55.55842,-1.678711,9.703436,0.556131,32.630928
1453,48.433333,1,529.658461,428.844559,441.386776,435.138277,485.522618,431.991418,2.80885,12.669713,-1.654311,32.156231,0.577269,22.412972
1454,48.466667,1,530.8813,427.850436,440.087605,434.420604,485.484452,431.13552,2.834514,4.349132,-1.703757,17.723742,0.565379,11.036437
1455,48.5,1,531.287127,425.26985,440.900297,433.038172,486.093712,429.154011,2.862802,17.542282,-1.635559,22.084899,0.613622,19.81359
1456,48.533333,1,533.266916,424.540923,443.063841,431.300508,488.165379,427.920715,2.819222,28.56336,-1.656136,18.355708,0.581543,23.459534
1457,48.566667,1,534.604979,422.746321,442.910204,429.909697,488.757591,426.328009,2.862528,7.880314,-1.69359,19.422679,0.584469,13.651496
1458,48.6,1,535.35634,421.856965,444.000635,428.163096,489.678488,425.01003,2.853675,1.775898,-1.73202,4.103346,0.560827,2.939622
1459,48.633333,1,535.284672,421.443079,443.627558,428.010532,489.456115,424.726805,2.94553,1.645968,-1.721101,2.033287,0.612214,1.839628
1460,48.666667,1,534.829769,421.718638,443.149252,428.230612,488.989511,424.974625,2.925344,1.803592,-1.71837,1.52368,0.603487,1.663636
1461,48.7,1,533.604898,421.166275,441.651125,429.420279,487.628012,425.293277,2.949691,1.60042,-1.711189,2.039543,0.619251,1.819982
1462,48.733333,1,529.239702,421.768066,439.020672,429.811689,484.130187,425.789877,2.877757,1.421208,-1.6301,1.60538,0.623828,1.513294
1463,48.766667,1,525.319452,421.531591,432.484999,432.290275,478.902225,426.910933,2.931549,2.215421,-1.632143,1.687157,0.649703,1.951289
1464,48.8,1,514.018431,420.409033,424.10327,433.878454,469.06085,427.143744,2.746579,1.673791,-1.66821,1.753247,0.539184,1.713519
1465,48.833333,1,500.56097,421.612219,414.572496,436.165348,457.566733,428.888783,2.897106,1.362514,-1.692686,1.816728,0.60221,1.589621
1466,48.866667,1,491.070776,422.005785,407.952957,438.015386,449.511867,430.010585,3.037372,1.042667,-1.653382,1.896012,0.691995,1.469339
1467,48.9,1,484.70952,423.496985,402.133589,438.796263,443.421555,431.146624,3.054342,1.075557,-1.542236,2.158613,0.756053,1.617085
1468,48.933333,1,479.506264,423.393602,398.16493,439.403107,438.835597,431.398355,3.084847,0.888073,-1.56356,2.328338,0.760644,1.608205
1469,48.966667,1,475.681839,423.293245,395.559111,438.944685,435.620475,431.118965,3.185347,0.723333,-1.557876,2.900358,0.813736,1.811845
1470,49.0,1,474.025497,422.469485,393.742704,438.891299,433.884101,430.680392,3.12333,0.836032,-1.555485,2.837316,0.783923,1.836674
1471,49.033333,1,473.927917,422.880399,393.862791,437.396879,433.895354,430.138639,3.165057,0.736258,-1.544462,2.511149,0.810297,1.623704
1472,49.066667,1,474.334955,422.390381,394.246254,437.148163,434.290605,429.769272,3.195477,0.860063,-1.551117,2.474979,0.82218,1.667521
1473,49.1,1,476.049585,422.491983,395.962849,436.460187,436.006217,429.476085,3.129831,0.803391,-1.562413,2.617815,0.783709,1.710603
1474,49.133333,1,478.931417,422.236937,398.396196,435.602793,438.663807,428.919865,3.096554,1.029892,-1.612717,2.766013,0.741919,1.897952
1475,49.166667,1,481.546917,421.440343,400.502357,434.890366,441.024637,428.165354,3.11218,1.003844,-1.607771,2.259191,0.752205,1.631517
1476,49.2,1,484.037294,421.762315,402.611723,435.078013,443.324509,428.420164,3.174052,1.023339,-1.526106,1.880359,0.823973,1.451849
1477,49.233333,1,487.43247,421.183923,404.622278,434.196521,446.027374,427.690222,3.070318,0.841349,-1.47642,2.025515,0.796949,1.433432
1478,49.266667,1,488.979836,420.945497,406.673613,433.708906,447.826724,427.327201,2.953139,0.85491,-1.540397,1.63078,0.706371,1.242845
1479,49.3,1,491.329575,420.375152,409.215231,433.036294,450.272403,426.705723,2.944452,0.752633,-1.540521,2.007752,0.701966,1.380193
1480,49.333333,1,493.95195,420.051334,410.303078,433.086516,452.127514,426.568925,2.916383,0.803032,-1.534772,2.302533,0.690805,1.552783
1481,49.366667,1,496.062384,420.183384,411.32143,432.425362,453.691907,426.304373,2.908362,1.002311,-1.531228,2.101114,0.688567,1.551713
1482,49.4,1,497.57885,419.765099,412.467861,432.42739,455.023355,426.096244,2.928653,0.97366,-1.551371,2.196643,0.688641,1.585152
1483,49.433333,1,498.634739,419.646857,413.934717,432.873462,456.284728,426.26016,2.905086,0.99021,-1.536269,1.963577,0.684409,1.476893
1484,49.466667,1,500.767899,420.016851,416.831303,434.788914,458.799601,427.402883,3.020776,1.339969,-1.564294,2.464651,0.728241,1.90231
1485,49.5,1,505.470066,421.302949,421.13246,434.942433,463.301263,428.122691,3.066506,5.499579,-1.489974,4.931887,0.788266,5.215733
1486,49.533333,1,509.57756,421.827729,423.190088,435.28258,466.383824,428.555154,3.037438,6.534011,-1.52154,7.624705,0.757949,7.079358
1487,49.566667,1,512.109165,420.497385,425.647278,433.47888,468.878222,426.988133,3.006641,10.879953,-1.514284,9.222445,0.746179,10.051199
1488,49.6,1,514.081039,417.524532,427.315388,430.562471,470.698214,424.043502,2.936569,6.200141,-1.499169,5.495877,0.7187,5.848009
1489,49.633333,1,517.281322,414.051189,429.856586,426.712257,473.568954,420.381723,2.998544,7.61661,-1.501828,7.259297,0.748358,7.437953
1490,49.666667,1,519.054642,411.448063,431.36672,423.20352,475.210681,417.325791,2.96034,1.917452,-1.556623,3.655308,0.701858,2.78638
1491,49.7,1,521.937561,410.533955,432.738409,421.25615,477.337985,415.895053,3.06622,1.683119,-1.530658,2.527306,0.767781,2.105212
1492,49.733333,1,522.979012,411.100717,433.207359,421.292349,478.093185,416.196533,3.036225,1.112712,-1.509718,2.31143,0.763253,1.712071
1493,49.766667,1,524.163237,411.269985,434.195919,421.665369,479.179578,416.467677,3.030061,1.31982,-1.4893,2.139182,0.770381,1.729501
1494,49.8,1,525.693083,411.641042,435.24827,421.936551,480.470676,416.788797,2.983973,1.470203,-1.538847,2.212066,0.722563,1.841134
1495,49.833333,1,526.538229,412.772108,436.29117,422.989672,481.4147,417.88089,2.95263,1.219628,-1.546356,2.174922,0.703137,1.697275
1496,49.866667,1,527.700977,414.226906,436.76012,423.652049,482.230549,418.939478,2.948264,1.21496,-1.545907,1.924781,0.701179,1.569871
1497,49.9,1,528.676968,416.002657,437.475557,424.501623,483.076262,420.25214,2.937189,1.370653,-1.566079,1.77782,0.685555,1.574236
1498,49.933333,1,529.271975,417.410517,438.300381,425.386065,483.786178,421.398291,2.953247,1.475067,-1.566133,1.857817,0.693557,1.666442
1499,49.966667,1,530.074196,418.024346,438.540201,425.648063,484.307199,421.836205,2.978156,1.437548,-1.554493,1.906837,0.711831,1.672193
1500,50.0,1,531.507978,418.340342,440.59598,425.565301,486.051979,421.952822,2.974946,1.35174,-1.537832,1.969747,0.718557,1.660743
1501,50.033333,1,532.612886,418.081734,441.471996,425.032099,487.042441,421.556917,2.919859,1.180859,-1.555321,2.111436,0.682269,1.646148
1502,50.066667,1,532.839022,417.713649,441.544046,424.975784,487.191534,421.344717,2.915876,1.347554,-1.593168,2.275923,0.661354,1.811739
1503,50.1,1,533.086824,417.95743,441.846991,424.964315,487.466908,421.460872,2.917179,1.348622,-1.599166,2.22364,0.659007,1.786131
1504,50.133333,1,533.395967,418.087592,442.018013,425.019568,487.70699,421.55358,2.959886,1.16418,-1.612977,2.186502,0.673455,1.675341
1505,50.166667,1,533.805695,418.222861,442.013702,425.050982,487.909698,421.636922,2.933454,1.23691,-1.637813,2.138439,0.647821,1.687675
1506,50.2,1,534.16069,418.456879,442.291679,425.593228,488.226185,422.025054,2.946498,1.068592,-1.649649,2.114234,0.648425,1.591413
1507,50.233333,1,534.931211,418.799654,442.409925,425.786326,488.670568,422.29299,2.999645,1.029495,-1.66942,2.141954,0.665112,1.585725
1508,50.266667,1,535.43499,419.025507,442.595243,425.693007,489.015117,422.359257,3.011089,0.988498,-1.66424,2.300514,0.673425,1.644506
1509,50.3,1,535.818052,419.281057,442.781324,425.858381,489.299688,422.569719,2.994179,0.89436,-1.661427,2.186018,0.666376,1.540189
1510,50.333333,1,536.504335,419.598813,443.247385,426.277556,489.87586,422.938185,3.039051,1.162585,-1.683379,2.213473,0.677836,1.688029
1511,50.366667,1,537.206011,419.955032,443.662119,426.817442,490.434065,423.386237,3.081472,1.376412,-1.668096,2.165197,0.706688,1.770805
1512,50.4,1,538.013687,420.050969,444.560137,426.875528,491.286912,423.463249,3.039047,1.431288,-1.659398,2.24081,0.689824,1.836049
1513,50.433333,1,538.316317,420.308762,445.531197,426.544286,491.923757,423.426524,3.005848,1.552743,-1.627487,2.190412,0.68918,1.871578
1514,50.466667,1,538.577709,420.53838,446.695805,426.325321,492.636757,423.431851,2.934955,1.538596,-1.648459,1.951132,0.643248,1.744864
1515,50.5,1,539.695835,421.098779,447.549706,426.575378,493.62277,423.837079,2.926575,1.320649,-1.675496,1.779136,0.62554,1.549892
1516,50.533333,1,541.587992,421.178387,449.236679,426.429359,495.412335,423.803873,2.906393,1.594861,-1.722993,1.840942,0.5917,1.717901
1517,50.566667,1,546.527548,421.452713,454.436722,425.99262,500.482135,423.722667,2.948745,2.094453,-1.77141,2.820048,0.588667,2.457251
1518,50.6,1,551.033792,422.000903,458.571768,426.15454,504.80278,424.077721,2.956353,1.5125,-1.70137,3.465121,0.627491,2.488811
1519,50.633333,1,553.614426,423.321998,462.211533,425.978104,507.912979,424.650051,2.96672,2.044677,-1.681247,3.068144,0.642736,2.556411
1520,50.666667,1,556.003618,423.757149,464.765406,425.702952,510.384512,424.730051,2.917838,2.029431,-1.692708,3.730362,0.612565,2.879897
1521,50.7,1,557.829571,424.032065,467.474985,425.829746,512.652278,424.930905,2.85618,2.013784,-1.704361,3.794693,0.57591,2.904238
1522,50.733333,1,559.601088,424.667287,469.387217,426.122289,514.494152,425.394788,2.851224,2.203687,-1.746385,3.114441,0.552419,2.659064
1523,50.766667,1,561.733418,425.63845,470.625391,426.370822,516.179404,426.004636,2.906734,2.651893,-1.798363,3.006321,0.554185,2.829107
1524,50.8,1,563.603268,425.822879,472.433271,427.08944,518.01827,426.456159,2.816299,2.481509,-1.771552,3.176326,0.522373,2.828918
1525,50.833333,1,565.025339,426.030192,473.653231,426.692827,519.339285,426.36151,2.904721,2.731632,-1.766376,3.183458,0.569173,2.957545
1526,50.866667,1,566.515274,426.398299,475.230427,426.893789,520.87285,426.646044,2.793544,2.582399,-1.777979,3.258013,0.507782,2.920206
1527,50.9,1,567.746677,426.892211,476.590977,427.459477,522.168827,427.175844,2.782293,2.356295,-1.778738,3.212673,0.501777,2.784484
1528,50.933333,1,568.273258,427.473489,476.688328,428.097446,522.480793,427.785468,2.797441,2.550857,-1.824017,3.383246,0.486712,2.967052
1529,50.966667,1,568.599148,427.737429,476.949043,428.328277,522.774096,428.032853,2.796086,2.435112,-1.815827,3.409041,0.490129,2.922076
1530,51.0,1,568.413067,427.676554,477.154617,427.994964,522.783842,427.835759,2.7809,2.377911,-1.814817,3.257866,0.483041,2.817888
1531,51.033333,1,566.001778,425.618838,475.811501,426.969384,520.906639,426.294111,2.746257,2.445509,-1.815801,3.816297,0.465228,3.130903
1532,51.066667,1,565.795107,424.748461,475.029678,425.69806,520.412393,425.223261,2.795076,2.322202,-1.805944,3.765097,0.494566,3.04365
1533,51.1,1,565.829315,424.819411,474.690056,425.147874,520.259686,424.983643,2.823486,2.363056,-1.782741,3.733221,0.520373,3.048139
1534,51.133333,1,565.87368,424.830194,474.338846,424.982511,520.106263,424.906352,2.813871,2.477938,-1.795108,3.63812,0.509382,3.058029
1535,51.166667,1,565.733767,424.983519,473.853683,424.75403,519.793725,424.868774,2.848842,2.535672,-1.80128,3.467519,0.523781,3.001596
1536,51.2,1,565.480375,424.770466,473.884449,424.684775,519.682412,424.72762,2.818831,2.481316,-1.795983,3.415257,0.511424,2.948287
1537,51.233333,1,565.431728,424.564,473.718023,424.55988,519.574876,424.56194,2.803044,2.510104,-1.809892,3.486639,0.496576,2.998372
1538,51.266667,1,565.344944,424.89477,474.010458,424.83397,519.677701,424.86437,2.765243,2.439002,-1.82562,3.578425,0.469812,3.008713
1539,51.3,1,565.634174,425.141437,474.128017,424.869654,519.881096,425.005546,2.777559,2.457058,-1.800849,3.41723,0.488355,2.937144
1540,51.333333,1,565.606508,425.412426,474.042416,425.108854,519.824462,425.26064,2.771462,2.495358,-1.812138,3.476641,0.479662,2.985999
1541,51.366667,1,565.612383,425.657419,473.895998,425.257148,519.75419,425.457283,2.774258,2.504066,-1.820421,3.377969,0.476919,2.941018
1542,51.4,1,565.829124,426.259671,474.598436,425.73001,520.21378,425.994841,2.819246,2.532314,-1.776739,3.302109,0.521253,2.917211
1543,51.433333,1,566.49272,427.171386,475.508566,426.453445,521.000643,426.812416,2.826036,2.398132,-1.76967,3.192007,0.528183,2.79507
1544,51.466667,1,566.405964,427.216791,475.421238,426.466051,520.913601,426.841421,2.827192,2.484802,-1.772768,3.099795,0.527212,2.792299
1545,51.5,1,566.535969,427.298598,475.474281,426.458005,521.005125,426.878302,2.846894,2.544442,-1.778821,2.928701,0.534036,2.736571
1546,51.533333,1,566.52688,427.560393,475.400429,426.362379,520.963655,426.961386,2.830147,2.44249,-1.788833,2.862835,0.520657,2.652663
1547,51.566667,1,566.412792,427.5449,475.315552,426.368977,520.864172,426.956939,2.815045,2.471674,-1.77468,2.807031,0.520183,2.639352
1548,51.6,1,566.604195,427.570499,475.225658,426.30911,520.914927,426.939805,2.833445,2.48052,-1.809909,2.820271,0.511768,2.650395
1549,51.633333,1,566.792927,427.332973,475.354891,426.156492,521.073909,426.744733,2.837385,2.524912,-1.816108,3.004156,0.510638,2.764534
1550,51.666667,1,567.203703,427.259824,475.476313,426.242098,521.340008,426.750961,2.819532,2.555186,-1.853037,2.788199,0.483248,2.671692
1551,51.7,1,567.797203,427.193842,476.105909,426.563716,521.951556,426.878779,2.795793,2.450408,-1.851022,2.712779,0.472386,2.581594
1552,51.733333,1,568.614054,427.509023,476.703653,426.498249,522.658854,427.003636,2.753425,2.552627,-1.872196,2.97092,0.440615,2.761773
1553,51.766667,1,569.132223,428.125405,477.158852,427.083281,523.145537,427.604343,2.733129,2.518066,-1.882649,2.882923,0.42524,2.700495
1554,51.8,1,569.712925,428.301862,477.162132,427.895594,523.437529,428.098728,2.722006,2.908068,-1.882982,3.246371,0.419512,3.077219
1555,51.833333,1,569.904366,428.843915,476.624069,428.181292,523.264217,428.512604,2.761684,2.9485,-1.875084,3.041054,0.4433,2.994777
1556,51.866667,1,570.227757,429.089316,477.625055,428.475831,523.926406,428.782573,2.754585,2.953143,-1.859973,3.037905,0.447306,2.995524
1557,51.9,1,570.831347,429.373459,478.067265,428.825483,524.449306,429.099471,2.739894,2.784677,-1.84472,3.010254,0.447587,2.897465
1558,51.933333,1,570.567684,429.372729,478.343601,428.662223,524.455643,429.017476,2.714812,2.802103,-1.869394,3.089972,0.422709,2.946038
1559,51.966667,1,570.655842,429.338547,478.075647,428.482429,524.365745,428.910488,2.730738,2.742296,-1.872243,2.963164,0.429247,2.85273
1560,52.0,1,568.539619,428.928716,475.596542,427.819945,522.068081,428.37433,2.704637,3.990287,-1.971874,3.655577,0.366382,3.822932
1561,52.033333,1,563.194647,429.596436,472.164478,428.848432,517.679563,429.222434,2.656019,7.355885,-1.917337,5.874259,0.369341,6.615072
1562,52.066667,1,559.312153,431.884178,471.199417,431.359828,515.255785,431.622003,2.518686,31.274715,-1.749594,72.896736,0.384546,52.085725
1563,52.1,1,559.027328,431.700436,470.264816,431.631793,514.646072,431.666114,2.513705,25.233816,-1.773941,68.27054,0.369882,46.752178
1564,52.133333,1,557.575407,431.885058,468.078241,431.608071,512.826824,431.746565,2.542749,23.669763,-1.774277,55.742554,0.384236,39.706159
1565,52.166667,1,555.250597,429.6966,467.74477,429.837416,511.497684,429.767008,2.63647,34.056563,-1.797351,33.189789,0.41956,33.623176
1566,52.2,1,556.358461,426.921576,465.076256,427.038177,510.717359,426.979877,2.827281,6.895161,-1.889704,10.300193,0.468789,8.597677
1567,52.233333,1,556.047258,425.300707,464.167995,425.572608,510.107627,425.436657,2.868467,3.750157,-1.930496,3.879658,0.468985,3.814908
1568,52.266667,1,555.619469,424.203801,463.361015,424.509423,509.490242,424.356612,2.817609,2.888421,-1.897406,3.038314,0.460102,2.963367
1569,52.3,1,555.314884,424.025928,463.039808,424.001584,509.177346,424.013756,2.808768,2.910336,-1.841765,2.392419,0.483502,2.651378
1570,52.333333,1,554.79764,423.652532,462.714586,423.507231,508.756113,423.579882,2.811173,2.870774,-1.828409,2.117349,0.491382,2.494061
1571,52.366667,1,554.355803,423.353487,462.656088,423.551574,508.505945,423.452531,2.801079,2.401085,-1.814588,1.964968,0.493245,2.183026
1572,52.4,1,554.390535,423.177556,462.626381,423.139812,508.508458,423.158684,2.786982,2.311653,-1.829915,1.969095,0.478533,2.140374
1573,52.433333,1,554.27206,423.058004,462.571144,422.798442,508.421602,422.928223,2.782635,2.218277,-1.821013,1.918624,0.480811,2.068451
1574,52.466667,1,554.687405,422.885174,462.750492,422.665672,508.718948,422.775423,2.800779,2.267046,-1.811672,1.998205,0.494554,2.132626
1575,52.5,1,555.106735,422.567482,462.706108,422.453413,508.906422,422.510448,2.847896,2.355219,-1.81034,2.125319,0.518778,2.240269
1576,52.533333,1,555.40204,422.252226,463.067951,421.97569,509.234996,422.113958,2.86212,2.409362,-1.806149,2.145186,0.527986,2.277274
1577,52.566667,1,555.630484,421.961818,462.66778,422.186447,509.149132,422.074133,2.882242,2.429317,-1.800627,2.162229,0.540807,2.295773
1578,52.6,1,555.523844,422.114607,462.687006,421.977257,509.105425,422.045932,2.882571,2.479288,-1.79409,2.078297,0.544241,2.278793
1579,52.633333,1,554.947395,421.901618,461.950445,422.425754,508.44892,422.163686,2.869283,2.392801,-1.784106,2.235433,0.542588,2.314117
1580,52.666667,1,553.636694,421.893432,460.902348,422.838439,507.269521,422.365935,2.875222,2.223873,-1.815376,2.301552,0.529923,2.262713
1581,52.7,1,551.378078,421.929073,459.201221,422.913702,505.28965,422.421387,2.872859,2.155637,-1.768083,2.408302,0.552388,2.28197
1582,52.733333,1,549.427547,421.61931,456.56208,422.80387,502.994814,422.21159,3.015241,2.151092,-1.739348,2.236259,0.637947,2.193675
1583,52.766667,1,546.839333,420.994527,453.971224,423.833839,500.405278,422.414183,3.044818,1.953976,-1.699563,2.530467,0.672627,2.242222
1584,52.8,1,544.383097,420.520635,451.117249,424.340626,497.750173,422.43063,3.02336,1.819025,-1.691705,2.509557,0.665828,2.164291
1585,52.833333,1,542.09341,420.60595,448.848381,424.756444,495.470896,422.681197,3.023207,1.450504,-1.661532,2.216168,0.680837,1.833336
1586,52.866667,1,539.75111,420.321014,447.313128,425.265999,493.532119,422.793506,2.984124,1.300074,-1.639264,2.07819,0.67243,1.689132
1587,52.9,1,538.327188,420.236439,445.397234,425.538855,491.862211,422.887647,3.045816,1.368137,-1.629527,1.928466,0.708144,1.648301
1588,52.933333,1,536.865444,420.590308,443.992176,425.733808,490.42881,423.162058,3.1056,1.45112,-1.633243,2.216499,0.736179,1.83381
1589,52.966667,1,534.663,421.475748,441.523542,428.240536,488.093271,424.858142,3.115271,1.352804,-1.692103,3.306176,0.711584,2.32949
1590,53.0,1,530.591602,422.196329,438.4091,429.964532,484.500351,426.08043,3.039022,2.635536,-1.668531,2.98614,0.685245,2.810838
1591,53.033333,1,530.372362,422.068741,437.743244,428.999655,484.057803,425.534198,3.039315,2.226091,-1.658373,3.001102,0.690471,2.613597
1592,53.066667,1,528.739729,421.783698,436.483469,428.282851,482.611599,425.033274,2.904916,2.129713,-1.631449,2.401419,0.636733,2.265566
1593,53.1,1,527.594213,421.328033,435.551291,427.919412,481.572752,424.623722,2.895079,1.638287,-1.61789,2.170968,0.638595,1.904628
1594,53.133333,1,526.446686,421.30179,433.526735,428.450468,479.986711,424.876129,2.87947,2.233967,-1.642067,2.054784,0.618702,2.144375
1595,53.166667,1,525.304251,421.370745,431.836596,429.415666,478.570423,425.393205,2.897243,1.987418,-1.634508,1.937602,0.631368,1.96251
1596,53.2,1,522.877626,422.62089,431.178827,431.934453,477.028227,427.277672,3.005194,3.257576,-1.563396,2.657798,0.720899,2.957687
1597,53.233333,1,519.06311,425.021178,427.730436,436.272722,473.396773,430.64695,2.920743,14.033376,-1.594395,6.80176,0.663174,10.417568
1598,53.266667,1,517.170753,425.263209,426.575155,436.716735,471.872954,430.989972,2.847519,30.461888,-1.612783,4.556408,0.617368,17.509148
1599,53.3,1,517.224579,424.395139,425.091038,434.999199,471.157808,429.697169,2.960884,5.322944,-1.635954,4.975175,0.662465,5.149059
1600,53.333333,1,514.887848,423.699632,423.394947,434.607124,469.141397,429.153378,2.962749,1.83558,-1.606279,2.215428,0.678235,2.025504
1601,53.366667,1,514.020615,423.60613,422.949514,433.975035,468.485065,428.790582,2.914368,1.922369,-1.590643,1.805826,0.661863,1.864098
1602,53.4,1,513.18121,423.12624,421.715612,434.664502,467.448411,428.895371,2.948735,1.458511,-1.534883,1.97937,0.706926,1.718941
1603,53.433333,1,512.668009,422.717643,420.823669,434.59602,466.745839,428.656831,2.968262,1.031782,-1.511805,2.040753,0.728228,1.536267
1604,53.466667,1,512.335281,422.597458,421.00029,434.650083,466.667786,428.62377,2.998353,1.059954,-1.513806,1.939479,0.742274,1.499717
1605,53.5,1,512.151423,422.491447,420.629578,434.361477,466.3905,428.426462,2.990322,1.078161,-1.512371,1.943048,0.738976,1.510604
1606,53.533333,1,511.99728,422.286333,420.691586,434.526218,466.344433,428.406276,2.990655,1.032623,-1.518531,1.933271,0.736062,1.482947
1607,53.566667,1,512.18955,422.382613,420.880356,434.523761,466.534953,428.453187,2.977543,1.073944,-1.524518,1.909266,0.726513,1.491605
1608,53.6,1,512.346916,422.68801,421.350927,434.911051,466.848922,428.79953,2.954931,1.357926,-1.54111,1.868226,0.706911,1.613076
1609,53.633333,1,512.16074,423.697883,421.847153,435.558579,467.003946,429.628231,2.9225,1.595101,-1.615583,2.80151,0.653458,2.198305
1610,53.666667,1,512.754488,423.855994,422.148752,435.978838,467.45162,429.917416,2.87239,11.320608,-1.646137,6.644998,0.613127,8.982803
1611,53.7,1,513.743591,423.427001,422.948027,436.123999,468.345809,429.7755,2.841224,13.228912,-1.664476,7.080487,0.588374,10.1547
1612,53.733333,1,514.174013,422.20445,422.863283,434.438038,468.518648,428.321244,2.814065,5.447524,-1.720309,7.751,0.546878,6.599262
1613,53.766667,1,514.997749,420.354445,424.393778,431.808604,469.695764,426.081524,2.856542,3.228948,-1.669835,4.142056,0.593354,3.685502
1614,53.8,1,515.449047,417.73677,422.792416,429.918505,469.120731,423.827637,2.831714,0.958022,-1.645496,2.393385,0.593109,1.675703
1615,53.833333,1,516.763172,416.244131,423.377142,428.280394,470.070157,422.262263,2.938086,1.041308,-1.648702,2.406124,0.644692,1.723716
1616,53.866667,1,516.912994,415.523443,424.795027,426.763476,470.854011,421.14346,3.021616,0.773926,-1.612203,2.066135,0.704706,1.420031
1617,53.9,1,517.350788,414.398192,424.569187,425.909343,470.959988,420.153767,3.04038,0.659407,-1.606683,2.041032,0.716848,1.35022
1618,53.933333,1,518.264904,413.611758,425.691605,424.27429,471.978254,418.943024,3.012669,0.863186,-1.617724,1.787476,0.697472,1.325331
1619,53.966667,1,519.173317,412.726994,426.618462,423.188252,472.895889,417.957623,3.015849,0.819142,-1.615976,1.856546,0.699937,1.337844
1620,54.0,1,520.363274,412.122617,427.5175,422.152619,473.940387,417.137618,3.038518,0.931626,-1.621668,1.685391,0.708425,1.308508
1621,54.033333,1,521.595125,411.015669,428.792162,420.967963,475.193644,415.991816,3.010473,1.038106,-1.614748,1.722367,0.697863,1.380236
1622,54.066667,1,522.796087,410.080941,429.700069,420.356623,476.248078,415.218782,2.992651,1.090453,-1.607817,1.75995,0.692417,1.425201
1623,54.1,1,523.966141,409.330072,430.960646,419.741646,477.463393,414.535859,2.952651,0.881698,-1.624539,2.015606,0.664056,1.448652
1624,54.133333,1,526.372814,408.070035,432.240973,419.273107,479.306893,413.671571,3.048695,0.918788,-1.638713,2.152803,0.704991,1.535795
1625,54.166667,1,527.971373,407.721434,434.205217,418.953162,481.088295,413.337298,3.086436,0.63792,-1.625586,2.313249,0.730425,1.475585
1626,54.2,1,529.411983,407.869738,435.743694,418.910601,482.577839,413.39017,3.014241,0.0368,-1.644772,2.331971,0.684735,1.184386
1627,54.233333,1,530.572424,408.062847,436.977406,418.264339,483.774915,413.163593,3.073474,0.667695,-1.624522,2.186267,0.724476,1.426981
1628,54.266667,1,530.46196,408.312185,437.364588,418.646135,483.913274,413.47916,2.955013,0.324049,-1.640179,1.853736,0.657417,1.088893
1629,54.3,1,531.311684,408.192269,437.918749,418.478626,484.615216,413.335447,3.065546,0.48286,-1.627911,2.14295,0.718817,1.312905
1630,54.333333,1,531.420231,408.44607,438.198481,418.770633,484.809356,413.608351,2.969718,0.333306,-1.641554,1.781343,0.664082,1.057325
1631,54.366667,1,531.694708,408.420449,438.217821,418.9543,484.956264,413.687375,3.008218,0.442091,-1.644438,1.905412,0.68189,1.173751
1632,54.4,1,531.63763,408.47404,438.194628,419.092305,484.916129,413.783172,2.982774,0.506462,-1.649074,1.857533,0.66685,1.181997
1633,54.433333,1,531.438074,408.385624,438.163996,419.164499,484.801035,413.775061,2.977248,0.463676,-1.647273,1.884066,0.664987,1.173871
1634,54.466667,1,531.220665,408.183213,438.007936,419.186772,484.614301,413.684993,2.964754,0.356647,-1.642124,2.046428,0.661315,1.201537
1635,54.5,1,530.871611,407.777116,437.643232,419.184026,484.257421,413.480571,2.979479,0.43076,-1.655872,2.094862,0.661804,1.262811
1636,54.533333,1,530.752831,407.858387,437.451258,419.226061,484.102044,413.542224,2.990319,0.508817,-1.65323,2.065421,0.668545,1.287119
1637,54.566667,1,530.389414,407.722421,437.308664,419.268043,483.849039,413.495232,2.961952,0.389534,-1.641201,2.150917,0.660375,1.270226
1638,54.6,1,529.881191,407.502222,437.099848,419.200408,483.49052,413.351315,2.912511,0.205932,-1.63365,2.055502,0.639431,1.130717
1639,54.633333,1,529.293871,407.418462,436.791782,419.642887,483.042827,413.530675,2.9002,0.162692,-1.630699,2.19178,0.63475,1.177236
1640,54.666667,1,528.580875,407.371684,436.005878,419.836489,482.293377,413.604087,2.835134,0.217023,-1.654161,2.055568,0.590486,1.136295
1641,54.7,1,528.218489,407.305981,435.94244,419.804463,482.080464,413.555222,2.839985,0.270024,-1.641401,2.084284,0.599292,1.177154
1642,54.733333,1,528.151236,407.2228,436.117601,420.110536,482.134418,413.666668,2.827299,0.246228,-1.639685,2.076372,0.593807,1.1613
1643,54.766667,1,528.196383,407.145875,436.524038,420.310864,482.36021,413.728369,2.850836,0.259587,-1.62739,2.100664,0.611723,1.180125
1644,54.8,1,528.336821,407.473179,436.697292,420.547489,482.517056,414.010334,2.833889,0.376565,-1.626863,2.013483,0.603513,1.195024
1645,54.833333,1,528.680058,407.495656,436.839819,420.680602,482.759938,414.088129,2.851377,0.519994,-1.633363,1.953096,0.609007,1.236545
1646,54.866667,1,528.358126,408.009996,436.529627,421.425902,482.443876,414.717949,2.83339,0.274269,-1.629677,2.017132,0.601856,1.1457
1647,54.9,1,527.244339,408.877562,436.136189,421.780382,481.690264,415.328972,2.861884,0.106813,-1.610829,1.811078,0.625528,0.958945
1648,54.933333,1,525.440998,410.474893,433.770885,424.387028,479.605942,417.430961,2.88324,0.285649,-1.672872,2.784051,0.605184,1.53485
1649,54.966667,1,522.051506,412.004449,432.893572,426.339387,477.472539,419.171918,2.80765,-0.938771,-1.630538,20.161536,0.588556,9.611383
1650,55.0,1,520.409441,410.929195,430.28388,425.740256,475.346661,418.334725,2.794101,1.823302,-1.664614,9.837887,0.564743,5.830595
1651,55.033333,1,517.559891,410.442696,425.839643,425.080079,471.699767,417.761387,2.814847,1.255562,-1.769877,2.297301,0.522485,1.776431
1652,55.066667,1,516.086302,409.59766,423.916512,425.044427,470.001407,417.321044,2.78145,1.370647,-1.753846,2.041658,0.513802,1.706153
1653,55.1,1,515.577745,409.378449,423.288193,424.867272,469.432969,417.122861,2.787733,1.129681,-1.770422,2.000811,0.508656,1.565246
1654,55.133333,1,515.223799,409.401237,422.392426,424.815634,468.808112,417.108436,2.813842,1.099502,-1.75574,1.896219,0.529051,1.49786
1655,55.166667,1,514.55143,409.03224,421.631193,424.335744,468.091311,416.683992,2.812312,1.161569,-1.756711,1.843326,0.527801,1.502447
1656,55.2,1,514.263754,409.159709,421.314039,424.436327,467.788897,416.798018,2.810454,1.116828,-1.746216,1.863349,0.532119,1.490088
1657,55.233333,1,514.204903,409.167176,421.372519,424.401845,467.788711,416.784511,2.799289,1.142891,-1.730208,1.844725,0.53454,1.493808
1658,55.266667,1,514.228516,409.306072,421.306906,424.49864,467.767711,416.902356,2.79519,1.198493,-1.73337,1.884188,0.53091,1.541341
1659,55.3,1,514.092035,409.263811,421.464548,424.390343,467.778292,416.827077,2.797374,1.212377,-1.729578,1.879881,0.533898,1.546129
1660,55.333333,1,513.930216,409.311758,421.679354,424.511826,467.804785,416.911792,2.78387,1.187831,-1.732386,1.952092,0.525742,1.569962
1661,55.366667,1,513.86632,409.474922,420.965853,424.541523,467.416086,417.008223,2.792645,1.213271,-1.758822,1.982798,0.516911,1.598035
1662,55.4,1,512.821932,409.278048,420.492601,424.556801,466.657267,416.917425,2.788198,1.195384,-1.795433,2.111785,0.496382,1.653585
1663,55.433333,1,512.70133,409.344513,420.15871,424.491613,466.43002,416.918063,2.775263,1.206673,-1.790148,2.036299,0.492557,1.621486
1664,55.466667,1,512.591686,409.389167,420.068865,424.551866,466.330276,416.970516,2.759146,1.202191,-1.796513,2.15371,0.481317,1.677951
1665,55.5,1,512.584953,409.531442,420.146818,424.740189,466.365886,417.135816,2.764435,1.252313,-1.777206,2.144514,0.493614,1.698414
1666,55.533333,1,512.526369,410.181534,420.209227,425.343279,466.367798,417.762406,2.768291,1.182283,-1.802492,2.304042,0.482899,1.743163
1667,55.566667,1,513.165474,412.576103,420.659018,428.013965,466.912246,420.295034,2.892334,1.227078,-1.798171,2.937818,0.547081,2.082448
1668,55.6,1,516.6786,414.966005,428.215761,429.160309,472.447181,422.063157,2.916724,7.351003,-1.641848,14.08231,0.637438,10.716656
1669,55.633333,1,517.333183,415.336118,427.734165,429.217901,472.533674,422.277009,2.923331,4.838642,-1.619625,13.169611,0.651853,9.004127
1670,55.666667,1,519.873476,415.25048,428.416195,428.728344,474.144835,421.989412,2.972314,4.660856,-1.640504,9.897207,0.665905,7.279032
1671,55.7,1,521.123085,414.788604,428.810377,427.405125,474.966731,421.096864,2.99049,1.657186,-1.64097,3.791954,0.67476,2.72457
1672,55.733333,1,521.479387,414.85008,430.441179,426.747608,475.960283,420.798844,2.954879,1.074902,-1.596045,2.60742,0.679417,1.841161
1673,55.766667,1,521.404066,414.655545,430.492926,426.081122,475.948496,420.368333,2.943657,1.242372,-1.574379,2.291697,0.684639,1.767034
1674,55.8,1,521.88756,414.938067,430.708971,425.885031,476.298265,420.411549,2.929256,1.165168,-1.571538,2.208455,0.678859,1.686811
1675,55.833333,1,522.010384,415.371104,430.760622,425.615158,476.385503,420.493131,2.916237,1.166808,-1.569955,1.968498,0.673141,1.567653
1676,55.866667,1,522.052841,415.38517,430.631561,425.613098,476.342201,420.499134,2.933587,1.345993,-1.56615,1.941305,0.683719,1.643649
1677,55.9,1,522.186432,415.395706,430.577564,425.585257,476.381998,420.490481,2.938778,1.318193,-1.566843,1.903585,0.685967,1.610889
1678,55.933333,1,522.388,415.325443,430.835247,425.811528,476.611624,420.568485,2.940433,1.223926,-1.588557,2.013082,0.675938,1.618504
1679,55.966667,1,522.713423,415.513659,431.177959,425.639513,476.945691,420.576586,2.950437,1.333503,-1.594135,1.968639,0.678151,1.651071
1680,56.0,1,523.149242,415.6547,431.597157,425.524714,477.373199,420.589707,2.963231,1.355983,-1.578466,1.839767,0.692383,1.597875
1681,56.033333,1,523.508129,415.733203,431.5446,425.753807,477.526364,420.743505,2.950611,1.341972,-1.584735,1.897596,0.682938,1.619784
1682,56.066667,1,523.932667,416.048309,432.370272,425.646551,478.151469,420.84743,2.968867,1.300463,-1.591859,1.753152,0.688504,1.526808
1683,56.1,1,524.307222,416.193577,432.49198,425.608335,478.399601,420.900956,2.96305,1.291136,-1.584807,1.752006,0.689121,1.521571
1684,56.133333,1,524.838495,416.714323,432.698383,425.928215,478.768439,421.321269,2.984608,1.454036,-1.59717,1.660666,0.693719,1.557351
1685,56.166667,1,525.240936,417.554905,434.456377,427.483778,479.848657,422.519342,2.988641,1.311962,-1.5782,1.737162,0.705221,1.524562
1686,56.2,1,526.512575,419.359217,435.732851,429.789501,481.122713,424.574359,3.033759,1.003571,-1.635662,2.363696,0.699049,1.683633
1687,56.233333,1,527.212448,420.73048,435.902987,430.919312,481.557717,425.824896,3.048854,0.798633,-1.652023,2.598231,0.698416,1.698432
1688,56.266667,1,527.390738,420.80246,436.257496,430.816026,481.824117,425.809243,3.041052,0.778606,-1.653333,2.611931,0.693859,1.695268
1689,56.3,1,527.475672,420.992424,436.082468,430.911684,481.77907,425.952054,3.046093,0.832343,-1.668264,2.662481,0.688915,1.747412
1690,56.333333,1,527.635384,420.926228,436.448708,430.95019,482.042046,425.938209,3.033257,0.814459,-1.668689,2.521799,0.682284,1.668129
1691,56.366667,1,527.95784,420.91096,436.470785,431.095072,482.214313,426.003016,3.011421,0.871333,-1.663207,2.842009,0.674107,1.856671
1692,56.4,1,528.126392,420.984968,436.621122,431.064259,482.373757,426.024613,3.015245,0.862408,-1.662555,2.972623,0.676345,1.917515
1693,56.433333,1,528.108339,421.125323,436.48777,431.025549,482.298055,426.075436,3.013236,0.899812,-1.676196,2.8753,0.66852,1.887556
1694,56.466667,1,527.602253,420.156895,435.6071,430.659127,481.604676,425.408011,3.071926,0.998309,-1.684153,3.325858,0.693886,2.162084
1695,56.5,1,526.129446,419.77482,434.683847,429.516217,480.406647,424.645518,2.953866,0.879987,-1.68532,2.002484,0.634273,1.441235
1696,56.533333,1,525.932016,419.593695,434.382553,429.220669,480.157285,424.407182,2.93659,1.031693,-1.691535,1.897366,0.622527,1.464529
1697,56.566667,1,525.901508,419.489937,434.147854,429.241902,480.024681,424.365919,2.939877,1.055777,-1.701499,1.847788,0.619189,1.451782
1698,56.6,1,526.238804,419.272753,434.120512,428.999859,480.179658,424.136306,2.920534,1.061398,-1.695346,1.796108,0.612594,1.428753
1699,56.633333,1,526.195192,419.238796,434.078989,428.820419,480.137091,424.029608,2.933479,1.056023,-1.706543,1.843694,0.613468,1.449859
1700,56.666667,1,526.329699,419.140509,434.097376,428.711307,480.213537,423.925908,2.904965,1.057336,-1.706222,1.805192,0.599371,1.431264
1701,56.7,1,526.385489,419.04748,434.055767,428.653328,480.220628,423.850404,2.892135,1.125991,-1.697497,1.853377,0.597319,1.489684
1702,56.733333,1,525.847797,418.644397,433.316231,428.605928,479.582014,423.625163,2.89274,1.205239,-1.699759,1.713905,0.596491,1.459572
1703,56.766667,1,524.21648,418.397977,431.981878,428.281488,478.099179,423.339733,2.828315,1.102282,-1.752759,1.526369,0.537778,1.314325
1704,56.8,1,524.207954,418.21945,431.721315,428.147131,477.964635,423.18329,2.836512,1.034228,-1.766696,1.591633,0.534908,1.312931
1705,56.833333,1,524.191408,418.102634,431.483831,428.105514,477.83762,423.104074,2.812088,1.026872,-1.765143,1.504732,0.523472,1.265802
1706,56.866667,1,523.877296,418.216692,431.485453,427.311151,477.681375,422.763922,2.7976,1.081512,-1.75738,1.301215,0.52011,1.191364
1707,56.9,1,523.610001,418.153692,430.934134,427.445787,477.272067,422.79974,2.812706,0.980319,-1.745288,1.301748,0.533709,1.141034
1708,56.933333,1,523.554554,418.051393,430.841961,427.534761,477.198257,422.793077,2.794906,0.926732,-1.745813,1.387096,0.524547,1.156914
1709,56.966667,1,523.42741,417.890182,430.943317,427.471107,477.185364,422.680644,2.774414,0.879584,-1.743582,1.410101,0.515416,1.144843
1710,57.0,1,523.1707,417.535937,430.468245,427.366694,476.819472,422.451316,2.853587,0.831804,-1.732444,1.372448,0.560572,1.102126
1711,57.033333,1,523.040314,417.426835,429.689789,427.484475,476.365051,422.455655,2.856836,0.722805,-1.744021,1.359762,0.556407,1.041284
1712,57.066667,1,522.803783,417.044685,429.048786,427.738985,475.926285,422.391835,2.840537,0.803576,-1.750235,1.522864,0.545151,1.16322
1713,57.1,1,522.61281,416.753719,428.716955,427.68931,475.664883,422.221515,2.852658,0.71965,-1.747494,1.583444,0.552582,1.151547
1714,57.133333,1,521.984463,416.811172,428.154421,427.957617,475.069442,422.384394,2.874057,0.916752,-1.742215,1.728297,0.565921,1.322524
1715,57.166667,1,520.416231,415.950183,427.449322,428.228445,473.932776,422.089314,2.865632,0.850891,-1.727668,2.002116,0.568982,1.426503
1716,57.2,1,519.612827,415.568022,426.438332,428.526245,473.025579,422.047133,2.876397,1.136955,-1.715558,2.139738,0.58042,1.638347
1717,57.233333,1,518.751831,415.672156,425.823956,428.64894,472.287893,422.160548,2.886284,1.248581,-1.707748,1.890393,0.589268,1.569487
1718,57.266667,1,517.858238,415.78954,424.843016,428.607366,471.350627,422.198453,2.87612,1.284928,-1.726845,1.699291,0.574638,1.492109
1719,57.3,1,516.68972,415.788531,424.245968,428.456615,470.467844,422.122573,2.911027,0.973751,-1.710123,1.51734,0.600452,1.245546
1720,57.333333,1,515.553179,415.909467,423.927307,428.315692,469.740243,422.112579,2.918655,0.979078,-1.716149,1.415052,0.601253,1.197065
1721,57.366667,1,515.26475,415.899317,424.077826,428.181539,469.671288,422.040428,2.949843,0.796974,-1.696433,1.368816,0.626705,1.082895
1722,57.4,1,515.102139,415.590434,423.268995,427.963314,469.185567,421.776874,2.946451,0.664333,-1.709396,1.40707,0.618528,1.035701
1723,57.433333,1,515.194721,415.394847,423.375587,427.70623,469.285154,421.550539,2.946529,0.714716,-1.71484,1.389931,0.615844,1.052324
1724,57.466667,1,514.822912,415.203391,422.876606,427.653916,468.849759,421.428654,2.910938,0.579056,-1.718299,1.379401,0.59632,0.979228
1725,57.5,1,514.672852,415.019757,422.878933,427.446635,468.775892,421.233196,2.920689,0.75761,-1.712567,1.359339,0.604061,1.058475
1726,57.533333,1,514.614372,414.905108,422.30979,427.557764,468.462081,421.231436,2.914925,0.87144,-1.717646,1.344903,0.598639,1.108172
1727,57.566667,1,514.422398,414.810297,422.265129,427.625527,468.343763,421.217912,2.893206,0.86896,-1.700959,1.342953,0.596124,1.105956
1728,57.6,1,514.478617,414.896579,422.500648,427.560307,468.489633,421.228443,2.903659,1.081059,-1.701891,1.376277,0.600884,1.228668
1729,57.633333,1,514.312458,415.361449,422.37978,427.908318,468.346119,421.634883,2.897503,0.963518,-1.70556,1.307318,0.595972,1.135418
1730,57.666667,1,513.965759,415.947297,422.550488,428.265331,468.258123,422.106314,2.912555,1.073079,-1.682181,1.224447,0.615187,1.148763
1731,57.7,1,513.651705,416.2787,422.742147,429.168291,468.196926,422.723495,2.919618,0.998653,-1.677389,1.16851,0.621115,1.083581
1732,57.733333,1,513.503399,416.577229,422.687082,429.409572,468.095241,422.993401,2.950089,0.86268,-1.662099,1.159792,0.643995,1.011236
1733,57.766667,1,513.55813,416.735158,422.78162,429.408574,468.169875,423.071866,2.958331,0.811886,-1.648209,1.143086,0.655061,0.977486
1734,57.8,1,513.56369,416.902066,422.521811,429.6068,468.04275,423.254433,2.923566,0.874251,-1.64867,1.378262,0.637448,1.126256
1735,57.833333,1,513.480263,417.146727,421.860094,429.622936,467.670178,423.384832,2.88556,0.837831,-1.642781,1.544851,0.621389,1.191341
1736,57.866667,1,513.273344,417.377472,421.709375,430.008563,467.49136,423.693017,2.903542,1.076703,-1.622763,1.639234,0.640389,1.357969
1737,57.9,1,513.208704,417.582908,421.661015,430.13894,467.434859,423.860924,2.889904,1.102316,-1.620057,1.544098,0.634923,1.323207
1738,57.933333,1,513.404751,417.672998,421.999979,430.486221,467.702365,424.07961,2.892554,1.10054,-1.626796,1.59629,0.632879,1.348415
1739,57.966667,1,513.485165,417.747552,422.039671,430.560883,467.762418,424.154218,2.870889,1.129826,-1.626786,1.594012,0.622051,1.361919
1740,58.0,1,513.570833,417.777668,422.110834,430.43483,467.840834,424.106249,2.893043,1.236135,-1.627241,1.5994,0.632901,1.417768
1741,58.033333,1,513.645792,417.841108,422.133379,430.603584,467.889585,424.222346,2.866452,1.119897,-1.635803,1.623761,0.615325,1.371829
1742,58.066667,1,514.149075,417.735729,422.454863,430.604464,468.301969,424.170097,2.852793,1.129355,-1.640482,1.56492,0.606156,1.347138
1743,58.1,1,514.165859,417.750814,422.412796,430.658666,468.289328,424.20474,2.840579,1.141909,-1.655334,1.605175,0.592623,1.373542
1744,58.133333,1,514.380207,417.765641,422.503395,430.588617,468.441801,424.177129,2.824465,1.20317,-1.664035,1.57017,0.580215,1.38667
1745,58.166667,1,514.614849,417.677568,422.606192,430.502411,468.61052,424.08999,2.822279,1.211158,-1.666796,1.513152,0.577741,1.362155
1746,58.2,1,515.008917,417.551107,422.973804,430.346307,468.991361,423.948707,2.812867,1.534599,-1.667968,1.547832,0.57245,1.541215
1747,58.233333,1,515.523319,417.530862,423.762016,430.414982,469.642668,423.972922,2.816304,1.283874,-1.669335,1.577585,0.573485,1.430729
1748,58.266667,1,515.750532,417.605234,424.181499,430.258695,469.966016,423.931965,2.810312,1.331203,-1.668051,1.518991,0.571131,1.425097
1749,58.3,1,516.11412,417.517977,424.068661,429.937838,470.091391,423.727908,2.784286,1.238383,-1.677732,1.578847,0.553277,1.408615
1750,58.333333,1,516.472282,417.368395,424.004173,429.740492,470.238228,423.554444,2.769957,1.241154,-1.690361,1.560363,0.539798,1.400759
1751,58.366667,1,517.877064,417.550946,425.520897,429.770769,471.69898,423.660858,2.81469,1.341671,-1.724574,1.63586,0.545058,1.488766
1752,58.4,1,518.175478,417.448078,425.780401,429.531827,471.97794,423.489953,2.840351,1.29605,-1.734833,1.715482,0.552759,1.505766
1753,58.433333,1,518.678198,417.148229,426.126175,429.309547,472.402186,423.228888,2.840921,1.153367,-1.716415,1.655726,0.562253,1.404546
1754,58.466667,1,519.134016,417.071668,426.494808,429.24262,472.814412,423.157144,2.837591,1.129382,-1.711087,1.61387,0.563252,1.371626
1755,58.5,1,519.562635,416.979818,426.902962,429.066732,473.232799,423.023275,2.835122,1.20246,-1.710092,1.627829,0.562515,1.415145
1756,58.533333,1,519.986553,417.132361,427.31595,429.222611,473.651252,423.177486,2.859215,1.157226,-1.708752,1.69408,0.575232,1.425653
1757,58.566667,1,520.21904,417.252342,427.684479,429.169203,473.951759,423.210772,2.865093,1.063813,-1.710857,1.702215,0.577118,1.383014
1758,58.6,1,520.537243,417.47269,427.512016,429.184974,474.02463,423.328832,2.865028,1.074283,-1.709516,1.649116,0.577756,1.361699
1759,58.633333,1,520.602903,417.401944,427.456818,429.128197,474.02986,423.265071,2.869976,1.078422,-1.715981,1.656256,0.576998,1.367339
1760,58.666667,1,521.201572,417.287629,428.110819,429.045231,474.656196,423.16643,2.837799,1.105666,-1.724138,1.628454,0.556831,1.36706
1761,58.7,1,521.584415,417.416074,428.130789,429.012337,474.857602,423.214206,2.842306,1.087376,-1.742976,1.854023,0.549665,1.4707
1762,58.733333,1,521.686106,417.381302,428.074579,428.905692,474.880342,423.143497,2.830973,1.195045,-1.746264,2.011086,0.542355,1.603066
1763,58.766667,1,521.8011,417.261461,427.837944,428.847252,474.819522,423.054357,2.807508,1.211233,-1.77992,2.143438,0.513794,1.677335
1764,58.8,1,522.747402,417.396355,428.436069,428.679914,475.591736,423.038135,2.880492,1.189384,-1.767953,2.029619,0.55627,1.609501
1765,58.833333,1,523.797388,417.944341,429.780006,428.537189,476.788697,423.240765,2.926376,1.391326,-1.727254,1.840647,0.599561,1.615987
1766,58.866667,1,524.765739,418.279349,430.367355,428.984817,477.566547,423.632083,2.884064,1.307951,-1.726959,1.865288,0.578552,1.58662
1767,58.9,1,525.429258,418.531423,431.80418,428.033341,478.616719,423.282382,2.92825,1.31336,-1.694592,1.688586,0.616829,1.500973
1768,58.933333,1,526.525784,418.739991,433.880625,427.636074,480.203204,423.188033,2.929856,1.669389,-1.681774,1.530855,0.624041,1.600122
1769,58.966667,1,527.843695,418.446976,434.503508,427.65825,481.173601,423.052613,2.918014,1.418162,-1.685515,1.265059,0.616249,1.34161
1770,59.0,1,528.854523,418.347659,435.722027,427.759938,482.288275,423.053799,2.882229,1.475517,-1.675003,1.431024,0.603613,1.453271
1771,59.033333,1,530.097046,418.42172,436.308441,427.764573,483.202744,423.093147,2.905566,1.641366,-1.757887,1.675753,0.573839,1.658559
1772,59.066667,1,532.459679,419.122485,438.573694,427.639282,485.516686,423.380883,2.916367,1.781919,-1.77079,1.490798,0.572789,1.636359
1773,59.1,1,534.266739,419.07913,439.833088,427.9375,487.049913,423.508315,2.884077,1.628438,-1.780773,1.896068,0.551652,1.762253
1774,59.133333,1,535.523834,419.30657,441.478453,428.252853,488.501143,423.779712,2.912973,1.573821,-1.792551,2.338459,0.560211,1.95614
1775,59.166667,1,537.828989,420.064799,443.871212,428.991866,490.850101,424.528332,2.940888,1.730722,-1.75263,5.608707,0.594129,3.669715
1776,59.2,1,538.153276,421.655853,445.380774,429.427768,491.767025,425.54181,2.966659,3.484884,-1.701701,8.610917,0.632479,6.0479
1777,59.233333,1,538.355684,420.068146,445.436983,427.995983,491.896334,424.032065,2.947351,2.156656,-1.711678,9.284175,0.617836,5.720415
1778,59.266667,1,539.845371,417.95096,446.472273,425.583572,493.158822,421.767266,3.131205,1.127068,-1.684653,4.250872,0.723276,2.68897
1779,59.3,1,538.99209,417.323366,446.087322,423.196074,492.539706,420.25972,3.072216,1.178543,-1.679017,2.837336,0.696599,2.007939
1780,59.333333,1,538.346415,416.135952,445.1754,422.824019,491.760907,419.479986,3.061813,1.37621,-1.659725,2.13956,0.701044,1.757885
1781,59.366667,1,537.797928,415.47556,444.659729,421.914021,491.228828,418.694791,3.005891,1.090341,-1.638088,1.832314,0.683901,1.461328
1782,59.4,1,537.426853,415.391124,444.329796,421.796883,490.878325,418.594004,3.022748,1.130005,-1.648697,1.843698,0.687025,1.486851
1783,59.433333,1,537.048397,415.237091,443.82967,421.608292,490.439034,418.422691,3.018027,1.301172,-1.650772,1.846725,0.683628,1.573949
1784,59.466667,1,536.73377,415.166656,443.520145,421.574668,490.126958,418.370662,3.00451,1.369487,-1.646654,1.816385,0.678928,1.592936
1785,59.5,1,536.248779,414.903456,443.314848,421.445525,489.781814,418.17449,2.983625,1.321731,-1.635491,1.734336,0.674067,1.528034
1786,59.533333,1,536.023254,414.79871,443.330631,421.523641,489.676943,418.161176,2.961712,1.204171,-1.636374,1.785773,0.662669,1.494972
1787,59.566667,1,535.929956,414.746751,443.321066,421.552856,489.625511,418.149803,2.951267,1.086673,-1.635845,1.785665,0.657711,1.436169
1788,59.6,1,536.308737,414.786726,443.452969,421.622368,489.880853,418.204547,2.936513,0.981866,-1.644468,1.741375,0.646022,1.36162
1789,59.633333,1,536.703444,414.807926,444.013357,421.593626,490.3584,418.200776,2.936625,1.094555,-1.632542,1.818324,0.652042,1.45644
1790,59.666667,1,537.276793,415.067457,444.62759,421.536387,490.952191,418.301922,2.944212,1.013786,-1.624294,1.808082,0.659959,1.410934
1791,59.7,1,537.725677,415.15729,444.935207,421.460652,491.330442,418.308971,2.961349,1.179725,-1.616257,1.785006,0.672546,1.482365
1792,59.733333,1,538.154249,415.34911,445.108089,421.435611,491.631169,418.392361,2.979536,1.186109,-1.625974,1.796189,0.676781,1.491149
1793,59.766667,1,538.512468,415.448878,445.660458,421.361754,492.086463,418.405316,2.970735,1.131505,-1.626014,1.870491,0.672361,1.500998
1794,59.8,1,538.880873,415.565629,446.012144,421.639245,492.446508,418.602437,2.988238,1.173096,-1.622011,1.899363,0.683114,1.53623
1795,59.833333,1,539.204292,415.630828,446.216621,421.618248,492.710457,418.624538,2.980034,1.094858,-1.616754,1.868469,0.68164,1.481663
1796,59.866667,1,539.763718,415.725929,446.38936,422.105058,493.076539,418.915493,3.003033,1.057132,-1.630271,1.920381,0.686381,1.488757
1797,59.9,1,539.687023,415.843602,446.401682,422.030354,493.044353,418.936978,2.990482,1.008077,-1.630037,1.955093,0.680222,1.481585
1798,59.933333,1,540.037603,415.803562,446.497564,422.102065,493.267584,418.952814,3.02901,1.001555,-1.636682,1.963666,0.696164,1.48261
1799,59.966667,1,540.020666,415.875542,446.593056,421.99865,493.306861,418.937096,2.952717,1.016443,-1.628544,1.950303,0.662086,1.483373
1800,60.0,1,540.307693,416.195412,446.633635,422.236755,493.470664,419.216083,3.024106,1.111811,-1.636202,2.042723,0.693952,1.577267
1801,60.033333,1,540.233917,416.40618,446.652718,422.378708,493.443317,419.392444,2.993454,1.239925,-1.636988,2.017969,0.678233,1.628947
1802,60.066667,1,540.230665,416.642225,446.588812,422.357991,493.409739,419.500108,3.057329,1.323908,-1.638497,1.969468,0.709416,1.646688
1803,60.1,1,539.881411,416.715095,446.620483,422.221756,493.250947,419.468426,2.947392,1.275197,-1.653284,2.043255,0.647054,1.659226
1804,60.133333,1,538.915749,417.822268,445.55974,423.962606,492.237744,420.892437,3.041994,1.271203,-1.68051,1.954473,0.680742,1.612838
1805,60.166667,1,537.486334,418.622274,444.252043,426.26112,490.869188,422.441697,3.029829,1.435256,-1.699447,1.848782,0.665191,1.642019
1806,60.2,1,536.561728,418.916717,443.305502,426.861012,489.933615,422.888864,2.998513,1.451445,-1.693479,1.832851,0.652517,1.642148
1807,60.233333,1,536.139908,419.358037,442.980175,427.223625,489.560041,423.290831,2.97895,1.510365,-1.703892,1.728002,0.637529,1.619184
1808,60.266667,1,535.525923,419.774594,442.67107,428.273495,489.098496,424.024045,2.98943,1.384116,-1.714171,1.826912,0.63763,1.605514
1809,60.3,1,534.947491,420.350572,441.68788,428.646655,488.317685,424.498613,2.965896,1.421294,-1.730396,1.906508,0.61775,1.663901
1810,60.333333,1,534.880114,420.860149,441.618519,429.327303,488.249316,425.093726,3.013865,1.44325,-1.70691,1.587419,0.653477,1.515334
1811,60.366667,1,534.765711,421.17666,441.308098,429.566106,488.036904,425.371383,2.991142,1.293375,-1.71746,1.623086,0.636841,1.458231
1812,60.4,1,534.916182,421.65876,441.560688,429.807987,488.238435,425.733374,2.973246,1.123597,-1.748963,1.895948,0.612142,1.509772
1813,60.433333,1,534.802189,421.5959,441.56064,429.738218,488.181415,425.667059,2.968379,1.125673,-1.747175,2.015093,0.610602,1.570383
1814,60.466667,1,535.079689,421.634341,441.758747,429.733615,488.419218,425.683978,2.9654,1.178207,-1.740911,2.139664,0.612245,1.658935
1815,60.5,1,535.200748,421.751146,441.885586,429.669017,488.543167,425.710081,2.963579,1.274539,-1.740673,2.09028,0.611453,1.68241
1816,60.533333,1,535.311174,421.669006,442.495728,429.443561,488.903451,425.556284,2.971248,1.220335,-1.736942,2.046165,0.617153,1.63325
1817,60.566667,1,535.439901,421.651357,442.602968,429.336476,489.021435,425.493917,3.011666,1.329081,-1.713195,1.788293,0.649236,1.558687
1818,60.6,1,535.760021,421.693983,442.932453,429.323419,489.346237,425.508701,3.028131,1.357335,-1.700815,1.688867,0.663658,1.523101
1819,60.633333,1,535.778446,421.703746,442.933512,429.353406,489.355979,425.528576,3.022934,1.399298,-1.699989,1.673911,0.661472,1.536605
1820,60.666667,1,535.753651,421.666356,442.985687,429.338976,489.369669,425.502666,3.022172,1.369279,-1.701196,1.66859,0.660488,1.518935
1821,60.7,1,535.57128,421.643836,442.955275,429.32108,489.263277,425.482458,3.004094,1.306316,-1.700065,1.68797,0.652015,1.497143
1822,60.733333,1,535.383186,421.62196,442.771177,429.530357,489.077182,425.576159,3.034281,1.352979,-1.69354,1.57879,0.67037,1.465885
1823,60.766667,1,535.144186,421.670219,442.74354,429.67304,488.943863,425.671629,3.029506,1.253637,-1.686235,1.534954,0.671635,1.394295
1824,60.8,1,534.573393,421.682557,441.912832,429.768569,488.243113,425.725563,3.051014,1.320362,-1.687531,1.579366,0.681742,1.449864
1825,60.833333,1,534.086952,421.562641,440.710554,430.194279,487.398753,425.87846,3.049979,1.533738,-1.711316,1.710563,0.669332,1.62215
1826,60.866667,1,533.299332,421.345328,440.145397,430.097773,486.722364,425.721551,3.06669,1.526838,-1.696937,1.71479,0.684876,1.620814
1827,60.9,1,532.703705,421.396998,439.244547,430.353795,485.974126,425.875397,3.104084,1.640621,-1.707514,1.866405,0.698285,1.753513
1828,60.933333,1,531.925297,421.204534,439.09462,430.128747,485.509958,425.66664,3.072859,1.932651,-1.666408,1.900675,0.703225,1.916663
1829,60.966667,1,531.194963,421.251676,438.785591,430.393385,484.990277,425.82253,3.041985,1.829303,-1.651661,1.809582,0.695162,1.819442
1830,61.0,1,530.939674,421.003175,438.471346,430.251517,484.70551,425.627346,3.036685,1.881946,-1.660832,1.961858,0.687926,1.921902
1831,61.033333,1,530.92392,420.952621,438.109989,430.293274,484.516954,425.622947,3.01627,1.889321,-1.670647,1.858148,0.672812,1.873735
1832,61.066667,1,530.75078,420.971181,437.92222,430.43925,484.3365,425.705216,3.041026,1.605526,-1.658531,1.750433,0.691247,1.67798
1833,61.1,1,530.758858,420.915499,438.111935,430.651424,484.435396,425.783461,3.020947,1.421929,-1.657188,1.779197,0.68188,1.600563
1834,61.133333,1,530.888157,420.956848,438.093567,430.586557,484.490862,425.771703,3.001866,1.57913,-1.653249,1.672899,0.674308,1.626014
1835,61.166667,1,530.984802,421.055081,437.85985,430.51344,484.422326,425.784261,3.017789,1.771514,-1.672602,1.745829,0.672593,1.758672
1836,61.2,1,531.591187,421.071657,438.554907,430.653248,485.073047,425.862452,2.995847,2.003947,-1.686316,1.663601,0.654766,1.833774
1837,61.233333,1,532.036629,421.113274,439.192829,430.430743,485.614729,425.772008,2.988971,2.087722,-1.699407,1.677484,0.644782,1.882603
1838,61.266667,1,532.824535,421.107953,440.006056,430.523558,486.415296,425.815755,2.964085,2.351728,-1.723044,1.927521,0.620521,2.139625
1839,61.3,1,533.521929,421.193773,440.487595,430.242956,487.004762,425.718364,2.969625,1.875365,-1.734237,2.039476,0.617694,1.95742
1840,61.333333,1,533.690138,421.184417,440.619793,430.03369,487.154965,425.609053,2.997684,1.763138,-1.723155,1.726161,0.637264,1.74465
1841,61.366667,1,533.869076,421.167755,440.992823,429.813727,487.430949,425.490741,3.005593,1.902398,-1.725796,1.589365,0.639898,1.745882
1842,61.4,1,533.943901,421.22965,441.070528,429.851042,487.507215,425.540346,3.010336,1.714079,-1.725832,1.569017,0.642252,1.641548
1843,61.433333,1,533.901138,421.227279,441.107035,430.044279,487.504086,425.635779,3.034949,1.695759,-1.716276,1.61033,0.659337,1.653044
1844,61.466667,1,533.549633,421.346605,440.587664,429.9782,487.068648,425.662403,3.005187,1.769985,-1.737628,1.54082,0.633779,1.655402
1845,61.5,1,533.438063,421.277608,440.38764,430.11848,486.912851,425.698044,3.015936,1.689201,-1.729649,1.495661,0.643144,1.592431
1846,61.533333,1,533.529892,421.184245,440.496244,430.015955,487.013068,425.6001,3.033606,1.776242,-1.728055,1.572124,0.652776,1.674183
1847,61.566667,1,533.255072,420.879536,440.381317,430.126837,486.818194,425.503187,3.0533,1.823746,-1.720255,1.563756,0.666523,1.693751
1848,61.6,1,533.32654,420.917591,440.557375,430.107311,486.941957,425.512451,3.003577,1.918317,-1.734649,1.675662,0.634464,1.79699
1849,61.633333,1,533.319759,420.88608,440.590849,430.064213,486.955304,425.475147,2.999949,1.801552,-1.735475,1.663055,0.632237,1.732304
1850,61.666667,1,533.755751,422.025332,441.293497,430.830209,487.524624,426.427771,2.94836,2.182644,-1.74062,2.06312,0.60387,2.122882
1851,61.7,1,533.126259,423.868858,441.672182,433.315598,487.39922,428.592228,2.774822,29.103339,-1.731024,11.052638,0.521899,20.077989
