frame,time_sec,face_detected,left_iris_center_x_px,left_iris_center_y_px,right_iris_center_x_px,right_iris_center_y_px,iris_center_x_px,iris_center_y_px,left_iris_x_norm,left_iris_y_norm,right_iris_x_norm,right_iris_y_norm,iris_x_norm,iris_y_norm
1,0.033333,1,700.880451,375.006788,592.172441,369.984802,646.526446,372.495795,2.767846,2.377924,-1.793279,2.773037,0.487283,2.575481
2,0.066667,1,700.47102,375.436982,592.132311,370.185496,646.301665,372.811239,2.707449,2.427319,-1.689735,2.155419,0.508857,2.291369
3,0.1,1,699.588585,374.900701,591.117334,370.105212,645.35296,372.502956,2.628151,2.525909,-1.719205,2.569751,0.454473,2.54783
4,0.133333,1,699.998112,374.858065,590.434818,370.600991,645.216465,372.729528,2.620708,2.263331,-1.716308,2.492116,0.4522,2.377724
5,0.166667,1,699.907017,374.917878,590.448408,370.601603,645.177712,372.75974,2.630814,2.269504,-1.701262,2.401796,0.464776,2.33565
6,0.2,1,700.044441,374.801288,591.192074,370.845813,645.618258,372.82355,2.645175,2.021908,-1.74342,2.258511,0.450878,2.140209
7,0.233333,1,700.595551,374.714513,591.352453,370.858805,645.974002,372.786659,2.658305,1.983216,-1.731944,2.652287,0.46318,2.317751
8,0.266667,1,700.896111,374.789475,591.480513,370.776064,646.188312,372.78277,2.659098,2.010205,-1.729527,2.602188,0.464786,2.306197
9,0.3,1,701.226387,374.970095,591.525021,370.847089,646.375704,372.908592,2.676684,1.956201,-1.729039,2.530101,0.473822,2.243151
10,0.333333,1,700.594959,374.868493,591.388359,370.848495,645.991659,372.858494,2.665105,1.893838,-1.719256,2.666869,0.472925,2.280354
11,0.366667,1,700.126858,374.984697,590.981884,370.897869,645.554371,372.941283,2.664806,1.875273,-1.714244,2.699723,0.475281,2.287498
12,0.4,1,700.027466,374.931965,590.878038,371.030649,645.452752,372.981307,2.67616,1.950914,-1.723441,2.886565,0.47636,2.41874
13,0.433333,1,699.454384,374.952639,590.525293,371.122777,644.989839,373.037708,2.693827,2.171079,-1.721695,2.969805,0.486066,2.570442
14,0.466667,1,697.247219,373.807948,589.982414,370.839815,643.614817,372.323881,2.718236,2.907095,-1.78832,4.071024,0.464958,3.489059
15,0.5,1,691.499996,370.828131,585.148802,368.769407,638.324399,369.798769,2.758474,3.073564,-1.804807,3.721827,0.476833,3.397696
16,0.533333,1,682.771664,367.676477,573.756561,366.011726,628.264112,366.844102,2.702746,2.442759,-1.92442,3.528985,0.389163,2.985872
17,0.566667,1,671.53614,364.155992,564.603796,364.070928,618.069968,364.11346,2.637922,2.051034,-1.916168,2.943798,0.360877,2.497416
18,0.6,1,662.599964,360.212742,556.195593,361.066452,609.397779,360.639597,2.619322,1.731364,-1.938616,2.765788,0.340353,2.248576
19,0.633333,1,654.226246,356.74449,549.966946,358.705571,602.096596,357.725031,2.654561,1.225304,-1.855208,2.459914,0.399676,1.842609
20,0.666667,1,644.976625,351.876522,541.372709,356.756941,593.174667,354.316732,2.709431,1.142617,-1.857826,2.512708,0.425803,1.827662
21,0.7,1,637.009363,346.83596,533.944206,354.36786,585.476785,350.60191,2.752089,0.921925,-1.884657,2.422108,0.433716,1.672017
22,0.733333,1,628.268003,341.330028,527.658949,350.071251,577.963476,345.700639,2.886612,0.675839,-1.795671,1.803429,0.545471,1.239634
23,0.766667,1,620.175171,335.669312,519.422493,348.140173,569.798832,341.904742,2.857756,0.340802,-1.797578,1.940183,0.530089,1.140493
24,0.8,1,610.280466,330.044773,512.712584,344.230204,561.496525,337.137489,2.924834,0.090028,-1.846881,2.04447,0.538977,1.067249
25,0.833333,1,602.304735,324.410981,506.146679,340.604061,554.225707,332.507521,3.194213,0.03569,-1.720537,2.039454,0.736838,1.037572
26,0.866667,1,592.059507,319.12586,499.211159,336.142024,545.635333,327.633942,3.272987,0.084612,-1.671128,2.275716,0.800929,1.180164
27,0.9,1,582.24761,313.902022,490.16923,332.217808,536.20842,323.059915,3.298536,0.047941,-1.690313,2.255138,0.804112,1.15154
28,0.933333,1,571.836929,308.617432,480.531378,328.886928,526.184154,318.75218,3.515552,-0.409132,-1.725181,2.223566,0.895186,0.907217
29,0.966667,1,563.431864,303.71923,472.876225,324.89284,518.154044,314.306035,3.634276,-0.458924,-1.652131,2.347161,0.991073,0.944119
30,1.0,1,553.453636,299.176641,466.302404,319.696972,509.87802,309.436806,3.601068,0.377344,-1.631967,2.346861,0.984551,1.362103
31,1.033333,1,546.358643,294.21914,460.384502,313.866745,503.371572,304.042943,3.531789,0.806936,-1.612857,2.782691,0.959466,1.794813
32,1.066667,1,539.295359,290.814108,453.903971,310.064188,496.599665,300.439148,3.610615,0.996981,-1.620801,2.515669,0.994907,1.756325
33,1.1,1,531.929359,287.800244,446.719904,305.194809,489.324632,296.497527,3.666492,-0.604622,-1.655387,2.265039,1.005553,0.830209
34,1.133333,1,523.631973,285.838573,443.760948,300.392228,483.696461,293.115401,3.695078,-2.007719,-1.489497,2.310987,1.102791,0.151634
35,1.166667,1,517.473564,284.544874,437.262659,296.318741,477.368112,290.431808,3.647392,-1.914213,-1.51901,2.203181,1.064191,0.144484
36,1.2,1,511.217985,284.170099,432.336779,291.473889,471.777382,287.821994,3.477777,-1.548313,-1.514513,1.680365,0.981632,0.066026
37,1.233333,1,506.259499,283.78752,428.572559,292.053965,467.416029,287.920742,3.412411,-7.219944,-1.485148,1.97267,0.963631,-2.623637
38,1.266667,1,500.894585,282.358809,422.114515,283.009647,461.50455,282.684228,3.457639,0.979405,-1.555206,1.152254,0.951217,1.06583
39,1.3,1,494.928188,282.05764,418.523331,293.234051,456.72576,287.645845,3.568095,-1.89022,-1.461565,1.985682,1.053265,0.047731
40,1.333333,1,487.508335,282.952307,409.378138,287.93841,448.443236,285.445358,3.409259,0.601975,-1.502596,1.572066,0.953332,1.087021
41,1.366667,1,480.845499,284.012311,404.504652,288.458785,442.675076,286.235548,3.490075,1.007525,-1.497856,1.63763,0.996109,1.322577
42,1.4,1,474.459085,285.63664,399.959555,289.820849,437.20932,287.728744,3.735418,1.762076,-1.457397,1.482608,1.139011,1.622342
43,1.433333,1,470.344715,287.850718,396.24299,291.203034,433.293853,289.526876,3.769288,2.062136,-1.457042,1.217172,1.156123,1.639654
44,1.466667,1,465.561314,290.057221,392.105732,295.390375,428.833523,292.723798,3.639788,0.812336,-1.484605,1.594572,1.077592,1.203454
45,1.5,1,462.263746,292.48705,387.984238,296.219108,425.123992,294.353079,3.505897,1.868016,-1.491958,1.68204,1.006969,1.775028
46,1.533333,1,460.302315,294.061105,387.007141,300.371286,423.654728,297.216195,3.608036,-0.202856,-1.464168,1.836193,1.071934,0.816668
47,1.566667,1,458.880882,295.837795,385.770636,300.717237,422.325759,298.277516,3.590707,0.173228,-1.45462,1.530903,1.068043,0.852065
48,1.6,1,458.559437,297.027644,385.61964,304.592246,422.089539,300.809945,3.746324,-0.008904,-1.47293,1.691173,1.136697,0.841135
49,1.633333,1,457.939081,298.47756,386.335373,306.07496,422.137227,302.27626,3.780978,0.07018,-1.457591,1.698607,1.161694,0.884394
50,1.666667,1,458.604107,300.036321,385.319872,305.72843,421.961989,302.882375,3.889971,-0.238224,-1.458489,1.4287,1.215741,0.595238
51,1.7,1,460.543251,301.076245,385.081978,309.918448,422.812614,305.497347,3.972952,-0.329405,-1.533311,1.702089,1.21982,0.686342
52,1.733333,1,462.390556,302.484367,386.518517,313.455606,424.454536,307.969986,3.906015,-0.977321,-1.569605,2.035072,1.168205,0.528875
53,1.766667,1,464.749994,304.371661,388.526649,315.613555,426.638322,309.992608,3.972384,-1.868518,-1.598194,2.032061,1.187095,0.081771
54,1.8,1,469.176979,305.656214,391.914358,320.353544,430.545669,313.004879,3.771297,-2.753395,-1.585795,2.276114,1.092751,-0.238641
55,1.833333,1,472.363548,306.432467,394.395733,321.497303,433.379641,313.964885,3.858982,-3.455909,-1.601489,2.304289,1.128746,-0.57581
56,1.866667,1,475.224495,307.446229,397.183886,322.448167,436.20419,314.947198,3.94503,-1.299877,-1.573963,2.199264,1.185533,0.449694
57,1.9,1,477.979155,308.185188,400.793552,324.458231,439.386353,316.321709,3.989408,-2.264538,-1.548564,2.226474,1.220422,-0.019032
58,1.933333,1,480.889626,308.88253,403.401413,326.414827,442.145519,317.648679,4.10824,-3.482525,-1.566805,2.377434,1.270717,-0.552545
59,1.966667,1,485.798988,309.111671,405.919571,328.994388,445.85928,319.05303,4.167511,-1.264238,-1.563885,2.670852,1.301813,0.703307
60,2.0,1,491.1831,309.831587,410.987682,329.306887,451.085391,319.569237,4.070226,-1.933339,-1.556798,2.82788,1.256714,0.447271
61,2.033333,1,496.449518,310.13046,415.905123,331.195242,456.17732,320.662851,4.008177,-1.591154,-1.603435,2.86171,1.202371,0.635278
62,2.066667,1,502.887297,309.934772,421.595573,329.381372,462.241435,319.658072,4.001914,-1.708735,-1.550582,2.811668,1.225666,0.551467
63,2.1,1,502.21117,310.230646,422.750168,329.595557,462.480669,319.913101,3.703008,-3.546306,-1.560908,2.526971,1.07105,-0.509667
64,2.133333,1,508.576584,310.988054,429.273643,328.542886,468.925114,319.76547,3.954259,-3.752914,-1.533517,2.600832,1.210371,-0.576041
65,2.166667,1,515.310268,310.971955,435.265064,328.738087,475.287666,319.855021,3.834128,-2.479031,-1.52419,2.763344,1.154969,0.142157
66,2.2,1,520.756197,312.349538,441.641407,326.645336,481.198802,319.497437,3.6649,-0.318643,-1.621141,2.23779,1.02188,0.959574
67,2.233333,1,527.229614,313.17709,445.107508,328.965517,486.168561,321.071303,3.55467,-0.938018,-1.729143,2.429332,0.912764,0.745657
68,2.266667,1,532.262325,314.519992,451.126881,328.819444,491.694603,321.669718,3.413979,-0.361337,-1.772189,2.767049,0.820895,1.202856
69,2.3,1,537.607727,316.336464,455.987406,332.96211,496.797566,324.649287,3.384363,-0.28774,-1.825101,2.630319,0.779631,1.171289
70,2.333333,1,548.745003,317.924155,463.172932,333.345323,505.958967,325.634739,3.601986,-0.608667,-1.726662,4.343415,0.937662,1.867374
71,2.366667,1,556.926994,320.062353,471.02335,333.24062,513.975172,326.651486,3.537794,-0.590193,-1.70639,6.751481,0.915702,3.080644
72,2.4,1,566.313782,321.541935,479.517565,332.835676,522.915673,327.188805,3.290165,-1.145808,-1.609444,4.87427,0.840361,1.864231
73,2.433333,1,576.156559,323.415844,487.694998,332.607855,531.925778,328.011849,3.266767,-2.001794,-1.640264,2.882088,0.813251,0.440147
74,2.466667,1,585.753565,323.986065,496.000452,331.216673,540.877008,327.601369,3.139093,-1.46235,-1.633557,3.78671,0.752768,1.16218
75,2.5,1,595.277843,324.973923,504.639826,329.290155,549.958835,327.132039,3.120178,-0.493731,-1.642996,3.587372,0.738591,1.546821
76,2.533333,1,604.375811,325.649679,514.014215,327.554825,559.195013,326.602252,3.103237,-0.301853,-1.618288,3.215409,0.742475,1.456778
77,2.566667,1,614.064655,327.544718,524.034576,326.511097,569.049616,327.027908,2.968161,0.245725,-1.691068,2.818867,0.638546,1.532296
78,2.6,1,623.785639,328.503549,532.886438,325.761452,578.336039,327.1325,2.942223,0.236946,-1.720463,2.568661,0.61088,1.402803
79,2.633333,1,633.632336,329.834316,543.503046,323.173544,588.567691,326.50393,2.926129,0.652405,-1.73841,2.116866,0.59386,1.384635
80,2.666667,1,644.968863,331.181429,554.575243,321.316162,599.772053,326.248796,2.915336,0.700537,-1.871105,2.283242,0.522115,1.491889
81,2.7,1,656.48098,332.78385,566.187878,320.606976,611.334429,326.695413,2.87617,1.513357,-1.830692,1.811104,0.522739,1.66223
82,2.733333,1,668.493748,335.820449,579.502659,320.668344,623.998203,328.244397,2.870677,1.431434,-1.989208,1.507296,0.440735,1.469365
83,2.766667,1,678.909092,339.275343,591.614971,323.83047,635.262032,331.552907,2.839504,0.090911,-1.929337,0.423013,0.455084,0.256962
84,2.8,1,689.737377,342.771077,602.589207,325.876851,646.163292,334.323964,2.752502,3.549799,-1.927902,-0.102586,0.4123,1.723606
85,2.833333,1,697.626076,345.705167,613.955231,327.319579,655.790653,336.512373,2.745977,3.468604,-1.849194,-1.123136,0.448391,1.172734
86,2.866667,1,700.965939,345.569673,620.812731,326.359761,660.889335,335.964717,2.793333,9.848502,-1.745925,-1.704141,0.523704,4.07218
87,2.9,1,702.488766,346.50262,616.260605,325.874142,659.374685,336.188381,2.801946,4.087126,-2.041352,0.875864,0.380297,2.481495
88,2.933333,1,701.390686,346.504202,614.763384,327.328752,658.077035,336.916477,2.784776,2.398154,-2.13801,2.435585,0.323383,2.41687
89,2.966667,1,698.051357,345.908613,610.353565,328.327108,654.202461,337.11786,2.71414,1.993926,-2.037124,2.232078,0.338508,2.113002
90,3.0,1,694.259224,344.87689,604.879875,328.636919,649.56955,336.756905,2.719681,1.979282,-2.051596,2.213958,0.334043,2.09662
91,3.033333,1,689.239769,344.230446,600.837364,329.055253,645.038567,336.642849,2.7116,1.728979,-2.095268,1.579028,0.308166,1.654004
92,3.066667,1,686.284161,342.608235,597.55847,328.916448,641.921315,335.762342,2.716268,1.440046,-1.970146,1.651477,0.373061,1.545761
93,3.1,1,683.179855,342.518692,594.909334,328.92671,639.044595,335.722701,2.67332,1.53268,-2.020906,1.730873,0.326207,1.631776
94,3.133333,1,682.415981,341.777909,594.154129,329.072124,638.285055,335.425016,2.678782,1.441548,-1.952662,1.951554,0.36306,1.696551
95,3.166667,1,682.913761,341.048697,594.218512,328.53786,638.566136,334.793278,2.651221,1.425747,-1.938981,1.74531,0.35612,1.585529
96,3.2,1,683.879414,340.190111,595.16058,327.758587,639.519997,333.974349,2.650946,1.339818,-1.924746,1.874946,0.3631,1.607382
97,3.233333,1,685.365009,332.166749,590.734787,328.184758,638.049898,330.175754,2.927898,1.489321,-2.040741,3.103702,0.443579,2.296511
98,3.266667,0,,,,,,,,,,,,
99,3.3,0,,,,,,,,,,,,
100,3.333333,0,,,,,,,,,,,,
101,3.366667,1,685.576382,341.579313,601.351643,329.627014,643.464012,335.603163,2.809314,2.543056,-2.208695,3.089666,0.300309,2.816361
102,3.4,1,688.707714,342.405481,602.687998,330.722439,645.697856,336.56396,2.899252,1.987373,-1.779733,3.53124,0.559759,2.759307
103,3.433333,1,691.374645,341.548982,607.507648,330.810624,649.441147,336.179803,2.787717,1.800624,-1.828421,2.689077,0.479648,2.24485
104,3.466667,1,697.410278,339.915415,611.493692,329.300734,654.451985,334.608074,2.802832,1.821996,-1.74485,1.246843,0.528991,1.534419
105,3.5,1,701.73111,339.137655,616.812725,328.494805,659.271917,333.81623,2.740546,1.368598,-1.935318,2.801355,0.402614,2.084977
106,3.533333,1,705.289173,339.749537,620.925865,328.715631,663.107519,334.232584,2.734437,1.475645,-1.854235,3.215069,0.440101,2.345357
107,3.566667,1,708.041077,342.514937,623.665495,330.018665,665.853286,336.266801,2.827247,1.693247,-1.886553,3.010617,0.470347,2.351932
108,3.6,1,706.465874,345.269421,623.042145,332.836867,664.754009,339.053144,2.770369,4.573582,-1.908674,1.753187,0.430847,3.163385
109,3.633333,1,701.912365,345.993226,620.998554,335.866862,661.45546,340.930044,2.608846,13.665566,-1.885739,-5.293119,0.361553,4.186224
110,3.666667,1,700.279789,346.137512,620.144997,335.948192,660.212393,341.042852,2.61095,10.098678,-1.815667,-5.268346,0.397641,2.415166
111,3.7,1,697.321434,344.314334,617.812471,335.36568,657.566953,339.840007,2.583081,6.195807,-1.792385,-4.20392,0.395348,0.995943
112,3.733333,1,693.670654,342.762601,610.515432,334.025488,652.093043,338.394045,2.618612,6.14702,-1.859911,-0.513298,0.37935,2.816861
113,3.766667,1,688.529224,340.607007,605.078516,334.057406,646.80387,337.332206,2.650264,-6.364424,-1.690121,-2.709263,0.480071,-4.536843
114,3.8,1,681.945171,338.259451,597.128105,335.281658,639.536638,336.770554,2.688885,-5.534662,-1.730851,-21.934677,0.479017,-13.73467
115,3.833333,1,675.940113,336.286553,588.714323,336.090655,632.327218,336.188604,2.755488,-9.155209,-1.712865,-0.474297,0.521311,-4.814753
116,3.866667,1,665.531845,334.037756,580.408344,337.798621,622.970095,335.918189,2.703209,-6.751255,-1.763258,-3.966297,0.469975,-5.358776
117,3.9,1,656.19957,331.935999,567.972822,339.5781,612.086196,335.75705,2.802315,-0.907761,-1.909337,3.970505,0.446489,1.531372
118,3.933333,1,648.630772,330.272707,558.361721,339.205542,603.496246,334.739124,2.811868,0.662901,-1.992082,4.983465,0.409893,2.823183
119,3.966667,1,640.669861,330.363618,549.997025,340.566511,595.333443,335.465064,2.815764,0.118193,-1.953252,2.572547,0.431256,1.34537
120,4.0,1,634.090214,330.111002,543.720608,340.816412,588.905411,335.463707,2.81478,0.588228,-1.933077,2.71455,0.440852,1.651389
121,4.033333,1,629.473581,329.532643,538.570089,340.917649,584.021835,335.225146,2.832743,0.862191,-1.914051,2.503482,0.459346,1.682836
122,4.066667,1,624.264832,329.256542,533.359451,341.527616,578.812141,335.392079,2.841201,0.585841,-1.931384,2.781408,0.454908,1.683625
123,4.1,1,620.344753,329.097127,529.773884,341.99778,575.059319,335.547454,2.867881,0.494168,-1.899253,2.624743,0.484314,1.559455
124,4.133333,1,617.581491,329.385921,526.598501,342.66108,572.089996,336.0235,2.899609,0.435552,-1.912606,2.847143,0.493502,1.641348
125,4.166667,1,614.628086,329.294575,524.572086,343.575375,569.600086,336.434975,2.859302,0.3722,-1.910623,2.64985,0.47434,1.511025
126,4.2,1,613.694582,329.741807,523.732939,344.601642,568.71376,337.171724,2.877447,0.529175,-1.915372,2.767094,0.481038,1.648134
127,4.233333,1,612.753773,329.822182,523.022156,345.309268,567.887964,337.565725,2.862823,0.595471,-1.905959,2.661598,0.478432,1.628534
128,4.266667,1,612.229528,330.0038,523.070383,346.216857,567.649956,338.110329,2.8628,0.536759,-1.891131,2.457619,0.485835,1.497189
129,4.3,1,612.574844,330.388745,523.363657,347.874366,567.969251,339.131556,2.922645,0.632343,-1.905276,2.674208,0.508684,1.653275
130,4.333333,1,612.677603,332.191629,525.900612,350.41467,569.289107,341.30315,2.917649,-5.01379,-1.780592,20.035995,0.568528,7.511102
131,4.366667,1,612.130251,332.881365,525.232191,352.053897,568.681221,342.467631,2.952957,-4.928026,-1.746773,35.73884,0.603092,15.405407
132,4.4,1,611.896181,331.841381,522.763548,352.286959,567.329865,342.06417,2.974486,-1.830139,-1.817537,18.486135,0.578474,8.327998
133,4.433333,1,611.849146,330.388868,522.853098,350.92458,567.351122,340.656724,2.989151,0.531767,-1.859505,3.183458,0.564823,1.857612
134,4.466667,1,610.981998,330.415535,522.012339,350.895054,566.497169,340.655294,2.973453,0.764176,-1.821111,2.04967,0.576171,1.406923
135,4.5,1,608.42474,330.836985,520.295944,351.944141,564.360342,341.390563,2.912472,0.409693,-1.837661,1.959131,0.537406,1.184412
136,4.533333,1,607.005825,330.603172,519.469652,352.027842,563.237739,341.315507,2.908462,0.859202,-1.810505,1.689654,0.548979,1.274428
137,4.566667,1,605.525589,330.619072,517.367525,353.562773,561.446557,342.090923,2.901731,0.567596,-1.788862,1.877986,0.556435,1.222791
138,4.6,1,603.75371,330.780916,516.054153,353.26522,559.903932,342.023068,2.920999,0.521153,-1.797363,1.882352,0.561818,1.201752
139,4.633333,1,602.410727,330.814202,514.226484,353.782956,558.318605,342.298579,2.948297,0.426278,-1.805985,1.838459,0.571156,1.132369
140,4.666667,1,600.849743,331.067811,513.008604,353.735996,556.929173,342.401903,2.95023,0.517316,-1.809443,1.897509,0.570394,1.207413
141,4.7,1,599.908562,330.941441,511.993408,354.312762,555.950985,342.627102,2.981791,0.407724,-1.816354,2.126353,0.582719,1.267039
142,4.733333,1,601.412086,330.380988,513.861246,353.621213,557.636666,342.001101,3.007005,0.30786,-1.720981,2.471083,0.643012,1.389472
143,4.766667,1,604.151573,330.421892,515.441799,352.804127,559.796686,341.613009,3.021946,0.560225,-1.670326,2.551464,0.67581,1.555844
144,4.8,1,605.546188,330.273469,517.009811,352.826754,561.278,341.550111,2.98198,0.420881,-1.711618,2.437149,0.635181,1.429015
145,4.833333,1,608.375864,330.183384,518.792515,352.396613,563.584189,341.289999,3.000999,0.743559,-1.719383,2.530692,0.640808,1.637126
146,4.866667,1,610.626993,330.42584,520.924063,351.19964,565.775528,340.81274,2.978782,1.272343,-1.71371,2.510998,0.632536,1.89167
147,4.9,1,613.234291,330.426355,523.58345,350.530939,568.408871,340.478647,2.967516,0.952465,-1.719329,2.719065,0.624094,1.835765
148,4.933333,1,615.124235,330.3504,526.319418,350.003729,570.721827,340.177065,2.933225,0.866568,-1.737014,2.370772,0.598106,1.61867
149,4.966667,1,618.026028,330.773959,528.970537,349.892294,573.498282,340.333126,2.881558,0.935358,-1.763009,2.198924,0.559275,1.567141
150,5.0,1,621.34799,331.476681,531.396885,349.804811,576.372437,340.640746,2.889233,1.080631,-1.724142,2.289136,0.582545,1.684884
151,5.033333,1,624.565048,331.803798,534.15803,349.893565,579.361539,340.848682,2.878185,1.265315,-1.720708,2.526979,0.578739,1.896147
152,5.066667,1,629.881992,331.929368,538.356056,348.953183,584.119024,340.441276,2.984211,1.772332,-1.740635,2.974431,0.621788,2.373381
153,5.1,1,632.513905,332.852177,543.084011,349.658711,587.798958,341.255444,2.97359,2.305722,-1.746796,2.874602,0.613397,2.590162
154,5.133333,1,636.156769,334.446595,545.24128,352.351032,590.699024,343.398813,2.917682,6.631672,-1.8346,4.278513,0.541541,5.455093
155,5.166667,1,637.35817,336.71165,550.480175,353.474057,593.919172,345.092854,2.785503,-2.484298,-1.737044,12.112646,0.52423,4.814174
156,5.2,1,640.196371,335.731507,552.620544,351.824493,596.408458,343.778,2.73116,-8.92119,-1.791576,3.703245,0.469792,-2.608972
157,5.233333,1,643.386478,333.81737,555.654716,348.173615,599.520597,340.995492,2.775324,1.14441,-1.848948,4.1697,0.463188,2.657055
158,5.266667,1,646.253967,331.549482,556.467619,345.578669,601.360793,338.564075,2.921885,2.00417,-1.873769,1.681813,0.524058,1.842991
159,5.3,1,646.348772,330.8757,558.789301,343.879779,602.569036,337.37774,2.96241,2.040772,-1.847024,2.003109,0.557693,2.02194
160,5.333333,1,645.124216,330.881059,554.652882,344.579637,599.888549,337.730348,2.915315,1.699946,-1.962365,1.961188,0.476475,1.830567
161,5.366667,1,643.321514,331.185415,553.330574,344.614339,598.326044,337.899877,2.886849,1.637113,-1.925069,1.942281,0.48089,1.789697
162,5.4,1,640.903416,330.819116,551.286573,344.841823,596.094995,337.83047,2.870114,1.639175,-1.849301,1.863575,0.510406,1.751375
163,5.433333,1,638.952684,330.416919,548.304358,344.617129,593.628521,337.517024,2.877192,1.486762,-1.800738,2.097529,0.538227,1.792146
164,5.466667,1,636.094275,330.480857,545.234642,345.54748,590.664458,338.014169,2.871747,1.36773,-1.832761,2.459337,0.519493,1.913533
165,5.5,1,633.977709,330.978912,542.53047,347.261127,588.254089,339.120019,2.792742,1.344684,-1.839101,2.508596,0.476821,1.92664
166,5.533333,1,632.658329,331.77586,541.801414,348.593665,587.229872,340.184762,2.831048,1.354457,-1.775715,2.528249,0.527667,1.941353
167,5.566667,1,632.187262,331.846402,541.834431,349.090667,587.010846,340.468535,2.848669,1.304602,-1.80008,2.577485,0.524295,1.941044
168,5.6,1,633.802061,331.70682,543.55423,349.833001,588.678145,340.769911,2.844812,1.055139,-1.788535,2.737925,0.528138,1.896532
169,5.633333,1,636.856203,332.617752,546.34119,350.415158,591.598697,341.516455,2.781598,1.249366,-1.841753,2.204238,0.469922,1.726802
170,5.666667,1,642.637625,333.276014,551.881285,349.52312,597.259455,341.399567,2.765349,1.516145,-1.84346,2.321172,0.460945,1.918658
171,5.7,1,648.777847,333.475345,558.140354,348.376706,603.459101,340.926026,2.775789,1.493368,-1.912505,2.278062,0.431642,1.885715
172,5.733333,1,654.790535,334.649772,564.324446,347.311993,609.55749,340.980882,2.807049,1.529765,-1.921282,1.746409,0.442883,1.638087
173,5.766667,1,660.605869,335.838833,570.28224,346.380242,615.444055,341.109537,2.809872,1.519387,-1.932805,1.478198,0.438533,1.498792
174,5.8,1,665.655022,336.165966,575.522585,345.802236,620.588803,340.984101,2.875841,2.269392,-1.949612,1.908713,0.463115,2.089052
175,5.833333,1,670.042725,338.597689,581.227551,349.951335,625.635138,344.274512,2.789096,2.075918,-1.890855,2.044038,0.44912,2.059978
176,5.866667,1,673.01897,340.717337,584.643936,350.24487,628.831453,345.481103,2.696972,-0.901802,-1.727492,-17.360847,0.48474,-9.131324
177,5.9,1,675.408096,339.341401,585.502138,347.137477,630.455117,343.239439,2.723425,5.723967,-1.874209,-0.207709,0.424608,2.758129
178,5.933333,1,677.629852,338.978348,586.366644,344.271119,631.998248,341.624733,2.831341,3.11128,-1.95988,3.750862,0.43573,3.431071
179,5.966667,1,677.643318,339.600325,588.447971,343.194893,633.045645,341.397609,2.787969,3.243298,-1.968268,2.969842,0.40985,3.10657
180,6.0,1,677.392807,340.714858,587.20108,343.083356,632.296944,341.899107,2.755368,2.457246,-2.011559,2.684318,0.371905,2.570782
181,6.033333,1,677.483292,340.753402,586.388493,343.064495,631.935892,341.908948,2.759327,1.847692,-1.909463,2.818378,0.424932,2.333035
182,6.066667,1,676.316376,341.709293,585.337877,342.960634,630.827127,342.334963,2.766885,1.867076,-1.920572,2.543102,0.423157,2.205089
183,6.1,1,675.754528,341.229376,584.165907,343.108515,629.960217,342.168945,2.789214,1.529412,-1.861904,2.559713,0.463655,2.044562
184,6.133333,1,674.059505,341.897997,582.555342,343.224172,628.307424,342.561084,2.773036,1.651909,-1.908467,2.55454,0.432284,2.103225
185,6.166667,1,672.30896,342.230081,581.581755,343.721019,626.945357,342.97555,2.752908,1.643295,-1.905381,2.645726,0.423763,2.14451
186,6.2,1,671.742058,341.926546,580.268621,343.865193,626.00534,342.89587,2.769676,1.503518,-1.923763,2.950816,0.422957,2.227167
187,6.233333,1,670.149364,341.685984,578.687067,343.77829,624.418216,342.732137,2.761902,1.573028,-1.979127,2.927513,0.391387,2.250271
188,6.266667,1,670.056534,342.239136,578.566179,343.557689,624.311357,342.898412,2.751925,1.55212,-1.924459,2.568083,0.413733,2.060102
189,6.3,1,669.088364,341.961195,576.968775,343.801158,623.028569,342.881176,2.755795,1.534413,-1.972188,3.190521,0.391803,2.362467
190,6.333333,1,667.660847,343.209774,575.205927,344.252923,621.433387,343.731348,2.733277,1.414972,-1.902542,2.904487,0.415367,2.159729
191,6.366667,1,665.493965,344.440752,572.774973,345.198149,619.134469,344.819451,2.737182,1.357537,-1.886623,2.475704,0.42528,1.916621
192,6.4,1,663.257465,345.10697,570.51897,345.859389,616.888218,345.483179,2.717261,1.413632,-1.889238,2.256865,0.414011,1.835248
193,6.433333,1,661.454506,344.807684,568.799257,346.024371,615.126882,345.416028,2.723757,1.450024,-1.886886,2.139858,0.418435,1.794941
194,6.466667,1,660.726089,343.522176,567.758684,345.952901,614.242387,344.737539,2.722234,1.243374,-1.938168,2.191469,0.392033,1.717421
195,6.5,1,660.537891,342.640459,568.247013,345.644007,614.392452,344.142233,2.712675,1.238402,-1.905463,2.306042,0.403606,1.772222
196,6.533333,1,660.924587,343.408805,569.178848,345.071908,615.051718,344.240356,2.684837,1.31232,-1.946276,2.144483,0.36928,1.728402
197,6.566667,1,662.188721,344.062507,570.148516,345.349351,616.168618,344.705929,2.686362,1.283902,-1.925921,2.426839,0.38022,1.855371
198,6.6,1,662.890663,344.857836,570.898657,345.702045,616.89466,345.27994,2.672939,1.267882,-1.930419,2.499926,0.37126,1.883904
199,6.633333,1,662.940865,345.159574,570.893078,345.705366,616.916971,345.43247,2.66976,1.269741,-1.915427,2.231643,0.377167,1.750692
200,6.666667,1,663.031902,344.765423,571.043253,345.651437,617.037578,345.20843,2.679375,1.281831,-1.918845,2.319194,0.380265,1.800512
201,6.7,1,663.247128,344.229705,572.335939,345.246445,617.791533,344.738075,2.676334,1.314754,-1.872668,2.223646,0.401833,1.7692
202,6.733333,1,663.694305,344.101721,572.384033,345.443292,618.039169,344.772507,2.665796,1.329349,-1.887984,2.100929,0.388906,1.715139
203,6.766667,1,663.965034,343.93257,572.464371,345.746253,618.214703,344.839412,2.682261,1.297895,-1.903419,2.073461,0.389421,1.685678
204,6.8,1,664.555855,344.228021,572.870235,345.768381,618.713045,344.998201,2.665583,1.286564,-1.859723,2.227133,0.40293,1.756848
205,6.833333,1,664.976921,344.24243,573.862562,345.684949,619.419742,344.963689,2.656139,1.295639,-1.851611,2.279008,0.402264,1.787324
206,6.866667,1,665.279102,344.28461,574.060707,345.134688,619.669905,344.709649,2.673496,1.385784,-1.837307,2.194999,0.418095,1.790392
207,6.9,1,665.729103,343.377337,574.531708,344.832247,620.130405,344.104792,2.671676,1.316742,-1.86852,2.427482,0.401578,1.872112
208,6.933333,1,666.177654,343.432655,575.192728,344.652025,620.685191,344.04234,2.71102,1.441178,-1.892761,2.61915,0.40913,2.030164
209,6.966667,1,665.699425,344.207926,574.77808,345.986965,620.238752,345.097446,2.800475,2.536407,-1.908621,4.632076,0.445927,3.584242
210,7.0,1,664.549446,348.235692,575.321636,349.006435,619.935541,348.621064,2.719715,5.852102,-1.860041,7.753958,0.429837,6.80303
211,7.033333,1,665.499706,347.940654,574.938526,348.393835,620.219116,348.167244,2.780203,4.596763,-1.876305,6.735887,0.451949,5.666325
212,7.066667,1,665.886021,345.443829,575.794048,345.911257,620.840034,345.677543,2.835084,4.065899,-1.834513,6.32011,0.500286,5.193004
213,7.1,1,667.306347,344.732904,576.609898,343.919202,621.958122,344.326053,2.901137,2.455012,-1.898821,4.819624,0.501158,3.637318
214,7.133333,1,667.275639,343.834766,578.20178,343.083136,622.738709,343.458951,2.869689,1.94091,-1.882949,3.238223,0.49337,2.589567
215,7.166667,1,667.525616,343.670754,577.869968,343.135573,622.697792,343.403164,2.822832,1.695226,-1.908588,3.13275,0.457122,2.413988
216,7.2,1,668.871975,343.509956,578.258972,342.795517,623.565474,343.152737,2.803124,1.721248,-1.887188,3.312279,0.457968,2.516764
217,7.233333,1,668.939571,343.531103,578.716412,342.415899,623.827991,342.973501,2.77692,1.863814,-1.885426,3.084683,0.445747,2.474249
218,7.266667,1,669.513302,343.560054,578.843288,342.096657,624.178295,342.828356,2.775065,1.79124,-1.894817,3.252563,0.440124,2.521902
219,7.3,1,669.812527,343.620849,579.465036,342.211504,624.638782,342.916177,2.79178,1.764388,-1.890408,3.052718,0.450686,2.408553
220,7.333333,1,670.195866,343.757948,579.422865,342.055796,624.809365,342.906872,2.800682,1.700573,-1.89383,3.053036,0.453426,2.376804
221,7.366667,1,670.323753,343.777158,579.637585,341.925892,624.980669,342.851525,2.791319,1.723559,-1.895527,2.762742,0.447896,2.243151
222,7.4,1,670.299168,343.857206,579.88575,341.848397,625.092459,342.852801,2.777142,1.765025,-1.894511,2.643837,0.441315,2.204431
223,7.433333,1,670.639477,343.944109,580.227489,341.868213,625.433483,342.906161,2.769461,1.81831,-1.884353,2.516204,0.442554,2.167257
224,7.466667,1,670.581818,343.885396,580.26886,342.04385,625.425339,342.964623,2.756761,1.754998,-1.838556,2.414949,0.459102,2.084974
225,7.5,1,672.271423,344.524233,581.693754,342.025686,626.982589,343.27496,2.798001,1.748029,-1.820816,2.505819,0.488593,2.126924
226,7.533333,1,673.868885,344.732979,586.55076,342.003547,630.209823,343.368263,2.801214,1.439956,-1.734244,2.079942,0.533485,1.759949
227,7.566667,1,675.023174,345.302246,587.32439,341.898855,631.173782,343.60055,2.753728,1.339239,-1.737505,2.056014,0.508112,1.697627
228,7.6,1,676.369514,345.257506,588.599262,341.511421,632.484388,343.384463,2.743646,1.370274,-1.730881,2.183834,0.506383,1.777054
229,7.633333,1,677.196293,345.117361,589.244213,341.613999,633.220253,343.36568,2.724129,1.411001,-1.728806,2.258732,0.497662,1.834866
230,7.666667,1,678.389034,344.772938,590.300236,341.497366,634.344635,343.135152,2.694021,1.43831,-1.748555,2.478769,0.472733,1.958539
231,7.7,1,679.354534,344.754565,590.937834,341.239311,635.146184,342.996938,2.691737,1.446441,-1.748447,2.47445,0.471645,1.960446
232,7.733333,1,680.537262,344.767274,591.866283,340.929054,636.201773,342.848164,2.687359,1.478451,-1.781672,2.634088,0.452844,2.056269
233,7.766667,1,681.260643,344.83862,592.588501,340.821857,636.924572,342.830239,2.666216,1.455693,-1.855616,2.766506,0.4053,2.1111
234,7.8,1,681.25206,344.990793,592.897034,340.999226,637.074547,342.995009,2.655029,1.518343,-1.861142,2.838576,0.396944,2.178459
235,7.833333,1,681.327419,345.591286,593.13839,340.880377,637.232904,343.235832,2.65975,1.604806,-1.86427,2.563133,0.39774,2.083969
236,7.866667,1,681.905327,345.657622,593.5886,340.479392,637.746964,343.068507,2.66554,1.54475,-1.905973,2.277237,0.379783,1.910994
237,7.9,1,682.550888,345.769159,593.849192,340.590752,638.20004,343.179956,2.649447,1.62622,-1.913246,2.358467,0.3681,1.992344
238,7.933333,1,682.882595,345.694277,594.35791,340.532269,638.620253,343.113273,2.655427,1.675459,-1.899746,2.183947,0.377841,1.929703
239,7.966667,1,683.51305,345.567296,594.783554,340.445243,639.148302,343.006269,2.666971,1.685826,-1.894728,2.334977,0.386121,2.010401
240,8.0,1,683.83091,345.916327,595.151672,340.661305,639.491291,343.288816,2.665444,1.638502,-1.924936,2.380638,0.370254,2.00957
241,8.033333,1,684.042435,346.078627,595.600519,340.397757,639.821477,343.238192,2.66232,1.589202,-1.945756,2.320018,0.358282,1.95461
242,8.066667,1,684.725647,346.24059,596.302204,340.353661,640.513926,343.297125,2.656768,1.608372,-1.943794,2.477062,0.356487,2.042717
243,8.1,1,685.167313,346.19754,596.464472,340.27968,640.815892,343.23861,2.649676,1.600402,-1.944779,2.408898,0.352448,2.00465
244,8.133333,1,685.482655,346.310794,596.55448,340.094833,641.018567,343.202814,2.651185,1.702138,-1.956603,2.580182,0.347291,2.14116
245,8.166667,1,685.901566,346.502604,596.799574,340.06461,641.35057,343.283607,2.661368,1.652498,-1.960825,2.504828,0.350271,2.078663
246,8.2,1,686.282349,346.643388,596.88714,339.749043,641.584744,343.196215,2.65366,1.713184,-1.959104,2.234764,0.347278,1.973974
247,8.233333,1,686.059399,346.837204,596.927109,339.458769,641.493254,343.147987,2.638123,1.708288,-1.969018,2.067189,0.334552,1.887739
248,8.266667,1,685.481644,346.54767,596.712122,339.548961,641.096883,343.048316,2.631604,1.692114,-1.981525,2.165055,0.325039,1.928584
249,8.3,1,685.681267,347.094621,596.014643,339.688602,640.847955,343.391612,2.658396,1.771793,-1.959687,2.114647,0.349355,1.94322
250,8.333333,1,685.391712,346.994532,595.381851,339.629492,640.386782,343.312012,2.646596,1.734703,-1.950091,2.154374,0.348252,1.944538
251,8.366667,1,685.15789,346.772756,596.014938,339.375867,640.586414,343.074312,2.650525,1.874869,-1.883619,1.952152,0.383453,1.913511
252,8.4,1,685.107727,346.86313,596.432753,339.514049,640.77024,343.18859,2.649578,1.788809,-1.877259,2.082794,0.38616,1.935801
253,8.433333,1,684.848061,346.775036,596.28912,339.388345,640.56859,343.08169,2.643646,1.756158,-1.897159,2.008803,0.373243,1.88248
254,8.466667,1,685.256119,346.664985,596.127872,339.725102,640.691996,343.195043,2.664494,1.864984,-1.870452,2.124867,0.397021,1.994925
255,8.5,1,684.781628,346.886036,596.070929,339.779567,640.426278,343.332801,2.642325,1.89161,-1.877589,2.251007,0.382368,2.071309
256,8.533333,1,684.74144,347.551106,595.833406,340.472059,640.287423,344.011583,2.759264,2.446799,-1.890231,3.033766,0.434517,2.740282
257,8.566667,1,684.050064,349.736431,597.004147,345.757915,640.527105,347.747173,2.712421,49.717963,-1.759605,3.940766,0.476408,26.829364
258,8.6,1,682.983303,349.805771,593.011599,346.106452,637.997451,347.956112,2.702288,16.931116,-1.800309,3.232785,0.45099,10.08195
259,8.633333,1,682.618961,348.425474,595.356627,344.892662,638.987794,346.659068,2.746119,5.753439,-1.736769,4.544498,0.504675,5.148969
260,8.666667,1,682.12759,346.636317,594.935169,343.785521,638.53138,345.210919,2.77598,3.033453,-1.819211,4.818498,0.478385,3.925976
261,8.7,1,680.840836,345.526682,592.445412,342.471587,636.643124,343.999135,2.739081,2.985122,-1.875186,4.359261,0.431947,3.672192
262,8.733333,1,681.415863,344.862669,592.211838,341.811474,636.81385,343.337072,2.75067,2.775579,-1.883251,3.454247,0.43371,3.114913
263,8.766667,1,681.214466,344.556586,591.563482,342.07395,636.388974,343.315268,2.726951,2.201858,-1.910049,3.122125,0.408451,2.661991
264,8.8,1,680.831661,344.325707,589.61297,341.845549,635.222316,343.085628,2.727424,2.088725,-1.97493,3.069204,0.376247,2.578964
265,8.833333,1,679.342556,344.44006,588.54188,341.495456,633.942218,342.967758,2.751421,2.186729,-1.9115,2.5633,0.41996,2.375015
266,8.866667,1,678.013687,344.131016,587.588615,341.712656,632.801151,342.921836,2.779953,2.247325,-1.906904,2.355032,0.436525,2.301179
267,8.9,1,676.703625,343.724565,586.542387,341.794324,631.623006,342.759444,2.799527,2.228006,-1.939893,2.573875,0.429817,2.40094
268,8.933333,1,675.57621,343.454858,584.898033,342.08639,630.237122,342.770624,2.832084,2.246276,-1.920666,2.919179,0.455709,2.582727
269,8.966667,1,673.730717,343.412463,583.265285,342.444293,628.498001,342.928378,2.788387,2.234564,-1.937997,3.065953,0.425195,2.650259
270,9.0,1,672.218418,342.947668,582.003336,342.38426,627.110877,342.665964,2.802394,2.225835,-1.972751,3.434477,0.414821,2.830156
271,9.033333,1,671.15202,342.392821,580.500793,342.2478,625.826406,342.32031,2.797056,2.155927,-1.998017,3.580393,0.39952,2.86816
272,9.066667,1,669.544392,341.892552,579.184675,342.328743,624.364533,342.110648,2.766435,2.00451,-2.005813,3.252057,0.380311,2.628283
273,9.1,1,668.625622,341.163163,578.110733,342.252129,623.368177,341.707646,2.775576,1.888428,-1.975586,3.185777,0.399995,2.537102
274,9.133333,1,667.975521,340.955307,576.665144,342.426698,622.320333,341.691003,2.783918,2.009201,-1.930412,2.835792,0.426753,2.422496
275,9.166667,1,666.106777,340.046607,575.081806,342.591729,620.594292,341.319168,2.789492,1.811511,-1.943644,2.638293,0.422924,2.224902
276,9.2,1,665.221214,339.186342,574.134369,342.654224,619.677792,340.920283,2.771535,1.794105,-1.926912,2.494179,0.422311,2.144142
277,9.233333,1,663.561363,338.53397,573.345451,342.559295,618.453407,340.546633,2.795878,1.907434,-1.903418,2.585825,0.44623,2.246629
278,9.266667,1,662.470055,337.523056,571.32432,343.114555,616.897187,340.318806,2.774849,1.739059,-1.882762,2.74938,0.446044,2.244219
279,9.3,1,660.064602,337.742209,568.986797,342.718189,614.5257,340.230199,2.816897,2.481222,-1.893566,2.434175,0.461666,2.457699
280,9.333333,1,656.77845,337.253768,562.879219,343.408826,609.828835,340.331297,2.846652,2.227128,-1.982983,1.800296,0.431835,2.013712
281,9.366667,1,653.038597,336.892013,559.685688,343.797553,606.362143,340.344783,2.747441,2.058805,-2.063257,1.667551,0.342092,1.863178
282,9.4,1,651.073112,336.036501,558.629017,343.907513,604.851065,339.972007,2.726273,1.936444,-2.069671,1.701671,0.328301,1.819058
283,9.433333,1,650.434208,335.036375,557.767086,343.902857,604.100647,339.469616,2.738912,1.960186,-2.105019,1.782959,0.316947,1.871573
284,9.466667,1,649.872417,334.31374,557.358685,343.65008,603.615551,338.98191,2.727095,1.877933,-2.127078,1.990797,0.300008,1.934365
285,9.5,1,649.825344,333.645049,557.186842,343.326209,603.506093,338.485629,2.725866,1.949721,-2.094757,1.911496,0.315554,1.930608
286,9.533333,1,649.135628,333.048348,556.59071,343.521736,602.863169,338.285042,2.730195,1.702334,-2.162001,1.808427,0.284097,1.755381
287,9.566667,1,647.306051,332.399662,555.747433,342.956788,601.526742,337.678225,2.738887,1.858412,-2.104995,1.846244,0.316946,1.852328
288,9.6,1,643.549204,333.145241,552.295523,343.885111,597.922363,338.515176,2.730936,1.618114,-2.059475,1.599477,0.335731,1.608795
289,9.633333,1,639.132118,333.0946,547.805147,344.022381,593.468633,338.558491,2.741366,1.679564,-2.104415,1.661546,0.318475,1.670555
290,9.666667,1,634.085941,332.511944,543.614016,344.131445,588.849978,338.321695,2.696993,1.314793,-2.077651,1.83976,0.309671,1.577277
291,9.7,1,630.317106,332.171003,540.048141,344.477348,585.182624,338.324176,2.693754,1.618928,-2.02208,1.753757,0.335837,1.686343
292,9.733333,1,627.419205,332.294417,537.801981,345.139103,582.610593,338.71676,2.678415,1.630496,-2.043915,1.715487,0.31725,1.672992
293,9.766667,1,626.74366,332.400445,536.538601,345.708166,581.64113,339.054305,2.755014,1.469845,-2.039962,1.808572,0.357526,1.639208
294,9.8,1,627.161665,332.333175,536.591635,345.793106,581.87665,339.06314,2.773956,1.715468,-2.057081,1.728466,0.358437,1.721967
295,9.833333,1,628.490419,332.086782,537.728977,345.067348,583.109698,338.577065,2.780734,1.88586,-2.059567,1.969444,0.360583,1.927652
296,9.866667,1,629.821377,331.919948,538.958521,345.301881,584.389949,338.610915,2.781695,1.962938,-2.040851,2.098065,0.370422,2.030501
297,9.9,1,629.008894,333.344201,541.19092,347.725434,585.099907,340.534818,2.837779,1.681656,-1.998687,2.281,0.419546,1.981328
298,9.933333,1,631.859245,335.373352,546.885958,349.20346,589.372602,342.288406,2.74516,-51.771736,-1.846259,8.995321,0.44945,-21.388207
299,9.966667,1,633.391676,337.442649,548.17975,350.347685,590.785713,343.895167,2.747684,-49.881665,-1.754397,11.797006,0.496644,-19.04233
300,10.0,1,632.816906,337.828758,545.401087,351.296446,589.108996,344.562602,2.792671,-5.338929,-1.789242,11.845745,0.501715,3.253408
301,10.033333,1,634.579058,338.704789,544.041853,352.974511,589.310455,345.83965,2.858502,-4.918489,-1.775325,16.592596,0.541589,5.837053
302,10.066667,1,632.944565,340.277959,543.274422,354.139781,588.109493,347.20887,2.855156,-5.009674,-1.775522,10.936678,0.539817,2.963502
303,10.1,1,632.655983,339.98541,542.331057,353.697442,587.49352,346.841426,2.883617,1.562612,-1.78599,7.78361,0.548813,4.673111
304,10.133333,1,633.336344,339.918473,543.03606,352.848614,588.186202,346.383543,2.914599,2.85895,-1.771437,3.798285,0.571581,3.328617
305,10.166667,1,634.464102,339.938627,543.240509,353.05729,588.852305,346.497958,2.943741,1.904202,-1.788635,3.696413,0.577553,2.800307
306,10.2,1,635.679617,340.066692,544.271479,352.57689,589.975548,346.321791,2.945879,2.708452,-1.80234,2.979222,0.571769,2.843837
307,10.233333,1,636.50281,340.327874,544.788942,352.138204,590.645876,346.233039,2.941667,2.830249,-1.803949,2.703071,0.568859,2.76666
308,10.266667,1,636.344299,339.924266,546.275444,351.579242,591.309872,345.751754,2.837343,1.454674,-1.823028,1.85145,0.507158,1.653062
309,10.3,1,637.363005,340.435994,548.167486,351.303125,592.765245,345.86956,2.802664,1.220114,-1.797487,1.512642,0.502589,1.366378
310,10.333333,1,638.996735,340.390901,549.394531,351.070572,594.195633,345.730737,2.790895,1.269164,-1.797148,1.431649,0.496874,1.350406
311,10.366667,1,640.798845,340.222029,550.879412,351.320436,595.839128,345.771233,2.807152,1.224697,-1.795618,1.705208,0.505767,1.464952
312,10.4,1,642.988129,341.396558,552.394743,351.053814,597.691436,346.225186,2.778181,1.128007,-1.801252,1.338614,0.488465,1.23331
313,10.433333,1,643.494186,341.458576,552.98131,350.911206,598.237748,346.184891,2.822529,1.40837,-1.767772,1.169535,0.527379,1.288953
314,10.466667,1,644.841738,341.908865,554.364681,350.868248,599.603209,346.388556,2.748807,1.329307,-1.830401,1.15896,0.459203,1.244133
315,10.5,1,647.478571,342.195497,556.671877,350.474644,602.075224,346.33507,2.781259,1.418778,-1.827879,1.231268,0.47669,1.325023
316,10.533333,1,650.725327,342.532661,558.722754,350.156969,604.72404,346.344815,2.754949,1.457761,-1.842079,1.256466,0.456435,1.357113
317,10.566667,1,652.900867,342.716097,560.790205,349.637371,606.845536,346.176734,2.759254,1.427624,-1.83269,1.416725,0.463282,1.422174
318,10.6,1,655.615826,341.715381,564.927645,347.491937,610.271735,344.603659,2.79855,1.694181,-1.788762,1.653399,0.504894,1.67379
319,10.633333,1,657.963848,341.003458,566.745434,346.504315,612.354641,343.753887,2.781793,1.643693,-1.815854,1.969872,0.48297,1.806783
320,10.666667,1,659.765015,341.140906,569.17181,345.855553,614.468412,343.498229,2.779095,1.593949,-1.825425,1.911886,0.476835,1.752918
321,10.7,1,661.451168,340.80027,570.833025,345.315458,616.142097,343.057864,2.751874,1.533671,-1.801461,2.069544,0.475207,1.801608
322,10.733333,1,663.002148,340.761931,572.524424,344.626544,617.763286,342.694237,2.746778,1.691258,-1.81412,2.007841,0.466329,1.849549
323,10.766667,1,664.584751,340.936076,573.800802,344.368848,619.192777,342.652462,2.745497,1.517128,-1.837272,2.052102,0.454112,1.784615
324,10.8,1,665.93647,341.903763,574.270172,344.684721,620.103321,343.294242,2.705571,1.385945,-1.842304,1.795717,0.431634,1.590831
325,10.833333,1,667.113857,342.436638,575.60545,344.61795,621.359653,343.527294,2.695034,1.325492,-1.810516,1.587368,0.442259,1.45643
326,10.866667,1,667.998829,343.048857,577.576933,344.768706,622.787881,343.908782,2.683005,1.322752,-1.772324,1.74728,0.455341,1.535016
327,10.9,1,669.292164,342.981985,578.583422,344.529372,623.937793,343.755679,2.679634,1.437552,-1.783437,1.764709,0.448099,1.601131
328,10.933333,1,669.888439,343.37989,579.503717,344.41069,624.696078,343.89529,2.683538,1.381888,-1.773144,1.738909,0.455197,1.560399
329,10.966667,1,670.665035,343.488257,580.00289,344.015354,625.333962,343.751805,2.697422,1.596567,-1.789213,1.983762,0.454104,1.790165
330,11.0,1,671.921902,344.815934,582.156992,345.111986,627.039447,344.96396,2.818371,2.559877,-1.876406,2.735018,0.470983,2.647448
331,11.033333,1,672.091274,348.79814,584.675512,349.60637,628.383393,349.202255,2.719562,3.659722,-1.730144,16.000844,0.494709,9.830283
332,11.066667,1,672.704887,350.360135,584.776573,349.936384,628.74073,350.14826,2.718337,-0.213456,-1.779574,22.082667,0.469381,10.934605
333,11.1,1,676.724072,350.411285,586.372347,346.955967,631.548209,348.683626,2.851316,11.030374,-1.780692,2.562406,0.535312,6.79639
334,11.133333,1,678.494148,349.674852,593.882504,346.755069,636.188326,348.214961,2.895771,1.8122,-1.560544,2.915148,0.667613,2.363674
335,11.166667,1,681.192303,349.541085,594.552021,346.641912,637.872162,348.091499,2.842455,1.50901,-1.53467,3.344371,0.653893,2.42669
336,11.2,1,683.078957,349.879312,595.823851,346.018696,639.451404,347.949004,2.851198,1.366925,-1.498963,2.543068,0.676118,1.954996
337,11.233333,1,683.432941,349.245983,597.464428,345.522911,640.448685,347.384447,2.808777,1.423596,-1.511507,2.877048,0.648635,2.150322
338,11.266667,1,685.240974,349.174771,599.561605,345.519649,642.40129,347.34721,2.802591,1.373084,-1.500285,3.126405,0.651153,2.249745
339,11.3,1,687.367077,349.344833,602.056684,345.099937,644.711881,347.222385,2.789765,1.193363,-1.533635,3.169969,0.628065,2.181666
340,11.333333,1,690.111847,350.691335,604.207544,345.167438,647.159696,347.929386,2.805377,1.231744,-1.531963,2.737735,0.636707,1.984739
341,11.366667,1,691.773071,351.949253,606.152868,345.378163,648.96297,348.663708,2.810375,1.345663,-1.558034,2.038402,0.626171,1.692032
342,11.4,1,693.897171,352.77466,608.257246,345.099251,651.077209,348.936955,2.818748,1.452428,-1.565872,1.892436,0.626438,1.672432
343,11.433333,1,695.729866,353.162556,610.239315,344.841624,652.984591,349.00209,2.778073,1.533814,-1.603988,1.661687,0.587043,1.597751
344,11.466667,1,697.194805,353.606225,612.441664,344.762349,654.818234,349.184287,2.791612,1.425723,-1.581704,1.603643,0.604954,1.514683
345,11.5,1,699.489212,354.471881,614.990416,344.740908,657.239814,349.606394,2.788413,1.431409,-1.596148,1.582717,0.596132,1.507063
346,11.533333,1,701.517754,355.247946,617.447453,344.815843,659.482603,350.031895,2.765071,1.490886,-1.708858,1.911558,0.528107,1.701222
347,11.566667,1,703.48484,355.815802,619.174109,345.077713,661.329474,350.446757,2.774413,1.496438,-1.728491,2.032487,0.522961,1.764463
348,11.6,1,705.182896,356.195147,621.090298,345.256847,663.136597,350.725997,2.733892,1.398146,-1.775548,2.327027,0.479172,1.862587
349,11.633333,1,706.989403,356.438257,621.479807,344.337482,664.234605,350.387869,2.690066,1.707882,-1.903444,2.239028,0.393311,1.973455
350,11.666667,1,704.898014,356.601781,618.020105,344.910429,661.45906,350.756105,2.728288,6.108272,-2.044722,2.540769,0.341783,4.32452
351,11.7,1,702.316189,358.116483,620.680046,348.231744,661.498117,353.174113,2.597642,17.412457,-1.890351,-1.440636,0.353646,7.98591
352,11.733333,1,702.811832,356.678814,619.170809,346.034955,660.991321,351.356885,2.609935,13.422055,-1.932283,-1.731924,0.338826,5.845066
353,11.766667,1,703.58448,354.636247,614.087191,343.767614,658.835835,349.201931,2.693456,11.781598,-2.096049,3.090943,0.298704,7.43627
354,11.8,1,702.934895,353.10315,613.090496,341.754236,658.012695,347.428693,2.746519,3.675693,-2.101415,2.697066,0.322552,3.18638
355,11.833333,1,702.626553,352.035009,612.25482,340.565454,657.440686,346.300231,2.700421,2.752121,-2.144173,3.069828,0.278124,2.910975
356,11.866667,1,701.796055,351.428846,610.614624,339.834943,656.205339,345.631894,2.660065,2.428665,-2.198763,2.903963,0.230651,2.666314
357,11.9,1,699.972878,351.666559,609.360428,339.906499,654.666653,345.786529,2.652188,2.142973,-2.125723,2.385315,0.263233,2.264144
358,11.933333,1,698.297749,351.237309,607.640018,338.889642,652.968884,345.063475,2.625208,2.146862,-2.089369,2.213898,0.26792,2.18038
359,11.966667,1,696.834202,351.180055,606.087027,338.680998,651.460614,344.930526,2.616043,2.034205,-2.104933,2.234836,0.255555,2.134521
360,12.0,1,695.91177,351.294086,604.820023,338.407724,650.365896,344.850905,2.630016,2.030852,-2.106145,2.123924,0.261935,2.077388
361,12.033333,1,694.574223,350.588477,603.638239,338.742748,649.106231,344.665613,2.652891,1.781547,-2.070479,2.312194,0.291206,2.046871
362,12.066667,1,693.330975,350.191789,602.31534,338.804203,647.823157,344.497996,2.647541,1.776254,-2.104451,2.517628,0.271545,2.146941
363,12.1,1,691.628857,349.733979,601.045761,338.996168,646.337309,344.365074,2.651183,1.696298,-2.115346,2.781678,0.267919,2.238988
364,12.133333,1,689.811382,349.844041,599.391794,339.227901,644.601588,344.535971,2.634782,1.719865,-2.094511,2.496858,0.270135,2.108361
365,12.166667,1,688.505783,348.821127,598.182116,339.050403,643.343949,343.935765,2.65978,1.681036,-2.076648,2.668665,0.291566,2.174851
366,12.2,1,687.439003,349.108697,597.333765,339.029937,642.386384,344.069317,2.644892,1.741544,-2.032597,2.30325,0.306147,2.022397
367,12.233333,1,686.634293,348.359079,596.170206,338.92612,641.402249,343.642599,2.706304,1.517643,-1.963782,2.457363,0.371261,1.987503
368,12.266667,1,685.731277,348.043839,595.191879,339.015909,640.461578,343.529874,2.676727,1.541829,-1.962894,2.53791,0.356916,2.03987
369,12.3,1,684.782295,347.725074,594.209023,338.758224,639.495659,343.241649,2.702915,1.510374,-1.937704,2.478556,0.382605,1.994465
370,12.333333,1,684.337177,347.906435,593.793325,338.503189,639.065251,343.204812,2.692291,1.627166,-1.890422,2.530956,0.400935,2.079061
371,12.366667,1,683.898239,347.701487,593.300133,338.631597,638.599186,343.166542,2.70688,1.612971,-1.855981,2.562184,0.425449,2.087578
372,12.4,1,683.250942,347.705714,592.295732,338.758637,637.773337,343.232176,2.700449,1.661384,-1.87727,2.687091,0.41159,2.174238
373,12.433333,1,682.602921,347.789227,591.342344,338.137829,636.972632,342.963528,2.727465,1.634432,-1.813128,2.580006,0.457168,2.107219
374,12.466667,1,680.958805,347.605276,590.053511,338.129643,635.506158,342.86746,2.737548,1.620691,-1.849077,1.727363,0.444236,1.674027
375,12.5,1,679.660263,347.480897,588.654261,338.106206,634.157262,342.793551,2.755688,1.758286,-1.865108,1.653086,0.44529,1.705686
376,12.533333,1,678.352261,347.397797,586.844006,338.625557,632.598133,343.011677,2.763591,1.82049,-1.889131,2.067941,0.43723,1.944216
377,12.566667,1,676.393433,347.568369,584.762688,338.856801,630.57806,343.212585,2.763289,1.796046,-1.850361,1.999036,0.456464,1.897541
378,12.6,1,674.918213,347.489759,582.570734,339.816141,628.744473,343.65295,2.772334,1.799871,-1.832641,1.951067,0.469847,1.875469
379,12.633333,1,673.463326,347.693408,580.785103,340.231519,627.124214,343.962463,2.753737,1.766095,-1.823351,1.880417,0.465193,1.823256
380,12.666667,1,670.88623,346.655136,578.411722,340.593343,624.648976,343.62424,2.718655,1.668557,-1.89846,2.792576,0.410097,2.230566
381,12.7,1,667.382812,345.818029,574.849606,339.695554,621.116209,342.756792,2.763423,2.028774,-1.922859,2.792847,0.420282,2.41081
382,12.733333,1,663.9575,345.895169,571.528826,339.953331,617.743163,342.92425,2.653062,2.067262,-1.952872,2.104571,0.350095,2.085917
383,12.766667,1,662.409935,345.457728,569.197083,340.050679,615.803509,342.754203,2.658505,2.166565,-1.972814,2.051367,0.342846,2.108966
384,12.8,1,660.309181,345.134774,567.132006,340.381749,613.720593,342.758262,2.650953,2.055025,-1.953174,1.726221,0.348889,1.890623
385,12.833333,1,658.910599,344.52492,565.536699,340.763401,612.223649,342.64416,2.653441,2.12419,-1.977069,1.819962,0.338186,1.972076
386,12.866667,1,654.931908,344.658692,561.926718,341.558767,608.429313,343.10873,2.600907,1.817387,-2.006985,1.969442,0.296961,1.893414
387,12.9,1,653.640366,344.237865,560.157909,341.331938,606.899137,342.784901,2.631056,1.848469,-2.051307,2.000811,0.289875,1.92464
388,12.933333,1,652.483902,343.97893,559.109497,341.181514,605.7967,342.580222,2.631148,1.758878,-2.040422,1.880859,0.295363,1.819868
389,12.966667,1,651.44474,343.932887,558.413534,341.275837,604.929137,342.604362,2.624809,1.813517,-2.016217,1.819351,0.304296,1.816434
390,13.0,1,651.072216,343.775543,558.258915,341.418938,604.665565,342.597241,2.627678,1.82138,-2.001261,1.880704,0.313209,1.851042
391,13.033333,1,651.095009,343.813936,558.863068,341.497146,604.979038,342.655541,2.622407,1.885709,-2.005965,1.792984,0.308221,1.839347
392,13.066667,1,651.594563,343.852292,559.234304,341.426668,605.414433,342.63948,2.634858,1.936324,-1.980807,1.632184,0.327026,1.784254
393,13.1,1,651.587315,343.928048,559.465904,341.275375,605.526609,342.601712,2.620276,1.903076,-1.975195,1.630397,0.32254,1.766737
394,13.133333,1,651.303196,343.545485,558.719902,341.326761,605.011549,342.436123,2.622039,1.845757,-2.001262,1.771503,0.310388,1.80863
395,13.166667,1,651.491947,343.673211,559.270334,341.494635,605.381141,342.583923,2.632067,1.911186,-1.990032,1.757125,0.321018,1.834156
396,13.2,1,651.971188,343.860338,559.495945,341.42338,605.733566,342.641859,2.630465,1.959245,-1.976021,1.757266,0.327222,1.858255
397,13.233333,1,652.279186,343.965073,560.075169,341.382154,606.177177,342.673614,2.639746,2.039009,-1.94617,1.674433,0.346788,1.856721
398,13.266667,1,652.324085,343.979171,560.050488,341.371431,606.187286,342.675301,2.635947,2.012138,-1.939592,1.624021,0.348177,1.818079
399,13.3,1,652.412205,343.99299,560.023079,341.360037,606.217642,342.676513,2.630981,2.044822,-1.931741,1.546433,0.34962,1.795627
400,13.333333,1,652.712631,343.814832,559.920673,341.388715,606.316652,342.601773,2.635285,2.012472,-1.929282,1.583954,0.353002,1.798213
401,13.366667,1,653.502655,343.640032,560.599632,341.454815,607.051144,342.547424,2.637965,1.970591,-1.926412,1.626059,0.355777,1.798325
402,13.4,1,654.384518,343.681392,561.682959,341.266712,608.033738,342.474052,2.650013,2.011246,-1.915433,1.658319,0.36729,1.834782
403,13.433333,1,655.243568,343.663185,563.137388,341.162669,609.190478,342.412927,2.661376,1.87886,-1.898308,1.836228,0.381534,1.857544
404,13.466667,1,656.126614,343.946604,563.277273,341.339861,609.701943,342.643232,2.670642,1.906084,-1.948735,1.711009,0.360953,1.808547
405,13.5,1,656.912384,344.085633,564.423876,341.80398,610.66813,342.944807,2.676059,1.884385,-1.92977,1.934854,0.373144,1.90962
406,13.533333,1,657.631741,344.230703,565.201778,341.747949,611.416759,342.989326,2.660806,1.914783,-1.922915,1.977471,0.368946,1.946127
407,13.566667,1,658.631077,344.33127,566.371231,341.883067,612.501154,343.107169,2.67663,1.840762,-1.924295,1.956121,0.376168,1.898442
408,13.6,1,659.678631,344.537945,568.008261,342.230752,613.843446,343.384348,2.725462,1.842209,-1.898667,2.553758,0.413397,2.197984
409,13.633333,1,661.561127,345.95016,569.199524,344.072818,615.380325,345.011489,2.857371,2.390326,-1.901068,3.703369,0.478152,3.046848
410,13.666667,1,662.936096,347.367858,572.045794,345.986579,617.490945,346.677218,2.803972,9.744705,-1.803631,4.760947,0.50017,7.252826
411,13.7,1,663.403854,347.229536,571.193972,345.453002,617.298913,346.341269,2.820672,7.008793,-1.853301,4.919306,0.483686,5.96405
412,13.733333,1,662.890415,345.875879,571.130314,343.495526,617.010365,344.685702,2.877166,2.888036,-1.877401,4.526053,0.499882,3.707044
413,13.766667,1,662.877197,345.106879,570.879793,342.566382,616.878495,343.83663,2.794574,2.300755,-1.916015,3.358588,0.439279,2.829672
414,13.8,1,662.506142,344.678509,570.057631,342.420024,616.281886,343.549266,2.762404,1.969196,-1.889697,3.075105,0.436354,2.52215
415,13.833333,1,663.197041,344.486173,569.947605,341.854754,616.572323,343.170463,2.775343,2.068341,-1.915293,3.082606,0.430025,2.575473
416,13.866667,1,662.970181,344.038271,570.190382,341.727811,616.580281,342.883041,2.762284,1.828178,-1.899581,2.956428,0.431351,2.392303
417,13.9,1,663.387375,343.556691,570.188971,341.701675,616.788173,342.629183,2.758876,1.718094,-1.883151,2.902946,0.437863,2.31052
418,13.933333,1,663.689842,343.555629,570.451832,341.632855,617.070837,342.594242,2.753114,1.802296,-1.904315,2.981179,0.424399,2.391737
419,13.966667,1,664.05035,343.6043,570.716829,341.562479,617.38359,342.58339,2.75731,1.783061,-1.914177,2.942972,0.421566,2.363017
420,14.0,1,664.119759,343.35964,571.310663,341.492704,617.715211,342.426172,2.74728,1.766763,-1.913973,3.009035,0.416653,2.387899
421,14.033333,1,664.518223,343.576673,571.802578,341.272677,618.1604,342.424675,2.730488,1.801896,-1.942931,2.673424,0.393779,2.23766
422,14.066667,1,665.447559,344.087859,572.519121,341.129404,618.98334,342.608632,2.750576,1.89937,-1.952623,2.402956,0.398976,2.151163
423,14.1,1,666.496582,343.916375,573.191404,340.696367,619.843993,342.306371,2.759158,1.937547,-1.977534,2.541365,0.390812,2.239456
424,14.133333,1,667.203331,343.691016,573.965921,340.499815,620.584626,342.095415,2.756256,1.835728,-1.918913,2.590035,0.418671,2.212881
425,14.166667,1,667.328529,343.953964,574.262753,340.336967,620.795641,342.145465,2.728103,1.862891,-1.937766,2.62025,0.395169,2.24157
426,14.2,1,667.387962,343.298078,574.457293,340.469517,620.922627,341.883797,2.729783,1.825915,-1.923782,2.522285,0.403,2.1741
427,14.233333,1,667.220936,344.088707,574.67658,340.270223,620.948758,342.179465,2.71886,1.958053,-1.915656,2.45491,0.401602,2.206482
428,14.266667,1,667.277241,343.560778,574.749947,340.478808,621.013594,342.019793,2.730176,1.91025,-1.910276,2.264852,0.40995,2.087551
429,14.3,1,667.440262,344.10782,574.602823,340.534217,621.021543,342.321019,2.712824,1.895668,-1.877078,2.178166,0.417873,2.036917
430,14.333333,1,667.257347,344.053152,574.648628,341.140772,620.952988,342.596962,2.72005,1.867406,-1.872555,2.33652,0.423748,2.101963
431,14.366667,1,667.016163,344.473448,574.431458,341.624395,620.72381,343.048922,2.710653,1.86984,-1.891934,2.304499,0.409359,2.087169
432,14.4,1,666.764984,344.392135,573.610926,341.969537,620.187955,343.180836,2.72156,1.747382,-1.919635,2.444661,0.400962,2.096022
433,14.433333,1,665.85638,344.458616,572.95228,342.199938,619.40433,343.329277,2.726767,1.822183,-1.908042,2.45222,0.409362,2.137201
434,14.466667,1,664.947033,344.265566,571.869535,342.610799,618.408284,343.438183,2.707365,1.795376,-1.893926,2.380526,0.40672,2.087951
435,14.5,1,664.397163,344.154705,571.098337,343.222852,617.74775,343.688779,2.70302,1.752378,-1.919127,2.39482,0.391946,2.073599
436,14.533333,1,663.741398,344.5629,570.85906,343.304316,617.300229,343.933608,2.703854,1.706443,-1.908212,2.35832,0.397821,2.032381
437,14.566667,1,663.506699,344.20129,570.675936,343.394063,617.091317,343.797677,2.703903,1.730766,-1.915692,2.421121,0.394106,2.075943
438,14.6,1,663.242188,344.60507,570.547523,343.0589,616.894855,343.831985,2.70303,1.7814,-1.945149,2.257295,0.378941,2.019348
439,14.633333,1,663.307896,344.463674,570.411844,343.38276,616.85987,343.923217,2.710393,1.780369,-1.942446,2.310354,0.383974,2.045361
440,14.666667,1,663.209572,344.740972,569.978943,343.288577,616.594257,344.014775,2.709366,1.764957,-1.921352,2.250824,0.394007,2.007891
441,14.7,1,662.702885,344.948452,569.736872,343.449435,616.219878,344.198943,2.726159,1.777645,-1.92115,2.337927,0.402504,2.057786
442,14.733333,1,661.930523,345.298598,568.869562,343.752685,615.400043,344.525642,2.730641,1.759052,-1.925118,2.35452,0.402762,2.056786
443,14.766667,1,661.812344,346.031726,569.110451,345.279393,615.461397,345.65556,2.882685,3.182191,-1.937034,3.22444,0.472825,3.203315
444,14.8,1,661.121292,346.553276,569.278069,346.810854,615.19968,346.682065,2.861564,7.863937,-1.906434,5.142712,0.477565,6.503325
445,14.833333,1,661.948128,346.296841,570.426874,345.450078,616.187501,345.87346,2.906273,6.148456,-1.867671,3.350876,0.519301,4.749666
446,14.866667,1,659.45179,345.206968,569.91189,344.253137,614.68184,344.730053,2.870546,2.594976,-1.854984,2.72777,0.507781,2.661373
447,14.9,1,657.299671,343.826441,566.987371,344.085751,612.143521,343.956096,2.812658,2.11461,-1.916256,2.592901,0.448201,2.353756
448,14.933333,1,657.678318,343.807327,566.303501,344.259827,611.99091,344.033577,2.772503,1.880874,-1.878172,2.413781,0.447166,2.147327
449,14.966667,1,658.162632,343.549401,567.006216,343.936813,612.584424,343.743107,2.779622,1.790711,-1.868274,2.334623,0.455674,2.062667
450,15.0,1,658.974895,343.926514,566.941977,343.843253,612.958436,343.884883,2.795412,1.906585,-1.890502,2.510406,0.452455,2.208495
451,15.033333,1,659.425144,344.274246,567.252197,344.01161,613.338671,344.142928,2.783283,1.853734,-1.868173,2.293075,0.457555,2.073404
452,15.066667,1,659.078712,344.476549,567.296448,344.16979,613.18758,344.32317,2.752711,1.806923,-1.874277,2.324448,0.439217,2.065685
453,15.1,1,658.982677,344.390348,566.861839,344.408485,612.922258,344.399417,2.757447,1.824266,-1.879614,2.435366,0.438916,2.129816
454,15.133333,1,658.680229,343.791996,566.906509,344.330669,612.793369,344.061332,2.763116,1.797568,-1.873933,2.478759,0.444591,2.138163
455,15.166667,1,658.747101,342.946955,567.28838,344.37985,613.01774,343.663402,2.741633,1.692921,-1.873153,2.380695,0.43424,2.036808
456,15.2,1,659.636936,343.165088,567.538652,344.292094,613.587794,343.728591,2.754818,1.713455,-1.908379,2.694226,0.423219,2.203841
457,15.233333,1,659.919643,343.606092,568.295507,344.107402,614.107575,343.856747,2.759708,1.69692,-1.96525,2.711089,0.397229,2.204004
458,15.266667,1,661.167908,343.793326,569.105301,344.045625,615.136604,343.919476,2.754254,1.665374,-1.925855,2.724386,0.414199,2.19488
459,15.3,1,661.217422,343.825985,569.418411,343.82915,615.317917,343.827567,2.736118,1.705055,-1.913514,2.621746,0.411302,2.163401
460,15.333333,1,661.03447,343.535212,569.33239,343.566046,615.18343,343.550629,2.72799,1.708418,-1.882747,2.483208,0.422621,2.095813
461,15.366667,1,660.855846,342.907682,569.194937,343.288883,615.025392,343.098283,2.745625,1.627874,-1.9009,2.551547,0.422362,2.089711
462,15.4,1,660.279274,342.797738,569.217968,343.21479,614.748621,343.006264,2.72821,1.605198,-1.925554,2.374228,0.401328,1.989713
463,15.433333,1,660.342445,342.870405,569.224176,343.023167,614.783311,342.946786,2.738495,1.642974,-1.914534,2.320286,0.411981,1.98163
464,15.466667,1,660.86338,342.712133,569.385586,343.095576,615.124483,342.903855,2.728339,1.657423,-1.928982,2.245856,0.399678,1.951639
465,15.5,1,661.692581,342.658848,569.973602,342.561173,615.833092,342.610011,2.746541,1.648729,-1.962588,2.284624,0.391977,1.966676
466,15.533333,1,662.078476,342.549226,570.04303,342.759973,616.060753,342.6546,2.729775,1.512898,-1.959964,2.159703,0.384906,1.836301
467,15.566667,1,662.272511,342.495646,570.964127,342.46861,616.618319,342.482128,2.701991,1.625321,-1.957813,2.28313,0.372089,1.954226
468,15.6,1,662.995167,342.209777,571.067781,342.267653,617.031474,342.238715,2.716476,1.560444,-1.944137,2.137114,0.38617,1.848779
469,15.633333,1,663.17255,342.48642,571.422052,342.072415,617.297301,342.279418,2.687981,1.644438,-1.962338,2.158403,0.362821,1.901421
470,15.666667,1,663.315125,342.243975,571.981344,341.955305,617.648234,342.09964,2.694944,1.633632,-1.924912,2.107838,0.385016,1.870735
471,15.7,1,663.582535,342.33208,572.20726,341.851691,617.894897,342.091886,2.680689,1.608778,-1.956558,2.165053,0.362065,1.886916
472,15.733333,1,663.828392,342.109006,572.343798,341.752079,618.086095,341.930543,2.686022,1.525865,-1.934615,2.126112,0.375704,1.825988
473,15.766667,1,663.805084,342.121757,572.355671,341.747058,618.080378,341.934408,2.684221,1.576461,-1.927993,2.092873,0.378114,1.834667
474,15.8,1,663.843193,341.785167,571.785774,341.548698,617.814484,341.666932,2.701862,1.519406,-1.954602,2.099494,0.37363,1.80945
475,15.833333,1,663.758888,341.549175,571.747141,341.295256,617.753015,341.422216,2.722727,1.444443,-1.913299,2.122759,0.404714,1.783601
476,15.866667,1,663.35659,341.5237,571.61129,341.538704,617.48394,341.531202,2.70519,1.424167,-1.883824,2.116015,0.410683,1.770091
477,15.9,1,663.253098,341.546177,570.980768,341.845597,617.116933,341.695887,2.712004,1.352926,-1.865151,2.231454,0.423426,1.79219
478,15.933333,1,662.648277,341.62513,570.233345,341.941019,616.440811,341.783075,2.705524,1.412357,-1.866038,2.058854,0.419743,1.735605
479,15.966667,1,661.854591,341.392078,569.297495,341.946904,615.576043,341.669491,2.726982,1.402111,-1.889373,2.048391,0.418805,1.725251
480,16.0,1,662.009716,342.099624,570.285339,341.504651,616.147528,341.802137,2.83839,1.997744,-1.855531,2.503188,0.49143,2.250466
481,16.033333,1,660.446358,345.297756,568.609943,347.877912,614.528151,346.587834,2.757277,36.470666,-1.898926,3.223525,0.429176,19.847095
482,16.066667,1,658.954716,346.618636,570.624371,348.330358,614.789543,347.474497,2.658913,10.118952,-1.868613,7.404467,0.39515,8.761709
483,16.1,1,659.3009,344.475991,569.305887,346.049874,614.303393,345.262932,2.740011,34.858421,-1.898864,2.524888,0.420573,18.691654
484,16.133333,1,660.645695,342.820864,567.906055,344.12091,614.275875,343.470887,2.849608,4.348959,-1.974237,3.158917,0.437686,3.753938
485,16.166667,1,660.761738,342.473057,570.153837,342.342482,615.457788,342.407769,2.868989,2.993008,-1.915846,2.739925,0.476572,2.866466
486,16.2,1,660.246792,341.921176,569.809198,341.666479,615.027995,341.793828,2.83788,2.152733,-1.939966,2.525366,0.448957,2.339049
487,16.233333,1,660.08009,341.796722,569.759817,341.28155,614.919953,341.539136,2.790725,1.76442,-1.909407,2.568457,0.440659,2.166439
488,16.266667,1,659.707603,341.378844,567.942305,341.896527,613.824954,341.637686,2.764384,1.685316,-1.95304,2.400616,0.405672,2.042966
489,16.3,1,659.543724,341.125649,567.660713,341.628381,613.602219,341.377015,2.742793,1.620089,-1.917902,2.410952,0.412445,2.01552
490,16.333333,1,659.406223,341.091955,567.82361,341.4989,613.614917,341.295428,2.728519,1.583499,-1.901498,2.248299,0.413511,1.915899
491,16.366667,1,659.320526,341.000358,567.697802,341.394626,613.509164,341.197492,2.730117,1.562577,-1.9136,2.27056,0.408258,1.916569
492,16.4,1,659.495525,341.058787,567.621336,341.606172,613.558431,341.33248,2.724264,1.526031,-1.924207,2.244224,0.400029,1.885128
493,16.433333,1,659.639931,341.037002,567.798529,341.384547,613.71923,341.210774,2.73255,1.507589,-1.91937,2.052245,0.40659,1.779917
494,16.466667,1,659.899635,340.680065,567.737684,341.4827,613.81866,341.081382,2.737543,1.479363,-1.924153,2.101102,0.406695,1.790232
495,16.5,1,660.007954,340.829244,568.06448,341.452407,614.036217,341.140825,2.724024,1.484152,-1.921263,2.130825,0.401381,1.807489
496,16.533333,1,659.988022,340.845058,568.005733,341.658062,613.996878,341.25156,2.720297,1.463031,-1.91122,2.154286,0.404538,1.808659
497,16.566667,1,659.894562,341.008447,568.033352,341.661506,613.963957,341.334977,2.713374,1.42722,-1.919362,2.241501,0.397006,1.83436
498,16.6,1,659.780483,340.96109,567.978182,341.67157,613.879333,341.31633,2.716928,1.410895,-1.928611,2.272006,0.394159,1.841451
499,16.633333,1,659.786034,341.025313,568.055458,341.642666,613.920746,341.33399,2.711309,1.397041,-1.914752,2.218158,0.398278,1.807599
500,16.666667,1,659.825096,341.045526,568.11141,341.620501,613.968253,341.333013,2.701074,1.430657,-1.904177,2.128699,0.398448,1.779678
501,16.7,1,661.077938,342.345132,569.157896,343.280622,615.117917,342.812877,2.818227,1.783022,-1.874257,2.913412,0.471985,2.348217
502,16.733333,1,658.78294,347.181299,570.407209,348.385166,614.595075,347.783233,2.692441,-1.71726,-1.819001,2.79839,0.43672,0.540565
503,16.766667,1,658.755283,346.650732,570.970068,348.149142,614.862676,347.399937,2.684817,-0.378155,-1.793777,4.873876,0.44552,2.24786
504,16.8,1,660.941772,344.756931,569.468632,345.072214,615.205202,344.914573,2.828874,6.47058,-1.869303,1.573892,0.479785,4.022236
505,16.833333,1,660.501671,343.215101,569.836931,342.752736,615.169301,342.983918,2.860464,3.540969,-1.868857,1.890755,0.495803,2.715862
506,16.866667,1,660.888538,342.36991,570.229082,341.537862,615.55881,341.953886,2.868806,2.538684,-1.882975,2.130842,0.492916,2.334763
507,16.9,1,661.782722,341.743727,570.116081,341.413128,615.949402,341.578428,2.799454,1.982063,-1.908459,2.192322,0.445497,2.087193
508,16.933333,1,662.18853,341.6202,570.732574,341.152793,616.460552,341.386497,2.770624,1.804361,-1.898138,1.972151,0.436243,1.888256
509,16.966667,1,662.580318,341.147338,571.078672,341.022465,616.829495,341.084901,2.730794,1.791735,-1.920649,2.055668,0.405072,1.923702
510,17.0,1,663.191223,341.1303,571.848698,341.015346,617.51996,341.072823,2.707433,1.743913,-1.902697,1.936097,0.402368,1.840005
511,17.033333,1,663.489132,341.27345,572.356558,341.015764,617.922845,341.144607,2.684536,1.752494,-1.928481,1.976429,0.378028,1.864462
512,17.066667,1,664.291687,341.655402,572.877197,341.027207,618.584442,341.341304,2.668201,1.661092,-1.920737,2.124251,0.373732,1.892672
513,17.1,1,665.100899,341.807832,573.20528,340.876005,619.15309,341.341918,2.672338,1.71004,-1.910137,2.168537,0.381101,1.939288
514,17.133333,1,665.255089,341.886281,573.494701,341.203857,619.374895,341.545069,2.676493,1.659083,-1.916072,2.053968,0.380211,1.856525
515,17.166667,1,665.887241,341.983377,573.995352,341.391188,619.941297,341.687282,2.6826,1.634664,-1.925866,2.101455,0.378367,1.86806
516,17.2,1,666.794453,342.615262,574.635353,341.402223,620.714903,342.008742,2.671487,1.656691,-1.897608,2.094804,0.38694,1.875747
517,17.233333,1,667.619247,343.053423,575.564585,341.888164,621.591916,342.470793,2.666327,1.673808,-1.88917,2.31845,0.388578,1.996129
518,17.266667,1,668.113823,343.499871,576.456289,341.831338,622.285056,342.665605,2.6641,1.588671,-1.817902,2.14658,0.423099,1.867625
519,17.3,1,668.553162,343.888448,577.249613,341.848735,622.901387,342.868592,2.669419,1.569712,-1.846567,2.051002,0.411426,1.810357
520,17.333333,1,668.544178,343.650177,577.176409,341.803894,622.860293,342.727035,2.656953,1.608943,-1.860315,2.224983,0.398319,1.916963
521,17.366667,1,668.662567,343.548247,577.114048,341.742311,622.888308,342.645279,2.647342,1.541995,-1.841776,2.154764,0.402783,1.84838
522,17.4,1,668.529739,343.190022,576.868219,341.706219,622.698979,342.44812,2.64975,1.525227,-1.820819,2.316361,0.414466,1.920794
523,17.433333,1,668.742085,343.26462,576.603413,341.691424,622.672749,342.478022,2.651004,1.53293,-1.806524,2.24221,0.42224,1.88757
524,17.466667,1,668.754921,343.355965,576.937885,341.759788,622.846403,342.557876,2.65499,1.55654,-1.8064,2.15345,0.424295,1.854995
525,17.5,1,669.067554,343.451661,577.621813,341.769438,623.344684,342.61055,2.659047,1.542254,-1.812833,1.99291,0.423107,1.767582
526,17.533333,1,670.117512,343.595261,578.63863,341.879248,624.378071,342.737255,2.650799,1.545347,-1.827379,1.850087,0.41171,1.697717
527,17.566667,1,670.92783,343.598061,579.742937,342.296492,625.335383,342.947277,2.680489,1.46039,-1.852896,2.124396,0.413797,1.792393
528,17.6,1,671.92625,343.908747,580.601091,342.734486,626.263671,343.321617,2.651951,1.377551,-1.862994,2.293526,0.394479,1.835538
529,17.633333,1,672.701721,344.142732,581.406984,342.754973,627.054353,343.448853,2.652907,1.447799,-1.849576,2.239264,0.401666,1.843532
530,17.666667,1,673.388157,344.680719,582.004318,342.764522,627.696238,343.72262,2.664923,1.472449,-1.828589,1.879445,0.418167,1.675947
531,17.7,1,673.713322,344.917386,582.174797,342.956198,627.944059,343.936792,2.650366,1.505116,-1.825302,1.873374,0.412532,1.689245
532,17.733333,1,673.712082,344.670065,582.462521,342.904742,628.087301,343.787404,2.634421,1.540377,-1.819311,1.837376,0.407555,1.688877
533,17.766667,1,673.929329,344.243819,582.727184,342.808183,628.328257,343.526001,2.641849,1.529655,-1.822306,1.777077,0.409771,1.653366
534,17.8,1,674.277706,343.997914,582.840405,342.780041,628.559055,343.388978,2.626096,1.531591,-1.848124,1.872896,0.388986,1.702243
535,17.833333,1,674.664268,343.960862,582.674246,342.999253,628.669257,343.480057,2.612798,1.524048,-1.910161,2.169608,0.351319,1.846828
536,17.866667,1,674.865208,344.169163,582.961483,342.890038,628.913345,343.529601,2.624106,1.543035,-1.918349,2.186748,0.352878,1.864892
537,17.9,1,674.987087,344.457779,582.921886,342.822458,628.954487,343.640118,2.628216,1.524502,-1.932093,2.000482,0.348062,1.762492
538,17.933333,1,675.024529,344.80763,582.916145,342.740436,628.970337,343.774033,2.634114,1.543896,-1.916056,1.88181,0.359029,1.712853
539,17.966667,1,674.956779,344.880908,582.95557,342.752103,628.956175,343.816506,2.634631,1.544494,-1.889589,1.785501,0.372521,1.664997
540,18.0,1,674.194298,345.325264,582.514896,343.516855,628.354597,344.421059,2.645411,1.605074,-1.852736,1.946765,0.396338,1.775919
541,18.033333,1,674.127865,347.072144,587.603951,347.722462,630.865908,347.397303,2.739568,6.352139,-1.797485,2.672245,0.471042,4.512192
542,18.066667,1,673.667507,350.372586,585.194693,350.684291,629.4311,350.528439,2.66501,4.894995,-1.772695,6.338273,0.446158,5.616634
543,18.1,1,673.354607,348.990186,586.20677,349.371779,629.780688,349.180983,2.739971,3.818771,-1.744272,5.942061,0.49785,4.880416
544,18.133333,1,672.800884,346.798387,582.779274,347.087186,627.790079,346.942787,2.807843,5.672967,-1.893573,4.226856,0.457135,4.949912
545,18.166667,1,673.287239,345.941947,580.871315,345.345681,627.079277,345.643814,2.844314,2.862546,-1.940966,3.255762,0.451674,3.059154
546,18.2,1,671.981087,345.510525,580.998039,344.640309,626.489563,345.075417,2.779787,2.481663,-1.883745,2.30094,0.448021,2.391302
547,18.233333,1,672.18401,344.837558,580.848398,343.601033,626.516204,344.219296,2.73665,1.81993,-1.849807,2.145118,0.443422,1.982524
548,18.266667,1,671.742077,344.059187,580.054207,343.768719,625.898142,343.913953,2.705309,1.661814,-1.838281,2.469037,0.433514,2.065425
549,18.3,1,671.518211,344.138564,579.340153,343.952649,625.429182,344.045607,2.70597,1.722065,-1.841701,2.763295,0.432134,2.24268
550,18.333333,1,670.869751,343.956458,579.124584,343.783429,624.997168,343.869943,2.705048,1.556975,-1.821381,2.702502,0.441834,2.129739
551,18.366667,1,670.77116,343.708799,579.010496,343.77035,624.890828,343.739575,2.673905,1.551581,-1.832535,2.794213,0.420685,2.172897
552,18.4,1,670.844116,343.959843,579.203176,343.63978,625.023646,343.799812,2.669069,1.605599,-1.821643,2.790703,0.423713,2.198151
553,18.433333,1,671.162395,343.925264,579.312162,343.619326,625.237279,343.772295,2.681494,1.594993,-1.818819,2.805626,0.431338,2.20031
554,18.466667,1,670.959778,344.147887,579.140501,343.742589,625.050139,343.945238,2.698685,1.595992,-1.859089,2.741923,0.419798,2.168958
555,18.5,1,669.968433,343.937527,578.628807,343.865209,624.29862,343.901368,2.678502,1.604393,-1.860469,2.643738,0.409016,2.124065
556,18.533333,1,669.558735,343.808287,578.176498,343.942103,623.867617,343.875195,2.67969,1.583958,-1.844694,2.767792,0.417498,2.175875
557,18.566667,1,669.438534,343.721437,577.647228,343.98055,623.542881,343.850994,2.684443,1.582539,-1.845426,2.815505,0.419508,2.199022
558,18.6,1,669.351959,343.739253,577.323294,343.949457,623.337626,343.844355,2.68381,1.621184,-1.834884,2.677113,0.424463,2.149148
559,18.633333,1,669.127884,343.788986,577.11154,344.003493,623.119712,343.89624,2.675152,1.598668,-1.831343,2.58444,0.421904,2.091554
560,18.666667,1,668.57769,343.847045,576.625443,343.969901,622.601566,343.908473,2.669412,1.600699,-1.845605,2.649444,0.411903,2.125071
561,18.7,1,668.281708,343.886291,576.07398,344.091003,622.177844,343.988647,2.672617,1.576508,-1.848894,2.731964,0.411862,2.154236
562,18.733333,1,667.841282,343.307642,575.775833,344.134943,621.808558,343.721293,2.686754,1.605513,-1.869145,3.008621,0.408804,2.307067
563,18.766667,1,667.793427,343.220395,575.754433,344.041135,621.77393,343.630765,2.686796,1.53971,-1.846024,2.858342,0.420386,2.199026
564,18.8,1,667.58213,343.15702,575.638866,344.14351,621.610498,343.650265,2.717948,1.605123,-1.86806,2.978236,0.424944,2.29168
565,18.833333,1,667.1661,344.728859,578.424101,346.263742,622.7951,345.496301,2.765548,3.377858,-1.856434,3.279327,0.454557,3.328592
566,18.866667,1,666.638412,349.015823,580.440311,351.137998,623.539362,350.07691,2.667403,3.969948,-1.765355,6.047992,0.451024,5.00897
567,18.9,1,666.897373,348.354256,580.581141,349.942365,623.739257,349.148311,2.670938,15.366845,-1.802989,6.295312,0.433975,10.831079
568,18.933333,1,668.194809,346.377656,578.868542,347.493691,623.531675,346.935673,2.77537,9.484305,-1.858303,5.748431,0.458533,7.616368
569,18.966667,1,668.864784,345.266481,579.454956,345.845693,624.15987,345.556087,2.853953,3.674047,-1.900082,3.438891,0.476935,3.556469
570,19.0,1,669.26878,344.720582,578.986349,344.540316,624.127564,344.630449,2.887401,2.457839,-1.898451,3.043893,0.494475,2.750866
571,19.033333,1,668.634567,343.776911,578.159008,343.978039,623.396788,343.877475,2.793127,1.947524,-1.917631,2.575728,0.437748,2.261626
572,19.066667,1,668.208923,343.348444,577.527542,343.871834,622.868233,343.610139,2.735466,1.864967,-1.919925,2.51064,0.40777,2.187803
573,19.1,1,668.478642,343.536268,577.847824,343.534391,623.163233,343.53533,2.744907,1.802226,-1.872358,2.573973,0.436275,2.1881
574,19.133333,1,668.702106,343.368469,577.813902,343.688537,623.258004,343.528503,2.728609,1.843491,-1.877197,2.634758,0.425706,2.239125
575,19.166667,1,668.352928,343.702957,578.023148,343.632206,623.188038,343.667581,2.72666,1.788794,-1.835567,2.348644,0.445547,2.068719
576,19.2,1,668.726959,343.565124,578.116541,343.600164,623.42175,343.582644,2.705471,1.7834,-1.841711,2.470195,0.43188,2.126797
577,19.233333,1,668.887672,343.47586,578.562489,343.391038,623.72508,343.433449,2.716001,1.714824,-1.815287,2.362507,0.450357,2.038666
578,19.266667,1,669.427834,343.705323,579.058428,343.594784,624.243131,343.650053,2.705774,1.655226,-1.788772,2.143993,0.458501,1.899609
579,19.3,1,669.408665,343.85242,579.110508,343.75128,624.259586,343.80185,2.711991,1.53051,-1.796575,2.172366,0.457708,1.851438
580,19.333333,1,669.431305,343.641577,578.401585,343.459922,623.916445,343.55075,2.708211,1.63486,-1.79673,2.296017,0.455741,1.965438
581,19.366667,1,669.195786,343.309182,577.918444,343.446672,623.557115,343.377927,2.698502,1.631693,-1.799976,2.333761,0.449263,1.982727
582,19.4,1,668.75967,343.331149,577.70257,343.387642,623.23112,343.359396,2.683645,1.625565,-1.79746,2.385834,0.443093,2.005699
583,19.433333,1,668.703346,343.435546,577.583408,343.27066,623.143377,343.353103,2.677423,1.653756,-1.805129,2.287481,0.436147,1.970618
584,19.466667,1,669.059029,343.246332,577.83514,343.230904,623.447084,343.238618,2.687551,1.643031,-1.802492,2.258641,0.44253,1.950836
585,19.5,1,669.403973,343.3252,578.19067,343.546064,623.797321,343.435632,2.699341,1.586651,-1.801566,2.172373,0.448887,1.879512
586,19.533333,1,669.735603,343.190537,578.496695,343.521779,624.116149,343.356158,2.698685,1.586767,-1.80888,2.168139,0.444902,1.877453
587,19.566667,1,669.958,343.199056,578.887796,343.3369,624.422898,343.267978,2.692001,1.549233,-1.815791,2.282989,0.438105,1.916111
588,19.6,1,670.559025,343.389482,579.310522,343.211281,624.934773,343.300382,2.674944,1.529127,-1.804183,2.08684,0.43538,1.807984
589,19.633333,1,670.952301,343.411122,579.970961,343.309134,625.461631,343.360128,2.676073,1.573304,-1.785397,2.140965,0.445338,1.857135
590,19.666667,1,670.842991,343.327539,580.086508,343.233721,625.464749,343.28063,2.674428,1.570767,-1.803004,2.091479,0.435712,1.831123
591,19.7,1,671.042233,343.216469,580.290928,343.092674,625.66658,343.154571,2.667971,1.560456,-1.78265,2.061288,0.442661,1.810872
592,19.733333,1,671.290359,343.248875,580.333004,343.226334,625.811682,343.237604,2.673934,1.561657,-1.811719,2.201149,0.431107,1.881403
593,19.766667,1,670.872803,344.16059,581.299429,343.706852,626.086116,343.933721,2.775991,2.027234,-1.840774,2.267017,0.467609,2.147125
594,19.8,1,671.221676,347.478493,582.452192,348.667291,626.836934,348.072892,2.724994,58.746562,-1.822826,4.017423,0.451084,31.381993
595,19.833333,1,669.734364,348.821878,583.039913,349.674069,626.387138,349.247974,2.661314,56.844889,-1.731917,8.0222,0.464699,32.433544
596,19.866667,1,670.967922,347.102067,581.900272,347.300502,626.434097,347.201284,2.806973,15.652706,-1.80704,5.800255,0.499966,10.72648
597,19.9,1,670.562019,344.904377,581.693888,345.644217,626.127954,345.274297,2.823784,4.255445,-1.830567,4.993656,0.496609,4.62455
598,19.933333,1,671.046467,344.318631,580.992994,343.807853,626.019731,344.063242,2.829505,2.600512,-1.868344,3.384194,0.48058,2.992353
599,19.966667,1,670.747204,344.115636,581.442423,343.334153,626.094813,343.724895,2.804506,2.236242,-1.825492,2.521178,0.489507,2.37871
600,20.0,1,670.718346,343.474438,580.496073,343.414555,625.607209,343.444497,2.745156,1.895527,-1.861843,2.66053,0.441657,2.278028
601,20.033333,1,670.240173,343.09247,580.240517,343.206899,625.240345,343.149684,2.697139,1.802453,-1.850642,2.562019,0.423248,2.182236
602,20.066667,1,670.843983,343.065493,580.152273,343.331004,625.498128,343.198248,2.692743,1.674795,-1.850539,2.630905,0.421102,2.15285
603,20.1,1,671.198292,343.663443,581.432819,343.243425,626.315556,343.453434,2.754719,2.041232,-1.812045,2.694445,0.471337,2.367838
604,20.133333,1,672.670803,346.939616,583.425245,348.093454,628.048024,347.516535,2.763834,15.420933,-1.830383,3.147557,0.466726,9.284245
605,20.166667,1,671.700459,350.308857,586.039915,351.353084,628.870187,350.83097,2.651385,4.779864,-1.646473,25.210949,0.502456,14.995407
606,20.2,1,671.483288,350.885516,585.089235,351.314964,628.286262,351.10024,2.655154,6.187624,-1.685602,29.10804,0.484776,17.647832
607,20.233333,1,670.351181,348.617215,583.452415,348.624639,626.901798,348.620927,2.704697,13.894923,-1.768841,9.432706,0.467928,11.663815
608,20.266667,1,670.813675,346.071551,579.245758,346.306363,625.029716,346.188957,2.823798,4.485991,-1.901395,9.723316,0.461201,7.104654
609,20.3,1,670.294571,344.921731,579.920731,344.307098,625.107651,344.614415,2.887318,2.841406,-1.922018,3.671396,0.48265,3.256401
610,20.333333,1,669.766464,343.412946,579.34062,343.148319,624.553542,343.280632,2.846902,2.02691,-1.922151,3.334853,0.462375,2.680882
611,20.366667,1,670.045452,343.217724,578.925009,343.149548,624.48523,343.183636,2.76579,1.780871,-1.912215,3.086571,0.426787,2.433721
612,20.4,1,669.858818,343.241955,578.777275,343.159332,624.318047,343.200644,2.7386,1.646489,-1.902555,3.058939,0.418023,2.352714
613,20.433333,1,670.027084,343.249471,578.328562,343.258284,624.177823,343.253877,2.720351,1.604828,-1.911302,3.11498,0.404524,2.359904
614,20.466667,1,669.512539,342.978149,578.294249,343.298925,623.903394,343.138537,2.715563,1.618138,-1.903074,3.15908,0.406245,2.388609
615,20.5,1,669.253979,342.961659,577.641678,343.426545,623.447828,343.194102,2.711014,1.592753,-1.896315,2.983688,0.407349,2.288221
616,20.533333,1,668.869247,342.687124,577.075415,343.457165,622.972331,343.072144,2.709918,1.707526,-1.950186,3.263918,0.379866,2.485722
617,20.566667,1,668.425922,342.744427,576.684942,343.511238,622.555432,343.127832,2.700392,1.619671,-1.93233,3.253753,0.384031,2.436712
618,20.6,1,668.081303,342.765337,576.483965,343.548081,622.282634,343.156709,2.692035,1.61155,-1.934835,3.020919,0.3786,2.316234
619,20.633333,1,667.876892,342.546045,576.464958,343.514457,622.170925,343.030251,2.696036,1.570464,-1.95214,3.019949,0.371948,2.295206
620,20.666667,1,667.842751,342.555154,576.391563,343.610142,622.117157,343.082648,2.679631,1.648115,-1.943776,3.084731,0.367927,2.366423
621,20.7,1,667.953644,342.703443,576.327066,343.703955,622.140355,343.203699,2.676118,1.612046,-1.926032,3.097985,0.375043,2.355016
622,20.733333,1,668.420753,342.856092,576.558199,343.555173,622.489476,343.205633,2.691474,1.678175,-1.922203,2.939242,0.384636,2.308709
623,20.766667,1,668.398342,342.627976,576.697178,343.465233,622.54776,343.046604,2.673814,1.581386,-1.942542,3.010234,0.365636,2.29581
624,20.8,1,668.399811,342.802277,576.68644,343.471627,622.543125,343.136952,2.6742,1.605126,-1.93453,2.998358,0.369835,2.301742
625,20.833333,1,668.261223,342.614399,576.701002,343.488911,622.481112,343.051655,2.669473,1.59967,-1.925315,2.934073,0.372079,2.266871
626,20.866667,1,668.516083,342.605569,576.689177,343.423873,622.60263,343.014721,2.66831,1.569589,-1.923233,2.969286,0.372538,2.269437
627,20.9,1,669.065857,342.716521,576.761255,343.376377,622.913556,343.046449,2.666714,1.543391,-1.899139,2.846265,0.383787,2.194828
628,20.933333,1,669.323387,342.73358,577.285948,343.468264,623.304667,343.100922,2.699855,1.548149,-1.876473,2.7124,0.411691,2.130274
629,20.966667,1,669.230289,342.74491,577.692184,343.311097,623.461237,343.028003,2.666804,1.518655,-1.876575,2.724197,0.395114,2.121426
630,21.0,1,668.658714,342.668853,577.587061,343.651303,623.122888,343.160078,2.652454,1.500328,-1.891145,2.7761,0.380655,2.138214
631,21.033333,1,668.430958,342.891653,577.519045,343.553086,622.975001,343.22237,2.638614,1.497163,-1.858447,2.619606,0.390084,2.058384
632,21.066667,1,668.372707,342.656595,577.420282,343.760667,622.896495,343.208631,2.645952,1.511824,-1.884116,2.724552,0.380918,2.118188
633,21.1,1,669.140511,343.024777,577.662697,343.821425,623.401604,343.423101,2.655275,1.471096,-1.821646,2.509134,0.416815,1.990115
634,21.133333,1,669.574203,343.040586,578.310385,343.834541,623.942294,343.437563,2.67002,1.455926,-1.807814,2.364317,0.431103,1.910122
635,21.166667,1,670.1478,343.204608,578.812904,343.615061,624.480352,343.409835,2.658048,1.430538,-1.831609,2.309367,0.41322,1.869952
636,21.2,1,670.827541,343.393344,579.72621,343.620307,625.276875,343.506826,2.671085,1.522782,-1.803333,2.110687,0.433876,1.816734
637,21.233333,1,671.180935,342.953719,580.062227,343.48315,625.621581,343.218435,2.664649,1.559305,-1.863798,2.291494,0.400425,1.9254
638,21.266667,1,671.563339,343.690694,580.649853,344.078498,626.106596,343.884596,2.692397,1.642835,-1.899763,2.208964,0.396317,1.925899
639,21.3,1,672.053909,345.921831,584.313841,346.723065,628.183875,346.322448,2.777678,21.206878,-1.816824,3.832527,0.480427,12.519702
640,21.333333,1,672.881317,349.203497,585.921593,349.926959,629.401455,349.565228,2.70077,25.41437,-1.677698,9.070674,0.511536,17.242522
641,21.366667,1,672.955265,347.935306,584.149246,348.51911,628.552256,348.227208,2.77752,59.295225,-1.769854,9.539947,0.503833,34.417586
642,21.4,1,671.22736,345.43539,582.214737,346.488882,626.721048,345.962136,2.832708,9.378981,-1.848208,6.421342,0.49225,7.900161
643,21.433333,1,672.788658,344.533299,582.253609,344.280442,627.521133,344.406871,2.873479,3.251664,-1.894162,4.46362,0.489659,3.857642
644,21.466667,1,671.962051,344.338619,582.465887,343.425536,627.213969,343.882078,2.828056,2.61957,-1.834575,3.245268,0.49674,2.932419
645,21.5,1,671.631641,344.092736,581.477213,343.334588,626.554427,343.713662,2.836787,2.29122,-1.848804,2.811389,0.493992,2.551305
646,21.533333,1,671.281242,343.830426,580.758677,343.448104,626.019959,343.639265,2.790541,1.988804,-1.853973,2.689361,0.468284,2.339082
647,21.566667,1,670.885105,343.575616,579.939232,343.522176,625.412169,343.548896,2.755447,1.857885,-1.846648,2.638399,0.4544,2.248142
648,21.6,1,671.080971,343.412184,579.780312,343.23187,625.430641,343.322027,2.73495,1.793287,-1.855134,2.614243,0.439908,2.203765
649,21.633333,1,670.97765,342.899249,579.665508,343.185495,625.321579,343.042372,2.745903,1.707518,-1.85866,2.855712,0.443621,2.281615
650,21.666667,1,670.765743,343.242111,579.654427,343.427419,625.210085,343.334765,2.71955,1.65478,-1.861683,2.791607,0.428933,2.223193
651,21.7,1,670.654526,343.199769,579.70232,343.539557,625.178423,343.369663,2.718406,1.61853,-1.852431,2.741554,0.432987,2.180042
652,21.733333,1,670.698986,343.145374,579.806309,343.401042,625.252647,343.273208,2.704966,1.649134,-1.858005,2.716741,0.423481,2.182938
653,21.766667,1,670.917892,343.149805,579.969492,343.268632,625.443692,343.209219,2.697421,1.679944,-1.840631,2.660389,0.428395,2.170167
654,21.8,1,671.223049,343.017052,579.992428,343.227053,625.607738,343.122052,2.715029,1.624527,-1.84515,2.887724,0.43494,2.256126
655,21.833333,1,670.87925,343.182356,579.861488,343.080105,625.370369,343.131231,2.708062,1.568472,-1.833559,2.671271,0.437252,2.119871
656,21.866667,1,670.521011,342.927015,579.002075,343.20434,624.761543,343.065678,2.701634,1.622439,-1.887506,3.009393,0.407064,2.315916
657,21.9,1,669.586048,342.810629,578.282528,343.255575,623.934288,343.033102,2.698314,1.543004,-1.887047,3.053391,0.405634,2.298197
658,21.933333,1,669.43018,342.581005,577.281132,343.276207,623.355656,342.928606,2.679185,1.617662,-1.928132,3.085803,0.375526,2.351732
659,21.966667,1,668.042603,342.185588,576.586447,343.016531,622.314525,342.60106,2.67155,1.543366,-1.885892,2.940217,0.392829,2.241792
660,22.0,1,667.476673,341.749354,576.013556,342.721456,621.745114,342.235405,2.689815,1.560296,-1.914663,2.916505,0.387576,2.238401
661,22.033333,1,667.100811,341.69527,575.668793,342.910321,621.384802,342.302796,2.6741,1.537101,-1.926685,2.963108,0.373707,2.250104
662,22.066667,1,667.019463,341.669397,575.681248,342.871209,621.350355,342.270303,2.679611,1.540591,-1.91825,2.959357,0.380681,2.249974
663,22.1,1,667.051239,341.698124,575.579939,342.916303,621.315589,342.307213,2.682009,1.568955,-1.912381,3.037563,0.384814,2.303259
664,22.133333,1,667.430611,341.912878,575.952511,342.887158,621.691561,342.400018,2.686266,1.637705,-1.859842,2.859569,0.413212,2.248637
665,22.166667,1,668.422127,342.245686,576.503325,342.71275,622.462726,342.479218,2.683477,1.617752,-1.850796,2.871614,0.416341,2.244683
666,22.2,1,669.166985,342.288682,577.211466,342.698218,623.189225,342.49345,2.683837,1.562564,-1.832963,2.622504,0.425437,2.092534
667,22.233333,1,670.262451,342.243347,578.711405,342.918529,624.486928,342.580938,2.690252,1.561182,-1.813935,2.352233,0.438159,1.956708
668,22.266667,1,671.438065,342.038362,579.495173,343.05633,625.466619,342.547346,2.681339,1.485406,-1.821154,2.331133,0.430092,1.90827
669,22.3,1,672.758675,341.940783,580.748482,343.094257,626.753578,342.51752,2.668773,1.472094,-1.853462,2.230157,0.407655,1.851126
670,22.333333,1,673.718452,342.006556,581.917753,343.12154,627.818103,342.564048,2.671222,1.498539,-1.861346,2.101632,0.404938,1.800085
671,22.366667,1,675.12598,342.125507,583.135777,343.094096,629.130878,342.609801,2.659439,1.40279,-1.875191,2.074353,0.392124,1.738572
672,22.4,1,677.107677,341.619449,584.416637,343.085561,630.762157,342.352505,2.650283,1.36268,-1.91664,2.153032,0.366822,1.757856
673,22.433333,1,678.826084,341.334448,586.159391,342.607849,632.492738,341.971149,2.663877,1.329635,-1.915179,2.127039,0.374349,1.728337
674,22.466667,1,680.18301,341.118026,587.29003,342.177751,633.73652,341.647889,2.660553,1.466053,-1.894898,1.887368,0.382828,1.67671
675,22.5,1,680.477409,340.488566,587.103682,341.88899,633.790545,341.188778,2.681679,1.487159,-1.853495,2.12787,0.414092,1.807515
676,22.533333,1,679.419823,340.101716,584.506035,342.817635,631.962929,341.459675,2.669197,1.37228,-1.892541,2.269934,0.388328,1.821107
677,22.566667,1,676.478958,339.342232,581.248779,343.19544,628.863869,341.268836,2.734212,1.288041,-1.823977,2.083283,0.455117,1.685662
678,22.6,1,673.258133,338.899485,578.567905,342.825698,625.913019,340.862592,2.725087,1.5838,-1.782991,2.260988,0.471048,1.922394
679,22.633333,1,669.607906,338.255509,573.488903,344.095917,621.548405,341.175713,2.761146,1.468509,-1.679451,2.687085,0.540848,2.077797
680,22.666667,1,664.223347,338.470756,568.164225,344.905027,616.193786,341.687891,2.840651,2.101981,-1.715106,2.817333,0.562773,2.459657
681,22.7,1,652.373886,339.425386,555.988779,347.603018,604.181333,343.514202,2.940493,2.53062,-1.763896,4.476026,0.588299,3.503323
682,22.733333,1,636.658449,341.318328,537.009811,354.360516,586.83413,347.839422,3.233502,0.076624,-1.775341,18.480439,0.72908,9.278531
683,22.766667,1,603.699884,346.310477,519.370947,361.801854,561.535416,354.056166,3.037045,-3.132768,-1.59911,21.159755,0.718968,9.013494
684,22.8,1,571.871748,352.358816,493.033409,371.497053,532.452579,361.927934,3.472667,-4.876846,-1.445857,16.741974,1.013405,5.932564
685,22.833333,1,534.952211,361.314164,466.59441,380.266857,500.773311,370.790511,3.707693,-1.880721,-1.296722,11.067245,1.205485,4.593262
686,22.866667,1,502.064352,373.062572,435.743599,392.647902,468.903975,382.855237,5.922683,-0.091621,-1.21014,6.984505,2.356271,3.446442
687,22.9,1,473.111877,384.743249,412.691336,398.699588,442.901607,391.721418,5.968161,0.386455,-1.096972,7.572321,2.435595,3.979388
688,22.933333,1,473.342733,382.956909,416.106071,397.335802,444.724402,390.146356,4.936596,1.027166,-1.17235,12.386175,1.882123,6.706671
689,22.966667,1,441.727638,397.891449,394.618549,403.226137,418.173094,400.558793,3.143744,1.709711,-0.811559,3.593455,1.166092,2.651583
690,23.0,0,,,,,,,,,,,,
691,23.033333,0,,,,,,,,,,,,
692,23.066667,0,,,,,,,,,,,,
693,23.1,0,,,,,,,,,,,,
694,23.133333,0,,,,,,,,,,,,
695,23.166667,0,,,,,,,,,,,,
696,23.2,0,,,,,,,,,,,,
697,23.233333,0,,,,,,,,,,,,
698,23.266667,0,,,,,,,,,,,,
699,23.3,0,,,,,,,,,,,,
700,23.333333,0,,,,,,,,,,,,
701,23.366667,0,,,,,,,,,,,,
702,23.4,0,,,,,,,,,,,,
703,23.433333,0,,,,,,,,,,,,
704,23.466667,0,,,,,,,,,,,,
705,23.5,0,,,,,,,,,,,,
706,23.533333,0,,,,,,,,,,,,
707,23.566667,0,,,,,,,,,,,,
708,23.6,0,,,,,,,,,,,,
709,23.633333,0,,,,,,,,,,,,
710,23.666667,0,,,,,,,,,,,,
711,23.7,0,,,,,,,,,,,,
712,23.733333,0,,,,,,,,,,,,
713,23.766667,0,,,,,,,,,,,,
714,23.8,1,87.727933,463.361725,45.742879,504.656156,66.735406,484.00894,4.44441,0.374906,-0.980568,2.174626,1.731921,1.274766
715,23.833333,1,114.262557,439.648229,54.58813,495.466211,84.425343,467.55722,5.916109,-1.559666,-1.193208,2.942357,2.36145,0.691345
716,23.866667,1,144.03511,420.153934,67.113891,487.402804,105.574501,453.778369,4.968938,-3.769907,-1.30704,2.207668,1.830949,-0.78112
717,23.9,1,166.437154,409.720098,85.14293,467.096915,125.790042,438.408507,4.434209,-0.766958,-1.183313,1.53495,1.625448,0.383996
718,23.933333,1,185.544319,401.468035,97.526536,458.277426,141.535428,429.87273,3.847499,-0.161583,-1.25091,1.94569,1.298294,0.892053
719,23.966667,1,203.285322,395.333394,110.069802,448.557422,156.677562,421.945408,3.745453,-0.128233,-1.22636,1.917885,1.259546,0.894826
720,24.0,1,220.071173,389.312457,122.470109,442.466394,171.270641,415.889425,3.817863,0.050481,-1.221432,2.043799,1.298216,1.04714
721,24.033333,1,234.523177,384.690807,137.97981,434.624012,186.251494,409.657409,3.782156,0.678381,-1.177393,2.387015,1.302382,1.532698
722,24.066667,1,247.099171,380.699476,150.206506,428.484843,198.652838,404.592159,3.762236,0.519764,-1.1159,2.532817,1.323168,1.526291
723,24.1,1,257.44555,376.926906,162.765915,421.578734,210.105733,399.25282,3.857537,0.582698,-0.976195,2.180647,1.440671,1.381672
724,24.133333,1,262.630072,374.67723,165.770826,419.543506,214.200449,397.110368,3.664368,0.306888,-1.000774,1.967467,1.331797,1.137178
725,24.166667,1,263.666024,373.519878,167.607968,414.109586,215.636996,393.814732,3.804126,0.63546,-0.928514,1.716023,1.437806,1.175742
726,24.2,1,260.525808,373.783497,162.356563,419.831275,211.441185,396.807386,3.932705,0.439578,-1.009563,1.676551,1.461571,1.058064
727,24.233333,1,255.220485,377.322671,160.384762,420.038792,207.802624,398.680732,3.962287,0.254349,-0.938366,1.643687,1.511961,0.949018
728,24.266667,1,248.666959,383.660635,140.617702,435.841177,194.64233,409.750906,4.277898,-0.144203,-1.147937,1.852382,1.56498,0.85409
729,24.3,1,241.011529,391.268442,141.110759,439.346609,191.061144,415.307525,4.328191,-0.312251,-1.070008,1.671466,1.629091,0.679607
730,24.333333,1,233.135099,399.835621,133.331707,446.459463,183.233403,423.147542,4.424937,-0.456371,-1.027901,1.734964,1.698518,0.639296
731,24.366667,1,224.711866,409.674082,130.924125,450.923409,177.817996,430.298746,5.123733,0.290944,-0.95307,1.370685,2.085331,0.830815
732,24.4,1,212.094498,422.400756,127.969389,458.778441,170.031943,440.589598,5.531157,0.856915,-1.002887,1.409058,2.264135,1.132987
733,24.433333,1,189.063721,443.638154,117.602484,477.362663,153.333102,460.500408,5.053403,0.525045,-0.970736,1.81968,2.041334,1.172362
734,24.466667,1,154.742146,482.170522,94.527977,513.075964,124.635061,497.623243,3.07031,0.097073,-0.995734,3.333743,1.037288,1.715408
735,24.5,0,,,,,,,,,,,,
736,24.533333,0,,,,,,,,,,,,
737,24.566667,0,,,,,,,,,,,,
738,24.6,0,,,,,,,,,,,,
739,24.633333,0,,,,,,,,,,,,
740,24.666667,0,,,,,,,,,,,,
741,24.7,0,,,,,,,,,,,,
742,24.733333,0,,,,,,,,,,,,
743,24.766667,0,,,,,,,,,,,,
744,24.8,0,,,,,,,,,,,,
745,24.833333,0,,,,,,,,,,,,
746,24.866667,0,,,,,,,,,,,,
747,24.9,0,,,,,,,,,,,,
748,24.933333,0,,,,,,,,,,,,
749,24.966667,0,,,,,,,,,,,,
750,25.0,0,,,,,,,,,,,,
751,25.033333,0,,,,,,,,,,,,
752,25.066667,0,,,,,,,,,,,,
753,25.1,0,,,,,,,,,,,,
754,25.133333,0,,,,,,,,,,,,
755,25.166667,0,,,,,,,,,,,,
756,25.2,0,,,,,,,,,,,,
757,25.233333,0,,,,,,,,,,,,
758,25.266667,0,,,,,,,,,,,,
759,25.3,0,,,,,,,,,,,,
760,25.333333,0,,,,,,,,,,,,
761,25.366667,0,,,,,,,,,,,,
762,25.4,0,,,,,,,,,,,,
763,25.433333,0,,,,,,,,,,,,
764,25.466667,0,,,,,,,,,,,,
765,25.5,0,,,,,,,,,,,,
766,25.533333,0,,,,,,,,,,,,
767,25.566667,0,,,,,,,,,,,,
768,25.6,0,,,,,,,,,,,,
769,25.633333,0,,,,,,,,,,,,
770,25.666667,0,,,,,,,,,,,,
771,25.7,0,,,,,,,,,,,,
772,25.733333,0,,,,,,,,,,,,
773,25.766667,0,,,,,,,,,,,,
774,25.8,0,,,,,,,,,,,,
775,25.833333,0,,,,,,,,,,,,
776,25.866667,0,,,,,,,,,,,,
777,25.9,0,,,,,,,,,,,,
778,25.933333,0,,,,,,,,,,,,
779,25.966667,1,50.249364,382.745798,-110.116863,446.26276,-29.93375,414.504279,6.287447,6.414259,-1.57047,5.690212,2.358488,6.052235
780,26.0,1,71.214089,373.794934,-63.974199,390.965223,3.619945,382.380078,3.645798,3.379459,-1.613389,0.951278,1.016205,2.165369
781,26.033333,1,91.401044,366.596062,-68.585393,383.749727,11.407825,375.172894,3.5654,4.693778,-1.632501,1.907559,0.966449,3.300669
782,26.066667,1,116.563549,359.114769,-13.167255,370.180786,51.698147,364.647777,3.33596,5.959126,-1.387435,2.302988,0.974263,4.131057
783,26.1,1,140.908668,351.445127,2.676514,366.52295,71.792591,358.984038,2.998498,5.603092,-1.707123,2.89882,0.645687,4.250956
784,26.133333,1,166.799908,345.934845,35.179077,359.298865,100.989493,352.616855,3.275139,1.472234,-1.593307,3.211857,0.840916,2.342045
785,26.166667,1,191.582623,341.302589,62.077785,352.282845,126.830204,346.792717,3.340307,0.487609,-1.613615,2.795059,0.863346,1.641334
786,26.2,1,218.882875,337.057237,87.603157,345.007583,153.243016,341.03241,3.34359,1.027248,-1.630705,3.875265,0.856442,2.451257
787,26.233333,1,245.694847,333.833125,114.919901,338.35924,180.307374,336.096183,3.300542,0.85821,-1.611527,4.494755,0.844508,2.676482
788,26.266667,1,272.025204,331.793917,143.483548,333.007858,207.754376,332.400887,3.267454,-0.754088,-1.649664,7.0114,0.808895,3.128656
789,26.3,1,299.853325,332.945384,175.509286,334.168729,237.681305,333.557056,3.279135,-3.510815,-1.615067,25.433763,0.832034,10.961474
790,26.333333,1,327.532177,332.005479,203.820767,330.109892,265.676472,331.057685,3.179151,-0.636134,-1.640995,32.417128,0.769078,15.890497
791,26.366667,1,362.138405,328.020376,233.57933,321.373878,297.858868,324.697127,3.166155,0.822345,-1.774429,12.42474,0.695863,6.623543
792,26.4,1,396.854572,324.594047,272.092175,312.438952,334.473374,318.516499,3.178159,1.909037,-1.757566,7.919768,0.710297,4.914402
793,26.433333,1,434.366293,322.384754,309.639034,306.091134,372.002664,314.237944,3.223281,1.90424,-1.757005,8.418938,0.733138,5.161589
794,26.466667,1,472.163553,321.413291,347.937727,302.055729,410.05064,311.73451,3.181048,2.225679,-1.758969,7.565706,0.71104,4.895693
795,26.5,1,507.527857,320.789731,386.401453,298.285466,446.964655,309.537598,3.064902,2.575224,-1.802222,10.124563,0.63134,6.349894
796,26.533333,1,540.965977,322.212358,422.128248,298.064473,481.547112,310.138416,2.998781,2.983528,-1.801755,5.421671,0.598513,4.202599
797,26.566667,1,570.825882,324.741172,455.069313,298.422629,512.947598,311.5819,2.973652,2.768464,-1.837925,4.517712,0.567863,3.643088
798,26.6,1,596.101217,327.865119,482.426233,299.262595,539.263725,313.563857,2.937765,2.035454,-1.773413,3.084411,0.582176,2.559932
799,26.633333,1,615.464754,330.610178,503.250484,300.720043,559.357619,315.66511,2.91327,2.23746,-1.738899,1.920778,0.587186,2.079119
800,26.666667,1,628.963747,333.190071,517.386408,303.032128,573.175077,318.1111,2.860833,2.325678,-1.681357,1.484407,0.589738,1.905042
801,26.7,1,636.417503,334.864134,526.972437,304.688784,581.69497,319.776459,2.774488,1.86751,-1.769428,1.352324,0.50253,1.609917
802,26.733333,1,638.420372,336.106099,528.232975,306.275241,583.326674,321.19067,2.710348,2.059147,-1.81009,1.556349,0.450129,1.807748
803,26.766667,1,635.063362,334.466384,524.373674,305.798221,579.718518,320.132302,2.777214,1.981444,-1.821852,1.501127,0.477681,1.741286
804,26.8,1,631.51988,334.098664,520.137863,305.697455,575.828872,319.89806,2.755298,1.536262,-1.740088,1.39618,0.507605,1.466221
805,26.833333,1,627.290726,333.787576,514.924698,305.588053,571.107712,319.687815,2.730556,1.35737,-1.666872,1.809425,0.531842,1.583398
806,26.866667,1,624.564714,333.164992,511.690769,304.942896,568.127742,319.053944,2.791439,1.114063,-1.647758,1.676965,0.57184,1.395514
807,26.9,1,623.352146,332.809761,510.785618,304.144607,567.068882,318.477184,2.78054,1.190606,-1.683479,1.625138,0.548531,1.407872
808,26.933333,1,622.176771,332.058935,509.706697,304.298603,565.941734,318.178769,2.77173,1.241804,-1.670647,1.656913,0.550541,1.449359
809,26.966667,1,621.654959,332.238176,509.088259,306.643315,565.371609,319.440746,2.758416,1.15691,-1.674124,1.429292,0.542146,1.293101
810,27.0,1,621.975861,331.836897,509.910202,308.72163,565.943031,320.279263,2.785998,1.188539,-1.70263,1.464172,0.541684,1.326356
811,27.033333,1,624.544029,329.88434,512.646856,308.909352,568.595443,319.396846,2.750912,1.608606,-1.74018,1.7686,0.505366,1.688603
812,27.066667,1,629.181242,328.057964,518.519392,310.175382,573.850317,319.116673,2.75177,1.274643,-1.712126,1.385683,0.519822,1.330163
813,27.1,1,630.03418,328.342842,519.402313,310.36871,574.718246,319.355776,2.733578,1.385043,-1.724834,1.575525,0.504372,1.480284
814,27.133333,1,634.503841,327.4035,525.689335,310.851422,580.096588,319.127461,2.712113,1.639816,-1.721918,1.397041,0.495097,1.518428
815,27.166667,1,641.976795,327.412856,534.098415,312.664483,588.037605,320.038669,2.734371,1.807487,-1.716926,1.200071,0.508723,1.503779
816,27.2,1,649.849749,327.876669,543.497448,315.60884,596.673598,321.742754,2.701164,1.313609,-1.769737,1.202359,0.465714,1.257984
817,27.233333,1,659.596539,329.305224,552.966537,317.902842,606.281538,323.604033,2.703171,1.547095,-1.832868,1.203669,0.435151,1.375382
818,27.266667,1,668.823109,329.683131,563.964119,320.153773,616.393614,324.918452,2.68592,1.598786,-1.868484,1.155699,0.408718,1.377243
819,27.3,1,677.309818,330.010017,574.486809,322.57068,625.898314,326.290348,2.740899,1.547409,-1.876684,1.125143,0.432107,1.336276
820,27.333333,1,683.898296,331.220503,586.520414,328.168622,635.209355,329.694563,2.832197,-0.176066,-1.840234,0.620403,0.495982,0.222169
821,27.366667,1,690.211792,335.227375,594.553013,333.554235,642.382402,334.390805,2.757367,-9.941859,-1.849495,1.71973,0.453936,-4.111065
822,27.4,1,695.403633,335.689654,599.80937,335.887349,647.606502,335.788501,2.760861,1.827645,-1.887699,2.515839,0.436581,2.171742
823,27.433333,1,698.818302,338.137121,603.003006,338.631983,650.910654,338.384552,2.736486,2.063702,-1.873158,1.779276,0.431664,1.921489
824,27.466667,1,701.286278,340.061354,605.952606,341.654388,653.619442,340.857871,2.692028,1.896486,-1.843224,1.685009,0.424402,1.790747
825,27.5,1,703.823185,341.799061,609.090595,345.353342,656.45689,343.576201,2.692875,1.48477,-1.812086,1.561372,0.440394,1.523071
826,27.533333,1,705.794029,342.628239,612.107382,347.30423,658.950706,344.966235,2.688221,1.468076,-1.816519,1.476296,0.435851,1.472186
827,27.566667,1,708.419514,342.771367,615.346107,347.848129,661.882811,345.309748,2.708648,1.464814,-1.774564,1.621284,0.467042,1.543049
828,27.6,1,709.991493,341.109749,617.587719,345.121229,663.789606,343.115489,2.692948,1.575544,-1.80109,1.588816,0.445929,1.58218
829,27.633333,1,710.090141,338.772322,618.732224,341.311671,664.411182,340.041997,2.674811,1.651146,-1.933265,1.017416,0.370773,1.334281
830,27.666667,1,708.957539,336.28674,617.737923,338.740146,663.347731,337.513443,2.687586,1.66284,-1.905026,0.627447,0.39128,1.145143
831,27.7,1,706.522274,334.268673,614.702358,338.384297,660.612316,336.326485,2.690175,1.68123,-1.926319,0.589633,0.381928,1.135431
832,27.733333,1,703.506031,334.220152,611.781292,339.31386,657.643661,336.767006,2.681774,1.652202,-1.888733,0.781326,0.39652,1.216764
833,27.766667,1,701.339931,334.105793,609.146156,340.044671,655.243044,337.075232,2.691357,1.759267,-1.853659,0.811086,0.418849,1.285177
834,27.8,1,699.697437,334.385655,607.053614,340.631635,653.375525,337.508645,2.675655,1.845633,-1.878572,0.773047,0.398542,1.30934
835,27.833333,1,698.13633,336.4912,605.569124,342.257853,651.852727,339.374526,2.758962,1.572233,-1.894954,1.057082,0.432004,1.314657
836,27.866667,1,696.016464,340.156642,604.439125,346.253394,650.227795,343.205018,2.829842,2.749769,-1.910838,1.294836,0.459502,2.022303
837,27.9,1,693.911266,345.187849,604.65765,350.837343,649.284458,348.012596,2.706862,16.036831,-1.785181,-0.381513,0.460841,7.827659
838,27.933333,1,690.827866,343.018028,602.44628,349.724489,646.637073,346.371259,2.733817,8.348198,-1.801351,0.454621,0.466233,4.40141
839,27.966667,1,689.486313,338.884664,598.589048,346.321678,644.037681,342.603171,2.817362,3.338443,-1.882002,1.9566,0.46768,2.647521
840,28.0,1,688.195381,337.165453,597.51626,346.431863,642.855821,341.798658,2.808461,1.552538,-1.869661,2.280776,0.4694,1.916657
841,28.033333,1,687.630424,338.918229,597.625561,347.086489,642.627993,343.002359,2.742472,1.512157,-1.907602,1.716874,0.417435,1.614515
842,28.066667,1,687.71389,340.862535,597.372189,348.938361,642.543039,344.900448,2.697021,1.714548,-1.847077,1.644093,0.424972,1.67932
843,28.1,1,687.739143,342.345641,597.177334,350.673128,642.458239,346.509385,2.652635,1.588765,-1.812783,1.752232,0.419926,1.670498
844,28.133333,1,688.160172,342.986421,596.461811,351.373941,642.310991,347.180181,2.700284,1.518304,-1.809555,1.856008,0.445365,1.687156
845,28.166667,1,687.51112,342.294406,596.106377,350.85017,641.808748,346.572288,2.687408,1.577993,-1.805577,1.669591,0.440915,1.623792
846,28.2,1,686.651402,341.178719,595.795593,349.8901,641.223497,345.53441,2.680621,1.472701,-1.840071,1.643331,0.420275,1.558016
847,28.233333,1,686.042576,340.338909,595.005665,348.963606,640.52412,344.651257,2.703067,1.391587,-1.872081,1.501345,0.415493,1.446466
848,28.266667,1,685.25671,339.730622,593.892212,348.571821,639.574461,344.151221,2.704973,1.563358,-1.894772,1.496537,0.405101,1.529948
849,28.3,1,684.170513,339.615576,592.886486,348.568087,638.5285,344.091832,2.719323,1.50107,-1.891021,1.450555,0.414151,1.475812
850,28.333333,1,683.026733,339.18969,591.247349,348.958842,637.137041,344.074266,2.707503,1.509302,-1.897299,1.505103,0.405102,1.507203
851,28.366667,1,681.812992,337.840844,590.352564,348.608192,636.082778,343.224518,2.715967,1.468837,-1.864518,1.247259,0.425724,1.358048
852,28.4,1,680.904903,336.549554,589.75172,348.023068,635.328312,342.286311,2.718079,1.43765,-1.854276,1.29974,0.431902,1.368695
853,28.433333,1,680.272903,334.816026,588.994303,346.394763,634.633603,340.605395,2.752784,1.754964,-1.896678,1.331526,0.428053,1.543245
854,28.466667,1,679.261017,333.902873,587.855587,345.545538,633.558302,339.724206,2.743414,1.670086,-1.882053,1.216548,0.43068,1.443317
855,28.5,1,677.722569,334.28828,585.772038,345.631074,631.747303,339.959677,2.729049,1.724623,-1.879635,1.109854,0.424707,1.417239
856,28.533333,1,675.519791,334.579187,583.187342,345.731088,629.353566,340.155137,2.715362,1.651426,-1.892269,0.881126,0.411547,1.266276
857,28.566667,1,671.765347,333.915271,580.13526,345.304971,625.950303,339.610121,2.733748,1.591134,-1.916964,0.800523,0.408392,1.195829
858,28.6,1,667.27047,333.471848,576.769514,344.933807,622.019992,339.202827,2.783345,1.576333,-1.903013,0.575645,0.440166,1.075989
859,28.633333,1,663.991337,332.29836,573.096638,344.377602,618.543987,338.337981,2.801375,1.470556,-1.850206,0.906115,0.475585,1.188336
860,28.666667,1,659.157448,331.381227,567.785492,345.047586,613.47147,338.214406,2.79762,1.399321,-1.820572,0.896607,0.488524,1.147964
861,28.7,1,654.400043,331.847545,563.167534,345.998445,608.783789,338.922995,2.804457,1.613482,-1.837353,1.378485,0.483552,1.495983
862,28.733333,1,650.096588,332.416216,559.439421,347.481337,604.768004,339.948776,2.759534,1.198,-1.804914,1.140701,0.47731,1.169351
863,28.766667,1,646.157045,333.985544,556.052237,349.114528,601.104641,341.550036,2.770029,0.993222,-1.733324,1.603043,0.518353,1.298132
864,28.8,1,643.148918,334.75529,552.901173,350.559987,598.025045,342.657638,2.762379,1.03242,-1.740664,1.694683,0.510857,1.363551
865,28.833333,1,641.427727,334.690762,551.522245,351.470318,596.474986,343.08054,2.7841,0.979709,-1.712645,1.843583,0.535728,1.411646
866,28.866667,1,638.559351,334.194118,549.083967,351.821215,593.821659,343.007667,2.75298,0.967902,-1.727806,1.354196,0.512587,1.161049
867,28.9,1,636.793079,333.747257,547.075844,351.86074,591.934462,342.803999,2.756791,0.877312,-1.736266,1.419248,0.510262,1.14828
868,28.933333,1,635.060377,333.578235,545.515203,351.923799,590.28779,342.751017,2.745885,0.901009,-1.708702,1.44558,0.518592,1.173295
869,28.966667,1,633.379507,333.511443,544.265337,352.118538,588.822422,342.81499,2.803356,0.80175,-1.680772,1.387953,0.561292,1.094852
870,29.0,1,631.786184,334.103004,542.727976,352.632868,587.25708,343.367936,2.81472,0.774527,-1.634185,1.64369,0.590267,1.209109
871,29.033333,1,629.712839,334.499574,540.751076,353.717424,585.231957,344.108499,2.825034,0.829406,-1.637235,1.808737,0.5939,1.319071
872,29.066667,1,625.468779,336.946199,536.754456,356.23015,581.111617,346.588174,2.889177,0.951624,-1.660845,1.832834,0.614166,1.392229
873,29.1,1,616.961164,340.113856,530.269871,362.958772,573.615518,351.536314,2.910269,0.50912,-1.819614,2.328926,0.545328,1.419023
874,29.133333,1,611.143274,346.255578,524.164228,371.004063,567.653751,358.62982,3.029814,0.427767,-1.817865,3.516223,0.605974,1.971995
875,29.166667,1,601.422949,353.765409,518.020096,378.411219,559.721522,366.088314,2.963767,-2.008401,-1.684644,5.561948,0.639562,1.776774
876,29.2,1,590.778933,360.809378,512.913399,385.453337,551.846166,373.131358,2.943711,-5.599223,-1.608898,11.24719,0.667406,2.823984
877,29.233333,1,583.064594,367.898322,508.59271,391.883204,545.828652,379.890763,3.145952,-2.871937,-1.48561,32.857589,0.830171,14.992826
878,29.266667,1,574.295034,374.356534,505.669804,396.774008,539.982419,385.565271,3.203967,-5.840481,-1.376315,24.333586,0.913826,9.246552
879,29.3,1,568.830748,380.65891,500.364828,401.788323,534.597788,391.223617,3.193417,-2.45026,-1.32508,16.641551,0.934168,7.095645
880,29.333333,1,565.422926,387.099184,503.379555,404.28488,534.40124,395.692032,3.285617,-0.351116,-1.208881,12.407847,1.038368,6.028366
881,29.366667,1,566.482468,395.096126,500.794277,408.377384,533.638372,401.736755,3.269683,0.198304,-1.221354,14.736337,1.024164,7.46732
882,29.4,1,566.468801,402.892706,502.109947,410.914453,534.289374,406.90358,3.195516,0.756394,-1.203074,10.47393,0.996221,5.615162
883,29.433333,1,568.706694,407.852004,505.313387,414.172468,537.01004,411.012236,3.162286,1.591848,-1.160491,12.838389,1.000897,7.215119
884,29.466667,1,569.878578,412.245365,502.069378,415.051546,535.973978,413.648456,3.367452,3.46852,-1.28029,14.291233,1.043581,8.879877
885,29.5,1,569.328527,415.669345,500.75635,412.953007,535.042439,414.311176,3.200841,5.645296,-1.288658,8.940006,0.956091,7.292651
886,29.533333,1,572.121639,417.993436,497.025766,411.905905,534.573703,414.94967,3.434834,8.929995,-1.388734,14.763938,1.02305,11.846967
887,29.566667,1,571.323147,419.933467,496.687059,412.472334,534.005103,416.2029,3.194063,6.560602,-1.40406,17.639034,0.895001,12.099818
888,29.6,1,572.91853,421.088748,495.770235,411.953176,534.344382,416.520962,3.140513,7.142059,-1.414927,24.733248,0.862793,15.937654
889,29.633333,1,574.215126,421.032346,493.314657,411.405952,533.764892,416.219149,3.088426,6.144183,-1.456822,23.292851,0.815802,14.718517
890,29.666667,1,575.351162,421.045532,493.353434,411.444415,534.352298,416.244974,3.131459,5.680902,-1.462111,22.985795,0.834674,14.333349
891,29.7,1,574.732838,420.546738,495.216494,411.734287,534.974666,416.140512,3.294204,8.24717,-1.402865,23.114346,0.945669,15.680758
892,29.733333,1,573.786421,419.783403,496.986361,413.345168,535.386391,416.564285,3.151801,8.127616,-1.354681,21.595716,0.89856,14.861666
893,29.766667,1,574.164333,419.015872,491.609097,413.554369,532.886715,416.285121,3.167121,12.197859,-1.488238,19.292791,0.839441,15.745325
894,29.8,1,572.878685,418.771148,493.640881,413.656937,533.259783,416.214042,3.018206,10.774682,-1.436902,20.537098,0.790652,15.65589
895,29.833333,1,572.107811,417.604129,495.797386,414.23373,533.952599,415.91893,2.913651,7.640956,-1.373919,18.318554,0.769866,12.979755
896,29.866667,1,572.515869,415.592161,499.586811,413.910191,536.05134,414.751176,3.070092,9.060073,-1.331815,15.989994,0.869139,12.525034
897,29.9,1,573.012295,413.445987,500.685768,413.508407,536.849031,413.477197,3.013903,8.564927,-1.309708,17.811007,0.852097,13.187967
898,29.933333,1,574.796867,412.070228,502.883272,413.907187,538.84007,412.988707,2.983771,13.038691,-1.290075,19.401824,0.846848,16.220258
899,29.966667,1,576.402836,411.049272,502.014294,414.011793,539.208565,412.530532,3.078731,11.431512,-1.351688,17.463668,0.863522,14.44759
900,30.0,1,577.22168,410.086573,506.631851,413.088083,541.926765,411.587328,2.986589,8.806975,-1.282123,19.157394,0.852233,13.982185
901,30.033333,1,578.756809,409.300836,507.236032,412.101095,542.996421,410.700966,2.962239,8.733961,-1.301037,17.320194,0.830601,13.027078
902,30.066667,1,583.015232,407.420779,509.533882,409.420388,546.274557,408.420584,2.949645,9.337316,-1.339524,16.291482,0.805061,12.814399
903,30.1,1,589.809093,402.372347,519.967012,404.881575,554.888053,403.626961,3.099703,18.601655,-1.225501,11.077226,0.937101,14.839441
904,30.133333,1,597.844143,396.084048,525.118332,400.355852,561.481237,398.21995,3.034346,26.308123,-1.264938,19.612985,0.884704,22.960554
905,30.166667,1,610.772324,387.676095,529.026823,392.539412,569.899573,390.107753,3.078239,18.126109,-1.388536,21.410062,0.844852,19.768085
906,30.2,1,628.693132,378.561047,538.175802,382.948004,583.434467,380.754526,3.167936,13.062962,-1.402853,22.013918,0.882541,17.53844
907,30.233333,1,642.530994,371.145802,549.638739,375.436306,596.084867,373.291054,3.12898,4.059932,-1.491398,7.222072,0.818791,5.641002
908,30.266667,1,650.608273,364.513637,557.777786,370.14184,604.193029,367.327739,2.903058,2.493244,-1.520905,2.71436,0.691077,2.603802
909,30.3,1,659.695415,361.005474,564.802189,366.77415,612.248802,363.889812,2.885222,1.983587,-1.575052,3.421636,0.655085,2.702611
910,30.333333,1,665.471878,357.642944,570.745487,362.493773,618.108683,360.068359,2.738357,2.004706,-1.626682,2.464041,0.555837,2.234374
911,30.366667,1,671.018486,354.10385,576.695862,358.968921,623.857174,356.536386,2.688276,1.980032,-1.643609,2.027424,0.522334,2.003728
912,30.4,1,674.669685,351.967213,580.859232,357.072331,627.764459,354.519772,2.642753,1.757992,-1.6325,1.708908,0.505127,1.73345
913,30.433333,1,676.983242,349.595974,583.119621,354.347137,630.051432,351.971556,2.628771,1.713348,-1.684906,1.523889,0.471933,1.618619
914,30.466667,1,678.097439,347.261385,584.236708,352.598761,631.167073,349.930073,2.638747,1.576836,-1.746579,1.524314,0.446084,1.550575
915,30.5,1,679.274273,345.552651,586.601839,352.795275,632.938056,349.173963,2.701056,1.599559,-1.795051,1.811986,0.453003,1.705772
916,30.533333,1,678.694439,343.232669,586.623611,352.465739,632.659025,347.849204,2.715671,1.524084,-1.730766,1.942915,0.492453,1.733499
917,30.566667,1,677.165642,341.510562,584.704399,352.89014,630.93502,347.200351,2.739992,1.435795,-1.711965,1.963512,0.514014,1.699654
918,30.6,1,675.006065,340.362212,582.304859,353.599187,628.655462,346.9807,2.74746,1.334208,-1.691979,1.788185,0.52774,1.561197
919,30.633333,1,670.975323,339.565381,578.88339,354.964555,624.929357,347.264968,2.761381,1.212069,-1.669479,1.759578,0.545951,1.485823
920,30.666667,1,666.498241,339.118541,575.414162,357.172732,620.956202,348.145637,2.756722,1.23363,-1.632845,1.545842,0.561938,1.389736
921,30.7,1,662.162495,338.945662,572.302608,358.566654,617.232552,348.756158,2.746859,1.259649,-1.631819,1.429577,0.55752,1.344613
922,30.733333,1,657.830639,338.628486,568.617935,359.865557,613.224287,349.247021,2.76096,1.205142,-1.645018,1.595311,0.557971,1.400227
923,30.766667,1,654.008102,338.10545,565.099611,360.327782,609.553857,349.216616,2.754346,1.238878,-1.64436,1.55398,0.554993,1.396429
924,30.8,1,650.454712,338.002152,561.73749,360.89214,606.096101,349.447146,2.790528,1.193754,-1.607573,1.547443,0.591478,1.370598
925,30.833333,1,647.713804,338.263346,559.200191,361.826627,603.456998,350.044987,2.803048,1.232279,-1.591887,1.583485,0.60558,1.407882
926,30.866667,1,646.721325,338.62156,557.779417,363.509735,602.250371,351.065648,2.883256,1.674762,-1.606568,2.047532,0.638344,1.861147
927,30.9,1,646.854343,339.844353,558.420143,366.792051,602.637243,353.318202,2.919418,30.725117,-1.647631,3.118852,0.635893,16.921985
928,30.933333,1,644.188013,343.646142,557.515764,371.59476,600.851889,357.620451,2.795871,7.200091,-1.679556,40.098193,0.558157,23.649142
929,30.966667,1,648.645077,342.530226,559.195862,370.480142,603.920469,356.505184,2.898162,23.503582,-1.718095,10.977896,0.590033,17.240739
930,31.0,1,649.271431,341.505075,560.890522,368.661497,605.080976,355.083286,2.981599,2.937824,-1.654897,3.472713,0.663351,3.205268
931,31.033333,1,650.837002,341.93028,562.692528,368.469665,606.764765,355.199972,2.892459,1.946606,-1.617711,2.727456,0.637374,2.337031
932,31.066667,1,651.475487,341.502757,563.016558,367.365024,607.246022,354.433891,2.87124,1.548959,-1.591863,2.380604,0.639689,1.964781
933,31.1,1,651.711788,341.543961,563.313541,366.269154,607.512665,353.906558,2.82509,1.485527,-1.557326,2.180553,0.633882,1.83304
934,31.133333,1,652.111721,341.827728,563.401127,365.124199,607.756424,353.475964,2.788607,1.554844,-1.551586,2.079998,0.61851,1.817421
935,31.166667,1,653.138371,342.044767,564.024639,364.310315,608.581505,353.177541,2.822548,1.416817,-1.51171,2.277728,0.655419,1.847272
936,31.2,1,654.832287,341.792945,565.383863,363.726366,610.108075,352.759656,2.815806,1.461892,-1.539498,2.454305,0.638154,1.958098
937,31.233333,1,655.757179,341.129538,566.503716,362.880821,611.130447,352.00518,2.720319,1.554598,-1.585168,2.084599,0.567576,1.819598
938,31.266667,1,656.482964,341.068293,566.61912,362.882581,611.551042,351.975437,2.745437,1.517164,-1.539983,2.257642,0.602727,1.887403
939,31.3,1,657.647438,340.620026,568.094206,362.165573,612.870822,351.392799,2.735545,1.438408,-1.672188,2.209593,0.531679,1.824001
940,31.333333,1,659.535542,341.433942,570.40926,361.590802,614.972401,351.512372,2.745339,1.727704,-1.639486,2.065671,0.552926,1.896687
941,31.366667,1,660.972061,341.585262,571.761198,361.533725,616.36663,351.559493,2.74386,2.01308,-1.68584,2.196317,0.52901,2.104699
942,31.4,1,662.189903,341.937184,572.794104,361.180891,617.492003,351.559037,2.705524,1.878588,-1.670241,2.260542,0.517642,2.069565
943,31.433333,1,663.665791,342.120593,573.906755,360.473801,618.786273,351.297197,2.669135,1.5986,-1.710267,2.165119,0.479434,1.88186
944,31.466667,1,664.457188,342.173138,574.288654,359.845773,619.372921,351.009455,2.654776,1.654339,-1.685227,2.255005,0.484775,1.954672
945,31.5,1,664.770565,342.466276,574.343357,359.187618,619.556961,350.826947,2.645086,1.659693,-1.688282,2.150921,0.478402,1.905307
946,31.533333,1,664.848576,343.471509,574.302483,359.432707,619.575529,351.452108,2.657913,1.740143,-1.719028,2.004788,0.469443,1.872465
947,31.566667,1,664.77108,343.747723,574.480858,359.707913,619.625969,351.727818,2.654993,1.751821,-1.696799,2.067592,0.479097,1.909706
948,31.6,1,662.058449,344.311212,572.365866,361.374616,617.212157,352.842914,2.661789,1.911529,-1.787807,2.24439,0.436991,2.077959
949,31.633333,1,661.931992,345.134457,571.661959,361.855166,616.796975,353.494812,2.666973,1.919879,-1.747037,2.094802,0.459968,2.007341
950,31.666667,1,660.191212,345.477507,569.960251,362.821882,615.075731,354.149694,2.676689,1.956289,-1.743337,2.071782,0.466676,2.014035
951,31.7,1,658.599758,345.884221,568.744965,363.234985,613.672361,354.559603,2.649792,1.857296,-1.757322,2.011312,0.446235,1.934304
952,31.733333,1,657.077923,345.662182,567.444162,363.342649,612.261043,354.502416,2.623812,1.810903,-1.773782,2.014777,0.425015,1.91284
953,31.766667,1,656.233864,345.492575,566.090508,364.124014,611.162186,354.808295,2.643151,1.784073,-1.753706,2.133343,0.444722,1.958708
954,31.8,1,655.236607,345.749252,565.09882,364.731905,610.167713,355.240578,2.653867,1.785626,-1.767633,2.174099,0.443117,1.979862
955,31.833333,1,654.23172,345.95892,563.993835,365.475386,609.112778,355.717153,2.661565,1.919221,-1.772386,2.357009,0.44459,2.138115
956,31.866667,1,653.790035,346.450456,563.424244,366.351047,608.60714,356.400752,2.682627,1.884425,-1.78256,2.401202,0.450034,2.142813
957,31.9,1,653.113899,347.007862,563.806839,367.850718,608.460369,357.42929,2.828561,4.131399,-1.728117,3.891251,0.550222,4.011325
958,31.933333,1,652.28796,348.87144,562.954512,370.559739,607.621236,359.715589,2.819593,21.923278,-1.751815,6.322229,0.533889,14.122753
959,31.966667,1,650.926437,348.132395,560.826464,369.726548,605.876451,358.929471,2.899503,11.951862,-1.753154,8.297473,0.573174,10.124668
960,32.0,1,649.066811,347.466686,559.316034,368.193537,604.191422,357.830112,2.895455,3.22257,-1.686992,3.382251,0.604232,3.30241
961,32.033333,1,646.561432,346.859606,557.20129,368.46562,601.881361,357.662613,2.850867,2.387828,-1.641355,2.789224,0.604756,2.588526
962,32.066667,1,644.077673,346.982483,554.836712,369.356114,599.457192,358.169298,2.789105,1.968677,-1.614214,2.303256,0.587445,2.135967
963,32.1,1,642.190847,346.941124,553.126135,369.862107,597.658491,358.401615,2.795224,1.931783,-1.587265,2.309232,0.603979,2.120507
964,32.133333,1,640.532112,346.818531,551.777401,370.094612,596.154757,358.456571,2.785872,1.725042,-1.586575,2.213016,0.599649,1.969029
965,32.166667,1,639.621859,346.697858,550.775042,369.259018,595.19845,357.978438,2.754638,1.77491,-1.589808,2.047521,0.582415,1.911216
966,32.2,1,639.057322,345.924336,550.018473,368.778355,594.537897,357.351345,2.770039,1.720808,-1.571913,2.057523,0.599063,1.889165
967,32.233333,1,638.409452,345.671929,549.319611,368.210092,593.864532,356.94101,2.762042,1.736425,-1.596288,1.937783,0.582877,1.837104
968,32.266667,1,637.870245,345.672449,548.719187,368.205575,593.294716,356.939012,2.757534,1.67882,-1.604687,1.926626,0.576423,1.802723
969,32.3,1,637.559261,345.712339,548.523169,368.137087,593.041215,356.924713,2.749845,1.712963,-1.612522,1.938378,0.568661,1.825671
970,32.333333,1,637.739143,345.712827,548.668566,368.039718,593.203855,356.876273,2.751553,1.667197,-1.600836,1.975974,0.575359,1.821585
971,32.366667,1,638.305254,345.395721,548.807201,367.267939,593.556228,356.33183,2.778358,1.591691,-1.567669,2.100096,0.605345,1.845893
972,32.4,1,638.928022,345.502671,549.453487,367.140738,594.190755,356.321704,2.755375,1.787617,-1.557862,2.089755,0.598756,1.938686
973,32.433333,1,640.055914,345.762121,550.506048,367.051409,595.280981,356.406765,2.766081,1.75608,-1.585004,1.982851,0.590539,1.869465
974,32.466667,1,641.084862,346.104425,551.301994,366.903496,596.193428,356.50396,2.762827,1.797678,-1.597612,2.038015,0.582608,1.917847
975,32.5,1,641.720076,346.39752,552.35508,366.756919,597.037578,356.57722,2.854875,1.913245,-1.606035,2.5198,0.62442,2.216523
976,32.533333,1,641.488552,347.158597,554.674253,369.575111,598.081403,358.366854,2.843238,7.321444,-1.618435,5.33311,0.612402,6.327277
977,32.566667,1,641.529322,348.089131,555.855312,370.497329,598.692317,359.29323,2.794901,18.902138,-1.606332,12.777672,0.594284,15.839905
978,32.6,1,640.576105,347.139221,550.451841,370.102926,595.513973,358.621074,2.967144,5.751633,-1.739671,6.129081,0.613737,5.940357
979,32.633333,1,639.159889,346.743498,551.882811,368.009956,595.52135,357.376727,2.924694,2.932858,-1.66095,3.348954,0.631872,3.140906
980,32.666667,1,639.687366,347.02071,551.051788,367.261866,595.369577,357.141288,2.852905,2.664136,-1.634042,2.681123,0.609432,2.67263
981,32.7,1,640.304356,346.360222,550.882368,367.492021,595.593362,356.926121,2.834222,2.254349,-1.617827,2.599597,0.608198,2.426973
982,32.733333,1,641.314831,346.409655,551.976366,366.677756,596.645598,356.543705,2.820915,2.051008,-1.580245,2.42986,0.620335,2.240434
983,32.766667,1,642.101316,345.338058,552.872066,366.715506,597.486691,356.026782,2.821859,1.972622,-1.607629,2.482889,0.607115,2.227755
984,32.8,1,642.893953,344.84369,553.857174,366.273735,598.375564,355.558712,2.791809,2.050818,-1.613814,2.512122,0.588997,2.28147
985,32.833333,1,643.349676,344.618298,554.393415,365.696395,598.871546,355.157347,2.77967,2.032767,-1.596924,2.389864,0.591373,2.211315
986,32.866667,1,644.068508,344.681513,554.867964,365.697908,599.468236,355.18971,2.767855,2.043906,-1.599612,2.324883,0.584122,2.184394
987,32.9,1,644.477615,344.857873,555.272017,365.525125,599.874816,355.191499,2.781441,1.981216,-1.592717,2.430958,0.594362,2.206087
988,32.933333,1,644.45673,344.722277,554.904137,365.250778,599.680433,354.986528,2.803189,1.930487,-1.627258,2.609426,0.587965,2.269957
989,32.966667,1,644.098711,344.568179,554.696245,365.076048,599.397478,354.822114,2.806835,1.953072,-1.623181,2.784078,0.591827,2.368575
990,33.0,1,643.42906,344.035889,553.606968,364.671448,598.518014,354.353668,2.788961,1.947433,-1.660859,3.080344,0.564051,2.513888
991,33.033333,1,642.32502,344.306465,552.450495,364.628066,597.387757,354.467265,2.787674,1.906685,-1.676887,2.975344,0.555394,2.441015
992,33.066667,1,640.974455,344.139605,551.355896,364.727522,596.165175,354.433563,2.778864,1.962122,-1.6967,2.74633,0.541082,2.354226
993,33.1,1,638.958511,343.580605,549.376564,365.122461,594.167538,354.351533,2.798168,1.821324,-1.666889,2.932087,0.56564,2.376706
994,33.133333,1,637.212591,343.315099,547.693119,364.982595,592.452855,354.148847,2.829161,1.821968,-1.665006,3.204592,0.582077,2.51328
995,33.166667,1,635.964556,343.443931,546.469374,364.953461,591.216965,354.198696,2.842236,1.751308,-1.669571,3.24853,0.586333,2.499919
996,33.2,1,634.903536,344.274847,545.461292,365.104367,590.182414,354.689607,2.826508,1.758041,-1.638431,2.837941,0.594039,2.297991
997,33.233333,1,634.473047,344.337873,544.984274,365.162614,589.728661,354.750244,2.835688,1.767278,-1.614306,2.884961,0.610691,2.326119
998,33.266667,1,634.454584,344.371997,544.352465,365.015747,589.403524,354.693872,2.842588,1.831699,-1.627261,2.923097,0.607663,2.377398
999,33.3,1,634.327021,344.034854,544.271517,364.682879,589.299269,354.358867,2.854233,1.804703,-1.629744,2.938664,0.612245,2.371684
1000,33.333333,1,635.050192,344.194289,545.409069,364.218643,590.22963,354.206466,2.848769,1.765412,-1.630404,3.110679,0.609183,2.438046
1001,33.366667,1,636.534395,343.347216,546.675005,364.127823,591.6047,353.737519,2.924455,1.562245,-1.648311,3.638479,0.638072,2.600362
1002,33.4,1,636.829834,342.953457,547.56731,363.347606,592.198572,353.150531,2.878926,1.550154,-1.655758,3.30058,0.611584,2.425367
1003,33.433333,1,638.336439,342.89735,549.678755,361.68115,594.007597,352.28925,2.806895,1.530921,-1.628719,3.178079,0.589088,2.3545
1004,33.466667,1,642.230883,341.389101,552.341499,360.414975,597.286191,350.902038,2.835524,1.722433,-1.596692,2.910438,0.619416,2.316435
1005,33.5,1,646.13925,341.335205,555.923071,358.622063,601.03116,349.978634,2.748149,2.054316,-1.668327,2.861055,0.539911,2.457685
1006,33.533333,1,650.027332,340.669132,560.609913,356.959711,605.318623,348.814421,2.740463,1.824243,-1.683798,2.090438,0.528332,1.957341
1007,33.566667,1,655.134048,340.168884,565.402298,355.971054,610.268173,348.069969,2.758676,1.77744,-1.721087,2.183155,0.518794,1.980298
1008,33.6,1,661.246567,339.770399,571.014261,354.317021,616.130414,347.04371,2.78879,1.711692,-1.658402,2.8481,0.565194,2.279896
1009,33.633333,1,665.614185,340.520618,574.327955,356.066739,619.97107,348.293678,2.839092,17.30087,-1.761396,5.672413,0.538848,11.486642
1010,33.666667,1,667.880554,342.457929,578.510303,357.612335,623.195429,350.035132,2.698506,12.111354,-1.776415,8.696364,0.461046,10.403859
1011,33.7,1,671.821423,340.683283,581.330738,353.872306,626.57608,347.277794,2.791146,21.497286,-1.851931,6.610217,0.469608,14.053752
1012,33.733333,1,674.880028,338.088659,583.028841,349.405655,628.954434,343.747157,2.832765,6.279324,-1.890964,3.694527,0.470901,4.986925
1013,33.766667,1,677.154617,336.957598,585.435867,345.957751,631.295242,341.457675,2.854399,2.597817,-1.901915,3.271742,0.476242,2.934779
1014,33.8,1,678.990612,336.363629,588.417988,344.907526,633.7043,340.635577,2.807168,2.156089,-1.880833,2.801066,0.463168,2.478578
1015,33.833333,1,680.398941,336.929199,589.836321,345.595019,635.117631,341.262109,2.790277,1.68242,-1.848599,2.40115,0.470839,2.041785
1016,33.866667,1,681.513214,337.039878,590.328045,345.826542,635.92063,341.43321,2.781319,1.53786,-1.86668,2.427512,0.45732,1.982686
1017,33.9,1,682.171879,337.113676,591.568146,345.950042,636.870012,341.531859,2.787009,1.539302,-1.867993,2.456025,0.459508,1.997664
1018,33.933333,1,682.62846,336.764404,592.066526,345.88104,637.347493,341.322722,2.776035,1.439341,-1.820058,2.379754,0.477988,1.909547
1019,33.966667,1,683.286381,336.716704,592.332296,345.686531,637.809339,341.201617,2.751749,1.457849,-1.846662,2.384772,0.452543,1.921311
1020,34.0,1,683.699265,336.822313,592.332563,345.532079,638.015914,341.177196,2.759893,1.466416,-1.829311,2.461621,0.465291,1.964018
1021,34.033333,1,684.098415,336.825022,592.528887,345.681719,638.313651,341.253371,2.763282,1.385389,-1.834508,2.641468,0.464387,2.013428
1022,34.066667,1,683.910408,337.219462,592.714891,345.610625,638.31265,341.415043,2.756708,1.474926,-1.84445,2.830885,0.456129,2.152906
1023,34.1,1,683.115177,337.00561,592.152929,345.496636,637.634053,341.251123,2.739868,1.503995,-1.814623,2.578503,0.462623,2.041249
1024,34.133333,1,682.659626,337.057017,591.436129,345.431828,637.047877,341.244423,2.750919,1.605243,-1.806244,2.559228,0.472337,2.082235
1025,34.166667,1,681.726875,336.742308,590.29974,345.605839,636.013308,341.174074,2.755874,1.642077,-1.823863,2.902474,0.466006,2.272276
1026,34.2,1,680.745964,336.581585,589.207296,345.607315,634.97663,341.09445,2.73511,1.552041,-1.827932,2.715321,0.453589,2.133681
1027,34.233333,1,679.519863,336.805721,588.332138,345.876823,633.926001,341.341272,2.725125,1.543908,-1.840143,2.525038,0.442491,2.034473
1028,34.266667,1,679.138832,336.633432,587.348385,345.993537,633.243608,341.313484,2.741307,1.580377,-1.823957,2.61452,0.458675,2.097448
1029,34.3,1,678.179951,336.592947,586.380529,345.952113,632.28024,341.27253,2.728708,1.588378,-1.80485,2.522255,0.461929,2.055316
1030,34.333333,1,676.703167,336.196994,585.710516,345.862602,631.206841,341.029798,2.693772,1.649788,-1.807173,2.539222,0.4433,2.094505
1031,34.366667,1,676.274185,335.859475,584.564314,345.655632,630.41925,340.757554,2.691974,1.598592,-1.785915,2.554791,0.45303,2.076692
1032,34.4,1,675.471821,335.761204,583.946867,345.611472,629.709344,340.686338,2.698311,1.566337,-1.771883,2.559852,0.463214,2.063094
1033,34.433333,1,674.431629,335.078094,582.9562,345.347886,628.693914,340.21299,2.702751,1.461895,-1.790465,2.648733,0.456143,2.055314
1034,34.466667,1,673.540649,335.057382,582.164907,346.004142,627.852778,340.530762,2.668149,1.375451,-1.795777,2.383086,0.436186,1.879268
1035,34.5,1,672.648277,335.160132,581.438675,346.256774,627.043476,340.708453,2.664248,1.360975,-1.801199,2.322129,0.431525,1.841552
1036,34.533333,1,672.575016,335.507843,580.963755,346.005017,626.769385,340.75643,2.725218,1.596467,-1.776427,2.295479,0.474395,1.945973
1037,34.566667,1,671.555691,336.507352,580.974283,346.888359,626.264987,341.697856,2.7912,1.991445,-1.754676,2.60633,0.518262,2.298887
1038,34.6,1,669.765339,338.902441,581.362715,352.693523,625.564027,345.797982,2.752594,0.125642,-1.787307,3.417642,0.482644,1.771642
1039,34.633333,1,667.052021,340.752447,580.379486,353.75689,623.715754,347.254668,2.680805,-25.608579,-1.778271,3.241317,0.451267,-11.183631
1040,34.666667,1,667.460632,339.051599,578.993511,351.033128,623.227072,345.042364,2.779802,11.647186,-1.801199,2.873106,0.489301,7.260146
1041,34.7,1,666.339474,337.377858,577.125216,349.068083,621.732345,343.22297,2.853899,7.785116,-1.80696,3.247944,0.52347,5.51653
1042,34.733333,1,665.634918,336.549098,575.512686,346.702466,620.573802,341.625782,2.848985,4.379075,-1.844245,2.828205,0.50237,3.60364
1043,34.766667,1,664.753647,335.551,574.658709,345.639523,619.706178,340.595261,2.832475,2.648563,-1.865611,2.793306,0.483432,2.720935
1044,34.8,1,663.803883,335.301366,573.44388,346.054015,618.623881,340.677691,2.851533,2.17196,-1.843388,2.709655,0.504072,2.440808
1045,34.833333,1,663.376999,335.36324,572.667646,346.081443,618.022323,340.722342,2.787775,2.014584,-1.834918,2.799006,0.476429,2.406795
1046,34.866667,1,663.288155,335.453952,572.360249,346.095665,617.824202,340.774808,2.789848,2.033312,-1.820335,2.952185,0.484756,2.492748
1047,34.9,1,663.125744,335.400699,572.073832,346.284149,617.599788,340.842424,2.77546,1.9197,-1.825267,3.017978,0.475097,2.468839
1048,34.933333,1,662.982006,335.570419,571.769466,346.788951,617.375736,341.179685,2.753939,1.706393,-1.830596,2.961543,0.461671,2.333968
1049,34.966667,1,663.042831,335.980845,571.680965,346.913159,617.361898,341.447002,2.758451,1.625379,-1.82165,3.000817,0.4684,2.313098
1050,35.0,1,662.442703,336.20989,571.189747,346.991174,616.816225,341.600532,2.755523,1.638236,-1.811001,2.871604,0.472261,2.25492
1051,35.033333,1,661.810303,336.475171,570.430975,347.409856,616.120639,341.942513,2.764972,1.6793,-1.755167,3.027518,0.504902,2.353409
1052,35.066667,1,660.618553,336.640985,569.775829,347.567242,615.197191,342.104114,2.759338,1.724375,-1.733637,2.989851,0.512851,2.357113
1053,35.1,1,660.006504,336.634328,569.029684,347.787999,614.518094,342.211163,2.743702,1.808431,-1.726607,3.046807,0.508548,2.427619
1054,35.133333,1,659.131718,336.847805,568.530235,347.906209,613.830976,342.377007,2.734713,1.731376,-1.717902,2.838122,0.508405,2.284749
1055,35.166667,1,658.906269,337.059072,568.183069,348.058392,613.544669,342.558732,2.748848,1.706609,-1.713695,2.858237,0.517576,2.282423
1056,35.2,1,658.543625,336.930154,567.677584,347.977894,613.110604,342.454024,2.750687,1.774802,-1.709227,2.853442,0.52073,2.314122
1057,35.233333,1,658.194447,337.293717,567.567425,347.90143,612.880936,342.597573,2.751878,1.737203,-1.688546,2.784212,0.531666,2.260707
1058,35.266667,1,658.079128,337.269427,567.405653,347.935247,612.742391,342.602337,2.746297,1.813997,-1.680575,2.666309,0.532861,2.240153
1059,35.3,1,657.705917,337.384456,567.141209,348.190545,612.423563,342.7875,2.751331,1.809695,-1.686115,2.800976,0.532608,2.305336
1060,35.333333,1,657.516079,337.274625,566.679239,348.463535,612.097659,342.86908,2.765468,1.730397,-1.693371,2.836362,0.536049,2.283379
1061,35.366667,1,657.208061,337.283401,566.2714,348.812549,611.739731,343.047975,2.773316,1.698925,-1.703465,2.771896,0.534925,2.235411
1062,35.4,1,657.216034,337.277656,566.226845,348.973219,611.721439,343.125437,2.738555,1.703551,-1.734895,2.778211,0.50183,2.240881
1063,35.433333,1,657.227039,337.27831,566.105461,348.913229,611.66625,343.095769,2.73648,1.776074,-1.739169,2.791134,0.498656,2.283604
1064,35.466667,1,657.801304,337.658046,566.353674,349.141023,612.077489,343.399535,2.739222,1.638005,-1.730263,2.661329,0.50448,2.149667
1065,35.5,1,658.306599,337.56529,566.981516,349.183268,612.644057,343.374279,2.734301,1.671987,-1.695326,2.74207,0.519487,2.207029
1066,35.533333,1,658.553295,337.596216,566.981478,349.020935,612.767386,343.308576,2.708071,1.577954,-1.763361,2.646048,0.472355,2.112001
1067,35.566667,1,659.170227,337.530963,567.645025,349.100801,613.407626,343.315882,2.725071,1.61431,-1.732956,2.598029,0.496057,2.10617
1068,35.6,1,659.719086,336.837516,568.777266,348.65285,614.248176,342.745183,2.725797,1.545745,-1.779042,3.073278,0.473377,2.309511
1069,35.633333,1,661.615868,336.889057,570.955887,348.222973,616.285877,342.556015,2.793968,1.651014,-1.723075,3.15483,0.535446,2.402922
1070,35.666667,1,661.897125,336.883317,571.238499,347.868567,616.567812,342.375942,2.778747,1.54548,-1.751142,2.91415,0.513803,2.229815
1071,35.7,1,662.17514,336.957732,572.152014,347.732161,617.163577,342.344947,2.764803,1.631579,-1.739345,2.79421,0.512729,2.212894
1072,35.733333,1,662.481232,336.794075,572.466908,347.746173,617.47407,342.270124,2.783129,1.518611,-1.725689,2.906788,0.52872,2.2127
1073,35.766667,1,662.666454,336.739444,572.55805,347.81172,617.612252,342.275582,2.763672,1.499152,-1.737846,2.852438,0.512913,2.175795
1074,35.8,1,662.714672,336.533799,572.656422,347.493535,617.685547,342.013667,2.759899,1.646799,-1.744609,2.825364,0.507645,2.236082
1075,35.833333,1,663.060913,336.343222,572.734613,347.483295,617.897763,341.913258,2.772554,1.680291,-1.740766,2.814586,0.515894,2.247438
1076,35.866667,1,663.034649,336.128983,573.074884,347.302052,618.054767,341.715518,2.759163,1.619514,-1.756334,2.814515,0.501415,2.217015
1077,35.9,1,663.276329,336.117992,573.080521,347.230507,618.178425,341.674249,2.758594,1.619791,-1.757855,2.747336,0.500369,2.183563
1078,35.933333,1,662.922897,335.830089,572.433033,347.441286,617.677965,341.635687,2.737837,1.583872,-1.778749,2.85632,0.479544,2.220096
1079,35.966667,1,661.829739,336.25037,569.771719,347.417344,615.800729,341.833857,2.765507,1.804357,-1.903088,3.177406,0.43121,2.490882
1080,36.0,1,659.542103,336.933684,567.391376,347.177609,613.46674,342.055646,2.710986,1.805992,-1.950712,2.782715,0.380137,2.294354
1081,36.033333,1,659.397755,336.591112,567.211285,347.477791,613.30452,342.034451,2.718205,1.802438,-1.934923,2.734625,0.391641,2.268532
1082,36.066667,1,658.605404,336.324812,566.584377,347.638278,612.594891,341.981545,2.708681,1.848673,-1.890286,3.095182,0.409197,2.471928
1083,36.1,1,656.172371,337.126497,564.131708,347.663292,610.15204,342.394895,2.67163,2.208208,-1.9295,2.729989,0.371065,2.469098
1084,36.133333,1,651.39637,337.200918,560.226011,348.315176,605.811191,342.758047,2.703298,1.910403,-1.975601,2.668387,0.363849,2.289395
1085,36.166667,1,648.935318,337.960852,558.338127,347.4889,603.636723,342.724876,2.729279,1.859469,-1.976547,2.242553,0.376366,2.051011
1086,36.2,1,647.81662,337.714276,557.789173,346.992064,602.802896,342.35317,2.676261,1.806768,-2.004806,1.930746,0.335727,1.868757
1087,36.233333,1,645.390739,336.922644,556.244793,347.580214,600.817766,342.251429,2.623121,1.649054,-1.951887,1.830692,0.335617,1.739873
1088,36.266667,1,643.649836,336.418544,553.945732,347.749912,598.797784,342.084228,2.604507,1.715973,-1.944301,2.032757,0.330103,1.874365
1089,36.3,1,638.728485,336.417455,550.031137,349.761027,594.379811,343.089241,2.549743,1.418647,-1.953652,2.172673,0.298045,1.79566
1090,36.333333,1,635.022449,336.653677,546.592464,349.70823,590.807457,343.180954,2.589256,1.471599,-1.957353,2.328851,0.315952,1.900225
1091,36.366667,1,630.222034,335.628864,541.192713,351.325082,585.707374,343.476973,2.534193,1.121336,-1.950954,2.299751,0.29162,1.710543
1092,36.4,1,625.403442,336.140308,536.905203,352.295666,581.154323,344.217987,2.646444,1.049504,-1.932204,2.099982,0.35712,1.574743
1093,36.433333,1,620.768089,336.478368,532.368088,353.276142,576.568089,344.877255,2.637328,1.125276,-1.917801,2.142885,0.359763,1.63408
1094,36.466667,1,615.720291,336.533187,526.963253,355.361956,571.341772,345.947572,2.610179,0.950579,-1.925504,2.207648,0.342337,1.579114
1095,36.5,1,611.239042,336.119918,523.299456,356.917493,567.269249,346.518705,2.668589,0.784236,-1.924536,2.320612,0.372027,1.552424
1096,36.533333,1,606.992912,336.725641,519.760933,358.09104,563.376923,347.40834,2.672568,0.678418,-1.91496,2.370206,0.378804,1.524312
1097,36.566667,1,603.171768,337.320689,516.324377,358.373487,559.748073,347.847088,2.696126,0.693329,-1.904518,2.106693,0.395804,1.400011
1098,36.6,1,599.947968,337.468312,513.683205,359.249555,556.815586,348.358934,2.746182,0.745309,-1.872666,1.754686,0.436758,1.249998
1099,36.633333,1,597.607222,337.276615,511.470041,360.112755,554.538631,348.694685,2.78142,0.728965,-1.886786,1.971563,0.447317,1.350264
1100,36.666667,1,593.893261,337.6188,508.804312,360.893873,551.348786,349.256337,2.739329,0.568523,-1.936975,1.844283,0.401177,1.206403
1101,36.7,1,592.320862,337.535185,507.573051,361.053947,549.946957,349.294566,2.754409,0.585117,-1.923294,1.962669,0.415557,1.273893
1102,36.733333,1,590.662689,337.521104,506.174669,361.405365,548.418679,349.463234,2.737706,0.625593,-1.920209,2.037208,0.408749,1.331401
1103,36.766667,1,589.552603,337.378705,505.177097,361.920134,547.36485,349.64942,2.713295,0.59181,-1.914343,2.074898,0.399476,1.333354
1104,36.8,1,589.222183,337.442912,504.702301,361.751558,546.962242,349.597235,2.789942,0.540595,-1.923122,2.007587,0.43341,1.274091
1105,36.833333,1,588.873959,337.718756,504.13765,362.209824,546.505804,349.96429,2.76698,0.573105,-1.928995,2.083708,0.418992,1.328407
1106,36.866667,1,588.844776,337.58597,504.26836,362.035829,546.556568,349.810899,2.767927,0.459273,-1.91604,1.969417,0.425943,1.214345
1107,36.9,1,588.921967,337.921729,504.267559,362.116123,546.594763,350.018926,2.782463,0.573887,-1.92071,1.978997,0.430877,1.276442
1108,36.933333,1,589.429779,337.98409,504.642477,362.137742,547.036128,350.060916,2.796201,0.573122,-1.912632,1.885273,0.441784,1.229198
1109,36.966667,1,590.355005,338.400042,505.618658,361.632687,547.986832,350.016365,2.78484,0.52955,-1.93165,1.879871,0.426595,1.20471
1110,37.0,1,591.773987,338.662979,507.363091,362.046949,549.568539,350.354964,2.729858,0.510175,-1.91368,1.951056,0.408089,1.230616
1111,37.033333,1,594.793434,340.169506,512.339106,364.996961,553.56627,352.583233,2.79242,0.367654,-1.791126,2.545524,0.500647,1.456589
1112,37.066667,1,598.241425,340.755885,515.775423,364.983748,557.008424,352.869817,2.897181,-1.568264,-1.759121,6.560845,0.56903,2.496291
1113,37.1,1,600.099106,339.177657,515.660553,363.251551,557.879829,351.214604,2.82801,0.368541,-1.79632,2.900406,0.515845,1.634474
1114,37.133333,1,602.141342,337.742611,516.928587,359.788975,559.534965,348.765793,2.852053,0.741612,-1.786287,2.389934,0.532883,1.565773
1115,37.166667,1,603.292809,337.589961,518.531628,357.960904,560.912218,347.775433,2.857069,0.98642,-1.771694,1.713227,0.542688,1.349824
1116,37.2,1,603.677092,337.513813,518.881292,357.654837,561.279192,347.584325,2.785679,0.94469,-1.788183,1.454314,0.498748,1.199502
1117,37.233333,1,604.172792,337.221447,519.722643,357.039549,561.947718,347.130498,2.768265,0.910816,-1.765004,1.396188,0.50163,1.153502
1118,37.266667,1,604.584675,337.15275,520.478325,356.342781,562.5315,346.747766,2.724933,0.987273,-1.752828,1.355872,0.486053,1.171573
1119,37.3,1,605.398006,336.645239,520.825939,355.935879,563.111973,346.290559,2.718151,1.033733,-1.740289,1.430403,0.488931,1.232068
1120,37.333333,1,606.153812,336.131322,520.947733,355.31351,563.550773,345.722416,2.768263,1.02153,-1.735669,1.446324,0.516297,1.233927
1121,37.366667,1,606.794128,335.970508,521.126671,355.252109,563.9604,345.611309,2.777694,1.011301,-1.768327,1.382771,0.504684,1.197036
1122,37.4,1,607.316351,335.847362,521.368332,355.10447,564.342341,345.475916,2.766704,1.029062,-1.765814,1.410406,0.500445,1.219734
1123,37.433333,1,608.272009,335.723723,522.129383,354.665371,565.200696,345.194547,2.78389,0.978313,-1.763419,1.386695,0.510235,1.182504
1124,37.466667,1,609.086399,335.784985,522.571554,354.514958,565.828977,345.149971,2.772355,1.041644,-1.782928,1.48272,0.494714,1.262182
1125,37.5,1,609.760113,335.88568,522.889109,354.825622,566.324611,345.355651,2.79677,1.049152,-1.773164,1.466913,0.511803,1.258033
1126,37.533333,1,610.533504,335.791878,523.922405,354.548678,567.227955,345.170278,2.790282,1.016653,-1.766934,1.550651,0.511674,1.283652
1127,37.566667,1,611.280394,335.87971,524.395027,354.432791,567.83771,345.15625,2.780058,0.980369,-1.78865,1.531711,0.495704,1.25604
1128,37.6,1,612.168913,335.923489,524.945021,354.282035,568.556967,345.102762,2.779513,1.015651,-1.777906,1.588591,0.500803,1.302121
1129,37.633333,1,612.532063,335.817922,525.507536,353.977808,569.019799,344.897865,2.767992,1.003997,-1.76743,1.635871,0.500281,1.319934
1130,37.666667,1,612.981176,335.928086,525.909061,353.807386,569.445119,344.867736,2.779631,1.035807,-1.763333,1.605223,0.508149,1.320515
1131,37.7,1,613.363924,335.921804,526.394939,353.860547,569.879432,344.891176,2.78291,1.046105,-1.778851,1.6609,0.502029,1.353502
1132,37.733333,1,613.212175,336.446745,526.440277,355.582375,569.826226,346.01456,2.831384,1.212147,-1.803495,1.725633,0.513945,1.46889
1133,37.766667,1,615.319443,339.394734,529.331045,358.996006,572.325244,349.19537,3.063989,0.326942,-1.762456,4.429751,0.650767,2.378346
1134,37.8,1,620.124578,341.423036,532.977705,360.051498,576.551142,350.737267,3.015268,-9.142985,-1.64012,28.014486,0.687574,9.43575
1135,37.833333,1,621.983032,339.779894,532.436066,358.065559,577.209549,348.922726,3.179615,1.253577,-1.660099,24.989401,0.759758,13.121489
1136,37.866667,1,623.225899,338.012565,534.921141,355.180591,579.07352,346.596578,3.099857,2.125428,-1.700454,5.643897,0.699701,3.884662
1137,37.9,1,625.453205,337.341476,536.787939,354.351654,581.120572,345.846565,2.950936,1.690745,-1.652826,3.369743,0.649055,2.530244
1138,37.933333,1,627.927732,336.727358,538.138771,353.951485,583.033252,345.339421,2.93189,1.51439,-1.612788,2.758738,0.659551,2.136564
1139,37.966667,1,629.306812,336.717004,539.576988,353.331497,584.4419,345.024251,2.878833,1.570512,-1.62485,2.659613,0.626991,2.115062
1140,38.0,1,630.670385,336.641747,541.26667,352.915487,585.968528,344.778617,2.823884,1.482508,-1.650841,2.818403,0.586522,2.150456
1141,38.033333,1,632.044535,336.385387,542.740803,352.585768,587.392669,344.485577,2.818133,1.402717,-1.638342,2.840706,0.589896,2.121712
1142,38.066667,1,633.885002,336.714022,544.032097,352.197492,588.958549,344.455757,2.826573,1.556192,-1.639269,2.780786,0.593652,2.168489
1143,38.1,1,635.50518,336.735646,545.718527,352.025471,590.611854,344.380558,2.832618,1.543752,-1.667122,2.822228,0.582748,2.18299
1144,38.133333,1,637.106113,336.901546,547.232676,351.601746,592.169394,344.251646,2.835146,1.547185,-1.696621,2.753059,0.569262,2.150122
1145,38.166667,1,638.698397,336.87858,548.47558,351.426448,593.586988,344.152514,2.81537,1.601254,-1.702857,2.819768,0.556256,2.210511
1146,38.2,1,640.030727,337.019461,549.891272,351.160448,594.960999,344.089954,2.805376,1.548149,-1.688154,2.74467,0.558611,2.14641
1147,38.233333,1,641.218538,337.127039,550.684919,351.253622,595.951729,344.190331,2.79994,1.702669,-1.733293,2.874893,0.533323,2.288781
1148,38.266667,1,639.519196,338.644128,549.06209,351.049678,594.290643,344.846903,2.757942,2.046787,-1.890407,2.773981,0.433768,2.410384
1149,38.3,1,638.686237,338.092833,547.948494,351.410167,593.317366,344.7515,2.760722,2.118179,-1.923369,2.721943,0.418677,2.420061
1150,38.333333,1,639.302168,338.524475,548.513527,351.202875,593.907847,344.863675,2.761572,2.22932,-1.886911,2.415161,0.43733,2.322241
1151,38.366667,1,639.10162,338.365318,548.631325,351.282375,593.866472,344.823847,2.746135,2.155125,-1.874357,2.189357,0.435889,2.172241
1152,38.4,1,638.404903,338.123029,548.016262,351.256455,593.210583,344.689742,2.747769,2.123746,-1.891633,2.203002,0.428068,2.163374
1153,38.433333,1,638.249493,338.196087,548.223562,350.995079,593.236527,344.595583,2.753179,2.067798,-1.9018,2.048844,0.425689,2.058321
1154,38.466667,1,638.002958,338.318417,548.250303,350.983561,593.126631,344.650989,2.756633,2.096724,-1.888057,1.870763,0.434288,1.983744
1155,38.5,1,637.978363,338.349692,548.186817,350.857803,593.08259,344.603747,2.758048,2.09673,-1.891935,1.836234,0.433057,1.966482
1156,38.533333,1,637.67437,338.140715,547.954559,350.692011,592.814465,344.416363,2.739308,2.057199,-1.891654,1.811165,0.423827,1.934182
1157,38.566667,1,637.499456,338.043206,547.884789,350.342487,592.692122,344.192846,2.729185,2.131529,-1.89597,1.807416,0.416607,1.969473
1158,38.6,1,638.006725,337.880815,548.013315,350.657802,593.01002,344.269308,2.754222,2.008714,-1.878131,1.943369,0.438045,1.976041
1159,38.633333,1,638.8515,337.756805,548.387175,350.866799,593.619337,344.311802,2.751173,1.992481,-1.850428,1.864903,0.450373,1.928692
1160,38.666667,1,639.0734,337.957939,549.050026,351.14871,594.061713,344.553325,2.746028,1.689768,-1.841081,1.904017,0.452473,1.796892
1161,38.7,1,640.549841,337.987207,550.06875,350.971003,595.309296,344.479105,2.719775,1.623747,-1.840775,1.801374,0.4395,1.712561
1162,38.733333,1,641.837969,338.08249,551.492119,350.231808,596.665044,344.157149,2.750988,1.751107,-1.824486,1.735403,0.463251,1.743255
1163,38.766667,1,644.214706,337.804645,553.057623,350.020509,598.636165,343.912577,2.733335,1.892065,-1.835198,1.889146,0.449068,1.890606
1164,38.8,1,646.146193,336.9142,554.499521,349.414185,600.322857,343.164192,2.760598,1.862904,-1.851178,2.207969,0.45471,2.035436
1165,38.833333,1,647.663984,336.876204,555.827713,349.406208,601.745849,343.141206,2.752573,1.909361,-1.864266,2.219225,0.444153,2.064293
1166,38.866667,1,649.422474,336.890656,557.124958,349.21068,603.273716,343.050668,2.78515,1.725557,-1.893249,2.069615,0.44595,1.897586
1167,38.9,1,650.792809,336.868275,559.223175,349.032909,605.007992,342.950592,2.767566,1.62469,-1.880019,1.922757,0.443773,1.773723
1168,38.933333,1,652.37278,337.057403,561.01366,348.880371,606.69322,342.968887,2.758962,1.585768,-1.861691,1.934421,0.448636,1.760095
1169,38.966667,1,654.238625,337.159193,562.921362,348.860335,608.579993,343.009764,2.715062,1.569149,-1.846868,1.920256,0.434097,1.744702
1170,39.0,1,656.444035,336.904212,565.132322,348.710217,610.788178,342.807215,2.708745,1.590272,-1.836059,2.035066,0.436343,1.812669
1171,39.033333,1,659.01823,337.458088,567.886066,348.487476,613.452148,342.972782,2.656618,1.573949,-1.832727,1.854052,0.411945,1.714001
1172,39.066667,1,661.040974,338.036056,570.190191,347.814236,615.615582,342.925146,2.648898,1.625316,-1.837492,1.76375,0.405703,1.694533
1173,39.1,1,663.250504,337.504292,571.887817,347.069671,617.56916,342.286981,2.656148,1.55853,-1.893366,1.784293,0.381391,1.671411
1174,39.133333,1,665.561028,337.224349,573.898716,346.568318,619.729872,341.896334,2.667187,1.637278,-1.928323,1.664394,0.369432,1.650836
1175,39.166667,1,666.991119,337.860993,575.166397,345.935542,621.078758,341.898268,2.686057,1.640479,-1.940626,1.397841,0.372715,1.51916
1176,39.2,1,668.479481,337.881045,576.177502,345.835871,622.328491,341.858458,2.687192,1.638652,-1.934811,1.50517,0.376191,1.571911
1177,39.233333,1,669.210396,337.809532,576.632137,345.761316,622.921267,341.785424,2.701389,1.625571,-1.929929,1.481702,0.38573,1.553637
1178,39.266667,1,669.773731,337.699508,577.242393,345.732102,623.508062,341.715805,2.714419,1.542842,-1.938825,1.674656,0.387797,1.608749
1179,39.3,1,669.927063,337.760748,577.78903,345.718975,623.858047,341.739862,2.703502,1.358424,-1.914631,1.882665,0.394435,1.620545
1180,39.333333,1,670.236206,337.872537,577.951956,345.770865,624.094081,341.821701,2.711079,1.42713,-1.904398,1.920337,0.403341,1.673734
1181,39.366667,1,669.781494,338.602238,578.563643,345.966543,624.172568,342.28439,2.726378,1.573592,-1.885841,2.148977,0.420269,1.861284
1182,39.4,1,670.254154,340.056451,580.677004,348.139411,625.465579,344.097931,2.887886,4.768592,-1.830682,3.828153,0.528602,4.298373
1183,39.433333,1,669.79496,341.19897,583.446941,350.390466,626.620951,345.794718,2.779484,3.992539,-1.750347,9.527143,0.514569,6.759841
1184,39.466667,1,669.53989,341.168972,581.644239,348.691077,625.592065,344.930025,2.798154,6.875426,-1.82939,3.673939,0.484382,5.274682
1185,39.5,1,670.283108,340.295489,582.235613,347.453388,626.25936,343.874439,2.862441,2.83688,-1.846079,3.35817,0.508181,3.097525
1186,39.533333,1,670.041523,339.856015,579.881639,346.340985,624.961581,343.0985,2.807463,2.540051,-1.885353,2.476495,0.461055,2.508273
1187,39.566667,1,670.16098,339.757025,579.185953,346.883617,624.673467,343.320321,2.809208,1.994372,-1.889039,2.588915,0.460085,2.291644
1188,39.6,1,670.3265,339.790328,579.162235,346.932648,624.744368,343.361488,2.801133,1.967884,-1.900756,2.705371,0.450189,2.336628
1189,39.633333,1,669.913883,339.811109,578.634663,346.921538,624.274273,343.366324,2.767097,1.681913,-1.900087,2.616274,0.433505,2.149093
1190,39.666667,1,670.170269,339.704282,578.91428,346.838218,624.542274,343.27125,2.745574,1.601973,-1.89002,2.497072,0.427777,2.049523
1191,39.7,1,671.325474,339.814902,579.509668,347.00636,625.417571,343.410631,2.750441,1.605646,-1.881459,2.404249,0.434491,2.004947
1192,39.733333,1,672.850838,339.944463,580.309658,346.464956,626.580248,343.20471,2.706461,1.595339,-1.828023,2.396822,0.439219,1.996081
1193,39.766667,1,673.339214,340.244436,581.030331,346.614919,627.184772,343.429677,2.708113,1.677103,-1.835811,2.427054,0.436151,2.052079
1194,39.8,1,673.050289,340.447351,580.878506,346.565663,626.964397,343.506507,2.694784,1.701497,-1.840501,2.337877,0.427141,2.019687
1195,39.833333,1,673.405514,340.826803,580.881262,346.891653,627.143388,343.859228,2.694277,1.70379,-1.80022,2.327379,0.447029,2.015584
1196,39.866667,1,672.233391,341.22009,580.710545,347.533334,626.471968,344.376712,2.707661,1.560214,-1.877587,2.408635,0.415037,1.984425
1197,39.9,1,671.66378,343.809108,580.948734,349.598672,626.306257,346.70389,2.742923,1.994249,-1.863876,2.311216,0.439523,2.152732
1198,39.933333,1,672.938805,344.172392,581.61418,349.944693,627.276492,347.058543,2.738386,1.892781,-1.838989,2.278098,0.449699,2.085439
1199,39.966667,1,674.667015,345.121808,582.191057,350.176656,628.429036,347.649232,2.745,2.05402,-1.815737,2.029638,0.464632,2.041829
1200,40.0,1,675.752811,345.702791,583.345289,350.342562,629.54905,348.022676,2.743337,2.021225,-1.845585,2.083298,0.448876,2.052261
1201,40.033333,1,676.188202,346.222613,583.873034,350.285178,630.030618,348.253896,2.739242,1.977096,-1.849143,2.151211,0.445049,2.064153
1202,40.066667,1,676.009331,346.564874,583.635187,350.523638,629.822259,348.544256,2.727958,1.935894,-1.847794,2.128321,0.440082,2.032107
1203,40.1,1,674.795685,346.815945,582.987146,351.563246,628.891416,349.189595,2.717178,1.911118,-1.863317,2.261174,0.42693,2.086146
1204,40.133333,1,674.468174,347.890545,582.328987,352.479858,628.398581,350.185202,2.726733,1.908465,-1.801325,1.884766,0.462704,1.896615
1205,40.166667,1,674.025288,347.874371,582.152252,352.967527,628.08877,350.420949,2.746269,1.853578,-1.823679,1.850081,0.461295,1.85183
1206,40.2,1,674.472523,348.171287,582.143936,352.656047,628.308229,350.413667,2.773257,1.938115,-1.808931,1.911406,0.482163,1.924761
1207,40.233333,1,674.695034,348.252085,582.31039,352.869353,628.502712,350.560719,2.777224,1.863199,-1.827804,1.950243,0.47471,1.906721
1208,40.266667,1,674.821014,348.645898,582.312346,352.773689,628.56668,350.709794,2.74827,1.950803,-1.812655,1.793942,0.467808,1.872373
1209,40.3,1,674.66774,348.946193,582.65234,353.135272,628.66004,351.040733,2.73042,1.822694,-1.807987,1.835338,0.461216,1.829016
1210,40.333333,1,674.273624,349.101182,582.30689,353.733222,628.290257,351.417202,2.727004,1.706934,-1.814338,1.770364,0.456333,1.738649
1211,40.366667,1,674.031677,349.023269,582.198086,353.642129,628.114882,351.332699,2.718374,1.738962,-1.812496,1.783314,0.452939,1.761138
1212,40.4,1,674.191551,349.148195,581.980276,353.688177,628.085914,351.418186,2.743962,1.856372,-1.811898,1.755927,0.466032,1.806149
1213,40.433333,1,674.358883,349.111755,581.977558,353.840522,628.168221,351.476138,2.74757,1.872349,-1.810387,1.786515,0.468592,1.829432
1214,40.466667,1,674.540043,349.403445,582.222929,353.934769,628.381486,351.669107,2.738358,1.79945,-1.819937,1.789927,0.459211,1.794688
1215,40.5,1,674.770546,349.708064,582.57473,354.028437,628.672638,351.86825,2.72201,1.677808,-1.813584,1.797408,0.454213,1.737608
1216,40.533333,1,674.888554,350.05681,582.98255,354.080923,628.935552,352.068866,2.694733,1.596343,-1.806195,1.830198,0.444269,1.71327
1217,40.566667,1,675.127678,349.757861,583.102083,353.978494,629.114881,351.868178,2.738125,1.680361,-1.818487,1.934816,0.459819,1.807588
1218,40.6,1,674.699726,349.634743,582.636938,354.142592,628.668332,351.888667,2.70431,1.582044,-1.813103,1.923143,0.445604,1.752594
1219,40.633333,1,674.280281,349.822712,582.128534,353.968109,628.204408,351.89541,2.704117,1.65072,-1.799984,1.802024,0.452066,1.726372
1220,40.666667,1,673.544922,349.784222,581.540012,354.108008,627.542467,351.946115,2.695434,1.606341,-1.7937,1.894254,0.450867,1.750297
1221,40.7,1,673.366642,349.807659,581.35355,354.114997,627.360096,351.961328,2.717771,1.601555,-1.793449,1.806797,0.462161,1.704176
1222,40.733333,1,673.34507,349.711856,581.272316,354.285216,627.308693,351.998536,2.690962,1.652645,-1.805876,1.915019,0.442543,1.783832
1223,40.766667,1,673.422699,350.133757,581.870985,354.339117,627.646842,352.236437,2.695553,1.620554,-1.793024,1.801026,0.451265,1.71079
1224,40.8,1,674.253025,350.587844,582.400589,354.325846,628.326807,352.456845,2.695185,1.61038,-1.796372,1.788343,0.449407,1.699362
1225,40.833333,1,674.707813,350.633013,582.947922,353.986595,628.827868,352.309804,2.683276,1.609397,-1.817821,1.792891,0.432728,1.701144
1226,40.866667,1,674.963913,350.755579,583.105583,353.546498,629.034748,352.151038,2.686227,1.73455,-1.821445,1.694204,0.432391,1.714377
1227,40.9,1,674.757423,350.523922,583.017368,353.573095,628.887396,352.048508,2.675203,1.692712,-1.807942,1.73997,0.433631,1.716341
1228,40.933333,1,674.972191,350.249478,583.011084,353.747626,628.991637,351.998552,2.661552,1.646324,-1.834368,1.69967,0.413592,1.672997
1229,40.966667,1,675.272884,349.221162,584.08062,353.161831,629.676752,351.191497,2.674738,1.865683,-1.83341,1.63327,0.420664,1.749477
1230,41.0,1,675.791435,347.045462,585.891266,353.100436,630.841351,350.072949,2.680833,1.793753,-1.819896,1.745813,0.430468,1.769783
1231,41.033333,1,677.550507,345.745068,588.475838,352.082763,633.013172,348.913915,2.745486,2.449401,-1.865333,1.970042,0.440077,2.209721
1232,41.066667,1,681.041889,345.6057,593.426161,355.496383,637.234025,350.551042,2.734187,5.967514,-1.834646,3.792488,0.44977,4.880001
1233,41.1,1,680.719337,348.830965,596.103191,358.210205,638.411264,353.520585,2.634688,-18.27749,-1.763937,7.222859,0.435376,-5.527316
1234,41.133333,1,684.143066,348.661541,595.770788,356.982332,639.956927,352.821937,2.662849,2.380545,-1.799802,3.229417,0.431523,2.804981
1235,41.166667,1,686.586304,347.632125,597.124834,354.296658,641.855569,350.964392,2.757404,8.773389,-1.914784,2.366903,0.42131,5.570146
1236,41.2,1,688.125629,346.8147,598.355522,351.483901,643.240576,349.1493,2.777342,3.049387,-1.950061,2.030896,0.41364,2.540141
1237,41.233333,1,689.270515,346.452323,599.622679,350.88448,644.446597,348.668402,2.783307,2.700136,-1.916027,1.717659,0.43364,2.208898
1238,41.266667,1,691.12318,346.406844,600.730886,349.817734,645.927033,348.112289,2.750577,2.688251,-1.971609,1.799329,0.389484,2.24379
1239,41.3,1,692.893829,346.168288,602.136765,349.426791,647.515297,347.79754,2.735625,2.298912,-2.023902,1.789282,0.355862,2.044097
1240,41.333333,1,694.452324,346.46854,603.236828,348.618641,648.844576,347.543591,2.752028,2.444289,-2.024339,1.801823,0.363844,2.123056
1241,41.366667,1,695.605278,346.571692,604.338427,348.023797,649.971852,347.297745,2.75372,2.472685,-2.026615,1.73383,0.363553,2.103257
1242,41.4,1,696.589985,346.05865,605.48255,347.107281,651.036267,346.582966,2.736077,2.358739,-2.033258,1.642338,0.351409,2.000539
1243,41.433333,1,698.582897,343.806619,608.029318,345.946137,653.306108,344.876378,2.753708,2.111759,-2.036561,2.536497,0.358573,2.324128
1244,41.466667,1,700.654697,342.163669,610.81871,344.411741,655.736704,343.287705,2.80962,1.972951,-1.911694,2.282546,0.448963,2.127749
1245,41.5,1,701.933479,342.297501,612.131367,343.71882,657.032423,343.00816,2.731086,1.915146,-1.931688,2.294686,0.399699,2.104916
1246,41.533333,1,703.200665,342.122632,614.07445,343.11837,658.637557,342.620501,2.686456,1.684511,-1.945872,2.328187,0.370292,2.006349
1247,41.566667,1,704.571514,342.253432,615.444479,342.66109,660.007997,342.457261,2.680724,1.678889,-1.941193,2.4342,0.369765,2.056544
1248,41.6,1,706.083088,342.511321,616.995554,342.001337,661.539321,342.256329,2.681881,1.680206,-1.950716,2.871734,0.365583,2.27597
1249,41.633333,1,707.547607,342.903364,618.578768,341.736882,663.063188,342.320123,2.678803,1.774229,-1.960347,3.066476,0.359228,2.420352
1250,41.666667,1,709.206848,343.768183,620.984831,341.628322,665.09584,342.698252,2.679656,1.839515,-1.91012,2.824814,0.384768,2.332164
1251,41.7,1,711.444912,344.840949,623.071575,341.513121,667.258244,343.177035,2.721514,1.735987,-1.908511,2.278304,0.406501,2.007145
1252,41.733333,1,712.801552,345.924711,626.95138,341.116626,669.876466,343.520669,2.676179,1.802154,-1.840191,1.987807,0.417994,1.89498
1253,41.766667,1,717.333908,348.594528,633.176517,341.354683,675.255213,344.974606,2.70993,1.993202,-1.788146,1.286378,0.460892,1.63979
1254,41.8,1,723.067226,349.685705,639.788513,340.588515,681.42787,345.13711,2.725356,1.750111,-1.726456,2.266945,0.49945,2.008528
1255,41.833333,1,730.001106,352.419814,645.16573,341.170195,687.583418,346.795005,2.765874,2.072828,-1.669605,1.401408,0.548135,1.737118
1256,41.866667,1,735.320034,354.928308,652.008648,341.02968,693.664341,347.978994,2.711532,2.153723,-1.72276,0.917893,0.494386,1.535808
1257,41.9,1,741.108208,356.705132,658.50935,341.811501,699.808779,349.258316,2.664564,1.724422,-1.756189,0.829489,0.454188,1.276956
1258,41.933333,1,746.940784,359.080904,664.536343,342.641913,705.738564,350.861408,2.688183,1.595106,-1.774168,0.747338,0.457008,1.171222
1259,41.966667,1,751.796856,361.485724,670.675182,343.565032,711.236019,352.525378,2.638227,1.773046,-1.921201,-0.01487,0.358513,0.879088
1260,42.0,1,757.116337,364.929627,676.445026,345.461655,716.780682,355.195641,2.6496,1.944326,-1.936442,-0.666752,0.356579,0.638787
1261,42.033333,1,760.383282,367.654177,680.116653,346.909801,720.249968,357.281989,2.651228,2.042952,-1.854973,-0.457582,0.398127,0.792685
1262,42.066667,1,763.84016,368.829746,682.352962,347.586699,723.096561,358.208223,2.683122,1.854097,-1.84135,-0.273698,0.420886,0.790199
1263,42.1,1,765.661297,369.869961,684.700375,347.693392,725.180836,358.781676,2.688724,2.032084,-1.797191,-0.539846,0.445767,0.746119
1264,42.133333,1,766.674213,369.89174,686.681995,347.96923,726.678104,358.930485,2.646682,1.988139,-1.8275,-0.181807,0.409591,0.903166
1265,42.166667,1,767.017689,369.95445,687.949371,348.130866,727.48353,359.042658,2.644097,1.937646,-1.892826,-0.31513,0.375636,0.811258
1266,42.2,1,767.498856,370.262539,688.278885,348.259177,727.88887,359.260858,2.636948,2.081093,-1.888133,-0.37987,0.374408,0.850611
1267,42.233333,1,767.551537,370.269599,688.479099,348.244447,728.015318,359.257023,2.644694,2.005326,-1.883595,-0.517189,0.380549,0.744068
1268,42.266667,1,767.600288,370.410265,688.332119,348.429744,727.966204,359.420004,2.635396,2.021259,-1.859569,-0.460929,0.387914,0.780165
1269,42.3,1,767.831726,370.401349,688.449192,348.489311,728.140459,359.44533,2.637931,1.930246,-1.869724,-0.475443,0.384103,0.727401
1270,42.333333,1,769.20042,371.399496,689.049301,348.372345,729.124861,359.88592,2.637006,1.931314,-1.781274,-0.641789,0.427866,0.644762
1271,42.366667,1,770.234337,371.642504,690.209961,348.418833,730.222149,360.030668,2.667747,2.094745,-1.82104,-0.55395,0.423353,0.770397
1272,42.4,1,771.94912,371.954166,691.584148,348.580458,731.766634,360.267312,2.694529,2.084566,-1.815951,-0.304251,0.439289,0.890157
1273,42.433333,1,773.479061,372.182615,692.669106,348.964416,733.074083,360.573515,2.664111,1.77499,-1.840869,-0.340741,0.411621,0.717125
1274,42.466667,1,775.285378,372.697964,694.115658,348.827092,734.700518,360.762528,2.644266,1.762133,-1.847673,-0.092261,0.398297,0.834936
1275,42.5,1,776.786289,373.482821,695.583477,349.024674,736.184883,361.253748,2.619544,1.718898,-1.8769,-0.060642,0.371322,0.829128
1276,42.533333,1,778.224163,374.035034,697.325974,348.934423,737.775068,361.484729,2.659246,1.744308,-1.850383,0.000981,0.404432,0.872645
1277,42.566667,1,779.490051,375.115525,697.94714,349.683307,738.718596,362.399416,2.688275,1.672257,-1.850698,0.087926,0.418789,0.880092
1278,42.6,1,779.863071,374.309446,698.139992,349.123165,739.001532,361.716305,2.661684,1.538432,-1.823671,0.509598,0.419007,1.024015
1279,42.633333,1,779.513893,374.76747,697.676716,349.34934,738.595304,362.058405,2.661063,1.462749,-1.754845,0.413488,0.453109,0.938118
1280,42.666667,1,779.005699,374.059539,697.231426,349.543998,738.118563,361.801769,2.662287,1.251182,-1.760665,0.858857,0.450811,1.055019
1281,42.7,1,779.390926,373.37343,696.470795,349.982373,737.930861,361.677901,2.686287,1.409184,-1.615079,1.198714,0.535604,1.303949
1282,42.733333,1,778.937149,373.437781,695.210991,350.307693,737.07407,361.872737,2.651826,1.379492,-1.606614,1.323722,0.522606,1.351607
1283,42.766667,1,779.159908,373.476706,694.067135,350.738643,736.613522,362.107674,2.689461,1.316137,-1.618776,1.485798,0.535342,1.400968
1284,42.8,1,779.720993,374.138514,693.105164,351.553788,736.413078,362.846151,2.743996,1.461686,-1.567444,1.759814,0.588276,1.61075
1285,42.833333,1,778.756599,375.148194,691.258545,352.407192,735.007572,363.777693,2.656265,1.416817,-1.657116,1.702229,0.499574,1.559523
1286,42.866667,1,776.584721,376.278144,686.288509,353.176069,731.436615,364.727106,2.564848,1.394933,-1.796752,1.651426,0.384048,1.523179
1287,42.9,1,774.64983,377.913347,684.297733,355.21208,729.473782,366.562714,2.530643,1.216278,-1.705256,1.667347,0.412693,1.441812
1288,42.933333,1,772.405396,378.666662,681.363907,356.838963,726.884651,367.752813,2.560418,1.171401,-1.732675,1.694827,0.413871,1.433114
1289,42.966667,1,769.885712,379.427058,677.330208,357.357799,723.60796,368.392428,2.621683,1.378323,-1.640749,1.620275,0.490467,1.499299
1290,43.0,1,764.376316,379.266382,671.420746,357.531568,717.898531,368.398975,2.599739,1.433304,-1.659219,1.598459,0.47026,1.515881
1291,43.033333,1,755.549335,377.195835,660.939846,357.339329,708.244591,367.267582,2.81303,1.413496,-1.693944,2.40175,0.559543,1.907623
1292,43.066667,1,737.356491,375.567209,639.58353,356.678277,688.470011,366.122743,2.947017,2.713248,-1.827465,3.272675,0.559776,2.992961
1293,43.1,1,710.849686,375.6133,615.305443,360.091184,663.077564,367.852242,2.965747,8.18525,-1.790585,25.768493,0.587581,16.976871
1294,43.133333,1,679.510994,376.075069,589.023991,365.00747,634.267492,370.541269,2.967114,20.844136,-1.533066,45.407001,0.717024,33.125569
1295,43.166667,1,639.462109,376.132125,557.304916,370.814924,598.383512,373.473524,2.994177,2.294566,-1.374794,28.793283,0.809692,15.543924
1296,43.2,1,598.755178,377.098814,524.951582,375.987049,561.85338,376.542932,3.420841,4.108005,-1.173786,19.583392,1.123528,11.845699
1297,43.233333,1,559.859428,379.38028,485.078793,385.256302,522.46911,382.318291,4.09788,-0.555244,-1.147505,16.351769,1.475187,7.898262
1298,43.266667,1,518.636723,386.260403,447.267008,397.691656,482.951865,391.97603,6.835816,2.226313,-1.123183,13.121531,2.856316,7.673922
1299,43.3,1,474.206753,395.71754,418.164101,399.415544,446.185427,397.566542,4.16133,1.263181,-1.027979,6.508919,1.566676,3.88605
1300,43.333333,1,438.526917,406.826456,398.753052,410.948399,418.639984,408.887427,5.858167,1.990534,-0.779406,1.995263,2.539381,1.992898
1301,43.366667,0,,,,,,,,,,,,
1302,43.4,0,,,,,,,,,,,,
1303,43.433333,0,,,,,,,,,,,,
1304,43.466667,0,,,,,,,,,,,,
1305,43.5,0,,,,,,,,,,,,
1306,43.533333,0,,,,,,,,,,,,
1307,43.566667,0,,,,,,,,,,,,
1308,43.6,0,,,,,,,,,,,,
1309,43.633333,0,,,,,,,,,,,,
1310,43.666667,0,,,,,,,,,,,,
1311,43.7,0,,,,,,,,,,,,
1312,43.733333,0,,,,,,,,,,,,
1313,43.766667,0,,,,,,,,,,,,
1314,43.8,0,,,,,,,,,,,,
1315,43.833333,0,,,,,,,,,,,,
1316,43.866667,0,,,,,,,,,,,,
1317,43.9,0,,,,,,,,,,,,
1318,43.933333,0,,,,,,,,,,,,
1319,43.966667,0,,,,,,,,,,,,
1320,44.0,0,,,,,,,,,,,,
1321,44.033333,0,,,,,,,,,,,,
1322,44.066667,0,,,,,,,,,,,,
1323,44.1,0,,,,,,,,,,,,
1324,44.133333,0,,,,,,,,,,,,
1325,44.166667,0,,,,,,,,,,,,
1326,44.2,0,,,,,,,,,,,,
1327,44.233333,0,,,,,,,,,,,,
1328,44.266667,0,,,,,,,,,,,,
1329,44.3,0,,,,,,,,,,,,
1330,44.333333,1,52.788086,539.626679,13.764784,580.193535,33.276435,559.910107,3.795883,2.416685,-1.068697,2.543535,1.363593,2.48011
1331,44.366667,1,68.77527,510.683273,20.155382,544.512795,44.465326,527.598034,3.508515,0.768062,-0.981768,1.029828,1.263373,0.898945
1332,44.4,1,96.088612,479.276172,39.063668,532.597693,67.57614,505.936933,5.287917,-1.051851,-1.260653,2.947961,2.013632,0.948055
1333,44.433333,1,127.797241,448.473769,58.841112,503.18887,93.319176,475.83132,5.262378,-0.421256,-1.217404,4.875751,2.022487,2.227247
1334,44.466667,1,162.923396,423.347898,82.382686,476.389718,122.653041,449.868808,4.000973,-0.863021,-1.237032,2.630026,1.38197,0.883502
1335,44.5,1,191.049628,405.456491,102.334654,453.467914,146.692141,429.462202,3.81941,0.494662,-1.318552,2.212806,1.250429,1.353734
1336,44.533333,1,215.175648,393.188034,124.664078,436.628255,169.919863,414.908144,3.729094,0.166458,-1.275356,2.090933,1.226869,1.128696
1337,44.566667,1,238.570542,383.098948,143.636308,427.387122,191.103425,405.243035,3.814353,0.325933,-1.257194,2.357485,1.27858,1.341709
1338,44.6,1,260.617127,374.902632,163.934281,415.49955,212.275704,395.201091,3.920974,0.43137,-1.295701,2.140512,1.312637,1.285941
1339,44.633333,1,283.411164,368.188709,185.336404,404.987994,234.373784,386.588352,3.796332,0.289967,-1.279981,2.294313,1.258176,1.29214
1340,44.666667,1,304.838901,362.970069,206.298289,398.114394,255.568595,380.542232,3.516914,0.455201,-1.206165,2.145749,1.155374,1.300475
1341,44.7,1,323.708372,359.295748,226.114783,393.563533,274.911578,376.429641,3.460955,0.256199,-1.187329,2.011869,1.136813,1.134034
1342,44.733333,1,339.675646,355.436313,243.2267,390.287933,291.451173,372.862123,3.292474,0.260654,-1.20201,1.99273,1.045232,1.126692
1343,44.766667,1,355.037699,351.651388,258.516903,386.892149,306.777301,369.271769,3.322783,0.247386,-1.184698,1.931958,1.069042,1.089672
1344,44.8,1,368.657646,348.696812,274.391241,383.678166,321.524444,366.187489,3.340186,0.623069,-1.138279,1.933543,1.100953,1.278306
1345,44.833333,1,380.059881,347.011108,286.704798,383.267047,333.382339,365.139078,3.445926,0.416574,-1.09732,1.901059,1.174303,1.158816
1346,44.866667,1,388.263445,346.655833,296.325712,382.111251,342.294579,364.383542,3.437011,0.402036,-1.113543,1.775884,1.161734,1.08896
1347,44.9,1,390.350456,347.130187,300.72329,381.952068,345.536873,364.541127,3.522132,0.569723,-1.042642,1.607068,1.239745,1.088396
1348,44.933333,1,385.168839,351.227524,299.459143,384.197216,342.313991,367.71237,3.735777,0.709894,-1.013905,1.526234,1.360936,1.118064
1349,44.966667,1,367.83102,358.795677,274.414458,396.531901,321.122739,377.663789,5.313295,0.072023,-1.145764,2.402705,2.083766,1.237364
1350,45.0,1,338.357754,370.417131,257.278013,402.817487,297.817883,386.617309,6.67833,-0.010519,-1.096101,2.881675,2.791115,1.435578
1351,45.033333,1,285.087948,395.551736,212.48384,438.599818,248.785894,417.075777,4.386843,-0.731906,-1.243895,7.843002,1.571474,3.555548
1352,45.066667,1,249.092846,418.371509,176.540346,446.055232,212.816596,432.213371,4.543382,1.490346,-1.295827,3.501042,1.623777,2.495694
1353,45.1,0,,,,,,,,,,,,
1354,45.133333,0,,,,,,,,,,,,
1355,45.166667,0,,,,,,,,,,,,
1356,45.2,0,,,,,,,,,,,,
1357,45.233333,0,,,,,,,,,,,,
1358,45.266667,0,,,,,,,,,,,,
1359,45.3,0,,,,,,,,,,,,
1360,45.333333,0,,,,,,,,,,,,
1361,45.366667,0,,,,,,,,,,,,
1362,45.4,0,,,,,,,,,,,,
1363,45.433333,0,,,,,,,,,,,,
1364,45.466667,0,,,,,,,,,,,,
1365,45.5,0,,,,,,,,,,,,
1366,45.533333,0,,,,,,,,,,,,
1367,45.566667,0,,,,,,,,,,,,
1368,45.6,0,,,,,,,,,,,,
1369,45.633333,0,,,,,,,,,,,,
1370,45.666667,0,,,,,,,,,,,,
1371,45.7,0,,,,,,,,,,,,
1372,45.733333,0,,,,,,,,,,,,
1373,45.766667,0,,,,,,,,,,,,
1374,45.8,0,,,,,,,,,,,,
1375,45.833333,0,,,,,,,,,,,,
1376,45.866667,0,,,,,,,,,,,,
1377,45.9,0,,,,,,,,,,,,
1378,45.933333,0,,,,,,,,,,,,
1379,45.966667,0,,,,,,,,,,,,
1380,46.0,0,,,,,,,,,,,,
1381,46.033333,0,,,,,,,,,,,,
1382,46.066667,0,,,,,,,,,,,,
1383,46.1,0,,,,,,,,,,,,
1384,46.133333,0,,,,,,,,,,,,
1385,46.166667,0,,,,,,,,,,,,
1386,46.2,0,,,,,,,,,,,,
1387,46.233333,0,,,,,,,,,,,,
1388,46.266667,0,,,,,,,,,,,,
1389,46.3,0,,,,,,,,,,,,
1390,46.333333,0,,,,,,,,,,,,
1391,46.366667,0,,,,,,,,,,,,
1392,46.4,0,,,,,,,,,,,,
1393,46.433333,0,,,,,,,,,,,,
1394,46.466667,0,,,,,,,,,,,,
1395,46.5,0,,,,,,,,,,,,
1396,46.533333,0,,,,,,,,,,,,
1397,46.566667,0,,,,,,,,,,,,
1398,46.6,0,,,,,,,,,,,,
1399,46.633333,0,,,,,,,,,,,,
1400,46.666667,1,55.526314,374.932426,-79.23768,409.074104,-11.855683,392.003265,7.107132,3.081848,-1.495473,3.86835,2.80583,3.475099
1401,46.7,1,75.851372,366.491311,-56.733918,388.717071,9.558727,377.604191,5.149683,-0.238597,-1.436046,3.135396,1.856819,1.4484
1402,46.733333,1,98.780754,359.884118,-27.771232,370.18541,35.504761,365.034764,3.858688,2.126137,-1.415193,2.434345,1.221748,2.280241
1403,46.766667,1,120.268459,353.727579,-4.18357,367.162496,58.042445,360.445037,3.353676,1.078028,-1.475323,3.163419,0.939177,2.120723
1404,46.8,1,142.776582,347.479631,23.400588,359.444906,83.088585,353.462268,3.333952,0.485402,-1.511222,2.701923,0.911365,1.593662
1405,46.833333,1,166.772692,341.302112,48.97112,350.909387,107.871906,346.10575,3.62086,0.232079,-1.476253,2.605388,1.072304,1.418733
1406,46.866667,1,192.702966,335.066228,73.04432,341.341106,132.873643,338.203667,3.677174,0.199354,-1.492521,2.895437,1.092326,1.547396
1407,46.9,1,219.62369,329.790242,99.077418,333.555275,159.350554,331.672759,3.635826,0.086646,-1.469232,3.036184,1.083297,1.561415
1408,46.933333,1,248.451667,325.689595,127.369533,326.489017,187.9106,326.089306,3.464755,-0.05218,-1.488498,3.250545,0.988128,1.599183
1409,46.966667,1,277.9357,321.987385,155.612025,319.803445,216.773863,320.895415,3.399166,-0.041402,-1.523159,3.37486,0.938004,1.666729
1410,47.0,1,308.365388,320.028498,185.339284,314.721007,246.852336,317.374753,3.426293,0.031008,-1.497979,3.195518,0.964157,1.613263
1411,47.033333,1,339.514446,318.297824,214.715943,310.17881,277.115195,314.238317,3.377563,0.182991,-1.516955,3.508022,0.930304,1.845506
1412,47.066667,1,372.204618,315.532231,245.19979,305.798805,308.702204,310.665518,3.354709,0.467212,-1.571243,3.710243,0.891733,2.088728
1413,47.1,1,407.624073,312.023166,278.206782,302.545608,342.915428,307.284387,3.298653,0.671868,-1.604267,4.467076,0.847193,2.569472
1414,47.133333,1,446.947289,308.714093,315.306754,299.932857,381.127021,304.323475,3.269385,1.465332,-1.699662,5.044731,0.784861,3.255031
1415,47.166667,1,486.140785,305.200635,354.222088,297.301658,420.181437,301.251147,3.189708,2.259103,-1.773959,4.380825,0.707874,3.319964
1416,47.2,1,523.722019,302.606226,392.935429,294.973925,458.328724,298.790075,3.176935,1.947555,-1.756559,4.240401,0.710188,3.093978
1417,47.233333,1,556.750698,299.875469,428.522186,292.807209,492.636442,296.341339,3.157651,1.769522,-1.772531,3.980375,0.69256,2.874948
1418,47.266667,1,587.666121,298.735374,460.065241,291.223724,523.865681,294.979549,3.103258,1.262665,-1.743875,3.56756,0.679691,2.415113
1419,47.3,1,618.642826,298.482217,489.434872,292.049904,554.038849,295.26606,3.040144,1.36018,-1.794454,3.779221,0.622845,2.5697
1420,47.333333,1,645.679235,299.031302,518.913584,293.759581,582.29641,296.395442,2.860614,1.090681,-1.795681,2.959655,0.532466,2.025168
1421,47.366667,1,672.728786,301.715684,545.329161,296.18984,609.028974,298.952762,2.847152,1.448597,-1.783979,2.103095,0.531587,1.775846
1422,47.4,1,697.446079,304.247829,571.994781,299.592147,634.72043,301.919988,2.847263,1.467775,-1.721629,1.740299,0.562817,1.604037
1423,47.433333,1,720.949116,307.754071,594.482574,304.994137,657.715845,306.374104,2.750361,1.388598,-1.795822,1.530533,0.477269,1.459566
1424,47.466667,1,743.220921,311.969855,616.976871,310.113659,680.098896,311.041757,2.729244,1.575121,-1.792803,1.495124,0.468221,1.535123
1425,47.5,1,762.399178,316.677974,637.598839,315.502158,699.999008,316.090066,2.717272,1.557865,-1.766872,1.439631,0.4752,1.498748
1426,47.533333,1,778.359241,319.617289,654.854679,319.514383,716.60696,319.565836,2.699273,1.597083,-1.767948,1.195175,0.465662,1.396129
1427,47.566667,1,792.681599,321.945307,669.742355,322.463542,731.211977,322.204424,2.71442,1.510744,-1.73345,1.112804,0.490485,1.311774
1428,47.6,1,804.589558,324.384872,682.55785,324.357643,743.573704,324.371257,2.739747,1.532245,-1.748372,1.205047,0.495687,1.368646
1429,47.633333,1,814.114628,325.663873,693.512535,325.942828,753.813581,325.803351,2.748417,1.473629,-1.700528,1.349201,0.523944,1.411415
1430,47.666667,1,821.765919,327.16716,702.051201,327.397798,761.90856,327.282479,2.685463,1.539136,-1.722949,1.077676,0.481257,1.308406
1431,47.7,1,826.334705,328.945813,708.75309,328.377829,767.543898,328.661821,2.698283,1.434505,-1.720811,0.904997,0.488736,1.169751
1432,47.733333,1,828.319454,330.116968,712.611904,329.263237,770.465679,329.690102,2.729393,1.384348,-1.745357,1.034413,0.492018,1.209381
1433,47.766667,1,827.259579,332.768632,713.463097,332.314217,770.361338,332.541424,2.677994,1.492188,-1.728359,0.908921,0.474818,1.200555
1434,47.8,1,823.441219,336.238257,711.160412,335.643638,767.300816,335.940947,2.63697,1.485826,-1.741598,0.697452,0.447686,1.091639
1435,47.833333,1,818.684387,338.993014,708.650398,339.271513,763.667393,339.132264,2.681776,1.356633,-1.738025,1.299309,0.471876,1.327971
1436,47.866667,1,812.764282,342.259349,705.102215,343.698912,758.933249,342.979131,2.687654,1.280952,-1.642336,1.534381,0.522659,1.407666
1437,47.9,1,801.16045,345.961291,694.858093,348.56636,748.009272,347.263826,2.699022,1.406919,-1.706707,1.707722,0.496157,1.557321
1438,47.933333,1,800.963078,346.034784,695.073891,348.532312,748.018484,347.283548,2.694347,1.97849,-1.750762,1.907945,0.471792,1.943217
1439,47.966667,1,785.388241,353.339598,683.731937,356.450719,734.560089,354.895158,2.838309,2.848849,-1.802012,3.439532,0.518148,3.14419
1440,48.0,1,763.704739,362.411504,671.142139,365.645632,717.423439,364.028568,2.75093,15.19229,-1.67514,91.877957,0.537895,53.535123
1441,48.033333,1,741.660538,370.354314,652.661743,372.810069,697.16114,371.582192,2.780136,28.763936,-1.589136,77.178936,0.5955,52.971436
1442,48.066667,1,718.483028,374.940655,635.140533,376.204244,676.811781,375.57245,2.783604,3.721876,-1.510781,61.390729,0.636412,32.556303
1443,48.1,1,697.821808,376.069694,616.635351,377.076745,657.22858,376.573219,2.903574,-0.041186,-1.458787,32.11466,0.722394,16.036737
1444,48.133333,1,676.370411,375.53514,598.524952,376.478848,637.447681,376.006994,2.98111,0.896372,-1.432609,25.123311,0.77425,13.009841
1445,48.166667,1,658.188515,374.378711,582.280626,377.241422,620.234571,375.810066,3.160754,0.594187,-1.398177,18.542248,0.881288,9.568217
1446,48.2,1,641.295652,374.60539,569.510412,378.175389,605.403032,376.390389,3.297687,0.29741,-1.359534,17.395493,0.969076,8.846452
1447,48.233333,1,627.192688,374.653187,556.524124,380.459493,591.858406,377.55634,3.373896,0.991842,-1.340967,19.054763,1.016464,10.023302
1448,48.266667,1,615.051527,377.740334,544.943628,385.46928,579.997578,381.604807,3.289095,-5.454026,-1.298615,16.888157,0.99524,5.717066
1449,48.3,1,604.035931,381.010998,534.632359,390.570767,569.334145,385.790883,3.275536,-3.157138,-1.300699,17.983939,0.987419,7.4134
1450,48.333333,1,593.54496,384.411975,525.691328,394.111122,559.618144,389.261549,3.145455,6.175539,-1.306974,14.985274,0.919241,10.580406
1451,48.366667,1,586.248655,386.794764,517.943802,398.189893,552.096229,392.492328,3.154222,12.542264,-1.293227,11.434667,0.930498,11.988465
1452,48.4,1,580.95787,387.473449,512.02611,400.19213,546.49199,393.832789,3.098757,60.295948,-1.282107,12.288707,0.908325,36.292327
1453,48.433333,1,575.920248,386.025249,504.518518,400.530131,540.219383,393.27769,2.947822,14.831802,-1.346527,16.113539,0.800648,15.472671
1454,48.466667,1,573.667345,382.505214,500.39278,396.724173,537.030063,389.614694,2.838365,5.234422,-1.429196,16.167546,0.704584,10.700984
1455,48.5,1,579.693089,376.510702,498.656502,391.974227,539.174795,384.242465,2.874782,17.588705,-1.503619,21.815432,0.685582,19.702069
1456,48.533333,1,580.159988,369.442502,499.336348,383.409044,539.748168,376.425773,2.829894,38.857985,-1.440475,47.981109,0.694709,43.419547
1457,48.566667,1,584.604578,360.489031,496.88776,374.84917,540.746169,367.669101,2.803123,17.20078,-1.543665,24.782585,0.629729,20.991683
1458,48.6,1,589.869823,352.389919,498.886948,364.010117,544.378386,358.200018,3.047155,3.051685,-1.611573,3.292642,0.717791,3.172164
1459,48.633333,1,588.510361,345.4911,497.437191,358.784906,542.973776,352.138003,2.842176,1.433884,-1.630408,2.340967,0.605884,1.887425
1460,48.666667,1,586.944618,341.628397,495.612402,355.786657,541.27851,348.707527,2.75241,1.22835,-1.596845,1.872504,0.577783,1.550427
1461,48.7,1,585.184765,339.609879,493.845272,354.461399,539.515018,347.035639,2.712603,1.027336,-1.651014,1.819083,0.530794,1.42321
1462,48.733333,1,584.660368,338.096411,493.645964,353.888313,539.153166,345.992362,2.723422,1.30874,-1.637093,1.575765,0.543165,1.442253
1463,48.766667,1,587.236443,337.432918,496.371021,353.710601,541.803732,345.571759,2.70219,1.309804,-1.606929,1.730899,0.547631,1.520352
1464,48.8,1,591.192999,338.063076,500.55769,354.955414,545.875344,346.509245,2.692495,1.254957,-1.671196,1.760127,0.510649,1.507542
1465,48.833333,1,598.378963,338.837339,506.426792,354.126284,552.402878,346.481811,2.6823,1.50012,-1.66398,1.562869,0.50916,1.531494
1466,48.866667,1,605.518847,338.030997,513.808241,351.995001,559.663544,345.012999,2.626161,1.405571,-1.676662,1.791247,0.474749,1.598409
1467,48.9,1,610.81357,337.798439,518.908939,349.744,564.861255,343.771219,2.605742,1.261338,-1.713178,1.53525,0.446282,1.398294
1468,48.933333,1,614.12672,338.118244,521.570492,348.447404,567.848606,343.282824,2.613528,1.266873,-1.703313,1.578253,0.455108,1.422563
1469,48.966667,1,613.901434,337.409009,521.731243,347.227047,567.816339,342.318028,2.62119,1.133566,-1.758062,1.509377,0.431564,1.321471
1470,49.0,1,612.485027,337.097197,520.429497,346.532886,566.457262,341.815041,2.666326,1.09376,-1.774217,1.658373,0.446054,1.376066
1471,49.033333,1,611.192865,337.954929,519.086084,347.129817,565.139475,342.542373,2.658355,1.160123,-1.727698,1.629773,0.465328,1.394948
1472,49.066667,1,608.930502,337.768055,516.344957,347.375459,562.63773,342.571757,2.681532,1.244643,-1.670399,1.801426,0.505566,1.523035
1473,49.1,1,606.391573,337.805573,514.174232,348.310697,560.282903,343.058135,2.705627,1.5595,-1.652553,1.886972,0.526537,1.723236
1474,49.133333,1,604.583006,337.649163,512.629042,349.734998,558.606024,343.692081,2.690752,1.384296,-1.628962,2.066028,0.530895,1.725162
1475,49.166667,1,604.563761,337.728079,513.031797,351.686364,558.797779,344.707222,2.687198,1.31156,-1.633388,2.116972,0.526905,1.714266
1476,49.2,1,605.472832,338.157844,513.792772,352.81845,559.632802,345.488147,2.688091,1.168072,-1.662485,1.865843,0.512803,1.516958
1477,49.233333,1,606.118574,338.019683,514.994164,352.997342,560.556369,345.508513,2.633153,1.181217,-1.723699,1.609072,0.454727,1.395145
1478,49.266667,1,607.310801,337.751918,515.959625,352.697423,561.635213,345.224671,2.634968,1.265656,-1.73957,1.539076,0.447699,1.402366
1479,49.3,1,607.282248,336.941623,516.562424,352.067522,561.922336,344.504573,2.684142,1.29532,-1.779044,1.613616,0.452549,1.454468
1480,49.333333,1,607.214737,337.187946,517.23959,352.348537,562.227163,344.768242,2.81572,2.18356,-1.765234,2.083257,0.525243,2.133408
1481,49.366667,1,605.437431,338.927128,515.325251,356.671931,560.381341,347.79953,2.776457,-44.185075,-1.78968,4.951039,0.493388,-19.617018
1482,49.4,1,602.006464,339.652172,511.606178,357.77706,556.806321,348.714616,2.767839,-72.748472,-1.805567,4.895207,0.481136,-33.926633
1483,49.433333,1,597.842827,338.231776,507.498617,356.598905,552.670722,347.415341,2.814635,10.991654,-1.818438,3.947047,0.498099,7.469351
1484,49.466667,1,593.647766,337.312106,502.712469,355.911418,548.180118,346.611762,2.86142,2.720067,-1.744598,2.740563,0.558411,2.730315
1485,49.5,1,589.229403,336.754802,498.130198,355.91049,543.6798,346.332646,2.812672,1.511477,-1.715937,2.102644,0.548368,1.807061
1486,49.533333,1,584.509373,336.046629,493.915262,356.63114,539.212317,346.338885,2.77739,1.215093,-1.716256,2.111883,0.530567,1.663488
1487,49.566667,1,580.893555,336.044489,490.874643,358.197218,535.884099,347.120853,2.776718,0.914776,-1.648555,2.16965,0.564082,1.542213
1488,49.6,1,577.958498,336.787761,487.634268,359.589354,532.796383,348.188557,2.77016,1.070929,-1.647996,2.046752,0.561082,1.558841
1489,49.633333,1,575.113239,336.776426,485.22213,360.201702,530.167685,348.489064,2.786245,1.158945,-1.647818,2.103443,0.569213,1.631194
1490,49.666667,1,573.46302,337.102717,483.347797,360.591089,528.405409,348.846903,2.808031,1.234722,-1.638392,1.93163,0.584819,1.583176
1491,49.7,1,573.264465,336.298762,483.053017,360.753363,528.158741,348.526062,2.824899,1.157779,-1.615168,1.910132,0.604866,1.533956
1492,49.733333,1,573.946295,336.247017,483.80558,360.470465,528.875937,348.358741,2.809402,1.200508,-1.57301,1.798515,0.618196,1.499511
1493,49.766667,1,575.417814,336.657878,485.321026,360.370118,530.36942,348.513998,2.787661,1.168001,-1.584388,1.83062,0.601636,1.49931
1494,49.8,1,576.950035,336.795169,486.951313,360.352963,531.950674,348.574066,2.777133,1.157253,-1.602345,1.818267,0.587394,1.48776
1495,49.833333,1,578.576031,336.99693,488.430367,360.019097,533.503199,348.508014,2.775535,1.152413,-1.610115,1.88029,0.58271,1.516352
1496,49.866667,1,580.366201,336.776292,489.911346,359.460125,535.138774,348.118208,2.764749,1.195492,-1.580393,1.857562,0.592178,1.526527
1497,49.9,1,582.340975,336.77421,491.641321,358.826791,536.991148,347.800501,2.754764,1.148186,-1.587418,1.875126,0.583673,1.511656
1498,49.933333,1,584.437609,336.871151,493.657637,358.41549,539.047623,347.643321,2.763738,1.127561,-1.609365,1.856187,0.577187,1.491874
1499,49.966667,1,586.866016,337.040049,496.00853,358.041751,541.437273,347.5409,2.743119,1.065766,-1.635614,1.717385,0.553753,1.391575
1500,50.0,1,589.352779,337.370862,498.730764,357.750421,544.041772,347.560641,2.687771,0.928469,-1.693236,1.555992,0.497268,1.24223
1501,50.033333,1,592.798233,338.432105,501.563091,356.932406,547.180662,347.682256,2.686253,1.211044,-1.739986,1.342073,0.473133,1.276559
1502,50.066667,1,597.149086,339.050773,505.316248,355.775821,551.232667,347.413297,2.697741,1.437278,-1.72236,1.270687,0.48769,1.353982
1503,50.1,1,601.946507,338.747393,510.202389,354.188924,556.074448,346.468159,2.729063,1.493916,-1.674356,1.697639,0.527354,1.595778
1504,50.133333,1,606.552305,339.31703,517.513456,352.873178,562.032881,346.095104,2.748042,2.168027,-1.774406,1.772114,0.486818,1.970071
1505,50.166667,1,613.468142,342.153922,523.342352,353.709319,568.405247,347.93162,2.737662,4.350606,-1.820862,1.820665,0.4584,3.085635
1506,50.2,1,620.510025,343.845651,530.260029,351.521355,575.385027,347.683503,2.745121,-0.444368,-1.781414,-1.267221,0.481853,-0.855794
1507,50.233333,1,628.258152,342.594963,535.008202,347.96024,581.633177,345.277601,2.817539,5.402667,-1.913199,0.695806,0.45217,3.049237
1508,50.266667,1,635.435934,342.792669,542.973461,346.141879,589.204698,344.467274,2.789931,2.030025,-1.843735,2.000352,0.473098,2.015189
1509,50.3,1,641.497622,343.277189,549.710827,344.84067,595.604224,344.058929,2.777973,1.513163,-1.862609,2.494715,0.457682,2.003939
1510,50.333333,1,647.483654,344.343753,555.46958,343.754858,601.476617,344.049305,2.777118,1.435574,-1.84832,2.20687,0.464399,1.821222
1511,50.366667,1,652.91275,345.907368,560.775347,342.538095,606.844049,344.222732,2.782508,1.61043,-1.869812,1.680727,0.456348,1.645579
1512,50.4,1,657.908897,346.517474,565.511703,342.084383,611.7103,344.300929,2.747165,1.457412,-1.889264,1.555244,0.428951,1.506328
1513,50.433333,1,662.802238,346.63857,570.262461,341.746736,616.53235,344.192653,2.71426,1.386027,-1.874739,1.531978,0.419761,1.459002
1514,50.466667,1,667.562332,346.85989,575.292482,341.23055,621.427407,344.04522,2.705026,1.298575,-1.834164,1.646775,0.435431,1.472675
1515,50.5,1,672.230473,347.877998,580.079622,340.835928,626.155047,344.356963,2.725029,1.299208,-1.809644,1.817458,0.457693,1.558333
1516,50.533333,1,676.697235,348.572368,585.162506,340.599319,630.929871,344.585844,2.729079,1.218417,-1.774522,1.98306,0.477278,1.600738
1517,50.566667,1,681.608238,349.077337,590.369558,339.496111,635.988898,344.286724,2.702439,1.425163,-1.800178,1.72553,0.451131,1.575346
1518,50.6,1,686.411171,349.551535,595.869532,339.498938,641.140351,344.525236,2.68993,1.476457,-1.909459,1.594657,0.390236,1.535557
1519,50.633333,1,689.554119,350.298665,599.301186,338.590919,644.427652,344.444792,2.655441,1.830242,-1.99077,1.426895,0.332335,1.628568
1520,50.666667,1,692.353764,350.892538,600.81605,338.36402,646.584907,344.628279,2.664599,1.817212,-1.998639,1.92224,0.33298,1.869726
1521,50.7,1,690.876522,352.007618,599.81472,337.816769,645.345621,344.912193,2.683986,1.979851,-2.020901,1.747819,0.331542,1.863835
1522,50.733333,1,688.413754,352.476634,598.032389,338.402531,643.223071,345.439583,2.749277,1.699761,-1.942144,1.974154,0.403567,1.836957
1523,50.766667,1,685.245628,352.199637,594.38014,337.994578,639.812884,345.097108,2.709381,1.735146,-1.935074,1.538255,0.387154,1.6367
1524,50.8,1,682.007942,350.072576,589.983387,337.22347,635.995665,343.648023,2.710399,1.677571,-1.959158,1.49142,0.375621,1.584496
1525,50.833333,1,679.629726,348.592914,587.623587,337.425086,633.626657,343.009,2.712208,1.621163,-1.894007,1.109559,0.4091,1.365361
1526,50.866667,1,678.689442,347.276807,587.068329,337.437564,632.878885,342.357185,2.748196,1.616676,-1.939845,1.197938,0.404175,1.407307
1527,50.9,1,679.756966,347.550977,591.066093,339.444087,635.41153,343.497532,2.783013,-2.168473,-1.858646,0.724992,0.462184,-0.72174
1528,50.933333,1,680.146732,348.963386,593.523579,340.142174,636.835155,344.55278,2.711235,-13.255297,-1.840444,-3.112526,0.435395,-8.183911
1529,50.966667,1,682.306023,348.136643,594.855461,338.708898,638.580742,343.422771,2.721766,-10.427561,-1.873902,-0.439221,0.423932,-5.433391
1530,51.0,1,681.403675,347.845913,591.730433,337.300701,636.567054,342.573307,2.818431,1.921787,-1.963057,0.988794,0.427687,1.455291
1531,51.033333,1,680.213585,349.333735,589.121857,337.845967,634.667721,343.589851,2.842369,2.521602,-1.897882,1.092156,0.472244,1.806879
1532,51.066667,1,677.911549,350.681416,586.166344,339.17858,632.038946,344.929998,2.821476,1.943065,-1.854225,1.396288,0.483626,1.669677
1533,51.1,1,673.987656,350.883826,582.429924,339.830765,628.20879,345.357295,2.842681,1.8711,-1.918659,1.175341,0.462011,1.52322
1534,51.133333,1,668.907509,349.818512,578.789253,339.526532,623.848381,344.672522,2.782504,1.60932,-1.908545,1.267458,0.436979,1.438389
1535,51.166667,1,665.561619,348.521894,574.280844,339.383431,619.921231,343.952663,2.774907,1.365172,-1.871325,1.365915,0.451791,1.365543
1536,51.2,1,662.512512,347.974455,570.572758,339.238136,616.542635,343.606296,2.744947,1.118576,-1.845368,1.447686,0.44979,1.283131
1537,51.233333,1,659.536228,347.952906,568.09967,338.897983,613.817949,343.425445,2.742402,1.060005,-1.841512,1.455845,0.450445,1.257925
1538,51.266667,1,657.58091,347.849776,566.391125,338.966669,611.986017,343.408222,2.7219,1.157046,-1.833437,1.40665,0.444232,1.281848
1539,51.3,1,656.401405,347.936931,565.175419,339.008458,610.788412,343.472695,2.733888,1.086125,-1.808306,1.394114,0.462791,1.240119
1540,51.333333,1,655.403442,347.971972,564.349718,339.247727,609.87658,343.60985,2.72358,1.036851,-1.815911,1.369188,0.453834,1.20302
1541,51.366667,1,654.864445,348.198264,563.536901,339.619449,609.200673,343.908857,2.716683,1.098736,-1.833669,1.354381,0.441507,1.226559
1542,51.4,1,654.278393,348.443697,563.251915,340.076814,608.765154,344.260256,2.740499,1.013816,-1.847179,1.381715,0.44666,1.197766
1543,51.433333,1,654.306507,348.658424,563.097334,340.316931,608.701921,344.487678,2.751533,1.052731,-1.81916,1.337595,0.466187,1.195163
1544,51.466667,1,654.440174,348.770803,563.146315,340.400085,608.793244,344.585444,2.75528,1.053185,-1.816029,1.340899,0.469625,1.197042
1545,51.5,1,654.81699,348.739899,563.263884,340.500083,609.040437,344.619991,2.750145,1.033452,-1.812342,1.342627,0.468902,1.188039
1546,51.533333,1,655.090523,348.840171,563.646421,340.491757,609.368472,344.665964,2.748695,0.989824,-1.815306,1.297834,0.466695,1.143829
1547,51.566667,1,655.724545,348.891331,564.312296,340.738478,610.01842,344.814904,2.747033,0.994496,-1.811669,1.291009,0.467682,1.142753
1548,51.6,1,656.344528,348.778582,565.053139,340.485948,610.698833,344.632265,2.736541,0.961645,-1.805312,1.301322,0.465615,1.131483
1549,51.633333,1,656.962814,348.852965,565.862827,340.342932,611.412821,344.597948,2.743203,1.028918,-1.814271,1.261046,0.464466,1.144982
1550,51.666667,1,657.216129,348.789761,565.819178,340.198029,611.517653,344.493895,2.750092,0.973724,-1.822443,1.233443,0.463824,1.103583
1551,51.7,1,656.995564,348.394688,565.72093,340.155441,611.358247,344.275064,2.746621,0.992473,-1.811167,1.363788,0.467727,1.17813
1552,51.733333,1,656.369877,348.155,565.020733,340.313991,610.695305,344.234496,2.743708,1.106708,-1.794653,1.232542,0.474528,1.169625
1553,51.766667,1,655.420837,348.027408,563.6551,340.355244,609.537969,344.191326,2.754289,1.082166,-1.797076,1.35146,0.478607,1.216813
1554,51.8,1,654.336643,347.792543,562.047911,340.658258,608.192277,344.2254,2.728878,1.02484,-1.779445,1.62134,0.474717,1.32309
1555,51.833333,1,653.100586,347.710794,560.669727,340.614635,606.885157,344.162714,2.773973,1.037993,-1.766664,1.692709,0.503654,1.365351
1556,51.866667,1,651.712227,347.571094,559.308825,340.761019,605.510526,344.166057,2.78156,1.103371,-1.759205,1.622395,0.511178,1.362883
1557,51.9,1,650.66864,347.539605,558.315611,340.965173,604.492126,344.252389,2.778069,0.973856,-1.741111,1.57085,0.518479,1.272353
1558,51.933333,1,649.590673,347.444923,557.544413,341.582333,603.567543,344.513628,2.82801,1.096257,-1.73755,1.577939,0.54523,1.337098
1559,51.966667,1,649.158764,348.232355,559.156046,343.177797,604.157405,345.705076,2.877132,2.31549,-1.692934,1.915467,0.592099,2.115478
1560,52.0,1,646.982841,349.914792,558.018169,346.783479,602.500505,348.349136,2.795766,-14.467627,-1.813048,4.722915,0.491359,-4.872356
1561,52.033333,1,646.761131,348.399022,556.137295,345.023602,601.449213,346.711312,2.879266,-0.242052,-1.816656,2.691215,0.531305,1.224582
1562,52.066667,1,646.522751,346.929622,554.132271,343.093506,600.327511,345.011564,2.902112,2.236172,-1.800416,1.72497,0.550848,1.980571
1563,52.1,1,646.55407,346.865571,554.100962,343.094627,600.327516,344.980099,2.901499,2.20969,-1.798575,1.691055,0.551462,1.950372
1564,52.133333,1,645.778332,346.098347,553.42453,343.058508,599.601431,344.578427,2.842613,1.152406,-1.791337,1.727575,0.525638,1.439991
1565,52.166667,1,645.812521,344.714166,552.895746,343.21973,599.354134,343.966948,2.810682,1.120396,-1.803228,1.925163,0.503727,1.522779
1566,52.2,1,646.303244,343.583175,553.264084,342.174945,599.783664,342.87906,2.789447,1.167055,-1.807021,1.656964,0.491213,1.412009
1567,52.233333,1,647.081966,342.638093,554.46147,341.201609,600.771718,341.919851,2.723405,1.237265,-1.835495,1.279711,0.443955,1.258488
1568,52.266667,1,648.705091,341.544594,555.788317,340.64864,602.246704,341.096617,2.748679,1.191284,-1.816511,1.306382,0.466084,1.248833
1569,52.3,1,650.183029,340.616223,557.447128,339.86374,603.815079,340.239981,2.747652,1.309069,-1.835388,1.23746,0.456132,1.273264
1570,52.333333,1,651.29961,340.333893,559.110165,339.162852,605.204887,339.748372,2.746343,1.189138,-1.841363,1.146054,0.45249,1.167596
1571,52.366667,1,652.209072,340.168803,559.829588,338.72261,606.01933,339.445707,2.744172,1.266719,-1.839964,1.206906,0.452104,1.236812
1572,52.4,1,652.52615,339.911322,560.185137,338.541947,606.355643,339.226635,2.780755,1.300972,-1.824375,1.180615,0.47819,1.240793
1573,52.433333,1,652.199612,339.413311,559.689579,338.485492,605.944595,338.949401,2.766165,1.268858,-1.855587,1.338943,0.455289,1.303901
1574,52.466667,1,652.095795,339.016982,559.603176,338.391454,605.849485,338.704218,2.775302,1.238194,-1.843105,1.493823,0.466099,1.366008
1575,52.5,1,651.987343,338.441584,559.253321,338.196736,605.620332,338.31916,2.81278,1.294437,-1.834955,1.535266,0.488912,1.414851
1576,52.533333,1,652.291641,338.034725,559.070063,338.197385,605.680852,338.116055,2.838833,1.297666,-1.846253,1.676622,0.49629,1.487144
1577,52.566667,1,652.32893,338.028905,559.244919,338.249002,605.786924,338.138953,2.832925,1.310988,-1.857853,1.536019,0.487536,1.423503
1578,52.6,1,652.493553,338.13284,559.708319,338.464141,606.100936,338.298491,2.820353,1.28521,-1.838769,1.4414,0.490792,1.363305
1579,52.633333,1,652.38306,338.126993,559.271135,338.342133,605.827098,338.234563,2.836416,1.297737,-1.845132,1.655614,0.495642,1.476675
1580,52.666667,1,651.579819,337.545072,559.04892,338.202851,605.314369,337.873962,2.813655,1.222025,-1.878148,1.93537,0.467753,1.578698
1581,52.7,1,651.028519,336.997198,558.415194,338.035782,604.721856,337.51649,2.835817,1.150434,-1.882286,2.00225,0.476766,1.576342
1582,52.733333,1,650.510883,336.62693,557.457571,338.072684,603.984227,337.349807,2.844673,1.313451,-1.887045,2.109934,0.478814,1.711693
1583,52.766667,1,649.830532,336.437765,557.076464,337.975915,603.453498,337.20684,2.854387,1.348261,-1.878903,1.945501,0.487742,1.646881
1584,52.8,1,649.540691,336.355829,556.318874,338.068323,602.929783,337.212076,2.884148,1.272479,-1.848092,1.991438,0.518028,1.631958
1585,52.833333,1,649.404469,335.873707,556.098289,338.027328,602.751379,336.950517,2.89833,1.356336,-1.83887,2.094295,0.52973,1.725316
1586,52.866667,1,649.030838,335.660064,555.888004,337.954109,602.459421,336.807086,2.90074,1.309141,-1.84303,2.147499,0.528855,1.72832
1587,52.9,1,648.592625,335.600781,555.806026,338.187515,602.199326,336.894148,2.863258,1.260144,-1.874796,1.968852,0.494231,1.614498
1588,52.933333,1,648.38028,335.463581,555.829296,338.164823,602.104788,336.814202,2.869132,1.18628,-1.855471,2.143287,0.50683,1.664784
1589,52.966667,1,649.090366,334.924892,556.00565,338.279021,602.548008,336.601956,2.887357,1.100114,-1.86193,2.678119,0.512714,1.889116
1590,53.0,1,649.536762,335.386999,558.823252,337.233174,604.180007,336.310086,2.972367,1.361916,-1.791627,2.444306,0.59037,1.903111
1591,53.033333,1,649.094391,334.87371,558.372555,337.160352,603.733473,336.017031,2.968675,1.239092,-1.814187,2.57218,0.577244,1.905636
1592,53.066667,1,648.504448,334.482692,557.185535,336.499863,602.844992,335.491278,2.919362,1.210445,-1.824678,2.51755,0.547342,1.863997
1593,53.1,1,648.254395,334.086004,556.184702,336.304722,602.219548,335.195363,2.894303,1.205855,-1.851455,2.656598,0.521424,1.931226
1594,53.133333,1,647.604666,333.936465,555.977983,335.928,601.791325,334.932233,2.904753,1.243573,-1.834759,2.567451,0.534997,1.905512
1595,53.166667,1,647.257633,333.823888,555.877533,335.225251,601.567583,334.524569,2.915125,1.361485,-1.829736,2.49734,0.542695,1.929412
1596,53.2,1,646.702862,333.806877,555.021553,334.948184,600.862207,334.377531,2.926272,1.152278,-1.831761,2.374974,0.547255,1.763626
1597,53.233333,1,646.282959,333.515756,554.167595,334.685858,600.225277,334.100807,2.908696,1.411916,-1.841952,2.403,0.533372,1.907458
1598,53.266667,1,645.775261,333.486246,554.014807,334.767162,599.895034,334.126704,2.928992,1.35044,-1.850426,2.229644,0.539283,1.790042
1599,53.3,1,645.930347,333.484867,554.195728,334.897394,600.063038,334.19113,2.923397,1.459637,-1.845638,2.161924,0.538879,1.81078
1600,53.333333,1,645.983849,333.475753,555.792446,334.562273,600.888147,334.019013,2.921219,1.43444,-1.84826,2.113231,0.53648,1.773835
1601,53.366667,1,646.604986,333.269695,557.100439,333.965487,601.852713,333.617591,2.908149,1.428628,-1.825813,1.828791,0.541168,1.628709
1602,53.4,1,647.670078,332.966428,558.264856,333.308898,602.967467,333.137663,2.879983,1.611434,-1.811442,1.917969,0.53427,1.764701
1603,53.433333,1,648.575516,332.557826,559.490309,332.897088,604.032912,332.727457,2.845671,1.260235,-1.807979,2.105835,0.518846,1.683035
1604,53.466667,1,650.474186,332.534432,560.715132,332.706603,605.594659,332.620517,2.863629,1.173015,-1.833458,1.988711,0.515085,1.580863
1605,53.5,1,652.335453,332.764136,561.896324,332.166776,607.115889,332.465456,2.901247,1.338303,-1.896647,1.857043,0.5023,1.597673
1606,53.533333,1,653.47456,332.792412,562.962666,331.988511,608.218613,332.390462,2.909563,1.230645,-1.929357,1.80109,0.490103,1.515868
1607,53.566667,1,654.602833,332.561249,564.134254,331.181933,609.368544,331.871591,2.90623,1.324116,-1.947006,1.622104,0.479612,1.47311
1608,53.6,1,655.822659,332.629854,565.523348,330.718163,610.673003,331.674009,2.919911,1.512761,-1.943256,1.653048,0.488327,1.582905
1609,53.633333,1,656.858902,332.627322,566.191368,330.588387,611.525135,331.607855,2.91657,1.620107,-1.940533,1.512645,0.488019,1.566376
1610,53.666667,1,657.85326,332.709022,567.010708,330.354697,612.431984,331.53186,2.906251,1.662188,-1.939915,1.400046,0.483168,1.531117
1611,53.7,1,658.42989,332.612795,567.648811,330.462946,613.039351,331.53787,2.916141,1.479155,-1.936929,1.529947,0.489606,1.504551
1612,53.733333,1,659.093246,333.080728,568.226347,330.404795,613.659797,331.742762,2.922214,1.469429,-1.918294,1.533252,0.50196,1.50134
1613,53.766667,1,659.587746,333.38002,569.154263,330.380575,614.371004,331.880297,2.908935,1.508821,-1.93906,1.323346,0.484938,1.416084
1614,53.8,1,659.991055,333.348461,569.682531,330.227335,614.836793,331.787898,2.913632,1.558313,-1.922751,1.471112,0.49544,1.514713
1615,53.833333,1,660.58279,333.370873,569.187269,330.420958,614.88503,331.895916,2.870888,1.699478,-1.937767,1.460257,0.466561,1.579868
1616,53.866667,1,660.906887,333.559604,569.288378,330.712144,615.097632,332.135874,2.880304,1.626148,-1.93588,1.364598,0.472212,1.495373
1617,53.9,1,660.937176,333.836151,569.324284,330.658554,615.13073,332.247352,2.900913,1.727418,-1.928843,1.373598,0.486035,1.550508
1618,53.933333,1,660.581779,333.88111,569.263172,330.635927,614.922476,332.258518,2.926434,1.636317,-1.912099,1.609389,0.507168,1.622853
1619,53.966667,1,658.952675,334.142078,568.475332,331.473216,613.714004,332.807647,2.874687,1.471499,-1.905599,1.618126,0.484544,1.544813
1620,54.0,1,657.681236,334.392312,567.1492,331.569303,612.415218,332.980808,2.872535,1.559376,-1.881996,1.743306,0.495269,1.651341
1621,54.033333,1,656.347694,334.596992,565.036459,332.267595,610.692077,333.432293,2.847922,1.576311,-1.890767,2.237892,0.478577,1.907101
1622,54.066667,1,654.885788,335.087975,564.671888,332.532806,609.778838,333.810391,2.827495,1.635393,-1.849206,2.046279,0.489144,1.840836
1623,54.1,1,653.671188,335.215042,563.61412,332.642069,608.642654,333.928556,2.88265,2.580345,-1.860423,2.587876,0.511113,2.584111
1624,54.133333,1,652.097588,336.898622,562.600765,337.862973,607.349176,337.380797,2.858094,-13.080816,-1.812989,5.646084,0.522552,-3.717366
1625,54.166667,1,651.262512,338.038255,561.416092,339.150535,606.339302,338.594395,2.828973,-16.569892,-1.844579,4.648895,0.492197,-5.960498
1626,54.2,1,650.034199,336.97735,560.407953,337.224661,605.221076,337.101005,2.847414,-1.702091,-1.82827,4.949915,0.509572,1.623912
1627,54.233333,1,648.31357,335.717474,559.312401,334.829716,603.812985,335.273595,2.839546,3.047673,-1.813469,2.491779,0.513039,2.769726
1628,54.266667,1,647.903318,335.386999,558.025093,334.061542,602.964206,334.72427,2.845094,1.768368,-1.797437,1.998136,0.523828,1.883252
1629,54.3,1,646.648064,334.954707,556.155415,334.452319,601.401739,334.703513,2.843511,1.291127,-1.817483,2.048584,0.513014,1.669856
1630,54.333333,1,646.254301,335.099278,554.330902,334.545268,600.292602,334.822273,2.882881,1.243928,-1.831789,2.064154,0.525546,1.654041
1631,54.366667,1,645.413818,334.696797,553.295908,334.57444,599.354863,334.635618,2.861527,0.947062,-1.832114,2.270049,0.514706,1.608556
1632,54.4,1,644.901257,334.775675,552.561731,335.04064,598.731494,334.908157,2.826574,1.0805,-1.81968,2.004631,0.503447,1.542565
1633,54.433333,1,645.108461,334.534265,552.532549,335.002874,598.820505,334.76857,2.843178,1.073027,-1.818547,2.092917,0.512316,1.582972
1634,54.466667,1,645.392666,334.410573,552.622766,335.002284,599.007716,334.706428,2.847029,1.197548,-1.810289,1.983925,0.51837,1.590736
1635,54.5,1,646.160355,334.451101,553.452368,334.821149,599.806361,334.636125,2.836011,1.379403,-1.785114,2.059225,0.525449,1.719314
1636,54.533333,1,647.015085,334.031072,554.253197,334.568501,600.634141,334.299787,2.828455,1.256561,-1.789168,2.219702,0.519644,1.738131
1637,54.566667,1,647.861586,334.336227,554.686117,334.556909,601.273851,334.446568,2.846463,1.240852,-1.753153,2.015467,0.546655,1.628159
1638,54.6,1,647.71512,334.17324,554.663115,334.606696,601.189117,334.389968,2.839277,1.172607,-1.78265,2.017777,0.528313,1.595192
1639,54.633333,1,647.552099,334.363596,554.770584,334.636463,601.161342,334.50003,2.832105,1.110298,-1.796797,2.081582,0.517654,1.59594
1640,54.666667,1,647.569075,334.233627,554.582539,334.623631,601.075807,334.428629,2.836543,1.090004,-1.80001,1.972941,0.518267,1.531473
1641,54.7,1,647.587481,334.377297,554.743214,334.59793,601.165347,334.487614,2.825392,1.148504,-1.78713,2.052475,0.519131,1.600489
1642,54.733333,1,647.716999,334.186281,554.560528,334.600221,601.138763,334.393251,2.819018,1.111422,-1.794746,2.122617,0.512136,1.61702
1643,54.766667,1,647.461538,334.514261,554.54215,334.693497,601.001844,334.603879,2.803225,1.094546,-1.788532,2.072265,0.507346,1.583406
1644,54.8,1,646.93861,334.212191,553.687496,334.766711,600.313053,334.489451,2.813804,1.055926,-1.823262,2.015496,0.495271,1.535711
1645,54.833333,1,644.969568,334.304502,552.498751,335.201299,598.734159,334.7529,2.793613,1.111387,-1.867178,1.777086,0.463217,1.444236
1646,54.866667,1,644.432898,334.465429,552.079763,335.316001,598.25633,334.890715,2.784349,1.164652,-1.844881,1.721298,0.469734,1.442975
1647,54.9,1,644.264565,334.536009,551.653004,335.383973,597.958784,334.959991,2.790487,1.102563,-1.835445,1.790926,0.477521,1.446744
1648,54.933333,1,643.997774,334.475605,551.373472,335.480565,597.685623,334.978085,2.79778,1.181346,-1.841599,1.735444,0.47809,1.458395
1649,54.966667,1,644.001675,334.361461,551.294947,335.475651,597.648311,334.918556,2.796701,1.192744,-1.835782,1.720525,0.480459,1.456635
1650,55.0,1,643.789682,334.447796,551.258383,335.556198,597.524033,335.001997,2.791673,1.200396,-1.841289,1.736088,0.475192,1.468242
1651,55.033333,1,643.048439,334.54891,551.475506,335.71463,597.261972,335.13177,2.756615,0.874194,-1.876071,1.82101,0.440272,1.347602
1652,55.066667,1,643.419762,337.044277,557.032442,340.25501,600.226102,338.649643,2.883866,-9.652852,-1.717222,5.43029,0.583322,-2.111281
1653,55.1,1,642.053318,339.654699,554.412947,341.911209,598.233132,340.782954,2.78854,-62.370825,-1.704257,22.365949,0.542141,-20.002438
1654,55.133333,1,641.093254,339.126036,553.905802,340.81837,597.499528,339.972203,2.82532,-25.904731,-1.743292,9.973777,0.541014,-7.965477
1655,55.166667,1,641.560612,337.408231,551.49581,339.179149,596.528211,338.29369,2.897315,-0.089357,-1.820549,4.433463,0.538383,2.172053
1656,55.2,1,641.073895,337.127656,549.069643,338.362416,595.071769,337.745036,2.881593,1.305588,-1.856834,2.637426,0.51238,1.971507
1657,55.233333,1,639.670162,336.563796,547.984858,338.117691,593.82751,337.340744,2.829066,1.178318,-1.875288,2.538052,0.476889,1.858185
1658,55.266667,1,638.630505,336.218945,547.170305,337.704127,592.900405,336.961536,2.806132,1.059477,-1.864792,2.457254,0.47067,1.758365
1659,55.3,1,638.346157,335.925114,546.346798,337.704261,592.346478,336.814688,2.794019,1.056844,-1.892109,2.502506,0.450955,1.779675
1660,55.333333,1,638.162975,335.814838,546.185665,337.911665,592.17432,336.863252,2.789728,0.992552,-1.868315,2.41686,0.460707,1.704706
1661,55.366667,1,638.002892,335.740626,545.907421,337.741731,591.955156,336.741179,2.781191,0.951388,-1.870947,2.43952,0.455122,1.695454
1662,55.4,1,638.025961,335.684885,545.900021,337.603946,591.962991,336.644416,2.774119,0.910286,-1.884568,2.411887,0.444775,1.661087
1663,55.433333,1,638.087139,335.819092,545.797358,337.635688,591.942248,336.72739,2.789747,0.912538,-1.871649,2.307466,0.459049,1.610002
1664,55.466667,1,638.298883,335.903538,545.971661,337.669811,592.135272,336.786675,2.793079,0.974314,-1.850446,2.208762,0.471317,1.591538
1665,55.5,1,638.757772,336.048329,546.197309,337.729779,592.477541,336.889054,2.797634,0.934583,-1.846993,2.189702,0.47532,1.562143
1666,55.533333,1,639.153299,336.129139,546.52401,337.536119,592.838655,336.832629,2.796353,0.942012,-1.838741,2.156401,0.478806,1.549207
1667,55.566667,1,639.234877,336.372684,546.480551,337.387594,592.857714,336.880139,2.787591,0.955847,-1.836407,2.04487,0.475592,1.500358
1668,55.6,1,639.264631,336.345915,546.555004,337.335387,592.909818,336.840651,2.794348,0.887338,-1.829398,2.056838,0.482475,1.472088
1669,55.633333,1,639.349499,336.466588,546.523438,337.308978,592.936468,336.887783,2.785703,0.905929,-1.828878,2.020863,0.478413,1.463396
1670,55.666667,1,639.311771,336.563303,546.462183,337.345682,592.886977,336.954492,2.789108,0.866285,-1.821378,1.993783,0.483865,1.430034
1671,55.7,1,638.759298,336.356531,546.179457,337.48439,592.469378,336.92046,2.784382,0.884596,-1.820651,2.063257,0.481865,1.473927
1672,55.733333,1,638.351088,336.448853,545.613127,337.632195,591.982107,337.040524,2.774339,0.909697,-1.819536,1.98708,0.477401,1.448389
1673,55.766667,1,637.737093,336.597152,545.524788,337.611161,591.63094,337.104157,2.760028,0.846116,-1.801108,1.87462,0.47946,1.360368
1674,55.8,1,637.538147,336.842853,545.507841,338.05261,591.522994,337.447732,2.77967,0.884907,-1.772563,1.879308,0.503554,1.382108
1675,55.833333,1,638.7218,339.007766,546.716795,339.590562,592.719297,339.299164,2.807571,1.003107,-1.786457,1.987579,0.510557,1.495343
1676,55.866667,1,639.442921,340.422363,547.126932,341.33579,593.284926,340.879076,2.848243,0.981196,-1.80659,2.435767,0.520827,1.708481
1677,55.9,1,640.392771,340.223123,548.027105,341.316134,594.209938,340.769629,2.844285,0.958836,-1.816383,2.192638,0.513951,1.575737
1678,55.933333,1,640.826559,339.979305,548.672771,340.97809,594.749665,340.478698,2.841568,1.142053,-1.82585,2.122852,0.507859,1.632453
1679,55.966667,1,641.390476,340.102816,548.916826,341.177979,595.153651,340.640397,2.825506,1.121837,-1.838657,1.890258,0.493425,1.506048
1680,56.0,1,641.647129,340.112316,549.138927,341.25668,595.393028,340.684498,2.83745,0.926228,-1.830255,1.95034,0.503597,1.438284
1681,56.033333,1,641.882248,340.175267,549.74947,341.141662,595.815859,340.658465,2.82586,0.970302,-1.82612,1.939947,0.49987,1.455124
1682,56.066667,1,642.11482,340.109532,550.08873,341.120135,596.101775,340.614833,2.814602,0.933044,-1.808058,1.891869,0.503272,1.412457
1683,56.1,1,643.350592,340.798591,550.9583,342.013852,597.154446,341.406222,2.867361,0.743038,-1.788274,2.139902,0.539544,1.44147
1684,56.133333,1,644.390564,340.587325,552.43187,341.924416,598.411217,341.25587,2.809089,0.813862,-1.78311,2.363036,0.51299,1.588449
1685,56.166667,1,645.414772,340.825505,554.690285,342.066987,600.052528,341.446246,2.786451,0.913155,-1.785498,2.067813,0.500476,1.490484
1686,56.2,1,647.096663,341.108499,556.551552,342.130963,601.824107,341.619731,2.807769,0.820391,-1.785683,2.001356,0.511043,1.410874
1687,56.233333,1,648.421631,341.440165,557.602415,342.028577,603.012023,341.734371,2.825362,0.893437,-1.769406,1.833907,0.527978,1.363672
1688,56.266667,1,648.463964,341.614632,556.978931,341.771016,602.721448,341.692824,2.84636,1.202193,-1.799295,1.772797,0.523533,1.487495
1689,56.3,1,649.610004,341.401327,558.496113,342.067684,604.053059,341.734505,2.833783,0.753996,-1.806533,1.796643,0.513625,1.27532
1690,56.333333,1,650.422993,341.32718,559.365091,341.882767,604.894042,341.604973,2.820602,0.643776,-1.811921,1.849225,0.50434,1.246501
1691,56.366667,1,651.04496,341.336685,559.81122,341.543843,605.42809,341.440264,2.829106,0.899476,-1.793161,1.748095,0.517972,1.323785
1692,56.4,1,650.906372,341.240737,559.837532,341.510342,605.371952,341.37554,2.817975,0.809225,-1.807089,1.752626,0.505443,1.280925
1693,56.433333,1,651.010323,341.241108,559.723234,341.530845,605.366778,341.385976,2.819174,0.876752,-1.811455,1.754992,0.503859,1.315872
1694,56.466667,1,650.77776,341.610088,559.352961,341.364763,605.06536,341.487426,2.830425,0.987719,-1.822068,1.834874,0.504178,1.411297
1695,56.5,1,650.901909,340.06174,559.04974,340.357175,604.975824,340.209458,2.849703,0.988194,-1.870504,1.791592,0.4896,1.389893
1696,56.533333,1,650.192719,339.618741,558.879404,339.982513,604.536061,339.800627,2.8197,1.108253,-1.830688,1.708188,0.494506,1.40822
1697,56.566667,1,649.377956,339.318688,558.370638,339.784244,603.874297,339.551466,2.777576,1.230756,-1.840553,1.734567,0.468511,1.482661
1698,56.6,1,649.401264,339.276947,558.29442,339.314767,603.847842,339.295857,2.776021,1.147967,-1.840455,1.598332,0.467783,1.373149
1699,56.633333,1,649.273949,339.452278,558.28496,339.206507,603.779454,339.329393,2.773334,1.320427,-1.844478,1.586894,0.464428,1.453661
1700,56.666667,1,649.164391,339.330597,558.337374,339.07288,603.750882,339.201738,2.767531,1.345759,-1.834853,1.405274,0.466339,1.375516
1701,56.7,1,649.085579,339.300218,558.077297,339.285461,603.581438,339.292839,2.768751,1.347918,-1.854898,1.602939,0.456926,1.475428
1702,56.733333,1,648.997202,339.712726,557.8932,339.488692,603.445201,339.600709,2.764987,1.370906,-1.843143,1.57472,0.460922,1.472813
1703,56.766667,1,648.727884,340.065629,557.168045,339.899102,602.947965,339.982366,2.789633,1.285402,-1.850961,1.455993,0.469336,1.370697
1704,56.8,1,646.67737,340.414821,555.575171,340.412552,601.12627,340.413686,2.790337,1.533477,-1.860819,1.878139,0.464759,1.705808
1705,56.833333,1,644.207001,340.694983,552.152939,340.747908,598.17997,340.721446,2.813178,1.632835,-1.912378,2.051289,0.4504,1.842062
1706,56.866667,1,644.018707,340.441369,551.26153,340.627198,597.640119,340.534284,2.81264,1.925572,-1.902082,1.890976,0.455279,1.908274
1707,56.9,1,643.504534,340.003515,550.573816,340.752795,597.039175,340.378155,2.84009,1.661598,-1.91373,1.929429,0.46318,1.795514
1708,56.933333,1,642.64348,340.179285,549.939394,340.812716,596.291437,340.496001,2.841535,1.634829,-1.927451,1.6987,0.457042,1.666765
1709,56.966667,1,641.997614,340.206971,549.311171,340.906019,595.654392,340.556495,2.842939,1.402154,-1.93269,1.585694,0.455125,1.493924
1710,57.0,1,641.37846,340.284256,548.633833,341.005497,595.006146,340.644877,2.858805,1.568073,-1.958925,1.542254,0.44994,1.555164
1711,57.033333,1,640.479784,340.360823,547.764864,341.083576,594.122324,340.722199,2.858953,1.737111,-1.945333,1.593908,0.45681,1.66551
1712,57.066667,1,639.073315,340.734444,546.599016,341.210525,592.836165,340.972484,2.845033,1.875603,-1.925288,1.715799,0.459873,1.795701
1713,57.1,1,637.974281,340.975537,545.833282,341.156366,591.903782,341.065951,2.839447,1.609459,-1.906187,1.805605,0.46663,1.707532
1714,57.133333,1,637.154007,340.749818,544.472532,341.142638,590.81327,340.946228,2.865542,1.607084,-1.907598,1.727908,0.478972,1.667496
1715,57.166667,1,636.168337,340.638705,543.656092,340.912333,589.912214,340.775519,2.82671,1.575244,-1.924979,1.667795,0.450866,1.62152
1716,57.2,1,635.332232,340.526036,542.942076,340.961562,589.137154,340.743799,2.83235,1.490803,-1.930873,1.649818,0.450739,1.570311
1717,57.233333,1,634.758806,340.677377,542.408628,340.977994,588.583717,340.827685,2.824252,1.616431,-1.912549,1.571985,0.455852,1.594208
1718,57.266667,1,633.918056,340.663429,541.990719,341.044995,587.954388,340.854212,2.831834,1.401898,-1.917998,1.611099,0.456918,1.506498
1719,57.3,1,633.320284,340.550117,541.128149,341.06641,587.224216,340.808263,2.830915,1.650446,-1.892759,1.656524,0.469078,1.653485
1720,57.333333,1,633.019514,340.314807,540.941534,341.394476,586.980524,340.854641,2.833227,1.636057,-1.884625,1.838894,0.474301,1.737475
1721,57.366667,1,632.936201,340.249076,540.760899,341.515959,586.84855,340.882518,2.848605,1.583718,-1.888078,1.882101,0.480264,1.732909
1722,57.4,1,632.979898,340.232313,540.715771,341.61512,586.847835,340.923716,2.85141,1.544196,-1.89468,1.860094,0.478365,1.702145
1723,57.433333,1,632.949762,340.249146,540.588598,341.612583,586.76918,340.930865,2.84708,1.593076,-1.916581,1.753772,0.46525,1.673424
1724,57.466667,1,632.886362,340.232618,540.694122,341.534246,586.790242,340.883432,2.843339,1.544911,-1.94133,1.674819,0.451004,1.609865
1725,57.5,1,633.054066,340.21895,540.901184,341.427237,586.977625,340.823093,2.841311,1.534221,-1.933005,1.682033,0.454153,1.608127
1726,57.533333,1,633.348932,340.003123,541.209908,341.25653,587.27942,340.629827,2.831769,1.465394,-1.930047,1.580613,0.450861,1.523003
1727,57.566667,1,633.621578,339.694793,541.605816,340.926227,587.613697,340.31051,2.834748,1.402084,-1.94903,1.572499,0.442859,1.487291
1728,57.6,1,634.823961,339.52179,542.331553,340.666804,588.577757,340.094297,2.831028,1.377132,-1.935256,1.707038,0.447886,1.542085
1729,57.633333,1,635.169764,339.406697,543.20385,340.62737,589.186807,340.017033,2.820388,1.467967,-1.960712,1.545547,0.429838,1.506757
1730,57.666667,1,636.497717,338.855084,544.53249,339.429329,590.515103,339.142207,2.817442,1.524283,-1.935928,1.48579,0.440757,1.505036
1731,57.7,1,638.769102,337.726979,547.391634,338.639172,593.080368,338.183075,2.867855,1.428087,-1.888393,1.828036,0.489731,1.628061
1732,57.733333,1,639.459381,336.900682,547.746744,338.441606,593.603063,337.671144,2.798322,1.228103,-1.881817,1.880919,0.458253,1.554511
1733,57.766667,1,640.611935,335.864035,548.276606,338.035058,594.44427,336.949546,2.772568,1.156596,-1.877055,1.894667,0.447757,1.525631
1734,57.8,1,641.10321,335.652065,549.037199,337.11631,595.070205,336.384188,2.759678,1.239622,-1.88092,1.68804,0.439379,1.463831
1735,57.833333,1,642.043953,334.983391,549.435968,336.808698,595.739961,335.896044,2.78513,1.149136,-1.920894,1.976865,0.432118,1.563
1736,57.866667,1,642.764063,334.74565,550.270939,336.441547,596.517501,335.593598,2.801357,1.042936,-1.884825,2.256952,0.458266,1.649944
1737,57.9,1,643.107233,334.488094,550.386362,336.44424,596.746798,335.466167,2.814686,1.171074,-1.890373,2.277234,0.462157,1.724154
1738,57.933333,1,643.361645,334.489118,550.968466,336.23323,597.165055,335.361174,2.792273,1.159836,-1.890852,2.34081,0.450711,1.750323
1739,57.966667,1,644.0098,334.149953,552.437239,335.610502,598.223519,334.880227,2.823159,1.253889,-1.860539,2.520397,0.48131,1.887143
1740,58.0,1,645.227947,333.828372,553.513908,334.976304,599.370928,334.402338,2.807859,1.302947,-1.886649,2.202869,0.460605,1.752908
1741,58.033333,1,647.001715,333.625533,555.005016,334.479575,601.003366,334.052554,2.820897,1.26239,-1.866285,2.303414,0.477306,1.782902
1742,58.066667,1,648.816719,333.803015,557.140942,333.464252,602.97883,333.633633,2.852629,1.149863,-1.879745,2.291647,0.486442,1.720755
1743,58.1,1,651.271152,333.76114,560.051823,333.197265,605.661488,333.479202,2.871754,1.13973,-1.836096,2.337632,0.517829,1.738681
1744,58.133333,1,653.04163,334.242613,561.364365,332.994152,607.202997,333.618382,2.888653,1.176571,-1.842331,2.027095,0.523161,1.601833
1745,58.166667,1,654.341259,334.551035,562.542486,332.877336,608.441873,333.714185,2.876624,1.279538,-1.890134,1.910609,0.493245,1.595073
1746,58.2,1,655.69519,334.692087,563.543329,332.77383,609.61926,333.732958,2.884551,1.332678,-1.899552,1.943919,0.4925,1.638298
1747,58.233333,1,656.51289,334.715781,564.438543,332.534925,610.475717,333.625353,2.881195,1.337287,-1.890884,1.91645,0.495156,1.626869
1748,58.266667,1,657.304688,334.912006,565.22131,332.551823,611.262999,333.731915,2.907016,1.43707,-1.8793,1.827292,0.513858,1.632181
1749,58.3,1,657.338753,335.081012,565.494385,332.405359,611.416569,333.743185,2.904095,1.446476,-1.877946,1.698511,0.513075,1.572494
1750,58.333333,1,655.2668,335.184921,568.025913,335.149232,611.646357,335.167076,2.837713,-0.564936,-1.843894,2.375868,0.496909,0.905466
1751,58.366667,1,656.383266,338.405718,568.735924,338.97455,612.559595,338.690134,2.824079,-37.021956,-1.841752,5.847775,0.491164,-15.58709
1752,58.4,1,655.888138,338.664218,568.019438,338.390676,611.953788,338.527447,2.846269,-19.326125,-1.865922,5.936144,0.490173,-6.69499
1753,58.433333,1,654.621887,336.592823,565.786781,336.204075,610.204334,336.398449,2.853079,-8.406598,-1.860137,3.833866,0.496471,-2.286366
1754,58.466667,1,653.343182,335.139924,567.602854,334.102296,610.473018,334.62111,2.864863,1.406449,-1.823319,2.364682,0.520772,1.885565
1755,58.5,1,653.705235,334.384915,566.606979,333.400909,610.156107,333.892912,2.886874,1.588997,-1.845299,2.111631,0.520787,1.850314
1756,58.533333,1,654.053059,334.321743,565.672626,332.563759,609.862843,333.442751,2.930317,1.457534,-1.848928,1.883941,0.540695,1.670738
1757,58.566667,1,654.623661,334.248562,564.746914,332.637005,609.685287,333.442783,2.931762,1.601898,-1.875515,1.911471,0.528124,1.756685
1758,58.6,1,655.138092,334.184473,564.922075,332.77074,610.030084,333.477606,2.92215,1.462786,-1.901781,1.887443,0.510184,1.675114
1759,58.633333,1,655.93914,334.18788,565.64415,332.336925,610.791645,333.262402,2.927128,1.475313,-1.916326,1.831636,0.505401,1.653474
1760,58.666667,1,656.881657,334.49275,566.101141,332.224658,611.491399,333.358704,2.913353,1.624789,-1.934687,1.832567,0.489333,1.728678
1761,58.7,1,657.88784,334.705696,566.837931,331.941497,612.362885,333.323597,2.908049,1.733386,-1.94026,1.808369,0.483895,1.770878
1762,58.733333,1,658.639526,334.956059,567.419596,332.073317,613.029561,333.514688,2.927186,1.617296,-1.938923,1.785302,0.494132,1.701299
1763,58.766667,1,658.44511,334.985493,567.181988,332.030305,612.813549,333.507899,2.940185,1.808426,-1.966804,1.819795,0.48669,1.81411
1764,58.8,1,658.260078,334.776281,565.736284,331.795569,611.998181,333.285925,2.950569,2.097087,-2.030474,1.837845,0.460047,1.967466
1765,58.833333,1,657.719784,334.658409,565.468578,331.811936,611.594181,333.235172,2.928619,1.952033,-2.026236,1.854483,0.451191,1.903258
1766,58.866667,1,656.745148,334.115658,565.104694,331.918473,610.924921,333.017066,2.928464,1.828735,-2.009987,1.829959,0.459238,1.829347
1767,58.9,1,656.239777,333.938997,564.359388,331.919433,610.299582,332.929215,2.928327,1.715718,-2.013608,2.025689,0.457359,1.870704
1768,58.933333,1,655.732918,333.857185,563.632421,332.105257,609.68267,332.981221,2.907104,1.866577,-2.045023,2.15039,0.431041,2.008484
1769,58.966667,1,655.916252,333.554755,563.112803,332.217958,609.514527,332.886356,2.907435,1.687033,-2.038645,2.161322,0.434395,1.924177
1770,59.0,1,655.864697,334.040975,563.163414,331.958604,609.514055,332.99979,2.919003,1.837602,-2.022929,1.898614,0.448037,1.868108
1771,59.033333,1,655.842285,334.110015,563.026285,331.984472,609.434285,333.047243,2.915411,1.890257,-2.016235,1.8176,0.449588,1.853929
1772,59.066667,1,655.859299,334.305435,563.462324,332.260385,609.660811,333.28291,2.886152,1.826632,-2.003852,1.736548,0.44115,1.78159
1773,59.1,1,656.105652,334.628422,563.556499,332.303263,609.831076,333.465842,2.897423,1.894601,-2.011249,1.646019,0.443087,1.77031
1774,59.133333,1,656.172543,334.826594,563.876438,332.486007,610.02449,333.656301,2.891985,1.812119,-2.002978,1.650561,0.444503,1.73134
1775,59.166667,1,656.479931,334.863726,564.104719,332.607742,610.292325,333.735734,2.888449,1.696834,-1.989907,1.621018,0.449271,1.658926
1776,59.2,1,656.405144,334.71503,564.105129,332.722149,610.255136,333.71859,2.886917,1.640258,-1.991937,1.767647,0.44749,1.703953
1777,59.233333,1,656.380634,334.82697,563.932638,332.785669,610.156636,333.806319,2.88672,1.67645,-1.992113,1.706834,0.447303,1.691642
1778,59.266667,1,656.484776,335.050419,563.879299,332.747061,610.182037,333.89874,2.889117,1.724431,-1.97711,1.610751,0.456004,1.667591
1779,59.3,1,656.341476,334.90809,563.911409,332.779328,610.126443,333.843709,2.890859,1.694637,-1.979873,1.670901,0.455493,1.682769
1780,59.333333,1,656.457996,335.092932,564.119186,332.838798,610.288591,333.965865,2.876422,1.65576,-1.98012,1.622995,0.448151,1.639377
1781,59.366667,1,656.892529,335.190672,564.336662,332.773277,610.614595,333.981974,2.877608,1.688526,-1.995641,1.724331,0.440983,1.706428
1782,59.4,1,657.058353,335.057092,564.29985,332.929478,610.679102,333.993285,2.872772,1.70479,-2.005865,1.705657,0.433454,1.705224
1783,59.433333,1,657.128925,335.009606,564.272442,333.01046,610.700684,334.010033,2.86909,1.734796,-2.00896,1.702323,0.430065,1.71856
1784,59.466667,1,657.312279,335.181354,564.395285,333.261842,610.853782,334.221598,2.883428,1.842461,-1.999701,1.626533,0.441864,1.734497
1785,59.5,1,657.460098,335.262201,564.534874,333.407888,610.997486,334.335044,2.880611,1.844522,-2.021008,1.708768,0.429802,1.776645
1786,59.533333,1,657.890606,335.653192,565.022831,333.672257,611.456718,334.662724,2.892796,1.847654,-1.987008,1.679171,0.452894,1.763413
1787,59.566667,1,658.010101,335.96708,565.583572,333.766247,611.796837,334.866664,2.878108,1.711337,-1.95706,1.520008,0.460524,1.615673
1788,59.6,1,658.373699,336.039822,565.652037,333.86079,612.012868,334.950306,2.896069,1.746475,-1.973422,1.444109,0.461323,1.595292
1789,59.633333,1,658.643208,336.206644,566.112633,333.786246,612.37792,334.996445,2.890518,1.604933,-1.963093,1.383661,0.463713,1.494297
1790,59.666667,1,658.574924,336.181893,565.936518,333.963894,612.255721,335.072893,2.859087,1.586374,-1.987434,1.481119,0.435827,1.533746
1791,59.7,1,658.156776,336.476415,565.639353,334.053399,611.898065,335.264907,2.845993,1.619076,-1.955125,1.434755,0.445434,1.526916
1792,59.733333,1,657.605991,336.307216,565.168104,334.440994,611.387048,335.374105,2.853324,1.654048,-1.959525,1.610992,0.4469,1.63252
1793,59.766667,1,656.434078,335.883406,564.607096,334.424831,610.520587,335.154119,2.815623,1.651328,-1.933456,1.669417,0.441084,1.660372
1794,59.8,1,655.874252,335.689144,564.154558,334.294792,610.014405,334.991968,2.833043,1.557872,-1.94602,1.708474,0.443512,1.633173
1795,59.833333,1,656.497345,335.896023,563.875313,334.284166,610.186329,335.090094,2.848386,1.552113,-1.937434,1.492013,0.455476,1.522063
1796,59.866667,1,656.369038,335.818995,564.012442,334.223489,610.19074,335.021242,2.8498,1.465628,-1.937251,1.501437,0.456275,1.483533
1797,59.9,1,656.347179,335.44288,564.12755,333.989262,610.237365,334.716071,2.843041,1.494629,-1.934247,1.464277,0.454397,1.479453
1798,59.933333,1,656.161079,335.571964,564.060144,333.988817,610.110612,334.78039,2.834185,1.519011,-1.938298,1.452416,0.447944,1.485713
1799,59.966667,1,656.345978,335.693613,564.081182,333.819011,610.21358,334.756312,2.837793,1.566032,-1.935796,1.376844,0.450998,1.471438
1800,60.0,1,656.132946,335.926348,563.890896,334.019126,610.011921,334.972737,2.849477,1.693601,-1.954716,1.382228,0.447381,1.537915
1801,60.033333,1,655.116444,337.98409,563.050337,336.378225,609.08339,337.181158,2.864451,1.959312,-1.97469,0.914344,0.444881,1.436828
1802,60.066667,1,655.170307,339.288003,563.262053,338.036554,609.21618,338.662279,2.872784,2.147982,-2.002836,0.947692,0.434974,1.547837
1803,60.1,1,655.178795,340.02987,563.362389,337.975582,609.270592,339.002726,2.852495,2.315997,-2.008777,1.012996,0.421859,1.664496
1804,60.133333,1,654.728012,340.185294,562.808065,338.438521,608.768039,339.311907,2.837485,2.444775,-1.951882,1.332092,0.442801,1.888434
1805,60.166667,1,653.045444,339.95214,561.321487,339.355606,607.183466,339.653873,2.799837,2.410429,-1.91324,1.492521,0.443298,1.951475
1806,60.2,1,650.521297,339.633746,558.962088,340.234255,604.741693,339.934,2.8201,1.91071,-1.896128,1.213766,0.461986,1.562238
1807,60.233333,1,647.299519,340.357878,555.408745,340.632509,601.354132,340.495193,2.851228,2.228374,-1.943661,1.284157,0.453784,1.756265
1808,60.266667,1,644.556065,340.826374,551.847944,341.109974,598.202004,340.968174,2.830279,2.087199,-1.972398,1.112656,0.42894,1.599927
1809,60.3,1,642.124233,340.663853,549.728479,341.262742,595.926356,340.963298,2.85427,1.788889,-1.935111,1.444147,0.45958,1.616518
1810,60.333333,1,639.702139,340.491516,547.799778,341.507982,593.750958,340.999749,2.839924,1.684719,-1.883105,1.305446,0.47841,1.495083
1811,60.366667,1,637.729931,340.789214,545.761223,342.412267,591.745577,341.600741,2.843454,1.721934,-1.88405,1.33016,0.479702,1.526047
1812,60.4,1,635.307817,340.848035,543.247471,342.921222,589.277644,341.884629,2.84123,1.725477,-1.907877,1.418702,0.466677,1.57209
1813,60.433333,1,635.079632,340.658044,542.520618,343.00739,588.800125,341.832717,2.836793,1.495806,-1.950703,1.375933,0.443045,1.43587
1814,60.466667,1,633.179989,340.878462,541.71896,343.608613,587.449474,342.243538,2.799159,1.36714,-1.895633,1.591155,0.451763,1.479148
1815,60.5,1,632.126713,340.759512,540.399485,344.026458,586.263099,342.392985,2.819238,1.397503,-1.884154,1.686243,0.467542,1.541873
1816,60.533333,1,630.698051,340.570416,539.191256,344.180846,584.944654,342.375631,2.832636,1.265923,-1.853735,1.493588,0.489451,1.379756
1817,60.566667,1,629.379854,340.265513,538.410883,344.260449,583.895369,342.262981,2.831581,1.149969,-1.803131,1.460675,0.514225,1.305322
1818,60.6,1,628.927965,339.801105,538.00519,343.821055,583.466578,341.81108,2.825561,1.087991,-1.809122,1.568754,0.508219,1.328372
1819,60.633333,1,628.526039,339.546831,537.585278,343.613393,583.055658,341.580112,2.826214,1.227466,-1.813081,1.571019,0.506566,1.399243
1820,60.666667,1,628.904505,339.372686,537.675228,343.433384,583.289866,341.403035,2.820787,1.210159,-1.830948,1.588449,0.494919,1.399304
1821,60.7,1,629.129772,339.203846,537.641268,343.416776,583.38552,341.310311,2.855432,1.161355,-1.859512,1.676833,0.49796,1.419094
1822,60.733333,1,629.128695,339.246762,537.703247,343.311644,583.415971,341.279203,2.867207,1.109136,-1.869177,1.629252,0.499015,1.369194
1823,60.766667,1,628.693695,339.573605,537.638159,343.706825,583.165927,341.640215,2.843646,1.102129,-1.855446,1.619133,0.4941,1.360631
1824,60.8,1,628.098669,339.577752,536.767473,343.943342,582.433071,341.760547,2.806407,1.209847,-1.810967,1.727064,0.49772,1.468455
1825,60.833333,1,627.23135,339.435632,536.345139,344.100863,581.788244,341.768247,2.803847,1.294995,-1.768523,1.567361,0.517662,1.431178
1826,60.866667,1,626.826277,339.064313,536.207199,344.15867,581.516738,341.611491,2.813521,1.294661,-1.767758,1.558688,0.522882,1.426675
1827,60.9,1,626.720104,339.058798,536.143265,344.286563,581.431684,341.67268,2.814729,1.32604,-1.774025,1.680085,0.520352,1.503063
1828,60.933333,1,627.090483,339.115714,535.990782,344.455928,581.540632,341.785821,2.825701,1.042591,-1.828354,1.661796,0.498673,1.352194
1829,60.966667,1,627.368727,339.092572,535.972118,344.315203,581.670423,341.703888,2.829862,1.082191,-1.838295,1.642761,0.495783,1.362476
1830,61.0,1,627.588158,339.097878,536.145792,344.351966,581.866975,341.724922,2.827675,1.028879,-1.847358,1.636857,0.490158,1.332868
1831,61.033333,1,627.633085,339.026493,536.168528,344.378418,581.900806,341.702456,2.830728,0.985387,-1.856336,1.714956,0.487196,1.350172
1832,61.066667,1,628.365946,339.009778,536.45915,344.135136,582.412548,341.572457,2.842285,1.09802,-1.89046,1.688913,0.475913,1.393467
1833,61.1,1,628.774042,339.143642,536.94499,343.860698,582.859516,341.50217,2.83905,1.19692,-1.921406,1.493033,0.458822,1.344977
1834,61.133333,1,629.896822,339.240974,537.40715,343.676516,583.651986,341.458745,2.845748,1.474278,-1.957871,1.410789,0.443938,1.442534
1835,61.166667,1,631.44393,339.434763,539.36656,343.646545,585.405245,341.540654,2.799933,1.553521,-1.950063,1.199419,0.424935,1.37647
1836,61.2,1,632.816219,339.943138,541.151552,343.630194,586.983886,341.786666,2.786434,1.731675,-1.935351,1.061384,0.425541,1.39653
1837,61.233333,1,634.358006,339.94853,542.927437,343.928027,588.642721,341.938278,2.770254,1.819479,-1.935985,0.972795,0.417134,1.396137
1838,61.266667,1,635.521641,339.824386,544.617682,343.829606,590.069661,341.826996,2.76243,1.636235,-1.927412,0.957187,0.417509,1.296711
1839,61.3,1,636.655626,339.613034,545.427179,343.628644,591.041403,341.620839,2.760752,1.575694,-1.935272,0.915258,0.41274,1.245476
1840,61.333333,1,637.152748,339.625506,545.567169,343.201556,591.359959,341.413531,2.755367,1.614235,-1.909785,0.918868,0.422791,1.266552
1841,61.366667,1,637.531204,339.810873,546.213303,343.452916,591.872253,341.631895,2.775446,1.734565,-1.912432,1.123877,0.431507,1.429221
1842,61.4,1,637.528801,340.06924,546.240969,343.461295,591.884885,341.765268,2.774364,1.820635,-1.928921,1.074391,0.422721,1.447513
1843,61.433333,1,637.226868,340.162886,545.476246,343.507161,591.351557,341.835024,2.788782,1.824944,-1.958936,0.937558,0.414923,1.381251
1844,61.466667,1,637.169333,340.249028,545.528145,343.920114,591.348739,342.084571,2.803982,1.906129,-1.955077,0.908973,0.424452,1.407551
1845,61.5,1,637.169685,340.502771,545.666447,345.07443,591.418066,342.7886,2.799162,2.001868,-1.942852,0.981665,0.428155,1.491766
1846,61.533333,1,637.431669,340.733666,545.939655,346.068923,591.685662,343.401294,2.782697,1.728798,-1.932641,1.20328,0.425028,1.466039
1847,61.566667,1,637.422657,341.427408,546.845665,346.518037,592.134161,343.972723,2.810618,1.792911,-1.88735,1.243064,0.461634,1.517988
1848,61.6,1,637.518854,342.111189,547.088842,347.125112,592.303848,344.618151,2.816697,1.799854,-1.876664,1.21737,0.470017,1.508612
1849,61.633333,1,637.548666,342.553759,546.586103,347.769706,592.067385,345.161733,2.765534,1.853015,-1.872753,1.103375,0.44639,1.478195
1850,61.666667,1,636.799803,342.792932,545.767288,348.577475,591.283545,345.685203,2.771257,1.857602,-1.919268,1.079828,0.425995,1.468715
1851,61.7,1,636.362991,343.032088,545.003614,349.619154,590.683303,346.325621,2.800993,1.888645,-1.903146,1.124609,0.448924,1.506627
1852,61.733333,1,635.24334,344.050925,543.853598,350.360511,589.548469,347.205718,2.778985,1.941861,-1.921231,1.150769,0.428877,1.546315
1853,61.766667,1,633.946609,344.70164,542.658911,351.625366,588.30276,348.163503,2.78376,1.946336,-1.923853,1.201219,0.429953,1.573778
1854,61.8,1,633.04862,344.662523,541.617126,352.556446,587.332873,348.609484,2.786951,1.90722,-1.933578,1.206904,0.426686,1.557062
1855,61.833333,1,632.612581,344.733156,541.249952,353.120987,586.931267,348.927071,2.799316,1.835914,-1.929792,1.178103,0.434762,1.507009
1856,61.866667,1,632.337723,344.804771,541.618557,353.442181,586.97814,349.123476,2.782052,1.704764,-1.909507,1.245577,0.436273,1.475171
